art,t,bpm,s
MIMI feat. Hatsune Miku,Ai no Sukima,204,952409
MIMI feat. Hatsune Miku,Mizuoto to Curtain,186,968171
Reol,No title,200,320118
MIMI feat. Hatsune Miku,Marshmary,182,962088
Drop,Granat,180.96,497769
Turbo,PADORU / PADORU,190,1073074
HO-KAGO TEA TIME,Kira Kira Days,200,444335
toby fox,Last Goodbye,180,744772
S3RL,Bass Slut (Original Mix),175,983911
Icon For Hire,Make a Move (Speed Up Ver.),202.54,765778
Turbo,PADORU / PADORU,190,1061287
55x55,MY REZHEM KINOLENTY (feat. Cut The Crap),125,816264
Colors*Slash,Colors Power ni Omakasero!,200,1115477
Yuaru,Asu no Yozora Shoukaihan,185,384772
AKINO from bless4 & CHiCO with HoneyWorks,MIIRO vs. Ai no Scenario,195,325158
Nashimoto Ui,AaAaAaAAaAaAAa,192,1017271
Station Earth,Cold Green Eyes ft. Roos Denayer,174,371128
Mrs. GREEN APPLE,Inferno (TV Size),185,999645
ViViD,HIKARI (TV Size),210,1053509
Unknown Artist,Miniministop Hitoyasumi no Uta[Mokuyoubi]Gakusei no Uta,125,705423
Victorious Cast,Take a Hint feat. Victoria Justice & Elizabeth Gillies (Speed Up Ver.),164.08,984684
Primary,Sweets Weekend,180,380545
Vickeblanka,Black Rover (TV Size),204,781509
Will Stetson,Harumachi Clover (Swing Arrangement) [Dictate Edit],170,842412
Komiya Mao,(can you) understand me?,185,765169
Yasuda Rei,Passcode 4854 -TV edit-,140,251391
Meiko,Leave The Lights On (KROT Remix),170,76623
Fujiwara Chika (CV: Kohara Konomi),Chikatto Chika Chika (TV Size),178,921889
Cass2,Gravity Falls Theme Song- 16 Bit Mix,166,664315
KANA-BOON,Silhouette,183,399358
Seth Everman,"how to create the weeknd's ""blinding lights""",171,1207609
kessoku band,Guitar to Kodoku to Aoi Hoshi,193,1880007
Aitsuki Nakuru,Monochrome Butterfly,175,770300
Avenged Sevenfold,Save Me,190,594170
Nogizaka46,Yubi Bouenkyou ~Anime-ban~,180,623924
3 Nen E Gumi Utatan (Nagisa & Kayano & Karuma & Isogai & Maehara),Bye Bye YESTERDAY,180,480765
Chino(CV.Minase Inori),Shinsaku no Shiawase wa Kochira!,175,441155
Sayuri,Sore wa Chiisana Hikari no Youna (TV Size),144,1123162
WEAVER,Kuchizuke Diamond,164,368985
Aiurabu,Kani*Do-Luck! (TV Size),210,894883
ELISA,Dear My Friend -Mada Minu Mirai e- (TV size),129,471261
Kugimiya Rie. Horie Yui. Kitamura Eri,Orange,140,352714
ClariS,Hitorigoto -TV MIX-,165,596704
SPYAIR,Imagination (TV Size),204,1171789
HO-KAGO TEA TIME,Kira Kira Days (Cut Ver.),200,1384619
DJ Genericname,Dear You,174.11,43466
MIMI feat. Hatsune Miku,Mizuoto to Curtain,186,1001653
dj TAKA,quaver,186,873811
Will Stetson,Harumachi Clover (Swing Arrangement),170,859783
Komiya Mao,(can you) understand me?,185,456986
Yamajet feat. Hiura Masako,Sunglow,180,1193588
Loki,Wizard's Tower,175,985788
EDOGA-SULLIVAN,WONDERFUL WONDER (TV Size),160,1280506
DECO*27,Ghost Rule,210,413117
Brad Breeck,Gravity Falls Theme Song,165.8,527431
Avenged Sevenfold,Save Me,190,866472
Aziya,bbydoll (nightcore & cut ver.),217.1,2374386
Tsunamaru,Daidai Genome,135,221954
Will Stetson,Despacito ft. R3 Music Box,89,798007
Colors*Slash,Colors Power ni Omakasero!,200,758344
SPYAIR,I'M A BELIEVER,194,362718
LiSA,ROCK-mode,180,1124391
Shiena Nishizawa,Meaning,190,443589
kakichoco,Zan'ei,180,1759729
dark cat,BUBBLE TEA (feat. juu & cinders),160,769917
RADWIMPS,Zen Zen Zense (movie ver.),190,513590
ALiCE'S EMOTiON,Dark Flight Dreamer,189,185250
Agnete Kjolsrud,Get Jinxed,180,361740
Seiryu,BLUE DRAGON,191,326920
PassCode,Ray,196,1054931
AliA,Kakurenbo,180,1158561
YOASOBI,Kaibutsu (TV Size),170,1328989
Remo Prototype[CV: Hanamori Yumiri],Sendan Life,227,416153
*namirin,Daidai Genome,135,700726
Inori Minase,Yume no Tsubomi,188,503213
Oomori Seiko,JUSTadICE (TV Size),185,950289
Nanahira,Chikatto Chika Chika,178,942642
Griffin Lewis,Princess of the Night,120,109570
beatMARIO,Night of Knights,180,352570
Porcelain Black,Pretty Little Psycho (Nightcore & Cut Ver.),150.6,2295884
Feint,Vagrant (feat. Veela),175,354537
THE ORAL CIGARETTES,Mou Ii kai?,192,807850
FELT,In my room,165,206284
Shiena Nishizawa,Meaning,190,364401
Hanasaka Yui(CV: M.A.O),Harumachi Clover,142,600702
ONE OK ROCK,Bombs away,160,737128
ClariS,Wake Up -TV MIX-,132,450393
S3RL feat Krystal,R4V3 B0Y,175,481451
the peggies,Kimi no Sei (TV Size),174,865746
miwa,chAngE,165,770306
toby fox,Finale,190,667713
Three Days Grace,Unbreakable Heart,140,346339
ONE OK ROCK,One by One,197,1148073
Syaro(CV.Uchida Maaya),Caffeine Fighter,156,451250
Hoshimachi Suisei,Ranbu no Melody (Cut Ver.),192,1483235
A Zhong Bu Dai Xi,Gu Niang De Jiu Wo,137.5,853469
dj TAKA,quaver,182,423527
Suzuki Konomi,Realize (TV Size),206,1190710
Fujijo Seitokai Shikkou-bu,Best FriendS,163,249939
kradness&Reol,Remote Control,165,351630
Konuko,Toumei Elegy,220,219380
FLOWxGRANRODEO,7 -seven- -TV SIZE -,170,282345
Ikimono Gakari,Netsujou no Spectrum,160,232935
Parry Gripp,Guinea Pig Bridge,180,1004468
Erika,I Don't Know (Nightcore & Cut Ver.),185,2479183
Elmo and Cookie Monster,Cookie-Butter-Choco-Cookie,136,542081
Jessie J,Domino (Nightcore & Cut Ver.),152.4,2382142
FELT,In my room,165,399061
DIVELA feat. Hatsune Miku,Beat Syncer,200,1034008
"The Kid LAROI, Justin Bieber",Stay,170,1575739
Tanaka Hirokazu,C-TYPE,149.3,757146
sana,Kokuhaku Rival Sengen,165,301561
FELT,New World,195,407175
yuikonnu,Yume Chizu,176,1068768
KOTOKO,Koi Kou Enishi,144,2166472
Tanizawa Tomofumi,Sawakaze (TV Size),142,818349
SMiLE.dk,Golden Sky,135,50587
"Post Malone, Swae Lee",Sunflower,90,1114768
Bentham,Chicago,210,1187933
OneRepublic,Nobody,140,2165427
DragonForce,Through the Fire and Flames,200,382400
REDALiCE,Pekorap Tropical House Remix,110,1224414
MIMI feat. Hatsune Miku,Ai no Sukima (Rock Cover),204,1092468
Lucky Twice,Lucky (Nightcore & Cut Ver.),150,2478741
Hayley Williams,Airplanes (Feint Drum and Bass Remix),178,1189295
Krewella,Say Goodbye (Nightcore & Cut Ver.),200,1049899
senzawa,padowo padowo,109,1650892
Brian The Sun,Lonely Go! (TV Size),204,863227
Bowling For Soup,Today is Gonna be a Great Day (TV Size),180,1209835
Aoi Eir,IGNITE (TV size ver.),171,190222
Feint,The Journey (feat. Veela),172,770668
ONE OK ROCK,Cry out,168,790512
MISATO,Necro Fantasia,175,230367
S3RL,Bass Slut (Original Mix),175,375648
TheFatRat ft. Laura Brehm,MAYDAY (Nightcore Mix),172.5,754219
Silent Siren,Soukai Rock,200,437797
Elephante feat. Matluck,Come Back For You (Morgan Page Remix),160,1507333
Ni-Sokkususu,Blade Dance,187,372851
Primastella,Koigokoro,140,127712
Set It Off,Horrible Kids,170,1249048
ONE OK ROCK,Start Again,174,1035167
Aqours,Aozora Jumping Heart,200,494768
Syoko Hoshi (CV: Satsumi Matsuda),Zettai Tokken Shuchou Shimasu! Hoshi Syoko Solo Remix,200,546878
DM DOKURO,SAVE (Encore),180,1440767
Sayuri,Sore wa Chiisana Hikari no Youna,144,474376
Pegboard Nerds,Try This,87,301138
Suzuki Masayuki,DADDY ! DADDY ! DO ! feat. Suzuki Airi (TV Size),138,1147361
KISIDA KYODAN & THE AKEBOSI ROCKETS,GATE~Sore wa Akatsuki no you ni~ (TV size),200,346872
Avicii,Addicted To You,128,186458
R3 Music Box,Harumachi Clover,96,861685
DZIDZIO,Yalta,128,485903
Tashiro Tomokazu,Koi no Hime Hime Pettanko (Karaoke),179,938926
chano & 40mP,Natsukoi Hanabi,158,538998
Cranky,Chandelier - King,170,751785
TEARS OF TRAGEDY,Epitaph,191,1885198
Promise Land,Walking All Together (Nightcore Mix),173.75,995098
Roses Epicurean,Yoru no Kodomo tachi,115,325112
Set It Off,I'll Sleep When I'm Dead,170,1192768
Nakagawa Shouko,Sorairo Days,174,393273
HoneyWorks,Akatsuki Zukuyo,180,351280
Middle Kids,R U 4 Me? (Cut Ver.),230,2299895
Jeff Williams feat. Casey Lee Williams,Time to Say Goodbye (TV Size),250,2285243
Vanic,Samurai (Spirix Remix),150,592509
Yiruma & Skullee,River Flows In You (A Love Note),140,68893
CHiCO with HoneyWorks,Minikui Ikimono (TV Size),195,1369259
Porcelain Black,Pretty Little Psycho (Nightcore & Cut Ver.),178,2390209
senya,Kanjou Chemistry (Drum 'n' Bass Remix),174,92509
Station Earth,Cold Green Eyes feat. Roos Denayer,174,1101976
Paul K. Joyce feat. Neil Morrissey,Can We Fix It? (TV Size),134,1061694
Lia,Bravely You (TV Size),150,337527
9mm Parabellum Bullet,Inferno,195,482090
Mika Kobayashi,Through My Blood,192,473415
ELISA,Dear My Friend -Mada Minu Mirai e- (TV size),129,402631
Hechizeros Band x Koji Kondo,El Sonidito x Athletic Theme (DitzyFlama Mashup),187.5,2253247
Rammstein,Feuer frei!,190.2,887102
Alexandra Stan feat. Connect-R,Vanilla Chocolat (Sped Up Ver.),153.6,975620
Rammstein,Los,124,235551
Katy Perry,Last Friday Night (T.G.I.F.) (Nightcore & Cut Ver.),158.76,2494398
40mP feat. yuikonnu,Ame to Asphalt,190,842562
MIMI,Science (feat. Kasane Teto SV),188,2328218
Tritonal & Brooke Williams,Someone To Love You (Koven Remix) (Cut Ver.),172,1437749
Imperial Circus Dead Decadence,Uta,205,552726
Okazaki Taiiku,Kimi no Bouken (TV Size),200,869019
dark cat,BANANA STREET,154,560047
Miley Cyrus,The Best of Both Worlds (Nightcore & Cut Ver.),180,2495916
Hanatan,Torinoko City,135,241769
Nogizaka46,Yubi Bouenkyou (TV Size),180,1178935
Tia,Heart Realize (TV Size),178,1525595
Victorious Cast,Take a Hint feat. Victoria Justice & Elizabeth Gillies (Nightcore & Cut Ver.),164.08,2294177
The Weeknd,Blinding Lights,171,1124502
Hikasa Youko,Utsukushiki Zankoku na Sekai (TV Size),85,984990
TERRA,EDEN,200,905422
Hisui Rika & Hotarubi Kakeru,Natsu no Hi (Short Ver.),138,41384
AK X LYNX ft. Veela,Virtual Paradise,174,477725
Ando Hirokazu,Gourmet Race,186.75,1608572
TIA feat. Le Thien Hieu,Ai Dua Em Ve (Cukak Remix) (Agnes Tachyon Low Cortisol Edit) (Cut Ver.),128,2510616
Ren feat. Hatsune Miku,"Tougetsu, Rinzen ni Kisu.",190,1418780
Yusuke,V (TV Size),200,971957
ONE OK ROCK,American Girls (Juztan Remix),230,2352698
Yuki Kajiura,absolute configuration,155,457805
mimimemeMIMI,Harebare Fanfare,168,497942
Kano,Dear Brave,188,1293358
umu.,Ai no Sukima,204,966339
otetsu,"Minamo no Sakura, Yume wa Sakayume",200,385248
Chino(CV.Minase Inori),Shinsaku no Shiawase wa Kochira!,175,443751
Station Earth,Cold Green Eyes ft. Roos Denayer,174,716719
bradbreeck,Step Off Playa,140,558938
fourfolium,Now Loading!!!!,193,480609
toby fox,MEGALOVANIA,240,387700
Ruth B.,Dandelions (Sped Up & Cut Ver.),97.5,1896273
Kankaku Piero,Haruka Mirai (TV Size),182,750743
RADWIMPS,Yume Tourou,178,597111
Goose house,Hikaru nara -TV size-,160,223180
Tia,The Glory Days,184,391953
Suzuyu,Euphorium,186,779047
Drop,Granat,180.96,720240
Marina and the Diamonds,Bubblegum Bitch (Nightcore & Cut Ver.),190,2282704
Nakanoke no Itsutsugo,Gotoubun no Katachi (TV Size),158,1330999
Intervals,The Self Surrendered,210,517861
Koda Kumi,Guess Who Is Back (TV Size),183,906786
Otokaze,Karen (Short Ver.),184,50177
supercell,Kimi no Shiranai Monogatari,165,289074
Sawamura Spencer Eriri (CV.Oonishi Saori),Blooming Lily,142,432290
KOTOKO,Koi Kou Enishi,144,504995
amazarashi,Kisetsu wa Tsugitsugi Shindeiku -Tokyo Ghoul Root A Edit-,181,439104
ASCA,RESISTER (TV Size),183,909759
"Fear, and Loathing in Las Vegas",Let Me Hear,184,228875
Kano,Cherry Pop (Cut Ver.),192,2464474
Imperial Circus Dead Decadence,Gekiai No Yobigoe Ga Dekiai No Sakebigoe Wo Kurau,210,2219369
Hanon x Kotoha,Fuwari,164,1984719
THE ORAL CIGARETTES,5150,192,818778
Nakamura Meiko,Core of Spark,195,798420
supercell,Kimi no Shiranai Monogatari -TV Edit-,165,773801
Poppin'Party,KIZUNA MUSIC,189,1425749
KISIDA KYODAN & THE AKEBOSI ROCKETS,Shitteru? Madousho wa Donki ni mo Naru no yo,190,922004
BURNOUT SYNDROMES,Good Morning World! (TV Size),191,998427
Ado,New Genesis,175,1830890
Aqua,Barbie Girl (Nightcore Mix),159.34,50134
seleP,ReLief,120,1379697
toby fox,sans.,128,584575
An,artcore JINJA,190,114987
Yuuki Aoi,Mata Ashita,125,172055
Hanatan,Airman ga Taosenai (SOUND HOLIC Ver.),175,134151
nano,"No pain, No game (TV Size)",190,1184314
Marina and the Diamonds,How to Be a Heartbreaker (Nightcore & Cut Ver.),178,2463569
DJ Genericname,Dango Dango Drum and Bass,178,64636
DJ Fresh,Gold Dust,177,935111
Ke$ha,Backstabber (Sped Up & Cut Ver.),176,2288193
Yura Hatsuki,Yuki no Hana,142,437097
Puffy AmiYumi,TEEN TITANS THEME (TV Size),165,1011341
yuikonnu,Ghost Rule,210,440650
Roses Epicurean,Yoru no Kodomo-tachi,115,439731
Nanamori-chu * Goraku-bu,Happy Time wa Owaranai,190,773330
LVTHER,Some Kind Of Magic (Feat. MYZICA),168,751751
ARCIEN,Future Son,150,357466
nao,Anthem Short Version,138,390071
R3 Music Box,Zankoku na Tenshi no These,94,874602
Yu Tokiwa,Shounen Ripples,210,763619
Yorushika,Itte.,180,985066
Survive Said The Prophet,MUKANJYO (TV Size),190,1002317
FLORE,GRIM (NIGHTCORE & CUT VER.),187.4,2513672
Daniel Ingram,Pinkie the Party Planner,124,153891
Ke$ha,Backstabber (Sped Up & Cut Ver.),176,1217044
Poppin'Party,Cherry Bomb,190,971051
96Neko,"Paintings? Oh, yeah.",192,57393
S3RL feat Mixie Moon,FriendZoned,175,409164
u's,Snow halation,173,893614
Ryokuoushoku Shakai,Shout Baby (TV Size),180,1101897
THE ORAL CIGARETTES,ReI,186,785858
yuikonnu & ayaponzu*,Super Nuko World,190,153776
Faylan,Path to glory (Game Ver.),192,2233944
Hanatan,Kokoronashi,168.16,449760
Zensou Sagi no Hito,Ginza vs Ginza,200,638950
Himeringo,Ringo Uri no Utakata Shoujo,225.2,752073
THE ORAL CIGARETTES,GET BACK,192,1012262
Panda Eyes,ILY,110,653534
Izumi Akazawa (CV. Madoka Yonezawa),Responsibility Response,202,495332
MOMOIRO CLOVER Z,SANTA SAN,190,695316
GRANRODEO,Can Do (TV Size),200,493273
55x55,MUZYKA NE MUZYKANTA (feat. Snailkick),125,627629
Gom (HoneyWorks),Zen Zen Zense,190.1,503141
YOASOBI,Idol (TV Size),166,1977083
THE ORAL CIGARETTES,ReI,186,754451
TRUE,Soundscape,186,534054
EVO+,[A]ddiction,164,378803
Foreground Eclipse,From Under Cover (Caught Up In A Love Song),200,462386
Ado,AntiSystem's,190,1662313
SawanoHiroyuki[nZk]:mizuki,&Z (TV size),158,264147
Valeriya,Chasiki (Sped Up & Cut Ver.),144,2008974
Sumizome Nozomi (CV: Uehara Aoi),Kokochi Ii Nichijou,140,1601375
Wakeshima Kanon,Tsukinami,180,896080
Kitamura Eri & Nonaka Ai,and I'm home,125,208112
Little Glee Monster,"Dakara, Hitori ja Nai (TV Size)",180,1129819
Linked Horizon,Shinzou o Sasageyo! [TV Size],160,593620
Feint,We Won't Be Alone (feat. Laura Brehm),175,399328
chano & 40mP,Natsukoi Hanabi (Sped Up Ver.),175.4,1244123
Tia,The Glory Days,184,503486
CHiCO with HoneyWorks,color,180,373114
Aimer with chelly (EGOIST),ninelie (TV size),86,444091
Victorius,Age of Tyranny,200,2219231
Ni-Sokkususu,Blade Dance,187,745312
Megurine Luka,LukaLuka Night Fever,160,11322
Yasuda Rei,Passcode 4854 -TV edit-,140,740068
Fan Ka,OverThink,160,1684961
Reol,Logic Agent,190,578814
UROBOROS,Black Swallowtail (TV Size),204,792964
M2U,Wicked Fate,140,1997821
DJ Genericname,Dear You,174.11,74586
mafumafu,Inochi ni Kirawarete Iru.,200,829296
Illenium,Fractures (ft. Nevve),160,747671
Toyosaki Aki,Diamond,174,111760
Uesaka Sumire,EASY LOVE (TV Size),188,1372562
LilDeuceDeuce,EVERYBODY DO THE FLOP (Cut Ver.),200,1233573
Trident,Blue Field,135,175968
Zachz Winner,blu,155,2314502
Mio Yamazaki,Noise (English ver.),225,702892
Coda,Fighting Gold (TV Size),184,862547
Reol,Heimenkyou,100,867074
LiSA,confidence driver (Cut Ver.),190,1228487
S3RL feat Tamika,I Will Pick You Up,175,235093
FIELD OF VIEW,DAN DAN Kokoro Hikareteku (TV Size),132.99,2011188
TWICE,CHEER UP,173,456547
96neko,Uso no Hibana,188,569503
Otonose Raco,Cherry Pop,192,2474945
supercell,The Bravery (TV Edit),189,308912
Bliitzit,Team Magma & Aqua Leader Battle Theme (Unofficial),200.6,1002271
THE ORAL CIGARETTES,ReI,186,842981
Rhapsody,Power of the Dragonflame,190,2401111
YOASOBI,Shukufuku (TV Size),170,1860627
Matrix & Futurebound,Fire (feat. Max Marshall),174,957835
Lia,Bravely You (TV Size),150,338293
Roselia,Song I am.,190,1241753
Ellie Goulding,By The End Of The Night (Nightcore & Cut Ver.),172.5,2436410
Simple Plan,You Suck At Love (Speed Up Ver.),177.65,819112
nano,Bull's eye,197,356357
yaseta,Bluenation,180,707032
TrySail,Utsuroi (Short Ver.),208,1155295
Cartoon,Why We Lose (ft. Coleman Trapp),175,611956
Yousei Teikoku,Zetsubou plantation (Cut Ver.),230,2250663
Zektbach,L'erisia (Primary Logic),234,2018522
Hanasaka Yui(CV: M.A.O),Harumachi Clover,142,557832
Linked Horizon,Shoukei to Shikabane no Michi (TV Size),178,963651
Spira Spica,Sansan Days (TV Size),180,1669877
Diana Garnet,Spinning World (Anime Ver.),170,420458
Dreamcatcher,Eclipse (TV Size),195,1476373
NICO Touches the Walls,Niwaka Ame ni mo Makezu,186,378559
kessoku band,Distortion!! (TV Size),176,1874060
MOSAIC.WAV,Katamichi Catch Ball (TV Size),170,2409780
Halozy,Genryuu Kaiko,173,251437
Asterisk,Ren-chon no Drum 'n' Bass,175,331190
NateWantsToBattle,"Chug Jug With You, but i can't anymore",118,1464487
Atarayo,"""Boku wa..."" (TV Size)",180,2115769
LiSA,Kimi ni Pierrot,177,775766
Kero Kero Bonito,Flamingo (WTN3 Remix),110,409214
"Bridgit Mendler, Adam Hicks, Naomi Scott and Hayley Kiyoko",Determinate (Nightcore & Cut Ver.),185,2425417
MOMOIRO CLOVER Z,SANTA SAN,190,378183
"Arata Iiyoshi, Hideki Sakamoto, Keisuke Ito",Boss Battle!,212,715709
VINXIS,Sidetracked Day (Short Ver.),188,771159
Demetori,Higan Kikou ~ View of The River Styx,182,2171371
Agressor Bunx,Tornado (Original Mix),172,236292
yanaginagi,Killer Song (Short Ver.),166,43003
Linkin Park,Guilty All The Same (feat. Rakim),200,342472
YOASOBI,Kaibutsu,170,1355471
Mike Greene,Bill Nye the Science Guy Theme Song (Chinese Intro),128,432314
3OH!3,My First Kiss (feat. Ke$ha) (Nightcore & Cut Ver.),178,2487912
*namirin,Daidai Genome,135,2171754
Tomato n' Pine,Nanairo*Namida -TV Edit-,127,305452
Jessica Baio,bad times (sped up & cut ver.),174,2446228
A Si,Re Ai 105C De Ni,137,1631603
Lil Nas X,THATS WHAT I WANT,176,1632817
rusino,Looping the Rooms feat. Hatsune Miku,162,2514004
Inugami Korone & Nekomata Okayu,Hyadain's Jojo Yujo,200,1279298
Kano,Stella-rium,177,356821
DECO*27,Cherry Pop feat. Hatsune Miku,192,2411013
The Cab,Angel With A Shotgun (Sped Up Ver.),142.56,1174505
egor nats,ya zhenyus' na devochke iz anime,159.88,947717
umu.,Ai no Sukima,204,1371996
EDOGA-SULLIVAN,WONDERFUL WONDER (TV Size),160,976908
ClariS,SHIORI -TV size mix-,176,661919
renforshort,hate the way you love me (nightcore & cut ver.),200,2463664
Feint (feat. CoMa),Snake Eyes,174,130223
toby fox,Spider Dance,230,750458
Getter Jaani,Rockefeller Street (Nightcore Mix),162.5,942866
Ayane,GO Love&Peace,128,202661
ONE OK ROCK,Take me to the top,196,790895
lumious2,clarity rmx (hayakou bootleg) (cut ver.),235,2448427
Brad Breeck,Gravity Falls Theme Song (TV Size),165.88,2210696
Fujiwara Chika (CV: Kohara Konomi),Chikatto Chika Chika (TV Size),178,917930
Drop,Granat,180.96,501992
Porter Robinson,Everything Goes On (Star Guardian Version) (Sped Up Ver.),180.55,1811717
GYZE,HONESTY,185,1108263
THE ORAL CIGARETTES,GET BACK,192,853600
Kano,Walk This Way!,260,914242
AKINO from bless4,MIIRO,195,312042
GRANRODEO,TRASH CANDY (TV Size),182,761804
Farhan feat. GUMI,Dandelion,169,1180255
THE ORAL CIGARETTES,Amy,182,785544
amazarashi,Kisetsu wa Tsugitsugi Shindeiku -Tokyo Ghoul Root A Edit-,181,271339
SEMARGL,Credo Revolution (Zardonic Remix),175,876496
Aoshima Moka (CV: Mimori Suzuko),kibo refrain,172,715596
nano,Bull's Eye (TV Size),197,788233
S3RL feat Sara,Techno Kitty,175,345450
Rory Doggett,Home Depot TV Theme Song,120,1542384
TWICE,CHEER UP,173,836819
Drop,Granat,180.96,219763
Ray,km/h (TV Size),185,828757
Sharlo,Yellow,127,519335
Yasuda Rei,Tweedia,126,346499
Starlight Kukugumi,"You are a ghost, I am a ghost ~Gekijou no Ghost~",196,941509
supercell,Kimi no Shiranai Monogatari,165,270407
Misokkasu,Rising Rainbow,195,379296
TEARS OF TRAGEDY,Epitaph,191,2352829
HAG,Colorful,192,931452
Mrs. GREEN APPLE,Inferno (TV Size),185,999126
fhana,Wonder Stella,193,362039
*namirin,Koi no Hime Hime Pettanko,178,485056
supercell,Hero,177,942775
Nanawo Akari,Dadadada Tenshi (Cut Ver.),180,1326344
Baracuda,La Di Da (Nightcore Mix),162.5,17852
"LONOWN, riserayss",starly (slowed down & cut ver.),91.53,2414617
Yoshii Kazuya,Chouzetsu * Dynamic! (TV Size),192,1587507
EGOIST,The Everlasting Guilty Crown -TV Edit-,172,173234
Eve,Kaikai Kitan (TV Size),185,1270438
CHiCO with HoneyWorks,Pride Kakumei,185,335534
Dark PHOENiX,Taketori Hishou,192,22276
Powerwolf,Army Of The Night,172,1044785
ULTRA TOWER,Kibou no Uta (TV Size),177,446418
Nakanoke no Itsutsugo,Gotoubun no Kimochi (TV Size),175,901880
Ushiro kara Haiyori-tai G,Koi wa Chaos no Shimobe Nari (TV Size),158,1520794
765PRO ALLSTARS,M@STERPIECE,128.01,235477
"shami momo (Kohara Konomi, Kito Akari)",Machikado Tangent (TV Size),165,1092390
Infected Mushroom,The Pretender,174,82912
CIEL,Kuuchuu Sanpo,168,2134722
Michael Sembello,Maniac (Nightcore & Cut Ver.),200,2464479
ichigo from KISIDA KYODAN & THE AKEBOSI ROCKETS,STONE OCEAN (TV Size),180,1639480
Muse,Pressure,136,927337
"Chito (CV: Minase Inori), Yuuri (CV: Kubo Yurika)",More One Night (Assertive Hardcore Bootleg) [short ver.],170,714239
Sati Akura,Hitorigoto,165,738011
Imperial Circus Dead Decadence,"Yomi yori Kikoyu, Koukoku no Tou to Honoo no Shoujo.",220,575330
Groove Coverage,Poison (Nightcore Mix),168.75,57984
Minato Aqua,Dadadada Tenshi,180,1079554
Dormir,Sayonara Trip,133,50924
Pastel*Palettes,Shuwarin*Drea~ming,176,785222
Tsuji Ayano,Kaze ni Naru,134.93,170836
Paramore,Still Into You (Nightcore & Cut Ver.),178,2499570
Phoneboy,Nevermind (feat. Justin Magnaye) (Nightcore Mix),216,2287284
Aimer,SPARK-AGAIN (TV Size),180,1206396
Telekinesis,The Monk,174,381529
nameless,Shirayuki,210,493305
MIMI feat. wanko,Minimum,202,1834058
Junichi Masuda,Lavender Town Theme,125.75,53810
ilyeucli,U make my heart beat fast! (feat. Hatsune Miku),154.75,2340453
ASIAN KUNG-FU GENERATION,Blood Circulator,183,736506
Chitose Sara,Merry Merry Go Round,185,469475
C-Show feat. Ishizawa Yukari,Border Line,174,2035357
Shokotan Daisuki Dempagumi,PUNCH LINE!,185,874345
RAISE A SUILEN,HELL! or HELL?,197,1251944
Komiya Mao,(can you) understand me?,185,455482
MIMI,Lapis Lazuli (Cut Ver.),190,1121028
Kenshi Yonezu,Peace Sign (TV edit.),200,594429
Shikata Akiko,Katayoku no Tori,220,536657
Meiko,Leave The Lights On (KROT Remix),170,56633
Primary,fragile garden,175,174231
EGOIST,Namae no Nai Kaibutsu,180,69137
INUMOKUWANEEYO,Listen! (feat. SANHI),175,1385860
Christell,Dubidubidu (Cut Ver.),148,2166403
Okazaki Taiiku,Kimi no Bouken (TV Size),200,874835
Hello Sleepwalkers,Goya no Machiawase (TV Size),189,141329
toby fox,Hopes and Dreams,170.68,373373
Momokurotei Ichimon,Nippon Egao Hyakkei,160,584520
Mariya Nishiuchi,Don't let me down,132,470741
Mimori Suzuko,Egao no Kimi e (TV Size),175,829671
BoA,I Did It For Love,130.6,17331
Co shu Nie,asphyxia (TV edit),165,758101
supercell,Kimi no Shiranai Monogatari -TV Edit-,165,627110
Hoshikawa Sara,Vampire,164,1457867
SID,Uso - 'Hagane no Renkinjutsushi FULLMETAL ALCHEMIST' ED Ver.-,180,641285
RADWIMPS,Katawaredoki,130,608723
Hotaru Murasaki,Re:TrymenT,190,636072
K/DA,"POP/STARS (feat. Madison Beer, (G)I-DLE, Jaira Burns)",85,873639
Sim Gretina,Apples To The Core (Remix),126,143823
ClariS,reunion (TV Size),135,84458
Noboru feat.Mitani Nana,Shiroi Yuki no Princess wa,200,439609
Cady Groves,This Little Girl (Nightcore & Cut Ver.),177,2379887
Foreground Eclipse,To The Terminus,189,2005330
Endoh Masaaki,Vital (TV Size),200,847073
Ni-Sokkususu,Blade Dance,187,680533
Evoluutiomies,Suklaapallit,129.98,24372
S3RL,Pika Girl (Nightcore & Cut Ver.),201.25,2169204
Laurinha Costa,Six Seven,80,2556198
Yousei Teikoku,Hades: The rise,210,662526
osu! virgin gang,Quintuplets On My Line (feat. Kariyu),90,1585183
XXXTENTACION,SAD!,75,757410
Silentroom,Protoflicker,140,1016347
DAVE RODGERS,DEJA VU,154,2231918
Matsumoto Tamaki,Tenshi Teki Kenpou Yonjou,130,43100
renforshort,feeling good (nightcore & cut ver.),187,2506803
"MXZI, Rushex",MONTAGEM BATCHI,130,2572861
Sagara Kokoro,Hoshizora no Ima,185,79116
Jenny Rom,WWW.Blonde Girl (MOMO MIX),170,12900
ONE OK ROCK,Clock Strikes,192,249624
yuikonnu,Heart no Atoaji,186,671293
yuikonnu,caramel heaven,194,297969
Turbo,PADORU / PADORU,190,2279697
Drop,Granat,180.96,155118
Breaking Benjamin,The Diary of Jane,83.5,468418
Illenium,Sleepwalker (ft. Joni Fatora),160,760403
765PRO ALLSTARS,READY!! (TV SIZE),174,2328521
TAK feat. Hatsune Miku,LEMON MELON COOKIE,180,2340739
Kuba Oms,My Love,128,163112
TUYU,Shuuten no Saki ga Aru to Suru naraba.,235,1519316
Pedro Silva,Valour Against All Odds,238,2360937
m1v,you,173.9,1685799
Sandu Ciorba,Pe Cimpoi,140,96374
Kagura Mea,Goshujinsama wa Otawamure (Cut Ver.),165,1356952
you are an angel,overture,200,2513884
kalon.,Juubaku,190,529724
3 Nen E Gumi Utatan (Nagisa & Kayano & Karuma & Isogai & Maehara),QUESTION (TV Size),177,988485
Omoi,Teo,185,721804
Tsubaki,Kyun Kyun Tamaran Inaba tan!,180,35219
The Tender Box,Spectacular Spider-Man Theme (TV Size),145,1241266
DJ Fresh (feat. Ellie Goulding),Flashlight (Radio Edit),175,274035
MOMOIRO CLOVER Z,SANTA SAN,190,1045600
Goose house,Hikaru nara -TV size-,160,223871
Liz Triangle,Who Killed U.N.Owen,127,796544
Ayase Rie,Yuima-ru*World TVver.,180,459149
Fujii Kaze,Shinunoga E-Wa,79,1854887
DJ Fresh,Gold Dust,177,28107
3R2,Adventure Starts Here (Sped Up Ver.),215,2367460
Will Stetson,Super Driver,200,805224
Wakeshima Kanon,killy killy JOKER (TV Size),180,1258913
Afilia Saga,S.M.L* (TV Size),200,2505105
THE ORAL CIGARETTES,Miss Tail (Cut Ver.),180,1255210
Kano,Yuudachi no Ribbon,230,456237
Aitsuki Nakuru,Presenter* (Cut Ver.),240,2474192
Darren Korb,"Setting Sail, Coming Home",120,108461
Oskar Schuster,Fjarlaegur (Cypix Remix),63,303189
Tatsh,HEAVENLY MOON,185,46706
Fujiwara Chika (CV: Kohara Konomi),Chikatto Chika Chika,178,962996
Nanahira,Tobidase! Sweet Sweet Magic*,180,42837
fripSide,Hesitation Snow (Short Ver.),135,42534
Masatoshi Ono,departure! (TV Size),160,116306
Kuribayashi Minami,Zankoku na Yume to Nemure,186,1357251
Reol,No title -10 Years Later Edition- (Cut Ver.),200,2436628
TATSUKI123,Good-bye sengen,170,1777893
Stonebank,All Night,170,410998
fhana,Wonder Stella,193,343020
The Living Tombstone,It's Been So Long,96,366864
Minamotoya feat. Kuroa*,Hana Kagerou,176,371569
Foreground Eclipse,Storytellers,183,311328
Unique,Fekete feher,132,266003
Paramore,Still Into You (Sped Up & Cut Ver.),166,1060207
SawanoHiroyuki[nZk]:Tielle,Into the Sky (TV size),86,444079
The Beaches,Blame Brett (Sped Up Ver.),170,2505860
Nishiura Tomohito,Broken Promise (Orgel Version),108,429986
nameless,3331,200,297558
TYSM,Normal No More (Huan Gei Wo Shen ID Remix),190,2409120
Fitz and the Tantrums,HandClap (Nightcore & Cut Ver.),175,2475962
AKINO from bless4,MIIRO,195,259127
Eve,Dramaturgy,149,1718667
M.Iz,Kakenukeru Anime Song Medley IV,192,297110
HUNTR/X,Golden,123,2398052
toby fox,Song That Might Play When You Fight Sans,240,2252729
GTA feat. Sam Bruno,Red Lips (Mendus Remix),100,512810
Will Stetson,Of Our Time (osu! Edit),204,2422687
Jessie J,Domino (Whippa Hardstyle Remix) (Sped Up & Cut Ver.),180,2225625
SILENT SIREN,Hachigatsu no Yoru,188,2037770
Mili,world.execute(me);,130,1928286
Red Velvet,Russian Roulette,130,510568
Okazaki Taiiku,Kimi no Bouken (TV Size),200,884581
S3RL,Catchit (Radio Edit),175,785731
Sex Whales & Fraxo,Dead To Me (Instrumental),148,764602
Tennoji Rina (CV: Tanaka Chiemi),Tsunagaru Connect (TV Size),175,1295652
Equilibrium,Waldschrein,200,369354
Amatsuki,Outer Science,195,988132
Yoomiii,Rhythm Of Love,130,102071
ClariS,ALIVE (TV Size),180,1803674
Cartoon,On & On (feat. Daniel Levi) (Cut Ver.),87,1400282
The Beaches,Blame Brett (Sped Up & Cut Ver.),170,2363063
UNDEAD CORPORATION,Embraced by the Flame,215,1151004
Mayama Rika,Liar Mask anime size,180,222671
SPYAIR,Imagination,204,186141
Sako Tomohisa,Kirakira,170,449527
Sawai Miku,Colorful. (Asterisk DnB Remix),175,303390
ONE OK ROCK,"Rock, Scissors, Paper",193,82282
TrySail,whiz -TV.Ver-,171,406025
TAKANE NO NADESHIKO,Kawaiitte Iwaretai,190,2175092
Nanamori-chu * Goraku-bu,Happy Time wa Owaranai,190,320717
UNLIMITS,Haruka Kanata (TV Size),202,876133
Toby Fox,THE WORLD REVOLVING,190,874450
GOHOBI,Blouse (TV Size),178,2235815
Frederic,oddloop,172,595899
CHiCO with HoneyWorks,Kessen Spirit,188,1118112
Wowkie Zhang,Yang Guang Cai Hong Xiao Bai Ma,96,1236694
Set It Off,Fake Ass Friends (Cut Ver.),179,2281065
Watarirouka Hashiritai,Kanpeki Gu~no ne (TV Size),182,952498
ArsMagna,Himitsu o Choudai,160,337700
AOA,Miniskirt,120,347645
cillia,FIRST,190,171388
Stonebank,Stronger (feat. EMEL),170,273711
goreshit,benzo (with me eternal),197,935733
Stray Kids,TOP -Japanese ver.- (TV Size),98,1150628
Azusa Tadokoro,Junshin Always,180,401869
ColBreakz & Vizzen,Remember,174,2052201
Krewella,Surrender The Throne,174,767566
LIDA x FRIK PATI,Emo Hardcore,159,1502812
Hanasaka Yui(CV: M.A.O),Harumachi Clover,142,557733
Ci Mei Gui,Wu Xuan Lan,167.91,336173
MIMI feat. wanko,Minimum,202,1846677
Tsukimi Eiko (VO: 96neko),Sakuranbo,169.85,1812791
Oku Hanako,Kimi no Hana (TV size),154,557856
ClariS,Alethea (TV Size),164,1431888
Shihori,Magic Girl !!,156,53519
Orangestar,Asu no Yozora Shoukaihan,185,219728
MOMOIRO CLOVER Z,SARABA ITOSHIKI KANASHIMI TACHIYO,168,215977
Cranky,Crocus,163,847764
MIMI feat. Hatsune Miku,Ai no Sukima,204,1323207
Yuyoyuppe,-ELIS-,190,930062
Blue Stahli,Shotgun Senorita (Zardonic Remix),175,65853
JENNIE,SOLO,95,878487
ASCA,RESISTER (TV Size),183,909776
Tomoya Ohtani,Unstoppable,250,2288607
dark cat,STARS ALIGN,174,606998
Denkishiki Karen Ongaku Shuudan,Shinoburedo,190,1610204
Tia,The Glory Days (TV Size),184,2335787
Machico,Million Smile,178,640013
Escape The Fate,Forget About Me (Cut Ver.),190,2291799
DECO*27,First Storm feat. Hatsune Miku,190,696175
Marika,Knowing,140,53176
Yoshida Yasei,Override,204,2179299
ShortStumpyEngine,Thick of HiT (S8-10 Opening Mashup),93,2506744
Junichi Masuda,Sentou! Champion,185,528048
Dark PHOENiX,Green-Eyed Jealousy,218,170913
Amidst,Phantasy,165,724594
Lifetheory,Daisy,180,118494
UVERworld,Touch off (TV Size),200,908896
YURiKA,Shiny Ray -TV size-,183,685287
RADWIMPS,Hikari,182,547714
Mrs. GREEN APPLE,Inferno (TV Size),185,1009278
Ava Max,So Am I (Nightcore & Cut Ver.),169,2496558
TWICE,Heart Shaker,164,819769
ryo (supercell) feat.chelly,Great Distance,197,329473
Hanasaka Yui(CV: M.A.O),Harumachi Clover,142,591987
Demetori,Pure Furies ~ Vengeance is Mine,180,2375006
Will Stetson,Snow Halation (feat. BeasttrollMC),173,881764
Raujika,Roseo Neige,88,495334
"Hutch Dano, Adam Hicks, Daniel Curtis Lee",Zeke and Luther Theme Song (TV Size),176.96,1837481
renforshort,made for you (nightcore & cut ver.),190,2530233
yuikonnu & CHiCO with HoneyWorks,Ai no Scenario,180,295288
Momohara Natsuki (CV: Murakawa Rie),Natsuzora Yell (TV Size),170,1028594
Kicco,Get the Freedom,175,1159892
Oomori Seiko,JUSTadICE (TV Size),185,983942
Shawn Wasabi,Marble Soda,168,387784
Yasuharu Takanashi,Erza no Thema,146,2343193
Rengoku Teien,Suikyou HEAVEN!,200,1729109
MISATO,Necro Fantasia,175,626406
yanaginagi,Megumi no Ame (TV Size),182,1146827
EDOGA-SULLIVAN,WONDERFUL WONDER (TV Size),160,954164
ONE OK ROCK,Clock Strikes,192,870961
Rika (CV: Tamura Yukari) & Satoko (CV: Kanai Mika) & Hanyuu (CV: Horie Yui),Happy! Lucky! Dochy! (TV Size),235,1594964
supercell,Kimi no Shiranai Monogatari -TV Edit-,165,342896
Reol,MONSTER,164,661483
Karen Aoki & Daisuke Hasegawa,Great Days,170,570494
SirensCeol,Nightmare (Maxin Remix),174,115107
Grabbitz,Die For You,95,1793500
Logistics,Let The Senses Clear Your Mind,174,1204169
Suzuki Konomi,Absolute Soul,188,256089
Dreamcatcher,Chase Me,200,744531
GARNiDELiA,ambiguous (TV size),178,152786
Kiyono Yasuno,Rocket Beat,172,761889
jun,KIMONO <3 PRINCESS,190,2086459
GTA feat. Sam Bruno,Red Lips (Mendus Remix),100,721240
Ayane,Agaranai Ame wa Nain da yo,80,1037090
Oshimizu Nako (CV: Toyosaki Aki),Suisei Melody,118,1504648
TUYU,Kako ni Torawarete Iru,180,1245686
Maon Kurosaki,Setsuna no Kajitsu,202,322076
"Fear, and Loathing in Las Vegas",Just Awake (TV Size),191,95638
Maon Kurosaki,Setsuna no Kajitsu,202,506544
NOMA,Brain Power,170,546384
Nakajima Megumi,Hello! (TV Size),133,44844
Tsumiki,phony,170,1533832
Rihanna,Shut Up and Drive,133,729646
S3RL,Catchit (Radio Edit),175,839864
Various Artists,Songs Compilation,180,736560
sumika,Shake & Shake (TV Size),222,1482018
"Hikasa Youko, Uchida Maaya, Taketatsu Ayana, Akesaka Satomi",Gokujo. no Jouken (TV Size),180.2,953015
ClariS,SHIORI vs. Hitorigoto,176,707380
Kola Kid,press start,200,1262809
"Ruka, Mona, Miki from AIKATSU*STARS!",START DASH SENSATION (TV Size),170,2261071
THE ORAL CIGARETTES,5150,192,705655
Hana,Sakura no Uta,180,376552
ttbt,Makkuro Flandre S Shuuseiban,200,113458
Yamajet feat. haru*ama*nya,Sweets Holic (Cut Ver.),270,2340299
DECO*27,Marshmallow feat. Hatsune Miku,200,2447154
Linkin Park,One Step Closer,95.07,670
CHiCO with HoneyWorks,Ai no Scenario,180,275461
Kurosaki Maon,Gravitation (TV Size),200,864354
EGOIST,"Ame, Kimi o Tsurete",184,346301
Digital Sexy,Til Death (Nightcore Mix),166.24,1002716
Syaro (CV: Uchida Maaya),Caffeine Fighter,156,2343664
KYARY PAMYU PAMYU,Ninjya Re Bang Bang,130,316573
Ogura Yui,Honey Come!!,184,374144
SAKURAKOU K-ON BU,Happy!? Sorry!!,180,526180
Marina And The Diamonds,Lonely Hearts Club,200,369678
Feint,We Won't Be Alone (feat. Laura Brehm),175,357539
Mitsukiyo,Luminous Memory,100,1796025
Demetori,Emotional Skyscraper ~ World's End,178,13204
TERRA,EDEN,200,500341
CHiCO with HoneyWorks,Koiiro ni Sake,185,431248
yuikonnu,Souzou Forest,180,48368
cillia,"Fairytale,",194,311463
Ado,Daidai Genome,135,2416694
Aqours,Kimeta yo Hand in Hand (TV Size),191,1315700
Sakurakou K-ON Bu,Cagayake!GIRLS[5nin Ver.] (TV size Ver.),170,666366
Machico,fantastic dreamer,185,402887
Kagamine Rin,Meltdown,165,45672
3R2,Starting Forest,143,909559
SPYAIR,I'M A BELIEVER (TV Size),194,1435286
KANA-BOON,Silhouette,183,780952
VINXIS,Sidetracked Day,188,838182
Leah Kate,Merry Bitchmas (Sped Up & Cut Ver.),154.92,2298826
ALiCE'S EMOTiON,Dark Flight Dreamer,189,334469
joyful,chess (slowed down & cut ver.),108.58,2327424
BUD VIRGIN LOGIC,EMPIRE DOMINATOR,194,2336865
NIGHTMARE,the WORLD  ~TV Size~,190,438535
Yorushika,Elma,130,992231
Eve,Outsider,172,879429
The Living Tombstone,Five Nights at Freddy's,103,213629
Fujiwara Chika (CV: Kohara Konomi),Chikatto Chika Chika (TV Size),178,920901
Nobuo Uematsu,Bike Chase,221,2189260
Stonebank,The Pressure,170,325307
Mitsukiyo,Unwelcome School,180,2120192
Remo Prototype (CV: Hanamori Yumiri),Sendan Life (Cut Ver.),227,2265244
Yuuki Aoi,Cupid Review,137,268467
Tristam,Once Again,110,179495
Sizuk feat. Kotoha,Cotton Days (TV Size),172,2368781
Hanasaka Yui(CV: M.A.O),Harumachi Clover,142,652412
Icon For Hire,Make A Move,166,506483
Mitsukiyo,Blue New World,175,1605141
kessoku band,Seishun Complex,190,1863866
Daniel Ingram,The Pony I Want To Be (Sim Gretina Remix),128,366760
Seraph,Resurrection,188,831738
Feint,Time Bomb (feat. Veela & Boyinaband),175,98842
Hanasaka Yui (CV: M.A.O),Harumachi Clover (TV Size),142,933554
Ian LeFeuvre,Johnny Test Theme (TV Size),200,2295424
SPYAIR,Imagination (TV Size),204,1203416
Kozato,45nen no Yukizakura,170,50771
Shiggy Jr.,oyasumi,200,665057
Yamajet feat. Hiura Masako,Sunglow,180,595163
Soleily,Renatus,182,241526
Fujijo Seitokai Shikkou-bu,Best FriendS -TV Size-,163,130104
AiNA THE END,On The Way (TV Size),186,2397155
Horie Yui,Asymmetry,173,361902
LiSA,Rally Go Round -TV ver.-,190,302343
xi,over the top,202,2072719
LiSA,Catch the Moment -Radio Edit ver.-,190,570938
hololive IDOL PROJECT,Shiny Smily Story,168,1251840
Silver Forest,Yami no Mahou Shoujo,200,1872124
amazarashi,Sora ni Utaeba,204,813969
LiSA,ADAMAS (TV Size),191,859608
Laser Imouto,Prismatix,200,2294086
mimimemeMIMI,CANDY MAGIC,160,303219
Baechuuimihang,Ttakpullnyeoro drop it,128,299643
Kawada Mami,Hishoku no Sora (TV Size),169,240919
senya,Songs Compilation,138,119891
FictionJunction YUUKA,Yakusoku,130,315375
Latina (CV: Takao Kanon),I'm with you (TV Size),181,998531
nayuta,Hoshi to Koisuru Concerto,175,1341232
Amatsuki,Everflow,170,2380969
Sleeping With Sirens,If You Can't Hang,192,409025
sana,Miraizu,178,378196
Nanamori-chu*Gorakubu,Acchu~ma Seishun!,184,451830
Marina and the Diamonds,How to Be a Heartbreaker,140,1553473
DECO*27,First Storm -Japanese Version-,190,778657
B.o.B feat. Hayley Williams,Airplanes (Feint Remix),178,83494
Suara,Amakakeru Hoshi TV ver.,220,414667
THEATRE BROOK,Uragiri no Yuuyake -TV Size Long Ver.-,151,949071
Pegboard Nerds,Emoji,163,391823
Dua Lipa,Physical,147,1169699
Eric Prydz,Liberate (Matrix & Futurebound Remix),174,334992
Sporty-O,Let Me Hit It (Audiostalkers Original Mix),128,788905
ClariS,with you,160,153793
carolesdaughter,My Mother Wants Me Dead,190,2245686
Hikarinonakani,Blue Youth,200,1584289
S3RL,Bass Slut (Original Mix) (Sped Up & Cut Ver.),204,2513658
"Kirisaki Chitoge (CV: Touyama Nao), Onodera Kosaki (CV: Hanazawa Kana)",Taisetsu no Tsukurikata (Asterisk Remix),175,925343
yuikonnu,Shinkai Shoujo,137,165752
Hoang Read,The Magic Bomb (Questions I Get Asked) (Extended Mix) (Cut Ver.),142,1625207
Sayuri,Koukai no Uta (TV Size),180,1058293
Maffalda,pensamento tipico de esquerda caviar,157.1,175036
Kano,Prima Stella,180,1282660
LiSA,crossing field (TV Size),179,54373
Madotsuki@,Ikanaide,191,315799
Usada Pekora,Discommunication Alien (Cut Ver.),170,1264838
TUYU,Doro no Bunzai de Watashi dake no Taisetsu o Ubaouda nante,225,1246152
Harada Hitomi,Kyoumei No True Force,187.5,196028
Ayumi.,Hanagoyomi short version,180,323773
supercell,My Dearest (TV Edit),168,370819
Epic Games,Electro Swing Dance Emote,120,870895
MYTH & ROID,Paradisus-Paradoxum,201,477640
Hashimoto Miyuki,Symphonic Love (Short Ver.),144,71697
m1v,you,173.9,1748483
fourfolium,SAKURA Skip,165,474731
07th Expansion,rog-unlimitation,220,28751
LONGMAN,spiral (TV Size),122,2147070
Komiya Mao,(can you) understand me?,185,409898
Serenity,Lionheart,180,1390922
nao feat. isui,Ukigumo,205,1946710
Altermis & takehirotei & Violet Delta,Christmas Slop,250,2472271
Hiromi Sato,Jiyuu no Hane,96,1358359
Azusa Tadokoro,Junshin Always,180,405053
KLOUD,BLOOD,89,1781619
Muzzy,Endgame,175,397905
Kyary Pamyu Pamyu,Tsukematsukeru,145,323661
Emilie Simon,Les Amants Du Meme Jour (Instrumental Version),72.5,368258
Ogura Yui,Baby Sweet Berry Love (TV Size),170,89596
Reol,Asymmetry,184,292077
Krewella,Say Goodbye (Sped Up & Cut Ver.),200,1620540
Sakuragawa Megu feat. Se-fukubu,Blooming Kiss! (Game Ver.),200,2149578
vierre cloud,moment,171.3,1366507
SPYAIR,I'M A BELIEVER,194,363579
PassCode,Ray,196,1180927
Cartoon & Futuristik Feat. Mikk Mae,C U Again,175,740535
Ray,lull ~Soshite Bokura wa~,133,172450
solfa feat. Chata,Miracle infinity,180,132638
petit milady,Hakone Hakoiri Musume,220,374820
toby fox,Hopes and Dreams,170.68,414432
Yuna (CV: Kanda Sayaka),longing,150,1379105
Linked Horizon,Guren no Yumiya (TV Size),180.68,92297
Avril Lavigne,Love It When You Hate Me (feat. blackbear),185,2042457
"ONE OK ROCK feat. Koie from Crossfaith, MAH from SiM, Masato from coldrain",Skyfall (Cut Ver.),183,2194372
VINXIS,Sidetracked Day,188,2162554
Shiki Natsume (CV: Kanako),Sweetest Bitterness (Short Ver.),156,1578922
Shawn Mendes,Stitches,150,354163
Shiena Nishizawa,Brand-new World,205,450015
Warak,REANIMATE,174,186318
Shawn Wasabi,Marble Soda,168,313718
t+pazolite & Camellia feat. Nanahira,"Boku no Yume, Mecha Kuso Mugen Waki",205,1224369
Hanatan,Attakain Dakara,170,464644
Ci Mei Gui,Wu Xuan Lan,167.91,828931
Yui Horie,Vanilla Salt (TV Size),140,33984
Mitsuki Kotono,Fuyu ni Saku Hana,170,284403
Sangatsu no Phantasia,Collage (TV Size),138,805425
Poppin'Party,KIZUNA MUSIC,189,1832955
Tarkan,Simarik,97,1255746
MIMI,Mizuoto to Curtain,186,1206296
Azusa Tadokoro,Koroaruki,189,1630113
a-ha,Take On Me,168.8,850597
Shihori,Bamboo Dance,156,39056
U,Kansha * Kangeki (Cut Ver.),185,1149583
Bring Me The Horizon,in the dark (Cut Ver.),156,1227086
MY FIRST STORY,Itazura Fiction,183,864947
xi,Blue Zenith (Cut Ver.),200,1737645
senya,Omoi ga Rekishi ni Kawaru Toki,150,250309
UVERworld,D-TecnoLife (TV Size),168.33,1073128
Kano,Dear Brave (TV Size),188,1709733
Vickeblanka,Black Rover (TV Size),204,2401189
Alvaro Soler,El Mismo Sol (Cut Ver.),113,2299679
LamazeP,Triple Baka,180,1224831
Kicco,Amazing sky,150,518097
fripSide,black bullet,155,164930
Jose Manuel,Invencible Soy (TV Size),152,136207
ZAQ,VOICE (TV Size),184,1906618
Sky Peace,Ame ga Furu kara Niji ga Deru (TV Size),186,811447
nano,"Star light, Star bright (TV Size)",190,1350684
"Hello, Happy World!",Silhouette,183,762466
Shiena Nishizawa,Brand-new World,205,362321
Kushi,Sakura no Zenya (Nightcore Mix),203.99,2500628
KOTOKO,Teller of World,135,95981
Omoi,Snow Drive(01.23),224,478405
Aoi Eir,INNOCENCE (TV Size),183,1183864
HO-KAGO TEA TIME,Gohan wa Okazu,190,591709
MYTH & ROID,TIT FOR TAT (TV Size),173,1086343
Snow Man,Stories (TV Size),177,1142363
GENERATIONS from EXILE TRIBE,Hard Knock Days,184,310224
"Karen Aoki, Daisuke Hasegawa",Great Days (TV Size),170,1948714
goreshit,look at me tenderly,192,150360
Foreground Eclipse,Flames Within These Black Feathers,195,1001825
Hiromi Sato,Jiyuu no Hane,96,561640
Rita,Dream Walker,175,315299
kessoku band,Seiza ni Naretara,123,1909824
Yura Hatsuki,Nanka Ii Koto,156,459012
Sakurakou K-ON Bu,"Don't say ""lazy"" (TV size Ver.)",181,659531
Orangestar,Kimi no Yozora Shoukaihan,185,583277
bibuko,Reizouko Mitara Pudding ga Nai,190,890270
Reol,Plus Danshi ver Reol,180,295225
Yukinoshita Yukino (CV.Hayami Saori) & Yuigahama Yui (CV.Touyama Nao),Everyday World,154,310408
Horie Yui,silky heart,135,358471
SMILE PRINCESS,Faiou Fight! (TV Size),180,1850244
kessoku band,Wasurete Yaranai,184,1909993
Helblinde,Putin's Boner,200,737714
Crush 40,I Am... All Of Me (Game Ver.),190,819347
HoneyWorks,Miraizu feat.Aida Miou(CV:Toyosaki Aki),178,306591
Akatsuki Records,KARMANATIONS,192,1283387
Linkin Park,The Emptiness Machine (Cut Ver.),184,2246377
Lie and a Chameleon,mononoke in the fiction (TV Size),195,1102376
Manticora,Humiliation Supreme,189.99,2364885
saradisk,222 - wewewe,180,1114649
KANA-BOON,Nai Mono Nedari,175,1041915
Kano,Ikanaide,184,950890
SLAVA MARLOW,Po Glazam,151.5,1285341
BotchiBoromaru,TSUYOGARU GIRL feat. Mossa (NECRY TALKIE),244,2247151
Kano,Stella-rium (Asterisk MAKINA Remix),177,1456709
PassCode,STARRY SKY,185,1199549
Hitomi Harada,Overdrive,182,710486
toby fox,Metal Crusher,116,996030
Cascada,What Hurts The Most (Nightcore Mix),170.42,1268341
Marika,Knowing (Short Ver.),140,49122
FLORE,WEREWOLF (NIGHTCORE & CUT VER.),184,2515822
ZZ,Samurai Blue,139,5182
Panda Eyes & Teminite,Immortal Flame (feat. Anna Yvette),110,703957
nano,GALLOWS BELL,145,170942
Roselia,R,188,820180
GONE.FLUDD,SETI,160,846396
Tim Follin,Title Screen,128.78,2302766
LiSA,Datte Atashi no Hero. -TV ver.-,189,637445
"Tomita Miyu, Onishi Saori, Ohzora Naomi, Hanazawa Kana",Hallelujah*Essaim,200,559248
Mikakuning!,Tomadoi Recipe (TV Size),170,152249
LiSA,Rally Go Round -TV ver.-,190,301001
Alastair Gavin,Together Again (Commercial Cuts 2),152,228465
Naoki Miki(CV.Takahashi Rie) & Ebisuzawa Kurumi(CV.Ozawa Ari),Unhappy End World,186,507835
Poppy,Pokemon x Poppy,148,1244395
Demetori,Hoshi no Utsuwa ~ Casket of Star,190,139677
Natsume Chiaki,Hanairo Biyori,182,1690826
Imperial Circus Dead Decadence,"Jashin no Konrei, Gi wa Ai to Shiru.",240,2463135
ClariS,Hitorigoto,165,807025
BiSH,HiDE the BLUE,195,762467
ClariS,Anata ni FIT (Short Ver.),132,48142
Thaehan,Ohayou !,188.5,725806
Roselia,MIIRO,195,1000852
Mera Azusa (CV: Satou Shizuku),Growing!,140,2157260
YURiKA,Shiny Ray (TV Size),183,584389
Kano,day by day (TV Size),127,1277280
Rokudenashi,As you don't know,184,1894854
OxT,Clattanoia (TV Size),190,1476842
KINEMA106,THE WORLD ORIGIN,180,1944397
A Himitsu,Lost Within,180,914120
MIMI,Shijima ni Saku (Cut Ver.),176,1400312
Feint,Tower Of Heaven (You Are Slaves),175,128931
ASIAN KUNG-FU GENERATION,After Dark (TV Size),191,1129438
Nishizawa Shiena,FUBUKI (TV Size),180,858586
Fox Stevenson & Curbi,Hoohah (VIP Edit),174,613961
Hiiragi Magnetite,Tetoris,170,2294338
Leah Kate,Life Sux (Sped Up Ver.),180.9,1905234
Unlucky Morpheus,FAITH,200,418441
natori,Propose,176,2418526
REOL,Endless Line,95,706150
07th Expansion,Eiji Kuinbii,153,38235
"Fear, and Loathing in Las Vegas",Let Me Hear,184,260405
Apocalyptica,Reign of Fear,182,347136
MAN WITH A MISSION x milet,Kizuna no Kiseki (TV Size),170,1976994
TRUE,Storyteller (TV Size),192,1342479
Dancing Dolls,monochrome(Asterisk Makina Remix),175,349445
Ayo,Anti-Gravity City,170,2116328
LiSA,Homura,76,1277285
Akaza Akari(CV:Mikami Shiori),"Watashi, Shuyaku no Akaza Akari desu",190,313330
Ayaka Ohashi,Wagamama MIRROR HEART,181,554626
shoujo byou,Gareki no Shuuon,203,1445131
Luck Life,Kaze ga Fuku Machi (TV size),198,713944
Yamajet feat. Hiura Masako,Sunglow,180,2116958
FLORE,Self Sabotage (Nightcore & Cut Ver.),186.4,2516259
YOASOBI,Shukufuku,170,1891195
Jaxomy x Agatino Romero x Raffaella Carra,Pedro (Cut Ver.),151,2278283
Various Artists,GIRLS' LEGEND U,205,1486797
BAND-MAID,Sense (TV Size),205,1738864
Sakamoto Maaya,Okaerinasai (tomatomerde Remix),176,179323
Hanatan,Kimi no Kiseki,190,54602
MOSAIC.WAV,Tsugihagi: <=> Make Peace!,194,1394111
UNDEAD CORPORATION,Yoru Naku Usagi wa Yume o Miru,200,58951
Renard,PIZZZZZZZZ,200,473066
Kanae Asaba,Endless Starlight ~Inochi no Kirameki~ (OP ver.),181,518737
Puniru (CV: Sasahara Yuu),Ao to Natsu (TV Size),185,2402818
DUCKBOY,my love life needs a lobotomy,235,2270785
bradbreeck,Emotional Uplifting Orchestral,77,557532
Avril Lavigne,What The Hell (Cut Ver.),150,2323038
Varien,The Silent Ones,120,476760
Natsume Chiaki,Hanairo Biyori,182,143397
Alex C. feat. Yasmin K.,Angel Of Darkness (Video Mix) (Nightcore Mix),175,2414736
GEM,Umiyuri Kaiteitan,240,647452
Kayano Ai,Oracion(TV-Size),166,172013
Daft Punk,Technologic,127.46,7099
3R2,Bounce Bounce,158,551125
JIN ft. Shouichi Taguchi (Sentimental Vector),Kagerou Days,192,857452
Lia,Bravely You (TV Size),150,332952
May'n,Belief,208,487774
Last Note. feat. mirin,Fake out,215,2268756
"Sayfalse, Scythermane, TRXSHBXY",ESSE CARA!,119.15,2440245
Ayase Rie feat. Hata-tan,Yuima-ru*World TVver.,180,726747
ensou ft. GUMI,COMA,180,167740
t+pazolite,"Electric ""Sister"" Bitch",185,441459
BTS,Boy In Luv,83,529064
FELT,from now on & Memories,200,906578
SHINee,Colorful,122,533861
Wakeshima Kanon,Not For Sale Fossil,190,1144490
jixwang,Saving Light (Game Ver.),95,2286024
Fellowship,Glory Days,178,1781620
Apollo,Brazil,223,2104327
Nakanoke no Itsutsugo,Gotoubun no Kimochi,175,932291
Yuzuki,Dear You (DJ Genericname DnB Remix),174.1,720066
HTT,Gohan wa Okazu,190,21872
kradness & Reol,Oni KYOKAN,182,1726038
Yamazaki Moe,Kenren Itteki,180,1724044
CircusP,Goodbye,133,251269
Suzuki Konomi,My Days,200,861113
Ceui,Finest Sky,176,1048854
Teminite,Beastmode,174,494225
Pythia,Heartless (Cut Ver.),190,2554421
Kanon Wakeshima,Tsukinami,180,490956
Ito Kanako,Skyclad no Kansokusha,167,416129
PORNOFIL'MY,Kto Vse Eti Lyudi?,186,1027950
Araki,Teo,185,759178
LONG SHOT PARTY,distance (NARUTO Ver.),198.5,632130
HoneyWorks,Heroine Ikusei Keikaku feat. Suzumi Hiyori (CV: Minase Inori),180,1441554
HoneyWorks feat. capi,Dear <3 My Friend,165,2400183
MPAA,Piracy - It's a Crime,107.3,15942
Nekomata Master,Avalon no Oka,158,317538
Sasaki Sayaka,"Sakura, Reincarnation",181,884081
M2U,Moon Halo,180,782778
DECO*27,First Storm -Japanese Version-,190,808175
nano,"Star light, Star bright (TV Size)",190,890279
FictionJunction YUUKA,Akatsuki no Kuruma,110,6353
nao,Toaru Shoukoku no Ohimesama ga...,218,400859
"BEMANI Sound Team ""DJ TOTTO feat. MarL""",Seiza ga Koi Shita Shunkan o.,186,1050599
Yorushika,Thoughtcrime,200,1676482
positive MAD-crew,Mynarco,181,824205
Feint,Reprise,175,324058
Good Kid,No Time to Explain,180,1846926
Mimori Suzuko,Egao no Kimi e (TV Size),175,796553
Yooh,MariannE,191,285577
mazie,dumb dumb (Sped Up Ver.),148.84,2313199
Chihara Minori,Aitakatta Sora,160,323044
Maon Kurosaki,Setsuna no Kajitsu,202,342826
Arctic Monkeys,505,140.2,1966153
THE ORAL CIGARETTES,Livelock Art,190,879904
Galileo Galilei,Aoi Shiori,132,430926
DJ SHARPNEL,Marunouchi surviver,200.4,2403321
ETIA.,Claiomh Solais,188,165664
Tennoji Rina (CV: Tanaka Chiemi),Tele Telepathy,145,2239883
Lucky Twice,Lucky (Nightcore Mix),150,1641849
Hatsune Miku,"Last Night, Good Night",84,2585
yuiko,fragile garden,175,2254746
Sky Ferreira,One,125,26512
Empyre One,Moonlight Shadow (Dance 2 Disco Remix),138,1304227
AKI AKANE,FIRST,190,293832
Paramore,Still Into You,136,301830
Jin,Outer Science,195,122376
MIMI feat. KAFU,Issee noo de,178,1546834
Misato,Paranoid Lost,176,803535
kessoku band,Guitar to Kodoku to Aoi Hoshi (TV Size),193,2178943
Rain,Hip Song,80,385185
Syaro (CV: Uchida Maaya),Caffeine Fighter,156,991440
iojjj,Deus Ex Machina,180,107747
The Beaches,Blame Brett (Sped Up & Cut Ver.),170,2413378
September,Satellites,129,144804
namigroove feat. KAFU,uyuyu(';w;`),200,2364820
paraoka,Manima ni (Short Ver.),185,39275
Poppin'Party,Cherry Bomb,190,1055249
senya,Senka Ryouran,148,66190
Aqours,Kimeta yo Hand in Hand,191,507355
Qrispy Joybox feat. mao,Colorful Minutes,152,1242911
Foreground Eclipse,I Bet You'll Forget That Even If You Noticed That,195,601135
MAXIMUM THE HORMONE,ChuChu Lovely MuniMuni MuraMura PrinPrin Boron Nururu ReroRero (Chiptune Cover),260,1114770
Parry Gripp,The Guinea Pig Is In Your Mind,180,1154585
"Wake Up, May'n!",One In A Billion,187,1264800
Himeragi Yukina (CV: Taneda Risa),Scarlet Flower,190,431983
The Killers,Mr. Brightside (Nightcore & Cut Ver.),177,2492332
SawanoHiroyuki[nZk]:mizuki,&Z,158,392118
Every Little Thing,Grip! (TV Size),120,1844038
American Authors,Best Day Of My Life (Cut Ver.),100,2495437
Panda Eyes & Teminite,Highscore,110,332532
ReoNa,ANIMA (TV Size),193,1211739
YURiKA,MIND CONDUCTOR (TV Size),180,912207
Tsuneki Hikari (CV: Sakura Ayane),Shunkan Happening (TV Size),187,741171
positive MAD-crew,Mynarco,181,1253246
Wakeshima Kanon,"World's End, Girl's Rondo (Asterisk DnB Remix)",175,445730
Masayuki Suzuki,DADDY ! DADDY ! DO ! feat. Airi Suzuki (TV Size),138,1307544
Yuki Hayashi,You Say Run,175,487907
Masayoshi Minoshima,Flight of the Bamboo Cutter,190,47754
Porno Graffitti,THE DAY,186,459293
kradness & Reol,Remote Control (Cut Ver.),165,1354117
saradisk,222 - wewewe,180,519986
Kabocha,EmbryO,220,947018
Caramell,Caramelldansen (Speedycake Remix),164.74,18568
Uesaka Sumire,EASY LOVE (TV Size),188,1427255
Jibaku Shounen Band,No.7 (TV Size),190,1093207
RIOT,Overkill,174,992847
MIMI vs. Leah Kate,10 Things I Hate About Ai no Sukima,204,1919786
nonoc,Believe in you (TV Size),92,1378030
Kenshi Yonezu,KICK BACK (TV Size),204,1864478
MYTH & ROID,JINGO JUNGLE,130,653835
Lil Nas X,Panini,154,1086108
Uratanuki x Pusu,Pokopoko Tanuki to Pusu Usagi,192,1103785
Debby Ryan,Hey Jessie (TV Size),134,1173956
TrySail,High Free Spirits -TV.Ver-,186,440706
Pastel*Palettes,Attsu Atsu Tokonatsu Love*Summer!,172,1019659
flowerovlove,erase u (sped up & cut ver.),230,2294787
HOYO-MiX,The Slumbernana Song (Japanese Ver.),180,2282383
supercell,Kimi no Shiranai Monogatari,165,588765
AKINO from bless4,MIIRO (TV Size),195,993307
Dormir,Sayonara Trip,133,58013
Mili,world.execute(me);,130,470977
(K)NoW_NAME,Freesia,90,599556
Electro.muster feat. Rita,Dream Walker,175,1907777
Suzuyu,Euphorium,186,1297647
Hommarju feat. R.Cena,Chousai Kenbo Sengen,200,30012
Kansou,Nyanpasu Bang Bang,130,601442
Ke$ha,Backstabber (Cut Ver.),160,1581857
Amatsuki,STARTRAiN,178,1094460
Taishi,Sprintrances,178,315537
LiSA,dawn (TV Size),185,1349621
"Karen, Koharu Meu, Harukawa Akari",Jounetsu Utopia,160,572329
THE ORAL CIGARETTES,Monster Effect,186,845746
senya,Melody Blooming in the Earth,120,70158
Hai Nan,Ai La La,120,118459
Post Malone,Circles,120,1031402
Demi Lovato,Heart Attack (Rock Ver.) (Nightcore & Cut Ver.),208.8,2428693
CHUNG HA x Guaynaa,Demente,200,1410859
toby fox,Snowdin Town,102,689649
S3RL feat Tamika,Tell Me What You Want,160,651692
Demetori,Shoujo Satori ~ Innumerable Eyes,190,288656
S3RL feat. Mixie Moon,FriendZoned,175,1861827
Mikuni Shimokawa,"Sore ga, Ai deshou",100,295946
Linked Horizon,Guren no Yumiya (TV Size),180.68,87630
Kamiyama Yoh,Irokousui (TV Size),148,1378051
DOES,Guren,187,424295
Demetori,Emotional Skyscraper ~ World's End,178,13223
"ANGUISH, POCHTISCHASTLIV & ily",Glaza (Sped Up Ver.),210,2182334
Giorno & Critical Strikez,Darkness (Nightcore Mix),179,1217211
Middle Kids,R U 4 Me? (Cut Ver.),230,2282539
Selena Gomez & The Scene,Love You Like A Love Song,117,107421
MY FIRST STORY,Smash Out!!,195,478289
Madonna,Sorry,133,1041953
YURiMental,Kinou ni Kanaderu Ashita no Uta (Cut Ver.),193,1507386
Subformat,More (feat. Charli Brix),175,184800
AKINO from bless4,Just Moving On Now,185,302054
Shika-bu,Shikairo Days (TV Size),183,2208114
AKINO,Sousei no Aquarion (Cut Ver.),151,1658996
ONE OK ROCK,We Are (Cut Ver.),148,1293912
ThxSoMch,SPIT IN MY FACE!,188.25,1932820
"Ichiki Mitsuhiro, Masuda Toshiki",Hanamaru Shirushi no Hi no Moto de,184,716976
Station Earth,Cold Green Eyes feat. Roos Denayer,174,1104312
YUI,Rolling star (TV Size),161,842236
Hoshimachi Suisei,GHOST,182,1431255
Vicetone feat. Collin McLoughlin,Heartbeat,128,295388
Hanasaka Yui(CV: M.A.O),Harumachi Clover,142,558217
CYTOKINE,"sEE NEW THE WORLD, SHE KNEW THE WORLD - CYTOKINE Remix",135,442378
FELT,New World,195,486207
HoneyWorks feat. Minato Aqua,Heroine wa Heikin Ika. (Cut Ver.),200,2258871
Tristam & Braken,Frame of Mind,175,177523
"25-ji, Nightcord de. x KAITO",BAKENOHANA,180,2264468
DJ THT meets Scarlet,Live 2 Dance (Nightcore Mix),177.1,659854
Yousei Teikoku,Kuusou Mesorogiwi (TV Size),230,2276946
Hitachi Mako (CV: Kotorii Yuuka),Mako no Nichijou (Short Ver.),160,2307369
supercell,Mr.Downer,179,932165
Nakanoke no Itsutsugo,Gotoubun no Katachi (TV Size),158,1324491
jon-YAKITORY feat. Hatsune Miku,Konton Boogie,190,2243043
Brian Pickett feat. Graeme Cornies and Dawna Toews,Total Drama Island Theme Song (TV Size),175,1236180
Roselia,Determination Symphony,190,690206
CHiCO with HoneyWorks,Historia,184,431082
Araki,Teo,185,749150
Yorushika,Itte.,180,1119169
Three feat. Ado,Ego Rock (Long Ver.),225,2403478
chelly x yanaginagi,Melt 10th ANNIVERSARY MIX,170,754110
Kato Megumi (CV: Yasuno Kiyono),M flat,160,925999
konets solnechnykh dney,deti nemoy strany,184.3,1828346
POSHLAYA MOLLY,LOL,160,883276
FLORE,Die A Million Times (Nightcore & Cut Ver.),180,2506168
KINEMA106,KARASU,185,1757511
Origami Angel,Dr. Fondoom,175,1838756
Loki,Interlude,175,659093
KOBASOLO & Lefty Hand Cream,Zen Zen Zense,190,525926
KOTOKO,Loop-the-loop (TV Size),153,19220
LUM!X feat. Pia Maria,Halo (Nightcore & Cut Ver.),180,2314394
KISIDA KYODAN & THE AKEBOSI ROCKETS,Blood on the EDGE (TV Size),224,986865
RADWIMPS,Nandemo Nai ya,84,515939
Duca,Innocent Desire,101.5,1066929
Skytree,Duet,122,434556
i.o,Aoiro Step (Short Ver.),215,1497304
NAMCO,RUN!RUN!RUN!,180,323751
Iwami Takashi,ONE-MAN CIRCUS,192,1327719
32ki feat. Hatsune Miku & Kasane Teto,Mesmerizer,185,2215986
Dan Winter,Don't Stop Push It Now (Nightcore Mix),175.26,200374
TRUE,Soundscape,186,518932
Koji Kondo,Slider,175.82,1961109
Kotoha,Haru o Tsurete,130,2017137
EGOIST,"Ame, Kimi o Tsurete",184,352704
Snails & Pegboard Nerds,Deep In The Night,150,513194
*namirin,Yasashisa no Riyuu,177,843688
YOASOBI,Yoru ni Kakeru,130,1218852
t+pazolite,Party in the HOLLOWood feat. Nanahira,178,819349
FLOW x GRANRODEO,Howling (TV Size),200,1033492
M4SONIC & Shawn Wasabi,MarbleVirus,168,719200
Down,Trio Cup,155,1769914
LIQU@.,Yotogibanashi no Kamikakushi,240,236396
Ikimono Gakari,Joyful,159,24551
NEXON,Evil Tower 2,175,160734
toby fox,Fallen Down,110,1207132
tomatoism,Someone Special,146,1282080
Hotaru Murasaki,Re:TrymenT,190,519521
TheLaxOne,Skrillex Circulation,120,232505
LiSA,Gurenge (TV Size),135,952725
Hata Motohiro,Toumei Datta Sekai,168,520772
Leo/need,SToRY,192,2339784
The Living Tombstone,Cats,108,1395063
Owl City,Good Time (Acoustic),122,149602
I SEE MONSTAS,Holdin On (Skrillex and Nero Remix),174,701330
Bad Bunny x Mora,Una Vez (Cut Ver.),168,1267543
livetune feat.Hatsune Miku,"Last Night, Good Night",84,138554
Asahi Atsuko,Wild Woods,200,1551755
Lia,Toki o Kizamu Uta - TV animation Ver. -,139,438531
SPYAIR,Sakura Mitsutsuki,179,686601
The Living Tombstone,Cats (Cut Ver.),108,2488678
Marina and the Diamonds,Bubblegum Bitch (Nightcore Mix),192.76,1943000
Lia,Bravely You (TV Size),150,374767
yuikonnu,Yume Chizu (Cut Ver.),176,2531016
YAMAZARU,KAZE,162,339306
Hioka Natsumi & Yasumoto Hiroki feat. Kumaide-mura no Minasan,KUMAMIKO DANCING (TV Size),165,441668
Feryquitous feat. Aitsuki Nakuru,Fake,210,1146723
Roses Epicurean,Yoru no Kodomo tachi,115,503216
"Aiurabu (CV: Nakajima Yui, Iida Yuuko, Tamura Nao)",Kani*Do-Luck! (TV Size),210,2310271
ClariS,Hitorigoto -Instrumental-,165,727392
CHiCO with HoneyWorks,Gamushara (TV Size),194,1513125
"Aimi, Sakura Ayane, Maeshima Ami, Aiba Aina, Itou Miku",Picotto! Papitto!! GARUPA*PICO!!! (TV Size),190,809023
natori,Absolute Zero (TV Size),221,2165225
Demetori,Kuuchuu ni Shizumu Kishinjou ~ Counter-Clock World,185,347719
NACHERRY,My dream girls (TV Size),179,2116564
GYZE,HONESTY,185,586121
Project Grimoire,Caliburne ~Story of the Legendary sword~,190,335665
senya,Replica no Koi,133,67506
Skillet,Hero,142,52361
GALNERYUS,RAISE MY SWORD,184,889855
Tanya Degurechaff (CV: Yuki Aoi),Los! Los! Los!,240,762232
Amatsuki,DORAEMON,160,853519
"Post Malone, Swae Lee",Sunflower,90,895391
Daniel Ingram,Winter Wrap Up,116,43812
Artemas,i like the way you kiss me (DETHVEDA Frenchcore Edit),200,2365162
TrySail,Gomakashi (TV Size),189,1090507
Akatsuki Records,ENDLESS FANTASY,172,898849
paranoid void,"Foamy Sky, Eternal City",97.5,1087958
Minato Aqua,Kira Kira,182,2231831
ALiCE'S EMOTiON,Mami Mami Zone,173,43728
Yasuda Rei,Let It Snow,122,544324
3 Nen E Gumi Utatan (Nagisa & Kayano & Karuma & Isogai & Maehara),Jiriki Hongan Revolution (TV Size),180,829592
Infected Mushroom,The Pretender,174,646289
Will Stetson,POP/STARS,85,917345
Maduk feat. Veela,Ghost Assassin (Hourglass Bonusmix),176,953367
RAMM ni Haiyoru Kuuko-san to Kuune-san,"Sister, Friend, Lover (TV Size)",136,1206515
Suzuki Konomi,My Days,200,774716
Sun Yi Qi,Jiu Zui De Hu Die (DJ He Peng Version) (Cut Ver.),95,1294231
mafumafu,Rinne Tensei,196,1083811
Amatsuki,DORAEMON,160,1210297
Hitomi Sato,Driftveil City,135,752224
FLOW,Niji no Sora (TV Size),191,746030
Set It Off,Dream Catcher (Nightcore & Cut Ver.),186,2502997
B Komachi,POP IN 2 (TV Size),176,2267685
Nakae Mitsuki,Dreaming Sheep,172,149722
Rhodanthe*,Yumeiro Parade,180,425957
cYsmix,Little Knight,160,791845
Poppin'Party,Live Beyond!!,190,1644775
Sleeping With Sirens,Better Off Dead,190,774670
Lily,Lily Lily Burning Night,165,20752
MY FIRST STORY,ALONE,200,395846
SiM,EXiSTENCE (TV Edit),188,240415
xi,ANiMA,183.5,441271
senya,Iro wa Jou e to Izanau,200,1579161
Yousei Teikoku,one,190,1182149
S.I.N.G,Ji Ming Yue (Cut Ver.),140,1659260
O2i3,Ooi [Game Edit],216,355573
kradness & Reol,Remote Control,165,2371175
MISATO,Necro Fantasia,175,516494
Aoi Eir,IGNITE (TV size ver.),171,190736
Nanakura Rin (CV: Hayami Saori) & Kitahama Eiji (CV: Okamoto Nobuhiko),Blouse,179.96,2275766
LiSA,crossing field (TV Size),179,1183876
SUGAR RUSH,Irodori Canvas,180,2186781
Camellia,Flamewall,300,1533028
FRASER EDWARDS,Stop Saying We Sound Like Dragonforce,200,2336672
EDOGA-SULLIVAN,WONDERFUL WONDER (TV Size & Sped Up Ver.),185,2515511
deadmau5 feat. Chris James,The Veldt (Radio Edit),128,219447
Kasumigaoka Utaha (CV.Kayano Ai),(Vocal) you,87,345037
Asian Hideout,ERROR 403: paradise x paradigm,175,2405342
SawanoHiroyuki[nZk]:mizuki,&Z (TV size-English ver.-),158,259907
Hanasaka Yui (CV: M.A.O) feat. Koalazy,Harumachi Clover (TV Size),142,780651
Parry Gripp,I Wanna Guinea Pig For Christmas,190,1324247
Pet na Kanojotachi,Kimi ga Yume wo Tsuretekita (TV Size),135,61684
Lonely God,Marlboro Nights,176,2495896
yes we cant,wh,130,295480
kors k feat. Furukawa Mirin,Drive Me Crazy,180,54817
MindaRyn,Like Flames (TV Size),175,1511528
Italy(CV:Namikawa Daisuke),Hetalian*Jet,132,332576
Demetori,Furuki Yuanxian ~ Death Echo,200,291517
Marika,quantum jump,130,1415335
Aqua Timez,ALONES (TV Size),190.32,1770247
Koji Kondo,Enemy Battle,150.25,2564308
Ke$ha,Die Young (Nightcore Mix),175,2233819
kessoku band,Guitar to Kodoku to Aoi Hoshi,193,1922323
ONE OK ROCK,Answer is Near,188,63112
fripSide,floral summer,146,1015513
Zmey Gorynich,Sorochinskaya Yarmarka,220,1191853
Amatsuki,Nagareboshi,176,1266531
Demetori,Seijouki no Pierrot ~ The MadPiero Laughs,191,661333
Kano,Dear Brave,188,1280404
Hiina,Hide and Seek,138,1712939
IOSYS,Boukyaku no Ame,140,1109084
Within Temptation,The Unforgiving,143.25,29157
EMI,Anima Libera (Strong Edit) (Nightcore & Cut Ver.),196.32,1788259
Team.NEKOKAN,Airman ga Taosenai,200,732994
AliA,impulse,193,962863
Tarpey,Close Call,172,403612
Kotoha,Kokoronashi,84,2056172
Yousei Teikoku,Oroka na Ketsumatsu,220.01,2373395
Moe Shop,the new non non biyori disco groove,135,1031041
MIMI,Marshmary,182,2383092
Junichi Masuda,Okido Laboratory,136.5,198655
Kano,Setsuna Plus,155,814371
Tenchio,CHRISTMAS * ROCK,190,2287463
YOASOBI,Idol (TV Size),166,1973430
the peggies,Neverland,184,1314181
EMILIA(CV: Rie Takahashi),Stay Alive,70,568865
Haruna Luna,Kimiiro Signal-TV size ver.-,164,261959
PassCode,SIREN,195,1912647
Yuma Mizonokuchi feat. Ai Ohsera,Princess Lily,180,1821630
Uchida Maaya,Majo ni Naritai Hime to Hime ni Naritai Majo no Rhapsody feat. Uesaka Sumire,180,793108
Akiyama Uni,Hartmann no Youkai Shoujo,172,1730467
Simple Plan,You Suck At Love (Nightcore & Cut Ver.),180,2441966
DECO*27,HIBANA feat. Hatsune Miku,200,671199
Tama,Sonna Yume wo Mita no ~lonely dreaming girl~ (Remix),144.55,46186
Imperial Circus Dead Decadence,Uta,205,410162
Oka Soyo,OPENING,131.8,1120643
Himeringo,Idola no Circus,181,903106
Eve,Avant,186,1717220
Escape The Fate,Forget About Me (Cut Ver.),190,1429757
Ayane,FaV -F*** and Vanguard-,190,494460
raja,the light,90,299224
HoneyWorks feat. sana,Daisuki na Kototte Kuchi ni Dashite Iitai jan?,205,687879
amazarashi,Sora ni Utaeba -TV edit.-,204,637150
Hitori Tori,perthed again (yambabom remix),180,268693
Halozy,K.O.K.O.R.O,178,114220
Skee-Lo,I Wish,97.86,2161355
AliA,utopia,190,1117851
RED feat. Abydos High School Foreclosure Task Force,Mahiru no Sora no Tsuki (TV Size),132,2166521
MARETU,Tool,172,2526879
Katy Perry,Hot N Cold (Whippa Hardstyle Remix),165,2195891
Clifton David Broadbridge,Metal Fusion Theme (TV Size),185,2299760
Airi Suzuki,Heart wa Oteage (TV Size),157,1747427
PENGUIN RESEARCH,Button,182,477685
Iggy Azalea feat. Rita Ora,Black Widow (Whippa Hardstyle Remix) (Sped Up & Cut Ver.),200.6,2423225
Sasaki Sayaka,Unravel Sky,196,2187360
wuk,Sidetracked Day,200,2191876
Pyxis,"Koise yo Minna, Hai! (TV Size)",160,981859
Meiko Nakamura,Dispel,200,39640
The Wrecks,Favorite Liar (Cut Ver.),240,2269930
Ushirokara Haiyoritai G,Taiyou Iwaku Moeyo Chaos,143,52853
Dear Jane,Never Be Alone,76,1138978
HIMEHINA,QUEEN,170,1861260
ONE OK ROCK,Start Again (Cut Ver.),174,2296940
Survive Said The Prophet,found & lost (TV Size),208,816544
KISIDA KYODAN & THE AKEBOSI ROCKETS,ANCIENT FLOWER,198,978477
Aimer,Through My Blood <AM>,128,760407
LiSA,ADAMAS (TV Size),191,859718
cYsmix feat. Emmy,Tear Rain,128,140662
Petit Rabbit's,Daydream cafe (TV Size),150,167836
EMA x sekai,Yoru no Jihanki,174,1871812
eyelis,Mirai e no Tobira (OVA EDIT),167,356039
"Becky G, Maluma",La Respuesta,90,965145
GOATBED,DREAMON DREAMER,132,186366
Suzuki Konomi,Theater of Life (TV Size),198,1225615
CUPSIZE,Semnadtsatiletnyaya,144.99,2368903
Mami Kawada,JOINT,180,1764643
Kano,Stella-rium,177,386117
Kawada Mami,No buts! (TV Size),183,924000
Konohana-tei Nakai no Kai,"Haru Urara, Kimi to Sakihokoru (TV Size)",180,979801
t+pazolite,Oshama Scramble!,190,833895
Yousei Teikoku,Hades: The end,185,1607155
yuikonnu,Yume Chizu,176,650057
BABYMETAL,Gimme chocolate!!,220,452230
Three feat. Hatsune Miku,"Watashi, Kekkyoku Net ni Juujun",188,1480284
fhana,calling,71,481927
Kana Nishino,Darling,160,739368
Matsuda Arisa (CV: Murakawa Rie),Chou Jou Genki Show*Idol ch@ng!,170,957444
Virtual Riot,Prove Them Wrong,174,1216594
VINXIS,Sidetracked Day,188,728276
DJ S3RL feat. Sara,Feel The Melody,175,68053
Nardis,Cosmo Memory,175,517598
SukimaSwitch,Ah Yeah!! (TV Size),140.03,805562
SOOOO,Happppy song,226,744593
BLUE ENCOUNT,HOPE,214,685622
Kito Akari,Tiny Light (TV Size),170,1102078
Yumi Arai,Hikouki Gumo (el poco maro DnB EDIT),176,357161
Seishun Buta Yarou Cast,Fukashigi no Karte,96,868749
Yoko Takahashi,Zankoku na Tenshi no These <TV.Size Version>,128.64,672960
BABYMETAL,from me to u (feat. Poppy) (Cut Ver.),200,2387896
Mefjus,Blitz (Cut Ver.),172,1869512
Sayuri,Hana no Tou (nenpulse bootleg remix),175,2067186
Minase Inori,harmony ribbon,137,1045974
Hanon x Kotoha,Oshihen nante Yurusanai!,180,2083680
Meiko,Leave The Lights On (KROT Remix) (Cut Ver.),170,1219937
Maki Ligon & Karamitasu,Touhou vs. Fortnite Dance Compilation,200,872310
Kairiki bear feat. Hatsune Miku,BUG,186,1796464
IOSYS,Usatei 2011,190,37563
cillia,Chikatto Chika Chika,178,959603
Tia,Heart Realize (TV Size),178,939836
ReoNa,Untitled world,186,1188095
RO-KYU-BU!,SHOOT! (TV Size),141,33438
Masayoshi Minoshima feat. nomico,Bad Apple!!,138,18260
Kano,Dear Brave,188,753356
Saint Snow,DROPOUT!?,182,1115534
twenty one pilots,Shy Away,194,1657227
Toyama Nao,Gunjou Infinity,185,1751325
Maeshima Ami,Wish for you (TV Size),174,2409248
Tanya Degurechaff (CV: Yuki Aoi),Los! Los! Los!,240,570679
Ado,RuLe,132,2282715
Aether,Elements & Tale of Fire,210,1530822
Ado,USSEEWA,178,1322727
"Hashimoto Chinami, Ogura Yui & Kanemoto Hisako",BINKAN Attention (TV Size),175,143269
Itowokashi,Kanadeai,192,783769
Shawn Wasabi + YDG,Burnt Rice (feat. YUNG GEMMY),160,710329
LeaF,Calamity Fortune,200,96103
toby fox,Last Goodbye,180,2202726
MIMI,Lapis Lazuli,190,1123753
Aqours,MY Mai*TONIGHT,179,684717
Harada Hitomi,Overdrive,182,1065834
The Scrantones,The Office Theme (TV Size),169.5,1451284
Spira Spica,Ao to Kirameki (TV Size),173,2398282
The Sonder Bombs,Shoot 2 Kill,208,2467916
marina,Towa yori Towa ni,200,821400
Birdy,Wings (Nu:Logic Remix),174,319375
Two Door Cinema Club,What You Know,138.98,31517
PassCode,SKILLAWAKE,194,2296532
Hyper Potions,Time Trials,175,735903
Momohara Natsuki (CV: Murakawa Rie),Natsuzora Yell (TV Size),170,854509
Nanahira,Chikatto Chika Chika,178,945049
Unlucky Morpheus,"Top of the ""M""",208,1302388
Good Kid,Rift (Cut Ver.),198,2524377
poiss,nostalgia,169,1494766
Poppin'Party,Kira Kira datoka Yume datoka ~Sing Girls~ (TV Size),180,614346
Various Artists,Shakugan no Shana Compilation,128,119152
Two Steps From Hell,Heart of Courage,135,797366
Kano,Dear Brave,188,390668
MY FIRST STORY,Fukagyaku Replace,199.81,194394
nekodex,circles!,184,355322
HO-KAGO TEA TIME,Fuwa Fuwa Time (TV Size),180,2298662
"Tomita Miyu, Onishi Saori, Ohzora Naomi, Hanazawa Kana",Gabriel Drop Kick,168,556393
fourfolium,Now Loading!!!!,193,488630
nano,SABLE,200,305836
Marina and the Diamonds,Bubblegum Bitch,158,666700
Ito Kashitaro,Kiritorisen,165,713243
Various Artists,Nightcore Mix Compilation,168.85,89289
Printemps,UNBALANCED LOVE,123,300750
NayutalieN feat. KAFU,Secret UFO,165,1713789
Quynh Nhu,Don Coi (Instrumental),160,30956
THE ORAL CIGARETTES,Flower,192,1816708
Subplaid,Only time makes your happiness,170,48045
Rise Against,Drones,209.25,309607
Mosenite,Hydrangea,55.88,1713927
Tomatsu Haruka,courage (TV Size),196,1182742
Tsunamaru,Daidai Genome,135,2345399
Aqours,Aozora Jumping Heart,200,611367
MYTH & ROID,STYX HELIX,123,444632
ShinRa-Bansho,"Pink Kurage to, Sotto, Kiss o Shita.",194,1180982
MY FIRST STORY,Missing You,190,477251
Camellia & DJ Genki,Feelin Sky,174,414543
DECO*27,Android Girl feat. Hatsune Miku,192,1052821
96neko,Uso no Hibana,188,625669
Sasaki Shiori,Harenohi Step short ver.,135,735860
Roromiya Karuta(Hanazawa Kana),sweets parade,206,609311
Kinoshita Ringo (CV: Tamura Yukari) & Nakazawa Minori (CV: Hanazawa Kana),Mogitate Fruit Girls (TV Size),175,1193386
K/DA,"POP/STARS (ft. Madison Beer, (G)I-DLE, Jaira Burns)",170,874948
LiSA,Catch the Moment -Radio Edit ver.-,190,584079
Avenged Sevenfold,Save Me,190,2211479
Nanjo Yoshino,Kimi ga Emu Yuugure,83,1585805
Mariah Carey & u's,All I Want For Christmas Is Snow Halation,173,1886586
SMiLE.dk,Butterfly,134.92,26367
sasakure.UK,SeventH-HeaveN feat. Hatsune Miku,180,234919
CloZee,Koto,100,517055
Charli XCX,Boom Clap (kyoto Remix) (Sped Up & Cut Ver.),211.6,2431217
FELT,crescent moon,187,1195435
VINXIS,Sidetracked Day (Short Ver.),188,2310753
Afterglow,Asu no Yozora Shoukaihan,185,971896
MOMOIRO CLOVER Z,SANTA SAN (Cut Ver.),190,2288239
Inori Minase,Yakusoku no Asterism,190,2097032
Station Earth,Cold Green Eyes feat. Roos Denayer,174,1129303
PassCode,SKILLAWAKE (TV Size),194,2359629
Kano,Dear Brave (Short Ver.),188,1721545
EPICA,Victims of Contingency,210,540457
KOTOKO,Oboetete Ii yo,178,53791
Turbo & Keisari,Rockefeller Street (Eurobeat Remix),172,2489622
Nakae Mitsuki,Unreal Color,176,319538
FantasticYouth,No title,200,1009447
P*Light,SAY BAY,165,750316
NOMA,Brain Power,170,357777
Kairiki bear feat. GUMI,Manemane Psychotropic,210,1720983
DJ Sharpnel,Drrrrrrr!,179.52,20362
Fujijo Seitokai Shikkou-bu,Best FriendS,163,748836
Xi,Rokujuu-nen Me no Shinsoku Saiban ~ Rapidity is a justice,195,2474510
The Cro-Magnons,Totsugeki Rock,199,966062
3L,Endless night,148,178968
Avril Lavigne,What The Hell (Sped Up & Cut Ver.),168,1309426
CUPSIZE,"prygay, dura!",198.8,2483787
Foreground Eclipse,To The Terminus,189,277481
Our Stolen Theory,United (L.A.O.S Remix),175,953303
LiSA,Homura,76,1276706
Sayuri,Sore wa Chiisana Hikari no Youna,144,450315
ryo (supercell),ODDS&ENDS,192,59286
xi remixed by cosMo@bousouP,FREEDOM DiVE [METAL DIMENSIONS],211.11,905158
"Zachz Winner, springs!, maxwell4k",discopled,150,2491869
TUYU,Namikare,204,1115515
Jun Ishikawa,Green Greens,181,2341780
KANA-BOON,Nai Mono Nedari,175,795000
-45,System Sun,152,1616029
Poppin'Party,NO GIRL NO CRY,190,2279836
MIOYAMAZAKI,Noise,225,640797
Infected Mushroom,The Pretender,174,587602
"Team ""Hanayamata""",Hana wa Odore ya Irohaniho (TVsize),160,191246
KANA-BOON,Spiral,180,1477925
MY FIRST STORY,Kaikai Kitan (Cut Ver.),185,1569376
yuikonnu,AOI-IRO STEP,190,274645
Equilibrium,Waldschrein,200,1227182
Amatsuki,Chiisana Koi no Uta,218,534788
Mami Kawada,Contrail ~Kiseki~ (Epsilon Remix),175,461966
T.M.Revolution x Mizuki Nana,Preserved Roses,167,223530
"Numakura Manami, Seto Asami, Fuchigami Mai",Justability,180,475886
Chikamori Kayako,Kigurumi Sungeki,185,1312079
Kage,FIRST,190,194107
Sayuri,Koukai no Uta (TV Size),180,1053437
LilDeuceDeuce,EVERYBODY DO THE FLOP,200,1920362
Kenshi Yonezu,IRIS OUT,135,2441218
Arlo Parks,Portra 400,85,2377952
Roselia,Guren no Yumiya,181,825409
Tyrfing,Verflucht,180,965125
DragonForce,My Heart Will Go On,200,1658809
Yousei Teikoku,Zetsubou plantation,230,86009
Yasuda Rei,Passcode 4854 (TV Size),140,1494410
TheFatRat,MAYDAY (feat. Laura Brehm),150,798261
Silent Siren,Hachigatsu no Yoru,188,1023912
Swimy,Acchi Muite,187,529551
FLORE,GRIM (NIGHTCORE MIX),187.4,2518169
RADWIMPS,Yume Tourou,178,977916
TUYU,Loser Girl,186,1333508
Nobunaga,Shinkai Shoujo,137,28050
ClariS,Ai Wo Utae,180,725480
omu,Blusher feat. Kasane Teto,170,2384251
Our Stolen Theory,United (L.A.O.S Remix),175,237768
takehirotei,Chocolate Scramble,183,2353587
NEO,Happy End no Intro ga Kikoeru,190,926563
Herve Lavandier,Shuriken School (TV Size),160,1114339
Kano,Stella-rium,177,315655
Kawada Mami,Hishoku no Sora (TV Size),169,1149042
VINXIS,Applause,120,501719
Hikarinonakani,Blue Youth,200,2317157
Koji Kondo & Mahito Yokota,Egg Planet,154,13022
TwoThirds,Breathe,173,124458
3 Nen E Gumi Utatan,Bye Bye YESTERDAY (TV Size),180,1332626
UVERworld,Itteki no Eikyou (short ver.),190,566434
Goose house,Hikaru nara (TV Size),160,2156134
B-Komachi Ai (CV: Takahashi Rie),Sign wa B -Ai Solo Ver.- (TV Size),175,2025208
Kano,Stella-rium,177,1107950
Chata,Miren,134,23615
Lia,Bravely You,150,414352
Suzuki Konomi,Redo,190,437055
Rin'ca,Kiseki Melody,170,1081807
XXXTENTACION,Hope,146,1091268
fhana,Sorairo Picture,182,908729
Yuuhei Satellite (Arranged: Iceon) feat. senya,"Yuudachi, Kimi to Kakurega",150,455092
Manami Numakura,Climber's High!,179,568248
kurokumo x konoco,Ifuudoudou,130,656179
THE ORAL CIGARETTES,BLACK MEMORY,182,889313
wowaka,Unknown Mother-Goose feat. Hatsune Miku,222,658008
M2U,Stellar,200,773043
ParagonX9,Polar 240,240,2280225
Oku Hanako,Kimi no Hana (TV size),153.99,555792
SPYAIR,Imagination (TV Size),204,2420420
Nanamori-chu * Goraku-bu,Yes! YuYuYu*YuruYuri (TV Size),182,51442
PinocchioP,"Isn't it ""A"" feat. Hatsune Miku & Kagamine Rin",147,2321402
sphere,Hazy,125,184079
SINAKA,SENDA BELLAKONA,102,2476264
MYTH & ROID,Paradisus-Paradoxum,201,510183
BLACKPINK,Kill This Love,132,1092466
TOGENASHI TOGEARI,Bleeding Hearts,200,2196885
MY FIRST STORY,Second Limit,190,566406
Galileo Galilei,Aoi Shiori (TV Size),132,83764
Suzuyu,Mezameta Asa ni wa Kimi ga Tonari ni (TV Size),140,143812
ARTMS,Virtual Angel,166,2273328
Mutsuhiko Izumi,Snow Goose,200,2091512
Inori Minase,Aimaimoko,133,651721
Nanamori-chu * Goraku-bu,My Pace de Ikimashou,190,36569
765 MILLION ALLSTARS,Brand New Theater!,177,1696855
Toby Fox,Queen,170,1620099
Duo Duo poi,Bao Bei Bao Bei (Cut Ver.),126,1393416
Ryokuoushoku Shakai,Shout Baby (TV Size),180,1736219
mafumafu,Toosenbou,176,873264
ZUN,The Venerable Ancient Battlefield ~ Suwa Foughten Field,168,100444
Yorushika,Aruku,200,1108809
Katakiri Rekka & Suzuyu,Girl meets Love,185,333947
LiSA,Kimi ni Pierrot,177,441167
Amane,TWEEKER,165,257165
Station Earth,Cold Green Eyes feat. Roos Denayer (Nightcore & Cut Ver.),208.78,2297262
Nanamori-chu * Goraku-bu,Yuriyurarararayuruyuri Daijiken (TV Size),175,877973
WALKUERE,Ichido dake no Koi nara,172,451560
CHiCO with HoneyWorks,Heart no Shuchou,185,1112051
ayase rie,yuima-ru*world,180,555132
Linkin Park,Breaking The Habit,200.07,1365175
FROZEN QUALIA,M'aider,185,1351681
Tsuzuri,NAME (TV Size),183,2027396
vai5000,pretty,183.75,2462276
Farhan feat. GUMI,Dandelion,169,1025776
Yun*chi,Your song*,130,370528
"Kirisaki Chitoge (CV: Touyama Nao), Onodera Kosaki (CV: Hanazawa Kana)",Taisetsu no Tsukurikata (TV Size),126,925436
Remo Prototype[CV: Hanamori Yumiri],Sendan Life,227,411894
Qrispy Joybox,licca,196,242877
WALKUERE,Ikenai Borderline,161,454835
sweet ARMS,I swear (TV Size),168,911245
Various Artists,We are DREAMERS!!,205,1751890
JP,Boku ni Invitation (TV size),131.2,400613
Ito Kanako,Uncontrollable (TV Size),210,768065
Hanatan,Orange,90,477519
EXiNA,DiViNE (TV Size),203,1472043
Ito Kanako,Skyclad no Kansokusha,167,352726
Yousei Teikoku,Fata Morgana,200,1856477
Suzuki Konomi,Blow out,192,596580
Ushirokara Haiyoritai G,Koi wa Chaos no Shimobenari,158,1717491
RED feat. Abydos High School Foreclosure Task Force,Mahiru no Sora no Tsuki (TV Size),132,2166761
Domino Brothers,Just 4 You (Nightcore Mix),169.2,373744
3L,Be Happy*,158,973301
yuikonnu,Golden Journey,178,1528682
Trial & Error,"DAI*TAN SENSATION feat. Nanahira, Mii, Aitsuki Nakuru (Short Ver.)",174,848090
xi,Aragami (Short Ver.),196,2196253
Aimer,Zankyo Sanka (TV Size),171,1644420
NICO Touches the Walls,Diver (TV Size),149,1210277
AOA,Heart Attack,126,340444
Twin-Tails,Twintail Dreamer!,198,243078
senya,Ondosa,147,420265
Kep1er,Back to the City,177,2317927
LiSA,traumerei (TV Size),190,103281
senya,Youyoumu no Gotoku,160,110985
Mili,Colorful,192,1910670
POSHLAYA MOLLY,SHKOLA NE NUZHNA,173,776187
Tatsh,Xevel,185,1254404
Poppin'Party,KIZUNA MUSIC,189,1696521
seiya-murai feat.ALT,Sumidagawa Karenka,180,202036
ThxSoMch,SPIT IN MY FACE!,188.27,1890877
Haruna Luna,TRUE STORY,172,217640
STYLE FIVE,SPLASH FREE (TV Size),128,104169
Fo'xTails,Contrast (TV Size),180,429116
BLUE ENCOUNT,FREEDOM (TV Size),204,862121
Royal Republic,Addictive,136,393865
LeaF,Wizdomiot,200,336099
Murakawa Rie,Distance (TV Size),177,1008958
senya,Saihate no Kotoba,155,174417
Helblinde,Above the Clouds,180,344252
ZYTOKINE,Dancing Dollz feat. cold kiss - REDALiCE Remix,175,690966
Serizawa Yu,Devi-kyuu (TV Size),180,1317972
fhana,little secret magic,196,465300
Sekirei Cast,Hakuyoku no Seiyaku ~Pure Engagement~ (TV Size),138,20592
ClariS,Connect (TV Size),175,24565
Girl's Day,Expectation,127,86290
DISH//,No.1 (TV Size),181,1414639
Nanahoshi Kangengakudan,Rubik's Cube,174,837869
bilbordy,ischezayu (Lieless Frenchcore Bootleg),200,2393164
Foreground Eclipse,Songs Compilation,200,765497
inabakumori,Hello Marina,176,1634616
yes we cant,wh,130,318842
joyful,"chess (slowed down, reverb & cut ver.)",112.68,2343815
himmel,Empyrean,175,1854021
Chata,Winter Bells,180,696064
Marina Rios,Sarishinohara,135,777891
ASIAN KUNG-FU GENERATION,Re:Re:,155,426992
SEVENTEEN,Don't Wanna Cry,100,618466
VINXIS,Sidetracked Day,188,1008679
glaive,i wanna slam my head against the wall,182.22,1405001
Junichi Masuda,Sentou! Champion Iris,191.95,2239337
DJ OKAWARI,Flower Dance,100,476691
Avril Lavigne,Break Of A Heartache,230,2323504
LOONA,Hi High,194,835509
"Chito (CV: Minase Inori), Yuuri (CV: Kubo Yurika)",More One Night (Assertive Hardcore Bootleg),170,734135
Tatsh,HEAVENLY MOON,185,41874
DJ Okawari,Canon (Short Ver.),98,44305
Set It Off,Why Worry (Nightcore & Cut Ver.),241.5,2510715
SPYAIR,Genjou Destruction,194,1175471
Mrs. GREEN APPLE,Ao to Natsu,185,1216255
Sayuri,Heikousen,191,567148
Set It Off,Parasite (Cut Ver.),215,2284092
Tapimiru,Hakkensha wa Watashi (Anime Size),175,602198
iKz,Huan Xiang Xiang Di Yi Tao Guang Bo Ti Cao,180,513294
Imy,Fake,190,1261105
Ogura Yui,Future Strike (TV Size),170,935836
mimimemeMIMI,Sentimental Love,138,123956
Himeragi Yukina (CV: Taneda Risa),Scarlet Flower,190,954337
Sayuri,Heikousen (TV Size),191,558315
"25-ji, Nightcord de. x KAITO",Heat abnormal,183,2375676
Koji Kondo,Athletic BGM / Course Clear Fanfare,150.2,2488869
Machico,Growing Up (TV Size),190,2164645
Bruno Mars,Marry You,145,403851
JIN ft. Shoichi Taguchi (Sentimental Vector),Kagerou Days,192,515670
Suzuki Konomi,CHOIR JAIL (TV Size),181,2159285
Blind Guardian,A Voice In The Dark,184,1672400
Comedian Harmonists,Perpetuum Mobile,161,316390
Suzuki Minori,Dame wa Dame (TV Size),182,997405
THE ORAL CIGARETTES,Flower,192,829569
chelmico,Easy Breezy (TV Size),186,1095606
KISIDA KYODAN & THE AKEBOSI ROCKETS,Yume wa Jikuu o Koete,178,1002336
Yuki Setsuna (CV: Kusunoki Tomori),LIKE IT! LOVE IT!,195,1254012
THE ORAL CIGARETTES,ReI,186,1790119
Dima Elmo,To Adventures,170,508968
REDALiCE,Rapture (Cut Ver.),170,2067431
Sephid,Subterranean Blastoff,195,2059306
Nijigasaki High School Idol Club,TOKIMEKI Runners,180,2150752
senya,Koyoi Index,140,234455
Yorushika,Gogatsu wa Hana Rokushou no Madobe kara,180,1373268
SCANDAL,Image,185,466737
Rin,Prism Magical (DJ SHARPNEL hardrave remix),186.78,39032
Yuya Matsushita,Trust Me (TV Size),98,12429
Ensiferum,March of War / Axe of Judgement,220,395739
Falcom Sound Team jdk,Inevitable Struggle -demo version-,188,533680
Feint,Watch Me,174,548833
yuikonnu,Chikyuu Saigo no Kokuhaku o,190,880938
Kugimiya Rie,Snowstorm,106,233311
BiSH,PAiNT it BLACK (TV Size),210,1897689
Kyary Pamyu Pamyu,PONPONPON,128,980453
96neko,Uso no Hibana,188,557651
Asaka,SHINY DAYS (TV Size),110,1127355
EGOIST,Namae no Nai Kaibutsu (TV Size),180,62263
Kano,Prima Stella,180,445983
Take Us To Vegas,For The Love Of The Game (Nightcore & Cut Ver.),207.05,2282701
Imai Asami,Asayake no Starmine (Anime Ver.),130,328095
Pendulum,The Island (MaxNRG Remix),174,48284
Marcus King,Sucker,148,2277680
Kuki Akumu,Ki ga Kurutta Noise,180,1569753
Hoshi Syoko (CV: Matsuda Satsumi),Zettai Tokken Shuchou Shimasu! Hoshi Syoko Solo Remix (Cut Ver.),200,2241059
Hana,Sakura no Uta,180,738656
ShinRa-Bansho,I,196,2102240
U149,Yorimichi Little Star (TV Size),189,1982463
A.SAKA,KAGUTSUCHI,178,2091775
THE ORAL CIGARETTES,Flower,192,878327
Kino Hiko,The Noise of Rain,204,613928
yanaginagi,Zoetrope (TV Size),184,73155
SHIKI,Pure Ruby (Game Ver.),178,2179269
Unlucky Morpheus,BPM210 no Shanghai Alice (Instrumental),211,2445629
sweet ARMS,Date a Live,178,95220
Hazuki,Legend of Millennium,192,785703
Super Chorogons,Maid with Dragons (TV Size),140,1514404
ONE OK ROCK,One by One (Cut Ver.),197,1700637
Aqours,Dance with Minotaurus,166,1088997
Katy Perry,E.T. (Nightcore Mix),188.06,33761
BlackYooh vs. siromaru,BLACK or WHITE?,185,144158
The Living Tombstone,No Mercy (feat. BlackGryphon & LittleJayneyCakes),105,1383165
THE ORAL CIGARETTES,BLACK MEMORY (Cut Ver.),182,1434327
marina,Towa yori Towa ni,200,143507
Kairiki bear feat. GUMI,Manemane Psychotropic [Album Ver.],210,1156937
Akatsuki Records,Sci-Fi ROMANCE TRAVELER,139,857507
Sayuri,Tsuki to Hanataba,175,742460
solfa feat. KOTOKO,Bum-out! (Game Ver.),185,2262092
Renard,Because Maybe! pt. 2,220,149471
Nekomata Master,Caring Dance,101,1673628
Kicco,Kokoro Hare (Short Ver.),135,32139
CHiCO with HoneyWorks,"Watashi, Idol Sengen",180,831747
DragonForce,Above the Winter Moonlight,200,419588
Silent Siren,Cherry Bomb,190,435284
Okada Rio,Shin'en no Decadence,158,2397478
B0UNC3,Distorted Reality,149,12609
HERO,"""Tenohira"" (TV Size)",207,1091595
Horie Yui,Poker Face (TV Size),136,122469
supercell feat. Hatsune Miku,Black*Rock Shooter (TV Size),165,823487
Renard,ENDLESS QUEER,180,306028
DIALOGUE+,Omoide Shiritori (TV Size),172,1624315
ke-ji feat. Nanahira,Ange du Blanc Pur,182,1188740
LiSA,Catch the Moment,190,572897
Suzuki Konomi,Redo,190,456524
Halozy,Paranoid Lost,176,440925
Yousei Teikoku,Kokou no Sousei (Cut Ver.),240,2312148
Rokudenashi,Blizzard,182,1883140
"Miki Sayaka (CV: Kitamura Eri), Sakura Kyoko (CV: Nonaka Ai)",and I'm home,125,786689
Hayami Saori,Sono Koe ga Chizu ni Naru (TV EDIT),161,395252
Sakakibara Yui,Wondering Truth (Short Ver.),127,34844
Ito Kanako,Fatima (TV Size),179,898005
NJK Record feat. 3L,Search for the butterfly,160,808010
HO-KAGO TEA TIME,Kira Kira Days (Cut Ver.),200,2478619
"25-ji, Nightcord de. x MEIKO",IDSMILE,171,2313845
LiSA,EGOiSTiC SHOOTER,202,253313
wotoha,O108ROCKET (feat. Neko Hacker),200,1510106
Liz Triangle,Witches night,154,1941490
Mili,Compass,88.13,2284793
"Stromae, Pomme",Ma Meilleure Ennemie,88,2285538
Las Ketchup,The Ketchup Song (Asereje) (Spanglish Version),185,387560
KORDHELL x ANAR,JUNBI,145.99,2232344
yuikonnu,Heart no Atoaji,186,547504
Primary,in the Garden,224,492525
PELICAN FANCLUB,Sangenshoku (TV Size),200,1047733
hanser,No title,200,886368
Tristam & Braken,Frame of Mind,175,514788
"JO*STARS ~TOMMY, Coda, JIN~",JoJo Sono Chi no Kioku ~end of THE WORLD~ (TV Size),220,961598
HOYO-MiX,If I Can Stop One Heart From Breaking,160,2136372
Ayane,FaV -F*** and Vanguard-,190,452690
Aitsuki Nakuru,Kimi no Shiranai Monogatari,165,2480171
Sewerslvt,Cyberia Lyr3,200,2443939
Epica,Martyr of the Free Word,100,362500
Kano,Walk This Way! (Cut Ver.),260,1127002
Aoi Eir,IGNITE (TV Size),171,190187
UNDEAD CORPORATION,MEGALOMANIA,270,2280680
xi,Blue Zenith,200,292301
Cornelius Link,Astronomia (Medieval Style),130,1159452
MY FIRST STORY feat. chelly (EGOIST),"1,000,000 TIMES",200,1083237
Giga-P,Electric Angel,150,172900
Mimori Suzuko,Univer Page (TV Size),187,901187
Celldweller,Weaponized,100,616637
Cartoon,Whatever I Do (feat. Kostja) (Cut Ver.),174,2194988
Brad Breeck,Lucky Me (feat. Courtney Fortune),174,1857524
Alisa Takigawa,Sayonara no Yukue (TV Size),170,2248600
Hiiragi Magnetite,Tetoris,170,2297706
sana,Senpai.,162,637706
Koji Kondo,MAP4(Native Star),126.91,662679
Tenacious D,To Be The Best,180,601419
xi,Ascension to Heaven,200,968656
The Bobo's,Quinoa,123,462231
Alohaii,Heart Of Glass (feat. Rachie),113,2573327
Will Stetson,First Storm -Japanese Version-,190,1210496
Vorovaiki,Devchonka ryjaya,140,464507
Shika-bu,Shikairo Days (TV Size),183,2208031
TSUNKU,Shugyou no Thema,189,660914
WAGAMAMA RAKIA,GR4VITY G4ME,200,2228603
YUPPA,Mimikyu no Uta,96,696351
Yousei Teikoku,Wahrheit,180,176934
red glasses,Like a pop'n music,176,1139462
Alya (CV: Uesaka Sumire),World is Mine (TV Size),165,2245354
Jeff Williams feat. Casey Lee Williams,This Will Be the Day (TV Size),190,2306930
senkhyu,pweh,183.03,2092512
Silver Forest,Marisa*Quest ~Otakara Sagashi Daisakusen~,156,40976
T-ara,Apple Is A,136,674229
Yusadesu,Now Loading!!!!,193,602242
Yuyoyuppe,AiAe,180,257793
ELISA,Real Force (TV size),168,479470
Disasterpeace,Jolly Frolic,160,189825
ONE OK ROCK,The Beginning (Cut Ver.),182,1183055
Nakamura Meiko,Core of Spark,195,2370968
CHiCO with HoneyWorks,Ai no Scenario (TV Size),180,1278201
AKINO with bless4,Yuki no Youni,184,532165
MIOYAMAZAKI,Negaigoto,200,1408685
Asaka,SHINY DAYS (TV Size),110,723592
Roselia,Six Trillion Years and Overnight Story,186,790041
yanaginagi,Outsider,190,1427296
SID,Ranbu no Melody (TV Size),192.1,1189202
BiSH,PAiNT it BLACK (TV Size),212,936345
Roselia,Neo-Aspect,180,993864
Yorushika,Odorouze,190,2286887
Hatsune Miku,Rubik's Cube,174,33651
THE ORAL CIGARETTES,CATCH ME,184,789885
BPM15Q,GOOD LUCK,174,1123764
WORLD ORDER,Let's start WW3,124,925682
Tate McRae,she's all i wanna be (cut ver.),160,2315719
beethow,klik klak brazil strelyayet,223,2252051
MAX COVERI,RUNNING IN THE 90'S,158.5,739262
toby fox,Sentou! Battle Tower,260,2276943
GARNiDELiA,Burning Soul,175,928947
Tsubaki,Kyun Kyun Tamaran Inaba-tan.,180,98711
SayMaxWell,Build Our Machine [Remix] feat. Triforcefilms,140,1002784
Sleeping With Sirens,Better Off Dead (Cut Ver.),190,2281397
Saint Snow,DROPOUT!?,182,1385020
Set It Off,Partners In Crime (Cut Ver.),190,2252260
Hanasaka Yui(CV: M.A.O),Harumachi Clover,142,567163
Ceui,Kibou no Uta (Game Ver.),180,2506602
BABYMETAL,Arkadia,200,1695872
NOMELON NOLEMON,SAYONARA MAYBE,169,2355037
Sagara Kokoro,Hoshizora no Ima,185,701549
Mind Vortex,Alive,173,205309
yaseta,Bluenation,180,2449891
ChouCho,BLESS YoUr NAME,190,300612
Oratorio The World God Only Knows,A Whole New World God Only Knows (TV Size),153,29100
Katy Perry,Part Of Me (Whippa Hardstyle Remix),170,2178003
Milkychan,Stronger Than You -Chara Response-,98,413707
Jin Yan Xie,Dancing Kong Fu,145,29706
Amatsuki,Letters to me,190,1367704
Isekaijoucho,"Fairytale,",194,2279095
Harumaki Gohan feat. Hatsune Miku,Hotaru wa Inakatta,206,1676960
Yoshioka Kiyoe,DEKOBOKO (TV Size),182,1767814
Silent Siren,Hachigatsu no Yoru,188,431708
CHiCO with HoneyWorks meets Nakagawa Shoko,Mr. Darling (Cut Ver.),186,879877
Aitsuki Nakuru,Monochrome Butterfly (Cut Ver.),175,2292009
Traktion,Mission ASCII,174.5,53249
Jon Sudano,BRING ME TO LIFE VOCAL COVER 2016 (OFFICIAL),93,1076923
Mr.FanTastiC,"Liar,Liar",225,1233707
Amatsuki,Kimi Dake wa.,175,919884
Chiyoko,Baby Fantastic! (Short Ver.),180,1798516
Nanaki feat.GUMI,Mousou Kajitsu,200,524966
NateWantsToBattle feat. Amanda Lee,Kuusou Mesorogiwi,230,356752
bilbordy,slishkom pozdno,185,2108626
SPYAIR,Sakura Mitsutsuki (TV Size),179,933863
Jang Sukhui,Annyeong! Digimon,130,523959
Aline Barros,Eu Li Na Biblia (Sped Up & Cut Ver.),216,1742218
Ryu* feat.Mayumi Morinaga,Din Don Dan,140,469782
Team Nekokan,Can't Defeat Airman,200,24313
"Chito (CV: Minase Inori), Yuuri (CV: Kubo Yurika)",More One Night (Assertive Hardcore Bootleg) (Short Ver.),170,774632
Sadohara Kaori,Still Sis (TV Size),175,1352112
Official HIGE DANdism,Same Blue (TV Size),184,2299028
d4vd,Dirty Secrets,174.9,1897563
Nakanoke no Itsutsugo,Minamikaze (Game Ver.),165,1370765
Ayane,Resilience,163,1008301
KISIDA KYODAN & THE AKEBOSI ROCKETS,GATE ~Sore wa Akatsuki no You ni~ (TV Size),200,1561442
Touyama Nao,Heart Pattern (TV Size),135,153352
Pecorine (CV: M.A.O),Tobikiri Dear My Friends! (Short Ver.),173,2243765
TOMATO GUMMY feat. Shirakami Fubuki,FINE!! (Cut Ver.),174,1298047
Alice Schach and the Magic Orchestra,Give Me a Nightmare,190,1257490
Knife Party,Ghost Town,125,1643731
Memme,BSPower Explosion,180,44967
SUPER BEAVER,Rashisa,168,190486
Hanazono Tae (CV: Otsuka Sae),Hanazono Denki Guitar!!!,188,943947
Silent Siren,Routine,176,859606
Crayon Pop,Saturday Night,136,112214
Rohi,Kodoku Egoism,185,58737
Aimer with chelly (EGOIST),ninelie (TV size),86,444285
TatshMusicCircle,Raikou -3rd Desire-,178,143316
MAN WITH A MISSION,My Hero,180,689957
THE ORAL CIGARETTES,MIRROR,202,846599
Ryu*,Rondo Alla Turca (Ryu* Remix),142,34468
Mia REGINA,My Sweet Maiden (TV-size),204,606419
V.W.P,Reincarnation (TV Size),186,2304384
Memme,Avalanche,175,611095
Aoi Eir,IGNITE (TV size ver.),171,190961
amazarashi,Sora ni Utaeba,204,1305320
BTS,FAKE LOVE,77.5,787712
u's,MOMENT RING,196,437113
ZUN remixed by LeaF,Resurrection Spell,180,292644
Blue Stahli,Shotgun Senorita (Zardonic Remix) (Cut Ver.),175,2013984
Matrix & Futurebound ft. Luke Bingham,All I Know,174,775765
Underoath,A Moment Suspended in Time,176,407575
DIALOGUE+,Omoide Shiritori (TV Size),172,1424129
Perfume,Kokoro no Sports,140,61482
"Yuuki, Ayana & Risa",happy*lucky (Short Ver.),145,51749
Minato Aqua,Ren'ai Strategic,180,2228741
Nanamori-chu * Goraku-bu,My Pace de Ikimashou (TV Size),190,868045
Aitsuki Nakuru & nayuta,Colorful,178,1853846
CHiCO with HoneyWorks,Heart no Shuchou,185,453230
Good Kid,Tell Me You Know (Cut Ver.),192,2365672
GARNiDELiA,Yakusoku -Promise code-,198,727714
Goose house,Hikaru nara -TV size-,160,221408
penoreri,Everlasting Message,230,302447
Nor,RE Aoharu,180,1927451
Kuriyama Chiaki,Ryuusei no Namida,140,79705
Azari,Sell a Friend,180,2563269
ElyOtto,SugarCrash!,97.75,1376120
Twilight Force,Valley of the Vale,190,1913010
Kano,Yuudachi no Ribbon,230,556174
Meychan,Panda Hero,190,1888311
eyelis,Kizuna ni Nosete (TV EDIT),136,335107
YOASOBI,Kaibutsu (TV Size),170,1329716
amazarashi,Kyoukaisen (TV Size),187,1592522
Hiroshi Kitadani,We Are! (TV Size),168,15440
Tomita Miyu,OveR (TV Size),198,1775596
Korpiklaani,A Man With A Plan,160,844658
August Burns Red,Generations,200,1021464
Amatsuki,DORAEMON (Cut Ver.),160,2369776
Who-ya Extended,VIVID VICE (TV Size),184,1349363
MY FIRST STORY,REVIVER,200,901188
"Kondo Koji, Minegishi Toru",Rockville no Shinden (Omote),100,873827
kis-kis,tinder (Cut Ver.),148,1730289
Cho Tokimeki Sendenbu,SUKI! ~CHO ver~,165,1961181
Pathfinder,The Whisper Of Ancient Rocks,200,1989081
YuugouP,YELLOW TRICK,175,237515
Gourski x Himmes,Silence,174,789905
nmk,sola,195,183267
Lady Gaga,Monster,120,54875
Ceui,Shinai Naru Sekai e,90,408441
Tokai Teio (CV: Machico),Teio Teio Teiteio (Extended Edit),150,2404829
Project Grimoire,Excalibur ~Revived resolution~,200,737852
nano,Rock on.,190,1099953
Aqua Timez,Saigo made II (TV Size),177,1187395
Wienners,FACTION (TV Size),190,1592825
Nishikino Maki(CV.Pile) & Yazawa Nico(CV.Tokui Sora),Zurui yo Magnetic today,180,455273
FOLiACETATE,Heterochromia Iridis,223,106443
JENNIE,SOLO,95,959292
Takanashi Yasuharu,Doku Ryuu no Cobra,200,1561963
yuikonnu,Kakushigoto,200,122605
V.W.P,Reincarnation (TV Size),186,1675997
Linkin Park,Guilty All The Same (feat. Rakim),200,1351724
Tommy Richman,MILLION DOLLAR BABY,138,2190046
MISATO,Necro Fantasia,175,882839
Nakiri Ayame,Kaishin no Ichigeki!,236,939512
Yorushika,Makeinu ni Encore wa Iranai,190,1121135
senya,Shinkai yori Ai o Komete,160,223048
TUYU,Under Heroine,210,1982170
Aimer,Brave Shine (TV size),85.5,300858
eufonius,Megumeru (short ver.),145,393727
Shiro Sagisu,Next Episode,146.15,1572967
Mami Kawada,Contrail ~Kiseki~,168,425986
Wakeshima Kanon,"World's End, Girl's Rondo (Asterisk DnB Remix)",175,989347
Kitadani Hiroshi,We Go! (TV Size),176,787134
Hanamaru Hareru,Xue Mao Jiao,115,1065445
happy30,As the wind blows,178,355073
MY FIRST STORY,2 FACE,205,984481
Sasaki Sayaka,Unravel Sky,196,2270197
Helblinde,Above the Clouds,180,416444
Charlie Clouser,Hello Zepp,137.14,403759
Tomatsu Haruka,Resolution (TV Size),195,1050419
Panic! At The Disco,Emperor's New Clothes,94.5,375957
Saiya,Remote Control,165,530445
Earth Star Dream,Yumeiro Toridori Parade,138,424327
BLUE ENCOUNT,DAYxDAY (TV Size),193,303757
DJ NAGAI feat. Ayumi Nomiya,Mono Logic,186,549745
Pierce The Veil,A Match Into Water,196,368064
Pusher,Clear feat. Mothica (Shawn Wasabi Remix) (Cut Ver.),102,1437681
Owl City & Carly Rae Jepsen,Good Time,126,100019
"Hanako (CV: Kino Hina), Olivia (CV: Nagae Rika), Kasumi (CV: Kohara Konomi)",Three Piece (TV Size),163,835472
ryu5150,Louder than steel,190,993306
Starset,DIE FOR YOU,150,2568303
SawanoHiroyuki[nZk]:Yuuri,Till I,77,1606345
Itowokashi,Kanadeai,192,949903
Yousei Teikoku,Destrudo,180,46349
Harano Oni,Yomei Senkoku,185,2234623
Rita,"Laugh it up, Roll with it!",210,1963851
NIGHTMARE,Alumina (TV Size),185,1172199
kessoku band,Guitar to Kodoku to Aoi Hoshi (TV Size),193,1919399
Wondermints,The Replacements Main Title (TV Size),189.02,2244390
Ayaka Ohashi,Wagamama MIRROR HEART,181,554847
Ray,a-gain,133.4,437998
Cascada,Bad Boy (Nightcore Mix),169.4,72051
Dizzy Sunfist,Decided (TV Size),215,2207983
THE IDOLM@STER FIVE STARS!!!!!,CRYST@LOUD,190,2052904
TRUE,Storyteller (TV Size),192,1342862
MOB CHOIR feat. sajou no hana,99.9 (TV Size),168,907400
Aoyama Misao,Distance,136,89930
Titancube,Warp Drive,170,472890
t+pazolite,cheatreal,200,88180
Minazuki Airi with Atsushi,"Daisuki, Evolution",190,611004
ClariS,Hitorigoto -TV MIX-,165,596902
Amatsuki,Outer Science,195,134767
Nekomiya Eto,Bunny Girl,160,2299543
KOTOKO,bumpy-Jumpy!,190,822997
THE ORAL CIGARETTES,Amy,182,943829
Vickeblanka,Black Rover (TV Size),204,1224232
BlackYooh vs. siromaru,BLACK or WHITE?,185,248876
Various Artists,Songs Compilation III,185,1132633
Wakeshima Kanon,"World's End, Girl's Rondo(Asterisk DnB Remix)",175,331499
cinema staff,great escape (TV Size),184,110220
Billie Eilish,bad guy,135,964675
The Prince Of Sinewaves,Ori and The Blind Forest (POS remix),105,347649
HoneyWorks,Ima Suki ni Naru. ver.Capi,170,286383
Roberto Colombo,Tutti Beautiful,163.32,135227
Kusunoki Arisu (CV: Horinaka Yuki),Owaranai Marionette,200,2056032
King Gnu,SPECIALZ (TV Size),117,2053835
Zachz Winner,doodle,160,2253429
Yasuharu Takanashi,Dokuryuu no Cobra,200,2329714
inabakumori x Neru,Roleless Weapon,180,1949918
nu11,Running Out Of Time,200,958319
cillia,"Fairytale,",194,2315194
Dimrain47,Midnight Siege,150,46936
MojaP,Kagamine Hachihachi Hana no Kassen,166,218443
PinkPantheress,Take me home,172,2464472
O2i3,TSLove,185,1197928
Shika-bu,Shikairo Days (TV Size),183,2208590
senya,Yukitoke Realism,143,252385
Harada Hitomi,Kyoumei no True Force,187.5,454893
Galileo Galilei,Aoi Shiori,132,316861
Naoki Miki (CV: Takahashi Rie) & Ebisuzawa Kurumi (CV: Ozawa Ari),Unhappy End World,186,823259
Hanabasami Kyo,Charles (Arrange ver.),142,1001673
Meychan x Gero,MATORYOSHKA,205,1821864
Halozy,Genryuu Kaiko,173,286460
Halozy,Kanshou no Matenrou,183,436799
Nogizaka46,Yubi Bouenkyou,180,1164077
Nekomata Master feat. Misawa Aki,chrono diver -fragment-,185,372200
Hanasaka Yui(CV: M.A.O),Harumachi Clover,142,649373
3LAU,Jagger Bomb,128,192763
Mizuki Nana,Shin Ai (TV Size),133,58251
goreshit,burn this moment into the retina of my eye,217,359890
Last Note. feat.mirin,Fake out,215,321002
cygnus,Violet SunLight,145,2152760
IOSYS,Tanoshii Yoru no Ochakai - Ringo's Tea Party,175,374858
Crystal Castles,Affection (Mr.Kitty vs Invisibles Remix),100,699588
Priority One & TwoThirds,City Needs Sleep (Fox Stevenson Remix),175,821050
THE ORAL CIGARETTES,ReI,186,1465638
azusa,Check my soul (TV Size),153,1683093
Arash,Temptation (feat. Rebecca) (Nightcore Mix),126,2235601
seleP,ReLief,120,2322524
FELT,OUR SHIP,144,403065
Kijibato,w/WWW feat. Hoshimiya Toto,166,1312343
TUYU,Kuraberarekko (TUYU Remix),194,1182767
Tennoji Rina (CV: Tanaka Chiemi),Tsunagaru Connect (TV Size),175,1333517
Rita,Dream Walker,175,50978
Nishino Kana,if,123,73413
MARETU,Tool,172,2494533
Mitsunori Ikeda feat. Aimee B,Fallen Angel (el poco maro Remix),176,710848
Porter Robinson,Flicker,92,284931
sana,Packet Hero,236,936698
Panda Eyes,Euphoria,174,747818
kis-kis,ne uchi (Cut Ver.),195,1331950
Mrs. GREEN APPLE,Ao to Natsu,185,824592
Lily,Marie-Luise,130,31408
Junichi Masuda,Battle! (Champion),187,2119739
Yuna (CV: Kanda Sayaka),delete,157,971212
Chitose Sara,Arcadia (Short ver.),178,491559
Aqours,Kimeta yo Hand in Hand,191,2381196
LADANIVA,Jako,133.33,2189366
sumika,Fiction (TV Size),123,826106
yax03,down,172,2419109
nano,SAVIOR OF SONG (feat. MY FIRST STORY),192,743684
i.o,Aoiro Step,215,1733209
Various Artists,Super * Affection,184,1508326
Spira Spica,Pyramid Daigyakuten,180,1645708
Syuiro,Ama no Jaku,200,39817
Angerfist,Knock Knock,170,2112582
Uchida Maaya,youthful beautiful (TV Size),168,928014
The Quick Brown Fox,The Big Black,180.15,867737
mary x jon-YAKITORY,Koko de Ikiteru,190,1541131
Iori Nomizu,miele paradiso,176,478304
KOCHO,"Hanyamaru Manten, Zenitendou. (TV Size)",139.5,1662256
yuikonnu,Ai no Scenario,180,282375
CircusP,Copycat,137,1176418
Yousei Teikoku,Mischievous of Alice,185,623960
Getter Jaani,Rockefeller Street (New Nightcore) [#Rockefellerstreet Remix] (Cut Ver.),162,2534258
Ayalis,Ai o Chikaishi Hime Kazari,210,2213350
nano,Rock on.,190,920466
DECO*27,Kisou Honnou feat. Yuuki Aoi,145,144367
Dreamcatcher,YOU AND I,194,787672
AliA,impulse,193,1133470
Barbarian On The Groove feat. Chata,Gruppo,180,2106992
HyuN,Illusion of Inflict,170,891366
"Yagi Yuki, Saeki Iori, Izawa Shiori, Itou Miku, Noguchi Yuri, Mizutani Marin",Shiny Happy Days (TV Size),188,1145925
Suzuki Konomi,Realize (TV Size),206,1190719
David Wise,Title Theme,161.75,573827
HARU NEMURI,Trust Nothing but Love,230,2292103
youman feat. GUMI,Worst Regret (Sped Up & Cut Ver.),215,2402889
YOASOBI,Gunjou,135,1318120
senya,Zouka de Arou to Shita Mono,155,495283
Linked Horizon,Guren no Yumiya,180.68,105656
Pierce The Veil,King For A Day (feat Kellin Quinn),226,297909
Getter Jaani,Rockefeller Street (New Nightcore) [#Rockefellerstreet Remix],162,2534169
Toyama Nao,FLOWER,190,1882592
TUYU,Itsuka Otona ni Nareru to Ii ne.,176,1773106
Murasaki Shion,KING,166,1301332
Ice,Amber Wishes (Deemo edit),195,1610241
Hanasaka Yui (CV: M.A.O),Harumachi Clover (TV Size),142,2211003
Trial & Error,DREAMING COLOR (Short Ver.),176,2524884
DragonForce,Cry Thunder,130,871946
nano,Bull's Eye (TV Size),197,1198327
Uehara Rena,Todokanai Koi '13 (TV EDIT),135,231691
ITO KASHITARO,Yuudachi no Ribbon,230,479811
MIMI,Marshmary (Cut Ver.),182,2528346
Hotaru Murasaki,Re:TrymenT,190,625986
SpellingPhailer,Science Blaster (Cut Ver.),180,2148832
Yamajet feat. Hiura Masako,Sunglow,180,1872054
positive MAD-crew,Mynarco Addiction,181,323329
Celldweller,Good L_ck (Yo_'re F_cked),178,1069112
SCREEN mode,Reason Living (TV Size),183,761801
Denkishiki Karen Ongaku Shuudan,Satsuriku no Keifu,210,1140608
sana,"Sayonara, Teddy bear",180,1745782
STEREO DIVE FOUNDATION,Chronos (TV Size),200,1049950
Hikari no Naka ni,Blue Youth,200,2375492
Inui Toko,Kimagure Romantic,170,1130251
Aoi Eir,I will... (TV Size),176,1217278
bradbreeck,Grab Some Sun,155,432143
Tadokoro Azusa,Junshin Always,180,838515
Demetori,Kagayaku Hari no Kobito-zoku ~ Counter-Attack of the Weak,184,347021
*namirin,The Noise of Rain,204,602178
*namirin,Koi no Hime Hime Pettanko,178,613083
DJ SHARPNEL,Mmmmmmm,192.9,2475283
Fractal Dreamers,Scarlet Night,175,986376
i.o,Hanikamu Kimi ni Koi Suru Watashi,189,1295673
Suzushiro,Wagamama Dorumiru,142,436392
marshmello,KnOw ME (Original Mix),142,651703
765 MILLION ALLSTARS,UNION!!,172,919187
Station Earth,Cold Green Eyes feat. Roos Denayer (Cut Ver.),174,2272449
ICHIKO,I SAY YES ~TV version~,167,318721
HERO,Tenohira,207,325673
Ray,<3 km/h (TV Size),185,571375
Halcyonic Falcon X,Crystalis Fantasia,140,99653
All Time Low,Monsters (feat. Demi Lovato and blackbear) (Sped Up Ver.),178,1758348
Hito Ookami,Decisive Battle! Ho-Oh!,180,24875
Juztan,#WE <3 YURI,230,2458992
EMILIA (CV: Rie Takahashi),Stay Alive,70,488396
Reol,Streaming Heart,210,339335
Chikuwa,Jinsei Matatabi,186,1123944
AZU,To You...,170,1661671
Feint,Vagrant (feat. Veela),175,354792
Amatsuki,Chiisana Koi no Uta,218,2167949
Fox Stevenson,Take You Down,174,1098490
Yuki Setsuna (CV: Kusunoki Tomori),LIKE IT! LOVE IT!,195,1905903
"ANGUISH, EXILED & elfass",Gulyayu,200,2180849
THE ORAL CIGARETTES,Red Criminal (TV Size),192,1502178
Horie Yui,Asymmetry (TV Size),173,748291
Jun.A,The Refrain of the Lovely Great War,180,24325
Yuna (CV: Kanda Sayaka),Break Beat Bark!,188,878387
THE ORAL CIGARETTES,Songs Compilation,192,1253015
Nogizaka46,Yubi Bouenkyou~Anime Ban~,180,70589
Memme,China Dress,175,137665
Kano,Stella-rium,177,301000
Kotoha,Ai Kotoba IV,139,1798615
ClariS,SHIORI,176,720193
Dimrain47,At the Speed of Light,162,2399376
Rin'ca,Pleasure garden,153,816852
Twilight Force,Dawn of the Dragonstar,175,1837608
MYTH & ROID,Paradisus-Paradoxum,201,483503
Yiruma & Skullee,River Flows In You (A Love Note),140,99401
Kitadani Hiroshi,Us! (TV Size),182,2116784
Calvin Harris feat. Ellie Goulding,Outside (Whippa Hardstyle Remix),170,2280350
MIOYAMAZAKI,Noise (English Ver.),225,2198760
Primastella,Koigokoro,140,750963
SNoW,Sakasama no Chou,90,2189628
ORANGE WOLKE,MAMMAMMAMMAMMAMix,127,308942
eyelis,Kizuna ni Nosete,136,1799321
Nightwish,Amaranth,128,24496
sana x HoneyWorks,Yakimochi no Kotae,190,2394331
LiSA,Hi FiVE!,178,480669
SAWTOWNE,M@GICAL*CURE! LOVE <3 SHOT!,192,2326992
blobdash,ARE WE FLOATING IN SPACE,190,2206504
Kamishiro Ami,MUGEN MIRAI (Short Ver.),139,47786
FLOW,Sign (TV Size),178,805479
nasuo*,Honey Jet Coaster (TV Size),175,1739551
BiSH,Futari Nara (TV Size),198,1180654
Groove Coverage,Poison (Nightcore & Cut Ver.),178,2281428
SuperSweep,All of you is all of me,160,228789
Mitsukiyo,Kimi to Boku no Sekai (feat. *namirin),190,2002789
SOUND HOLIC,Airman ga Taosenai (SOUND HOLIC Ver.),175,829145
Mia REGINA,Choumusubi Amulet (TV Size),193,576534
Erik McClure,Europa,100,2128545
Sati Akura,Chikatto Chika Chika,178,1038445
hitorie,Montage Girl (Cut Ver.),235,2204592
ULTRA PRISM with Ika Musume (CV: Kanemoto Hisako),Shinryaku no Susume (TV Size),185,1008640
MY FIRST STORY,2 FACE,205,1260801
Joji,YEAH RIGHT,84.5,817776
"Emilia (CV: Takahashi Rie), Rem (CV: Minase Inori), Ram (CV: Murakawa Rie)",Re:lation,135,987596
Reol,drop pop candy,130,1348735
Suzuki Konomi,Zenbu Kimi ga Ita kara Shittanda,185,1582736
solfa feat. yuki,Yami no Rinne (Game Ver.),174,2329416
MUKKA,DEVOCHKA S KARE,150,956109
Subplaid,If you went out with friends in a way,185,40327
Maroon 5,Sugar,120,1457807
goreshit,there are no angels here.,187,514938
Snow Man,Grandeur (TV Size),128,1380176
"Hanako (CV: Hina Kino), Olivia (CV: Rika Nagae), Kasumi (CV: Konomi Kohara)",Three Piece (TV Size),163,828856
Minato Aqua,Kimi no Saioshi ni Shite yo!,192,2222376
fromis_9,LOVE BOMB,154,1849271
nano,MY LIBERATION (TV Size),190,831030
S3RL feat. Kayliana,You Are Mine,175,1294750
(K)NoW_NAME,Welcome to Chaos (TV Size),185,1306479
Bonde da Oskley,Sereia do Mar,130,240158
ONE OK ROCK,Clock Strikes,192,1289103
VINXIS,Greetings,200,1038319
cillia,FIRST,190,2124284
Yuki Yomichi,DIVINE TUNING,188,1902990
Mitsunori Ikeda ft. Aimee B,Fallen Angel (El Poco Maro Remix),176,36319
HO-KAGO TEA TIME,"NO, Thank You!",181,401903
*Namirin,Yasashisa no Riyuu,177,405570
ClariS,Dreamin',142,51739
PENGUIN RESEARCH,Fire and Fear (TV Size),195,2232753
Celldweller,End of an Empire,175,404844
Pendulum,The Vulture,140,24163
Machine Gun Kelly,maybe feat. Bring Me The Horizon,176,1843849
Aso Natsuko,More-more LOVERS!!,182,1062273
Porter Robinson,Everything Goes On (Star Guardian Version),157,1806908
Tamura Yukari,Fantastic future (TV Size),172,90834
Terashima Takuma,Nameless Story (TV Size),195,872538
Aitsuki Nakuru,Dramatic Star (Cut Ver.),188,1197595
ClariS,Kimi no shiranai monogatari,165,728405
Unlucky Morpheus,Angreifer,220,868543
IOSYS,Cirno no Perfect Sansuu Kyoushitsu,175,392215
Yun*chi,Your song*,130,352479
LIP x LIP,Chiisana Lion feat. Minami (CV: Toyonaga Toshiyuki),188,905572
Asaka,Ready Set Go!! (TV Size),172,1696485
HyuN,Tokyo's Starlight,156,891712
A.SAKA,Nanatsu Issenzakura,172,214138
Iwami Takashi,ONE-MAN CIRCUS,192,971598
Yasuda Rei,Best of my Love,120,599457
Maon Kurosaki feat.TRUSTRICK,DEAD OR LIE <TV Size>,189,481696
Terashima Takuma,Meguru Mono (TV Size),173,931508
Hanazono Tae (CV: Otsuka Sae),Hanazono Denki Guitar!!! (Game Ver.),188,2384899
Chino (CV: Minase Inori),Mahou Shoujo Chino,170,759331
Paroto,Ju Tou San Chi Tian Qi Qing,160,695009
positive MAD-crew,Mynarco Addiction,181,1129947
Halozy,Genryuu Kaiko,173,1335452
KAF,Nihil,196,1616499
LiSA,"Thrill, Risk, Heartless",200,1312103
Suzuki Konomi,Watashi o Kureta Minna e,185,973155
Camellia feat. Nanahira,Tsukitourou,191,2235131
Afilia Saga,Neptune*Sagashite,145,332082
Tachibana Arisu (CV: Satou Amina),Kimi ni Todoke,126,1142335
HoneyWorks feat. Capi,Kawaikute Gomen,160,1860175
Fox Stevenson,All Eyes On Me (Cut Ver.),172,1456309
KOTOKO,INFINITE SKY,190,343258
Suzuki Konomi,Redo (TV Size),190,1193634
Ryu*,Sakura Mirage (STARLiGHT Mix),187,765795
NU-KO,Pochiko no Shiawase na Nichijou (Long Version),192,307034
Kano,Sakura no Zenya,178,1183076
Demetori,Seijouki no Pierrot ~ The MadPiero Laughs,191,783658
CHiCO with HoneyWorks,Heart no Shuchou,185,1143852
A.SAKA,Fuuga,180,2070788
IOSYS feat. Nanahira,Judgment Day Has Come,200,1152650
MODEL,Antidepresan Gulumsemesi,60,897329
Infinite Stratos Cast,BEAUTIFUL SKY (TV Size),180,120328
daniwellP,Nyanyanyanyanyanyanya!,142,31419
Sunless Rise,Awakening,240,974537
"Miki Sayaka (CV: Kitamura Eri), Sakura Kyoko (CV: Nonaka Ai)",and I'm home (TV Size),125,1813523
Sena Wataru feat. sana,Hitori Tabi,140,1273378
philo,Sensei ni Itchao,104,1797787
Linked Horizon,Jiyuu no Tsubasa (TV Size),157.5,106440
senya,Anata ga Inai Yokaze,150,2275606
Sakakibara Yui,share the thoughts (OP size),165,149651
Boom,How Do You Do (Nightcore Remix),175.17,13393
There Will Be Fireworks,Here Is Where,75,291301
Shigure Ui,Tetoris,170,2315418
Misaki Shiode,Secret Sequel (Game Ver.),145,2175666
Qrispy Joybox feat.mao,Colorful Minutes,152,107420
The Living Tombstone,Five Nights at Freddy's,103,2468170
Kawada Mami,JOINT (TV Size),180,2266254
AKINO with bless4,Yuki no Youni,184,1641840
RAMM ni Haiyoru Kuuko-san to Kuune-san,"Sister, Friend, Lover",136,99283
Ruppina,violet flow,92,302913
fripSide,fortissimo -the ultimate crisis-,145.53,58029
Suzuki Minori,Dame wa Dame (TV Size),182,1015507
cYsmix,Classic Pursuit,140,488238
Aline Barros,Eu Li Na Biblia (Sped Up & Cut Ver.),230,2411374
mimimemeMIMI,Harebare Fanfare,168,2179135
ChouCho,Yasashisa no Riyuu,177,63222
HoneyWorks feat. Capi,Kawaikute Gomen,160,1936584
THE ORAL CIGARETTES,YELLOW,190,2241192
tuki.,Jigoku Koibumi,185,2184917
Beabadoobee,the perfect pair,146,1835580
OneRepublic,Sunshine (Nightcore & Cut Ver.),168,2445174
MuryokuP,Catastrophe,200,72740
seleP,ELLIE,128,1954509
KOTOKO,Special Life! (TV Size),180,962716
ChouCho,Sora to Kimi no Message,130,366070
KOTOKO,Light My Fire (TV Size),186,398134
Afilia Saga,Neptune*Sagashite (TV Size),145,1847632
ClariS,Careless (TV Size),185,1542598
Memme,Plasma Gun,180,1341551
t.A.T.u.,Nas Ne Dogonyat (DJ SPIZDIL Remix) (Cut Ver.),163.13,2132638
Rootkit,Against The Sun (feat. Anna Yvette),174,340263
Iwana,Dr. Nyanpasu-,164.17,222623
Dreamcatcher,Chase Me,200,586144
Aimer,closer,90,1013478
Trial & Error,"DAI*TAN SENSATION feat. Nanahira, Mii, Aitsuki Nakuru (Short Ver.)",174,976734
Cityyy,Running Man,180,2299790
KANA-BOON,Nai Mono Nedari,175,758923
MrWeebl,Narwhals,151,652142
TRUE,DREAM SOLISTER,167,359501
DJ SHARPNEL,FAKE PROMISE,190.8,145978
fhana,little secret magic,196,2172215
sakuzyo,Imprinting,175,290951
BAD NERVES,ANTIDOTE,260,2192808
namapann,Desire Drive,160,42946
Tujamo & Plastik Funk feat. Sneakbo,Dr. Who! (Smooth Remix),174,207806
Kohinata Chiko,Hetakuso na Koi,190,2052878
Horie Yui,Asymmetry,173,1152932
"Miki Sayaka (CV: Kitamura Eri), Sakura Kyoko (CV: Nonaka Ai)",and I'm home (TV Size),125,2344112
Nightwish,Yours Is an Empty Hope,90,330671
Diana Garnet,Spinning World (TV Size),170,879930
cewer,thanks pat,196.52,1998409
Hana,Sakura no Uta,180,297507
Calliope Mori x Gawr Gura x DECO*27,Q,178,1698462
"JO*STARS ~TOMMY, Coda, JIN~",JoJo Sono Chi no Kioku~end of THE WORLD~,220,269969
Tomato n' Pine,Nanairo*Namida -TV Edit-,127,240621
Mikami Shiori,Shiawase Gift,185,161526
Rise Against,Whereabouts Unknown,183,327188
Demetori,Kanjou no Matenrou ~ World's End,178,133693
kessoku band,Distortion!!,176,2204848
mimimemeMIMI,Mr. Darling,163,992737
Ryo-kun,Caramel Heaven,194,514124
HoneyWorks,Hatsukoi no Ehon feat. Aida Miou (CV: Toyosaki Aki),190,1575727
SawanoHiroyuki[nZk]:Aimer,ninelie <cry-v>,86,1634114
CHiCO with HoneyWorks,Hikari Shoumeiron (TV Size),200,1270077
Saki: Achiga-hen Cast,SquarePanicSerenade (TV Size),179,2142636
Ceui,Haruoto*Veil,180,1045823
Alvaro Soler,Sofia (Speed Up Ver.),146.79,508657
Alya (CV: Uesaka Sumire),Kawaikute Gomen (TV Size),162,2212107
Kardashev,Cellar of Ghosts,210,2539465
League of Legends,"RISE (ft. The Glitch Mob, Mako, and The Word Alive)",177,858938
Miqz,Sound of My Dream,140,2183415
MatrixMarioX & MowtenDoo,Hoangpungnyuga,180,1292748
void feat. Komatsuna,Akatsuki no Tsuki,176,212387
Nanahoshi Kangengakudan,IMAGINARY LIKE THE JUSTICE,190,210346
After the Rain,1 - 2 - 3 (TV Size),182,1259590
Shoji Meguro,Kimi no Kioku (Aethral Remix),170,490662
96neko,Uso no Hibana,188,559489
Megpoid GUMI,Chocolate,180,26652
Toyama Kasumi (CV.Aimi),Dokidoki SING OUT!,194,623515
Sasaki Sayaka,Marine Blue ni Sotte,180,182958
Jason Michael,Clifford's Theme Song,134,471889
Akiyama Mio (CV: Hikasa Yoko),Heart Goes Boom!! [GAME Mix],180,844633
Tsukino,Kira Kira * Heart <3 Linkage!,180,2240623
The Chainsmokers & Coldplay,Something Just Like This,103,611301
Doma Umaru [CV.Tanaka Aimi],Kakushinteki*Metamaruphose!,278,332623
Will Stetson,phony,170,1727697
SawanoHiroyuki[nZk]:mizuki,aLIEz (TV size),99,210937
Shimotsuki Haruka,Rengoku,172,1692763
nao feat. isui,Ukigumo,205,2393068
HEARTSTEEL,"PARANOIA (feat. BAEKHYUN, tobi lou, OZI, and Cal Scruby)",170,2081772
nonoc,Relive,196,1108759
Unlucky Morpheus,Black Pentagram,186,1414573
Official Secrets Act,So Tomorrow,170,2484770
Kano,Sakura no Zenya,178,992595
Sayuri x MY FIRST STORY,Reimei (TV Size),185,866123
KEYTALK,STARRING STAR,146,378596
Reol,No title,200,388782
DECO*27,Aimai Elegy (Reloaded) feat. Hatsune Miku,210,2473260
HO-KAGO TEA TIME,Tenshi ni Fureta yo! (Asterisk DnB Remix),175,373858
Falcom Sound Team jdk,Take The Windward!,195,770858
Queen,Don't Stop Me Now,155,5381
Perfume,plastic smile,135,961763
GALNERYUS,RAISE MY SWORD,184,1821328
Nakiri Ayame,Cat Loving,163,1941215
"ZBUKU feat. Sliwa, Sztoss",Mloda krew,176,996024
Yorushika,Bakudanma,180,1130014
League of Legends,A New Journey (feat. AmaLee),185,915182
Mayumi Morinaga,Affection,156,225116
Sota Fujimori,polygon,174,559097
Liz Triangle,Koisuru <3 Recipe,181,69173
Horie Yui,Promised Love ~Daisuki x 100~,174,358659
Ado,Bocca della Verita,170,1241096
Mental Cruelty,Symphony of a Dying Star,220,2250239
Unlucky Morpheus,FAITH,200,2252339
mafumafu,"Haikei, Sakura Maichiru Kono Hi ni",186,971666
Mutsuhiko Izumi,Tengoku to Jigoku,195,183656
P*Light,Deadliner,177,350290
Linkin Park,Two Faced,92,2280806
Vickeblanka,Black Catcher (TV Size),200,1089606
CHiCO with HoneyWorks,Minikui Ikimono (TV Size),195,1342646
LiSA,Rally Go Round -TV ver.-,190,301394
underscores,Spoiled little brat,172,1518002
44teru-k respect for Chopin,F.I,180,2036791
Knife Party,Give It Up,87,424397
Oshimizu Nako (CV: Toyosaki Aki),Diamond,174,2295626
the peggies,Aosugiru Sora (Cut Ver.),192,1261801
THEATRE BROOK,Uragiri no Yuuyake (TV Size),151,674359
Fujimiya Kaori (CV: Amamiya Sora),Kanade,75,963913
League of Legends,The Charmer And The Rebel,108,681703
Rous,Louloudi tou Dromou,129,2344193
Crusher,ECHO,140,1625222
Vicetone & Tony Igy,Astronomia 2014,126,360107
Team Nekokan,Can't Defeat Airman,200,24084
BoxPlot,Escape With The Clouds,178,379897
FLORE,SKELETON (NIGHTCORE & CUT VER.),181.55,2523810
Nekomata Master feat. Hayashi Momoko,Rainbow after snow,179,849946
KINEMA106,Fly Away,180,1646146
nameless,SLoWMoTIoN,160,295848
The Winking Owl,Bloom,196,602408
NayutalieN,Perfect Seimei,200,1009279
NANA,Koisuru Chikara (Speed Up Ver.),205.92,59391
Yasuna to Sonya,Futari no Kimochi no Honto no Himitsu (TV Size),132,43698
Guriri,Rolling Girl,195,1257537
whyalive x Denya8,hyperpop luv <3,180,2279931
Daiichi Uchuu Sokudo,Crystal Dream TV Size ver.,144,149241
SPYAIR,Imagination (Cut Ver.),204,1447391
Aqours,Kimi no Kokoro wa Kagayaiteru kai?,182,464706
ALTIMA,Burst The Gravity (TV Size),148,79038
Billie Eilish,BIRDS OF A FEATHER,105,2193814
Okazaki Taiiku,Kimi no Bouken (TV Size),200,860260
Kagamine Rin & Len,Streamline Prism,134,28894
Fractal Dreamers,Gardens Under A Spring Sky,195,962862
Camellia feat. Nanahira,Tsukitourou,191,383147
mimimemeMIMI,CANDY MAGIC (TV Size),160,871425
AU,Infinite of nuclear fusion ~Mugen no Taiyou Shinkou~,200,1380266
Ducky Chix,Prayer,160,2082894
OBKATIEKAT,ROLLING GIRL (feat. Evil Neuro),195,2221577
Linkin Park,Guilty All The Same (feat. Rakim),200,2380958
Toyama Nao,Gunjou Infinity,185,1202718
UNISON SQUARE GARDEN,"Catch up, latency (TV Size)",187,937773
Mitsukiyo,Unwelcome School,180,1541421
bj.HaLo,Ende,200,44035
Mili,Rightfully,182,875117
amazarashi,Kyoukaisen (TV Size),187,1598060
BACK-ON,STRIKE BACK,180,193996
Momohara Natsuki (CV: Murakawa Rie),Natsuzora Yell (TV Size),170,2121516
MGMT,Little Dark Age,97.5,992322
Yorushika,Shikaki to Coffee,180,1532422
Unlucky Morpheus,FAITH,200,1414107
mafumafu,Moudoku ga Osou,156,956595
Minami,Kawaki o Ameku (TV Size),129,910293
ClariS,Hitorigoto -TV MIX-,165,602861
Kato Megumi (CV.Yasuno Kiyono),M flat,160,444962
Sawawa,Cosmic Drive,191,2282117
B Komachi Ai (CV: Takahashi Rie),Sign wa B (Ai Solo Ver.) (TV Size),175,2102330
Boom!,How Do You Do? (Potatoheadz Remix) (Nightcore & Cut Ver.),166.81,2405583
Aiobahn & Yunomi,Ginga Tetsudou no Penguin ft. nicamoq (Stripe.P Remix),110,520141
Silent Siren,Koi Yuki,128,319303
Gabriela Lotarynska (CV: Yagi Yuki),Tak a ja lubie. (TV Size),176,760628
i.o,Aoiro Step (Cut Ver.),215,1044953
Momoiro Clover Z,Santa-san,190,128848
Oshimizu Nako (CV: Toyosaki Aki),Diamond,174,2187089
Hitotsuyanagi-tai,GROWING* (TV Size),190,2130981
Twilight Force,Night of Winterlight,184,1697787
CHiCO with HoneyWorks,Wolf,190,514507
Porno Graffitti,Hitori no Yoru (TV Size),174,1641919
LiSA,Jet Rocket,178,145431
DA PUMP,Magical Babyrinth (TV Size),139,1071653
HUMBREADERS,Hikari (TV Size),181,1883457
AcesToAces,Memory Lane,128,888887
JIN feat. Shouichi Taguchi (Sentimental Vector),Kagerou Days,192,1702088
sana,Kokuhaku Yokou Renshuu,185,275283
Kotoge Mai,Mangekyou,95,230094
LiSA,oath sign (TV Size),152,38885
Ogura Yui,Charming Do! (TV Size),174,145982
Treyarch Sound,115,200,397378
CHUU,Strawberry Rush (Nightcore & Cut Ver.),173.8,2304283
Ohashi Chippoke,"Soliste (Drama ""Saikou no Obahan Nakajima Haruko"" ver.)",180,1886706
Sakamoto Maaya,Shikisai,168,401085
smileY inc.,Hanayuki(TVsize),146,232575
hololive English,Mind Craft,262,2454982
"Ayane, Ruka, Rie / Karen from BEST FRIENDS!",In bloom,172,1834956
Nogizaka46,Tsuki no Ookisa (TV Size),185,862848
Feint,Fall Away,174,517678
"Nakagawa Kanon (CV: Touyama Nao), Suirenji Ruka (CV: Yamazaki Haruka)",Ringo Ribbon (Cut Ver.),176,1361996
LACCO TOWER,Usubeni (TV Size),183,1459646
MIMI,Kuu ni Naru,166,1676481
Luce Twinkle Wink,1st Love Story,137.5,468904
nano.RIPE,Last Chapter (TV Size),181,1623255
Conton Candy,Snow Drop (TV Size),186,2398304
THE ORAL CIGARETTES,ReI,186,815753
t+pazolite,Nous,185,42669
GEMN,Fatal (TV Size),156,2208047
Himeringo,Idola no Circus,181,147177
TUYU,Sherbet,214,2315647
TUYU,"Kizutsu kedo, Aishiteru. (TV Size)",180,1922572
Aethoro & Moon Jelly,Unravelling,195,1839999
Tamura Yukari,MERRY MERRY MERRY MENU...ne! (Cut Ver.),180,684464
tsunamaru,Gin no Fluch,170,2155518
Gavin G,Desire,170,242549
Ayatsuno Yuni,SUPADOPA,158,2343751
Reol,Hibikase,140,1067141
Ariabl'eyeS feat. Risa Yuzuki,Meimei Memento,200,2189314
Sawamura Spencer Eriri (CV: Onishi Saori),Blooming Lily,142,2122792
Nayugorou,White Promise,180,1728580
Jeff Williams feat. Casey Lee Williams,Die (TV Size),190,2291277
AKINO from bless4,MIIRO,195,263765
CINDERELLA PROJECT,Star!!,178,785518
Akatsuki Records,WARNING x WARNING x WARNING,172,860440
Will Stetson,Harumachi Clover (Swing Arrangement),170,2300823
DystopiaGround,AugoEidEs,207,24611
YURiCa,Amatsu Kitsune,190,716642
Luck Life,Symbol (TV Size),154,762407
ALI PROJECT,Boukoku Kakusei Catharsis (TV Size),130,8517
100 gecs,hand crushed by a mallet,169,1253992
PRXSXNT FXTURE,SMOKED OUT,124,1804775
Xi,Shoujo Kisoukyoku ~ Speed Battle,185,1286282
mafumafu,Heart no Atoaji,186,496176
Umeboshi Chazuke + Chroma,Omoide Note,185,2252832
Sougetsu Eli,Aoi Chou,182,1610224
PinocchioP,SLoWMoTIoN,160,1727589
Groove Coverage,Runaway (Nightcore Mix),176.09,103862
Fujiwara Chika (CV: Kohara Konomi),Chikatto Chika Chika (TV Size),178,944993
Den x JustaTee,Di Ve Nha,84,1417564
Pmarusama.,S'il vous President,176,1763440
LiSA,Confidence Driver,190,48607
DJ Genki,Introduction,200,2528148
Thaehan,Ohayou !,188.5,1030093
Doxx & Feint,Mind In Motion,178,222565
Kishidan to Kitadani Hiroshi,We Can!,180,588256
yanaginagi,Tokohana (TV Size),169,172907
Ayumi Miyazaki,brave heart~tri.Version~,142,528037
Umeboshi Chazuke,Owari to Hajimari no Oto,201,790045
Amatsuki,STARTRAiN,178,1291793
Vicetone,Nevada (feat. Cozi Zuehlsdorff),124,476587
DJ DOC,Run to you,132,764542
Big Time Rush,Big Time Rush (TV Size),121,885208
Kugimiya Rie. Horie Yui. Kitamura Eri,Orange (GoldenWolf Edit),140,747535
Various Artists,Songs Compilation VI,260,2347113
Thaehan,Play,194,1322088
MYTH & ROID,VORACITY (TV Size),200,812308
Ayane,FaV (Short Ver.),190,1230966
Hotaru Murasaki,Re:TrymenT,190,517706
ClariS,Connect (TV Size),175,1299019
Asterisk,Rain,175,395149
Swimy,Acchi Muite (TV Size),187,1005855
MY FIRST STORY,Missing You,190,942978
Nanahira x Camellia,INFINITI MOFULITY (Short Ver.),180,786320
ClariS,CLICK (Asterisk DnB Remix),175,445454
YOASOBI,Idol,166,1974878
King Gnu,AIZO (TV Size),190,2490388
DOES,Guren (TV Size),187,2280330
Kano,Yasashisa no Kioku,80,1955483
27.4beats,hapNY,76,879555
amazarashi,Sora ni Utaeba (TV Size),204,751872
Tsukuyomi,"Kure ni Akane, Gomi to Hanataba",191,2102466
ChouCho,BLESS YoUr NAME,190,300480
ZAQ,Seven Doors,203,232290
"Aimi, Sakura Ayane, Maeshima Ami, Aiba Aina, Itou Miku",TWiNKLE CiRCLE,192,1734361
Thaehan,Help,196,630407
Tapimiru,Hakkensha wa Watashi,175,1258918
Lil Texas,Die Young,174,2395248
Jason Hayes,Enchanted Forest,150,147714
Nijigasaki High School Idol Club,Colorful Dreams! Colorful Smiles! (TV Size),185,1739508
Lady GaGa,Paparazzi,115,11678
Shindehai,ONE-PUNCH MAN FOREVER,190,335864
EMA,Kaichuu Michishirube,171.36,1865113
Milky,Just The Way You Are (Nightcore & Cut Ver.),167.7,2553422
wakaG,Yozora ni Saita Hana,180,810188
BRIGHT,1 year 2 months 20 days,119,57546
Kyaru (CV: Tachibana Rika),Absolute Secret (ED Ver.),188,1187485
Nekomata Master feat. Misawa Aki,chrono diver -fragment-,185,430008
Yooh,snow storm -euphoria-,180,156235
Misawa Sachika,Unite (TV Size),188,94078
Suzuki Aina,Hikariiro no Uta,188,1358382
Aki,Wanna Be My Dream,165,128432
Raca Negra,Cheia de Manias (Cut Ver.),190,1356535
Avizura,Lucky Star,175,130546
TwoThirds & Feint,Epiphany (feat. Veela),175,307163
AKI AKANE,Lost Story,90,346408
Serani Poji,Sugar Boo,180,1766654
Set It Off,Kill The Lights (Sped Up & Cut Ver.),176,2337213
Station Earth,Cold Green Eyes feat. Roos Denayer (Cut Ver.),174,932624
Konohana-tei Nakai no Kai,"Haru Urara, Kimi to Sakihokoru",180,677314
MERURU (Tamura Yukari),Meteor*Impact,171,362996
Maduk,Liquicity Yearmix 2016,176,551444
Vickeblanka,Black Catcher (TV Size),200,1089673
Nanamori-chu * Goraku-bu,Acchu~ma Seishun! (TV Size),184,886193
Promise Land,Walking All Together (Original Radio) (Nightcore & Cut Ver.),173.75,1526251
Usa,Shirayuki,89,28436
AKINO from bless4,MIIRO,195,268377
TEMPLIME,Sorry feat. neco hasegawa,132,2472329
MY FIRST STORY,Shuuen Requiem,200,1112825
ALiCE'S EMOTiON,LUNA,178,47124
Fox Stevenson,Let This Go,175,304976
Hiiragi Mayuki(CV:Ogura Yui)/Hagino Chiaki(CV:Toujou Hisako),Shiawase Iro,122,614419
Who Killed Mickey,Monarchy,128,514550
Windy Wagner,Monster High Fright Song (Theme Song),120,1114627
ASIAN KUNG-FU GENERATION,Re:Re:,155,426693
IOSYS,Power of Dream (Night Fever Refix),180,27152
Sleeping With Sirens,CTRL + ALT + DEL (Cut Ver.),210,2335566
PiNKII x DAEGHO,Addict,160,2347328
aran,VOLT (USAO Remix),184,732280
eufonius,Kimi ni Aeta kara,85,1022394
u's,KiRa-KiRa Sensation! (TV Size),195,202414
Nanamori-chu * Goraku-bu,My Pace de Ikimashou,190,335145
Yousei Teikoku,Deep Sea,175,104260
S3RL feat. Krystal,R4V3 B0Y (Future Shock Remix),175,2205447
Roselia,BRAVE JEWEL (TV Size),192,899955
VINXIS,Sidetracked Day,188,1031435
kozato,Shijuugo-nen no Yukizakura,170,759281
Fractal Dreamers,Fata Morgana,180,751782
FZMZ feat. icy,Danger Danger (TV Size),206,2356674
Sayuri,Hana no Tou (TV Size),170,1804015
Maeshima Ami,Wish for you (TV Size),174,2411980
Dreamcatcher,Full Moon,190,721842
Cartoon,C U Again feat. Mikk Mae (Cartoon vs. Futuristik VIP) (Cut Ver.),175,1462092
League of Legends,"REMIX RUMBLE (K/DA, Maestro) (Late game Ver.)",180,2119473
Adust Rain,Misery Song,205,1201708
Lon,Yuru Fuwa Jukai Girl,216,1776045
THREE LIGHTS DOWN KINGS,Glorious Days(TV size),192,458584
xi,FREEDOM DiVE,222.22,2237410
Victorius,Twilight Skies,180,1016145
Kurosaki Maon,Gravitation,200,996445
sweet ARMS,I swear,168,1554804
Hinatabi Bitter Sweets & Coconatsu,Chocolate Smile,196,648659
Sayuri x MY FIRST STORY,Reimei (TV Size),185,889671
egor nats,poslednyaya pesnya o ney,170,844319
"Shizuru (CV: Nabatame Hitomi), Rino (CV: Asumi Kana)",SUPER CHOCOLATE,205,1762615
Nightwish,She Is My Sin,153.02,233875
yanaginagi x THE SIXTH LIE,LEVEL <yanaginagi ver.>,177,1731620
Roselia,LOUDER,195,1040095
Shirakami Fubuki,Daishikyu Daishuki,190,2310233
Yuaru,Streaming Heart,210,511635
Yousei Teikoku,Ira,210,2108981
StylipS,Dramatic Cycle,200,365323
Imperial Circus Dead Decadence,"Seishin no Kairi no, Sakebi to Nageki.",220,1761637
Rihanna,Disturbia,125,1589921
inabakumori,Lagtrain,147,1222543
Sana,Byoumei Koiwazurai,160,220636
Roselia,Sing Alive,195,1873096
Hana,Himawari no Kyoukai,134,130692
Kawada Mami,Wings of Courage -Sora o Koete- (K@keru Dnb Remix),175,1143951
ClariS,Anata ni FIT,132,47708
Roselia,Fatima,179,1039778
BABYMETAL,Arkadia,200,1946135
Little Glee Monster,"Dakara, Hitori ja nai -TV Size-",180,645856
ginkiha,dawn(ginkiha hardcore remix),181,180721
PassCode,Ray (TV Size),196,1867350
"Waka, Fuuri, Sunao from STAR * ANIS",Diamond Happy (TV Size),233,2297809
DECO*27,Telepathy feat. Hatsune Miku,205,2330881
THE ORAL CIGARETTES,STAY ONE,200,1105934
TUYU,Under Kids,225,1815821
Raven's Jig,Petit Chat Clandestin,131,1001771
Release Hallucination,I.F.,220,1839414
Sound Horizon,Raijin no Migiude,172,27573
technoplanet,Juvenile,194,1280204
BURNOUT SYNDROMES,FLY HIGH!! (TV Size),189,875289
YOASOBI,Ano Yume o Nazotte,180,1192677
Sasaki Shiori,Harenohi Step (Soleily Remix),170,1944121
ONE OK ROCK,Mikansei Koukyoukyoku,195,348604
Rentarou Family,"Arigato, Daisuki ni Natte Kurete (TV Size)",184,2307456
Kizuna AI,FUCK YOU!,240,717343
Marika,quantum jump,130,127135
Digital Sexy,Til Death (Nightcore Mix),166.24,827168
Neople,Evil Tower 1,180,102913
Levaslater,NNRT,202,2376493
hapi,THE MEDLEY OF POKEMON RGBY+GSC -3PBs-,190,150054
Dreamcatcher,VISION,95,2354836
yanaginagi,Haru Modoki,174,299805
Sasaki Sayaka,Atlantico Blue,177,1338721
Poppin'Party,Kira Kira datoka Yume datoka ~Sing Girls~ (TV Size),180,625045
Parker,Afterglow feat. Bianca,170,1985108
DECO*27,Streaming Heart feat. Hatsune Miku,210,160126
Oomori Seiko,JUSTadICE (TV Size),185,1028120
Aqours,Aozora Jumping Heart,200,479107
Kensho Ono,STORY (TV Size),188,598357
TWICE,I CAN'T STOP ME,150,1286496
Neon Genesis Evangelion,Cruel Angel's Thesis,128.9,1377
Delta Heavy,Ghost,174,558303
MitiS,Touch (Original Mix),174,255311
Touyama Nao & Yamazaki Haruka,Ringo Ribbon,176,114490
KISIDA KYODAN & THE AKEBOSI ROCKETS,GATE ~Sore wa Akatsuki no You ni~ (TV Size),200,422096
Dzeko & Torres,L'Amour Toujours feat. Delaney Jane (Nightcore Mix),165.3,799569
Nanahira,Monosugoi Ikioide Keine ga Monosugoi Uta,180,140115
Demetori,"Yuuga ni Sakase, Sumizome no Sakura ~ The Harm of Coming into Existence",185,1034179
Silent Siren,Routine,176,811298
Demetori,Desire Drive ~ Desire Dream,178,42234
Ohara Yuiko,Zero Centimeters (TV Size),154,1000722
Ceui,Haruoto*Veil,180,1067923
Tokoyami Towa,-ERROR,100,1222831
SoundTeMP,Dreamer's Dream,140,350381
Juice WRLD,Conversations,80,1474886
ZUN,Kobito of the Shining Needle ~ Little Princess,164,111611
FROZEN QUALIA,Sunadokei,131,1954702
LVTHER,Some Kind Of Magic (feat. MYZICA) (Cut Ver.),168,2240889
Sound piercer feat. DAZBEE,Hanatachi ni Kibou o,187,1229091
Rumi Ookubo,Te wo Gyu Shite ne (TV Size),127,52212
Nakanojojo,Bittersweet (feat. Kuishinboakachan a.k.a Kiato),173,700384
KOTOKO,Sakuranbo Kiss ~Bakuhatsu Damo~n~,140,51802
Happy Clover,PUNCH*MIND*HAPPINESS,158,453892
Kagura Mea,KING,166,1782542
yanaginagi,Megumi no Ame (TV Size),182,1146195
Yorushika,Haru (TV Size),204,2115089
Chino (CV: Minase Inori),Daydream cafe ~Gochuumon wa Chino desu ka? ver.~,150,888544
Sakuragawa Megu,"Hayo, New World. (TV Size)",208,2263577
DJ Mendez,Tequila,182.4,23492
Ito Kanako,Fatima (TV Size),179,763819
UNDEAD CORPORATION,Frozen,220,1268344
Jeff Williams,This Will Be the Day (feat. Casey Lee Williams) (TV Size),190,1028804
Stan SB,Anyone Out There,175,2125132
access,Doubt & Trust (TV Size),155,32421
fourfolium,Now Loading!!!! (TV Size),193,1011970
Luna,Toki to Uta,178,1807736
ClariS,SHIORI (TV Size),176,852998
Silver Forest,Sakase * Sakase,200,44935
Two Door Cinema Club,Undercover Martyn,159.88,1337086
ani feat. moco,Light up My Love,171,83572
Calvin Harris feat. Example,We'll Be Coming Back,128,107263
3L,"Tiny Little Adiantum (deadman's ""Omae Wa Mou"" remix)",186,1031221
nameless x toa,Patchwork Staccato,139,416702
Asakura Momo,Ashita wa Kimi to.,180,748013
sana (sajou no hana),Senya Ichiya VORTEX,174,1792330
RetBear (unknown Vo: 10fu),Atamannaka DEAD END (TV Size),142,1842510
S3RL,MTC (Different Heaven Remix),175,914691
sekai,God-ish,142,1759764
DJ Sharpnel,Back to the gate,190.65,1022717
LIQU@.,NANAIRO,192,802930
40mP feat. GUMI,Yume Chizu,176,1952617
Sirius Chord,Drastic Melody (Game Ver.),190,1582772
ARM x Komso feat. Nanahira,Onegai! Kon kon Oinarisama,175,1302044
Petit Rabbit's,Nichijou Decoration,125,187595
Suzuki Konomi,One day sky,185,843226
Levaslater,NNRT,202,47330
bo en,My Time,199,2210750
TUYU,Namikare,204,1174754
Horie Yui,Vanilla Salt,140,114988
Silent Siren,Hachigatsu no Yoru (Cut Ver.),188,1572909
Wonderlands x Showtime,TONDEMO-WONDERZ,172,1547596
Sigma ft. Paloma Faith,Changing,171,353546
Meg & Dia,Monster (DotEXE Remix),140,237478
NU-KO,Pochiko no Shiawase na Nichijou,192,232273
toby fox,Determination,115,375620
Ayane,Eien no Memories,146,381390
Aoi Eir,INNOCENCE (TV Size),183,61447
Groove Coverage,21st Century Digital Girl Remix (Nightcore Ver.),171.82,13771
Leah Kate,10 Things I Hate About You (Sped Up & Cut Ver.),176,1881428
Dormir,Une mage blanche,193,529729
RSP,The First Star,178,46342
Kitta Izumi,Dou Kangaete mo Watashi wa Warukunai (TV Size),148,104278
seleP,Marie-Luise,130,1730476
Hikarinonakani,MOVE ON!,190,1758846
SakiZ,osu!memories,180,532522
MY FIRST STORY,REVIVER,200,2311119
BURNOUT SYNDROMES,Hikari Are (Anime Version),178,531938
renforshort,hate the way you love me (nightcore & cut ver.),200,2471999
Kiyoshi Hikawa,Genkai Toppa x Survivor,187.5,673464
Lapis Re:LiGHTs Stars,Watashitachi no STARTRAIL (TV Size),180,1321380
Roselia,LOUDER,195,595580
Raujika,Grim,96,58787
V.W.P,Reincarnation,186,1857779
Otonose Kanade,You and aIzu,180,2545955
Olivia Rodrigo,good 4 u (nightcore & cut ver.),203.62,2543417
Polyphia,Inferno (9mm Parabellum Bullet Cover),195,2351207
HoneyWorks,Watashi no Tenshi feat. Narumi Sena (CV: Amamiya Sora),168,1086772
Denkishiki Karen Ongaku Shuudan,Owari Tsumugishi Mono,250,763607
Miki Sayaka vs. Miki Sayaka (fw. Miki Sayaka),squartatrice,180,40368
NH22,Isolation (Official LIMBO Remix),200,1662690
ClariS,Connect (TV Size),175,888109
DZIDZIO,Yalta (Cut Ver.),128,2250338
"Numakura Manami, Seto Asami, Fuchigami Mai",Justability,180,2274816
Faylan,Tokyo Zero Hearts,202,293563
Eve,Anoko Secret,160,855906
Tsukasa,Accelerator,186,46084
Utsu-P feat. Kagamine Rin,Tokyo Teddy Bear,200,1332820
THE ORAL CIGARETTES,Monster Effect,186,1010401
China Anne McClain,Exceptional (TV Size),130,814676
DJ S3RL feat. Tamika,Rainbow Girl,175,67105
yuikonnu,Yume Chizu,176,467337
Aoi Eir,IGNITE (TV Size),171,1182043
Umeboshi Chazuke + Chroma,Omoide Note,185,782791
Pixel Terror,Millennia,100,1708547
Hanatan,glow,85,617721
Tristam,I Remember,110,501920
Anytunz,Driftveil City - Pokemon / Toothless (Marimba Ringtone),135,2132852
Julian Smith,Racist Coffee,120,31284
Rameses B,Timeless (feat. Veela),175,2493412
YUC'e,Magical Mixer,175,680338
nao feat. isui,Natsuhisyou,215,2061022
Wotamin,Gigantic O.T.N,190,80214
Jamie Paige,Machine Love (Poicyss' Pearto Cover),175,2374646
Sayuri,Heikousen (TV Size),191,820096
Poppin'Party,Yume wo Uchinuku Shunkan ni! (TV Size),203,1090503
IOSYS,Accept Bloody Fate,190,37305
HoneyWorks,Miraizu feat.Aida Miou (CV: Toyosaki Aki),178,715663
Hanatan,Attakain Dakara,170,388403
Umetora,Ifuudoudou,130,84023
Suzuki Konomi,CHOIR JAIL (TV Size),181,929973
LiSA,"Thrill, Risk, Heartless (Game Ver.)",200,2340663
Halozy,Genryuu Kaiko,173,331150
S3RL,I'll See You Again (feat. Chi Chi),175,785572
Luis Fonsi & Demi Lovato,Echame La Culpa,96,802056
BlackY feat. Risa Yuzuki,Crimsonate,149,1608007
MORE MORE JUMP! x Kagamine Rin,KILLER,196,2232953
Billy Talent,Fallen Leaves,123,49114
Baby's breath,Habataki no Birthday,181,670800
Thaehan,Doki-Doki,180,713926
Unlucky Morpheus,Angreifer,220,1111593
ave;new feat. Sakura Saori,Iris -Reincarnation EDIT-,175,2324981
Silent Siren,LOVE no Shirushi,152,122444
marina,Towa yori Towa ni,200,361307
Linked Horizon,Moshi Kono Kabe no Naka ga Ikken no Ie dato Shitara,82,486719
VocaliodP,1/6,125,61207
Kano,Daisy Blue,184,850717
DragonForce,Astral Empire,224,1877097
MitiS,Living Color (Original Mix),174,767988
Hanatan,Tengaku,232,220785
Suzuta Miyako,one's future -Let's Go Kud! Ver.- (Short Ver.),140,45503
"Fear, and Loathing in Las Vegas",Swing It!!,189,204159
Musashi Project & Toshiro Masuda,Ofuzake Mode,125,444793
THE ORAL CIGARETTES,ReI,186,889058
Chihara Minori,Kyoukai no Kanata (TV Size),184,1664358
Kagura Mea,Venom,152,972341
HO-KAGO TEA TIME,"NO, Thank You! (TV Size)",181,906382
Paramore,"For A Pessimist, I'm Pretty Optimistic",205,1125952
ONE OK ROCK,Kanzen Kankaku Dreamer,190.02,940222
Shota Kageyama,Battle! (Friend),170,133115
THE ORAL CIGARETTES,CATCH ME (Cut Ver.),184,1655139
ecosystem,Dilemma,182,418313
Daniele Meo,Adesso Balla (Butterfly Remix),154.4,56589
Verka Serdyuchka,Novogodnyaya,145,376376
Shota Kageyama,Sentou de Pinch!,177.98,2217355
Afilia Saga,S.M.L* (TV size ver.),200,500133
DJ Fresh (feat. Rita Ora),Hot Right Now (Radio Edit),175,231114
Marie,Clover Day's,190,150422
syudou,Gambling (TV Size),196,1515350
Melone (Ryoko Shintani),Kira Kira Serenade,76,62957
DragonForce,Galactic Astro Domination,200,2316553
Hoshimachi Suisei,soiree,176,2034879
justan oval,shrimp duet,120,2405338
Feint & R7CKY,Lost & Found (feat. Skyelle) (Cut Ver.),174,1770198
SawanoHiroyuki[nZk]:mizuki,&Z,158,315012
DJ'TEKINA//SOMETHING,Internet bitch P*Light Remix,175,296198
OnLoong,Reactant,200,2320051
Fan Ka,OverThink (TV Size),160,2281024
solfa feat. KOTOKO,affection,195,1160766
xi,FREEDOM DiVE,222.22,1074758
Aura Qualic feat. Hatsune Miku,Sweet Cat Dreaming,127,1078893
Poppin'Party,Cherry Bomb,190,1397392
Hatsune Miku,Sayonara Goodbye,155,29769
Demetori,Satori Maiden ~ Innumerable Eyes,190,32574
Leo/need x Kagamine Len,STAGE OF SEKAI,190,2166226
UPLIFT SPICE,Omega Rhythm,173,147962
Eri Sasaki,Ring of Fortune,158,324451
Various Artists,GIRLS' LEGEND U (Game Ver.),205,2403445
Mage,The Words I Never Said,172,1470072
Roselia,PASSIONATE ANTHEM,195,878212
Ito Kashitaro,"Fairytale,",194,778585
BLACKPINK,BOOMBAYAH,125,500858
Matchbox Twenty,How Far We've Come,166,31014
Chiyoko,Baby Fantastic! (Short Ver.),180,1680174
MYTH & ROID,Paradisus-Paradoxum,201,514181
Marina and the Diamonds,How to Be a Heartbreaker (Nightcore & Cut Ver.),165.1,2120431
senya,Iro wa Nioedo Chirinuru o(OPver.),138,392495
yuiko,Kimi to Yumemishi,182,1501736
goreshit,fleshbound,197,534280
Machico,fantastic dreamer,185,420390
Unknown Artist,Cory White House de Chou Taihen!,107,393239
KANA-BOON,Fighter,182,574536
Hanazawa Kana,Minori no Zokkon Mirai Yohou (TV Size),188,149125
ILLENIUM,Eyes Wide Shut (with Avril Lavigne & Travis Barker) (Cut Ver.),180,2007199
the peggies,Centimeter (TV Size),140,1197699
Camellia & DJ Genki,Feelin Sky,174,366706
Club Crusherz!,Take Me Away (Nightcore Mix),170.4,84457
Yooh,Shanghai Kouchakan ~ Chinese Tea Orchid Remix,188,184498
halca,Kokuhaku Bungee Jump,185,1312335
Demetori,Solar Sect of Mystic Wisdom ~ Nuclear Fusion,173,20125
Demetori,Seijouki no Pierrot ~ The MadPiero Laughs,191,656918
Kurahashi Yoeko,Tomodachi no Uta,200,790979
Wolpis Carter,Batsubyou,140,1594556
OxT,grayscale dominator (TV Size),190,2108581
James Landino,Hide And Seek,163,972932
Clarissa,nada contra (ciume),158,1581437
Rchetype,V Is For,178,111914
Jun Maeda x yanaginagi,Killer Song,166,454725
Origami Angel,Escape Rope,200,1883095
Stonebank,Be Alright (feat. EMEL) (Cut Ver.),170,1151309
FUWAMOCO,Kaibutsu,170,2038628
Nor,Usagi Flap,170,2048401
HO-KAGO TEA TIME,Kira Kira Days,200,1234080
Kano,Midnight Theater with Nagi Nemoto,188,2271888
Utada Hikaru,Hikari (PLANITb Remix),130,55836
Shika-bu,Shikairo Days (TV Size),183,2208262
Shano x 40mP,Natsukoi Hanabi,158,100865
BACK-ON,wimp feat. Lil' Fang (from FAKY) (TV Size),186,597093
nao,Deep Blue Tiferet,142,27428
DIALOGUE+,Hajimete no Kakumei!,187,1603293
My Chemical Romance,Thank You for the Venom (2025 Mix),207,2382290
Nakamura Meiko,Aka no Ha,180,506908
GOUACHE,RED,209,529461
"Pecorine (CV: M.A.O), Kokkoro (CV: Itou Miku), Karyl (CV: Tachibana Rika)",Connecting Happy!!,182,1699189
GYZE,HONESTY,185,905621
Renard,Da Nu Nuttah,190,62665
An,Xhroria,200,82258
Hana,Lament,180,1680419
VaVa,Wo Xiang Dui Ni Shuo Baby (Yu vs. CTM Radio Mix) (Nightcore Mix),175,2026486
Tamura Yukari,MERRY MERRY MERRY MENU... ne!,180,876220
Suzuki Konomi,Absolute Soul,188,568786
Imy,INGLASS (feat. konoco),178,2283554
DJ Ozawa,Tokyo (Innovaderz Remix),175,333139
DCX,Flying High (DJ Splash Remix),176.09,10555
"Brookes Brothers, Ekko & Sidetrack, Britt Lari",One Wish,175,2434307
Akatsuki Records,Trance Dance Anarchy,195,1124084
Nanamori-chu * Goraku-bu,My Pace de Ikimashou,190,328579
goreshit,toromi hearts 2,219,1033283
SiM,The Rumbling (TV Size),145,1670899
Shirakami Fubuki with Kurokami Fubuki,Override,204,2278555
Ni-Sokkususu,Blade Dance (Cut Ver.),187,1597580
bladee & ECCO2K,Obedient,176,1170997
soraru x mafumafu,HIBANA,200,691103
the peggies,Centimeter (TV Size),140,1215748
ShinRa-Bansho,"Mugen Shitto Gekijou ""666""",170,2285768
Yousei Teikoku,Wahrheit,180,53923
Sakakibara Yui,Change&Chance! (Game Ver.),155,1222171
Owl City,Cloud Nine,84,1790032
Taylor Swift,Red,125,113946
MY FIRST STORY,ALONE,200,1073483
nano,Rock on.,190,358451
Tomatsu Haruka,courage,196,226289
AK X LYNX ft. Veela,Virtual Paradise,174,313843
BABYMETAL,Road of Resistance,205,399372
ONE OK ROCK,Mikansei Koukyoukyoku,195,1229815
Yuuri,Curtain Call (TV Size),142,2235479
"Yoshimura Haruka, Uchida Maaya, Aoki Shiki, Takamori Natsumi, Aihara Kotomi",EVERMORE (M@STER VERSION),180,776939
Miranda!,Don,120,1225299
Nekomata Master+,encounter,190,815758
"madk1d, CUPSIZE",Kruche chem vy,176.63,2248158
Chino (CV: Minase Inori),Ashita Genki ni Naare!,170,878807
*namirin,Mizutamari Tobikoete (with Nanahira),194,981616
JOYLESS,Something Fun,194,2456352
Blue Marble,Darkest Heights,174,1220874
sweet ARMS,I swear (TV Size),168,2392955
High Contrast,The Agony & the Ecstasy (feat. Selah Corbin),173,192342
uniy,Addict of justice (Game Ver.),190,2278116
"tomaiosai, Tatan",cara de modelo (nightcore mix),111.47,2489411
ZAQ,Sparkling Daydream (TV Size),175,1672262
Marshmello,Alone,142,552712
ClariS,Careless,185,1635823
Rhodanthe*,Jumping!! (TV Size),175,103482
Knife Party & Tom Morello,Battle Sirens (RIOT Remix),174,727908
Bangbros,Yeah Yeah Yeah! (Nightcore Mix),162.17,53096
Misato Aki,Spread Wings. (TV Size),144,44657
Chris Wallace,Remember When (Push Rewind) (Nightcore & Cut Ver.),149.73,2351045
Nogizaka46,Tsuki no Ookisa (TV Size),185,816046
Tapimiru,Hakkensha wa Watashi (TV Size),175,777733
Wizardthrone,Of Tesseractual Gateways and the Grand Duplicity of Xhul,210,1530752
Zips,Heisei Sayonara Bye Bye,260,971417
Suzuyu,Mezameta Asa ni wa Kimi ga Tonari ni,140,1293806
96neko,Uso no Hibana,188,1347368
Oshimizu Nako (CV: Toyosaki Aki),Diamond,174,995203
QUEENDOM,Ciki Ciki Bam Bam (TV Size),128,1737733
kessoku band,Hikari no Naka e,191,2004303
BotchiBoromaru,TSUYOGARU GIRL feat. Mossa (NECRY TALKIE) (TV Size),244,2242406
CoMETIK,Deinei meimei (Game Ver.),190,2431823
Uehara Rena,Todokanai Koi '13 (TV Size),135,122600
MIMI,Kuu ni Naru,166,1676605
cillia,Pretender (Short Ver.),92,1144729
Sayuri,Sore wa Chiisana Hikari no Youna,144,427725
Ohashi Ayaka,Wagamama MIRROR HEART (TV Size),181,555617
Ceui,Hana ni Natta Shounen no Shinwa,180,296952
monii & Johnny R feat. Neuro-sama,LIFE,172,2306842
toby fox,Bonetrousle,150,1916289
Manami Numakura,Sakebe,195,550344
LiSA,Yuke,180,1604123
Serani Poji,pipo pipo (cut ver.),175,2313840
Nashimoto Ui,Zekkyou Mob B,204,2143531
Serena (CV: Makiguchi Mayuki),Dori Dori (TV Size),178,1791677
Dragon Guardian,Tenkai e no Kippu,190,2133658
MYTH & ROID,TIT FOR TAT (TV Size),173,1072007
Himeno Mizuki,Cherry Pop,192,2411364
cYsmix,Manic,150,361175
JAM Project,THE HERO!!~Ikareru Kobushi ni Hi o Tsukero~ (TV Size),260,374827
99RadioService,YOUTHFUL (TV Size),142,38629
CARR,Kiss Me When I'm Dead (Cut Ver.),212,2499448
ARM x Komso feat. Nanahira,Onegai! Kon kon Oinarisama,175,1254015
Haruna Luna,Stella Breeze (TV Size),148,595827
-45,Totenblume,142,1668922
HoneyWorks feat. Hanon x Kotoha,Summer-sama,181,2242289
Towa Tei with Sheena Ringo,APPLE,98,1851719
petit milady,Hakone Hakoiri Musume,220,370467
55x55,MRAZ' (feat. Larin),120,635171
ReoNa,Alive (TV Size),75,2008363
DIALOGUE+,Utopia Gaku Gairon (TV Size),191,2172879
Himeringo,Idola no Circus,181,1957823
MYLK & Phill Boucher,"Hello, Friend!",165,2419808
Pizuya's Cell feat. Futoumeido,NOiSE,203,1321114
Billie Eilish,bury a friend,120,919644
Randy Crenshaw,Perry the Platypus Theme,165,1713305
Hatsune Miku,Electric Love (Short Ver.),128,44591
Mazare & Philip Strand,Battlecry,180,1167000
10cm,From Me to You,126,249819
Who-ya Extended,VIVID VICE (TV Size),184,1350397
Ohara Yuiko,Zero Centimeter (TV Size),154,999616
Marie,Clover Day's,190,347586
Yousei Teikoku,Gekkakou,160,737644
Bal-Sagoth,The Obsidian Crown Unbound  (Episode: IX),210,258961
Zachz Winner,doodle,160,2331253
EYKHA (CV : Sawashiro Miyuki) LOU (CV : Uchida Maaya) MERYL (CV : Terui Haruka),Delta Decision,185,494606
Indivision & Livewire (feat. Tasha Baxter),Won't You Stay,175,309744
nasu asaco,flora (Short Ver.),130,2337910
Outsider,Like A Man,180,666566
ARForest,Qesia,195,1279020
JIN,Additional Memory,200,1521890
TRUE,DREAM SOLISTER,167,967875
"Kugimiya Rie, Horie Yui, Kitamura Eri",Orange,140,2031733
KKOMDA,Hutao's Costume party!,124,1619052
S3RL feat. Iceman,Berserk,195,1263014
Little Glee Monster,Kimi ni Todoku made (TV Size),110,990308
Hashimoto Miyuki,Symphonic Love (Short Ver.),144,43337
ShinRa-Bansho,Miko-sama no Aburaage disco,169,2366783
TUYU,Anoyo-iki no Bus ni Notte Saraba.,240,2099189
Given,Marutsuke (TV Size),80,1151806
nanawoakari,Doppel ally,187,770165
HoneyWorks,Boku ga Namae o Yobu Hi feat.Mochizuki Souta (CV:Kaji Yuki),190,572790
SOUND HOLIC,Airman ga Taosenai (SOUND HOLIC Ver.),175,1500443
fhana,Wonder Stella,193,361790
GHOSTEMANE,Mercury: Retrograde,157,838193
A-One feat. Aki,Zenmai Koidokei (T.E.B Summer Mix) (Game Ver.),168,2533832
Eve,Last Dance (Cut Ver.),176,1893612
Andromedik,Break Away (feat. RIENK),174,1509063
Demetori,Seijouki no Pierrot ~ The MadPiero Laughs,191,1930121
MY FIRST STORY feat. chelly (EGOIST),"1,000,000 TIMES",200,1205078
Getty vs. DJ DiA,Grayed Out -Antifront-,190,578755
Teuni Teuni,Ottugi Dart,135,1058672
Dreamtale,The Dawn,79.98,135972
Savant,Melody Circus,137,104746
Perfume,Communication (Short Ver.),115,50006
KANA-BOON,Spiral,180,483441
Ado,Episode X,174,2289857
Saiya,Remote Control,165,53857
Linkin Park,Up From The Bottom,214,2346466
Oomori Seiko,JUSTadICE,185,1230998
Almond Eye (CV: Ishihara Kaori),Glory Eyes,190,2541449
Suzuki Konomi,Realize,206,1244533
Ricky Montgomery,Cabo,145,1035982
Tarja,Until My Last Breath,127,60404
Joyce Manor,NBTSA,212,2291108
toby fox & RichaadEB,Megalovania Dual Mix,240,763337
Aso Natsuko,More-more LOVERS!!,182,70104
"Pecorine (CV: M.A.O), Kokkoro (CV: Itou Miku), Karyl (CV: Tachibana Rika)",Connecting Happy!!,182,925078
"GONE.Fludd, CAKEBOY",Logo Backwoods (Zontik),180,2248988
Willow Smith,Whip My Hair,163,1626881
Imai Asami,Believe in Sky (TV Size),165,934806
BOL4,You (=I),105,1254930
The Gentle Men,2004 Breakup,180,1275814
UNDEAD CORPORATION,Yoru Naku Usagi wa Yume o Miru,200,695743
Camellia,Racemization,202,1052199
shiho,ODDS & ENDS,192,2203727
Getter Jaani,Rockefeller Street (Cut Ver.),130,2540568
Demetori,Hishin Matara ~ Four seasons where Starless disappeared.,182,2368159
Shirakami Fubuki,LOVE 2000,170,2474483
CHiCO with HoneyWorks,Otome-domo yo. (TV Size),172,998403
Hanasaka Yui (CV: M.A.O),Harumachi Clover,142,580151
Poppin'Party,KIZUNA MUSIC,189,1222161
kessoku band,Ano Band (TV Size),190,1905695
NateWantsToBattle,Ashes,155,805455
Yun*chi,Your song*,130,126752
Sou,Kegare no Uta,91,957139
ChouCho,Haiiro no Saga,184,1275028
"Masuda Junichi, Adachi Minako",Sentou! Yuuki / Haruka,188.15,1194330
GLORYHAMMER,Infernus Ad Astra / Rise Of The Chaos Wizards,180,1621226
Mitchie M,Viva Happy,148,120002
R3 Music Box / chano & 40mP,Natsukoi Hanabi,158,735755
Kicco,Amazing sky,150,526167
Ogura Yui,Honey Come!! (TV size),184,330175
Sabao,Theme of Anrietta,120,35248
NegaRen,Stark Raving Mad,210,54618
Kanon Wakeshima,killy killy JOKER,180,718732
Bring Me The Horizon,Can You Feel My Heart,128,221860
nyamura x haya na,+Moshi Moshi Darling<3,180,2445102
ClariS,Connect -TV MIX-,175,203567
DVRST,SHE IS HYPERACTIVE,174,1938423
Poppin'Party,Cherry Bomb,190,975062
"Minase Inori, Hanazawa Kana, Iguchi Yuka, Hayami Saori",One Step,137,932314
Beta (CV: Inori Minase),Darling in the Night (TV Size),188,1884234
IOSYS,Club Ibuki in Break All,180,751755
Vengaboys,"Boom, Boom, Boom, Boom!!",138.48,2239474
M2U,Quo Vadis,160,171421
KOTOKO,SHOOT! -KOTOKO ver.-,141,176169
CMH x LIDA,STICKER,172,2152572
Kenshi Yonezu,Haiiro to Ao ( + Suda Masaki ),81,835078
Suzuki Konomi 'n Kiba of Akiba,Watashi ga Motenai no wa Dou Kangaete mo Omaera ga Warui!,200,109373
Ascension,Sayonara,195,2009850
ALiCE'S EMOTiON,Cold Rain,170,204399
BURNOUT SYNDROMES,Hana Ichi Monme (TV Size),174,2036274
Mia REGINA / R3 Music Box,My Sweet Maiden,204,702111
Nakanoke no Itsutsugo,Gotoubun no Kiseki (Movie Size),156,1775347
ONE OK ROCK,American Girls (Speed Up Ver.),177,978879
Ayane,GO Love&Peace,128,109991
Dark PHOENiX,Taketori Hishou,192,19320
Sagara Kokoro,Hoshizora no Ima,185,160145
shikiura sougo,Laundry,187.5,2208231
Paolo Ligorio,The Colors Of My Life (Nightcore Mix),169.97,646724
JIN ft. Matsuyama Kouta (BYEE the ROUND),Lost Time Memory,202,797779
Mia Taylor (CV: Uchida Shu),Toy Doll,175,2028708
Ito Kanako,Fatima (TV Size),179,2382912
Nijigasaki High School Idol Club,Nijiiro Passions! (TV Size),180,2105938
nanawoakari,Ren'ai Nou (TV Size),156,2186207
After the Rain,Moua,184,1594928
Star Driver,5 Centimeters Per Second,150,239787
Ricky Martin,Livin' La Vida Loca,178,894111
Imperial Circus Dead Decadence,"Yomi yori Kikoyu, Koukoku no Tou to Honoo no Shoujo.",220,742961
Nijigasaki High School Idol Club,Colorful Dreams! Colorful Smiles! (TV Size),185,1738303
AmaLee,Santa Senpai (Cut Ver.),190,2284526
Three feat. Kagamine Len,Telecaster B-boy,182,972025
Manami Numakura,Sakebe,195,511055
Fractal Dreamers,Fortuna Redux,200,712974
Chiho feat. majiko,Egao no Kanata,185,1048878
Sangatsu no Phantasia,Fairy Tale,138,885430
Usada Pekora,PEKORANDOMBRAIN!,175,1346547
Aimer with chelly (EGOIST),ninelie,86,443879
Nakamura Mamechiyo,Kare Kano Kanon,180,37090
THE ORAL CIGARETTES,GET BACK,192,1239072
Erabareshi,Picon de Metafiction,188,913092
SPYAIR,I'M A BELIEVER (TV Size),194,1200805
PSY,GENTLEMAN (Cut Ver.),126,88299
"Akasaki Chinatsu, Tamura Mutsumi",Futari no Kimochi no Honto no Himitsu (TV Size),132,100517
KiRaRe,Akogare Future Sign (TV Size),181,2206152
Skrillex,Kyoto (feat. Sirah),87.5,55226
USAO,Boss Rush,190,619807
Takagi-san (CV: Rie Takahashi),Kimagure Romantic,170,731497
u's,Music S.T.A.R.T!!,168,292823
soutaiseiriron,Shikaku Kakumei,160,446062
Meramipop,Sacrifice,192,869801
u's,Dancing stars on me! (TV Size),137,344960
CHiCO,Ace (TV Size),194,2434240
Kotoha,Summertime Record,185,2378750
Tamura Yukari,Himitsu no Door kara Ai ni Kite (TV Size),184,141646
Linked Horizon,Saigo no Kyojin (TV Size),155.55,2086080
DIALOGUE+,Omoide Shiritori (TV Size),172,1434635
Nogizaka46,Yubi Bouenkyou (TV Size),180,2360620
HIELO,La Posesion Du Mimi - ILLUMINATEK Rmx - HIELO Refuck!,190,358353
Maduk,Got Me Thinking (feat. Veela),175,1024635
Mashumairesh!!,Masshiro Start Line (TV Size),177,1818779
Shirakami Fubuki,Asa ga Kite (T-POCKET Remix),222,1144757
MIMI,Magic Maid feat. Kasane Teto,176,2426557
JIN,Additional Memory,200,848963
KANA-BOON,Song of the Dead (TV Size),169,2152637
Caramell,Caramelldansen (Speedycake Remix),164.2,7380
WAGAMAMA RAKIA,SURVIVE,220,1900283
Thousand Foot Krutch,Courtesy Call (Nightcore & Cut Ver.),205.01,2280338
3 Nen E Gumi Utatan,Jiriki Hongan Revolution (TV Size),180,1013091
Luna,Toki to Uta,178,1807701
halca,Sentimental Crisis (TV Size),167,915808
Shika-bu,Shikairo Days,183,2211791
Tomoya Ohtani,Undefeatable (feat. Kellin Quinn),200,1983199
Shikiura.,Karada wa Shoujiki datte Ittenno,120,1767411
Marino,Im Sorry Mom,120,2569685
Rita,Little Busters! -TV animation ver.-,151,56259
LONGMAN,spiral (TV Size),122,2040420
KANA-BOON,Torch of Liberty (TV Size),190,1266045
Kaatarakt,Sunless Dawn,180,1780874
Inori Minase,MELODY FLAG,182,1630848
N.M.S.T.,Snowflakes,175,2133292
DECO*27,Rabbit Hole feat. Hatsune Miku,173,2159055
solfa feat. Rita,shield nine (energy flow ver.) (game ver.),145,2348953
Ayase Rie,Saikai-kei Joshi wa Dou Surya Ii Desu ka? (TV Size),178,2410693
Lia,Toki o Kizamu Uta (TV Size),139,942269
Zseda,LaLaLaLa (Tandemugras),135,1080784
HoneyWorks,Byoumei Koiwazurai feat. Enomoto Natsuki (CV: Tomatsu Haruka),160,2223100
YURiKA,Shiny Ray (TV Size),183,1086799
Phao,2 Phut Hon (KAIZ Remix) (Cut Ver.),128,1398443
ARM feat. Nanahira,Bakunana*Testroyer,200,295581
Utsu-P,I thought I was an angel,100,1004320
Pegboard Nerds,Disconnected,128,134828
Vaundy,saikai (TV Size),150,2402325
Poppin'Party,1000-kai Urunda Sora,182,1106398
Iguchi Yuka,Hey World (TV Size),180,929415
HIMEHINA,Cherry Pop,192,2454586
Sasaki Sayaka,Grand symphony,180,828564
senya,Bondage Anemonation,150,122416
Nayugorou,White Promise,180,1945143
Doxx & Feint,The Pink Fields,178,329290
Shin Hae Chul,Sticks and Stones,150,18826
TRUE,DREAM SOLISTER (TV Size),167,499482
Toyama Nao,FLOWER,190,1696228
15 Voices,Nando Shinde mo Kamawanai. Dakara,182,2278653
HoneyWorks feat. Minami (CV: Toyonaga Toshiyuki),Bae Love,168,940207
CHiCO with HoneyWorks,Pride Kakumei (TV Size),185,331793
Kenshi Yonezu,Peace Sign (TV edit.),200,593466
Itou Kanako,Amadeus,177,359472
U149,Yorimichi Little Star (TV Size),189,1980628
Ava Max,Sweet but Psycho (Sped Up Ver.),166.25,2134625
Swimy,Acchi Muite,187,1141606
denk!girls,two-Dimension's Love (TV Size),185,780131
Zedd,Clarity ft. Foxes,128,390383
MY FIRST STORY,LEADER (TV Size),180,1361484
Porter Robinson & Madeon,Shelter,100,522857
Manaka Kataoka & Atsuko Asahi,Gozen 1-ji (Rain),67,550486
Demetori,Necrofantasia ~ Remix,180,2167421
765 MILLION ALLSTARS,Dreaming!,180,1555816
Will Stetson,Lagtrain,147,1443224
JOYLESS,PRESS START,218,2487271
9nine,With You / With Me,140,301246
KOTOKO,Koi Kou Enishi,144,622780
Hyadain,Hyadain no Kakakata Kataomoi-C (TV Size),180,28565
Sakaue Nachi,Light travel distance RAYTO MIX,150,42575
Lia,Bravely You,150,349052
Kenji Hiramatsu,Counterattack (Cut Ver.),180,2236220
Tatsh feat. Kanako Hoshino,Gekkou,155,30970
SmokyThrill77,Congrathalations! (Cut Ver.),173,1581689
Duca,eyes to eyes,131,805869
Ricky Montgomery,Snow,50,948665
Shade,Rebirth the edge,208,2044204
Terminus Est (CV: Kakuma Ai),Blade Dance,187,774204
HyuN,Legend of Genesis,190,891356
Satou Shizuku,Growing!,140,77928
Ryokuoushoku Shakai,Shout Baby (TV Size),180,1159397
Yuki Setsuna (CV: Hayashi Coco),Cherry Bomb,210,2072721
solfa feat. Shimotsuki Haruka,leap in your mind,105,818672
LV.4,Burning Star,175,2095154
FAIRY FORE,Vivid,168,141
Suzuki Konomi,Love is MY RAIL,163,480404
Luce Twinkle Wink,1st Love Story <TV size>,137.5,447245
Imperial Circus Dead Decadence,"Jashin no Konrei, Gi wa Ai to Shiru.",240,1923289
JIN feat. MARiA from GARNiDELiA,Children Record,202,1028642
ke-ji feat. Nanahira,Ange du Blanc Pur,182,2262416
Fred V & Grafix,Ultraviolet,174,1272355
KAF feat. KAFU,Issee noo de,178,1782440
denk!girls,two-Dimension's Love (TV Size),185,1819698
Cadence and The Penguin Band,Cool in the Cold (Cut Ver.),133,1293791
DystopiaGround,True Theory of Inheritance,182,35622
Yorushika,Yoru Magai,180,1163834
KISIDA KYODAN & THE AKEBOSI ROCKETS,CircleEnd,184,949314
Aoi Eir,INNOCENCE (TV Size),183,61604
DECO*27*40mP,HOME,140,161545
Royal Blood,Loose Change,169,545156
Darling Parade,Never Wrong (Cut Ver.),143.97,2507398
HOYO-MiX feat. Jonathan Steingard,Wildfire,72,1986333
KINEMA106,N.M.W,140,1621874
riya(eufonius),Traveler's tale,140,487968
Hana,Sakura no Uta,180,1037744
konoco x Kobashiri. Sound produced by MIMI,Bullets,190,2214499
SILENT SIREN,NO GIRL NO CRY (SILENT SIREN Version),190,1781642
Izumi Akazawa (CV. Madoka Yonezawa),Responsibility Response,202,420677
DECO*27,HIBANA feat. Hatsune Miku,200,2219890
Loki,With Fire and Sword (2013),180,963872
Halozy,Kanshou no Matenrou,183,179699
Wisin & Yandel,Rakata (Cut Ver.),192,1446290
nano,SABLE (TV Size),200,1218665
MOB CHOIR feat. sajou no hana,99.9 (TV Size),168,915385
TINGS,Be Your Light!!,185,2396139
Mika Kobayashi,Bios (MK + nZK ver.),194,54123
nenpulse,Gateau au chocolat,180,936685
"Ono Ryouko, Gotou Mai, Ichimura Oma, Rikimaru Noriko",Symphonic Love ~Allstar ver~,144,2112905
Gojou Mayumi,DANZEN! Futari wa PreCure Ver. MaxHeart (TV Size),168,840260
nano.RIPE,Utsukushii Sekai,180,193445
t e l e p a t h Terepashii Nouryoku Sha,Mugen TEARDROPS Namida no Umi de,51.5,371924
Wire,Brazil,213.25,1825240
Katy Perry,Last Friday Night (T.G.I.F.) (Whippa Hardstyle Remix),170,2200062
Twin-Tails,Twintail Dreamer! (TV Size),198,1115213
THE ORAL CIGARETTES,5150,192,1587493
Tenshi (CV: Matsumoto Tamaki),Tenshi-teki Kenpou Yon-jou (TV Size),130,786761
Yorushika,Haru,204,2170006
Seraph,Guilty Grimoire,190,2529357
Alipio Martins,Piranha (Maffalda Reloaded Trap Mix),171,287873
Amamiya Sora,Eternal,184,815811
DragonForce,Fury of the Storm,200,306975
LiSA,Rally Go Round,190,317275
Reol,drop pop candy,130,754505
bilbordy,v nol',200,2134012
Poppin'Party,Light Delight,180,984646
LiSA,Hi FiVE! (Cut Ver.),178,550137
Ling Yuan yousa,Beng Huai Shi Jie De Ge Ji Chinese Ver,160,402206
m108,* Crow Solace *,188,2459977
Hanatan,Ghost Rule,210,1082702
eyemedia,Bloody Purity,155,79989
Abe Mao,Ding-dong (TV Size),192.03,2498793
Earth Star Dream,Yumeiro Toridori Parade (TV Size),138,752070
MAXIMUM THE HORMONE,HAWATARI NIOKU CENTI (TV Size),150,1873285
Narae,SPiCa,162,664636
Atarayo,"""Boku wa...""",180,2248178
SUPER BEAVER,Rashisa,168,248087
fourfolium,SAKURA Skip,165,488619
CHiCO with HoneyWorks,Ai no Scenario,180,2209963
*namirin,The Noise of Rain,204,859370
Aitsuki Nakuru,Dramatic Star,188,1053975
KISIDA KYODAN & THE AKEBOSI ROCKETS,Tensei Shitara Ken Deshita (TV Size),200,2191670
kessoku band,Love Song ga Utaenai,185,1921553
Tokyo Karan Koron,Spice,130,317592
Shoujo Fractal,Hatenaki Kaze no Kiseki sae,160,463701
DJ TOTTO,Crystalia,270,691220
TrySail,KAREI ONE TURN (TV Size),175,2029130
ClariS,Butterfly Regret,167,665235
Jouhou Shoribu,Miracle Fancy feat. LamazeP,180,243368
Darkney,Cloud Material,180,739583
Studio EIM,Crescent Moon Island Boss Theme,172,173422
nameless,Milk Crown on Sonnetica,254.92,550414
"Suwa Nanaka, Komiya Arisa, Suzuki Aina",Yosoku Fukano Driving!,182,1030278
"Alicia Blacker, Clyde Shorey",Cage Fight,80,1488922
Memme,Plasma Gun,180,84100
Kardashev,Seed of the Night,197.4,2348388
Aso Natsuko,Eureka Baby (TV Size),178,109045
Arizona Zervas,ROXANNE,175,1165136
Camellia,Fastest Crash,210,331025
Snow Man,One (TV Size),82,2260414
RAISE A SUILEN x Yukina (CV: Aiba Aina),SAVIOR OF SONG,192,1399646
Ohara Yuiko,Mamoritai Mono (TV Size),90,2326378
Co shu Nie,asphyxia,165,895512
Kondo Koji,Isle Delfino,139.87,1203997
TUYU,Anoyo-iki no Bus ni Notte Saraba.,240,1070357
saradisk,168 - 401,200,366079
Minase Inori,brave climber,190,1091022
BaSTeT,DARK LEGACY -Long version-,196,1443335
Wildways,Kilometry (Cut Ver.),200,1484853
Kuro feat. Kasane Teto SV,Kyouka Ranman,174,2328414
Kanzaki Elza starring ReoNa,Independence,205,780318
Fujijo Seitokai Shikkou-bu,Best FriendS (GoldenWolf Edit),163,746506
inabakumori,Lagtrain,147,1336616
Mayumi Obe,Really Love,100,1957684
DECO*27 feat. marina,Aimai Elegy,210,43248
Good Kid,First Rate Town,185,2524297
Sangatsu no Phantasia,Pink Lemonade,191,941246
Guilty Kiss,KOWAREYASUKI,184,708568
Dirty Elegance,Leaves Of Autumn,120,350245
YUIKAORI,Ring Ring Rainbow!! (TV size),181,463905
Hata Motohiro,Rain,92,131044
Petit Rabbit's,No Poi!,158,391817
Hoshimachi Suisei,phony,170,1652496
KASAI HARCORES,Cycle Hit,175,636839
Choucho,Sleeping Butterfly,130,34789
EGOIST,The Everlasting Guilty Crown (TV Size),172,622109
Feint,We Won't Be Alone (feat. Laura Brehm) (Cut Ver.),175,1940162
TUYU,Namikare,204,1177853
Tatsh,reunion,184,346213
Ito Kanako,Amadeus,177,363067
Djerv,Rebel Heart,203,2281914
Sagara Kokoro,Hoshizora no Ima,185,1767449
Cocoa(Sakura Ayane),Daydream cafe ~Gochuumon wa Cocoa desu ka? ver.~,150,328284
ryo (supercell) feat. Hatsune Miku,ODDS & ENDS,192,1861863
Ogura Yui,Honey Come!! (TV Size),184,2211981
Vicetone,Kaleidoscope,123,532417
EGOIST,Namae no Nai Kaibutsu (TV Edit 92s ver),180,359021
Kanae Asaba,Endless Starlight ~Inochi no Kirameki~ (OP Ver.),181,2335269
Mr.Kitty,Carnations,125,595102
Reku Mochizuki,VEZZELiX,190,1871929
CINDERELLA PROJECT,M@GIC*,178,389343
Senya,Kodokutsuki,122,24706
3 Nen E Gumi Utatan,QUESTION (Cut Ver.),177,1266361
earthmind,Another Heaven -game Ver.-,180,695005
U,Ha-tenya?,160,37313
tephe,Neppa feat. Butter,180,2163321
Tia,The Glory Days (TV Size),184,1867008
Nor,Usagi Flap,170,2016404
Goose house,Hikaru nara,160,440169
Jeff Williams,Time to say Goodbye (feat. Casey Lee Williams),250,237854
"Fear, and Loathing in Las Vegas",Chase the Light! (TV Size),186,46480
MY FIRST STORY,Itsuwari NEUROSE,188,365963
Nekomata Master feat. Misawa Aki,chrono diver -fragment-,185,420754
Official HIGE DANdism,Pretender,92,1081640
nano,Nevereverland,206,1023428
SoraMafuUraSaka feat. Knives Out,FPS,200,881581
Mr.Kitty,Mother Mary,120,403676
Masato Nakamura,Eggman's Theme,133,71061
Usada Pekora,Discommunication Alien,170,1181343
nano,Nevereverland,206,621438
Party Favor,BAP U (not sorry Remix),87,385288
Vic Mignogna,Dragon Soul (TV Size),162,32406
senya,Sakuretsu Irony,152,2271602
Mami Kawada,Contrail ~Kiseki~,168,402513
gmtn. vs. kozato (fw. LUZE),squartatrice,180,679272
ZAQ,Caste Room,156,651755
XX:me,Escape,206,811119
"Wake Up, May'n!",One In A Billion (TV Size),187,1627165
SSGIRLS,Humming Love,180,2169888
(K)NoW_NAME,KNOCK on the CORE (TV Size),190,1188929
96neko,Buriki no Dance,172,1296562
CHiCO with HoneyWorks,Ai no Scenario,180,493133
Wakeshima Kanon,killy killy JOKER (TV Size),180,793931
THE ROLLING GIRLS,Yuugure,122,433666
Toyama Nao,Gunjou Infinity,185,2269481
LU-I,wistaria,185,391617
Paramore,Still Into You,136,1074482
Veritas Unae,~DISK 1~,80,912168
yuikonnu,Souzou Forest,180,1208022
Aitsuki Nakuru,Monochrome Butterfly,175,1458599
Netherwalker,Thine King Weeps for Mercy,220,2351846
"Dustvoxx, Laur",FireLight,190,2064173
Ardolf,Split EX (Instrumental Ver.),170,1670325
Akira Yamaoka,Promise (Reprise),150.05,48461
Feint,Tower Of Heaven (You Are Slaves) (Cut Ver.),175,1991315
KISIDA KYODAN & THE AKEBOSI ROCKETS,Colorful (Cut Ver.),188,1264537
*namirin,Koishiteiku Planet,185,916990
RADWIMPS,Grand Escape (Movie edit) feat. Miura Touko,146,1005555
Adust Rain,Imperfect Cherry Blossom,174,2069184
IDIOTAPE,"Qilin's Prance (Czaer, Hwan, Link, Brand_color Remix)",154,1596468
Yooh,LegenD.,205,396839
nowisee,Koinu,176,1049065
nowisee,confusion,176,720882
2 Guys N the Parque,S.I.M.P. (Squirrels In My Pants),120,1185064
Aoyama Misao,Kimi no WIND SONG,134,74733
LamazeP,Koi no Program Hatsudou (feat. Hatsune Miku),180,360118
Toyama Nao,Gunjou Infinity,185,1125470
yuikonnu,"Natsu no Owari, Koi no Hajimari",186,897698
YUZU,Hyouri Ittai,160,347357
Kano,Dear Brave (Short Ver.),188,2388960
"ChiliChill feat. Duo Duo poi, Yan Ning ccccc",To You on The Other Side,125,1589584
UR@N,Nanairo no Chizu (Short Ver.),160,28839
ClariS,Luminous,173,112408
Asagi Shiki,Lost Umbrella,274,1628149
xi,Glorious Crown,225.5,558694
jzxdx,zapreti redan,173.51,2249115
DJ C++,Samayou,215,2017141
kana,Hammer o Denpa Song ni Shitemita,165,713740
Jeff Williams,Red Like Roses (feat. Casey Lee Williams),200,78400
Kon Natsumi,Niji no Kakera (TV Size),132,168499
BAD NERVES,ANTIDOTE,260,2313987
TatshMusicCircle feat. Tsukiko,Floating Darkness...,182,1996833
Xhomie34,Helios Rap Remix (JerseyClub mix),114,2515136
yanaginagi,Orarion,149,368884
Kawada Mami,u/n (Cut Ver.),184,2236406
Wakeshima Kanon,killy killy JOKER TV size,180,162996
Yunomi,Koi no Uta (feat. Yuzaki Tsukasa (CV: Kito Akari)) (TV Size),160,1271261
Demetori,Pure Furies ~ Vengeance is Mine,180,796330
Liella!,START!! True dreams (TV Size),178,1525731
KOTOKO,Wing my Way (Game Ver.),118.04,2412924
kessoku band,Distortion!!,176,1912505
BRIGHT,Ichinen Nikagetsu Hatsuka,119,83795
Krewella,Alive,128,155582
Yousei Teikoku,Hades: The Rise,210,33911
Lite Show Magic (t+pazolite vs C-Show),Crack Traxxxx,220,139525
LiSA,Shirushi -TV ver.-,146,230901
"Aoi (CV: Iguchi Yuka), Hinata (CV: Asumi Kana)",Irochigai no Tsubasa (TV Size),87,1097180
Kraster,I Love2 Darling!!,199,41282
Sub Focus,Tidal Wave (feat. Alpines),174,296817
Parry Gripp,I Wanna Guinea Pig For Christmas,190,1291109
Zektbach,L'avide,170,123359
NANAOAKARI,MURI MURI EVOLUTION (TV Size),181,2411272
Foreground Eclipse,From Under Cover (Caught Up In A Love Song),200,2387642
MiLO,BEST PLOT,210,1739110
HyuN feat. LyuU,Cross Over,200,1063700
Avicii,Levels (Nightcore Mix),140.81,55644
Ogura Yui,Honey Come!! (TV size),184,366647
Tapimiru,Hakkensha wa Watashi (Anime Size),175,602803
Inori Minase,brave climber,190,1785920
Dizzy Sunfist,Decided (TV Size),215,2011122
Kitazawa Ayaka,Kimi to no Nakushi Mono (TV Size),134,126480
senya,Kimi to Dareka no Yasashisa ni,160,250337
senya,Kasou no Kimi no Miyako,140,1229359
Cartoon,Whatever I Do (feat. Kostja),174,372144
Aether Realm,"The Sun, The Moon, The Star",210,933630
Shiggy Jr.,oyasumi,200,1001305
toby fox,Finale,190,1213339
u's,Bokura wa Ima no Naka de (TV Size),196,107038
ryu5150,My spirit lives on,200,2422813
nonoc,Relive,196,1658910
Mirage,Muzyka nas svyazala (Dance Remix),153.05,2115978
Beatdrop,Phase 1,155,54511
Simple Plan,What's New Scooby-Doo? (TV Size),158,2280139
Megami Ryousei,Naughty Love (TV Size),162,1554036
Dance Gavin Dance,Tree Village,176.1,703666
DM Ashura,Elise,162,290339
Hashimoto Miyuki,Symphonic Love,144,19992
TrySail,Original. -TV Ver-,164,572804
xi,Bad Elixir,203,878944
Numakura Manami,Sakebe,195,1918243
MY FIRST STORY,MINORS (Cut Ver.),105,1206933
3 Nen E Gumi Utatan,Bye Bye YESTERDAY (TV Size),180,1915333
Poppin'Party,Koko kara Saki wa Uta ni Naranai (TV Size),190,1542576
TERRA,Tenjou no Hoshi ~Reimeiki~,170,14977
Yonder Voice,Last Train,171,199838
Horishita Sayuri,Kimochi Signal (TV Size),160,940764
96neko,Uso no Hibana,188,559978
DJ Manian,Loco,152,53951
Meramipop,Unknown x known - DYES IWASAKI Remix -,180,800070
Goose house,Hikaru nara -TV size-,160,237645
uma vs. Morimori Atsushi,Re: End of a Dream,212,2362177
ACRYLICSTAB,Kawaki no Rinkaku,188,2312295
DM Ashura,Classical Insanity,175,79149
Kawano Marina,Kieru daydream,176,532545
Porno Graffitti,THE REVO (TV SIZE),152,2444841
POCAH,Nao sou obrigada,154,1733246
CHANMINA,TEST ME (TV SIZE),130,2496510
Angel Dust (CV: Blake Roman),Poison (TV Size),150,2140663
Tamura Yukari,fancy baby doll,184,2300008
YUI,again,140,625048
Dendei,gabe power,173,420765
Childhood Crusher-P,Calalini,140,2267475
Suzuki Aina,Hikariiro no Uta,188,1844548
3L,MyonMyonMyonMyonMyonMyon!,127,426542
fripSide,eternal reality - TV size -,145,113435
Twin-Tails,Twintail Dreamer!,198,773026
ClariS,border (TV Size),178,1970966
Cascada,Pyromania (Cahill Club Mix),128,16984
ClariS,SHIORI,176,747684
DragonForce,My Heart Will Go On,200,2438988
Aoyama Mio starring Yuuki Aoi,Platinum,164,177595
Pendulum,Watercolour (Radio Edit),174,158780
Cascada,Everytime We Touch (Nightcore Mix),186,21219
Nanawo Akari,Higher's High,199,1846714
Brad Breeck,Gravity Falls Main Title Theme,165.8,293039
Fujikawa Chiai,1000-nen Ai,190,2280236
YOASOBI,Yuusha,208,2067764
sana x HoneyWorks,Terekakushi Shishunki,170,1237079
Maitre Gims,Bella (Cut Ver.),103,2325258
YA-KYIM,BAKUROCK ~Mirai no Rinkakusen~,176,23647
Ceui,"Dreams come true -Hana Sakihokoru, Chikyuu no Moto de-",168,1070829
IOSYS,Kitto Mou Hatarakanai,145,41482
Thaehan,Angry Birds Epic (Remix),195,864748
Goose house,Hikaru nara -TV size-,160,221358
Fall Out Boy,Alone Together (Krewella Remix),174,290995
Ariana Grande,positions,144,1303609
Giga-P,Hibikase,140,217134
kessoku band,Guitar to Kodoku to Aoi Hoshi (TV Size),193,2216121
Katakiri Rekka,(^3^)chu Dere Rhapsody,168,51530
Yamamoto Mineko,Rinne,179,948133
Tomatsu Haruka,motto Hade ni ne! (TV Size),150,29317
TRUE,Soundscape,186,508222
KISIDA KYODAN & THE AKEBOSI ROCKETS,GATE~Sore wa Akatsuki no you ni~,200,480386
Swimy,Acchi Muite (TV Size),187,1444242
Mada Mitakoto no Nai Sekai,Reincarnation,180,2046060
Ito Kashitaro,magic music,190.99,2189917
Fotzu,POTOMIRU PINERA,180,1032450
Rise Against,Injection,210,214092
Eisyo-kobu,Faithtival,190,2524484
Hoshimi Production,Sayonara kara Hajimaru Monogatari (TV Size),178,1900480
S3RL,Pika Girl,175,40440
team Umifure,DEEP BLUE TOWN e Oide yo,160,822032
Freda,Maybe (Tronix DJ Remix) (Nightcore Mix),174,1691507
Ray,Rakuen PROJECT (TV Size),135,63351
Rin,Koumakan set 16 ~ Kourou,128,1006601
K/DA,"POP/STARS (feat. Madison Beer, (G)I-DLE, Jaira Burns)",170,875080
Skrillex & The Doors,Breakn' a Sweat (Original Mix),70,48523
JOYLESS,PRESS START,218,2528265
LiSA,Tsumibito,185,945516
Creepy Nuts,Daten (TV Size),200,1810487
Otsuki Maki,memories ~17years after~,134,1231272
Centimillimental,Ai no Shoumei,178,2426582
Klava Koka & NILETTO,Crush,150,1246201
Masafumi Ogata,"Collision Chaos ""P"" mix",127.15,499809
fhana,Hoshi no Kakera,82,736954
HO-KAGO TEA TIME,Tenshi ni Fureta yo! (Asterisk DnB Remix),175,881769
Diao Ye Zong feat. Meramipop,"Mudai ""Soratobu Miko to Futsuu no Mahoutsukai no Itsumo no Mainichi""",192,2086046
senya,Youyoumu no Gotoku (Autobahn Remix),160,440980
Take Us To Vegas,For The Love Of The Game,180.03,2359185
Minami,Kawaki wo Ameku,129,919827
THE ORAL CIGARETTES,5150,192,812921
Ito Kanako,Uncontrollable (TV Size),210,659240
onoken feat. Yoko Natsukawa,Sakimori Souka,168,1559358
Kano,Tokyo Retro,126,179036
AKB48,Heavy Rotation,178,1524839
Aimer,Brave Shine (TV size),85.5,315530
Ice Nine Kills,Merry Axe-Mas,175,1291503
Imy feat. Natsume Itsuki,Lies playing Truth,197,2271658
Sasaki Shiori,Harenohi Step,135,1376952
Ave Mujica,Symbol I : Fire (Cityyy Remix),236,2316771
Harry Styles,As It Was,174,1773982
Yuki Setsuna (CV: Kusunoki Tomori),DIVE! (TV Size),180,1280632
Jamie Christopherson,Rules of Nature,130,1614414
BAND-MAID,DICE,180,1248526
Nanahira,Chikatto Chika Chika,178,2287154
Yousei Teikoku,Asgard,130,99090
Yorushika,Shikaki to Coffee,180,1101236
Rolling Contact,Red Anthem -separate-,145,2497564
Yorushika,Haru (TV Size),204,2302222
UNISON SQUARE GARDEN,Cheap Cheap Endroll,212,613629
Hiroki Moriuchi,Kimi no Shiranai Monogatari,170,1386041
Various Artists,Songs Compilation IV,180,1247857
Kawada Mami,Wings of Courage -Sora o Koete-,160,205095
TrySail,whiz (TV Size),171,2560846
Toyama Nao,FLOWER,190,2211231
Mili,Ga1ahad and Scientific Witchery,166,932901
BAND-MAID,Choose me,180,871187
ReaL,Kagerou (TV Size),164,1094687
Yousei Teikoku,Mischievous of Alice,185,35546
HoneyWorks,Watashi no Tenshi feat. Narumi Sena (CV: Amamiya Sora) (Cut Ver.),168,1937650
Ayase Rie,Hijitsuzaikei Joshitachi wa Dou Surya Ii Desu ka?,158,1312124
AKI AKANE,Kando*Reduction,197,262403
ClariS,Hirahira Hirara,111,643903
Mitsukiyo,Future Bossa,180,1981110
KOTOKO,bumpy-Jumpy!,190,1852279
siinamota,Uta o Utau Hito,200,759268
nihosika,Agarishou,208,2267175
Sharlo,Fantastic Future,171.96,466550
PassCode,Tonight,200,2019357
marina,Towa yori Towa ni,200,457621
Darkney,Rush Hour,150,891377
ROTTENGRAFFTY,70cm Shihou no Madobe,149,694047
Sum 41,Screaming Bloody Murder (Sped Up & Cut Ver.),210,2245864
Aimer,Brave Shine,85.5,475538
HyuN,Wild Card,185,891334
MT Nightcore,Welcome To The Club,181.25,15489
Pratanallis feat. KOKOMI,Marguerite,230,2393002
ONE OK ROCK,"Skyfall feat. Koie from Crossfaith, MAH from SiM, Masato from coldrain",183,1599155
Eve,Kaikai Kitan (TV Size),185,1690933
QWER,OVERDRIVE (CUT VER.),175,2393168
saradisk,083 - nekomimi,200,1173332
DECO*27 feat. Topi,Love Distance Long Affair,140,43409
SIX LOUNGE,Without any words (TV Size),181,2260384
NIGHTMARE,the WORLD (TV Size),190,2372327
Aline Barros,Eu Li Na Biblia (Sped Up & Cut Ver.),184,1769206
LADYBABY,Nippon Manju,186,910392
Kano,Kimiiro Hanabi -album version-,182,514772
HyuN & Ritoru,Apocalypse in Love,180,891338
Razihel & Virtual Riot,"One For All, All For One",145,275655
nano x yuyoyuppe,Beautiful ground,182,206737
Hasegawa Daisuke,Uragirimono no Requiem (TV Size),168,940726
Nishino Kana,Believe,151,336743
QUEEN BEE,01 (TV Size),180,2077597
Yousei Teikoku,Kuusou Mesorogiwi,230,39031
Aimer,LAST STARDUST,81.33,539860
DECO*27,Marshmallow feat. Hatsune Miku,200,2448223
Ellen Joe (CV: Wakayama Shion),MoeChakkaFire,163,2411700
YOSHIKI feat. HYDE,Red Swan (TV Size),132,818610
supercell,Rock 'n' Roll Nandesu no,200,623518
Zac Efron,Scream,135,320894
ReoNa,JAMMER,201,1975461
Sound Souler,Aqua Stars,192,942425
DECO*27,Rabbit Hole feat. Hatsune Miku (Cut Ver.),173,2160279
diaxart,Mr. Beast!!,138,1902658
Tsuzuri,NAME (TV Size),183,2037341
GARNiDELiA,ambiguous (TV Size ver.),178,645817
nowisee,homare,220,2228050
Ceui,COLORFUL DAYS!!,182,1087831
Sawai Miku,Colorful.(Anime ver.),153,260115
syudou,In The Back Room (TV Size),169,1882387
ClariS,Hitorigoto -TV MIX-,165,596910
kessoku band,Seishun Complex,190,1919942
RADWIMPS,Yume Tourou,178,936827
Izumi Akazawa (CV: Madoka Yonezawa),Responsibility Response,202,2452379
Demi Lovato,Sorry Not Sorry (Rock Ver.) (Nightcore & Cut Ver.),183.6,2449469
takehirotei,SEISHUN://NO_HACKING,179,2523852
Alfakyun.,KING,166,1354539
Aitsuki Nakuru,Monochrome Butterfly,175,2308286
TUYU,Kore Dakara Yamerannai!,198,1956534
GALNERYUS,WINGS OF JUSTICE,184,1009839
Hoshimi Production,Sayonara kara Hajimaru Monogatari,178,1522743
xi,Wish upon Twin Stars,200,242462
Amatsuki,Letters to me (Cut Ver.),190,1229117
Blend A,Bon Appetit S,152,699427
Ado,Jama,150,1291365
Minato Aqua x Murasaki Shion,Ringo Uri no Utakata Shoujo,225,2238779
Demetori,Hishin Matara ~ Four seasons where Starless disappeared.,182,2394528
Yoshida Mayumi,Zutto Kono Mama...,160,63468
fhana,Wonder Stella,193,380052
Tamura Yukari,MERRY MERRY MERRY MENU... Ne!,180,161089
Fujikawa Chiai,Bakemono to Yobarete (TV Size),175,1309477
PinocchioP,I'm glad you're evil too,88,643075
Hana,Sakura to Kotori,180,757784
Soleily,Renatus,182,2072797
Emiru no Aishita Tsukiyo ni Dai San Gensou Kyoku wo,ito,158,1077982
Yousei Teikoku,last moment,193,1172342
mafumafu x Amatsuki,nonfantasy,185,841289
Porno Graffitti,Melissa (TV size ver.),170,423500
Sayuri,Hana no Tou (TV Size),170,1960276
ryo(supercell) feat. Hatsune Miku,ODDS & ENDS,192,1011573
Okura Asuka,Prime number~Kimi to Deaeru Hi~,138,307854
Amamiya Erika,Ikitoshi Ikeru Mono,87,676776
Kitajoh Atsushi,"specialist (""NEVER MORE"" P4D-EDIT ver.)",128,1305930
nano,SABLE (TV Size),200,2111538
3R2,Bunny Panic!!!,175,573894
Stan SB,Dead,175,163914
tsunamix,Gensou wa Hakanaki Watashi no Tame ni -Shinroku-,160,2130980
IOSYS,Artificial Children,145,2140573
Vicetone,What I've Waited For (feat. D. Brown),128,264467
Akitsuki Fuuka CV:Lynn,Fair wind,190,587541
Demetori,Shinkou wa Hakanaki Ningen no Tame ni ~ Jehovah's YaHVeH,220,580743
LiSA,Akeboshi (TV Size),95,1590001
Nanahira,Monosugoi Ikioide Keine ga Monosugoi Uta,180,130092
Chikyuseifukubu,I miss you no 3 Meter,160,296299
BUTAOTOME,Hakanakimono Ningen,180,337281
Annalisa,Maschio (Nightcore Mix),167.5,2491062
Kola Kid,press start,200,1107725
"Satou Rina, Inoue Marina & Chihara Minori",Shiawase High Tension (TV Size),170,72658
Various Artists,NEO,190,2091572
Nekomata Master feat. Misawa Aki,chrono diver -fragment-,185,485962
Coda,BLOODY STREAM,132,674882
Mu (CV: Rie Takahashi),Trauma (TV Size),202,2121231
Amatsuki,Kimi no Shiranai Monogatari,165,1134367
DJ S3RL,T-T-Techno (feat. Jesskah),175,83560
ShinRa-Bansho,Dramatic Hizakurige,199,942284
Roselia,MIIRO,195,1001324
Printemps,Eien Friends,156,235836
Sasaki Sayaka,Koi Saku Mirai,168,1604974
Ryokuoushoku Shakai,want,176,1870935
nano.RIPE,Esoragoto (TV Size),184,979631
Jouhou Shoribu,Se-no!,174,203021
Wakeshima Kanon,killy killy JOKER,180,910462
Egzod & Maestro Chives,Royalty (feat. Neoni) (Wiguez & Alltair Remix),172,1850700
Neru,Ningensikkaku,192,2020187
Unlucky Morpheus,Wer ist Faust?,280,2079979
Chata,anesthesia,153,1148598
KISIDA KYODAN & THE AKEBOSI ROCKETS,STRIKE THE BLOOD,208,1274597
DJ SHARPNEL,FAKE PROMISE,190.8,1604660
d4vd,Take Me To The Sun,178.2,2212349
Nakagawa Shouko,Sorairo Days,174,184786
(G)I-DLE,HANN (Alone),105,832324
yuiko,GLORIOUS_DAYS(Short),167,429220
cillia,FIRST,190,323961
School Food Punishment,in bloom,165,113910
Ishida Youko,COLORFUL BOX,161,1136041
TrySail & TRUE,High Free Spirits vs. DREAM SOLISTER,167,564534
LiSA,Brave Freak Out (TV Size),199.95,1504180
DragonForce,Highway to Oblivion,200,1056699
MIMI,Mirai Reflect (Cut Ver.),175,2233328
Yorushika,Jun Toumei Shounen,195,1989866
ClariS,Ai o Utae,180,880030
TWICE,What is Love?,170,816770
7!!,Lovers (TV Size),164,28690
Harada Hitomi,Overdrive,182,1254187
Soken Masayoshi,Close in the Distance,85,1680581
Misawa Aki,Nostalgia,162,226381
Miyazono Kaori(CV.Taneda Risa),My Truth~Rondo Capriccioso,146,274337
Ayase Rie,Hijitsuzaikei Joshitachi wa Dou Surya Ii Desu ka?,158,859575
QWER,T.B.H (Cut Ver.),178,2281227
Aiobahn feat. Yui Makino,non-reflection,180,2180676
TRONIC,Supervelocidad,195,1560910
DJ YOSHITAKA feat. Hoshino Kanako,MAX LOVE,180,107647
Mr. C.B. (CV: Amami Yurina),Yumehayate,185,2411540
The All-American Rejects,Dirty Little Secret (Nightcore & Cut Ver.),170,2501291
sasakure.UK,ChRoNiClESeVeN feat. Annabel,195,2382274
ShadowStrike,Don't Turn Back,180,2549785
yuikonnu,caramel heaven,194,1113893
fhana,Wonder Stella,193,383242
DWB feat. Fade,One Reason (TV Size),109,100892
Mizuki Nana,VIRGIN CODE,212,772707
Our Stolen Theory,United (L.A.O.S Remix),175,1790641
Vira (CV: Imai Asami),Another Sky,142,898041
"amekudeku, mlvine, Scandal",MP3,160,1927238
Leah Kate,Twinkle Twinkle (Sped Up & Cut Ver.),176,1901049
nmk,sola,195,723024
HyuN feat. YURI,Disorder,193,1229471
Halozy,Paranoid Lost,176,182364
paraoka,L9,126,2227702
Nico Nico Douga,Owens,185,20406
2B PENCILS & Nakagawa Kanon,Hajimete Koi o Shita Kioku (TV Edit),140,356633
u's,MOMENT RING,196,2058235
Serizawa Yu,Devi-kyuu (TV Size),180,1347474
Yugi China,Egaiteta Yume,144,42430
Foreground Eclipse,When Innocence Is Just A Mask,178,242316
ReoNa,Believer (Game Ver.),193,2036267
senya,Kimiiro Subliminal,150,1959309
HARU NEMURI,NARASHITE,192,2129095
Sigma Ft Paloma Faith,Changing,171,219929
mzlff,rodinki,180,2464428
Suzuki Konomi,Zenbu Kimi ga Ita kara Shittanda,185,587616
Tamura Yukari,Endless Story,187,1072818
mona (CV: Natsukawa Shiina),#Chouzetsu Kawaii,185,1935898
Zorori (CV: Yamadera Kouichi),Hustle (TV Size),168,2210084
JaidenAnimations,Rise Above (feat. Rainych),136,1486964
Alejqndro,Hartmann no Youkai Shoujo (Synthwave Remix),105,2285652
Bird Bear Hare and Fish,Laika (TV Size),148,1044688
Toiki. feat. Such,"Cynical, Cynical (Short Ver.)",175,2176903
tieff,Our Story,166,941085
TRUE,Storyteller,192,1353733
BABYMETAL,Divine Attack - Shingeki - (Cut Ver.),180,1907043
WineQ & HiDii Guo Yue Tuan & Qian Zhi Da Ren,Quan Yu Tian Xia,180,1714546
Perfume,Laser Beam,135,106568
Farewell225,Window View feat. Kasane Teto SV,194,2553931
Marisa De Lille,Mi Manana,161.01,71438
sekai,Sensei no Koto Suki ni Nacchau,108.5,1930527
YOASOBI,Yasashii Suisei (TV Size),90,2448985
SawanoHiroyuki[nZk]:Laco,Hands Up to the Sky (TV Size),98,1466007
Station Earth,Age Of Reason,174,437544
Marie,Unbreakable,180,808148
saradisk,222 - wewewe,180,2254381
TOOBOE,Shinzou,180,1959364
Wisp X,Crimson feat. Hatsune Miku (Radio Edit),170.03,1032163
Pet na Kanojotachi,Kimi ga Yume o Tsuretekita,135,404735
CUPSIZE,ya prostitutka,142.17,2207674
sapientdream,walls,78,720954
Umeboshi Chazuke,Wakare no Namida wa Mata Au Hi made,222,830444
Digital Sexy,Til Death (Technoposse Remix Edit) (Nightcore & Cut Ver.),166.24,2430126
Duca,Clover (short ver.),142,668608
HO-KAGO TEA TIME,Listen!! (TV Size),175.03,1416174
Takayan,I love you in any way,100,1554918
petit milady,Himawari no Sakamichi,170,2271428
in love with a ghost,interdimensional portal leading to a cute place feat. snail's house,121.25,1729796
supercell,My Dearest,168,493830
Aoi Eir,IGNITE (Shanditus Remix),175,347009
ASCA,Selfrontier,142,1037306
"Chitanda Eru (CV: Satou Satomi), Ibara Mayaka (CV: Kayano Ai)",Kimi ni Matsuwaru Mystery (TV Size),170,1195197
IU,Ah puh,121,1413047
Demetori,Higan Kikou ~ View of The River Styx,182,178777
SynthWulf,Passacaglia (Short Ver.),175,2287223
RedMuffleR,Rubeus,200,249703
Spica,Yume o Kakeru! (TV Size),195,1445679
Pierce The Veil,The First Punch,190,309867
Kuroneko (CV: Hanazawa Kana),Masquerade!,135,1972778
Feryquitous feat. Aitsuki Nakuru,Kairikou,205,740862
hitorie,On the Frontline (TV Size),194,2167353
Goose house,Hikaru nara -TV size-,160,415602
YurryCanon,Yueni,195,1688064
Nanakura Rin (CV: Hayami Saori) & Kitahama Eiji (CV: Okamoto Nobuhiko),Blouse,179.96,2209946
Wavves,Super Soaker,196,1267328
S.I.D-Sound,Prayer (Cut Ver.),168,1326829
THE ORAL CIGARETTES,Amy,182,1788355
Powerless feat. kakichoco,Vanity,90,1411404
Imperial Circus Dead Decadence,"Yomi yori Kikoyu, Koukoku no Tou to Honoo no Shoujo.",220,461744
Traktion,The Near Distant Future,174,97433
MY FIRST STORY,Fukagyaku Replace,199.81,342218
BABYMETAL,Road of Resistance,205,567324
Camellia & DJ Genki,Feelin Sky,174,882932
Surf Curse,Freaks,179.5,2084309
Arizona Zervas,ROXANNE (Remix) (feat. Swae Lee),175,1607645
GALNERYUS,HEAVENLY PUNISHMENT,184,1479179
Belfast (CV: Horie Yui),Pro Tanto Quid Retribuamus,210,2114914
Stellamaris,Stage of Star,195,1717218
Tatsuya Kitani,Where Our Blue Is (TV Size),152,2021316
SAKURA*TRICK,Won(*3*)Chu KissMe! (TV Size),153,141757
Pogo,Data & Picard,120,531911
Inori Minase,Yume no Tsubomi,188,1740306
Blind Channel,Dark Side,196,1479967
Forte Escape,Ask to Wind,108,318425
EDGE of LIFE,Believe in Myself (TV Size),180,1721639
Centimillimental,Hanashi no Tsuzuki,180,2251115
Jay Chou,Nocturne (Shen Xiao Remix),87,2442752
Slipknot,Unsainted,203,1820756
CHiCO with HoneyWorks,Kessen Spirit (TV Size),188,1092271
TRUE,BUTTERFLY EFFECTOR (TV Size),141,675314
Otomania,Ievan Polkka,119,700945
Ushirokara Haiyoritai G,Koi wa Chaos no Shimobenari (TV Size),158,84646
Roselia,Ringing Bloom,195,1066605
Kaf,Kako o Kurau,187,1525052
Groove Coverage,God is a Girl (Nightcore & Cut Ver.),191.7,2250634
IOSYS,"The Lovely, Freezing, Tomboyish Bath, Cirno's Hot Spring",188,27107
ClariS,Colorful -2017-,178,1589677
Ryokuoushoku Shakai,want,176,2405826
Down,AJT,155,1705780
Enter Shikari,The Last Garrison,175,638666
Primary,Inai Sekai,250,560389
Poppin'Party,KIZUNA MUSIC (TV Size),189,899954
HO-KAGO TEA TIME,"NO, Thank You! (TV Size)",181,2316148
Alya (CV: Uesaka Sumire),Hare Hare Yukai (TV Size),172,2220909
Drop,Granat,180.96,2190501
TRUE,Storyteller (TV Size),192,1782868
Sleeping With Sirens,Kick Me,220,1038902
fripSide,last fortune (pocotan Remix),176,995800
Ayakura Mei,Puzzle Maker,136,393384
Arizona Zervas,NIGHTRIDER (Cut Ver.),146,1372144
ABSOLUTE CASTAWAY,Don no Koe,100,1516142
Hana,Sakura no Uta,180,1584956
Tezuka x Qayo,NINI,174,935181
Reol,Asymmetry,184,310499
"Iris Freyja (CV: Hidaka Rina), Mononobe Mitsuki (CV: Numakura Manami)",Ray of bullet (TV Size),185,883397
FROZEN QUALIA,Present,175,1300435
Junichi Masuda,Gym Leader Battle (Black/White ver.),176,53699
KaratoP feat. Rita*,Another Chapter,220,2227628
Zetsubou Shoujotachi,Zetsubou Restaurant (TV Size),150,255637
mimimemeMIMI,Sayonara Usotsuki,182,395359
LiSA,Rally Go Round (TV Size),190,2321879
fripSide,sister's noise (TV Size),144,87871
XX:me,Torikago (TV Size),155,726765
Pendulum,Crush (Radio Edit),174,725428
YOASOBI,Ano Yume o Nazotte,180,1177092
Usher,More,119,29006
TaQ,symbolic,155,2429605
toby fox,Bonetrousle,150,366835
Foreground Eclipse,You May Not Want To Hear This But,191,2114876
Centimillimental,Bokura dake no Shudaika,183,1288817
FIFTY FIFTY,Cupid (Twin Ver.) (Sped Up Ver.),144,2142843
Release hallucination,Chronostasis,200,577414
KOTOKO,Oboetete Ii yo,178,1838384
JIN,Shounen Brave,205,208242
BUMP OF CHICKEN,"Hello,world!",211,302799
luvlxckdown,tbh i dont like being social,171.54,1557097
Mayumi Morinaga,Glitter (Starving Trancer Remix) feat. Another Infinity,140,2110593
Against The Current,Running With The Wild Things (Sped Up & Cut Ver.),190,2046888
Mr.Kitty,Scars,130,330731
Shimotsuki Haruka,Star map,190,1780288
Ito Kashitaro,Setsuna Plus,155,1204361
goreshit,when the cicadas cry,203,1839749
Iyowa feat. KAFU,Kyu-kurarin,220,1627761
S3RL,Bass Slut (Original Mix) (Sped Up & Cut Ver.),204,2539089
Harutya,Furaregaigirl,78,934838
Cita Citata,Sakitnya Tuh Disini (Speed Up Ver.),170,240256
Nakajima Megumi,Saturday Night Question,155,735917
CHOPSTICKS BRO.,Xiao Ping Guo,125,186048
Kalafina,to the beginning (TV Size),153,48408
Primary,Innocence,195,2313934
-45,Yomitsu Hirasaka CORRUPTION,135,845441
Liviu Hodor feat. Mona,Sweet Love,128,55117
Yukinoshita Yukino (CV.Hayami Saori) & Yuigahama Yui (CV.Touyama Nao),Everyday World,154,433114
S3RL,Bass Slut,175,1227249
mer,Golden Journey,178,985162
Junichi Masuda,Battle! Team Galactic Commander,200,24184
Nightwish,Planet Hell,146,167077
MORE MORE JUMP! x Kagamine Rin,KILLER,196,2395464
Halozy,Secret Sister Complex,153,112941
KOTOKO,Namida no Chikai,117.04,45626
Rita,dorchadas,120,580215
Halozy,Kagami,130,2194368
Fukunaga Yoru,"Hitohira no, Daisuki o,",200,810607
Thaehan,Help,196,766939
Unknown Artist,LP,170.25,2268943
DragonForce,Troopers of the Stars,200,1072139
Quinn Karter,Living in a Dream (feat. Natalie Major) (Feint Remix),174,1602640
i.o,Hanikamu Kimi ni Koi Suru Watashi,189,427558
Junjou no Afilia,Kyuukyoku Unbalance! (TV Size),152,1121995
Stray Kids,Social Path (feat. LiSA),172,2074782
Perfume,Daijobanai,128,967347
Shiena Nishizawa,FUBUKI,180,262547
miolly,yoen,200,2194958
TRUE,Soundscape,186,2430798
KORDHELL,A MILLION WAYS TO MURDER,115,2358011
Team AA,Pulse (TV Size),184,1344595
S3RL,Candy (feat. Sara),175,829956
Diana Vickers,The Boy Who Murdered Love,127,129844
sana,Kotoba no Iranai Yakusoku (TV size),170,313239
HYO,DEEP (Cut Ver.),127,2173253
xi,FREEDOM DiVE,222.22,39804
Mili,Nine Point Eight,164,310702
Ayaka Ohashi,Wagamama MIRROR HEART,181,2052377
RUMI,Densetsu no Matsuri,136,781683
Dragon Guardian,Tsuioku no Kuroki Makenshi,190,1213650
Otokaze,Kiro -KaeriMichi-,102,928223
FLOW,GO!!! ~NARUTO OPENING MIX~,268,451316
WAGAMAMA RAKIA,GR4VITY G4ME,200,1855321
Demetori,Kuuchuu ni Shizumu Kishinjou ~ Counter-Clock World,185,353650
Sytry(CV:Yoshitsugu Matsuoka),Believe My Dice ~Sytry Solo ver.~,175,315436
MisomyL,Ring ! Run ! Nyan!!,195,1752046
Alisa Takigawa,Season~TV size ver.~,159,297882
Air85,I'm so excited (feat. Bobby John) (Cut Ver.),182,1598671
Alakrity,Mighty Morphin Power Rangers,182.1,1758657
Asriel,Shiroi Yoru Hamon o Utsusu Yami,201,1396532
senya,Magica,160,91791
Omoi,Nee William,181,164155
xi,ANiMA,183.5,624995
Tephe,Neppa feat. Butter,180,1805752
yuikonnu,caramel heaven,194,366884
yuikonnu & ayaponzu*,Super Nuko World,190,2016414
Fitz and the Tantrums,HandClap,140,642607
Watanabe You (CV: Saito Shuka),Beginner's Sailing,178,1216257
Mami Kawada,Contrail ~Kiseki~,168,403822
"Wake Up, May'n!",One In A Billion,187,637877
LiSA,Rising Hope (TV Size),190,163078
marina,Towa yori Towa ni,200,237977
MIMI,Ai no Sukima (Cut Ver.),204,2243784
KINEMA106,Kurui Saku Sakura,188,2537245
Kano,Stella-rium (TV Size),177,2382989
Wish,Pray,111.97,14690
Kaori Sadohara,Day to Story (TV Size),180,2073249
Ayumi.,Hanagoyomi,180,1155366
Flower,Akikaze no Answer,98,556945
Poppin'Party,STAR BEAT!~Hoshi no Kodou~,195,592526
Tatsh feat. Ayane,Kakusei -Fractional Vision-,182,55805
Cafune,Tek It (Sped Up Ver.),169,1848054
Giga,BRING IT ON,160,861475
Linkin Park,Unshatter,145,2360849
yanaginagi,Owari no Sekai Kara (Short Ver.),148,49804
Kominami Yasuha,3355411,230,2078743
Childhood Crusher-P,Calalini,140,112664
Twin-Tails,Twintail Dreamer!,198,2379281
Feint,Snake Eyes (feat. CoMa) (Cut Ver.),174,721459
shiho,Shiori,201,1745907
Feint & Boyinaband,Time Bomb (feat. Veela),175,652909
Mago de Oz,Bajo mi piel,153,989370
Hanasaka Yui (CV: M.A.O),Aozora Morning Glory (TV Size),138,807524
Duca,Koi o Shiyou yo Let it snow,144,284347
Kanon Wakeshima,Heroine Syndrome,150,603694
inabakumori,Hadal Abyss Zone feat. Kaai Yuki,225,2409567
BOYSTYLE,Kokoro no Chizu,132,338738
Silent Siren,Hachigatsu no Yoru (Cut Ver.),188,2355684
Tate McRae,she's all i wanna be (cut ver.),160,2355009
Hanazawa Kana,Renai Circulation (Short Ver.),120,27509
Hatsune Miku,Reversible Doll,225,22773
Wakeshima Kanon,killy killy JOKER,180,927407
Kawada Mami,Hishoku no Sora,169,994378
Nitta Emi,White Eternity ~Memories in the air~ (10th Anniversary Re:mix),178,2289897
Suzuki Konomi,THERE IS A REASON,134,641718
Galileo Galilei,Yotsuba Sagashi no Tabibito,150,908992
Krewella,Alive,128,532713
Naoki Miki (CV: Takahashi Rie),Friend Shitai,148,1022850
Maaya Sakamoto,Waiting for the rain,82.5,364282
TRUSTRICK,Recall THE END (TV Size),184,1537380
Team.Nekokan feat. Katakiri Rekka,Salvage (TV Size),177.75,2006471
Sayuri,Hana no Tou (TV Size),170,2021051
Lemonade Factory,Akeboshi (Game Ver.),185,2439455
Study,Take a Break,188,1128948
"Kugimiya Rie, Horie Yui, Kitamura Eri",Orange,140,1412334
Thousand Leaves,Kissing the Tears,180,568363
SPYAIR,Genjou Destruction,194,484981
miwa,kiss you (TV Size),135.8,114961
Imperial Circus Dead Decadence,Danzai No Honoo To Koibito-Tachi No Rondo,174,1012635
BRIGHT,Ichinen Nikagetsu Hatsuka,119,50270
MUCC,CLASSIC (TV Size),187,2188181
P*Light,FUNKY SUMMER BEACH,175,212192
Powerless feat. Sennzai,Todestrieb,95,1792060
sky_delta,Cryonix,184,486599
Inori Minase,MELODY FLAG,182,613403
MY FIRST STORY,Kimi no Inai Yoru o Koete,185,1140731
Kousaka Honoka (CV: Nitta Emi),Snow halation (HONOKA Mix) (Cut Ver.),173,2472740
PinocchioP,I'm glad you're evil too,88,617301
toby fox,Spider Dance,230,2191856
KNOCK OUT MONKEY,BRAVE OUT (TV Size),200,1061711
tuki.,Bansanka,103,2192551
100 gecs,sympathy 4 the grinch,176,1606138
ippo.tsk,oyasumination,190,2170482
Blestyashchiye,Za chetyre morya (Nightcore & Cut Ver.),208.8,2143393
nao,Dimension tripper!!!!,188,126749
DJ Flower,Jamaican Love,128,163199
Hotarubi Kakeru & Hisui Rika,Natsu no Hi,138,2093380
KiRaRe,367Days,180,1044333
Aoi Eir,Tsuki o Ou Mayonaka (TV Size),187,1190716
Shakira,Try Everything,115.5,432279
ClariS,Prism,165,1413973
Litku Klemetti,Sina tiedat sen,165,2391775
MiddleIsland,Achromat,165,132728
Nakiri Ayame,Deep Indigo,210,1152106
BABYMETAL,Road of Resistance,205,1011576
TWICE,Heart Shaker,164,863840
Raon,BE the HERO (TV Size),185,1876954
himmel feat. YooSanHyakurei,Seraphim,175,182520
Aoi Eir,AURORA (TV Size Ver.),173,337387
Centimillimental,Bokura dake no Shudaika,183,1780923
Tamura Yukari,MERRY MERRY MERRY MENU... ne!,180,1890928
Kurosaki Maon,Rakuen no Tsubasa,155,221250
DUSTCELL,Hyoujou Sabun (TV Size),153,2261619
Co shu Nie,ZETTAI ZETSUMEI,143,918776
Harusaruhi,Ibasho,220,2487888
Shano x 40mP,Natsukoi Hanabi,158,186896
Imperial Circus Dead Decadence,"Jashin no Konrei, Gi wa Ai to Shiru.",240,2425263
Feint,Horizons (feat. Veela),172,288528
Nanahoshi Kangengakudan,Sefure,185,184328
fhana,Wonder Stella,193,504818
senya,Theta de Tsukisashite,160,1353531
Bratz,Nobody's Girl (Nightcore Mix),92,105474
Maeshima Mayu,ANSWER (TV Size),200,1597272
ITO KASHITARO,Yume Chizu,180,690977
Aqours,Yuuki wa Doko ni? Kimi no Mune ni!,167,1054647
Kinoko Teikoku,Thanatos,187,1913506
Folder5,Believe,155,566875
Jea,snows ~Soshite Kiseki~,186.23,2185566
Spira Spica,Sansan Days (TV Size),180,1670822
Hashimoto Miyuki,Kisetsu o Dakishimete ~blooming white love~,164,290683
Feint & Boyinaband,Time Bomb (feat. Veela),175,1722335
Mami Kawada,Contrail ~Kiseki~,168,403894
Rocky XD,INDUSTRY BABY x WE ARE JAPANESE GOBLIN,180,1863768
Kato Megumi (CV: Yasuno Kiyono),M flat,160,2153673
Larval Stage Planning,Stargazer,136,220811
Stonebank,Who's Got Your Love,170,496549
Serena (CV: Makiguchi Mayuki),Dori Dori,178,1404084
flumpool,Chiisana Hibi (TV Size),123,1147693
Three,Kuuchuu Bunkai,200,952132
Rameses B,Neon Rainbow (ft. Anna Yvette),174,446332
ONE OK ROCK,Start Again,174,1062516
THE ORAL CIGARETTES,Mou Ii kai?,192,1269899
DragonForce,Ashes of the Dawn,180,786141
Harusaruhi,Ibasho,220,2088564
SiM,UNDER THE TREE,160,1950809
Gaku,counterattack,220,1481710
Koven,Get This Right,86,347947
garlagan,Uplift,180,2196143
nano,MY LIBERATION,190,566537
Oshimizu Nako (CV:Toyosaki Aki),Diamond,174,450764
YOASOBI,Ano Yume o Nazotte,180,1120850
QWER,REBOUND (CUT VER.),180,2391474
kessoku band,Guitar to Kodoku to Aoi Hoshi,193,1879988
TWICE,PIT-A-PAT,178,1099733
Hanatan,Ai no Scenario,180,343365
Katakiri Rekka,Answer,224,51947
Akiri,Void Of Altair,166,2273374
Ceui,Haruoto*Veil,180,677875
LhoU,Highlander,185,167225
CINDERELLA PROJECT,Shine!!,174,1703779
Fujiyori & Mayori,Seeing Lights,172,2557154
PSYQUI,Raise Your Hands feat. Such,172,1334632
Kito Akari,Kimi no Tonari de (TV Size),198,1424733
Nightwish,Come Cover Me,147.02,54218
ClariS,Umitsuki (TV Size),170,2400067
Coda,BLOODY STREAM (TV Size),132,115873
Drop,Orokamono ni Tsukurareta Yami no Musume,151,16015
AKINO from bless4,MIIRO (TV Size),195,919925
Wolpis Kater,Deichuu ni Saku,85,927723
Blind Guardian,A Voice In The Dark,184,2407410
Halozy,Paranoid Lost,176,2521633
Suzuyu,Euphorium,186,1773214
sana,Kotoba no Iranai Yakusoku(TV size),170,332194
whiteeeen,Ano Koro ~Jin Jin Bao Zhe Ni~ (zerokoi ver.),84,607798
Yasuda Mizuho,Yoake no Bell ga Naru,177,1381360
Yamajet feat. Hiura Masako,Sunglow (Happy Hardcore Style),180,2340339
YOASOBI,Yuusha,208,2332198
U2 Akiyama,Mystic Oriental Love Consultation,172,24830
Shichikage,Darling in the Night,188,1955618
PSYCHIC LOVER,Rewrite (Short Ver.),178,33050
HyuN feat. LyuU,Cross Over,200,1270122
O-Life Japan,Yakujinsama no Couple Dance,192,16990
Whispered,Exile of the Floating World,225,769346
DJ Mikesh,Be Free (Nightcore Mix),174,238360
Roselia,Senkou,178,2092970
Nor,RE Aoharu,180,1966269
Aqours,Mitaiken HORIZON,178,1075121
Kurubukko vs yukitani,Minamichita EVOLVED,180,136632
Origami Angel,Noah Fence,200,2426118
Nanahoshi Kangengakudan,IMAGINARY LIKE THE JUSTICE,190,1386585
senya,Hitomi ni Kakusareta Omoi,160,398921
Phonetic,Gravity (feat. WithoutMyArmor) (osu! edit),176,2180572
Reol,MONSTER,164,366440
Green Day,Bang Bang,255,2205633
xi,Akasha,185,403427
LiSA,Catch the Moment -Radio Edit ver.-,190,571125
youman feat. GUMI,Worst Regret (Sped Up Ver.),214.07,2355328
Ceui,Hoshi Ori Yume Mirai,174,211820
syatten remixed celas,Bird Sprite -Awakening of Light-,182,43037
Ito Kanako,Uncontrollable (TV Size),210,805733
RuLu,Bad End Donuts feat. tug,200,2110908
overtonight,elephant cage,116.98,2497074
Last Note.,Caramel Heaven,194,90095
AAAA,Hoshi o Kakeru Adventure ~ we are forever friends! ~ [Long ver.],224,677573
Aida Rikako,for... (TV Size),162,1051272
Fellowship,Hold Up Your Hearts (Again),174,2279760
seleP,Snow Marriage,108,1823014
Yuyoyuppe,7/8,180,872314
Dark PHOENiX,Last Remote - Type gamma,186,123871
Yousei Teikoku,Astral Dogma,180,1008085
OISHII,ONIGIRI FREEWAY,210,996628
Nishino Kana,Darling,160,209810
Wakeshima Kanon,the BEAST can't BE STOpped,200,1243487
"Tyler, The Creator",DOGTOOTH,77.5,2005286
ClariS,SHIORI vs. Hitorigoto,176,712111
nano,Bull's Eye,197,393986
SMiLE.dk,Koko Soko,140,565072
Hatsune Miku,Subarashii Sekai,192,25825
-45,Kuina,222,2051811
Suzuki Aina,Hikariiro no Uta (TV Size),188,1102876
Simon Safhalter,End of an Era (Hyper),212.5,2236904
Machico,Million Smile,178,1706195
Muzzy,Children of Hell,175,452965
paraoka,Manima ni,185,43107
CINDERELLA PROJECT,Star!!,178,255003
THE ORAL CIGARETTES,Sesshoku,196,1768029
ReoNa,Believer,193,2162854
ClariS,irony (TV Size),134,1020475
Uruha Rushia,Good-bye sengen,170,1542046
Demetori,Tengu ga Miteiru ~ Eye of the Needles,185,2019775
ELFENSJoN,Magatsu Yami ni Utau,204,2278150
ShinRa-Bansho,Kyoukyou no Fortunate Polka,168,979207
Poppin'Party,I'm invincible (Game Ver.),192,2393861
IRON ATTACK!,Future is Undefined,200,32447
yuikonnu,Kakushigoto,200,436177
fourfolium,SAKURA Skip,165,484442
yuikonnu & ayaponzu*,Shinde Shimau towa Nasakenai!,174,710207
"Luis Fonsi, Omoi & R3 Music Box",Teopacito feat. Will Stetson,89,794585
Sayuri,Hana no Tou (TV Size),170,1891706
TK from Ling tosite sigure,unravel,135,913031
marasy,Mugen no Ticket (feat. Hatsune Miku & KAITO),194,2158134
YUC'e,Cinderella Syndrome,100,561693
DISH//,FLAME (TV Size),192,1249344
T & Sugah x NCT,Stardust (feat. Miyoki) (Cut Ver.),174,1518291
HUNTR/X,Takedown,140,2417565
Vickeblanka,Black Rover (TV Size),204,798677
"Yamazaki Haruka, Tadokoro Azusa, Machico",Kimi to no Asu o Negau kara,186,1774192
Akane Lize,Asu no Yozora Shoukaihan,185,2326586
Niji no Conquistador,Zutto Summer de Koishiteru,240,1263383
AngelMaker,A Dark Omen,220,761026
THE ORAL CIGARETTES,ERASE (TV SIZE),226,2491770
Jeff Williams,When It Falls (feat. Casey Lee Williams) (TV Size),231,1091102
Nekomata Master feat.Joelle Strother,Infinity of Our Love,114,629830
Hatsune Miku,Tsubomi Zakura,181,47539
Black Raison d'etre,INSIDE IDENTITY,186,100682
Hekiyou Gakuen Seitokai,Treasure,163,1275424
nano,Hysteria,210,168662
ONE OK ROCK,The Beginning,182,71561
Korol' i Shut,Marionetki,156,732950
wase,Re Ai 105C De Ni,137,1571327
Kageyama Hironobu,Battle of Omega (GAME OP size),196,759592
Azumi Takahashi feat. Lotus Juice,Full Moon Full Life -Opening Movie version-,193,2162089
Pegboard Nerds,20k (Aero Chord Remix),172,283707
Mayumi Morinaga,Affection feat. Another Infinity,156,106359
Horie Yui,Hikari (TV Size),144,46520
Camellia,crystallized,174,399151
Paramore,Misery Business,173,1026200
Yuyoyuppe,I miss you,126,906781
Mei You Hua Xiang De HANA,Science (feat. Kasane Teto SV) (Cut Ver.),188,2436971
boy pablo,wtf,128,2405756
Suzuki Konomi feat. Ashnikko,Recollect (TV Size),145,2532292
,Bill Nye the Science Guy,130.82,2825
Linked Horizon,Shoukei to Shikabane no Michi,178,1053162
Ray,km/h,185,1248042
yanaginagi,Zoetrope (TV Size),184,2173140
Roselia,Re:birth day,170,1932740
GOHOBI,Blouse (TV Size),178,2212888
96,Shining Wizard,158,55802
HoneyWorks feat. Capi,Ima Suki ni Naru.,170,1327918
Various Artists,Hashire Uma Musume,157,1454027
Hanae,Kamisama Hajimemashita (TV Size),146,80659
goreshit,"semantics: the benzo chronicles, part 1",217,1808052
MIMI,Science (feat. Kasane Teto SV),188,2338966
Eve,Avant,186,1717276
Otokaze,Ame Michi,95,65545
MYTH & ROID,L.L.L.,208,334466
Brookes Brothers feat. Georgie Allen,New Wave,174,961042
Garoad,Every Day is Night,113,1353075
Alex C. feat. Yass,Doktorspiele (Nightcore Mix),172.3,2080781
ShinRa-Bansho,Noumiso Rigid Girl,181,2489801
Jeff Williams feat. Casey Lee Williams,Armed and Ready,250,2496950
Mazare & Luma,Nothing More,180,1075885
Kano,Daisy Blue,184,758130
ClariS,border,178,1701031
C-Show,Rocking to the Beat,174,305938
Maaya Sakamoto,CLEAR,165,718454
Tsuzuri,NAME,183,2037219
Aoi Shouta,Eclipse (TV Size),197,1125468
Akatsuki Records,KARMANATIONS,192,2238312
Ogura Yui,So * Lucky (TV Size),175,2353518
passchooo,david gold took it slow (alt ver.),181,2529058
Hoshimachi Suisei,Newton,200,1987070
Petit Rabbit's,No Poi!,158,378094
Camellia,Shun no Seafood o Ikashita Curry Fuumi Paella ~808 Chef no Twerk to Trap Jitate~,110,1214021
toby fox,Quiet Water,60,393995
fhana,Ai no Supreme! (TV Size),135,1514209
Hayakore Tatsumi,12^2x3.14-13,200,2524948
Minase Inori,harmony ribbon,137,461298
YOASOBI,Yuusha,208,2067581
Treyarch Sound,Abracadavre,180,406273
Aimer with chelly (EGOIST),ninelie (TV size),86,445038
CHiCO with HoneyWorks,Himitsu Koigokoro (TV Size),165,1908258
Sound piercer feat. DAZBEE,Hanatachi ni Kibou o (2020 Remaster),187,1378089
Mitsukiyo,Mutual panorama (feat. Aitsuki Nakuru),180,1806127
SuganoMusic,Imademo...,155,2500223
Beach Bunny,Cloud 9,162,1795909
Aimer,Torches (TV Size),82,1007032
DECO*27,First Storm (KonranP's Japanese Ver.),190,2334949
Gunther & The Sunshine Girls,Ding Dong Song (Radio Edit),132,2080125
Sasaki Sayaka,Zzz,154,32375
kessoku band,Seishun Complex (TV Size),190,1886769
Guilty Kiss,Love Pulsar,150,1601922
Usada Pekora,Discommunication Alien,170,1153393
Duca,"Kanransha ~Anohi to, Kinou to Kyou to Ashita to~",175,150462
Chiho feat. majiko,Egao no Kanata (TV Size),185,1374564
Feryquitous feat. Aitsuki Nakuru,Kairikou,205,832836
Helblinde,Grief & Malice,200,1846720
Jeff Williams,I Burn (feat. Casey Lee Williams),146,138369
Genkaku Aria,Reigetsu Reception,194,1998353
Minato Aqua,Shiroi Yuki no Princess wa,200,1095366
yuikonnu & ayaponzu*,Kunoichi demo Koi ga Shitai,185,111045
Orange Caramel,Shanghai Romance,149,55082
Leo/need x Hatsune Miku,Stella,197,2102891
Inori Minase,Step Up!,185,2099346
Omoi,Chiisana Koi no Uta (Synth Rock Cover),220,609189
Duca,Clover (Short Ver.),142,36296
Charli xcx,365,127.14,2224016
Minase Inori,Million Futures,176,787182
Gavin G,Culture,175,219056
Fractal Dreamers,Gardens Under A Spring Sky,195,956716
Petit Rabbit's,Happiness Encore,135,954168
Sewerslvt,Yandere Complex,186,1412956
ABSOLUTE CASTAWAY,Shinsou Shintouron,205,827743
USAO,Try Again,170,804339
REDALiCE feat. Usada Pekora & Sakura Miko,Peko Miko Daisensou!!,180,1527095
Ne Obliviscaris,Painters of the Tempest (Part II): Triptych Lux,215,724192
girl in red,we fell in love in october (Cut Ver.),130,1761177
Jeff Williams,Red Like Roses Part I & II (Edited Version),210,510958
Ranko,Sei Natsu,200,58785
IVE,Baddie,160,2123307
vivid undress,SAYONARA DILEMMA,178,1064974
Gakuen Seikatsu-bu,Friend Shitai,148,368566
senya,Wasurerareta Kiseki -Sciencefiction-,174,662578
chano & 40mP,Natsukoi Hanabi,158,963553
Guilty Kiss,Strawberry Trapper,195,506466
Lon,MATRYOSHKA,205,109185
P4koo,FRAGMENT. (feat. A.Dokuga),220,1320376
Miss Monochrome (CV: Horie Yui),Poker Face,136,855083
TJ.hangneil,Kamui,210,2008761
Demetori,Songs Compilation,178,165018
nano,A Genesis,171,181384
Demetori,"Yuuga ni Sakase, Sumizome no Sakura ~ Border of Life",175,293766
Miqz,Sound of My Dream,140,245877
Inori Minase,Lucky Clover,177,1785922
Jun Maeda x yanaginagi,Toaru Kaizoku Ou no Kimagure,180,473441
ATL,Magic people,173,1117079
HO-KAGO TEA TIME,Kira Kira Days,200,1366172
YUIKAORI,Ring Ring Rainbow!! (TV Size),181,1621479
OctagonCollaboration,8 Sides of Nico Nico Douga,182.5,173650
UNISON SQUARE GARDEN,Dareka ga Wasurete Iru kamo Shirenai Bokura ni Daiji na 001 no Koto (D.A mix),147,445845
LilyPichu,Teemo I Love You,50,503383
-45,Crimsonic dimension,152,2125044
Kraster,Remember History (Short Ver.),140,22115
Chinozo,Good-bye sengen,170,1408477
Yoshioka Kiyoe,DEKOBOKO,182,2317598
ONE OK ROCK,Kanzen Kankaku Dreamer,190.04,66927
solfa feat. Shimotsuki Haruka,my sweet heart,182,2054648
Suzuyu,Euphorium,186,1636008
Sakuzyo,Imprinting,175,1090887
Cascada,Ready For Love (Nightcore Mix),177.48,24899
ORDEN OGAN,Come With Me To The Other Side (feat. Liv Kristine),185,1052267
Chata,anesthesia,153,77093
Ohashi Ayaka,"Please, please! (TV Size)",180,2146295
SymaG,Nannimonai,206,679965
Rita,Blue Liner,180,256049
ROUND TABLE featuring Nino,Puzzle,166,507802
Sharlo & Sabbo,Sakura no Hana ga Maiochiru Toki,175,227128
Omoi,Hey William (New Translation),181,1409184
Ohashi Ayaka,"Please, please!",180,2022566
TEARS OF TRAGEDY,Accept Yourself,177,2474318
majiko,Inochi ni Kirawarete Iru.,200,1907609
Chata,Microcosmos,144,33806
Release Hallucination,Dolls,210,2404016
Yorushika,"Hachigatsu, Bou, Tsukiakari",220,963814
HyuN feat. Ato,Asu wa Ame ga Yamukara,185,891339
ASIAN KUNG-FU GENERATION,rewrite,179,472742
Inori Minase,"Massugu ni, Toumei ni.",170,1688083
ADLIN,Broken Heart,140,1964663
Kami no Mizo Shiri-tai,Koi no Shirushi,165,40080
kessoku band,Love Song ga Utaenai,185,1910004
yuikonnu,Tsumi no Namae,172,548999
muque,The 1 (TV Size),184,2354130
saradisk,220 - Kumano,200,1153679
Hayakore Tatsumi,Destin Victorica (Harddance Mix) (Nightcore Mix),200,2318863
Nana Takahashi,The Party We Have Never Seen,128,405516
"Earth, Wind & Fire",September 99 (Phats & Small Remix),129.67,28148
nano,Omoide Kakera,200,454627
Draw the Emotional,Sad spring,184,994604
Eve,Ambivalent,188,1833038
Primary,Inai Sekai,250,390619
Liella!,WE WILL!! (TV Size),175,1862160
Lian Shi Ye Koxia,Liu Xing Wu Yu,184,2264697
Chino (CV: Minase Inori),Okashi na Yume o Ohitotsu Douzo,175,855087
Majima Goro (CV: Ugaki Hidenari),24Jikan Cinderella (Game Ver.),150,2482607
Camellia,"chrono diver -fragment- (Camellia's ""crossroads of chrono"" remix)",191,510859
fhana,Kimi to Iu Tokuiten [singular you],175,414530
KOTOKO,"Kaede no Michi, Guitar no Kanaderu Oka de",119,57478
Tamura Yukari,W:Wonder tale,183,425935
SIX LOUNGE,Kitakaze (TV Size),180,1919112
hololive English,Mind Craft (Cut Ver.),262,2534202
OxT,GO CRY GO (TV Size),202,1957384
sana,Kotoba no Iranai Yakusoku(TV size),170,390807
TEARS OF TRAGEDY,Void Act,222,2195916
TRUE,Soundscape,186,1008155
DevilishP feat.GUMI,Yume Maboroshi,190,325340
Shinra-Bansho,Kyoukyou no Fortunate Polka,168,904962
Caramelos de Cianuro,Verano,126.05,74341
24kGoldn,Mood (feat. iann dior),91,1254472
Xi,Rokujuu Nenme no Shinsoku Saiban ~ Rapidity is a justice,195,210764
kessoku band,Karakara,190,1876958
STEREO DIVE FOUNDATION,PEACEKEEPER (TV Size),200,2166051
Poppin'Party,Returns,185,1791342
Draper,Set Me Free,170,329442
Sakamoto Maaya,Okaerinasai (tomatomerde Remix),176,434611
Kardashev,Cellar of Ghosts,210,1804362
Thaehan,Saiyajin,180,656764
Hanatan,Tengaku,232,181142
MiddleIsland,Roze,208,65994
QWER,T.B.H,178,2301978
1914,FN .380 ACP#19074,220,1736332
CHiCO with HoneyWorks,Kessen Spirit (TV Size),188,1092298
Wagakki Band,Valkyrie-Ikusa Otome-,195,452310
Ling tosite sigure,abnormalize (TV Size),175,1230498
La+ Darknesss,Majo,200,2288259
D-D-Dice,2 Be Continued,189,2488181
May'n,graphite/diamond (TV Size),195,1046368
Taylor Swift,Love Story (Taylor's Version),119,1374672
At the Garret,Ishi no Hana,168,2395306
Sou,Worst Regret,198,2184705
Aiko,Ai no Rhythm (Cut Ver.),176,2310172
T & Sugah,Wicked Days (Cut Ver.),174,1496811
SOUND HOLIC,Earthquake Super Shock,175,33471
BTS,Black Swan,147,1133490
Riryka,Tenshi no Hane to Crystal,132,1080600
Mousse T,Horny 98,122.85,3929
u's,Susume*Tomorrow (TV Size),190,228109
Nanahira,Chikatto Chika Chika <3,178,2557378
Ayane,Arrival of Tears -void remix-,175,1856258
"25-ji, Nightcord de. x KAITO",BAKENOHANA,180,2274142
Kidd Voodoo,SATIROLOGIA,95,2333266
Jun Senoue,Westopolis,165.5,28397
kessoku band,Hikari no Naka e,191,1996305
Lia,Kokoro ni Todoku Uta,180,26549
Abe Mao,Kotae,179,2421037
Iori Kanzaki,Bukiyou na Otoko,206,1655854
Duca,Passion,185,720081
Danielle Paris,I Can't Stand It (Cascada Radio Edit) (Nightcore & Cut Ver.),170.54,2224951
nonoc,Reloaded,190,1309794
ELFENSJoN,Hyousou wa Hakuen o Matoite,209,1332833
u's,Bokura no LIVE Kimi to no LIFE,210,154351
Afilia Saga,Embrace Blade,135,370552
Brian the Sun,HEROES (TV Size),198,1209564
Omoi,Totsugeki Zenya no Dance,185,342030
glaive,the prom,182.63,2029582
Kano,Walk This Way!,260,2237503
Origami Angel,Escape Rope,200,1757733
TAMAONSEN,Sonna Yume o Mita no ~lonely dreaming girl~ (Nightcore Mix),144.55,1790704
Starset,Satellite (Cut Ver.),154,565031
Brad Breeck,Gravity Falls Finale End Credits,141,646859
GARNiDELiA,Yakusoku -Promise code- (TV Size),198,2111018
GRANRODEO,Memories,190,319429
SYU (from GALNERYUS),REASON,184,1791832
ChouCho,BLESS YoUr NAME (TV Size),190,1726797
supercell,Hoshi ga Matataku Konna Yoru ni,182,840787
SOUND HOLIC,The Party We Have Never Seen,128,1212232
Veil of Maya,Mikasa,220,480298
MilkyWay,Anataboshi (TV Size),189,2257344
Silver Forest feat. Aki,Sakura Uta,132,587754
Amatsuki,Higurashi Moratorium,189,931886
Aqours,HAPPY PARTY TRAIN,170,1194661
MitiS,Open Window (feat. Anna Yvette),170,100628
HMMMM,Kuroiuta (Cityyy Remix),183,2253466
Yonekura Chihiro,Koiseyo Otome! (Game Ver.),220,2122109
SMiLE.dk,Koko Soko (AKIBA KOUBOU Eurobeat Remix),152,2191580
Mitchie M,Ageage Again,175,220694
BUTAOTOME,Sharekoube,185,1597784
"Fukuhara Ayaka, Fuchigami Mai, Matsui Eriko",Trinity Field (Game Ver.),185,728488
CHiCO with HoneyWorks,Pride Kakumei,185,335503
Mewhan,Keseran Pasaran,185,1643641
LACCO TOWER,Usubeni (TV Size),183,1935665
yuikonnu,Byoumei Koiwazurai,160,135358
senya,Higanbana ~Kurenai~,140,174414
Kano,Six trillion years and overnight story,186,240926
Aether Realm,Swampwitch,210,1556131
nonet,Now On Stage!!,170,1526418
nao,Soutaisei VISION,185,457184
Tri dnya dozhdya,Perezaryazhay (Cut Ver.),125,1802791
SUPER STAR MITSURU,"ALL MY TURN -Kono Turn ni, Ore no Subete o Kakeru- (Game Ver.)",170,1688153
Hayakore Tatsumi,Wedding of the Goodbye,200,2401414
Falcom Sound Team jdk,Deep Carnival,204,2378066
nano,Omoide Kakera,200,62510
Simple Plan,You Suck At Love (Nightcore & Cut Ver.),177.65,2284972
Tsukudani Norio,Atashi no Kamisama,169,1213131
Ayano Mashiro,vanilla sky (TV Size),192,1029653
Sizuk feat. Kotoha,Natsu wo Yobu Koe,174,2022156
Imagine Dragons,Bones,114,1725499
Akatsuki Records x Liz Triangle,First Memory / Next Memory,170,710305
Sawai Miku,Colorful. (TV Size),153,1286203
"ryo (supercell) feat. mafumafu, gaku",takt,181,1930058
halca,Sentimental Crisis (TV Size),167,1698859
Ayah Marar & Blue Marble,Invincible (Cut Ver.),174,1221214
yanaginagi,can cry,184,1540873
Sakakibara Yui,Beautiful day (TV Size),138,50801
Machico,Growing Up (TV Size),190,2161944
SOOOO,Happppy song,226,1016769
Uchida Maaya,Sekai ga Katachi Nakushitemo,188,2219985
Katsuro Tajima,RUN!RUN!RUN!,179.9,2513210
TENROGUN,BAD SURPRISE (TV Size),188,2398535
Yumeno Yuki,BWLAUTE BEIRRD,197,1014034
Nightwish,I Want My Tears Back,140.01,234748
DepXe,Jinkela is always with you,140,74110
Inori Minase,Songs Compilation,190,2214048
Yorushika,Songs Compilation,180,1079354
Sakura Yuno,PROMISiNG,190,1950038
Yousei Teikoku,Torikago,172,412140
Ave Mujica,Symbol I : Fire,236,2176217
angela,Otome no Route wa Hitotsu Janai!,192,1153303
CHiCO with HoneyWorks,Pride Kakumei,185,342242
Sakura Chiyo (CV:Ozawa Ari),URAOMOTE FORTUNE,132,210706
Perfume,Lovefool (30 Byou Ver.),132,987389
Kagemori Michiru (CV: Morohoshi Sumire),Ready to (TV Size),147,1130133
UTA (VO: Ado),I'm invincible,192,2174378
Chino (CV:Minase Inori),Mahou Shoujo Chino (nenpulse bootleg remix),176,458983
SisterS,Hidamari Days,134,342894
TOTAL OBJECTION,Higurashi Moratorium,189,83310
96neko,Uso no Hibana,188,559483
KAF,Carpe Diem,180,2468804
KikuoHana,Hitogawari,80,1531745
UNDEAD CORPORATION,Everything will freeze,240,2128889
DJ Genericname,Dango Dango Daikazoku (Drum and Bass Remix),178,196813
Tsubaki,Alice In Wonderland (feat. UX),220,2274446
yui x sana,Suki na Uta,130,563763
Dareharu,Flowering,148,1480954
Renard,Because Maybe! pt. 1,220,450709
Two Door Cinema Club,Undercover Martyn,159.87,1369417
HALLO CEL feat. Hatsune Miku & Kasane Teto SV,CandyCookieChocolate,173,2523253
GOETIA,Extricate,155,2533953
THE ORAL CIGARETTES,Miss Tail (Cut Ver.),180,1910614
The Rembrandts,I'll Be There For You (TV Version),190,597840
Mrs. GREEN APPLE,Ao to Natsu,185,992659
bbno$ & Rich Brian,edamame,106,1557107
sana,"Sayounara, Hanadorobou-san",170,1295063
Suzuyu,My Dear My Fave,177,1669921
DragonForce,Seasons,193,449873
ROSE & Bruno Mars,APT.,149,2269665
"storyteller(cosMo x GAiA) feat. IA, Kagamine Rin",Anti the EuphoriaHOLiC,180,546102
SHK,Flight of the Bumblebee (RST Classic),175,879890
RoughSketch & TARACHINE,T-REX vs Velociraptor (In the Far east euphoria),200,2448658
Crazy Frog,We Wish You a Merry Christmas (Nightcore Mix),174,2289407
Foo Fighters,The Pretender,173,849640
Tachibana Arisu (CV: Satou Amina),Yorimichi Little Star Tachibana Arisu Solo Remix,189,2163458
Diao ye zong,Sasagu Uta -Higan Retour Symphony-,155,675527
hitorie,One Me Two Hearts,191,1084284
Okazaki Taiiku,Kimi no Bouken (TV Size),200,2560155
Rita,Destination,188,1224803
Alessia Cara,How Far I'll Go,91,788087
NECRY TALKIE,bloom (TV Size),220,2097704
Lifetheory,Angel,175,113192
Glass Animals,Heat Waves,161.64,1739361
senya,Omoi ga Rekishi ni Kawaru Toki,150,1799531
Renard,Pyramid Head Is The World's Greatest Lover,205,1744025
Harano Oni,Yomei Senkoku,185,2393575
Otome Shintou,Mousou Koukan Nikki (TV Size),152,83504
Good Kid,First Rate Town,185,2185624
Ito Kashitaro x Lon,Soushi Sou Ai,195,669776
HoneyWorks feat. HaKoniwalily,"Shitsumon, Koitte Nandesho ka?",170,2362250
Sakurajima Mai (CV: Seto Asami),Fukashigi no Karte (TV Size),96,880996
Kalafina,heavenly blue ~TVsize~,157,194861
gi(a)rlish number,Bloom,182,520565
Kugimiya Rie,Pre-Parade (TV Size),160,27735
katagiri,#2wise4u,200,1818751
Roselia,Sing Alive,195,1893790
Hanatan,Sasabune,176,646883
AKINO from bless4,MIIRO (TV Size),195,1783234
Hoshimachi Suisei,Kakero,176,1518924
Maeda Jun x yanaginagi,Muteki no Soldier,210,2053146
Naru Sekiya (Reina Ueda),Hana wa Odore ya Irohaniho Naru ver.,160,475646
KOAN Sound & Asa,Starlite,170,294496
Minstrel,Yotogibanashi no Kamikakushi,240,1907639
Red Velvet,Bad Boy,150,732077
Minase Inori,Heart no Iro,181,1615138
Saiya,Remote Control,165,2372460
Kohmi Hirose,promise (Cut Ver.),123.99,2266870
Kardashev,Snow-Sleep,220,1770210
Kaguya (CV: Yuko Natsuyoshi),"Watashi wa, Watashi no Koto ga Suki.",193,2504561
sweet ARMS,Date A Live,178,729058
THE SIXTH LIE,Shadow is the Light (TV Size),188,1086898
JIN feat. MARiA from GARNiDELiA,daze (TV Size),198,1329465
UVERworld,Boku no Kotoba dewa nai Kore wa Bokutachi no Kotoba,201,303319
MAN WITH A MISSION,When My Devil Rises,214,2050003
RAN,Dekat di Hati (REDSHiFT Remix),130,350207
TRUSTRICK,FLYING FAFNIR (Anime OP Version),143,263239
Nekrogoblikon,The Skin Thief,230,1061535
Primary,Awake,200,308179
Taio Cruz,Telling The World,130,433501
LiSA,Jet Rocket,178,1189927
Spira Spica,Sansan Days,180,1671373
LiSA,"Thrill, Risk, Heartless",200,718447
Kobory(Mikami Shiori)from BRILLIANT4,Hana Hana x Mekurumeku,135,311347
Tatsh,IMAGE -MATERIAL- <Version 0>,260,2282419
DJ SHARPNEL,Pacific girls,195,2475323
yanaginagi,Zoetrope (TV Size),184,1130495
LeaF,MEPHISTO,170,106212
MIMI feat. KAFU,Ima wa Ii nda yo. (Cut Ver.),85,2228447
THYME,forever we can make it! (TV Size),185,1250456
Kito Akari,Kimi no Tonari de,198,1298952
455-38B,G e n g a o z o - f o o n,153,869649
ELISA,Dear My Friend -Mada Minu Mirai e-,129,1191574
YOASOBI,Biri-Biri,172,2103460
TUYU,Doro no Bunzai de Watashi dake no Taisetsu o Ubaouda nante,225,1246100
Amatsuki,Silhouette,183,978327
Morfonica,Daylight,185,1615019
Knife Party,Give It Up,87,230989
Wish I Was,Stop This,122,404269
Kanae Asaba,Endless Starlight ~Inochi no Kirameki~ (OP ver.),181,517894
Enter Shikari,Radiate,195,967719
Sayuri,Mikazuki,126,330009
Cityyy,Vibrant Springs,181,2378237
Minase Inori,Hoshikuzu no Contrail,190,778526
Yamazaki Moe,Kataomoi no Melody o short ver.,192,750166
LiSA,crossing field,179,68500
Thaehan,Chiptune & Baroque,200,1021450
yanaginagi,Haru Modoki (TV Size),174,300334
Getter Jaani,Rockefeller Street (Nightcore Mix),162.5,33842
Kanemoto Hisako & Iwami Manaka & Ookubo Rumi,GAMERS!,186,645591
inabakumori,Float Play,167,1998171
DM Ashura,Chaotic WHITE,128,22874
Joji,Feeling Like The End,148,1928560
issey,MoeChakkaFire,163,2369791
Project Grimoire,Caliburne ~Story of the Legendary sword~,190,625881
THE ORAL CIGARETTES,Flower,192,2095787
EXO,Power,128,666467
Himeringo,World Lampshade,193,351825
amazarashi,Speed and Friction TV Edit,179,329969
Tia,Heart Realize,178,1468140
Konuko,Toumei Elegy,220,2175479
BLUE ENCOUNT,Polaris (Cut Ver.),190,1251736
ULTRA TOWER,Kibou no Uta(TV anime Ver.),177,297204
METALITY UNITED,Saint Catastrophe,200,2114540
Mahiru & Ado,"Hana ni Ame o, Kimi ni Uta o",240,1720462
"EYKHA (CV: Sawashiro Miyuki), LOU (CV: Uchida Maaya), MERYL (CV: Terui Haruka)",Delta Decision (TV Size),185,1586938
halca,Kimi no Tonari (TV Size),135,834738
YOASOBI,Love Letter,100,1545135
sajou no hana,Memosepia (TV Size),213,937436
FLOW,Sign (TV Size),178,794419
fripSide,only my railgun (TV Size),143,10067
LBDJS,Tari Ubur Ubur (Hendro Engkeng Remix) (Cut Ver.),130,1285848
Sawai Miku,Colorful. (Asterisk DnB Remix),175,394742
ShockOne,Polygon (feat. Reija Lee),175,194188
Demi Lovato,Give Your Heart A Break,123,187949
NACHERRY,Honey Lemon (TV Size),182,2368865
Sandio,i dream colors,185,2195463
Mrs. GREEN APPLE,Ao to Natsu (katagiri Bootleg) (Sped Up Ver.),240,2311267
Rita,Blue Liner,180,430582
Ice,02: Amber Wishes,195,801704
Sangatsu no Phantasia,Pink Lemonade (TV Size),191,1705258
ABSOLUTE CASTAWAY,Hyouhon XI: Kuchinashi,220,2522826
"Fear, and Loathing in Las Vegas",Swing It!!,189,1051249
Various Artists,Soshite Minna no (TV Size),209,2074446
Ryu*,I'm so Happy,181,1299653
Mind Vortex,Alive,173,1879592
Sayuri,Heikousen,191,587728
Ebisuzawa Kurumi (CV: Ozawa Ari),Friend Shitai,148,1054003
Kairiki bear feat. GUMI,Manemane Psychotropic,210,1315151
Ado,New Genesis,175,1848011
Azumi Takahashi feat. Lotus Juice,Full Moon Full Life -Opening Movie version-,193,2160311
Hige Driver join. SELEN,Dadadadadadadadadada,156,206750
Kalafina x The Prodigy,No Good Magia (Start the Witch),145,988552
Tominaga Tommy Hiroaki,JoJo ~Sono Chi no Sadame~,146,713688
Aiobahn & Yunomi,Ginga Tetsudou no Penguin ft. nicamoq (Stripe.P Remix),110,442510
RYO,Shuffle Heaven,190,85802
Yomitan Akane,Chilly,184,2066909
Rin'ca,Koisuru MODE,196,2110359
44teru-k,F.I,180,25828
sweet ARMS,Trust in you,190,346218
Asagi Shiki,Haizakurairo,200,2316335
Benny Tornroos,Kay Muumilaaksoon (TV Size),165.82,1757046
Yousei Teikoku,Baptize (TV Size),210,1756890
shallm,Massakasa Magic!,180,2209766
DECO*27,Chimera feat. Hatsune Miku,212,1735531
Maneki Kecak,Atashi no Nokori Zenbu Ageru,182,1577737
iconoclasm,Votum stellarum -forest #25 DDR RMX-,140,23437
Linked Horizon,Jiyuu no Tsubasa (TV Size),157.5,104986
JIN feat. LiSA,Headphone Actor,202,986934
narco & capo,Fragments,160,13582
senya,Nihil Kagura,150,138420
Metrik,We Got It (feat. Rothwell),174,1522116
HUNTR/X,Golden,123,2406776
Mewhan,Keseran Pasaran,185,750391
Kito Akari,Desire Again,191,1368404
Demetori,Kid's Festival ~ Innocent Treasures,189,34484
Fujijo Seitokai Shikkou-bu,Best FriendS,163,2271183
Ogura Yui,Honey Come!!,184,350963
CHiCO with HoneyWorks,Ai no Scenario,180,287612
senya,Nihil Kagura,150,1874741
Serj Tankian,Lie Lie Lie,120,93958
DECO*27 feat. Hatsune Miku,AI,192,955580
tacica,newsong (TV Size),128,924107
Lia,Bravely You (TV Size),150,1962976
Juice WRLD,Wishing Well,75,1236449
Rammstein,Waidmanns Heil,210,1533921
tumult,Cave Story,113,42956
Aso Natsuko,Perfect-area complete!,183,927758
Harada Hitomi,Kyoumei No True Force,187.5,198802
Trial & Error,Tokoyami no keiyaku KEGARETA-SHOUJO feat. GUMI,190,786498
ITO KASHITARO,START,200,433030
Hikari no Naka ni,Moonlight,183,2375111
-45,Totenblume,142,1725549
Horie Yui,True truly love,204,2336840
Victoria Justice,Make It Shine,137,663704
Inori Minase,Yakusoku no Asterism,190,2088870
PassCode,It's you,210,1633506
Hatsuki Yura,Halloween of the Dead,167,1041518
Suzuki Konomi,Reweave (TV Size),183,2250620
WOODKID,Iron,130,138489
Inori Minase,Yakusoku no Asterism,190,2096353
kz feat. Kaguya (CV: Yuko Natsuyoshi),Reply,170,2507508
AAAA,Hiyokko Santa to Yuki no Machi (Dear A Remix),202,880070
Rabpit,Saika,145,50481
TUYU,Rock na Kimi to wa Owakare da,133,1158494
Sasaki Shiori,Indigo Star,136,1569293
Suzuki Aina,Hikariiro no Uta,188,1307279
TOKYO GIRLS' STYLE,Reflection,130,1297248
Demetori,Love-colored Master Spark ~ Final Sorcery,196,62764
TRUSTRICK,FLYING FAFNIR (Anime OP Version),143,260563
SawanoHiroyuki[nZk]:mizuki,&Z (TV size),158,261145
"Petit Rabbit's with beans, Hayami Saori, Kayano Ai",Waai Waai Try!,170,906130
Kyary Pamyu Pamyu,Furisodation,200,1049418
MindaRyn,Like Flames,175,1693866
NCT,Afterlife (Cut Ver.),174,2087537
halca,Sentimental Crisis (TV Size),167,1375253
Parry Gripp,Boogie Boogie Hedgehog,128,6505
Kano,Songs Compilation,177,1813878
goreshit,fine night,179,1661712
solfa feat. Ceui,brand new day,169,110305
TOGENASHI TOGEARI,Emptiness and Catharsis,186,2197908
Memme,Dajiahao (Erhu ver.),170,284847
Viceroy,She's Taken By The Devil,162,1945410
CustomiZ,COOLEST (TV Size),188,960799
ClariS,Anemone -TV MIX-,140,334476
Rika Mayama,Liar Mask (TV Size),180,1897778
Tojo Nozomi (CV.Kusuda Aina),Love Live! NOZOMI Mix Songs Compilation,135,351606
Leo/need x Hatsune Miku,Stella,197,1761107
HOYO-MiX feat. Isabelle Huang,TruE,160,2333780
Hotori Misaki (CV: Koharu Nagi),Wakuwaku Tabemono Land,204,2468630
Lil Uzi Vert,XO Tour Llif3,155,805364
Koji Kondo,Slider,175.82,2256337
Kommisar,AKARI BEAM CANNON LAST BOSS,245,2095159
Ouse Akira,Sacrifice,210,1437979
Apocalyptica,2010 (feat. Dave Lombardo),180,324990
fhana,Genzaichi,198,590023
KIRA & Heartbreaker,B.B.F (feat. Hatsune Miku & Kagamine Rin),128,955866
BULANOVA,NE PLACH',112.68,2214329
SYNC.ART'S,Sins -Kokoro no Tsumi-,145,51605
YELL,Kanojo ga Flag o Tateru Wake (TV Size),165,166500
Ancient Bards,Broken Illusion,180,2543645
DJ TOTTO,Crystalia,90,2288605
sajou no hana,Aoarashi no Ato de (TV Size),194,1347448
Yasuda Rei,Best of my Love,120,2308653
Poppin'Party,Light Delight,180,1544601
Yuuzuki Tsubaki,midnight cookie,183,326177
Chata,Crazy for you (Short Ver.),157,28489
Aziya,bbydoll (nightcore mix),217.1,2410720
saradisk,176 - ikazuchi_B,180,724704
Andrew Garden,this is goodbye,180,2098455
Helfro,Avoxtur af rotnu tre / Eldhjarta,240,1440921
"Tomoya Ohtani, Jean Paul Makhlouf of Cash Cash",Reach For The Stars (Short Ver.),203,1436078
yassu feat. Tina,Yuujou >>> (Koerarenai Kabe) >>> Renai,152,844415
KINEMA106,Juubaku,190,1603084
TUYU,Daemonisch,200,1443294
Kikuo,Pokkan Color,140,2398169
S.S.H.,Touhou Judgment in the Sixtieth Year ~ Fate of Sixty Years,186,20008
Mimori Suzuko,Egao no Kimi e,175,1675951
"Iris December Uncry (CV: Hanazono Mei), Noel the Nextseason (CV: Ameba Tsukasa)",Crying Heart (Game Ver.),178,1810832
nasuo*,Honey Jet Coaster,175,1813777
Sayaka Sasaki,Zzz (TV Size),154,28687
TEARS OF TRAGEDY,Epitaph,191,1863460
Himeringo,Idola no Circus,181,902250
ClariS,RESTART,152,198498
Chata,Boku no Tonari de Koi o Shite!,182,799418
Chitose Sara,Arcadia,178,810877
YURIA,SCRAMBLE!,175,20300
Sonoda Umi (CV.Mimori Suzuko),Watashitachi wa Mirai no Hana,183,394816
Xitoo,Hitotsume no Dokuhaku,130,554143
Jun.A,Bucuresti no Ningyoushi,152,1501476
Release Hallucination,Chronostasis,200,2270474
SEREBRO,Mi Mi Mi (Speed Up Ver.),144.54,907084
HOYO-MiX,Caprice of the Leaves,97,2508974
Merengue,"""Ano Hero to"" Bokura ni Tsuite -noitamina ver.-",133.7,597018
Sum 41,No Reason,196,1128923
Mrs. GREEN APPLE,StaRt,190,1039048
Techdiff,Vat Grown Top Knot,225,2410416
LiSA,Rising Hope,190,1711383
the peggies,Ashiato (TV Size),164,1422944
ARForest,Altros,195,658433
Poppin'Party,Yume wo Uchinuku Shunkan ni!,203,1286874
Cash Cash,Overtime,114,472143
Itoki Hana,Wa-cycle- (TV Size),76,708535
Tadokoro Azusa,Storyteller,194,856930
Amatsuka Mao,FANTASTIC ISLAND,156,1396223
Kagura Mea x Minato Aqua,Ookami wa Akazukin ni Koi o Shita,192,1084247
Aether Realm,"The Sun, The Moon, The Star",210,2513060
My Chemical Romance,Planetary (GO!),132,22890
supercell,Kimi no Shiranai Monogatari (TV Size),165,2276684
Yorushika,"Yuunagi, Bou, Hana Madoi",220,1029377
Tsukuyomi,"Hana ni Ame o, Kimi ni Uta o",240,2224058
HAG,Rokugatsu no Himitsu Kichi,140,1094362
Stonebank,Ripped To Pieces (Feat. EMEL),170,590385
ZUN,Touhou 7 Nonstop Medley,156,1945081
Tsukuyomi,Yume to Shiriseba,185,2354923
Batushka,Pesn' 8,180,2370103
MIMI,Ai no Sukima (Arrange Ver.),84,1764228
Sayuri x MY FIRST STORY,Reimei,185,890719
"Fear, and Loathing in Las Vegas",Rave-up Tonight,160,176832
UNISON SQUARE GARDEN,fake town baby,194,933600
yama,Mahi (TV Size),200,1804246
Mineko Yamamoto,"Falling, The Star Light",178,1527986
ZUN,U.N. Owen Was Her?,155,13887
Yoko Shimomura,Welcome to Wonderland,171.99,45050
DragonForce,Seasons,193,1202695
Tadokoro Azusa,Unmei Dilemma (TV Size),190,813248
Mili,Within (TV Size),76,920459
TUYU,Anoyo-iki no Bus ni Notte Saraba.,240,1066557
senya,Kataomoi no Bigaku,150,363504
U-ka saegusa IN db,Kimi to Yakusoku shita Yasashii ano Basho made,170,294186
ZAQ,Sparkling Daydream,175,389192
Capi,"Watashi, Idol Sengen",180,944137
Idun Nicoline,Lost Without You (Boxplot Remix),174,1314891
YOASOBI,Yuusha (TV Size),208,2067467
LiSA,"Thrill, Risk, Heartless",200,1064829
TWICE,FANCY,132,960258
yanaginagi,Tokohana,169,168201
Code Red,18 (Nightcore & Cut Russian Ver.),160.7,2338699
Rocket Sister,Blackout (Cut Ver.),200,1070184
A-One feat. Kanipan.,"Endless, Sleepless Night",165,2241601
Culprate & Joe Ford,Gaucho,172,847776
Tatsh,Cinderella Romance,174,480878
DAOKO x Kenshi Yonezu,Uchiage Hanabi,96,654473
Lulickma & Loctek,21st,200,1525478
MY FIRST STORY,Fukagyaku Replace (re:rec),200,2146733
Midnight Grand Orchestra,Moonlightspeed,176,1850518
Toby Fox,Beginning,138,872679
Hana,Sakura to Kotori,180,427688
3L,Tiny Little Adiantum,186,807855
nayuta & yuikonnu,Super nuko ni naritai,194,494097
Meramipop,Star Breaker,165,296116
ginkiha,EOS,175,151720
jAcKp*TrASH feat. AiCA,Control,210,1676042
765 MILLION ALLSTARS,UNION!!,172,1058213
Yorushika,Tomin,180,1007573
DECO*27,Rabbit Hole feat. Hatsune Miku,173,2150088
SYNC.ART'S feat.Kaori,Absolute Demolition,180,25935
Kitadani Hiroshi,OVER THE TOP,212,1800054
Rachel (CV: Chisuga Haruka),Pray,80,940111
Stefan Karl Stefansson & Mani Svavarsson,We are Number One,162,534404
Tony Halstead,The Globglogabgalab,92,754450
Doin,Further,194,780833
Disasterpeace,I Am Only a Man,160,165273
Luna,Shinsekai no Alpha,190,1370577
sphere,HIGH POWERED (TV Size),187,1133689
Galileo Galilei,Circle Game (TV Size),123,105089
TAKANE NO NADESHIKO,I'M YOUR IDOL,193,2288824
Sawai Miku,Colorful. (Asterisk DnB Remix),175,299454
Roselia,Sing Alive,195,2125152
Feint,Stray,173,384535
Alpha (CV: Seto Asami),Darling in the Night (TV Size),188,1873489
S3RL feat. Lexi,Earth B flat,175,2292105
Afilia Saga,Neptune*Sagashite (TV Size),145,1047385
Taylor Swift,Paper Rings,208,2462576
Amamiya Sora,Skyreach (TV size),184,191415
DVRST,I Hate You I Love You,174,1923845
EBIMAYO,NIGHTMARE INVITATION,195,2440431
Airi Amano (CV: Mizuki Nana) & Shano Himegami (CV: Raychell),WOW WAR TONIGHT ~Toki ni wa Okoseyo Movement~,170,1989255
yanaginagi,Tokohana,169,181310
Tia,Heart Realize,178,170680
NC.A,Hoo Hoo Hoo,140,875943
nano feat. MY FIRST STORY,SAVIOR OF SONG (TV Size),192,1040690
NICO Touches the Walls,Diver,149,519090
The Prodigy,Smack My Bitch Up,136.2,24949
Kyary Pamyu Pamyu,PONPONPON (Short Ver.),128,42073
ACE COLLECTION,Monoqlo City (TV Size),135,1425791
UNDEAD CORPORATION,No Filter,210,1058763
Poppin'Party,Senbonzakura,154,765565
Hayakore Tatsumi,The Last Blue Sky,200,2244893
KIRIKO,Still I Love You ~Mitsumeru Yori wa Shiawase~,124,44356
"Wan Ho-Kit, Lee Hon-Kam",Unknown Title,190,468614
Aimer,words,70,477813
ViViD,HIKARI (TV Size),210,2452754
Rhodanthe*,Yumeiro Parade,180,302183
KOTOKO,bumpy-Jumpy!,190,81816
Horie Yui,Asymmetry (TV Size),173,1171292
Fleshgod Apocalypse,The Violation,270,1198838
Station Earth,Cold Green Eyes feat. Roos Denayer,174,986813
"Megu (CV: Murakawa Rie), Syaro (CV: Uchida Maaya)",Ashioto Tarte Tatin,193,1459441
Hatsuki Yura,Yoiyami Hanabi,115,115011
MitiS,Living Color (Original Mix),174,309511
Akiakane,FlashBack,185,48320
Minato Aqua,One Room Sugar Life,180,1259273
Tsukino x Kurousagi Uru,Mental Chainsaw,188,1806660
ClariS,Connect (TV Size),175,1259636
Iron Frill,Jellyfish,172,1296074
Porter Robinson,Get Your Wish (Sewerslvt Remix),190,2156281
fripSide,Red Liberation (TV Size),177.5,2059105
Ricky Martin,Livin' La Vida Loca (Spanish Version),178,1337085
JIN ft. Matsuyama Kouta (BYEE the ROUND),Lost Time Memory (TV Size),202,768638
BRADIO,Flyers,139,265617
BUD VIRGIN LOGIC,Danzai no Solitude,210,1927181
YENA,SMILEY (feat. BIBI),156,1725608
xi,FREEDOM DiVE,222.22,1667560
FabvL,Fortnite Drip,183,1115216
Foreground Eclipse,Storytellers,183,220512
ClariS,Connect (TV Size),175,1020050
Kuroneko Dungeon,Lilieze to Enryuu Laevateinn,200,2061560
Mia REGINA,My Sweet Maiden,204,1109062
FOX RAVEL,Apoptosis Queen,170,421795
"Wake Up, May'n!",One In A Billion,187,1459427
Uchida Maaya,Gimme! Revolution,180,524464
Wakeshima Kanon,Not For Sale Fossil (Cut Ver.),190,1569012
ClariS,Connect,175,1250654
fhana,Kimi to Iu Tokuiten [singular you],175,929705
UNISON SQUARE GARDEN,Phantom Joke (TV Size),200,1051745
Envy,Paladin,130,109525
Aoi Shouta,BAD END (TV Size),176,1189904
Hatsuki Yura,Nightmare -Overture-,115,155805
heidi.,Loop,136,99418
Katy Perry,Last Friday Night (T.G.I.F.) (Nightcore Mix),158.76,2289069
TUYU,Kako ni Torawarete Iru,180,2286703
Inori Minase,Yume no Tsubomi,188,2094605
MIMI,Ai no Sukima (Cut Ver.),204,2524550
Shigure Ui & Amamiya Kokoro,Daishikyu Daishuki,190,2158797
"Tomita Miyu, Onishi Saori, Ohzora Naomi, Hanazawa Kana",Gabriel Drop Kick,168,572809
Tamura Yukari,Fantastic future,172,94631
KyoKa,Yumemi Hanabira,175,1863372
Feryquitous feat. Aitsuki Nakuru,Ether,200,902425
MY FIRST STORY,Mukoku,195,1047546
"Kagura Mea, Inuyama Tamaki, Shigure Ui, Dennou Shojo Siro",Girlish Lover (Cut Ver.),165,1662776
Takanashi Yasuharu,Doku Ryuu no Kobura,200,39950
DJ Mashiro,Prismatic Lollipops,202,179288
Tsukuyomi,Yume to Shiriseba,185,2110074
Fellowship,Avalon,190,1988877
Memme,Starving Days,185,275743
Receptor,Redstar,174,184301
Two Door Cinema Club,Dirty Air,138,1107855
Abe Mao,Believe in yourself (TV Size),171,1055356
Roselia,Six Trillion Years and Overnight Story,186,790060
kis-kis,podruga,192,1483665
ChouCho,Happy Fate (Short Ver.),144,58745
David Wise,Diddy Kong Racing Theme,182,2193331
mafumafu feat. nqrse,KING,166,1263393
Ado,Aishite Aishite Aishite,230,2305428
Yooh,Dynasty,189,149648
Rohi,Kanata ni Mau wa Sakura no Shirabe,200,93555
"Riko (CV: Tomita Miyu), Reg (CV: Mariya Ise)",Deep in Abyss,135,683322
Ogura Yui,Destiny (TV Size),190,1049248
sasakure.UK,ChRoNiClESeVeN feat. Annabel,195,630014
Hanasaka Yui (CV: M.A.O),Harumachi Clover (NAGI vs 14 Remix),170,708763
LiSA,traumerei,190,1821202
XenjeS,Inorganic Dystopia,220,2471967
SYNC.ART'S feat. Sakaue Nachi,Light travel distance / RAYTO MIX,150,2140323
40mP,Shounen to Mahou no Robot,142,156907
Duca,Kioku x Hajimari,185,842540
EvilServant,Zen Zen Zense,190,524537
nameless x toa,Patchwork Staccato,139,860514
t+pazolite,Say Hello to HOLLOWood feat. Akagawa Nene,192,926041
"benny blanco, Halsey & Khalid",Eastside,90,972053
Kankaku Piero,Haruka Mirai,182,1301767
Uchida Maaya,youthful beautiful,168,948557
AKASAKI,Bunny Girl,160,2261723
Ryu*,Sakura Reflection,181.01,28649
paraoka,Manima ni,185,41603
FROZEN QUALIA,Hana no Kioku,174,1388238
Linkin Park,The Emptiness Machine,184,2246307
Yonekura Chihiro,ReAliZe,155,1255009
Lovejoy,One Day,182,1729705
Jay Chou,Qing Hua Ci,108,251913
nano,"Star light, Star bright",190,1824613
Analog digitaL,IBUKI,138,1282968
Poppin'Party,Blue Bird,152,1061601
Katagai Shione (CV: Tsubaki Kaedeko),Marine Blue ni Sotte,180,2502182
SawanoHiroyuki[nZk]:mizuki,aLIEz (TV size),99,211586
ReoNa,Believer,193,1581056
Sakamoto Maaya,Okaerinasai (tomatomerde Remix),176,1650797
KOTOKO,jihad (Short Ver.),180,1126942
MARETU,Umitagari,133,966574
SPYAIR,I'M A BELIEVER (TV Size),194,989425
Lan Zi,Yi Bai Kuai Dou Bu Gei Wo,96,425219
inabakumori,I'm the Rain,144,2168939
Ricky Montgomery,Cabo,145,1166415
Hanataba,Night of Knights,180,5445
Cascada,Everytime We Touch (Nightcore Mix),174.66,1912753
JIN ft. MARiA from GARNiDELiA,daze (TV Size),198,491796
SawanoHiroyuki[nZk]:Yosh,BELONG,167,1140644
Little Glee Monster,"Dakara, Hitori ja Nai -TV Size-",180,631624
reGretGirl,Submarine Youth (TV Size),168,2553087
Primary,STRUGGLES,200,1144550
Pegboard Nerds,Try This (Cut Ver.),87,1862574
Chata & nayuta,"Yuune Zekka, Ryouran no Sai",165,114065
Triad Primus,Trinity Field (M@STER VERSION),185,1534771
Foreground Eclipse,Are You Ready To Fall Into Falls & Fall Of Tears,163,675023
ChouCho,Melt,170,290541
Rostik,Liquid (Paul Rosenthal Remix),133,123593
Ito Kashitaro,Silent Minority (TV Size),206,1771982
Good Kid,Everything Everything (Cut Ver.),192,2461278
Mahora Gakuen Chuutoubu 2-A,Happy*Material (TV Size),163,2339318
Polyphia,O.D.,136,1276327
Kano,Sukisuki Zecchoushou,234,484532
SOUND HOLIC vs. T.Kakuta feat. Nana Takahashi,ROZA DE ANDALUCIA,191,1445963
Rita,Beyond the Eternity,200,630897
nao,Toaru Shoukoku no Ohimesama ga...,218,1986106
Josh A & Jake Hill,Worst Mistakes,82.5,1292676
DystopiaGround,AugoEidEs,207,1008143
Foreground Eclipse,In A Night When Her Sorrow Resounds Around,160,901755
A.SAKA,Nanatsu Koyoto,180,972793
3L,Three Magic,133,59631
PORNOFIL'MY,"Papa, Ne Pey!",184,936950
konoco x Kobashiri. Sound produced by MIMI,Bullets,190,1890961
Mimori Suzuko,Light for Knight,190,801337
Poppin'Party,Light Delight,180,2171034
Foreground Eclipse,"Wandering, Never Wondering (There Exists A Shade)",180,1785945
fhana,Songs Compilation,182,675262
PolyphonicBranch,Chameleon Love / feat.Kano,180,264819
StylipS,STUDYxSTUDY (TV Size),170,43013
Kanon Wakeshima,Sakura Meikyuu,170,540631
Unlucky Morpheus,Phantom Blood,270,885158
YOASOBI,Yuusha,208,2113685
ViViD,HIKARI (TV Size),210,2428714
Oomori Seiko,JUSTadICE (TV Size),185,1177969
JUNNA,MIIRO (Cut Ver.),195,2237537
BLANKFIELD,Retrospective City,220,1120645
Hana,Sakura no Uta,180,440068
BUTAOTOME,Haru no Yuki,220,1288476
Silver Forest,"Souon!! Now,Thank You!",180,23251
sajou no hana,Hoshie (TV Size),191,837568
xi,Ascension to Heaven,200,368060
Katarzyna Laska,No Ordinary Girl,155.8,198978
tomatomerde,Brave Shine,175,308945
EPICA,Wings of Freedom,157.5,1774219
Erabareshi,"Motto, Nee Motto (TV Size)",200,2507217
Jeff Rosenstock,HEAD,234,2537887
P*Light feat. yukacco,Stargazer (DJ Shimamura Remix),175,316206
EXiNA,DiViNE (TV Size),203,1502283
Charli xcx,Apple,126,2249085
Ni-Sokkususu,Blade Dance,187,200501
Diao Ye Zong feat. Meramipop,Eiya 'Imperishable Challengers',190,1291267
StylipS,Junsui na Fujunbutsu (TV-size),175,184139
nao,Taiyou Paradise,147,242019
Scott Brown,Go Berzerk,172,15298
PESS vs t.A.T.u.,All The Things She Said (DnB Remix),180,73185
Otokaze,Karen feat Rhyzz&Bell&Jas Mace (The 49ers),184,295711
Memme,Avalanche,175,542317
Wix Games,Glacier Theme,100,492602
SHK,Death Moon II,150,472158
Sawawa,kirakira TIME*,202,354013
MIMI,Mizuoto to Curtain,186,1529722
ASIAN KUNG-FU GENERATION,Dororo (TV Size),185,967405
Maon Kurosaki,Memories Last (TV Size),173,2239473
Kicco,Lucky Monster,160,297140
Kumagai Eri(cv.Seto Asami),Back to Marie,178,467761
ItaloBrothers,Dancing in the Streets (Nightcore Mix),189.72,1888909
HyuN feat. Wolpis Carter,Achromatic Dystopia,183,1877240
pocotan,Dear Jewel,175,417306
nerdylizardeperson,Bonetrousle (Underswap Version),150,443828
nonoc,Memento (TV Size),125,1226315
Aitsuki Nakuru,Monochrome Butterfly (Cut Ver.),175,2567025
Powerless feat. Sennzai,Lost Desire,170,1183900
Linked Horizon,Shinzou o Sasageyo! [TV Size],160,594230
Nobunaga,1925,140,39714
SuganoMusic,Imademo...,155,21960
Rednex,Cotton Eye Joe,131.99,2190023
Matrix & Futurebound feat. Luke Bingham,All I Know (M&F's Rolling Out Radio Mix),174,1454367
himmel feat. YooSanHyakurei,Seraphim,175,694385
FELT,Puppet in the Dark (Part I & II),171,829511
*namirin,Mizutamari Tobikoete (with Nanahira),194,2229058
KORDHELL,MURDER PLOT,140,1972480
"Maggie Lindemann, Kellin Quinn",how could you do this to me?,192,2284460
Police Piccadilly feat. Hatsune Miku,Kire Carry On,170,824959
Charli XCX,Boom Clap,92,730792
Afterglow,Y.O.L.O!!!!!,210,878211
Isle & Notes feat. nayuta,"Isla's Memory ""Dreaming Garden""",184,2423837
yanaginagi,Vidro Moyou (TV Size),131,46131
Piko,Sakurane,180,652066
ClariS,Gravity,175,1608616
Maroon 5,Maps,120,1575172
Release Hallucination,Chronostasis,200,1392153
iyuna,Emukko Kyun Kyun,160,39484
Petit Rabbit's,No Poi!,158,363052
Hioka Natsumi & Yasumoto Hiroki feat. Kumaide-mura no Minasan,KUMAMIKO DANCING,165,2347393
Questbound,The Fires Ignite,190,2180691
TrySail,adrenaline!!! (TV Size),268,2331916
Nekomata Master feat. *spiLa*,Clumsy thoughts,153,2166648
Bowling For Soup,1985,120,569820
DJ'TEKINA//SOMETHING,Hidamari no Uta,128,831322
Demetori,Seijouki no Pierrot ~ The MadPiero Laughs,191,1770530
Yamajet feat. Hiura Masako,Sunglow,180,2295905
Tomatsu Haruka,courage,196,297698
ClariS,PRIMALove -TV Mix-,145,724759
Sasaki Sayaka,Kiss no Hitotsu de short,175,228678
Girl's Day,Ring My Bell,198,460322
Cosmograph,MOG : the redhood mog ver.,206,2218044
NOMA,PEPSI * MAN,180,879193
OxT,UNION (TV Size),178,939487
Fellowship,The Frozen Land,200,2376029
Yokomin,STINGER,185,2022054
fripSide,only my railgun (TV Size),143,50669
Adust Rain,psychology,153,890981
Machita Chima,phony,170,1560617
Matsushita,Koishichatta Mitai,184,2113814
Namie Amuro,Hope,140,677398
Inoue Joe,Closer,83,8822
Morimori Atsushi,Txxs or get the fxxk out!!,220,1686490
:Poin7less,Love Infection,188,1747369
kamome sano,archive::zip,185,1060190
TOMOSUKE x Jazzin'park,LANA - Kiroku no Kakera (sasakure.UK Framework Remix) -,200,286025
Hanasaka Yui(CV:M.A.O),Harumachi Clover -blooming mix-,142,627085
P*Light feat. yukacco,Stargazer (DJ Shimamura Remix),175,316392
AKINO with bless4,cross the line,190,513457
Never Dull,Gypsy In My Mind (Disco Rave Edit 2022) (Sped Up & Cut Ver.),146.4,2377334
IOSYS,Third Eye ya!,87,239584
FELT,Vagueness & JOURNEY,185,909888
t+pazolite,Pumpin' Junkies,190,2109811
"Fear, and Loathing in Las Vegas",Just Awake,191,44527
1nonly,stay with me,95,1282912
ginkiha,Ixia Polystachya (Sentou),175,1789653
Tamura Yukari feat. motsu from m.o.v.e,You & Me,160,2268678
Dragon Guardian,Sei Juuji Gakuen,200,2285379
sana / HoneyWorks,Akatsuki Zukuyo,180,1658437
MitiS,untitled guitar,128,676344
Erabareshi,"Motto, Nee Motto (TV Size)",200,2250201
Yukarinyan,Lolicon de Yokatta~,160,187430
Miyuki Hashimoto,Mugen Mirai,161,756685
An,Catanoph,191,775846
KINEMA106,THE WORLD ORIGIN,180,1735967
Eminem,River feat. Ed Sheeran,90,770477
capitaro,Koigahara no Kassen,166,466053
TUMENECO VS. GET IN THE RING,Yumeuta - Tokubetsu na Futari no Uta,200,1491216
Wakeshima Kanon,RIGHT LIGHT RISE,134,1709449
DECO*27,First Storm (KonranP's Japanese Version),190,2062484
Mazare & Luma,Nothing More,180,1170304
yanaginagi,over and over,183,735969
Kobaryo,Cross The Finish Line [feat. Nanahira],260,2210831
Little Glee Monster,"Dakara, Hitori Janai",180,1935800
MakSim,Ne otdam (Rikki & Nikki Remix) (Cut Ver.),178.04,2129063
ohm002,ohm002 (ohm002 remix),170,2304560
Spica,Make debut! (TV Size),180,2397390
Reol,Somari,80,1754192
Halocene,Carol of the Bells (Rock Cover) (Nightcore & Cut Ver.),189.08,2476973
Green Day,American Idiot,186,1818185
AKINO with bless4,Yuki no Youni,184,340412
5MIINUST x Puuluup,kylakiigel pole stopperit,185.4,2194374
Hino Honoka,Intersect World,171,1038191
Winterhorde,Worms of Soul,232,1724057
Petit Rabbit's,Takarabako no Jet Coaster,158,428142
Turbomoda,Kanikuly (Nightcore & Cut Ver.),166.89,2323751
Hana(Usa) & X-Plorez,Summer time music,165,136862
Ni-Sokkususu,Blade Dance,187,756511
Tsuzuri,NAME,183,2037278
LOVERIN TAMBURIN,Lycoris no Ai,217,2139419
lily white,Binetsu kara Mystery,172,276245
mafumafu,Idola no Circus,181,960068
Poppin'Party,final phase,149,1571898
Giga feat. Reol,BRING IT ON,160,974362
Tomatsu Haruka,Resolution (TV Size),195,1050479
MAN WITH A MISSION,database feat. TAKUMA(10-FEET),177,179639
Aura Qualic feat. Hatsune Miku,Sweet Cat Dreaming,127,1123670
vally.exe,oyasumination,190,2359106
Jamie Christopherson,It Has To Be This Way (Platinum Mix),205,1669395
HIMEHINA,Nagareyuku Inochi,193,1696407
ONE OK ROCK,20/20,165,730303
Eclipseed,Hi no Eternal Chain,200,1697194
Larval Stage Planning,Stargazer,136,309113
senya,"Though the Scent Lingers, the Flower Scattered",138,40536
Demetori,Intro / Kuuchuu ni Shizumu Kishinjou ~ Counter-Clock World,185,2425508
PLASTIC GIRL IN CLOSET,VAMPIRE,176,2114056
LiSA,AxxxiS (TV Size),194,868679
Rhodanthe*,Yumeiro Parade,180,295685
Hikaru Nanjo (CV: Kamitani Sayaka),Sign of Hope (Game Ver.),192,2150446
Wakeshima Kanon,Tsukinami,180,1626734
Steve Rushton,Livin' The Suite Life (TV Size),218,1949171
Fox Stevenson,Turn It Up (Higher),175,115291
NateWantsToBattle,Re:Re:,155.15,1515384
XXXTENTACION,BAD!,72,904527
Chata,Kokkei to Iu Nakare,166,165224
CORO MACHIKADO,YOIMACHI CANTARE (TV Size),171,1047781
YOASOBI,Idol,166,1974238
xn88ax,KriszhAdvice<3 (Cut Ver.),207,2200137
Tsukuyomi,Yume to Shiriseba,185,2219119
Tsukuyomi,Shinsekai kara,180,2233412
Yousei Teikoku,Kokou no Sousei,240,744554
nanawoakari,Dadadada Tenshi (Cut Ver.),180,650764
Certified Senpai,Burn This Right,204,1439651
Kisida,Hartmann no Youkai Shoujo,196,2084159
nobodyknows+,Hero's Come Back!! (TV Size),104,1117219
UNDEAD CORPORATION,Everything will freeze,240,158023
NaonAB,"bunni bunni ad, but it's bossa nova",76,2518611
nameless,Toumei Elegy,220,723730
Reol,Logic Agent,190,978496
Linkin Park,Given Up,200.08,2363368
Tennoji Rina (CV: Tanaka Chiemi),Tsunagaru Connect (TV Size),175,1872519
La priere,Sore wa Sekai o Koete,173,1553883
Inori Minase,Aimaimoko,133,1940136
Renard,Blue Night,200,31333
Uchida Maaya,Soushou Innocence,205,167632
Rita x MintJam,Beyond the Eternity,200,1899573
Awake,Supernova,190,42909
Natsume Itsuki,Hikari ni Naretara,182,2311019
Various Artists,Gan Ttaemuniya,163,196540
PEPOYO,Rakuraku Anrakushi,141,1817101
-45,Dance in the Light,166,2468144
konoco x Kobashiri.,Bullets,190,2309240
MY FIRST STORY,Smash Out!! (Cut Ver.),195,2169996
Boney M.,Feliz Navidad,123.23,702569
Ensou,Event Horizon,187.5,2052791
Rita,Winter Diamond,190,761598
Innocent Key,Rabucchu * Chireiden,160,21733
Fellowship,The Frozen Land,200,1835572
Kawada Mami,as x sist ~Amae Beta na Watashi Nari ni~,168,949583
HoneyWorks feat. Minato Aqua,Heroine wa Heikin Ika.,200,2011740
OSTER project feat. Sister MAYO,Mamama*Magical,178,1355438
Kuribayashi Minami,Zankoku na Yume to Nemure (TV Size),186,1356098
Wada Kouji,Butter-Fly (TV Edit),165,26044
Shiena Nishizawa,Brand-new World,205,361045
KOTOKO,unfinished,146,51132
"Iris Freyja (CV: Hidaka Rina), Mononobe Mitsuki (CV: Numakura Manami)",Ray of bullet,185,1593028
Nanahira,Happy Dream * Realize!,187,2220009
BOOGABOO,BUGABUGA CHEW CHEW,160.07,1052766
Trial & Error,Tokoyami no keiyaku KEGARETA-SHOUJO feat. GUMI (Short Ver.),190,1415543
KISIDA KYODAN & THE AKEBOSI ROCKETS,Blood on the EDGE (TV Size),224,2191891
Magdalena Bay,Death & Romance,106,2284913
CHiCO with HoneyWorks,color,180,865497
DJ SHARPNEL,CYBER INDUCTANCE,191,2342474
mary,Leica,178,1242968
Kohinata Chiko,Hetakuso na Koi,190,2278394
fripSide,floral summer,146,1872831
Shiena Nishizawa,FUBUKI,180,285800
Phoenix Legend,Zui Xuan Min Zu Feng,127,50453
Kicco,Hoshi no Youni Naritai,175,128450
M2U,Wicked Fate,140,591635
Gentle Stick X M2U,Ineffabilis,160,1334202
Limonene,(please) replay,184,1279941
Itou Shizuka,Kimi no Hitomi ni Koishiteru (TV Size),160,17626
zts,WhiteBlue,144,17610
HitoshizukuP x Yama,Crazy nighT,204,109401
Helblinde,Hardcore Frontiers 2011,170,23850
Sound piercer & ginkiha (feat. Yuzuha & NeLiME),MI:LIGHT CONNECT,178,2236898
"Alicia from BEST FRIENDS! / Remi, Nanase",Dreaming bird ~ Lily & Yurika & Alicia ver. ~,180,1420517
wotaku,Tragoidia (feat. Hatsune Miku),145,2088818
My Chemical Romance,You Know What They Do to Guys Like Us in Prison (2025 Mix),185.99,2445283
-45,Shoujo-tachi no Majogari,165,886627
Acid Black Cherry,Shoujo no Inori III,187,1325921
Guru Groove Foundation,Golden Love (Mr. Frenkie Remix),172,1282615
iNID,Pyramid Treasure,140,35803
Ardolf,Varcolac,180,1750904
The World Ends With You OST,DejaVu,120,1211
Primary,Kokoro no Yakusoku,150,181816
Loki,Wizard's Tower,175,1064248
The BABYSTARS,Hikari e (TV Size),189,851839
Fujii Kaze,damn,130,1897353
Kana Nishino,Day 7,160,1886850
Grant Kirkhope,King Sandybutt's Tomb,138,1114471
ONE OK ROCK,Memories,175,684590
Emiru no Aishita Tsukiyo ni Dai San Gensou Kyoku wo,Kimi no Na wo Hibikasete,228,2536819
Various Artists,GIRLS' LEGEND U,205,2411474
Teary Planet feat. flower,Sunflower (Cut Ver.),200,1462559
YOASOBI,Yuusha (TV Size),208,2320772
Toshihiko Sahashi,Tsuna Awakens,101.99,30933
Tomoya Ohtani feat. Douglas Robb (Hoobastank),Fist Bump,217,2322707
Caramell,Caramelldansen (Ryu* Remix) (Nightcore Mix),197.75,48842
KANKAN x Hiiragi Kirai,All Fool,195,1961624
senya,Sono Kami no Dilemma ni,154,1871922
sana x 000 x mary,Ai Kotoba III,137,1149018
BLUE ENCOUNT,Polaris (TV Size),190,1050560
CHiCO with HoneyWorks,Kimi ga Sora Koso Kanashikere,198,940746
Suzuyu,Euphorium,186,537814
Loki,With Fire and Sword (2013),180,1088528
"Nakagawa Kanon (CV: Touyama Nao), Suirenji Ruka (CV: Yamazaki Haruka)",Ringo Ribbon,176,932213
yanaginagi,Haru Modoki,174,321203
UNDEAD CORPORATION,The silent world (Instrumental Ver.),220,2134870
livetune feat. Hatsune Miku,Tell Your World,150,42116
Shontelle,Impossible (Nightcore Mix),117.88,29906
DJVI,Can't Let Go,170,335813
Tsuzuri,NAME (TV Size),183,2024729
S3RL,Ravers MashUp,175,912916
eufonius,Paradigm (TV Size),160,158332
Primary,in the Garden,224,629217
Pedro Silva,World's End Valentine,162,1412590
Feint & Laura Brehm,Solace (Cut Ver.),174,1330028
S.I.N.G,Ji Ming Yue,140,773973
Unlucky Morpheus,Vampir / Opfer,178,1453257
DragonForce,Valley of the Damned,200,2353052
Pianom,Insaengui Huejeonmongma(ppongjjak ver.),140,50074
Hanon x Kotoha,Watashi no Koto Suki Desho?,184,2319961
Haddaway,What Is Love,123.87,509968
Kanpyohgo,Unmei no Dark Side -Rolling Gothic mix,160,514980
Rammstein,Du Hast,125.1,4503
Nanamori-chu * Goraku-bu,Precious Friends,146,173956
SEREBRO,Song #1 (Cut Ver.),125,1298787
n-buna,Zutto Sora o Miteita,220,2214246
Hatsune Miku,Senbonzakura (Short Ver.),154,36858
AiRI,Towa ni Saku Hana (short ver.),95,522940
MUMEI_ver.SP,Kokoro ga Odoru Herb Tea yoo,226,475074
Rameses B,Timeless ft. Veela,175,293098
SEREBRO,MALO TEBYA (Sped Up Ver.),175.15,1874064
fripSide,only my railgun (TV size),143,62852
Sangatsu no Phantasia,Fairy Tale -TV Size-,138,570699
Taishi,Aviator in the Soul,178,675666
yuikonnu,Souzou Forest,180,2377043
Imperial Circus Dead Decadence,Shinbatsu o Tadori Kyoukotsu ni Itaru,250,2348607
ShadowStrike,Fly With Me,180,2002962
Lia,Bravely You,150,1973435
Set It Off,Distance Disturbs Me (Cut Ver.),157,2459491
Grant Kirkhope,Turbo Trainers,190,2476009
-45,System Sun,152,2524724
Kitsune^2,Rainbow Tylenol,135,20789
Rin'ca,Koisuru MODE,196,1457658
"glaive, ericdoa",heather,100,1663536
Hanon x Megu x Kotoha,Shiroi Yuki no Princess wa,200,1707021
nano.RIPE,Tsumabiku Hitori,145,103958
BTS,MIC Drop (Steve Aoki Remix),170,698526
QUEEN BEE,Mephisto (TV Size),150,1978432
senya,"Sasayaku, Kiekaketa Kouishou ga.",160,1053613
Set It Off,Why Do I (feat. Hatsune Miku),100,1873779
BESTie,Excuse Me,200,423925
Hino Isuka,Moonheart (Mameyudoufu Remix),175,1157572
Shota Kageyama,Sentou de Pinch!,177.98,2086612
Rhapsody Of Fire,Master Of Peace,190,956155
Yousei Teikoku,Elusion,210,1116379
Kitamura Eri,STARLET SEEKER,200,1085124
ChouCho,bouquet,192,460580
MY FIRST STORY,REVIVER,200,737710
Imy feat. Aitsuki Nakuru,Lateral Arc,176,2021026
ASCA,Gyakkyo Spectrum,187,2395476
Pegboard Nerds,Gunslinga (feat. MC Mota),174,1234094
kessoku band,Seishun Complex,190,2516757
Nanahoshi Kangengakudan,Meikaruza,300,302756
dark cat,BANANA STREET (Cut Ver.),154,2172733
Cranky,Time Alter,160,847900
smlifcatic,Nyan Nyan Daidai + Gorgeous Bansoukai (Cut Ver.),138,2297466
Ne;on,Kimi wo Aogi Otome wa Hime ni (Short Ver.),163,47654
Yamamoto Mineko,Shiroi Sakura Saite,176,1313749
FELT,Time and again,177,713989
rerulili feat. Hatsune Miku,I am you,185,1923678
Nekomata L.E.D.Master+,Chrono Diver -PENDULUMs-,196,714552
senya,Higanbana,140,86602
Chitose Sara,Arcadia (Short ver.),178,413909
KAF,Confused Telepathy,176,1755405
Itowokashi,Kanadeai (TV Size),192,1263352
SHIN LOID,9 deadly sins,93,2429407
EDOGA-SULLIVAN,WONDERFUL WONDER (TV Size),160,1056950
umu.,humanly,250,977552
ShadyVox,Don't Mine At Night,126,140170
Jeff Williams feat. Casey Lee Williams,Die,190,1681905
Halozy,Genryuu Kaiko,173,180138
m108,Shinku no Senkou,185,1551011
Shinonome Natsuhi (CV: Hinami Yuri),Moratorium no Oto,182,949515
"Kirisaki Chitoge (CV: Touyama Nao), Onodera Kosaki (CV: Hanazawa Kana)",Taisetsu no Tsukurikata (Asterisk Remix),175,915208
Renard VS The Quick Brown Fox,WANDERLUST Reprise,180,85251
Ito Kanako,Sky of Twilight,216,677104
Haruna Luna,Overfly,134,85812
Apocalyptica,Hall of the Mountain King,62,219813
League of Legends,Flash Funk (Marshmello Remix),142,785504
Icon For Hire,Cynics & Critics,181,296017
Hazuki,Uso to Shinjitsu,190,1079281
SAINt JHN,Roses (Imanbek Remix) (Cut Ver.),122,1158936
Suzuki Konomi,Utaeba Soko ni Kimi ga Iru kara (TV Size),175,804290
shimo,"Kumikyoku ""Nico Nico Douga""",180,2427320
Sasaki Sayaka,Marine Blue ni Sotte,180,1797079
Xiao Pan Pan & Xiao Feng Feng,Xue Mao Jiao,115,843389
hiroki.,Which one?,160,2436581
SON OF KICK,Hours ft. Lady Leshurr & Paigey Cakey,132,274111
TOMORROW X TOGETHER,Chasing That Feeling,142,2170524
Catgirl feat. Log Off Now,Log Off Now Beatboxing (Deluxe Edition),170,2276226
Farhan feat. GUMI,Dandelion (Cut Ver.),169,2250314
Aoyama Mio starring Yuuki Aoi,Platinum,164,181361
Ata,Heart Beating,174,1758537
Hatsuki Yura,Ryuu to Sakura Miko,197,962172
Horinaka Yuki,Spec Dake Tsukaikitta Gamesoft no You Desuu,130,39599
zts,miragecoordinator,150,112171
Kamishiro Ami,Re:Start ~Kimi-to Mata Deaete~ (Short Ver.),127,954626
TOMOSUKE x Jazzin'park,LANA - Kiroku no Kakera (sasakure.UK Framework Remix) - (Game Ver.),200,2346598
miwa,chAngE (TV Size),165,15257
Indila,Derniere Danse,115,1755670
Giga-P,Electric Angel,150,146794
Oranges & Lemons,Soramimi Cake (TV Size),135,1875476
Nanahira x Camellia,INFINITI MOFULITY short ver.,180,705038
a crowd of rebellion,Ill,212,2006483
Yasuda Rei,Best of my Love,120,910570
May'n & Nakajima Megumi,Lion (TV Size),145,29417
Gram vs. Kobaryo,Yggdrasil,200,1769889
Spira Spica,Pyramid Dai Gyakuten (TV Size),180,1629577
HOYO-MiX feat. Robin (VO: Chevy),Hope Is the Thing With Feathers,128,2178787
Ayalis,Ai o Chikaishi Hime Kazari,210,506155
Inugami Korone,SAIKYO TENSAI WONDERFUL WORLD of KORONE,185,1431435
HEY-SMITH,Be The One,204,2149916
Akase Akari,Koi no Yukue (TV Size),140,1671190
Nayugorou,White Promise,180,1766146
F/ACE,Sweet Magic (TV Size),180,2488003
ASU,Soragoto,140,2205471
Yorushika,Hana ni Bourei,90,1168294
SOUND HOLIC,Drive My Life,167,57950
Shiena Nishizawa,Shark,197,2419840
TOMOSUKE x Jazzin'park,LANA - Kiroku no Kakera (sasakure.UK Framework Remix) -,200,697102
Takayan,Kusarikitta Jinsei da.,190,1229990
TUMENECO VS. GET IN THE RING,Yumeuta - Tokubetsu na Futari no Uta,200,2172715
Rungran,d.m.c (Band Ver.),180,52203
A-One feat. Shihori,Magic Girl !!,156,2074627
yanaginagi,Vidro Moyou,131,630223
sky_delta vs Street,Load of the Ciel,175,365591
Mutsuhiko Izumi,Blue Goose,200,2101640
Mutsuhiko Izumi,Snow Goose,200,1812593
TwoThirds & Feint feat. Veela,Starscapes (Rameses B Remix),175,370603
Sayuri,Sore wa Chiisana Hikari no Youna,144,430934
Yuki Setsuna (CV: Kusunoki Tomori),LIKE IT! LOVE IT! (GAME VER.),195,2295303
t+pazolite,Party in the HOLLOWood feat. Nanahira,178,2210683
CHiCO with HoneyWorks,Ai no Scenario,180,287336
Mayflower,dopamine,165,1435022
THE ORAL CIGARETTES,Sesshoku,196,839248
Ogura Yui,Baby Sweet Berry Love (Tsukiko chan Maji kawa-E Remix),175,2452004
Release Hallucination,Chronostasis,200,2543837
Renard,This Place Will Grow EP,240,1112848
Len,U.N. Owen was Her?,180,27575
pluffaduff,Snow Halation but it's Bakamitai,173,1248878
Master Blaster,Come Clean (Nightcore Mix),187.22,111538
Halozy,Shining / STREAM,155,1713008
GIRLFRIEND,sky & blue (TV Size),157,1031196
Takanashi Yasuharu,Keisei Gyakuten,180,141605
YOASOBI,Yasashii Suisei,90,1499145
Ryokuoushoku Shakai,Alice,187,1812255
Akiyama Kiro,Searchlight,190,1452013
USAO,Blows Up Everything,215,1029446
Demetori,Rigid Paradise ~ Dawn of the Dead,166,1088336
KOTOKO,Art as <3,208,1399810
Hiroyuki Sawano feat. Mika Kobayashi,Bios Epic Edition,97,179247
Diao Ye Zong feat. Meramipop,Gensou Roman Kikou (is the limit.),179,719447
Jack Black,Steve's Lava Chicken (Edit Ver.),158,2352059
Go Ichinose,Friendly Shop,160,779334
Bring Me The Horizon,Anthem,220,32661
Biser King x Timbaland,Dom Dom Yes Yes x Give It To Me (Club Remix),129.05,2028506
Suzuki Aina,Hikariiro no Uta (TV Size),188,1489381
mihimaru GT,Kibun Joujou,125,1385
BUTAOTOME,In the Black,224,1833640
Enter Shikari,Rat Race,230,958005
Himeringo,Yotsuya-san ni Yoroshiku,220,100049
Prim,Koisuru*Uchuu Sensou!!,200,2012870
FELT,Time and again,177,1992491
Always Never,Canadian Dubai,70,1005781
DECO*27,Reversible Campaign,190,616482
Hommarju feat. Latte,masterpiece,180,2400989
MY FIRST STORY,Fukagyaku Replace,200,1607438
Hyadain,Hyadain's Jojo Yujo,200,554297
Aqours,Aozora Jumping Heart,200,1440165
Mrs. GREEN APPLE,Ao to Natsu (Cut Ver.),185,2267078
Suzuki Konomi,Absolute Soul,188,481283
40mP,The Flower of Raison D'etre (Cut Ver.),182,1316672
Dreamcatcher,GOOD NIGHT,196,603905
Halozy,PLAZMA,175,315854
Kousaki Satoru,Gekiretsu de Kareinaru Hibi,185,164545
Xiao Pan Pan & Xiao Feng Feng,Xue Mao Jiao,115,789103
BOOM BOOM SATELLITES,LAY YOUR HANDS ON ME -TV MIX-,141,448847
Nana Mizuki,VIRGIN CODE,212,2297443
nomico,Natsukoi Escalation,165,167251
Foreground Eclipse,"Truths, Ironies, The Secret Lyrics",200,944514
Sammi Cheng,Mei Fei Se Wu,140,6813
"Junichi Masuda, Hitomi Sato",You're a Winner!,160,2276949
AKINO from bless4,Just Moving On Now,185,1186581
Takahashi Yoko,Zankoku na Tenshi no These (TV Size),128.84,806105
Jeff Williams,This Will Be the Day (feat. Casey Lee Williams),190,117269
Hoshimachi Suisei,Stellar Stellar,178,1597526
LukHash,8BIT FAIRY TALE,175,847930
fripSide,sword of virgin (Short Ver.),149,68892
Aoba Ringo,Innocence,187,1178466
Sanshuu Chuugaku Yuusha-bu,Hanakotoba (TV Size),176,1039404
Hatsune Miku,Marionette no Kairaku,200,43801
raito,Owarinai Mukai,160,1685301
Kamiyama Yoh,Irokousui (TV Size),148,1344883
Hitotsuyanagi Riri & Shirai Yuyu (CV: Akao Hikaru & Natsuyoshi Yuuko),Heart+Heart (TV Size),186,1670233
FIFTY FIFTY,Cupid (Twin Ver.) (Sped Up Ver.),144,1988283
Steklovata,Steklovata,118,640064
KIEN,La Grand Bleu,163.87,36907
Brec Bassinger,One Of The Boys (TV Size),145,845983
Roselia,ONENESS,190,419257
Study,"Can now, Can now (TV Size)",160,1049356
Jennifer Lopez,On The Floor,130,2373728
REDALiCE,Selfish,170,28060
Suzuki Konomi,Absolute Soul,188,269499
Demetori,"Koyoi wa Hyouitsu na Egoist ~ Ego, Schizoid, Beat.",180,829940
Rita,Winter Diamond,190,999834
-45,Millarca,154,1978407
KISIDA KYODAN & THE AKEBOSI ROCKETS,Colorful,188,2515252
ayaponzu*,Six trillion years and overnight story,186,795001
nekodex,circle the halls,172,2295880
bbno$,i remember,154,1665523
BIGBANG,Fantastic Baby,130,49942
Wolpis Kater,Oxalis,252,1347859
Guriri,Inochi ni Kirawarete Iru.,200,2175485
MIOYAMAZAKI,Noise,225,664507
Thaehan,Superpower,178,779173
Pratanallis feat. KOKOMI,Crocus,210,1878262
Nishimori Yusa(CV.Uchida Maaya),Rakuen made,152,336241
bibuko,Reizouko Mitara Pudding ga Nai,190,90068
ReoNa,Till the End,178,1179412
KK,Hidamari no Uta remake ver.,136,947162
Apol,Hidamari no Uta,136,931596
Masatoshi Ono,departure!,160,2149858
OxT,grayscale dominator (TV Size),190,2071422
Goku Rakujo-kai,Oato ga Yoroshikutte... yo! (TV Size),189,2141451
PUFFY AMIYUMI,HiHi (TV Size),190,1496906
DECO*27,Aimai Elegy (Reloaded) feat. Hatsune Miku,210,2475036
odaxelagnia,#sawg (Wan Bushi Remix),205,670068
supercell,Songs Compilation I,170,337390
"Pecorine (CV: M.A.O), Kokkoro (CV: Itou Miku), Karyl (CV: Tachibana Rika)",Connecting Happy!!,182,941757
CIEL,Mado o Akete,195,1796301
PassCode,LINK *Mihappyou ReRecording Sakuhin,195,2346921
yanaginagi,Vidro Moyou,131,552856
Ryu* vs. Sota,Go Beyond!!,200,934522
Teminite,Ascent,110,1094838
yuikonnu,Yume Chizu,176,1662501
senya,Sakuretsu Irony,152,223960
Helblinde,Putin's Boner,200,2301803
Fidel Wicked,Memories (Do You Remember?),128,432153
xi,Halcyon -Long Version-,191,448919
M2U,Marigold (feat. Guriri),160,595496
Zips feat. Kagamine Len,Outlaw no Shoushin,210,1409201
Nakanoke no Itsutsugo,Minamikaze (Game Ver.),165,2189148
Yu-Peng Chen @HOYO-MiX,A Sweet Smile,170,1274974
Nanahoshi Kangengakudan,Shuumatsu no Mythologia,195,2285175
Kairiki bear feat. Hatsune Miku,Mellomelloid,172,2217346
Ogura Yui,Honey Come!! (TV Size),184,1624872
Aqours,MY Mai*TONIGHT,179,684916
Freezer feat. Kiichigo,Berry Go!!,175,2545159
NH22,Corrosion,205,17044
DJ Sadan,Theme of Laura,170,38281
ryo (supercell) feat.Hatsune Miku,Tsumi no Namae,172,480273
Inori Minase,Koiseyo Otome,174,1509985
Mitsukiyo,Aoharu Band Arrange,100,1957516
Owl City,Good Time (with Carly Rae Jepsen),126,55678
bilbordy,tam,170,2321486
"slowthai, Mura Masa",Doorman,175,1555205
Parry Gripp,Ben 10: Omniverse,198,1240660
SYNC.ART'S,Garasu no Kairou,160,57175
DUSTCELL,Anemone,136,1927039
P4koo,Believe (feat. Tsuyuri Karin),177,1507812
t+pazolite,Intro - Dockaaaahhhnnn!!,180,466104
KOKOMI,Seikyou no Igreja,103.5,802454
KISIDA KYODAN & THE AKEBOSI ROCKETS,EGOISTIC HERO,214,2118474
IOSYS feat. 3L,Miracle-Hinacle,160,17154
Amatsuki,Ark (TV Size),200,1506877
Asaba Kanae,Endless Starlight ~Inochi no Kirameki~ (Full ver.),181,1061572
Keller Williams,Jug Band,126,2290665
Iguchi Yuka,RE-ILLUSION,193,806635
Apollo,Yoru no Kodomo-tachi,115,2373992
PSYQUI feat. mikanzil,Endroll,180,1860583
"Yamazaki Haruka, Tadokoro Azusa, Machico",Dreaming!,180,1052724
Imy,Falldown,183,1260515
KANA-BOON,Silhouette,183,1879059
Aimer,i-mage <in/AR>,106,995694
BlackY,BEMANI MEDLEY -bpm180-,180,54409
THE ORAL CIGARETTES,Deai Machi,192,1009469
Fujikawa Chiai,Bakemono to Yobarete (TV Size),175,2559829
ReoNa,Untitled world,186,1208734
The Frim,City Streets,174,128157
Myuu,Panorama chime,175,2164785
Kyle Massey,Cory in the House,107,429436
Ohashi Ayaka,Daisuki. (TV Size),138,1014751
Genkaku Aria,Souhaku Rebellion,200,2545578
HoneyWorks meets TrySail,Senpai. [MOVIE Ver.],162,624763
Nanamori-chu * Goraku-bu,After School Days,185,235229
Duca,Dreamer Short ver.,166,202595
Kevin MacLeod,"Oh, Christmas Tree",150,64083
Feint,Take It In (feat. Koven),175,616023
Takahashi Azumi feat. Lotus Juice,Full Moon Full Life -Opening Movie version-,193,2117629
ZAQ,Sparkling Daydream,175,121906
Special Guest,Views,145,556274
"Uinyasu, Occhoko Bunny",Aa Kenran no Yume ga Gotoku (Epsilon Remix),175,749096
Komatsu Mikako & Ishihara Kaori,Dazzling,157,160595
Hanasakuya,Hyakka wa Gekka ni Chirinuru o,178,1097046
ALI,Wild Side (TV Size),134,1055990
ClariS,SHIORI (TV Size),176,871481
Panda Eyes,ILY,110,1066709
Dream,Konnanimo,93,1429419
noa,Megane o Hazushite (TV Size),166,2520630
Imy,Countdown,230,1246683
Kano,Sakura no Zenya,178,2468746
League of Legends,Hanami ON THE RIFT (PV ver.),172,589691
Halozy,Paranoid Lost,176,1180913
Survive Said The Prophet,Paradox (TV Size),96,2157488
Isekai Joucho,Hydrangea,133,1569373
USAO,Rampage,195,1664049
Katakiri Rekka & Suzuyu,Girl meets Love,185,281857
Hashimoto Miyuki,Kisetsu o Dakishimete ~blooming white love~,164,2284384
kanon x kanon,The Doll House!,120,43714
sweet ARMS,Trust in you,190,1510821
Aaron Smith feat. Luvli,Dancin (Remix by KRONO),120,966190
kessoku band,"Korogaru Iwa, Kimi ni Asa ga Furu",149,1909798
my sound life,02:15,145,1777079
Jun Kuroda,Natsukaze to Kimi no Egao,174,1342680
hitorie,Little Cry Baby,208.02,1098258
Imy,Beyond the despair,185,1303945
Masayoshi Minoshima feat. Mei Ayakura,Revive,175,2016948
Asking Alexandria,Killing You,195,252631
MYUKKE.,Unknown Amnasia,180,2047990
Eve,Inochi no Tabekata (movie ver.),143,1370456
=LOVE,"Tokubechu, shite",147,2393569
"Fear, and Loathing in Las Vegas",Just Awake (TV Size),191,1185411
Nightwish,Elan,128.01,319600
Sawai Miku,"Konna Sekai, Shiritakunakatta. (TV Size)",88,804631
Rin'ca,Futari Sketch (Short Ver.),192,1912655
Himeringo,Yotsuya-san ni Yoroshiku (Cut Ver.),220,2323201
Hachioji P x Marty Friedman x Kano,Marine Bloomin',175,819424
Rib,Sentiment Reverse,152,909233
IOSYS feat. NJK Record,Miracle-Hinacle,162,50454
Mami Kawada,Contrail ~Kiseki~,168,421655
Aoi Eir,IGNITE,171,209170
MomoKuro-tei Ichimon,Nippon Egao Hyakkei (TV Size),160,74301
BABYMETAL,Road of Resistance,205,2212633
Tatsumi Megumi featured by Sano Hiroaki,Tsubomi (Long Version),184,311064
goreshit,o'er the flood,194,51972
Rita,Alice in Blue,186,512286
Mrs. GREEN APPLE,Tsukimashitewa,190,2135322
J.Fla,Believer,125,1079693
Camellia,Xeroa,301,1540170
Kita Shuuhei,Soul Phrase,176,1403712
Pastel*Palettes,Q&A Recital!,182,1003383
Yoosanhyakurei,Arigatou,180,341833
Gero,BELOVEDxSURVIVAL,190,103342
DECO*27 feat. GUMI,Ame Moyou,120,189650
yamas03,bloomin' octagon,181,17217
ClariS,Nexus (Short Ver.),131,39718
nameless,Theater Love Song,215,784676
sasakure.UK x DECO*27,39,175,667433
ClariS,CLICK(Soleily Remix),166,402741
Comp,Kyoai,160,28609
Nanamori-chu * Goraku-bu,Happy Time wa Owaranai,190,2556698
Primary,Awake,200,2222514
Tsukuyomi,Yume to Shiriseba (Cut Ver.),185,2097757
ClariS,SHIORI (TV Size),176,1585682
paraoka feat. haru*nya,Tyranny,207,2255589
Lindsey Stirling,Master of Tides,128,808334
goreshit,"semantics: the benzo chronicles, part 2",208,1808066
Andy Gillion,Insert Coin,180,1842568
Kouda Yumeha,Happening * Diary (TV Size),198,1838790
Vivy (CV: Yagi Kairi),Sing My Pleasure (TV Size),175,1556076
Mrs. GREEN APPLE,Inferno (TV Size),185,1020256
Sally,did -Less Extra- Ranko ver.,154,893725
GRANRODEO,Can Do (TV Size),200,2055534
Flo Rida,Run ft. RedFoo of LMFAO (Speed Up Ver.),150.34,283731
Petralka Anne Eldant the Third (CV: Mai Fuchigami),Sweet Magic,138,595170
Alya (CV: Uesaka Sumire),Kimagure Romantic (TV Size),178,2248827
SHK,Identity Series Nonstop Play (part. 1~5),150,1728804
Akitsuki Fuuka (CV: Lynn),Wings of light,194,945503
Yamamoto Mineko,Rinne,179,999356
Another Infinity feat. Mayumi Morinaga,kotone,135,838991
Good Kid,Faster,182,1952479
Duca,be confidence,130,437990
Kano,Ima o Kakeru Shoujo,132,833933
TUYU,Amamoyo,160,1856813
Koji Kondo,Lost Woods,140,107427
Dimmu Borgir,Gateways,133.33,1456137
IOSYS,CAMELLIA! ~Dangerous Camellia Vacation~,180,18879
ClariS,Colorful -movie MIX-,178,127683
StylipS,Spica. (TV-size),87,229760
A*Teens,Gimme! Gimme! Gimme! (Nightcore Mix),162.51,46218
Kuhaku Gokko,A little bit,120,2316695
Aoi Eir,MEMORIA (TV Size),128,1197802
Giga-P,Okochama Sensou,175,131818
Tia,Deal with the devil (TV Size),142,762301
Imy,Lost colors (feat. konoco),122,2414410
Yunomi,Mentai Cosmic,224,436773
Rude-a,LIFE (TV Size),93,1053644
Sparxe,"Comma, ~ Imi to Kouzou no Bunri",150,2124494
Kano,Houkago Stride,225,289985
Tamura Yukari,W:Wonder tale,183,1648167
Sangatsu no Phantasia,Hajimari no Sokudo,170,1098561
Shihoko Hirata feat. Yumi Kawamura,key plus words,174,1756555
PassCode,SPARK IGNITION,193,2461085
Nishino Kana,Distance,140,43016
Atef,In Music I Believe (feat. Nila),175,2356543
Aimiya Zero,breath of stella,176,1827092
Ke$ha,Backstabber,160,11099
Mimori Suzuko,Univer Page,187,120646
Ian LeFeuvre,Johnny Test Theme (TV Size),200,1213558
Kardashev,Snow-Sleep,220,2116063
Falcom Sound Team jdk,Don't be Defeated by a Friend!,195,1557286
Yooh,Shanghai Kouchakan ~ Chinese Tea Orchid Remix (Extended ver.) (Cut Ver.),188,1420652
Ito Kanako,Skyclad no Kansokusha,167,394592
Kicco,Akari no Arika,226,928058
LiSA,Shouted Serenade (TV Size),192,2166474
Linkin Park,Guilty All The Same (feat. Rakim),200,518596
Kaga (CV: Iguchi Yuka),Kaga Misaki,133,399491
Orianthi,According To You,131,11680
yanaginagi,Haru Modoki,174,300312
Kenshi Yonezu,KICK BACK (TV Size),204,1864323
zakuro,Inochi ni Kirawarete Iru.,200,693727
Fei Zao Jun,Ying Zhi Gui Ji,175,1840959
yanaginagi,Vidro Moyou (TV Size),131,44540
Roses Epicurean,Nightmare -Overture-,115,302459
Linkin Park,Talking to Myself,124,643132
Rameses B,We Are One (feat. Veela),175,522920
Eoin O' Broin,Deep Space,170,25098
Petit Rabbit's,No Poi! (nenpulse bootleg remix),175,414348
Daniel Ingram,Babs Seed,135,66757
"Minase Inori, Hanazawa Kana, Iguchi Yuka, Hayami Saori","Koko kara, Koko kara",175,840217
angela,ANGEL,184,257301
ASCA,Shinkaron,186,1636204
xi / R3 Music Box,FREEDOM DiVE,222.22,761041
senya,Kowareta Unmei o Tsumuide,162,935811
Jougasaki Mika (CV: Yoshimura Haruka),NUDIE*,136,2301852
DaymanOurSavior,Snow halation but shawty's like a melody in my head,173,1243995
Silent Siren,Routine,176,1083437
Jens O.,Somebody (Nightcore Mix),175,276041
yuikonnu,Heart no Atoaji,186,2419520
Kagamine Rin,Tokyo Teddy Bear,204,39838
Feint,Words (feat. Laura Brehm),175,1057350
Amamiya Sora,Tsuki Akari,91,334748
ARForest,Metheus,195,2480764
Lieless,im addicted,180,2415656
nao feat. isui,Ukigumo,205,1876775
Duca,"Kanransha ~Ano Hi to, Kinou to Kyou to Ashita to~",175,1184844
LiSA,crossing field (TV Size),179,55436
Aqours,MY Mai*TONIGHT,179,684769
Mimori Suzuko,Light for Knight,190,692091
Groove Coverage,On The Radio (Nightcore Mix),166.15,48047
Akiyama Uni,Niiru Renka Chou ~ Ancients,200,545404
Hatsune Miku,SING & SMILE,190,27810
Demetori,Higan Kikou ~ View of The River Styx,182,140944
Fleshgod Apocalypse,The Deceit,250,991300
Foreground Eclipse,You Can't Explain Anything Without The Word 'Destruction' / Destruction,191,1469689
Ado,Daidai Genome,135,2409197
Vickeblanka,Black Rover (TV Size),204,779279
Komatsu Mikako,TRICK BOX,168,181960
Yuzu,Hyouri Ittai (TV Size),150,129299
Yuuma (CV: Saitou Momoko),Shichaimashou sensuous (Yuuma Ver.) (TV Size),149,2195898
Akira,Koisuru Fluorite (Short Ver.),154,39444
AU,Infinite of Nuclear Fusion,200,35211
syudou,Gambling,196,1912881
"Jessie J, Ariana Grande, Nicki Minaj",Bang Bang,150,436523
Machico,fantastic dreamer (TV Size),185,2113079
Hatsune Miku,Yellow,127,17624
SawanoHiroyuki[nZk],Songs Compilation,158,718850
Kagetora.,Tenchi-Kaibyaku,185,2265132
"Cocoa, Chino, Rize, Chiya, Syaro, Maya, Megu",Honjitsu wa Makoto ni Rarirurein,183,467458
nonoc,Memento (TV Size),125,1226293
Shoji Meguro,Iwatodai Dorm,90,1954171
SisterS,Umarun Taisou(TV size),170,680251
rei sirose,Hakidasu,228,1759673
Rameses B,Timeless ft. Veela,175,300330
cillia,Ringo Uri no Utakata Shoujo,225.2,517120
Demetori,Wind God Girl,200,20949
HoneyWorks,Hatsukoi no Ehon feat.Aida Miou(CV:Toyosaki Aki),190,229393
Mentalecho,Bam Bam,195,2027182
Emiru no Aishita Tsukiyo ni Dai San Gensou Kyoku wo,Kimi no Na wo Hibikasete,228,1450708
Erio o Kamattechan,Os-Uchuujin (Asterisk Makina Remix),175,2427858
SHK,Identity Part 4,140,39428
ginkiha,EOS (kamome sano rmx),172,403073
"Takamori Natsumi, Sendai Eri, Asakawa Yuu, Tanezaki Atsumi",Ne! Ko!,182,647383
Luschka,Kami no Kotoba,110,817667
fumika,Umikaze no Brave,156,66346
Down,Luscent,170,1641533
Poppin'Party,What's the POPIPA!?,186,1161170
Wakeshima Kanon,"world's end, girl's rondo",173,239179
Yorushika,Thoughtcrime,200,1358622
KISIDA KYODAN & THE AKEBOSI ROCKETS,nameless story (TV Size),194,1103008
Avril Lavigne,Hello Kitty,128,172893
KSI,Holiday (Cut Ver.),88.5,1936050
Satou Shizuku & Sakakibara Yui,Eternal Melodia (Short Ver.),165,70716
Yellow Zebra,Believe heart!,170,2193011
Rex Orange County,Television / So Far So Good (Cut Ver.),165,1730672
deadmau5,Orange File,182,157754
PUFFY AMIYUMI,TEEN TITANS THEME (JAPANESE VER.) (TV SIZE & NIGHTCORE MIX),190,2548433
CUPSIZE,Tselovalis',172.75,2244229
Uchida Maaya,youthful beautiful,168,902268
Mami Kawada,Contrail ~Kiseki~,168,403814
Igorrr,Pavor Nocturnus [2015],174,346740
Krewella,Surrender The Throne,174,920198
Chino (CV: Inori Minase),Shinsaku no Shiawase wa Kochira!,175,1677520
Maduk,Ghost Assassin VIP feat. Veela,176,533298
Yumeno Yuki,THE APPLE IS CAST!,197,945614
Yakushi Ruri,la la for you,178,562600
nonoc,Believe in you (TV Size),92,1412912
Eipu,Split Dance,185,2535679
Dimrain47,Cloud Control,160,1550498
Morimori Atsushi,Paradigm Shift,145,432589
TrySail,Honto da yo,175,785235
Adventure Club,Fade (feat. Zak Waters),134,416426
Valhalla,As Promised...,195,2380778
Pratanallis feat. Kyoko,Braking Down,190,2440240
Nakiri Ayame,Kawayo,194,2022917
SEGA,Koi No Disco Queen,132,2057717
DragonForce,Inside the Winter Storm,200,613814
Camellia,Quaoar,174,836856
Asriel,Kegare Naki Yume,223,743370
Tsumugi Shiraishi (CV: Saki Minami),Origami Monogatari,130,1698347
Megu Sakuragawa,Opening Ceremony,180,725852
Denkishiki Karen Ongaku Shuudan,Yakata Mawari,230,834127
"25-ji, Nightcord de. x Kagamine Len",Bug,186,2309375
BAND-MAID,CROSS (Cut Ver.),190,2345034
Eve,Kaikai Kitan (TV Size),185,1270547
ChouCho,Ashita no Kimi sae Ireba Ii.,178,1870200
t+pazolite,CENSORED!!,195,826767
Two Door Cinema Club,I Can Talk,162.9,42040
you are an angel,overture,200,2514626
Himeringo,World Lampshade,193,1062817
Mizukara o Enshutsu Suru Otome no Kai,Girlish Lover,165,193583
nm-y,Datura Sh//va,190,2412263
Nanahira,Frightfully-insane Flan-chan's frightful song,170,35375
Shinigiwa Satellite feat. Meramipop,Omoikane Injection,200,2333219
Sano Hiroaki feat. Tatsumi Megumi,Tsubomi (Long Version),184,933976
Ahiru,HEARTBEAT (USAO Remix),180,798443
Sayuri,Heikousen,191,2456909
Maneki Kecak,Kinou no Atashi ni Maketakunai no,180,2128605
Azusa Tadokoro,Junshin Always,180,402187
O2i3,TSLove,185,620910
sweet ARMS,Trust in you (TV Size),190,158932
nano,"No pain, No game",190,59707
Inoue Joe,CLOSER (TV Size),166,1263974
WEAVER,Kuchizuke Diamond,164,1051509
mafumafu x Amatsuki,nonfantasy,185,2298668
Yorushika,Deep Indigo,210,1792919
FELT,Lies in Reality,204,412270
Ushirokara Haiyoritai G,Koi wa Chaos no Shimobenari (TV Size),158,986763
Sim Gretina,What My Cutie Mark Is Telling Me (Remix),132,97787
Marina and the Diamonds,Oh No! (Nightcore Mix),153,2293442
Wakeshima Kanon,RIGHT LIGHT RISE,134,305531
Dreamcatcher,Sleep-walking,174,645655
Kitauji Quartet,Tutti! (TV Size),194,303845
YOASOBI,Kaibutsu (TV Size),170,1329273
rN feat. eili,Enneagrammatos,211.11,2403899
Dragon Guardian,Kikaijikake no Kami,185,1537064
Suzuki Konomi,Theater of Life (TV Size),198,1214744
LEFT BOY,DANGEROUS,110,452693
"Semi, Ling Yuan yousa",Gou Zhi Qi Shi,170,1120787
Hoshimachi Suisei,comet,162,1604940
BABYMETAL,Road of Resistance,205,2536214
AAAA,pastel planet,210,2429129
Sasaki Sayaka,Atlantico Blue,177,690792
DragonForce,Soldiers of the Wasteland,200,448281
Teminite & MDK,Space Invaders,128,979887
765 MILLION ALLSTARS,UNION!!,172,1134282
"Cocoa, Chino, Rize, Chiya, Syaro, Maya, Megu",Honjitsu wa Makoto ni Rarirurein,183,465206
ONE OK ROCK,20/20 (Cut Ver.),165,2107946
Kano,Himekoi,155,454637
Sueco,Loser,193,1963294
LamazeP,Ai no Uta feat. Hatsune Miku,180,1898825
CLIFF EDGE feat. Nakamura Maiko,Endless Tears,99,123489
Knife Party,Bonfire,87,73576
F-777,Space Battle,200,992349
Iria Hosizaki,Private Sky,162,558107
ELISA,ebullient future,145,33876
Sakai Mikio,Identity (TV Size),124,1128013
Sasuke Haraguchi feat. Kasane Teto,Igaku,170,2165268
Genkaku Aria,Souhaku Rebellion,200,1072923
ChouCho,Yasashisa no Riyuu,177,2179122
DECO*27,Relationship Scramble feat. Hatsune Miku,150,945190
LOVIMOMENT,NA PAMYAT',135,1780572
Trial & Error,"DAI*TAN SENSATION feat. Nanahira, Mii, Aitsuki Nakuru (Short Ver.)",174,2565282
XX:me,escape (TV Size),206,1802279
Hayami Saori,Guide (TV Size),96,1841114
After the Rain,Anti-Clockwise,186,857068
Sawai Miku,"Gomen ne, Iiko ja Irarenai. (Anime ver.)",155,178717
FELT,Flower Flag (MZC Echoes the Spring Liquid Mix),170,55945
xi,Garyou Tensei,200,1898232
Hoshino Gen,DORAEMON,160,807111
MY FIRST STORY,Ashen,195,2087611
meiyo,Nani Yatte mo Umaku Ikanai,125,2403250
MARETU,New Darling,195,2491871
garlagan,Uplift,180,2079518
brave elements,Massarani,210,889525
Anton Vinogradov,Ot vinta! (Cut Ver.),130,2520160
M83,Midnight City,105,871651
taqumi,Pavimento dei Sospiri,204,344998
Kana Nishino,Sweet Dreams (11t dnb mix),175,499488
Aoi Eir,JUMP!!!,188,1147278
YUZUNO,shining! our life,175,1969787
Silver Forest,Sadistic Love,168,23665
Foreground Eclipse,Noble,164,172292
Camellia,Compute It With Some Devilish Alcoholic Steampunk Engines,165,1268030
TRUSTRICK,FLYING FAFNIR,143,292535
Kano,The Girl Who Leapt Present,132,454644
KANA-BOON,Baton Road,162,609700
sweet ARMS,I swear,168,918315
ClariS,Connect (TV Size),175,1233402
Feint,Tower Of Heaven (You Are Slaves) (Cut Ver.),175,2407039
HoneyWorks feat.sana,Kawaiku Naritai (Short Ver.),110,544647
Kairiki bear feat. Hatsune Miku,Shippaisaku Shoujo,240,1869533
Wakeshima Kanon,Tsukinami,180,2269489
EMILIA (CV: Takahashi Rie),Stay Alive (Jun Kuroda Bootleg Remix),174,671597
TOMINAGA TOMMY HIROAKI,JoJo ~Sono Chi no Sadame~ Archetype MIX Ver.,146,714329
Uinyasu,Tsukiyo ni Mau Koi no Hana,186,1437650
Airi Miyakawa,Ao Raid,205,2239344
xi,Xeno Phantasm,212,2395055
Chata,Eroiko (Short Ver.),190,2506632
Yorushika,Shikaki to Coffee,180,1202029
Starset,It Has Begun,192,811195
DJ Genericname,Dango Dango Daikazoku (Drum and Bass Remix),178,1501157
AIMEE BLACKSCHLEGER,DOA,138,571148
JENNY ROM vs ZIPPERS,WAKA LAKA,170,153
Inori Minase,REAL-EYES,176,1695639
Reji,Shoujo wa Yoru to Azayaka ni,140.08,1933985
toby fox,Nyeh Heh Heh! & Bonetrousle,150,375994
Kirsten Price,We Will Be Heroes,145,579551
Namie Amuro,Fight Together (TV Size),129,46514
No Life Negotiator,LOST GARDEN,172,51743
nao,Anthem,138,2212899
nyankobrq & yaca,twinkle night (feat. somunia),174,1684705
yanaginagi,Tokohana (TV Size),169,166583
"Morishita Chisaki, Tanaka Minami, Kito Akari, Kurose Yuuko",Hitoribocchi no Monologue (nenpulse bootleg remix),170,1049835
Jane Remover,OBSESSED POST-FRAILTY EXTENDED JERSEY MIX HOSTED BY TWERKNATION28 (NUMBER EDIT),145,2369676
Remo Prototype[CV: Hanamori Yumiri],Sendan Life,227,639318
Linked Horizon,Guren no Yumiya (TV Size),180.68,87921
Kotone,PUNISHMENT,234,1352054
Nekomata Master,Sennen no Kotowari,152.95,647730
Nakae Mitsuki,"Pure Love, True Love",138,123687
HoneyWorks,Re: Hatsukoi no Ehon feat. Aida Miou (CV: Toyosaki Aki),190,1688656
Yuusha Party,Endoro~ru! (TV Size),140,925524
Kohinata Miho (CV: Tsuda Minami),Naked Romance,168,430590
DJ SHARPNEL,FAKE PROMISE,190.8,1293620
SYNC.ART'S,Road to Departure,160,161887
d0tc0mmie,I Can't Wait feat. GUMI,128.38,2481678
Kero Kero Bonito,Flyway,144,969578
Lime,Renai Syndrome,180,166062
Akiakane,Sayoko,133,244256
ABSOLUTE CASTAWAY,SPECTRUM,95,2296025
7!!,Lovers (TV Size),164,1196675
Memme,Xiao Long Bao,175,1151330
Dee! feat. Nomiya Ayumi,Hito Ayumishi Unmei ni Yosete,175,94977
Sporty-O,Let Me Hit It,128,486008
"Tomita Miyu, Onishi Saori, Ohzora Naomi, Hanazawa Kana",Hallelujah*Essaim,200,1181454
Hayakore Tatsumi,We without Wings,200,2337911
iojjj,Akui to Ai no Sukima no Puzzle,200,147430
BAND-MAID,CROSS,190,1221201
lily-an,The Starry true,153,158744
Pratanallis feat. Tsuyuri Karin,Ren'ai Fantasy,260,1546547
Suzuyu,Euphorium,186,2106292
HoneyWorks,Akatsuki Zukuyo,180,332800
inabakumori,Hello Marina,176,1636669
DIALOGUE+,Hajimete no Kakumei! (TV Size),187,2275113
LAMP IN TERREN,innocence,196,992464
Kraster,Space Rainbow,182,54610
Kanbaru Suruga (CV: Sawashiro Miyuki),ambivalent world (TV Size),174,2277195
la la larks,Sayonara Waltz,236,813903
Unleash The Archers,Soulbound,200,1980488
mary,Asu no Yozora Shoukaihan,185,2232390
C-Show,Rocking to the Beat (Cut Ver.),174,2031865
diaxart,2024 (Bad Apple x u i a oiiaoiia cat),156,2410417
ShinRa-Bansho,Muishiki Requiem,195,975932
Ceui,"Giniro, Haruka",128,479942
Aoi Eir,INNOCENCE (TV Size),183,1944151
amazarashi,Kisetsu wa Tsugitsugi Shindeiku,181,433723
Ogura Yui,Himitsu Melody (TV Size),174,1995508
"Uesaka Sumire, Takahashi Rie, Minase Inori, Hayami Saori",Ponkotsu! Isekai Theater (TV Size),165,1109197
Doppelman,Error!!,175,50042
cygnus,Silver Orbit,147,2411802
UNDEAD CORPORATION,Everything will freeze,240,336471
KOTOKO,INFINITE SKY,190,783500
Imperial Circus Dead Decadence,Gekiai No Yobigoe Ga Dekiai No Sakebigoe Wo Kurau,210,1201605
Starving Trancer feat. MAKI,agony,144,2033867
Chloe Adams,Last Christmas (Nightcore Mix),160.08,2423347
kemu,Ikasama Life Game (Cut Ver.),200,1212047
Tada Aoi,Brave Song (TV Size),125,15654
Ray,Nagi,129,192283
HyuN feat. LyuU,Cross Over,200,891337
otetsu,"Sai afure, Ketsurakusha",135,73971
Shichikage,Darling in the Night (TV Size),188,2118138
"Lily Baker (CV: Sally Amaki), Kusakabe Aoi (CV: Osanai Reo)",Futari no Start Button (TV Size),181,2542889
Fantastic Youth,Unknown Mother-Goose,222,935708
rejection,Aimai Attitude (feat. Nakamura Sanso),200,1601852
fripSide,LEVEL5 -judgelight-,139.5,2074570
KOTOKO,being,148,333140
Utada Hikaru,Sakura Nagashi (el poco maro Remix),176,185392
rejection,White Canvas (feat. Aitsuki Nakuru) (osu! edit),140,1599605
Sonoda Umi (CV: Mimori Suzuko),Watashitachi wa Mirai no Hana,183,2230216
mezClA (Evatan & Mecotan),Azul Remix,195,1793226
GARNiDELiA,Gokuraku Jodo,131,489039
Nonono Nono,Ultima,184,2248801
ZAQ,VOICE (TV Size),184,142196
twenty one pilots,Levitate,186,1026205
"Ayumi Sara, Matsuoka Yuuri, Aimai Moko",Hana Arashi (Game Ver.),180,2274226
beatMARIO,Night of Knights,180,15920
Tevvez2.0,WINTER ARC (CUT VER.),142.5,2272084
MIMI,Gyutte,184,1751796
Shinonome Natsuhi (CV: Hinami Yuri),Moratorium no Oto,182,693750
Yousei Teikoku,Torikago,172,11781
Takayan,Be Alright,90,1476172
Ne Obliviscaris,And Plague Flowers The Kaleidoscope,210,1208673
Cocteau Twins,Kookaburra,100.8,1826034
AliA,Kakurenbo,180,955965
LiSA,Believe in ourselves (Cut Ver.),178,2542957
Lil Hank,Hank's Back,160,949856
Linkin Park,A Line In The Sand,200,2426390
Aether Realm,One Hollow Word,200,1160797
THE BINARY,"Hana ni Ame o, Kimi ni Uta o",240,1179276
Petit Rabbit's,Daydream cafe (TV Size),150,161102
TWICE,HAPPY HAPPY,180,1006690
Hoshimachi Suisei & Amane Kanata,Tsukiakari,198,1296278
Remixed by DJ Command,Mermaid girl -Akiba Koubou MIX-,150,145909
nao feat. isui,Summer Lights,196,1928441
Ludalloy,Cerebellum,71.5,2337726
USAO,Fucking High,190,1187209
Akatsuki Records,S.A.R.I.E.L.,178,2091456
-45,Ki no Bou,155,1981952
Masayoshi Minoshima feat. misato,Necro Fantasia,175,2390527
seleP,Scarlet Rose,160,1936956
Reol,No title,200,343672
Anamanaguchi,Scott Pilgrim Anthem,225,1014370
Minori Chihara,Kyoukai no Kanata (TV Size),184.02,120257
Chu*,Miko Miko Nurse Ai no Thema,160,2432564
yanaginagi,Megumi no Ame,182,2197289
Nagatsuma Juri,Snowy Diamond,180,1714651
Ayaponzu*,Streaming Heart,210,552702
My Chemical Romance,Famous Last Words,122,188557
MuryokuP,Sweet Sweet Cendrillon Drug,195,878167
Martynas,Hungarian Dance No. 5 in G minor,160,199998
Primary,Inai Sekai,250,2230846
TAMUSIC,Kyuu Jigoku Kaidou wo Yuku,145,14635
Marika,quantum jump,130,183467
Dark PHOENiX,The Primal Scene of Japan the Girl Saw,192,121635
Duca,Ashita Tenki ni Naare (Short Ver.),169,53158
M2U,BlythE (Osuka),180,26932
Fellowship,The Frozen Land,200,2536023
neksyusha,Femki,210,2282739
HERO,"""Tenohira""",207,444288
Morfonica,Kakurenbo (Game Ver.),180,2321032
ZUTOMAYO,Hanaichi Monnme,127,2022768
Yonder Voice,Sougetsu no Zangeshi ~ Universal Nemesis,170,783585
PassCode,Catharsis,196,1780807
Rita,Winter Diamond,190,367869
System Of A Down,Aerials,80,136425
Elle King,Ex's & Oh's,140,417230
irohaRingo feat. flower,Why I hate you,156,2263303
Katakiri Rekka,(^3^)chu * Dere * Rhapsody,168,1703650
SAYA,"Kono Hoshi de, Tada Hitotsu dake",195,1004797
Aethoro,Hope for the Stars (feat. Moon Jelly),188,2129926
Nickelback,Animals,154,1871
Reku Mochizuki,Falseimager,175,1398967
Primary,Orange Iro no Ketsui,175,910951
KANON NAKAGAWA starring Nao Toyama,Summer Boy,150,270797
Rita,Aiiro,174,180684
PSYQUI,Hype feat. Such (lapix Remix),175,830537
KNOCK OUT MONKEY,RIOT (Cut Ver.),193,1576607
Rabpit,Saika -Ver.B-,126,115114
Manami Numakura,Climber's High!,179,574214
Rolling Contact,Fly Anima,140,1941763
xi,Halcyon -Long Version-,191,557145
Hommarju,Rock It,170,700421
Sayuri,Raise de Aou,146,478766
Duca,Kioku x Hajimari,185,1698919
Nakiri Ayame,Good-bye sengen,170,1471082
gi(a)rlish number,Bloom,182,2219955
YURiMental,Kinou ni Kanaderu Ashita no Uta,193,1622691
Ikimonogakari,Netsujou no Spectrum (TV Size),160,1250507
Sangatsu no Phantasia,PINK LEMONADE (TV Size),191,1327577
KINEMA106,Juusou,190,1301393
LeaF,Kyouki Ranbu,230,1312129
HoneyWorks,Hatsukoi no Ehon feat. Aida Miou (CV: Toyosaki Aki),190,2292983
Yoshida Yasei,Override,204,2194170
OSTER project,Labradorite feat. Yu Tokiwa,190,408776
Tenacious D,Classico,170,25919
cYsmix,Dovregubben's Hall,140,360950
WALKUERE,Walkuere Attack!,177.98,545461
Frontliner,Lovesong,179,1449082
sweet ARMS,Trust in you (TV Size),190,1069076
Trial & Error,DAI*TAN SENSATION feat. Hatsune Miku (Short Ver.),174,2523937
Nanamori-chu * Goraku-bu,Yuriyurarararayuruyuri Daijiken (TV Size),175,299651
DJ OKAWARI,Represent feat.Chieko Kinbara,99,133445
YOASOBI,Shukufuku,170,2115385
serial TV drama,Tougenkyou Alien (TV Size),170,1192891
*namirin,Kanzen Shouri*Esper Girl,195,954272
Kimura & Tube Tonic,Without You (Nightcore Mix),177.11,74624
M2U,Placebo Dying,170,60081
YOASOBI,Yuusha (TV Size),208,2353796
Abe Mao,Mada Ikemasu,181,1884638
San-Z,Come Alive Stripped.,80,2298741
CHiCO with HoneyWorks,Pride Kakumei,185,336263
DISH//,Katte ni MY SOUL (TV Size),160,1180172
Masayoshi Soken,Metal - Brute Justice Mode,142,522233
Astrale,Make Believe (feat. risu) (Cut Ver.),110,1305080
The BABYSTARS,Hikari e (TV Size),189,2319247
Official HIGE DANdism,Same Blue (TV Size),184,2259255
yuiko,GLORIOUS_DAYS(Short),167,396495
Yousei Teikoku,Mischievous of Alice,185,1525481
Roselia & Afterglow,MIIRO vs. Ai no Scenario,195,1035849
SixTONES,BOYZ (TV Size),184,2351621
YOASOBI,Kaibutsu (TV Size),170,1335792
kakichoco,Zan'ei,180,1888928
Mami Kawada,FIXED STAR,170,752526
Ama no Murakumo no Tsurugi,Close the World feat. a*ru,188,2095486
Dzeko & Torres,2013 In 10 Minutes,129,513716
cewer,jetset,215,1639936
EGOIST,All Alone With You (TV Edit),72,590084
Demetori,"Yuuga ni Sakase, Sumizome no Sakura ~ Border of Life",175,298724
Han,Mysterious Messenger ver. Korean,128,670478
Alya (CV: Uesaka Sumire),Kimagure Romantic (TV Size),178,2248759
NACHERRY,My dream girls (TV Size),179,2129479
toby fox vs. Ferdk,Battle Against a True Hero,300,576030
FLOW,Sign (TV Size),178,17066
Sewerslvt,Mr. Kill Myself,170,1105241
Chiyoko,Come Home! Princess,170,436344
LiSA,Believe in ourselves,178,927265
"Hello, Happy World!",Egao no Orchestra!,138,765011
Kumada Akane,Brand new diary (TV Size),180,1430243
GARNiDELiA,Yakusoku -Promise code- (TV Size),198,1626625
LeaF,Paraclete,210,455109
DJ SHARPNEL,WE LUV LAMA,210,1333806
Tsukuyomi,Necropolis,136,2057681
Duca,Jewel Days,180,491650
Imai Asami,Asayake no Starmine (TV Size),130,1555846
M2U & NICODE,Lune,160,417408
FLOW,Niji no Sora (TV Size),191,1806231
toby fox,Amalgam,180,1597321
UVERworld,Touch off (TV Size),200,2424459
sana,Yakimochi no Kotae,190,308447
KIRA,MONSTER (feat. GUMI),118,1155614
Trerey-U + NIWASHI,Hisui,211,1303715
Yuyoyuppe,Reon,182,55980
MY FIRST STORY feat. chelly (EGOIST),"1,000,000 TIMES",200,1371312
Mili,Vitamins feat. world's end girlfriend,191,1808152
Aqours,Aozora Jumping Heart,200,2256103
Kohana Lam,Hoshi no Kodou (TV Size),121,2447858
Ado,Kura Kura,188,2070293
Akina,Cat Loving,163,1698928
Gavin G,Climax,170,225566
REOL,ChiruChiru,128,476697
goreshit,o'er the flood,194,543250
Shiina Mahiru (CV: Iwami Manaka),Kimi ni Todoke (TV Size),146,2086413
PassCode,Ray (Cut Ver.),196,1704595
SERRA,MYTH LOGY,202,2416911
Gunjo no sekai,reiwa anthem (Cut Ver.),185,1463037
PassCode,WILLSHINE (TV Size),200,2207465
Nero vs. After School,Sound In Motion vs. AH,174,234646
Misato Aki,Maple Love,170,50745
Nor,RE Aoharu,180,1935191
Yellow Zebra,Blind New,140,23377
Trident,Blue Field,135,2268010
THE ORAL CIGARETTES,Kantan na Koto,134,1006793
Serena (CV: Makiguchi Mayuki),Dori Dori (TV Size),178,1152970
Machico,Korekara (TV Size),162,805618
Aimer,Zankyo Sanka (TV Size),171,1665441
Alkome,Your Voice,170,2143876
DECO*27,Telepathy feat. Hatsune Miku,205,2331063
nano,Happy Ending Simulator,178,155767
mafumafu x Amatsuki,Yume Fanfare,190,864805
yanaginagi,Haru Modoki,174,299804
rizza,serenite,180,2337578
sana,Nigella no Hanataba,158,1141894
Atavistia,Cosmic Warfare,216,2264515
Chata,Papapapanda,160,61046
Guchiry feat. flower,"Abnormality, Dancin' Girl",220,1549366
Y&Co.,Daisuke,157,14774
Vickeblanka,Black Rover,204,1419615
Infected Mushroom,The Legend of the Black Shawarma,145,532552
HO-KAGO TEA TIME,Tenshi ni Fureta yo! (Asterisk DnB Remix),175,2139018
BUTAOTOME,Trauma Recorder,224,2047602
Eisyo-kobu,Oriental Blossom,180,586889
heiakim,Nico Nico Nii,124,1984274
Chata,Kimi no Tonari de Koi ga Shitai! -Half chorus Ver-,138,242777
Eve,Bokura no (TV Size),183,1926961
Infected Mushroom,Becoming Insane,145,92235
Saki: Achiga-hen Cast,SquarePanicSerenade,179,2144737
ClariS,reunion (TV Size),135,95940
Little Big,UNO,142,1128448
laura les,Haunted,169.4,1682143
Ensiferum,March of War / Axe of Judgement,220,1806364
Ave Mujica,KiLLKiSS,200,2343993
KOTOKO,Koi Kou Enishi (Game Ver.),144,2239162
Mizuki Nana,Vitalization (TV Size),190,102803
Deadball-P,Kogane no Seiya Sousetsu ni Kuchite,185,40521
Sabrina Carpenter,Espresso,104,2209732
Aether Realm,Oak,210,1677257
Origami Angel,Bed Bath & Batman Beyond,205,1959652
Rory in early 20s,Wa Yoderi,189,1967104
Twin-Tails,Twintail Dreamer!,198,224730
u's,Snow halation,173,111587
Poppin'Party,Initial,193,1576254
Billie Eilish,WILDFLOWER,74,2562540
Yousei Teikoku,Paradiso=Inferno,170,1296273
TwoThirds & Feint,Epiphany (feat. Veela),175,2362887
Kozato snow,Rengetsu Ouka,144.91,24765
Coalamode.,Nanairo Symphony,155,2311297
ONE OK ROCK,NO SCARED,185,1080994
Rib,Kisaragi Attention,200,1039167
Jun Maeda x yanaginagi,Killer Song,166,2088537
shoujo byou,Kuroyukihime,200,2511806
Kotoha,Kawaikute Gomen,160,1904295
BLANKFIELD,THE WORLD REVOLVING,230,1215814
Mastermind(xi+nora2r),Dreadnought,192,361306
Qrispy Joybox feat.mao,Colorful Minutes,152,62537
Ito Kanako,Amadeus,177,384688
ONE OK ROCK,NO SCARED,185,69779
"Asuka Ohta, Ryo Nagamatsu",High Placement Results (Grand Prix & VS),194,2442026
Abai Begei,Aspanga qaraimyn (Cut Ver.),140,1200909
ke-ji feat. Nanahira,Ange du Blanc Pur,182,2475471
Nico Nico Douga,Ronald's Perfect Math Class,175,14446
Matsushita,Kuuchuu Bunkai,200,1325799
Imperial Circus Dead Decadence,Uta,205,479638
VINXIS,Greetings (Extended Mix),200,751188
Superbus,Radio Song (Cut Ver.),158,2279454
sana,Packet Hero,236,413592
"Satono Diamond (CV: Tachibana Hina), Kitasan Black (CV: Yano Hinaki)",Ambitious World (PV Size),180,1762728
Chouchou-P feat. Hatsune Miku,White Prism,172,1408763
ONE OK ROCK,Ketsuraku Automation,194,1140692
Lana Del Rey,Doin' Time,145,1207252
Lie and a Chameleon,mononoke in the fiction (TV Size),195,1330065
Waterparks,Hawaii (Stay Awake),170,626065
ClariS,Songs Compilation,165,1042191
*namirin,Hitokoto no Kyori,180,609569
cold carti,cheloveku nuzhen chelovek (Sped Up Ver.),149.98,2256033
DragonForce,Defenders,190,323059
Chiai Fujikawa,Kattou,200,1555107
Ceui,Asphodelus,160,1754710
Mia REGINA,My Sweet Maiden,204,2292286
Dragon Guardian,Shikkoku no Shogun Regius,195,1521355
Girls' Generation,Gee,200,430622
Rib,Kisaragi Attention,200,805151
Eban'ko,Otryvayesh'sya (Cut Ver.),194.3,2267956
Maduk,Ghost Assassin (feat. Veela) (Original Mix),176,2555046
MARiA,Harugare,175,1685216
BUMP OF CHICKEN,Makka na Sora o Mita Darou ka,220,1318074
Tanya Degurechaff (CV: Yuki Aoi),Los! Los! Los! (TV Size),240,811822
Suda Keina,veil,150,1015516
Yoshihiro Arai,Friday Night,125.8,2450633
LiSA,ADAMAS,191,1846855
XeoN,Xeus,148,529212
Infected Mushroom,The Pretender,174,79498
"Misaki Akeno (CV. Natsukawa Shiina) , China Moeka (CV. Amamiya Sora)",Watashitachi Kinenbi,180,459700
goreshit,semantic compositions on death and its meaning,171,2074965
BLOOD STAIN CHILD,MOON LIGHT WAVE,200,296543
Hana,tree,182,1232310
THE ORAL CIGARETTES,Amy,182,1600169
ALI,LOST IN PARADISE feat. AKLO (TV Size),122,1291596
ZUN & Ryu*,Second Darkside,149,24304
Lenny code fiction,SEIEN (TV Size),194,2443907
Sharlo & yealina,Kakushigoto,200,208095
Triodust,M.R.,200,580867
Hello Sleepwalkers,Goya no Machiawase (TV Size),188.98,1759254
Aitsuki Nakuru,Presenter*,240,760473
Raimukun,Nyarlathotep's Dreamland,200,2358642
Himeringo,Yotsuya-san ni Yoroshiku,220,1100637
Nekomata Master,Far east nightbird (kors k Remix),175,144171
Ayano Mashiro,ideal white,180,219528
Fred V,Already Disappeared,174,1643829
Chata,Precious Wing (Movie ver),160,542186
Silvia,Vertex Beta,200.08,2289479
SAKURA*TRICK,Won(*3*)Chu KissMe! (TV Size),153,151236
senya,Tamashii no Katari ni Michibikarete,155,2129313
Nanahoshi Kangengakudan,Rubik's Cube,174,1918571
Poppin'Party,Initial (TV Size),193,1090496
Shika-bu,Shikairo Days (TV Size),183,2208516
Mia REGINA,My Sweet Maiden,204,2160319
mary,Alice in Reitouko,176,1961815
zts,miragecoordinator,150,652668
ONE OK ROCK,Dystopia (Cut Ver.),178,2305910
Tenchio,CHRISTMAS * ROCK,190,2527081
Uchida Maaya,-Across the line-,161,118429
nonoc,Believe in you,92,1362962
SAMString,Ataraxia,200,2057584
--RAYvateinn--,Touhou Medley P - vol.5,179.97,2023965
Yuki Kajiura,Credens justitiam,136,406299
MYTH & ROID,L.L.L.,208,347111
Tanya Degurechaff (CV: Yuuki Aoi),Los! Los! Los! (TV Size),240,2368916
Reol,+Danshi,180,1947994
wotoha,China Advice (Toccoyaki remix),129,1416201
Drop,Granat,180.96,572387
Sou,"Tada, Kimi no Mama de (TV Size)",220,2350682
Hana,i wo Tokinasai,156,50938
Kankaku Piero,Haruka Mirai (TV Size),182,1766086
fripSide,The end of summer,120,364508
Thunderclowns,Find The Memes In You,150,314211
Xceon feat. Mayumi Morinaga,Ikuseisou no Monogatari ~The Story of Eternity~,144,306782
Poppin'Party x Pastel*Palettes x Morfonica,Kizunairo no Ensemble,189,1823153
ShinRa-Bansho,Kyokkou no Tabibito,212,827677
Rise Against,The Eco-Terrorist In Me,170,358609
753. x ABSOLUTE CASTAWAY,collage,178,866379
Twilight Force,Winds of Wisdom,180,2337854
Memme,Tantanmen,185,1296282
mimimemeMIMI,Sentimental Love (TV Size),138,899538
Helblinde,Grief & Malice (Cut Ver.),200,1530096
"Arata Iiyoshi, Hideki Sakamoto, Keisuke Ito",Outlaw!,180,777946
Kakka,lonely pirouette,204,1495810
Dark PHOENiX,Ryokugan no Jealousy,218,382455
Touno Sakura,Sakurairo Refrain ~Spring has come~ (Game Ver.),140,2412362
Vulpecula,Crystallite Dream,187,1943645
TRUE,DREAM SOLISTER (TV Size),167,675521
Ryu* Vs. Sota,Go Beyond!!,200,19705
antiPLUR,Speed of Link,263.08,359173
capsule,RGB,185,1418131
SakiZ,osu!memories 2,190,1013369
765 MILLION ALLSTARS,Flyers!!!,172,2101474
Shamuon x Mi-chan,"E? Aa, sou.",192,2168374
PK Turtles,Unique Battle,218,2358533
Daft Punk,One More Time,122.88,1522841
KOTOKO,Tobiuo,204,2533749
Hirokazu Tanaka,A-TYPE,149.3,879387
96neko,Uso no Hibana,188,577932
Falcom Sound Team jdk,Gin no Ishi,143,336810
Suzuyu,Boys be Smile (TV Size),150,120670
Feint,Face Down,175,240329
BTS,DOPE,154,497583
DM DOKURO,SAVE,180,1078580
OLDCODEX,Heading to Over (TV Size),220,951154
Sengoku Nadeko (CV: Hanazawa Kana),Ren'ai Circulation (TV Size),120,2573210
Ninomiya Yui,Dark seeks light (TV Size),185,1727027
ZUN,Kagayaku Hari no Kobitozoku ~ Little Princess,164,2151390
Yousei Teikoku,Fata Morgana,200,2072219
F9,Kagaribito,220,1087452
Hashimoto Miyuki,The Day Takeoff  (Short Ver.),160,20900
Artemas,i like the way you kiss me,151.56,2160835
Woofle,Final Boss 2,160.02,461945
Kanami (CV: Uchida Maaya),Beautiful World,155,2401906
azusa,Check my soul,153,45664
Senritsu & Xinely,and I'm home,125,375661
Nijigasaki High School Idol Club,Just Believe!!!,186,1522615
Ohashi Chippoke,"Soliste (Drama ""Saikou no Obahan Nakajima Haruko"" ver.)",180,2170989
nao,Dimension tripper!!!! (PV Ver.),188.2,91963
Okamoto Maiko,Romance Shitai (massaji Remix),150,1467799
Aether Realm,Craft and the Creator,130,2200395
kessoku band,"Korogaru Iwa, Kimi ni Asa ga Furu",149,1916915
THE ORAL CIGARETTES,Flower,192,2020993
Various Artists,SUPER SHOT Compilation,172,51037
Houkago Rakuenbu,Houkago Kakumei,205,304606
Feint,Face Down,175,324369
Azusa Tadokoro,DEAREST DROP (TVsize),146,718632
Sabadu,A Very Polish Christmas,210,1992471
Aether Realm,The Fool,210,1209271
Imperial Circus Dead Decadence,Yuuaku no Inori - Anima immortalis est. -,270,2478116
Falcom Sound Team jdk feat. Suehiro Yuuri,Hope To You,180,1312319
Suzuki Konomi,GARANDO,182,2506315
Hoshimachi Suisei,7days,128,1977317
Nightwish,Dead to the World,141.88,149115
Ayane,Divine Beast,183,1204435
2Pac,Hit 'Em Up,95.21,2006948
Sota Fujimori,Move That Body -Extended Mix-,196,220220
a_hisa,Pastel Subliminal,187,603051
Marie,Clover Day's,190,911995
Feryquitous feat. Sennzai,Hi no Ao,190,1107560
"Fear, and Loathing in Las Vegas",Scream Hard as You Can,198,89979
Memme,BSPower Explosion,180,1096818
HO-KAGO TEA TIME,Tenshi ni Fureta yo! (Asterisk DnB Remix),175,506780
Kito Akari,Drawing a Wish,193,2170258
samfree,Chicken's Theme,166,599699
Himeringo,Shinitai-chan,132,2332585
Tomatsu Haruka & Iguchi Yuka,Kiss(and)Love (TV Size),160,101616
Aqours,DREAMY COLOR,190,1617690
Sawai Miku,Colorful.(AnimeVer.),153,304122
bbno$ & Rebecca Black,yoga,118,1596017
TOOBOE,Tablet (TV Size),200,2144115
Datsuji-P,Anison Sprint (Anime Song Medley),192,45853
Down,Solo Cup,190,1760520
Ohara Yuiko,Only (TV Size),150,1359649
Humanoid,MENDES,168,21928
Wiklund,Billy Boogie,170,9040
"Manasora Akiha, Tokika",Toukasa Funtouki!~ Rakutoferin no Hate e ~,185,43170
Stigmata,September,140,360357
Jeff Williams feat. Casey Lee Williams,Die,190,2204668
MOMOLAND,BAAM,127,812177
ONE OK ROCK,20/20,165,608415
SawanoHiroyuki[nZk]:TOMORROW X TOGETHER,LEveL (TV Size),113,2115893
Luck Life,Kaze ga Fuku Machi (TV size),198,576089
Groove Coverage,Holy Virgin (Nightcore Mix),162,54675
Susumu Hirasawa,Day Scanner,199.98,694970
Oratorio The World God Only Knows,God only knows Dai San Maku (O.A. version),170,22196
Mitsunori Ikeda feat. Aimee B,Fallen Angel (el poco maro Remix),176,1795799
Good Kid,Atlas,208,1750346
Kaneko Ayano,Romance Sengen,156,1802363
Katakiri Rekka,"own justice, once more",187,1148992
ZUTOMAYO,TAIDADA,144,2270896
Our Stolen Theory,United (L.A.O.S Remix) (Cut Ver.),175,1656920
MIMI,Yoake Maeni Tobinotte,221,2389566
Getter Jaani,Rockefeller Street (New Nightcore) [#Rockefellerstreet Remix] (Cut Ver.),162,2533966
Yorushika,Haru (TV Size),204,2114912
Primastella,Koigokoro,140,1158376
Renard,GREAT EXPECTATIONS,240,2417023
Kousaka Honoka (CV: Nitta Emi),"Natsuiro Egao de 1, 2, Jump! (HONOKA Mix)",170,827594
Zektbach,Kagachi,170,894104
Himeringo,Garakuta Innocence,230,1021086
Sangatsu no Phantasia,Ao ni Minasoko,220,924550
Primary,Sweets Weekend,180,1515731
KISIDA KYODAN & THE AKEBOSI ROCKETS,HIGHSCHOOL OF THE DEAD (TV Size),190,2175654
sasakure.UK,Spider Thread Monopoly feat. Hatsune Miku,200,348381
Marina and The Diamonds,Sex Yeah,136,379578
Horie Yui,Coloring (TV Size),117,73873
Bentham,White,190,646741
Rameses B,Ivy,174,2007732
Blue Magic,"Welcome Home, DK (OC ReMix)",113.51,25117
gi(a)rlish number + Nanami Sakuragaoka,Ashita e no Tochuu de,174,551744
ReoNa,ANIMA (TV Size),193,1211726
Roselia,Guren no Yumiya,181,924403
T-Pis,A Smile is Our Goal! (Game Ver.),126,2474798
OneRepublic,Secrets,148,24130
Laufey,From The Start,82,2096549
toby fox,Tem Shop,95.5,397990
senya,Koborezu no Negaigoto,150,2078730
Fractal Dreamers,Ad Astra,210,965651
Nibutani Shinka (CV: Akasaki Chinatsu),Mogatairime demo Yumemi Summer!,173,807184
Alan Walker,All Falls Down (feat. Noah Cyrus with Digital Farm Animals),98,706285
a crowd of rebellion,M1917,207,1820657
"Fear, and Loathing in Las Vegas",Just Awake (TV Size),191,2130552
Azuna Riko,keep weaving your spider way (TV Size),208,1346476
Kon Natsumi,ISOtone,180,330074
Akatsuki Records,BLOODSHED,157,937624
Hanasaka Yui (CV: M.A.O),Shunkashuutou * Egao Biyori (TV Size),140,1435947
Misun,Eli Eli (Maduk Remix),170,708908
Mediks,Don't Let Go,174,1079318
SYU (from GALNERYUS),REASON,184,989540
Mizuki Nana x T.M.Revolution,Kakumei Dualism,205,2008892
WANIMA,GONG,195,1099681
SHIKI,Pure Ruby,178,20908
yax03,stresstest,180,2497670
CustomiZ,Kai TV Size,220,368187
x0o0x_,/ / // / /,130,1120289
"Post Malone, Swae Lee",Sunflower,90,1450998
Ken Arai,NEXT TO YOU,110,348526
fripSide,LEVEL5 -judgelight- (TV Size),139.5,12216
Tatsh,reunion <Platinum Long Version>,184,1884903
Oreore-Usagi,Reset My Refrain,230,485103
Dragon Guardian,Sei Juuji Gakuen,200,2038874
Alya (CV: Uesaka Sumire),Kawaikute Gomen (TV Size),162,2212715
sweet ARMS,Blade of Hope,188,263073
P*Light,TRIGGER*HAPPY,185,134656
KISIDA KYODAN & THE AKEBOSI ROCKETS,Strike The Blood (TV Size),208,406897
Drop,Gensou Kidan (Kaguyahime+Mikotonori Ver.),155,15943
Simple Plan,What's New Scooby-Doo? (TV Size),158,1925508
senya,Yakusoku no Chikara,150,349810
Lady Gaga,Just Dance feat. Colby O'Donis (Nightcore & Cut Ver.),161.01,2284780
xi,Halcyon (Long Ver.),191,2432962
Between August and December,Blow with the Fires,75,275841
Inori Minase,REAL-EYES (TV Size),176,2149227
Atarayo,"""Boku wa...""",180,2143919
Levela & Dub Zero,Overdrive,175,585794
Hideyuki Ono,Two Pianists,178,996627
m-flo,LOVER (el Poco Maro Remix),176,483745
Kuhaku Gokko,Unmei Kaika,220,2226114
HoneyWorks,Heroine wa Heikin Ika. feat. Suzumi Hiyori (CV: Inori Minase),200,2138387
Aqours,MIRACLE WAVE (TV Size),183,792461
Jamie Paige,Machine Love,175,2379061
Kanon Oguni feat. timao,Tsumugiboshi,190,1957364
molly,LOVE AGAIN,200,2241412
Hatsune Miku,Do-re-mi-fa Rondo,125,46800
ZAQ,Sparkling Daydream (TV Size),175,60511
kessoku band,Guitar to Kodoku to Aoi Hoshi,193,1888886
Kawada Mami,No buts!,183,1885417
AAA,Wake up! (Anime ver.),176,159068
Franchouchou,Taiga yo Tomo ni Naitekure (TV Size),174,1436901
S3RL feat. Sara,Dopamine,175,1712992
Hanasaka Yui (CV: M.A.O),Aozora Morning Glory (TV Size),138,808138
Bruno Mars,Runaway Baby,164,1875503
Bring Me The Horizon,Ludens,132,2058971
"Hikasa Youko, Uchida Maaya, Taketatsu Ayana, Akesaka Satomi",Gokujo. no Jouken <3,180,2535132
Ray,Sweet Days,174,1932767
GreenDAM,He Xie Ni Quan Jia,160,8328
Bermuda Loverz,My Girl (Nightcore Mix),168,77453
SPYAIR,RAGE OF DUST (TV SIZE),240,2437172
FELT,Flower Flag,160,34984
ginkiha,Oriens,185,65855
Trial & Error,MYxFLAVORxDAYS! feat. GUMI (Short Ver.),176,2114027
marasy,Mugen no Ticket (feat. Hatsune Miku & KAITO),194,2306820
Ceui,Have a live day,184,1101687
Porter Robinson,Cheerleader,148,2396887
Camellia,Tornado,175,682281
Le Malin (CV: Shiraishi Haruka),Inori no Uta,60,1803357
DECO*27,Ai Kotoba II,137,123354
IOSYS,Endless Tewi-ma Park,128,40495
Takagi-san (CV: Rie Takahashi),Chiisana Koi no Uta,205,749297
Rohi,Kakuzetsu Thanatos,200,76396
Jamie Paige,Machine Love,175,2378327
HOYO-MiX,Shadow of Nemesis,100,1889624
Jan Wayne Vs. Raindropz,Numb (Nightcore Ver.),177.5,14983
inabakumori,Tsukuri Kake no Shinshou,236,1248914
-45,Tsugihagi Chimera,150,1054988
DragonForce,Judgement Day,200,2053998
"Team ""Hanayamata""",Hana wa Odore ya Irohaniho,160,529815
the peggies,Centimeter (TV Size),140,1194221
Junichi Masuda,Sentou! Gym Leader,175.96,2252701
Naru Sekiya,Yorokobi Synchronicity Naru ver.,165,356823
A-One feat. Shihori,Magic Girl !!,156,1999914
Streetlight Manifesto,Everything Went Numb,270,414289
adaptor,LAISSEZ:FAIRE,200,671405
xi,Longinus (Game Ver.),212,2082319
seleP,December 9th,120,2086737
Kon (CV: Hondo Kaede),Deaete Yokatta,188,2279831
FELT,Lost My Way,240,817516
Horie Yui,True truly love,204,659776
supercell,Sayonara Memories,160,525260
P4koo,FRAGMENT. (feat. A.Dokuga),220,1290469
FLOW x GRANRODEO,7 -seven- (TV Size),170,2238404
Within Temptation,Mad World (Mewone! Remix) (Sped Up & Cut Ver.),191.39,2242325
Aqours,Yume Kataru yori Yume Utaou,159,483234
UNISON SQUARE GARDEN,Sakura no Ato (all quartets lead to the?) (TV Size),188,565004
STINT,Razbivay (Cut Ver.),160,2398400
MYTH & ROID,HYDRA,166,720129
senya,"Utakata, Ai no Mahoroba",155,704050
wasi,VANITAS feat. Isla Coleman,200,2260500
Kano,Daisy Blue,184,886402
YOASOBI,Halzion,130,1380291
Gumi,Catch You Catch Me (TV Size),128,56469
Ryu*,Sakura Mirage,187,205022
Demetori,Kanjou no Matenrou ~ World's End,178,1871215
Leo/need x Hatsune Miku,Stella,197,1491367
kawaii vocaloid,Sukitte 100-kai Itte (feat. Hatsune Miku),177,2275012
Aimer,Black Bird,81,849225
Satoshi with Pikachu (CV:Matsumoto Rica/Otani Ikue),Alola!!,153,547994
DJ SHARPNEL,FAKE PROMISE,190.8,1894080
Himeringo,Koitsubakihime,180,408558
League of Legends,GODS feat. NewJeans,146,2069869
Flower,Kurenai no Dress,82,1303060
Jun.A,Fairy Boukendan,220,2303814
Risa Yuzuki,Yumemiru Milky Way feat. Aitsuki Nakuru,175,1934189
MyGO!!!!!,Utakotoba,190,2084617
Hommarju feat. Latte,masterpiece,180,12483
Amatsuki,DORAEMON,160,748273
kessoku band,UNITE,195,2247116
ClariS,Hitorigoto (TV Size),165,604486
Yaxuan Xiao,Biao Bai,135,13852
Makino Yui,Synchronicity,140,185314
love solfege,Vanity Clock,100,1486643
AgonyOST,Light Stops Dripping Through The Stars (Sewerslvt Remix),170,2119494
Sasaki Mikoi,Bokura no Seiza (Short Ver.),200,1979758
Meu Koharu,Memory,175,1645226
Michael Seary feat. Luke Cusato,Can't Say It Back (Feint Remix),174,2343007
KARUT,Shooting Athletes,165,1992425
yanaginagi,Yukitoki (TV Size),165,90647
Bring Me The Horizon,AmEN! feat. Lil Uzi Vert & Daryl Palumbo of Glassjaw,210,2085178
Aoi Eir,Lament,185,1217489
USAO,BroGamer,207,635636
Mikakuning!,Masshiro World (TV Size),160,144269
Chata,Festa!,172,42212
Chitose Sara,Merry Merry Go Round,185,1013140
ShinRa-Bansho,Itazura Sensation,192,1276485
u's,Bokura no LIVE Kimi to no LIFE,210,1945496
The Minions,Ba Do Bleep (olc's Midwest Emo Edit),120,1713016
MFS,BOW,150,1873300
Yamboo,Feelings (Nightcore Mix),163.63,123174
Sakaue Nachi,Crazy Hot,162,175671
TWICE,YES or YES,138,888676
Camellia,"FLYING OUT TO THE SKY (covered by Nanahira, moimoi, Nana Takahashi)",244,1212452
ICHIKO,I'LL BE THERE FOR YOU (TV Size),170,1085263
Nightwish,She Is My Sin,153.03,92347
Mameyudoufu,Citadel,183,1024712
Tsukuyomi,Yume to Shiriseba,185,2246334
Iguchi Yuka,Hey World (TVsize),180,302731
YOASOBI,Idol (TV Size),166,1974205
Cream puff,Mermaid girl,140,715915
"Fear, and Loathing in Las Vegas",Let Me Hear,184,231640
04 Limited Sazabys,Squall,200,1029349
Fox Stevenson,Throwdown,175,242574
KISIDA KYODAN & THE AKEBOSI ROCKETS,HIGHSCHOOL OF THE DEAD (TV size),190,712106
Duca,Natsukoi,184,1245057
Wakasa Yuuri (CV: M.A.O),Friend Shitai,148,1041232
sana,cantabile,151,451910
Pratanallis feat. Rina Komatsu,Meet Again,172,1784645
MyGO!!!!!,Utaimashou Narashimashou,222,2348086
Ryu*,Mind Mapping (kors k mix),183,1774369
Renard,Da Nu Nuttah,190,2094442
Imperial Circus Dead Decadence,Shinbatsu o Tadori Kyoukotsu ni Itaru,250,482382
Brymir,Herald of Aegir,196,1836524
FROZEN QUALIA,Kaleidoscope,175,2315721
Renard,Sinisterrrrrrrr (Cut Ver.),220,1427570
Suzuki Konomi,CHOIR JAIL (TV Size),181,1490776
ClariS,ALIVE,180,1894823
JUNNA,Umi to Shinju (TV Size),166,1566413
8#Prince,fake doll,132,68036
LESLIE PARRISH,KILLING MY LOVE (Cut Ver.),156.05,1831606
Hong Jong Myeong & TULA,Digimon Adventure,165.1,102872
nowisee,microser,83,1456710
Ceui,Hoshi Ori Yume Mirai,174,1000344
USAO,Cyaegha,200,1314759
Feint,161914,168,224157
Eve,Kaikai Kitan (TV Size),185,1276213
Suzuyu,Boys be Smile (TV Size),150,120484
Inferi,Those Who from the Heavens Came,250,387311
44teru-k,F.I,180,47664
Yatoki Tsukasa feat. Misawa Aki,Straight Oath,182,462096
StylipS,Junsui na Fujunbutsu (TV-size),175,184880
"Kugimiya Rie, Horie Yui, Kitamura Eri",Complete,146,142081
ELFENSJoN,Rakuin no Na wa Akaku,201,1683255
Se-fukubu,Sweet Sweet True Love,170,2113813
Ceui,Hoshi Ori Yume Mirai,174,268509
BobGmbH,BEST OF IMPOSSIBLE REMIX,110,522872
Takase Toya,Doushite (feat. Noda Emi),75,2332084
MIMI,Floremie,108,2248918
Official HIGE DANdism,Same Blue,184,2258440
sakuzyo,Imprinting,175,264299
Rigel Theatre,Rinn Ding Dong,122,804648
Light,Anoneanoneanoneanoneanoneanoneanoneanone Kouji ga Okureteruno,126,822716
Ikimonogakari,BAKU (TV Size),228,1479509
Mike Morasky,Team Fortress 2,130.7,16520
tieLeaf,Nejimaku Tokei ga Tsuki no Michikake o Kizamu 2016ver.,168,904067
orangentle,OEFHEBEN,200,2091787
Primary,in the Garden (Cut Ver.),224,2274129
Yuaru,Jitter Doll,180,773512
Roselia,ZEAL of proud (TV Size),195,1666393
OISHII,UP UP MT. CAKE,185,2182264
96neko,"E? Aa, sou.",192,902346
Nana Mizuki,Vitalization (TV Size),190,1986582
Yasuda Rei,blooming (TV Size),173,879644
NACHERRY,My dream girls (TV Size),179,2116200
solfa feat.Chata,Prism lovely day,180,575372
Hanon x Kotoha,Fuwari,164,2026271
Lenka,Everything At Once,145,74289
FELT,Lies in Reality,204,1851016
zts,rotater,137,905162
fripSide,black bullet,155,905839
Omoi,Snow Drive,224,323522
Nijigasaki Academy School Idol Club,TOKIMEKI Runners,180,856070
Ziyoou-vachi,Kaen,170,918188
hololive IDOL PROJECT,Dreaming Days,168,1373114
Various Artists,We are DREAMERS!!,205,1984834
Syaro (CV: Uchida Maaya),Tobikiri summer time,185,1800527
Misawa Sachika,Links (TV Size),149,108702
Vulpecula,Crystallite Dream,187,1963567
Petit Rabbit's,Takarabako no Jet Coaster,158,361679
Silent Siren,Koi Yuki,128,1308821
Rekka Katakiri,Answer (Game Ver.),224,1282756
Yuuka,Girls' Carnival,236,852785
YOASOBI,Shukufuku (TV Size),170,1864974
Aqours,"Bouken Type A, B, C!!",194,1029085
fourfolium,Yumeiro Compass,130,658129
Mindless Self Indulgence,Faggot,152,1780095
"Karen, Koharu Meu, Harukawa Akari",Jounetsu Utopia,160,695632
yanaginagi,Mitsuba no Musubime(Sanaas remix),170,401523
RiSUKU,Paradiso,186,2093557
Shihori,Day Breaker,165,91606
Kano,Cherry Pop,192,2422421
The Veronicas,4ever (cut ver.),146,2484768
Pratanallis feat. KOKOMI,Black Berserker,195,2204750
Demetori,Natsukashiki Touhou no Chi ~ Sic World,196,1950158
KOTOKO,Face of Fact,135,2017408
a_hisa,Anhedonia,180,90784
Kano,Sakura no Zenya,178,445071
Demetori,Fuujin Shoujo,200,2190615
Celldweller,I Can't Wait,188,170148
wakaG,Yozora ni Saita Hana,180,189529
CHiCO with HoneyWorks,Pride Kakumei (TV Size),185,1908253
Nanamori-chu*Gorakubu,Yuriyurarararayuruyuri Daijiken,175,519161
Yorushika,"Hachigatsu, Bou, Tsukiakari",220,1124086
HyuN,Guitian,165,891348
Imy feat. Aitsuki Nakuru,Zanshou no Resonance,175,1147203
Chelsea Ward,That's Falling In Love,134,128297
Itou Kanako,fake me (Science Adventure Dance Remix),165,50322
Touhou LostWord x RichaadEB,Lost Word Chronicle,184,1482439
fourfolium,Hosshii no!,190,586877
Duca,Passion,185,1483290
Meg & Dia,Monster (DotEXE Remix) (Nightcore Mix),168,254801
Oratorio The World God Only Knows,God only knows -Secrets of the Goddess- (Extract),170,104610
Itou Kanako,Hacking to the Gate (TV Size),161,35108
Hebe Tien,A Little Happiness,79,1445592
Nogizaka46,Tsuki no Ookisa (TV Size),185,1192746
siinamota,Shoujo A,130,2137985
Inori Minase,TRUST IN ETERNITY,184,1946126
Demetori,Fall of Fall ~ The Door Into Summer,180,556206
yurika,THE EVENING STAR,167,27706
Dreamcatcher,Wake up,144,645662
Lime,Pixel Planet,222,2095123
Suzuki Masayuki,Love Dramatic feat. Ihara Rikka (TV Size),129,925628
Teminite,Earthquake,174,526626
LeaF,Mopemope,200,1097600
Max Coveri,Running in the 90's,158.5,18482
goreshit,satori de pon!,235,2529471
Foreground Eclipse,Songs Compilation II,160,1249198
Ramin Djawadi,The Queen's Justice,128,663572
Sum 41,Over My Head (Better Off Dead),184.13,50185
Wisp X,Somewhere I'd Rather Be,96,1255411
Leo/need x Hatsune Miku,HIBANA -Reloaded-,200,1678919
Hagumi Nishizawa,My Hero! Up to you!,168,394270
solfa feat. Aoba Ringo,Itsuwari no Hana,100,905554
Ogura Yui,Hanauranai Suruno <3,174,2294273
Niko,Night of Fire,157.71,18923
Pink Floyd,Wish You Were Here,61,2142145
Natsu,Regression,190,1771677
xi,over the top,202,2298941
APG550,NEVERLAND,190,352489
ONE OK ROCK,The Beginning,182,2511371
Gakuen Seikatsu Bu,Friend Shitai,148,330147
*namirin,Mizutamari Tobikoete (with Nanahira) (Cut Ver.),194,2414590
KMNZ LIZ,Envy Baby,171,1432005
KAI,Rover,93,1990263
DJ SHARPNEL,BLUE ARMY,182.2,2076193
momosumomosu,Esoa,180,2001099
dj TAKA,Hollywood Galaxy,186,48196
Umeboshi Chazuke,Panic! Pop'n! Picnic!,190,845013
ClariS,Luminous,173,1070262
Imperial Circus Dead Decadence,Danzai No Honoo To Koibito-Tachi No Rondo,174,961431
Silent Siren,stella*,158,163253
ePiaeon,FLOP ERA,163,2448751
tomatomerde,SHINING LINE*,175,416873
Sayuri,Koukai no Uta (TV Size),180,1054062
Hashimoto Miyuki,The Day Takeoff,160,30925
Charlie Puth,Light Switch,184,1765296
"Yamazaki Haruka, Tadokoro Azusa, Machico",Dreaming!,180,363873
The Living Tombstone,Five Nights at Freddy's,103,291043
LABYRINTHS,Yumeji Labyrinth (TV Size),162,1611208
Asriel,Shikkoku no Taiyou ni Yakarete,205,2244510
Cascada,Why You Had To Leave (Nightcore Mix),153.62,463866
Thaehan,Forcefield,200,1362365
keekihime * Yuumi & JUMA,Eiya no Parade,129,593445
my sound life,yamisame,155,1812908
XX:me,Darling,173,804587
Natsuko Aso,Everyday sunshine line!,192,174739
Midnight Grand Orchestra,Rat A Tat,103,1827006
Maeda Jun x yanaginagi,Owari no Sekai kara,148,1213521
Roselia,MIIRO,195,1000885
Hotaru Murasaki,Re:TrymenT,190,1937758
HoneyWorks feat. sana,Ijiwaru na Deai,172,495222
ULTRA TOWER,Kibou no Uta (TV Size),177,1116303
ELFENSJoN,Einherjar,204,942738
Hanyuu Maigo,Onomatopee feat. Riria.,146,1698960
Camellia feat. Nanahira,Hakuraku,222,2105591
Iguchi Yuka,Bye Bicycle,176,2104350
Kawai Sprite,M.I.L.F,180,1398983
Sanada Kanra (CV: M.A.O),Ano Basho e,132,908157
Shin Agnes,Shining Star,168.8,1250546
Yunomi,Wakusei Rabbit (feat. TORIENA),174,504171
HO-KAGO TEA TIME,Genius...!?,148,2120949
Seraph,Last Queen,172,986762
Kano,Kimiiro Hanabi -album version-,182,1980658
Yamazaki Moe,JUMPING TO DAYS!,189,2165472
zakuro,Totemo Suteki na Rokugatsu Deshita,210,1049921
Primary,Awake,200,345782
Moonbaby,Here We Go,158,145621
IOSYS,Miracle Hinacle,160,405911
IOSYS,Resurrection Blossom,190,54043
KAKU P-MODEL,Big Brother,190,472440
yuikonnu,Chikyuu Saigo no Kokuhaku o,190,208765
TK from Ling tosite sigure,first death,164,2033133
Aimer,Zankyo Sanka (TV Size),171,1677788
YUZU,Hyouri Ittai,150,580549
PHAZE,Mirai Isho,195,1989072
Hasu,CartoonGirl,167,2495201
Kotoha,Ima wa Ii nda yo.,85,2071269
The Scrantones,The Office Theme,170,4406
KANA-BOON,Silhouette (TV Size),183,1524517
Yousei Teikoku,Senketsu no Chikai (TV Size),180,1991635
cYsmix,Moonlight Sonata,128,486535
senya,Chiisana Hari no Youna,178,2280703
TUYU,Doro no Bunzai de Watashi dake no Taisetsu o Ubaouda nante,225,1242733
REDALiCE ft. Ayumi Nomiya,Crime Wave,156,105296
senya,Kimiiro Subliminal,150,377281
nameless,Sayonara Wonder Noise,240,483885
Halozy,Kanshou no Matenrou,183,339400
XX:me,escape (TV Size),206,805539
Haruna Luna,Startear,134,208426
Panda Eyes,On My Own,174,504958
Takayan,Antithesis,198,1531683
sana,Packet Hero,236,404910
solfa feat. Shimotsuki Haruka,leap in your mind,105,911281
THE ORAL CIGARETTES,Amy,182,2376593
TrySail,adrenaline!!! -TV Ver-,268,604847
HoneyWorks feat. Hanon & Kotoha & Capi,Romantic Wedding,190,2277162
sakuraburst,dragonlands,200,1009637
Masayoshi Minoshima,Maple Wizen feat. nomico (2007AW Re-Mastered),140,1913536
Suzuki Konomi,DAYS of DASH,160,478496
Tamura Yukari,Fantastic future (TV Size),172,89366
cosMo@BousouP,Oceanus,196,267767
40mP feat. chano,Yuugure One Room,220,1790796
komso,Eien no Shunmu,156,1664347
GALNERYUS,THE END OF THE LINE,184,2109307
Blind Guardian,Mirror Mirror,178,1810228
lasah,GHOST OF LORELEY,180,486177
Halozy feat. Nanahira,Monosugoi Ikioi de Keine ga Monosugoi Uta,180,2346142
Hommarju feat. Latte,masterpiece (Cut Ver.),180,2092449
Juice WRLD,Righteous,71.5,1253361
supercell,My Dearest,168,2052232
Suzuki Konomi,Blow out,192,617203
Ito Kanako,Fatima,179,1943137
Alex Mercer Mashups,SpiceTrousle,150,383266
nonoc,Believe in you (TV Size),92,1378618
Suzuki Minori,Dame wa Dame (TV Size),182,2480442
Hatsune Miku,Sabamiso!,185,37705
Nakanoke no Itsutsugo,Gotoubun no Mirai (TV Size),163,2043094
ELFENSJoN,STYX,218,1769468
XenjeS,Whispers of the Deserted,210,2524631
angela,KIZUNA,180,1809920
AZKi,Fake.Fake.Fake,255,1611987
Demetori,Kamisabita Kosenjou ~ Suwa Foughten Field,200,2320727
BotchiBoromaru,Otose Thunder,177,1807695
"Wake Up, Girls!",7 Girls War,180,169866
ZAQ,Alteration (TV Size),160,76947
Wakeshima Kanon,"World's End, Girl's Rondo (Asterisk DnB Remix)",175,2593136
"25-ji, Nightcord de. x Kagamine Len",I'm the Rain,144,2223524
Nakano Azusa(CV:Taketatsu Ayana),Joyful Todays,115,568893
Roselia,Six Trillion Years and Overnight Story,186,790312
Sirio & D-Tox,Loudness War,205,27861
Aoi Eir,Sirius (TV size ver.),176,267699
MisteryCircle,So What?,220,918900
Nijigasaki High School Idol Club,Just Believe!!!,186,2003020
Shiggy Jr.,oyasumi (Speed Up Ver.),250,1019207
BUMP OF CHICKEN,Answer,133,739192
T-ara,Sexy Love,132,63233
irohaRingo,#Kami o Kiru,160,2425515
Wolpis Kater,Kuusou Ressha,175,532596
Camellia feat. Nanahira,Kansoku Eisei,183,720294
TRUE,Blast!,179,2183843
Kawada Mami,Serment,212,1581321
Mimori Suzuko,Univer Page (TV Size),187,122233
Adagaki Aki (CV: Ohashi Ayaka) & Fujinomiya Neko (CV: Mimori Suzuko),Egao de Hadapure!,182,1631428
Breaking Benjamin,Breath,91.43,374683
yanaginagi,Hoshiboshi no Wataridori,158,482502
Ricky Montgomery,This December,140,1173192
Au5 feat. Trove,The Journey,120,1130730
SYNC.ART'S feat. Kotohge Mai,Muhen no Jiyuu o Motomete (Cut Ver.),172,1256401
Coldplay & Rihanna,Princess of China,85,131221
Wataru Sena feat. sana,Hitori Tabi,140,861626
"Norman J. Grossfeld, Russell Velazquez",Gotta Go Fast (TV Size),250,2106264
Natsume Itsuki,Hakumei ni Utsu,176,2224120
Creepy Nuts,Bling-Bang-Bang-Born,157,2175278
majiko,Koe,151,1668982
piri & tommy,on & on,174,2269519
PassCode,UNTILL THE DAWN,210,1728899
Suzuki Konomi,DAYS of DASH,160,515921
Feint,Lift,195,795409
Dragon Guardian,Tsuioku no Kuroki Makenshi,190,1330886
Zektbach,Kagachi,170,26500
a_hisa,Pastel Subliminal & Synesthesia,187,1063842
Kohinata Chiko,Hetakuso na Koi,190,2129665
"Pile, Mimori Suzuko, Nanjo Yoshino",soldier game,132,212091
Aya Hirano,Hare Hare Yukai,172,756067
Melanie Flash,One in a Million (Nightcore Mix),134.4,42460
Yuuhei Satellite,Hatenaki Kaze no Kiseki sae ~Ha~,160,1822334
modlessflash,hopeless quiet,205,2403310
Aethral,"It's Boss Time, dude",200,1724172
Ruka & Sena,Future jewel,174,1431661
Demetori,Hoshi no Utsuwa ~ Casket of Star,190,1220050
yanaginagi,Zoetrope,184,347312
KISIDA KYODAN & THE AKEBOSI ROCKETS,HIGHSCHOOL OF THE DEAD (2021 Ver.),190,1956173
bbno$ x diamond pistols,help herself (with BENEE),168,1624258
senya,Saihate no Kotoba,155,2039585
Minstrel,Killing me,200,2494196
Novelbright,The Warrior,186,1828435
yanaginagi,Muteki no Soldier,210,52221
Nayugorou,White Promise,180,1769873
HoneyWorks feat. Kotoha,Ai ni Deai Koi wa Tsuzuku (Cut Ver.),200,1430006
Aoi Eir,Yurari,178,1888926
YOASOBI,Kaibutsu (TV Size),170,1329156
Eurobeat Brony,Discord (EuroChaos Mix) ft. Odyssey,158,37994
fhana,Niji o Ametara (TV Size),123,625429
Rita & Shimotsuki Haruka,Sekigan no Tindalos,170,1712005
Sawai Miku,Colorful.,153,431917
Lala & Haruna (CV:Tomatsu Haruka & Yahagi Sayuri),Apple Panic!?,158,427372
Tatsh feat. Sariyajin,FOUR SEASONS OF LONELINESS,178,28342
Tsuzuri,NAME,183,2352347
DJ OKAWARI,Luv Letter,95,2044373
Nishikino Maki (CV: Pile),Snow halation (MAKI Mix) (Cut Ver.),173,2298744
Nakae Mitsuki,Unreal Color,176,2125035
DIRTY OLD MEN,doors,210,1049374
IU,Nae Kkumeun Patissiere (TV Size),172,923174
Wiklund,Whip the Blip,170,8299
paraoka feat. haru*nya,Rampage,154,505170
TrySail,High Free Spirits (nenpulse bootleg remix),180,555749
Mick Gordon,Rip & Tear,216,1336642
Hana,tree,182,2588665
NegaRen,A Bunch Of Samples Played Consecutively,215,480553
Yorushika,Amy,125,1048140
Yorushika,Haru (TV Size),204,2115164
Sou,Sekai o Inuite (TV Size),202,2167008
Falcom Sound Team jdk,Detoxify the Snake Venom! -Command Battle-,192,2311823
Utagumi Setsugetsuka,Maware! Setsugetsuka (TV Size),159.99,1812644
Asaka,Eternal Star (TV Size),166,881620
J'Nique Nicole,Weight of the World English Version,74,640281
-45,Kurenaikakei,165,1893565
Maroon 5,Moves Like Jagger ft. Christina Aguilera,127.98,156371
isui,Oyasumi Monochrome,138,1846282
Duca,Hajimari Kioku,185,351528
Jun Kuroda feat. Oshima Haruna,truth of me,180,2228676
ARCANA PROJECT,"Tayutae, Nanairo (TV Size)",180,1904026
"Inori Minase, Kana Hanazawa, Yuka Iguchi, Saori Hayami","Koko kara, Koko kara",175,770789
Darkney,Tonight,150,1824906
CHiCO with HoneyWorks,Otome-domo yo. (TV Size),172,1468854
Rhapsody,Unholy Warcry,180,1779623
Oumae Kumiko(CV.Kurosawa Tomoyo),Ashita e no Euphony,160,332485
Ayame to Yurika from Otome Shintou,Dekoboko Kaiketsu Sensation (TV Size),149,198146
MOMOIRO CLOVER Z,SARABA ITOSHIKI KANASHIMI TACHIYO,168,1428322
MIMI,Kuu ni Naru (feat. Hatsune Miku & KAFU),166,2580789
Bialystocks,Kotodute (TV Size),108.5,2524640
LeaF,Kyouki Ranbu (extended ver.),230,1371373
Noriko Mitose,Duel Alternatives,175,492156
"HALLO CEL feat. Ui, Kasane Teto",Teto the 31st,160,2493675
Hez-kun,Yamero,170,955056
Yousei Teikoku,Kyouki Chinden (TV Size),280,2345648
goreshit,the pain of relief (we have our vices one and all),174,1529429
SEPHID,Critical Cannonball (Extended ver.),190,1189616
F.I.R.,Wo Yao Fei,139.97,19733
Kicco,Miracle * Feel Free,150,644688
Thaehan,Never Give Up,190,1048705
Ohara Yuiko,Massugu,155,1666449
FELT,Prayer Blue,159,51145
Miku Sawai,Colorful. (AnimeVer.),153,552947
Dark PHOENiX,Shunshun Shuugetsu,194,1086990
HOYO-MiX,Thanks for Your Patronage!,167,1922929
Kurokotei,Into The Void,180,1112435
LiSA,Gurenge (TV Size),135,956590
Poppin'Party,B.O.F (Game Ver.),175,2293528
Koike Joanna,BEAUTIFUL WORLD,180,181551
Flanger Moose,Brain Implosion Energy Drink (feat. Kasane Teto),109,2136811
Camellia feat. Nanahira,Kizuitara Shunkashuutou (Cut Ver.),256,1707590
Zedd,Clarity (feat. Foxes) (kamome sano remix),182,324303
yuikonnu,Otsukimi Recital,195,307046
"Muzzy, Koven & Feint",Worth The Lie,175,1217548
P*Light feat. Yukacco,Stargazer (DJ Shimamura D&B Remix),175,926989
ClariS,Careless (TV Size),185,1540036
BABYMETAL,Arkadia,200,1585364
KOTOKO,One Small Step,160,1569847
ClariS,SHIORI -TV size mix-,176,656098
Nanakura Rin (CV: Hayami Saori) & Kitahama Eiji (CV: Okamoto Nobuhiko),Blouse,179.96,2358316
Jane Remover,Dancing with your eyes closed,152,2443421
Nana Mizuki,Angel Blossom (TV Size),176,2137372
Sybreed,Decoy,200.12,1632075
Galileo Galilei,Banana Fish no Hamabe to Kuroi Niji with Aimer,148,884552
Aglio Olio e Peperoncino,Natchatta! (TV Size),200,2242537
Azumi Takahashi feat. Lotus Juice,Full Moon Full Life -Opening Movie version-,193,2118662
Tsukuyomi,Tsuki ga Michiru,140,1867271
"Kugimiya Rie, Horie Yui & Kitamura Eri",Pre-Parade (TV-SIZE),160,740458
fhana,tiny lamp,179,599627
nano,Bull's Eye (TV Size),197,2085359
Renard + Adraen,Physicality,181,530067
Tsukuyomi,Kyuseishu,205,2026034
TAG underground,POSSESSION,185,1691083
Alya (CV: Uesaka Sumire),Ichiban Kagayaku Hoshi (TV Size),182,2208124
Tatsh,reunion <Platinum Long Version>,184,59283
"Amagami Sisters (CV: Uesaka Sumire, CV: Hondo Kaede, CV: Wakayama Shion)",Pray Pray Pray (TV Size),175,2319136
SPYAIR,Sakura Mitsutsuki,179,149144
Juice WRLD,Lucid Dreams,84,1076285
Immortal Disfigurement,Force-Fed,236,2328347
Camellia feat. Nanahira,"Energy * Drin-ko Fein-chan! (Camellia's ""MONSTERISTIC"" D. M. P. Remix)",190,883595
happy30,As the wind blows,178,1881739
"Yamazaki Haruka, Tadokoro Azusa, Machico",Kimi to no Asu o Negau kara,186,2043206
KINEMA106,THE WORLD ORIGIN,180,2015345
Lenny code fiction,Nounai (TV Size),180,1077803
iru1919,Tenko,180,840826
ClariS,Koi Sekai,170,2044239
Masayoshi Minoshima feat. nomico,Dream War,138,2103125
KOTOKO,Floating up,147,968650
KOTOKO,Wing my Way (Game Ver.),118.04,2371021
Sally,Yubikiri,148,1329620
yuikonnu,Kakushigoto,200,504245
Oguri Cap (CV: Tomoyo Takayanagi),BRIGHTEST HEART,143,2404184
Touyama Nao,Happy Crescent,162,26966
Ruth B.,Dandelions (Sped Up Ver.),97.5,1925461
Imperial Circus Dead Decadence,Uta,205,1112662
LiSA,oath sign,152,531561
Minase Inori,Songs Compilation,190,957074
AAAA feat. mami,"save your tears, save your dreams",178,2367992
Hoshimachi Suisei,GHOST,182,1432314
yanaginagi,Outsider,190,1616670
Within Temptation,Paradise (What About Us?) ft. Tarja,135,496174
Milky Bunny,I Wish (TV Size),162,48449
TEARS OF TRAGEDY,Spring Memory,190,1339896
Diao Ye Zong feat. nayuta,Tori yo,120,1035145
Ray,Kimi to Ita Sora,161,445879
Rin,Daishibyo set 14 ~ Sado no Futatsuiwa,128,751779
Seth Everman,"how to create the weeknd's ""blinding lights""",171,1226588
Mrs. GREEN APPLE,On My MiND,187,1792358
9-tie,Naked Blue (TV Size),119,1630206
Ceui,Mi-fa-sol-la-si de Kiss Shiyou,175,2271801
Orla Gartland,Lonely People (Raise Spirit Remix),174,1457034
bilbordy,risuyu krov'yu,175,1780595
Tune Up! vs. ItaloBrothers,Colours of the Rainbow (Nightcore Mix),175,208123
OxT,UNION,178,2081316
senya,Terasareru kurai no Shiawase,160,747507
dc0re,in my restless dreams,180,2430395
kamome sano,starlights feat. TEA,174,525840
Ahomushi,Koko wa Doko (TV Size),186,1049704
Fleet Snowfluff,A Small Miracle,180,2519804
ONE III NOTES,Shadow and Truth (TV Size),121,1437421
SawanoHiroyuki[nZk]:Yuuri,Till I,77,1397913
Kicco,Amazing sky,150,2000770
Sawai Miku,Colorful.,153,2137377
yanaginagi,Yukitoki (TV Size),165,120029
Straylight,Wandering Dream Chaser,178,1016079
Masayoshi Minoshima feat. misato,Necro Fantasia (Eunomia Ver.),175,2444840
Kitamura Eri,Be Starters!,168,38566
Votch feat. Mitani Nana,Little*Summer Party,170,2361582
Kenshi Yonezu,KICK BACK (TV Size),204,1864346
Mitsuki Kotono,Fuyu ni Saku Hana,170,1262077
SoraMafuUraSaka,role-playing game,162,833454
Aoi Eir,IGNITE (TV Size),171,2145273
Jason Chen x Megan Nicole,La La La,125,248786
Denkishiki Karen Ongaku Shuudan,Raison d'etre,180,2271306
DIALOGUE+,Omoide Shiritori (TV Size),172,1515089
24K,SUPERFLY,96.5,558362
DJ Mbon Mbon,Dj Salting (Cut Ver.),130,1671014
Ayase Rie,Yuima-ru * World,180,1151399
ALiCE'S EMOTiON,Foughten Field,170,366643
Renard,Smoke Tower,205,135596
Usa,Shining/STREAM,155,67444
Foreground Eclipse,I Bet You'll Forget That Even If You Noticed That,195,146805
Chiya (CV: Satou Satomi),Kanbi Collaboration,175,2253557
Kotone,Kagome,196,2199809
ONGEKI SHOOTERS,Jump!! Jump!! Jump!! (Full Ver.),183,2189360
Kicco,Kokoro... Hare,135,1124194
Tamiyasu Tomoe,Dakko Shite Gyu!,176,20748
Banshi,Kotonoha,188,415003
HOME MADE KAZOKU,Thank You!! (TV Size),112.2,913665
Doma Umaru (CV: Tanaka Aimi),Kakushinteki*Metamaruphose! (TV Size),278,2234494
Rib,Yonjuunana,172,395657
mary,Henceforth,158,1240877
Who-ya Extended,CRY OUT CRY OVER (TV SIZE),190,2397786
Katy Perry,E.T. (Cut Ver.),150,1060234
Kawada Mami,Songs Compilation,128,622577
DAISHI DANCE,Take me hand feat. Cecile Corbel,128,1159464
Fuki,Habitable Planet,181,1749129
Psycho Teddy,Psycho Teddy,137,27901
Tomato n' Pine,Nanairo*Namida,127,1929582
Yonekura Chihiro,Be braver!,170,1160240
Mitsukasa Ayase (CV: Sawasawa Sawa),PERFECT GIRL (Short Ver.),136,1583401
u's,HEART to HEART! (Game Ver.),194,2463211
Iguchi Yuka,Grow Slowly (TV Size),165,91504
Swagberg,Pony Swag (feat. Maros),120,42513
The Collectors,Aku no Tenshi to Seigi no Akuma (TV Size),158,1827806
Touka Inori,Romantic wo Kanaete,174,2436661
THE ORAL CIGARETTES,The Given,82,1171165
Himeko Katagiri,neko nipples,175,1921996
Elephante feat. Jessica Jarrell,Hold (Candyland Remix),104,991368
Nothing But Thieves,Painkiller,175,906330
Yorushika,Haru (TV Size),204,2115293
Nishino Kana,Darling (Cut Ver.),160,1211962
Aoi Eir,INNOCENCE (TV Size),183,2148213
TUMENECO VS. GET IN THE RING,Yumeuta - Tokubetsu na Futari no Uta,200,2131713
Daisy x Daisy,Tousou,200,1469017
senya,Sokubaku Anemonation,150,2210397
paraoka feat. haru*nya,Manimani,185,714808
Aiobahn +81 feat. Nanahira & Pmarusama.,Ten Ten Tengoku Jigokugoku,140,2389740
Inori Minase,Aimaimoko,133,1947713
bradbreeck,Lucky Me Song - Feat. Courtney Fortune,174,496827
DevilishP feat. GUMI,Omoide Kakera,200,1715004
Akiyama Uni,Ten'imuhou,180,471440
Zachz Winner,doodle (Gara Guide Remix),174,2267040
Nonono Nono,Shukufuku,170,2303820
Mental Cruelty,A Tale Of Salt And Light,240,2523130
Kisida,Hartmann no Youkai Shoujo,196,1187243
MY FIRST STORY,Itsuwari NEUROSE,188,2358110
Iguchi Yuka,RE-ILLUSION (TV Size),193,1945633
F-777,Deadlocked,135,630264
CustomiZ,COOLEST,188,764386
Lime,Pixel Princess,188,2129838
senya,Akatsuki no Suiheisen ni,181,242360
Suzuki Konomi,Utaeba Soko ni Kimi ga Iru kara (TV Size),175,752950
PSY vs. Perfume,A Gangnam Style Hurly Burly,132,59000
Zedd,Find You (feat. Matthew Koma & Miriam Bryant),128,166601
Feint,Times Like These (Fracture Design Remix),172,82635
Chase & Status feat. Plan B,End Credits,175,1462698
"Nekota Tsuna, Shiranami Ramune, Komori Met, Kaga Nazuna, Kurumi Noah",Stella,197,2275073
Sangatsu no Phantasia,Collage,138,853833
Yorushika,Matasaburo,200,1485959
Train,Drive By,122,68040
Ariabl'eyeS,Shiroki Rakuen no Lirica,100,1605022
STEREO DIVE FOUNDATION,PEACEKEEPER (TV Size),200,2165456
Sayuri,BLOOD ON BLOOD,160,30954
Tommy heavenly6,monochrome rainbow,137,161657
Demetori,Youyou Bakko ~ Who done it!!!,182,2454530
Denkishiki Karen Ongaku Shuudan,gemini,190,182815
Camellia feat. Nanahira,Tsukitourou,191,627593
Ribonnu,-ERROR,200,628446
Aitsuki Nakuru,Dramatic Star,188,925973
Kanye West,POWER,154,1456297
sweet ARMS,Date in Utopia,196,1304889
Kitty-tama,Natsu Oto Kimi to (Short Ver.),174,2393828
PassCode,Taking you out,220,1454862
ShinRa-Bansho,Tsuki ni Murakumo Hana ni Kaze ShinRa-Bansho Ver,180,1069380
Coalamode.,Nanairo Symphony -TV Size-,155,268431
Kuroha Neko (CV: Taneda Risa),Sassou Toujou! Neko-san,156,1222043
After the Rain,Zettai yoiko no etc,182,757291
Ado,RuLe (Cut Ver.),132,2574142
Ricky Montgomery,This December,140,966568
iMarine (CV: Uchida Aya),DEEP BLUE SONG,187,1340565
Nanahira,Viva Happy,148,672621
Zebrahead,All For None And None For All,200,582254
"-LostFairy- feat. Katakiri Rekka, Rita",Alchymia ~Kiseki no Ishi~,222,2287719
Mrs. GREEN APPLE,Inferno (TV Size),185,2449330
ZAQ,Katararezu Tomo,190,373142
Origami Angel,666 Flags,107.5,1396650
LiSA,ONLY=/=LONELY,104,934611
Luck Ganriki feat. Kino Nei,Kina no Kaori ~Ai no Shiren!~,173,1300086
Silver Forest,Kero (9) Destiny,86,8523
Tsuzuri,NAME,183,2197839
Melanie Martinez,Pity Party,138,418258
shuzeios,intro,193,2522607
Lady Gaga,The Edge Of Glory,128,2301256
Lime,Chronomia,227,2290019
MADEVIL,LEZHAT' + SOSAT',145,777949
Chitose Sara,Merry Merry Go Round,185,1664204
Yuyoyuppe,Hidamari no Uta,136,831242
machi feat. Kasane Teto SV,past for present.,200,2429084
Himeringo,Ringo Uri no Utakata Shoujo,225.2,2244147
Perfume,TOKIMEKI LIGHTS,135,905269
BUD VIRGIN LOGIC,x Senritsu -Schlehit Melodie-,190,1569807
Kenichi Asai,Mad Surfer (TV Size),132,1365891
Rameses B,Mountains (Ft. Veela),175,303129
Marmalade butcher,Amanita,194,1473778
Duca,Tsuki no Kanata de Aimashou,183,986799
REOL,Kamisama ni Natta Hi,97,623748
-45,Airen no Ningyou (old),166.16,2244511
Rita,it's just a farewell,204,1836909
mary,Alice in Reitouko,176,1282289
MOB CHOIR,1 (TV Size),168,1824341
LeaF,Calamity Fortune (extended ver.),200,1626172
Vaundy,CHAINSAW BLOOD,147,1864555
Mindless Self Indulgence,Never Wanted To Dance,183,830569
RADIO TAPOK,Durak i Molniya,176,1982473
Yousei Teikoku,Kuusou Mesorogiwi (TV Size),230,38459
syudou,Gambling,196,2028625
Yousei Teikoku,filament (TV Size),85,43560
C-Show,On the FM,200,1348425
FN2 feat. Hanatan,KIRISAME MAGIC (DJ katsu CLUB EDIT),150,2084590
VINXIS,Sidetracked Day (Short Ver.),188,767600
nanobii,rainbow road,170,375073
Rin'ca,Kimi ga Hohoemu kara,147,1915289
ILLENIUM,Eyes Wide Shut (with Avril Lavigne & Travis Barker) (Cut Ver.),180,2323502
Rche,Todestrieb,185,968678
YOASOBI,Yuusha,208,2164734
NJK Record feat. 3L,Endless night,148,2394826
Various Artists,Kagerou Compilation,202,744238
Megpoid GUMI,Shinkaron -code:variant-,195,29445
ALiCE'S EMOTiON,Voice,165,31904
Ito Kashitaro,Parabola ~Galileo's Dream~,142,530704
"Iguchi Yuka, Asumi Kana, Hikasa Yoko, Ogura Yui",Natsuiro Present (TV Size),135,929040
Hoshimi Production,Shine Purity ~Kagayaki no Jundo~,176,1867707
ASCA,Rin (TV Size),163,2121129
Kajiura Yuki,"run, run, runaway",170,854508
Utsu-P,TRAUMATIC,240,499478
LiSA,EGOiSTiC SHOOTER (Cut Ver.),202,1668586
SIX LOUNGE,Without any words (TV Size),181,2266195
Unknown Brain & Laura Brehm,Circles,174,945060
yuchaP feat. Matsushita,Poker Face,184,1097446
Iguchi Yuka,HELLO to DREAM (TV Size),160,1035447
UVERworld,ODD FUTURE (short ver.),128,761533
Apink,LUV,104,305371
ROUND TABLE feat. Nino,Puzzle (TV Size),166,19228
Aimer,Spica,115,496705
Ouse Akira,Sacrifice,210,1877093
Nekomata Master+,Kung-fu Empire,177,1363675
Noboru feat. Hatsune Miku,Shiroi Yuki no Princess wa -Re:incarnation-,190,2256515
Toby Fox,Rude Buster,140,881601
zts,goldenslaughterer,133,2342302
Galileo Galilei,Banana Fish no Hamabe to Kuroi Niji with Aimer,148,1363146
Tokyo 7th Sisters,Make our sound,186,1918241
Krewella,Come & Get It,174,1160167
SawanoHiroyuki[nZk]:Jean-Ken Johnny & TAKUMA,PROVANT (TV Size),103,2499856
Aoi Eir,Esoragoto (TV Size),200,2534316
Jin ft. MARiA from GARNiDELiA,daze,198,165743
Nana Mizuki,Innocent Starter LIVE,132,2408
Qverktett:||,OVERLAPPERS,146,222253
DragonForce,Symphony of the Night,177,2313744
Horie Yui,The World's End,240,494922
Koji Kondo,Bonus-men BGM / Bonus-men Clear Fanfare,159.01,2109345
Yuuyu feat. Hatsune Miku,Clover Club,150,2398395
Sawai Miku,Colorful. (Asterisk DnB Remix),175,1567488
Hanatan,Omoide Kakera,200,2155148
Hanasaka Yui(CV: M.A.O),Harumachi Clover,142,594207
Ouse Akira,Sacrifice (Short Ver.),210,1560037
Rita,Crimson Calling arrange ver.,180,1424602
Nanawo Akari,One Room Sugar Life (TV Size),180,813454
TRUE,Soundscape (TV Size),186,745415
Shakira,Can't Remember to Forget You feat. Rihanna,138,1326967
MYTH & ROID,Paradisus-Paradoxum (TV Size),201,2192732
Dark PHOENiX,Taketori Hishou,192,1893810
Saki Cast,Netsuretsu Kangei Wonderland (TV size),180,7799
The Flashbulb,Chik Habit,210,1453481
Forts,Against the Tide,144,2383952
"Fear, and Loathing in Las Vegas",Chase the Light! <TV size>,186,327016
Pegboard Nerds,We Are One (Original Vocal Mix),110,605745
Otonose Kanade,GREATEST,182,2407904
Foreground Eclipse,"Dear, Are You Getting Sober",182,1431969
Miki Sayaka (CV: Kitamura Eri) / Sakura Kyoko (CV: Nonaka Ai),and I'm home,125,1810611
Shiyui,Mercury,190,2149020
Eiko Shimamiya,Higurashi no Naku Koro ni,105,333543
UNISON SQUARE GARDEN,Nonfiction Compass (TV Size),184,1087480
Kana Nishino,Style (TV Size),113,10885
Veil Of Maya,Mikasa,220,1423969
the peggies,Kimi no Sei (TV Size),174,2126831
Scott Brown,Go Berzerk,172,1596950
Yorushika,Odorouze,190,2506122
Inori Minase,Aimaimoko (TV Size),133,1678075
Ogura Yui,Tomodachi Pink,180,41781
T.M.Revolution,RAIMEI (Thunderbolt Fantasy Tourikenyuuki OP ver.),180,607392
Mili,Mortal With You (TV Size),184,1802470
Marshmello x Jonas Brothers,Leave Before You Love Me,120,1669129
amazarashi,Sora ni Utaeba -TV edit.-,204,638701
xi,Ascension to Heaven,200,34348
Iyowa feat. Adachi Rei,Heat abnormal,183,2058976
Petit Rabbit's,Tenkuu Cafeteria,154,1321688
System Of A Down,Vicinity Of Obscenity,114,1841169
Yoshimoto Ojisan feat. Ui,Still Waiting for Your Reply... Ojisan Style Text! (Cut Ver.),225,2393687
Sengoku Nadeko (CV: Hanazawa Kana),Ren'ai Circulation (TV Size),120,2278341
Goose house,Hikaru nara -TV size-,160,477474
Hanabasami Kyo,Namae no Nai Kaibutsu,180,1114154
kors k,smooooch,177,64535
HUMBREADERS,Ginga Kousoku,198,2138433
Mason Lieberman,The Real Folk Blues,172,1689627
NateWantsToBattle,Silhouette,183,1495961
CANDYGIRL,Uh-Oh,184,1656562
Iguchi Yuka,Lostorage (TV-size),189,510931
Kano,glow,170,1326497
Shika-bu,Shikairo Days (TV Size),183,2208067
Ceui,Kaze no Naka no Primrose (TV Size),113,2346262
Yousei Teikoku,Deep Sea,175,109554
cYsmix,Behind the Walls,128,791798
WAGAMAMA RAKIA,SURVIVE,220,1897519
i*Ris,Re:Call (TV Size),170,1568907
Noriko Mitose,Duel Alternatives,175,467803
Nanawo Akari,Higher's High (TV Size),199,1282839
Police Piccadilly feat. KAFU,Furachi na Kassai,158,1493511
BAND-MAID,CROSS (Cut Ver.),190,1162273
Memme,Chinese Restaurant,175,256467
Euchaeta,Kokoro,138,728885
Ariabl'eyeS,Arcadia,200,1407447
KiRaRe,"Don't think,Smile!!",173,1114236
Riryka,Hashiru Sekai to Bokura no Mirai (Short Ver.),150,75697
Daniel Ingram,My Little Pony Theme Song (TV Size),222,2023829
Nanamori-chu * Goraku-bu,My Pace de Ikimashou (TV Size),190,36333
DVRST,I Hate You I Love You,174,1882223
Kinoshita Ringo (CV: Tamura Yukari) & Nakazawa Minori (CV: Hanazawa Kana),Mogitate <3 Fruit Girls (TV Size),175,2049818
Sound Souler,Absent Color,192,1093465
Ata,Euphoria,190,890438
Nakajima Megumi,Saturday Night Question,155,2049326
GARNiDELiA,Yakusoku -Promise code- (TV Size),198,1996023
Shimotsuki Haruka,Star Map (short ver),190,423647
Vena Cava,Ohana,188,348279
YUC'e,POISON -KO3 Remix-,170,967021
PUP,Full Blown Meltdown,220,1171188
KOTOKO,unfinished (TV Size),146,50032
Eve,Kaikai Kitan,185,1273536
BlackYooh vs. siromaru,"Infinite Strife,",198,1801589
Eve,As You Like It,143,841277
Suzumiya Haruhi (CV: Aya Hirano),God knows...,150,2285116
Lia,Bravely You,150,350161
Masuda Junichi,Kessen! N,190,1084585
"Morishita Chisaki, Tanaka Minami, Kito Akari, Kurose Yuuko",Hitoribocchi no Monologue (TV Size),256,952742
SiLiS,hopeful hyle,200,2352047
kessoku band,Songs Compilation,190,2046604
A-One feat. Kanipan.,"Endless, Sleepless Night",165,1050772
Ella Eyre,Good Times,175,693432
Kendrick Lamar,HUMBLE.,150,1560870
dBu music,Fuujin Shoujo ~ the Article by Crow (Cut Ver.),155,1842664
senya,Musou no Hana,160,1376085
Nakamura Meiko,Dispel,200,1597607
Konamilk,Yume Tourou,178.1,720433
maki ligon,Among Us / Eurobeat Remix,157,1381340
Nakae Mitsuki,Koiiro no Hanasaku Koro,168,123694
GRe4N BOYZ,ANGEL & DEVIL (TV Size),188,2350612
emon,shake it!,130,215819
Chino (CV: Inori Minase),FUN!FUN!,163,1452948
Natsume Chiaki,Hikarakuyo,158,113813
HoneyWorks meets mafumafu,Suki to Suki no Houteishiki,170,576371
Karaage Sisters,1 - 2 - 3 (TV Size),183,1345265
Koji Kondo,Goal & Score,161,2114671
Sim Gretina,Crystal Fair (Remix),126,76649
Gakuen Seikatsu Bu,Friend Shitai,148,336822
marshmello,WaNt U 2 (Original Mix),142,597152
THREE LIGHTS DOWN KINGS,NEVER SAY NEVER (TV Size),194,948159
CROW'SCLAW,Ketsubetsu (JOYH-TV Rmx),196.17,2178902
AiNA THE END,On The Way,186,2398271
Nanawo Akari,One Room Sugar Life,180,818245
siinamota feat. Kagamine Rin,Shoujo A,260,2181869
Suzumu,isolation(Instrumental Opening),170,357391
BAND-MAID,Sense (TV Size),205,1819124
Rokudenashi,Tada Koe Hitotsu,130,1738898
Unknown Artist,Spelunker,151,726743
celas,Azul (Remix),195,40273
HoneyWorks,Watashi no Tenshi feat. Narumi Sena (CV: Amamiya Sora),168,1652465
AliA,Kakurenbo,180,1666745
3L,Be Happy*,158,51247
yanaginagi,here and there,136,681885
wotoha,O108ROCKET (feat. Neko Hacker),200,2289949
NIGHTMARE,the WORLD (TV Size),190,1786447
Ohara Yuiko,Only (TV Size),150,1353578
FELT,Lies in Reality,204,778002
"25-ji, Nightcord de. x KAITO",Heat abnormal,183,2198644
Lon,Yuru Fuwa Jukai Girl,216,49686
capitaro,Karen Aikyou Hanasaka gumi,140,324320
Yasuda Rei,blooming,173,937782
EMIRI,Self-Destructive Girl feat. Hatsune Miku (Cut Ver.),160,2436285
Coldplay,Paradise,140,59619
Lime,Campanella,227,2373989
IZNA,Revelations,166,1543800
Marino,hideaway,118,2478287
THE ORAL CIGARETTES,Kyouran Hey Kids!!,142,372510
Howan (CV: Hikaru Tono),Goodbye Thank You!,178,2443995
J. Pachelbel,Canon (Cranky Remix),176,847812
100 gecs,stupid horse,168,1118839
Natsukawa Shiina,"Fuwari, Korori, Karan, Koron (TV Size)",139,779594
ClariS,Colorful,178,134008
CIDER GIRL,Cinderella,130,1719578
Nico Nico Chorus,Rolling Girl (Band Arrangement),195,35023
IOSYS,Neko Miko Reimu,160,9264
Amatsuki,Kimi no Shiranai Monogatari,165,1449200
Yousei Teikoku,call my name,200,1837052
NOMA,LOUDER MACHINE,180,483606
ArXe,Locus Amoenus (feat. Megurine Luka),165,2412292
Muzzy,Lost Forever,175,600276
Atarayo,"""Boku wa..."" (TV Size)",180,2116077
MADKID,RISE (TV Size),165,910748
inabakumori,Tokoshizume,187,1777533
LEAF XCEED Music Division,Fur Elisa,185,1131805
MY FIRST STORY,WINNER,170,929581
IA,Six Trillion Years and Overnight Story,186,50258
KEiNA,Karen Setsugetsuka,180,1920560
Hanasaka Yui (CV: M.A.O),Aozora Morning Glory (TV Size),138,2211402
tn-shi,the wind's final wish,190,2497837
SHK,Flight of the Bumblebee (RST Classic),175,2502741
Yellow Zebra,Tsuki no Ritsudou ~ Rhythm of the moon~,146,53928
RiraN feat. core mc,Take The Long Way Home,150,1007743
Lia,Saya's Song Remix,184,144609
Ito Kanako,Sky of Twilight,216,2498415
Infected Mushroom,Guitarmass (Cut Ver.),145,947022
Kayano Ai,Oracion(TV-Size),166,192824
Given,Fuyu no Hanashi,135,1188198
MDK,Fingerbang,112,559525
JENNY ROM vs ZIPPERS,WAKA LAKA (E=MC2 Mix),170,14638
Vivid Lila feat. Tsukino,Rainy dot Rainy,192,2253858
a_hisaxChicking,The Navigator's Hope,140,439225
THE ORAL CIGARETTES,Miss Tail,180,1022426
DragonForce,Midnight Madness,200,1136535
"Team ""Hanayamata""",Hana wa Odore ya Irohaniho,160,304979
Minato Aqua,#Aquairo Palette,156,1244542
MIYAVI,Running In My Head,198,2263891
Kalafina,Oblivious,125,114188
Yousei Teikoku,Shinteki Souzou,298,985170
DJ Ashworth,A Meow Mix (Electronic Dance Version),128,309583
Shounen Radio,neu,198.48,58422
Kicco,Akari no Arika,226,1145366
Loki,Interlude,175,1091243
senya,Shissou Suru Kanashimi no Naka de,155,347460
Alestorm,Shipwrecked,210,1850895
Akari Kito,Yume no Ito (TV Size),196,2120394
Static-X,Skinnyman,183,2052208
Sharlo,Hatsukoi no Ehon,190,332887
TOGENASHI TOGEARI,No one,185,2343116
Hoshimachi Suisei,GHOST,182,1448081
Ogura Yui,Honey Come!! (TV size),184,360628
HoneyWorks,"Daikirai na Hazu Datta. feat. Hanae Natsuki, Asakura Momo",170,1598592
Gorillaz,Feel Good Inc.,138.52,2303565
sakuzyo feat. Hatsune Miku,ChaiN De/structioN,180,49071
AAAA + yadrigg,"Sakase Natsuzora, Koi no Hana.",170,536572
Ai Higuchi,Akuma no Ko (TV Size),90,1670886
NAOKI,CARPE DIEM,210,2478893
sana,Songs Compilation,170,516126
nano,Gloria,190,1661880
DAOKO x Kenshi Yonezu,Uchiage Hanabi,96,654500
ano,Happy Lucky Chappy (TV Size),128,2393021
SCREEN mode,ROUGH DIAMONDS (TV Size),190,1244230
Camellia,Diastrophism,228,923095
cast heal,fragments,180,2183856
kessoku band,Karakara,190,1917319
BUTAOTOME,Futari Dake no Kotoba,170,962568
Horie Shota feat. Natsume Itsuki,Tenki Ame no Tabi,210,2322215
Marika,knowing,140,677700
solfa feat. Chata,Colorful precious life,180,1640724
Hiroyuki Sawano feat. Mika Kobayashi,Before My Body Is Dry (tomatomerde remix),174,310717
Earth Star Dream,Yumeiro Toridori Parade,138,710261
Isekai Joucho,Kyoukankaku Obake,184,1141909
Creepy Nuts,Otonoke,170,2260908
Takagi-san (CV: Rie Takahashi),Chiisana Koi no Uta,205,751065
Aoi a.k.a. ALFOU,Fluctuate (2020 Remaster),195,1248102
Marmalade butcher,Y/M/K/M,190,2275714
Rib,Akaito,170,416792
Bring Me The Horizon,Kingslayer (feat. BABYMETAL),185,2118867
Blind Stare,Shotgun Symphony,181,1831346
Da-iCE,Story (TV Size),192,2222624
Fujikawa Chiai,Atashi ga Tonari ni Iru Uchi ni (TV Size),91,958066
Nanahira & *namirin,Egao ni Naru,168,781710
TWINTALES,Runaway Girl (feat. Hatsune Miku),190,2075453
senya,Opposite World,121,552002
Renard,Intensive Care Unit (feat. FIAB),200.1,444699
you feat. nayuta,Let's Jump! (2019 Reworks),170,2125961
Tsukiyama Sae,Hana Saku Iro wa Koi no Gotoshi,200,744883
An,Saigo,200,517783
Sadohara Kaori,Day to Story (TV Size),180,699745
Linked Horizon,Guren no Yumiya (TV Size),180.68,937783
Camellia,Light it up,175,514601
goreshit,semantic compositions on death and its meaning,171,90930
Hitotsuyanagi-tai,GROWING*,190,1945009
StelLive,STAR TRAIL,188,2551413
Sakuragawa Megu,Love Synchronicity,192,1015511
Red Velvet,Ice Cream Cake,86,494284
Ryu*,Mind Mapping (kors k mix),183,47199
Kido Ibuki & Yamazaki Erii,pupa,240,160372
Halo at Yojohan,Naraku (TV Size),180,2316321
Dan Salvato,Doki Doki Literature Club!,110,716326
Celldweller,Lost In Time,105,1068163
Kardashev,Cellar of Ghosts,210,2046040
Ata,Euphoria,190,2420690
Kozato,Tsuki -Yue-,150,101123
JOYLESS,Bristol,196,1728251
madk1d,tak po***,80,2368940
Waterflame,Final Battle,145,358679
(K)NoW_NAME,STILL STANDING (TV Size),200,1661933
Lady Antebellum,Compass,100,667741
YUZUKINGDOM,Roskill Lavender,200,1410727
BTS,Dionysus,176,971842
Maeshima Ami,Fly Again!!,190,2545725
senya,Kanjou Chemistry (Drum 'n' Bass Remix),174,2084917
PSY,That That (prod. & feat. SUGA of BTS),130,1799665
Strangers feat. Myles Travitz,Frightmare,128,204319
Kagura Mea,Dadadada Tenshi (Cut Ver.),180,1219143
Akatsuki Records,Treasure Cirno,185,903876
Nishino Kana,Darling,160,1052774
Vivy (CV: Yagi Kairi),Sing My Pleasure,175,1470500
merry-san,Koisuru Neko wa Kujikenai!,192,1125675
Suni Clay,In A Hood Near You,100,2014843
seatrus,Melty Lover,173,2192587
Kazuma Kiryu (CV: Takaya Kuroda),Baka Mitai (Game Ver.),74,2492756
Dictate,Militant,172,785677
Hatsune Miku,Baby Baby Sayonara,135,28482
Origami Angel,The Title Track,190,1396156
Ke$ha,Tik Tok (Rom.C Remix),131,16220
Colorful Sounds Port,Fuujin Raijin,142,667790
nano,Bull's eye,197,384588
Fujifabric,Golden Time (TV Size),180,1070901
Higashi - no - Seizon Penguin,Gensou Propaganda,175,323289
UNISON SQUARE GARDEN,Sugar Song to Bitter Step,132,302787
DJ-Technetium,Poison Body ~ Forsaken Doll (MAKINA MIX),180,2102873
Gregorian,Voyage Voyage,110,24770
An,TearVid -Long mix-,195,247161
Harada Hitomi,Kyoumei no True Force,187.5,1319323
Hana,Sakura no Uta,180,1916136
Paramore,Still Into You (Cut Ver.),136,1264300
THE ORAL CIGARETTES,Kyouran Hey Kids!!,142,962050
Seina,Starlight Wonder,170,1221223
Uehara Rena,Sayonara no Koto (TV Size),120,130370
Bu Shi Hua Huo Ya,Yun Luo,130,1415032
solfa feat.Chata,hot splash!,153,380583
IOSYS,Endless Tewi-ma Park,128,2011767
In Flames,Take This Life,240,709296
staryuceleste,FOR THE COMPANY,100,2120757
Naju & Tute,Despacito (Speed Up Ver.),204.43,854750
Hinami Mei,Asu o Asare,185,1704302
Maya(CV.Minase Inori) & Erika(CV.Inami Anju),Anime o Katare! ~Animegatari Doukoukai no Thema~,185,644332
Higuchi Kaede,MARBLE,187,1189212
Suara,Fuantei na Kamisama,156,365689
Marie,worthless,180,1665052
YABUJIN,DRUGS IN HER ROOM,176.2,1963525
"Yamazaki Haruka, Tadokoro Azusa, Machico, Kouri Arisa, Minami Saki",Welcome!!,167,775016
Mizukara o Enshutsu Suru Otome no Kai,Girlish Lover (TV Size),165,148922
Lil Nas X,STAR WALKIN',142,1853381
Camellia,Compute It With Some Devilish Alcoholic Steampunk Engines,165,1280590
AliA,utopia,190,1258148
rei sirose,Hakidasu,228,2364425
Nana Mizuki,VIRGIN CODE,212,494430
Faylan,INFINITE SKY,190,1855532
FLOW,Kaze no Uta (TV Size),142,839949
RAMM ni Haiyoru Kuuko-san to Kuune-san,"Sister, Friend, Lover (TV Size)",136,92145
Barbarian On The Groove feat. Shimotsuki Haruka,Nami no Zankyou,190,1259546
Duca,Natsukoi,184,517037
Getty,Neo Bright feat. TEA,170,2222733
Cascada,Ready Or Not (Nightcore Mix),181.25,30224
"Haruka Sora, Kotorii Yuuka, Kamishiro Misaki, Kiritani Hana",Noraneko Heart,162,637579
Another Infinity feat. Mayumi Morinaga,Glitter (Starving Trancer Remix),140,149424
LiSA,Believe in ourselves (Cut Ver.),178,1455022
suzumu,Tokyo Teddy Bear,204,961941
AlleXceed Familia,Summertime Record,185,1301898
2NE1,Go Away (DJ Hikari3 Remix),131.17,30703
NegaRen,OCTOBER STARLIGHT 4EVER! SIDE A (pt. 1),228.04,2397697
RONDO,Musou Kyoku -Traeumerei-,190,2279475
Pitbull,Timber ft. Ke$ha (Speed Up Ver.),156,232451
Poppin'Party,Double Rainbow,188,819149
Gojou Kai,Ultimate Truth,160,48656
Shakira,Ojos Asi,127,1915703
tomatomerde,Brave Shine,175,590782
Ito Kanako,Side Effect,160,928648
Suzuki Konomi,CHOIR JAIL (TV Size),181,49621
Ninomiya Asuka (CV: Aoki Shiki),Kyoumei Sekai no Ontology,190,841338
goreshit,the pain of relief (we have our vices one and all),174,2219362
yanaginagi,Haru Modoki,174,305737
chano & 40mP,Kiritorisen,165,1604973
Tapimiru,Hakkensha wa Watashi,175,1841195
LiSA,Shirushi (TV Size),73,1145949
Lion,four pieces of heaven,195,2246556
Nisshoku Natsuko,Suiryuu no Rock,150,582350
"Fear, and Loathing in Las Vegas",Cast Your Shell,205,707133
Krewella x Diskord,Beggars (Consouls Remix),174,881753
polysha feat. Sennzai,Escape from the Abyss,180,2147338
Satou Satomi & Kayano Ai,Kimi ni Matsuwaru Mystery (TV Size),170,64577
"Fear, and Loathing in Las Vegas",Take Me Out!!,186,115358
Avenged Sevenfold,So Far Away,152,387617
Mori Calliope,end of a life (Holo Bass Remix),174,2047777
Vivid Lila feat. Tsukino,Sky color memory,188,1930698
Kommisar,Chipstream,151.41,104784
Hellogoodbye,Shimmy Shimmy Quarter Turn,130,3515
Asakura Kirika (CV: Akabane Kyouko),Hallelujah!,172,2095242
Matsushita,Sukisuki Zecchoushou,234,2343122
Tsukino Mito,Fuyuukan UFO,154,2159510
Hoshimi Production,Sayonara kara Hajimaru Monogatari (TV Size),178,1823978
ZUN,A Sacred Lot,149.61,828940
senya,Tsukiwa ni Megurasareta Kioku,150,1382136
otetsu feat. Megurine Luka,"Minamo no Sakura, Yume wa Sakayume",200,2494219
Syrufit feat. Mei Ayakura,Tsukikage Shoujo,136,1949019
Hashimoto Miyuki,Symphonic Love,144,1188338
Origami Angel,666 Flags,107.5,2149649
EARPHONES,Arakajime Ushinawareta Bokura no Ballad,198,810537
Maksim Mrvica,Croatian Rhapsody,96,850663
"Cartoon, Jeja",Why We Lose (feat. Coleman Trapp) (Cut Ver.),175,2501958
BEAT CRUSADERS,"TONIGHT, TONIGHT, TONIGHT (TV Size)",178,1321979
RADWIMPS,Yume Tourou,178,515069
WEAVER,Kuchizuke Diamond,164,303762
Juice WRLD,Legends,71,1191018
cosMo@bousouP,Hatsune Miku no Gekishou,200,1370608
UNDEAD CORPORATION,Sad Dream,200,1019827
kozato,Tsuki -Yue-,150,1401651
Function Phantom,Variable,170,751774
Flobots,Handlebars,142,44331
Jeff Williams,Rising (feat. Casey Lee Williams) (TV Size),171,893162
CHUU,Strawberry Rush,158,2277034
Nekomata Master feat. Shimotsuki Haruka,Element of SPADA,170,159536
Pratanallis,Braking Down,190,1508068
Ishihara Kaori,Plastic Smile,167,1450489
Arctic Monkeys,Balaclava,149.5,298913
Dance Gavin Dance,Evaporate,138,2252918
Yooh,LiFE Garden (Extended Mix),149,832538
ginkiha,Borealis,196,213068
DJ Noriken,Elektrick U-Phoria(Extended Mix),180,392682
Dragonforce,Fury Of The Storm,200,10460
KUKI,WAKACYJNE PIERDOLENIE TWOJEJ STAREJ NA BASENIE (FEARU EDIT) (CUT VER.),98,2365169
MAYBE BABY,Nya-Nya-Nya ^w^,157,1833756
Ryokuoushoku Shakai,Hazukashiika Seishunwa,185,2216592
Hinae,Harumachi Clover (TV Size),142,2346144
TRAP CHICK,Execution Clap,137,2529218
TUYU,Daemonisch,200,1445696
SUPER BEAVER,Toppakou (TV Size),207,1632720
Amatsuki,Nagareboshi,176,566821
Hatsune Miku,Vegetable Juice (Po Pi Po),150,6300
FUNKIST,ft. (TV Size),198,1976056
Mami Kawada,u/n,184,638360
Yuki Setsuna (CV: Kusunoki Tomori),Yada!,160,1578999
Harada Hitomi,Magenta Another Sky (TV Size),180,56529
Orden Ogan,The Black Heart,179,2116905
KINEMA106,Fly Away,180,397917
Yamamoto Mineko,Rinne,179,1713744
Duca,Clover,142,51515
Imy,Sylphia,200,282291
Nanamori-chu * Goraku-bu,Yuru Yurinrinrinrinrin,185,302638
Kagetora.,Reimei,185,1862286
Sayuri,Heikousen,191,583370
Minstrel,Fiction,210,1085793
shitoo,Hitotsume Ripper Satsujin Jiken,140,554144
"Satono Diamond (CV: Tachibana Hina), Kitasan Black (CV: Yano Hinaki)",Ambitious World (PV Size),180,1789487
Beyonce,Halo,80,30784
Mitsukiyo,0k@eri,80,2358482
Nomizu Iori,Black + White (TV Size),192,75509
Nakiri Ayame,Good-bye sengen,170,1470790
Marina & the Diamonds,Bubblegum Bitch,158,51691
Halozy feat. Nanahira,Monosugoi Ikioi de Keine ga Monosugoi Uta (Cut Ver.),180,2305050
Shiraishi,Shinsekai,193,24634
Ogura Yui,Dramatic!,170,2113936
xi vs. sakuzyo,STORIA,180,1532736
Three,Ego Rock long,225,1205168
Simon Safhalter,More Mistakes,188,2381147
Yanami Anna (CV: Toono Hikaru),LOVE 2000 (TV Size),170,2237930
KINEMA106,Deep Blue,140,2252533
Akiri,GALAXIA,155,2530245
Umeri,paranoia,150,2085311
Renard,Rainbow Dash Likes Girls (Stay Gay Pony Girl),220,1893701
Ninomiya Yui,Dark seeks light,185,1675133
Hatsune Miku,High School Days (DIVA edit),160,50643
Nayugorou,Usotsuki,137,839797
Tokino Sora & Roboco-san,Remote Control,165,1180248
Annabel,pedalnote,184,1801386
Yoshioka Kiyoe,DEKOBOKO (TV Size),182,1748659
Utada Hikaru,One Last Kiss,112,1565827
Duca,Mirai no Melody,164,684982
Hanazawa Kana,Mousou Express (TV Size),101,118869
nao,Dimension tripper!!!!,188.2,359479
Kaarija x Erika Vikman,Ruoska,160,2134016
Yamazaki Moe,Kataomoi no Melody o,192,2521205
Pomexgranate.,Gareki no Alice,190,2024116
Shin-Kawasaki (Kari),Voiceless Fish (TV Size),192,2200416
Tomita Miyu,Broken Sky (TV Size),182,1589186
technoplanet feat. Haruno,Kiraku na Cloudy,158,1165203
ZAQ,Seven Doors,203,657401
Amane,TWEEKER (Cut Ver.),165,2215164
Raimukun,Icyxis,222,2255665
Xyris,Beyond the Edge (feat. Hanakuma Chifuyu),205,2283874
Imperial Circus Dead Decadence,FUBUKI (Cut Ver.),195,1907725
P*Light,YELLOW SPLASH!!,185,363882
Vaundy,Omokage -self cover-,190,1752322
U2,Saigetsu (Koko & Satsuki ga Tenkomori's Sagyou Bougai Remix),180,1638844
Riyu Kosaka,LOVE <3 SHINE,177,2292472
BABYMETAL,Amore - Aoboshi -,193,2342989
Masayoshi Minoshima,Alice Maestera feat. nomico,140,1237057
Camellia,farewell to today,170,765623
Three feat. Kagamine Len,Ego Rock,225,1122938
Creo,Idolize,80,1020213
Noah,Maid to Chi no Kaichuudokei,216,1271965
tayori,Wonder,195,2242953
sana,Kotoba no Iranai Yakusoku (TV Size),170,1363395
ESTi,Smile of Sunshine,137,44321
LiSA,ANTIHERO,203,717144
Morohoshi Sumire,Masshiro (TV Size),178,1056629
sana,babyhalo,95,1639207
"Itou Miku, Waki Azumi, Komaki Miyu, Naganawa Maria, Takao Kanon",Vital*Exercise,140,993854
Marina & The Diamonds,The Outsider,147,21124
Dark PHOENiX,Hiroari Kechou o Iru Koto,214,2128728
Diao Ye Zong feat. Meramipop,Gensou Roman Kikou (is the limit.),179,736862
Memme,Acid Burst,180,302535
Alfakyun.,Shinu Toki Shineba Ii,230,1693330
Gakuen Seikatsu-bu,Sotsugyou Album (Short Ver.),135,1102344
wotoha,Digital Life Hacker,160,2440729
MY FIRST STORY,Shuuen Requiem,200,2470699
Sayuri,Tsuki to Hanataba (TV Size),175,753577
Matsumoto Sara,Ito Hakanaki Hikari no Gotoku,164,120255
you,Meteor (feat. TEA),172,1984574
tsunamix,new moon illusion,160,2124429
KOTOKO,Wing my Way,118.04,12035
U,the first the last,140,17068
HyuN,Illusion of Inflict,170,968923
xi,Garyou Tensei,200,1536540
majiko,Hibiwareta Sekai,84,829400
Poppin'Party,Ao to Natsu,185,2102638
Linkin Park,Heavy Is The Crown,128,2254712
Beach Bunny,Prom Queen,145,2470141
Aether Realm,The Magician,200,1939518
Marie,Clover Heart's -New days recording- (Game Ver.),156,1977030
Amatsuki,Nagareboshi,176,2002855
nano.RIPE,Tsugihagi Moyou (TV Size),127,1348216
HoneyWorks,Boku ga Namae o Yobu Hi feat. Mochizuki Souta (CV: Kaji Yuki),190,790977
Sakakibara Yui,Cocoro Root,140,115153
Duca,Time is,192,1531782
AKINO from bless4,MIIRO,195,257623
Iguchi Yuka,Platinum Disco (TV Size),117,45720
lino,Universe,192,1864549
Telekinesis,The Monk,174,996026
Draw the Emotional,Secret treasure,200,1790780
xi,Happy End of the World,95,129676
Pastel*Palettes,Gyu DAYS,170,920757
Keanu Bicol,her smile,205,2334689
Yuuyu,Deep Sea Girl,137,142177
cosMo@BousouP feat. Hatsune Miku,Zero kara Eien e no Choudou,180,1718717
Kagura Mea,Kimi no Shiranai Monogatari,165,2407609
Kicco,Lucky Monster,160,427413
Co shu Nie,bullet,182,1060156
Momokurotei Ichimon,Nippon Egao Hyakkei,160,1614390
Access,Hitomi no Tsubasa (TV Size),144,13163
AiM,Ashita wa Atashi no Kaze ga Fuku (TV Size),160,313982
Ushirokara Haiyoritai G,Taiyou Iwaku Moeyo Chaos (TV Size),143,47184
AKINO with bless4,EXTRA MAGIC HOUR,180,224335
Rameses B,Children,174,1214145
AKITO,Sakura Kagetsu,138,119
Mizuki Oku,Kimi no Shiranai Monogatari,165,2216594
REDALiCE,taboo tears you up,180,7224
Maduk,Ghost Assassin (feat. Veela),176,1709438
REDALiCE Feat. Ayumi Nomiya,Little Star,183,81051
fhana,Watashi no Tame no Monogatari ~My Uncompleted Story~,170,901484
ZUN,Higan Retour ~ Riverside View,155,52260
ippo.tsk,rose-tinted bitter grudge,178,2231608
THE ORAL CIGARETTES,ReI,186,982104
Ying Jiang,Jin Ye Xing Guang Shan Shan (Dong Official Remix),128,2378023
Orangestar,Kimi no Yozora Shoukaihan,185,480945
Yakushi Ruri,"Gaman Dekinai no, Iwasete!! (Game Ver.)",185,2130016
monet,Kami to Senritsu,160,728291
Nightcore,Solo Tu (Only You),164.7,12219
HOME MADE Kazoku,FREEDOM (TV Size),156,28530
Amatsuki,Higurashi Moratorium,189,94506
Pizuya's Cell feat. Meramipop,Losing your season,184,2148164
TOKOTOKO (NishizawasanP) feat. GUMI SV,Yomosugara Kimi Omou (10th Anniv.),148,2285485
Yorushika,Thoughtcrime,200,1202606
Hana,Eden's Song,162,2121119
Mia REGINA,Dear Teardrop (TV Size),118,2505994
inabakumori,Lagtrain,147,1313664
Mary Clare,Radiant,176,1629379
Hatsune Miku,KOKORO-GAME-BOX,185,17346
PUP,Free At Last,179,1133317
Ceui,"Ima, Arukidasu Kimi e.",87,422600
Faylan,Blue Blaze (TV Size),190,120008
Cascada,Last Christmas (Nightcore & Cut Ver.),162.5,2280732
defsharp,offense mechanism,172.92,1814114
True Damage,"GIANTS (feat. Becky G, Keke Palmer, SOYEON, DUCKWRTH, Thutmose)",155,1079428
Imperial Circus Dead Decadence,Gekiai No Yobigoe Ga Dekiai No Sakebigoe Wo Kurau,210,915563
DM DOKURO,The Devourer of Gods (Nonstop Mix),190,1205309
Basshunter,Ievan Polkka Trance Remix,140,10406
Sasaki Sayaka,Unravel Sky,196,2189130
Metomate,Negai,197,1818721
otetsu,Yokuatsu Sakuran Girl,165.01,195582
"Hondo Kaede, Tomita Miyu, Naganawa Maria, Seto Asami, Asai Ayaka",Dai Dai Dai Dai Daisuki na Kimi e <3 (TV Size),192,2076659
Erio o Kamattechan,os-Uchuujin(Asterisk Makina Remix),175,325301
Anamanaguchi,Blackout City,187.5,67226
Beretta Crossrain,Maximum Love Taker,176,2381802
U149,Shine In The Sky* (TV Size),170,1982460
KikuoHana,Sekaseka Gekijou,135,1626519
Lonely God,Marlboro Nights,176,1552275
ES-TRUS,Despair Refrain,195,2076527
Yumeji Ruri,The answer BLOOD ~Senketsu no Michishirube~ (Short Ver.),160,52586
rusino,Looping the Rooms feat. Hatsune Miku,162,2498335
iojjj,Deus Ex Machina,180,2289626
B Komachi,POP IN 2,176,2498602
shimo,Nico Nico Douga Ryuuseigun,182,2547225
Imperial Circus Dead Decadence,Uta,205,962562
07th Expansion,Final Answer,180,36272
Amamiya Sora,Souten no Sinfonia,190,1685361
REDALiCE,MERLIN,180,1024220
senya,Yureru Koi wa Nami no Gotoku,160,154056
osaili,Au (Gancher & Ruin Remix),175,2268589
Ari Pulkkinen,Angry Birds Original Main Theme,120,2407324
Halozy,Kanshou no Matenrou,183,350528
Muzzy,Timberwolf,175,419291
xi,Heavenly Blast (2022 Remaster),234,1987556
Sakurae Yusura(CV:Shimoda Asami) & Kitaki Renko(CV:Horie Yui),Fantastic*Schooldays,170,265409
HyuN feat. LyuU,Cross Over,200,1209029
May'n,Chase the world (TV Size),170,50988
Rita,dorchadas,120,1673436
TWICE,The Feels,120,1591030
Imy feat. Natsume Itsuki,Lies playing Truth,197,2522869
Pendulum,Propane Nightmares (Celldweller Remix),174,213098
Ni-Sokkususu,Shukusai no Elementalia,150,740672
Cranky,Rave 2 Rave,165,751896
LiSA,crossing field (TV Size),179,54416
RSP,Sakura ~Anata ni Deaete Yokatta~,160,18428
nam5,Heavenly Shake,170,20892
Annabel,Signal Graph (TV Size),167,55007
Yasuno Kiyono,Rocket Beat (TV Size),172,2361481
Kenshi Yonezu,KICK BACK,204,1954230
ReoNa,Juvenile,172,1565832
"Rie Kugimiya, Yui Horie & Eri Kitamura",Flask Ration,164,44347
back number,Takane no Hanako-san,138.02,1764659
Demetori,Youyoumu ~ The Woman Who Sold the Moon,185,1052077
TeddyLoid feat. Debra Zeer,D City Rock,134.83,23300
Primary,Kokoro no Yakusoku,75,933709
Zmey Gorynich,Morozoboy,210,2301786
Shijimi,triangle monster,135,753962
ZAQ,BRAVER,188,676865
ZAQ,Sparkling Daydream (TV Size),175,60620
Uchida Maaya,youthful beautiful (TV Size),168,1408873
Watashi (CV: Yuuki Aoi),Ganbare! Kumoko-san no Thema (TV Size),190,1345755
onoken,Cristalisia,134,950955
Cradle Of Filth,The Abhorrent,220,1627506
Linkin Park,Living Things,160,162800
The Queenstons,What You Do (Fullmix),175,801506
ume,Haruhi of The Sprite Tribe,239.08,2254005
DJ SHARPNEL,ENTANGLE NIGHT,180,2454522
IOSYS,Koi no Hyouketsu Otenba Yukemuri Cirno Onsen,188,2281545
Himawari,Slow Step -First Love Comes Again-,128,537308
Daisuke Ishiwatari feat. Mary Dale Sanchez,Childish killer,155,2031329
SHISHAMO,Nakaniwa no Shoujotachi (Cut Ver.),175,2189266
Jakarta Funk Brothers,INSOMNIA,195,1689665
THE ROLLING GIRLS,Hito ni Yasashiku,187,518359
ShinRa-Bansho,"Mugen Shitto Gekijou ""666""",170,975881
TWICE,Feel Special,129,1041786
Toto,Holy War,150,320355
NoKANY,Mujinku -Vacuum Track#ADD8E6-,203,2524947
Owl City,Fireflies,90,2080160
Neru,Lost One no Goukoku,162,83547
Roos Denayer,The Style of Evermore (Blue Marble Remix) (Cut Ver.),174,1214619
Yokomin,Yukari,187,428432
Renard + Adraen,Physicality,181,1965119
Ponchi feat. haxchi,Anemone,256,2528978
Dollscythe,Flashes (Extended),180,358350
Camellia feat. Nanahira,Kansoku Eisei,183,2173677
Shikata Akiko,Tsukiyo no Ongakukai,220,861946
Mizuki Nana,PHANTOM MINDS,150,1301407
The Veronicas,Untouched,177,2176910
Gram vs. DJ Genki,XIchedelic Nova Trinity,165,2287963
EGOIST,"Ame, Kimi o Tsurete",184,1962999
Roselia,Dear Gleam (Game Ver.),196,2217583
Chino (CV: Inori Minase),Tokimeki Poporon (Chino Ver.),170,2408757
Chitose Sara,Merry Merry Go Round (Game Ver.),185,2212665
"Fear, and Loathing in Las Vegas",Let Me Hear,184,225293
Tomoya Ohtani,HIS WORLD (Instrumental),178,76810
ABSOLUTE CASTAWAY,Sadachbia no Himitsu,85,984777
Yuyoyuppe,Palette,180,1110400
Nardis,Recall,180,1044341
Foreground Eclipse,Forget Me Not,143,843294
Liz Triangle,Messiah,167,793438
YUC'e,Sengoku HOP,110,564329
cygnus,Rengoku Mania,154,1980586
Metomate,Gaikan no Prominence,190,1536947
Aimer,Kogoesou na Kisetsu kara (TV Size),86,773247
M2U,Mare Maris,151.14,908811
KISIDA KYODAN & THE AKEBOSI ROCKETS,GATE II ~Sekai o Koete~ (TV-size),206,415910
livetune adding Fukase (from SEKAI NO OWARI),Take Your Way,134,872916
Hanatan,Gingaroku,98,1622611
Qrispy Joybox feat.mao,Colorful Minutes,152,473436
-45,Gusha no Koushin,190,2214850
LiSA,crossing field (TV Size),179,55043
Falcom Sound Team jdk feat. Sazaka Megumi,Ashita e no Kiseki -Opening Size-,184,999739
hitorie,3-pun 29-byou (TV Size),203,1438780
Nekomata Master feat. Hayashi Momoko,Rainbow after snow,179,112399
SID,V.I.P (TV Size),185,79856
Miyuna,Gamushara (TV Size),185,858503
Foreground Eclipse,From Under Cover (Caught Up In A Love Song),200,150739
nameless,3331,200,2246482
Sasaki Sayaka,Kiss no Hitotsu de,175,1187254
nao,Toaru Shoukoku no Ohimesama ga...,218,410742
Kagamine Rin,Anti-chlorobenzene,132,21844
IOSYS,Cirno's Perfect Math Class,175,5285
Hanatan,Friction,177,281749
Hashima Izumi (CV: Akasaki Chinatsu),365 Shoku Palette,178,2243665
nomico,Hoshikaze no Horoscope (TV Size),175,112166
SPYAIR,One Day (TV Size),162,1274338
DIALOGUE+,Deneb to Spica,180,1814962
Ziyoou-vachi,Kaen (TV Size),170,1863466
NOMELON NOLEMON,Midnight Reflection,180,2382583
ClariS,Careless (TV Size),185,1939365
Hiiragi Magnetite,Zako,135,2571361
B.o.B feat. Hayley Williams,Airplanes (Feint Drum and Bass Remix),178,1548941
B Komachi,POP IN 2,176,2268886
Himesaka Noa (CV: Kito Akari),Atashi Kawaii Sengen!!!,180,1605689
Aoi Eir,I will... (TV Size),176,1212080
Muzzy,Feeling Stronger (feat. Charlotte Colley) (High Maintenance Remix),175,1783013
Nightwish,Storytime,156,375760
Kouhei Amino,Gasshuku de Umizoi Seaside,170,2447223
Tsunku,Munchy Monk Circus,189,9608
Boys Town Gang,Can't Take My Eyes Off You,128.92,572508
Tsukuyomi,Noisy Rainy,132,2254451
Suzuki Konomi,Absolute Soul,188,255919
Yousei Teikoku,Fata Morgana,200,1957171
TAKA respect for J.S.B,Ubertreffen,174,49568
xi,Ascension to Heaven,200,1301360
Raimukun,Myths Orbis,210,1889095
Rhapsody,Epicus Furor / Emerald Sword,180,824494
Amatsuki,Ao to Natsu,185,2512633
ClariS,Careless,185,2176316
Camellia feat. Nanahira,You Make My Life 1UP (x127 Long Ver.),180,2537686
Yooh,Heracles,193,1659194
Masayuki Suzuki feat. Suu,GIRI GIRI (TV Size),128,1723685
Nanamori-chu * Goraku-bu,Happy Time wa Owaranai,190,935707
ClariS,reunion,135,969748
ClariS,with you,160,138238
Yuya Matsushita,Trust Me (TV Size),98,948976
Maduk,Liquicity Yearmix 2015,175.5,429411
Aqours,Deep Resonance,188,2043278
x0o0x_,Big Brother,190,1120687
ROUND TABLE featuring Nino,Yakusoku no Basho,144,109425
My Chemical Romance,I'm Not Okay (I Promise),179.89,2279701
CHiCO with HoneyWorks,Heart no Shuchou,185,1085903
Nakiri Ayame,KING,166,1415465
keyesgen,Holy Roller,188,2555973
Hanatan,Nijigen Dream Fever,180,98042
Ito Kanako,Sky of Twilight,216,1570424
Zedd,Clarity (feat. Foxes),128,1189069
ELFENSJoN,Magatsu Yami ni Utau,204,1948289
Sayuri,Tsuki to Hanataba,175,724899
KOSMONAVTOV NET,banochka s okurkami,180,2297410
Foreground Eclipse,Destruction,191,1071549
Yousei Teikoku,Kuusou Mesorogiwi,230,1260852
04 Limited Sazabys,Keep going,198,1895208
U,little my star,177,1023311
Ayane,FaV (Short Ver.),190,2002731
Usada Pekora,PEKORANDOMBRAIN!,175,1404869
Clubmasters,Stars of heaven (feat. Jenny) (Rem@x & Mattiano Italo Conecept) (Cut Ver.),140,2179103
petit milady,Himawari no Sakamichi,170,551997
Ryokuoushoku Shakai,Natsu o Ikiru,178,1249436
"Himeno Mieru, Mamimu Meh, Wao Parin",Mankai! Erionto,178,2232728
System Of A Down,Kill Rock 'n Roll,181,917698
Tanaka Hirokazu,A-TYPE,149.35,871152
"Sub Focus, Dimension",Desire (Cut Ver.),174,1411024
xi,Aragami,196,225377
Hana,Kuukirikigaku Shoujo to Shounen no Uta,182,1055510
Halcyonic Falcon X,Fallen Blood,150,211328
Sasaki Sayaka,Nagisa JUMPING!!,180,2495415
LiSA,Hi FiVE!,178,852867
Minato Aqua,#Aquairo Palette,156,2214156
Dragon Guardian,Uragiri no Yuria,195,1650951
UKRampage,Replica feat. mami,240,1769121
Mr. C.B. (CV: Amami Yurina),Yumehayate,185,2445586
Minato Aqua,"Mada, Aoi",185,1827997
Cagliostro (CV: Tange Sakura),Nanokakan Kakete Sekai o Tsukuru yori Kawaii Onnanoko Hitori Tsukutta Hou ga Ii,186,1761002
Shinsei Kamattechan,Boku no Sensou (TV Size),144,1317896
TROISANGES,Angel Lamp,162,1160457
cygnus,Shinseki Yomotsu Hirasaka Ifuyasaka Densetsu,128,1947301
Himeringo,Yuudachi no Ribbon,230,604411
Sleeping With Sirens,If You Can't Hang (Cut Ver.),192,2269051
Ayase Rie,Yuima-ru * World,180,2156669
Himeringo,Yotsuya-san ni Yoroshiku,220,1085236
yuinishio,Selfhug Biglove (TV Size),183,2255883
Shiggy Jr.,oyasumi,200,1408011
AliA,AliVe,170,1034823
OxT,UNION (TV Size),178,1991774
Akira,I Dream (Radio Mix) (Nightcore Mix),177.5,1777388
TOGENASHI TOGEARI,I'm here,190,2208014
Tamura Yukari,MERRY MERRY MERRY MENU...Ne!,180,191524
Electro.muster & WOM feat. Aoki Lapis,A Sugar Business,178,448868
Suara,Fuantei na Kamisama TV ver.,156,396096
Kikuo,Kimi wa Dekinai Ko,128,2194528
REDALiCE feat. Ayumi Nomiya,Little Star,183,730367
Shirakami Fubuki,SUPERNOVA,182,2428960
seatrus,Stargaze Station,225,1585728
"3L, mariapolo",WARNING!,164,1868998
3R2,Interlude (feat. SOOTHEMILY & Xinevsky),170,2285079
Alex Pizzuti,I Don't Wanna Go To School feat. Shibui (Nightcore Mix),167.5,1788647
Haneoka Kei,Kokuhaku,118,958656
Hanatan,Attakain Dakara,170,391701
KSUKE,Contradiction (feat. Tyler Carter) (TV Size),130,1207988
MIMI,Shijima ni Saku,176,1159718
Savage Garden,I Want You (TV Size),106.07,527051
Yorushika,"Yuunagi, Bou, Hana Madoi",220,1029921
marina,Towa yori Towa ni,200,143370
HTT,"NO, Thank You! (TV Size)",181,43204
Mizuki Nana,VIRGIN CODE,212,272679
Dio feat. Sef,Diu & Zaf,152,1692868
Suzuki Konomi,Zenbu Kimi ga Ita kara Shittanda,185,1765297
Train,50 Ways to Say Goodbye,140,92893
MY FIRST STORY,Black Rail,204,439396
Heather Sommer,talking in my sleep,158,1691743
Aqours,Mirai no Bokura wa Shitteru yo,181,679821
solfa feat. Chata,Colorful precious life,180,54782
Vaundy,Odoriko,157,1891267
NegaRen,OCTOBER STARLIGHT 4EVER! SIDE A (pt. 3),201.53,2446056
Noah,Celestial stinger,259,687129
Eru,Pure Furies ~ Whereabouts of the Heart,220,2165606
Hatsuki Yura,Shoujo to Ougonryuu no Monogatari,226,719158
Suzumu,Kakumeisei ousama densenbyou,200,307686
DC Breaks,Babylon,174,1273390
USAO,Knight Rider,200,1550327
Ceui,Have a live day,184,1109772
Toby Fox,Faint Courage (Game Over),115,2014968
Krewella,Live for the Night (Nightstep Mix),150.93,271159
Gigi D'Agostino,Bla Bla Bla,132.9,31380
Via Vallen,Sayang (Sped Up Ver.),175,719436
CHiCO with HoneyWorks,Watashi no Tenshi,168,1266749
Sakaue Nachi,Crazy Hot,162,1842375
t+pazolite,Kick-ass Kung-fu Carnival,220,186677
Yorushika,Hole In The Heart,200,1631189
Pierce The Veil,She Sings In The Morning,180,425053
BPM15Q,Go Shoot!,174,1436167
Konju (CV: Yuuki Aoi),Minasoko no Rhythm,61.33,1991013
ClariS,Colorful - Magibeat Remix,178,146474
ShadowStrike,Heart For Yearning Journey,182,1992086
kemu,Ikasama Life Game,200,59792
*namirin & ChouCho,Yasashisa no Riyuu,177,1120104
yanaginagi,Vidro Moyou,131,120513
Vektor,Tetrastructural Minds,200,361035
Krewella,Surrender The Throne,174,482317
Himeno Kotori (cv. Tamura Yukari),Koi no Hime Hime Pettanko,178,518377
Aether Realm,"The Sun, The Moon, The Star",210,2062496
Utsu-P,I thought I was an angel,200,2536500
t+pazolite,chipscape,220,27752
dj-Nate,Electrodynamics,127,550998
SycAmour,Calm Down Juliet (What A Drama Queen),212,1466264
Mikuni Shimokawa,"Sore ga, Ai deshou",100,1562235
Jamie Christopherson,The Stains of Time (Maniac Agenda Mix),200,1882949
DAZBEE,Adios,128,2353718
YAMAGEN'S DEVILELIET,EYES OF DEVILELIET,200,36988
Chihiro Yonekura,Koiseyo Otome!,220,347234
Ushirokara Haiyoritai G,Taiyou Iwaku Moeyo Chaos (TV Size),143,50050
FROZEN QUALIA,Image Liner,172,1104749
Kokuyasou,UroboroS-Infinity,170,29257
Hyadain,CHOCOBO!!,170,2381974
Poppin'Party,Melancholic,140,781033
Fall Out Boy,Headfirst Slide Into Cooperstown On A Bad Bet,120,1775363
NACHERRY,Honey Lemon (TV Size),182,2359400
Suara,Fuantei na Kamisama,156,1740003
HoneyWorks feat. sana,Aoharu Ouenka (Cut Ver.),190,2302112
Serizawa Yu,Saiaku na Hi demo Anata ga Suki. (TV Size),186,813451
Freezer feat. Kiichigo,Berry Go!!,175,1034502
NU-KO,Pochiko no Shiawase na Nichijou,192,240733
Nekomata L.E.D.Master+,Chrono Diver -PENDULUMs-,196,813683
Sally,Reikon Mythology,160,2254017
ZAQ,Minor Piece,146,2147857
FELT,Story,163,297409
nano,magenta,190,2265729
cYsmix,The Ballad of a Mindless Girl,128,792396
natori,Absolute Zero,221,2161438
Lapfox Trax feat. guilhox,Lapfoxed Forever,220,59521
u's,Wonder zone(TV Size),153,469891
HoneyWorks feat. Gero,Jakusha no Sengen,185,643153
ARForest,Lantinid,202,1250431
Noisia,Groundhog (Beat Juggle),135.33,475154
Koji Wada,re-fly,166,499976
ZAQ,OVERDRIVER (TV-size),140,207295
Inori Minase,Heart no Iro,181,1615115
Araki,Teo,185,1704681
t+pazolite,seedy try,210,1793951
Dokuro-chan (CV: Saeko Chiba),Bokusatsu Tenshi Dokuro-chan 2007 (TV Size),172,2055334
samfree,Luka Luka*Night Fever,160,933120
Release Hallucination,I.F.,220,1575103
Yousei Teikoku,Torikago [Recast 2026],172,2545919
nao,Toaru Shoukoku no Ohimesama ga...,218,1450155
Sephid,Thunderstrike 1988,190,2055535
TWICE,HO!,160,2170960
Will Stetson,ODDS&ENDS,192,753955
Sampling Masters MEGA,Rotter Tarmination,200,2099784
EPICA,Dancing In A Hurricane,188,818826
Sasaki Sayaka,Zzz,154,32527
uma vs. Morimori Atsushi,Re:End of a Dream,212,557039
Kito Akari,Tiny Light (TV Size),170,1094568
Nightwish,Escapist,144,604273
Yorushika,"Evening Calm, A Certain Day, Illusion of Flowers",220,1087943
Nitta Emi,White Eternity,178,276963
Fall Out Boy,The Phoenix,138,218851
Laur,Nostalgic Blood of the Strife,240,1257525
KAMELOT,Liar Liar (Wasteland Monarchy),170,1723165
ASIAN KUNG-FU GENERATION,Haruka Kanata,175,632128
Masashi Hamauzu,FFXIII Battle Theme,163.96,7025
Lady Gaga,Bad Romance,119,2558971
Alisa Kozhikina,Gravity - Zero,178,694185
Nekomata Master,Izanami's wail,195,2140302
Sleeping With Sirens,If You Can't Hang (Cut Ver.),192,1474728
Mitsunori Ikeda feat. Aimee B,Fallen Angel (el poco maro Remix),176,2544477
Akira Complex,Odyssey (Au5 Remix),175,341007
Tsuji Ayano,Kaze ni Naru,134.93,544724
Snail's House,Sunday,190,1679635
Jenny And The Mexicats,Labios,196,534813
VV Zsofi,Ragogumi,130,219045
Eve,Fight Song (TV Size),126,1911528
Masayoshi Minoshima,Necro Fantasia,175,89810
SID,Uso (TV Size),180,1244002
HOYO-MiX feat. Curley G,Emberfire,109,2168371
vally.exe,oyasumination,190,2348542
Mami Kawada,Wings of Courage -Sora o Koete-,160,329949
Yui Ogura,winter tale (Cut Ver.),184,2291913
Liz Triangle,moon light step,132,1174566
Tsukuyomi,Necropolis,136,2506449
Amatsuki,Nagareboshi,176,2570031
Centimillimental,Seishun no Enbu (TV Size),178,1805922
Sunny Wang,Wu Ye DJ (Hrs Club Remix),130.02,287561
DECO*27,Rabbit Hole feat. Hatsune Miku,173,2154609
"Wake Up, Girls!",Tachiagare! (TV Size),152,143916
Megpoid GUMI,Romantic Hero,190,43508
BATTEN GIRLS,Yoka Yoka Dance (TV Size),191,639494
Ishida Youko & 501st JOINT FIGHTER WING (+Shizuka),Yakusoku no Sora e ~Watashi no Ita Basho~,188,982304
Hatsuki Yura,Secret Rose Garden,130,1449452
Imy,Over the limit,195,1339074
Isekai Joucho,Hydrangea,133,1379378
Sayuri,Heikousen,191,664417
Tritonal,Anchor (Noisestorm Remix),175,287426
TAKANE NO NADESHIKO,Onnanoko wa Tsuyoi,170,2058114
senya,Renbei no Searchlight,170,491057
Petit Rabbit's with beans,Sekai ga Cafe ni Nacchatta!,158,694026
Tomohisa Sako,Kira Kira,170,560933
seatrus feat. dadaco,Diamond Dust,170,2210200
Kotoha,Yuki wa Naniiro,179,2045127
Shinigiwa Satellite feat. Meramipop,Tensei Redemption,260,985141
mimimemeMIMI,Sayonara Usotsuki (TV Size),182,808100
TWICE,What is Love?,170,762823
M-ART,Kubinashi Ooyake no Tame no Enbu,168,2196587
Ava Max,So Am I (Cut Ver.),130,1522679
League of Legends,Legends Never Die (ft. Against The Current),140,669826
KOTOKO,Wing my Way,118.04,850548
Wada Kouji,Butter-Fly,165,338542
Ryu*,KOROBUSHKA (Ryu*Remix),175,57192
MORE MORE JUMP! x Hatsune Miku,IF,135,2162419
THE ORAL CIGARETTES,Kieta Mitai,192,867742
FIELD OF VIEW,DAN DAN Kokoro Hikareteku,132.95,1648256
Uchida Maaya,-Across the line- (short size),161,116938
ave;new feat. Sakura Saori,Graceful Anomaly,164,91088
AleatoireMixes,Medley of Ytpmv,184,98707
Chitose Sara,Arcadia,178,300384
Cho Tokimeki Sendenbu,SUKI! ~CHO ver~,165,2007742
fripSide,Love with You (TV Size),171,859025
Vaundy,Hadaka no Yuusha (TV Size),163,1672282
nano.RIPE,Esoragoto (TV Size),184,49140
doriko,Romeo and Cinderella,170,92179
Amamiya Sora,Kanade ~TV size ver.~,75,176339
kors k,smooooch -Akiba Koubou mix- / Remixed by DJ Command,172,2079191
BAND-MAID,REAL EXISTENCE,185,1197228
Apocalyptica,Hall of the Mountain King,34,340399
SHK,Violet Perfume,140,1010865
yanaginagi,Owari no Sekai kara,148,270999
Rise Against,The Violence,184,1106635
TERRASPEX,AMAZING BREAK,153,571835
ZUTOMAYO,Time Left (TV Size),141,1871865
Brad Breeck,S2 Trailer Theme,160,614235
KOTOKO,Princess Bride!,155,4442
Demetori,Youyou Bakko ~ Who done it!!!,182,659749
Kardashev,Lux,200,2164402
Boom,How Do You Do (Nightcore Mix),166.81,18729
ZUN,Septette for the Dead Princess,144,348342
Kalafina,believe~TV size~,156,231734
Fujita Maiko,Hotaru,81,580596
TJ Hill,The Owl House Theme Song (TV Size),176,1757984
Ito Kanako,Amadeus,177,906108
Nijigasaki High School Idol Club,Nijiiro Passions! (TV Size),180,1275531
ONE OK ROCK,Mikansei Koukyoukyoku,195,879053
bbno$ x diamond pistols,help herself (with BENEE),168,1455907
Mewhan,Boku no Friend,162.83,576482
DragonForce,Valley of the Damned,200,67565
Children Of Bodom,"Trashed, Lost & Strungout",200,497378
ORESAMA,Hotohashiru,140,1090567
Daisy x Daisy,Towa no Kizuna feat. Another Infinity,144,50588
SAKANAMON,Fumeikakuna Seikai,198,1552743
DIALOGUE+,Easy? Hard? Shikashite Susume! (TV Size),175,2131610
SAKURA*TRICK,Sakura Sweet Kiss (TV Size),130,154914
KOTOKO,U,180,1440106
Conton Candy,Snow Drop (TV Size),186,2411139
Seatbelts feat. Yamane Mai,THE REAL FOLK BLUES,161,840047
Silent Siren,Routine,176,396745
yuikonnu,Yakimochi no Kotae -another story-,190,450533
SID,Ranbu no Melody (TV Size),192.1,75785
Ryokuoushoku Shakai,Shout Baby (TV Size),180,1173392
Iguchi Yuka,JOURNEY,171,1715988
tokiwa,Kotodama Refrain (katagiri Bootleg),200,1605822
C-Show,sideflip (tpz Despair Remix),190,804233
sabi,true DJ MAG top ranker's song Zenpen (katagiri Remix),170,1357624
suzumu feat. soraru,Zetsubousei: Hero Chiryouyaku (TV Size),205,1833202
HAARPER,DROP IT LIKE IT'S HOT! (Prod. Luga),167,2008030
Michael Jackson,Thriller,118.4,1049506
Capi,Kimi no Shiranai Monogatari,165,1765617
Ceui,Finest Sky,176,437407
Tomatsu Haruka,Q&A Recital!,182,790963
Aiobahn,Koko ni Iru (feat. rionos),126,1129013
Aoi Eir,Tsuki o Ou Mayonaka (TV Size),187,1629430
marble,Suisai Candy (TV Size),143,43058
Pastel*Palettes,Attsu Atsu Tokonatsu Love*Summer!,172,2181463
Kawazoe Tomohisa,STAND UP TO THE VICTORY (TV Size),172.7,1317757
DJ Totoriott,Chronoxia,180,1262520
Takayan,Teacher addiction,178,2004898
Tennoji Rina (CV: Tanaka Chiemi),Tele Telepathy,145,1449568
fhana,Hello!My World!!,141,657341
Eminem,Rap God,148,801483
Mami Kawada,Contrail ~Kiseki~,168,506291
USBduck,Keyboard Cat ZONE,165,23754
Momoi Haruko,Luka Luka * Night Fever,160,2528127
Official HIGE DANdism,Same Blue,184,2340741
Yasuda Rei,Passcode 4854,140,2044872
yanaginagi,point at infinity,128,561751
Megpoid GUMI,Carnival,254,28561
Vivy (CV: Yagi Kairi),Sing My Pleasure (TV Size),175,1508244
Roselia,-HEROIC ADVENT-,182,905702
Jefaischierlesgens,Clignancourt,150,255629
GOHOBI,Blouse (TV Size),178,2532661
Kotoha,Kawaikute Gomen,160,1895910
Anba,Attakain Dakara,170,276201
Saaya Mizuno,My Secret,184,1813410
Rameses B,Beside You (feat. Soundr),174,528664
SawanoHiroyuki[nZk]:Tielle & Gemie,sh0ut (TV Size),106,2192691
Shirakami Fubuki,Say! Fanfare!,170,2304882
The Ventures,Sleigh Ride,165.5,393080
Zedd,I Want You To Know (feat. Selena Gomez),130,355300
mafumafu,Manjushage,140,939484
Renard,WI-FI BRIDGE,200,39368
Akatsuki Records,Mizuiro Raindrop,176,2253507
"Nakagawa Kanon (CV: Touyama Nao), Suirenji Ruka (CV: Yamazaki Haruka)",Ringo Ribbon,176,1452150
Ohka,Nanairo Anniversary,220,233039
Nayugorou,White Promise,180,2068383
senya,Shinra-Banshou ni Furete,155,1271180
USAO,Night sky,192,396994
ALiCE'S EMOTiON,Be Back ON!,195,135778
solfa feat. Ceui,primal,185,1591723
YURiKA,Kyoumen no Nami,175,731108
Gavin G,Reach Out,170,199335
Imagine Dragons x JID,Enemy (TV Size),77,1642885
Giga,-BWW SCREAM-,180,404658
Chase and Status ft. Plan B,End Credits,175,142668
SPYAIR,RAGE OF DUST (TV Size),240,1172436
Neon Hitch,Fuck U Betta (Nightcore Mix),156,244929
xi,Ascension to Heaven,200,2142914
Konami Kukeiha Club,Aquarius,123.45,1516480
Nekomata Okayu,Wakusei Loop,170,1310761
Noah,Immortal saga - Again,205,1573324
Mutsuhiko Izumi,Chinese Snowy Dance,175,41860
Primary,Keep Changing,210,2287472
yasai.,Romeo to Cinderella,170,2402464
CHiCO with HoneyWorks,Historia,184,431625
Toshimasa,Soshite Kyou mo Koumakan no Tobira wa Hiraku,120,51558
Nanakura Rin (CV: Hayami Saori) & Kitahama Eiji (CV: Okamoto Nobuhiko),Blouse,179.96,2343709
Yunomi,Oedo Controller(feat. TORIENA)[Batsu Remix],132,469434
Tomatsu Haruka,courage (TV Size),196,2514739
Rameses B,Samurai,174,1390484
inosoo,HoYoHoYo ni Shite Ageru,160,2544222
Suzuki Konomi,This game (TV Size),147,160201
Ryokuoushoku Shakai,Hazukashiika Seishunwa,185,2227422
3OH!3,Double Vision,120,57689
AKI AKANE,Hanabira (Irus Brutalcore Breaks Remix),210,332280
nao,Dimension tripper!!!!,188,2248532
Celldweller,Weaponized,100,1119418
Powerless feat. kakichoco,Vanity,180,651712
Yuika,Suki Dakara. (feat. Ren),82.5,1610462
Tadokoro Azusa,1HOPE SNIPER,274,824132
C418,Droopy likes ricochet,94.67,41545
yutori,Speed (TV Size),193,2357619
Aviations,Dizziness Explained,210,1767295
Intervals,A Voice Within,230,569096
fhana,tiny lamp (TV-size),179,396516
Xi,Majotachi no Butoukai ~ Magus,170,43862
Universe,Glupia zaba,176,2477569
"25-ji, Night Code de.",IDSMILE,170.85,1449491
Yamazaki Moe,Kotodama Tsumugu Mirai,78,1400828
Cres,End Time,180,73474
Oshimizu Nako (CV: Toyosaki Aki),Diamond,174,1217268
ak+q,Excelsia,188,694200
Duca,Answer,183,1729772
L'Antica,Shinography (L'Antica Ver.),172,1496040
Feryquitous feat. Natsume Itsuki,Happy Enforcer,200,1610984
Nanako,Who floats,180,74255
Sasaki Sayaka,Connect,175,2167798
Luis Fonsi,Despacito ft. Daddy Yankee,89,665562
Ariabl'eyeS,Raison d'etre,185,2383896
Iguchi Yuka,over and over (TV Size),170,1266199
Okui Masami,TREASURE BOX,162,319822
KanoeRana,Tsuki to Hoshizora (TV Size),97.5,1381171
Jack Stauber,Buttercup,120,1521987
RIOT,Overkill,174,957594
kanemiko,Twilight of the Abyss,180,2209401
40mP feat. chano,Yuugure One Room,220,1464036
ave;new feat. Sakura Saori,Pist*SMILE NonStoP!! ~Kagayake Ashita no Star Daisakusen~ (Short Ver.),212,2529926
Mami Kawada,as x sist ~Amae Beta na Watashi Nari ni~ -Short Ver-,168,384745
xi,Q.E.D. -Ripples of 495 years-,200,224756
GARNiDELiA,Burning Soul,175,1674173
U,Let's Go Lovely Henshin Time!,190,19225
fripSide,eternal reality - TV size -,145,108719
Atarayo,"""Boku wa..."" (TV Size)",180,2152471
A.SAKA,Nanatsu Issenzakura,172,511339
Fujikawa Chiai,Suki ni Natte wa Ikenai Riyuu,153,2072445
32ki feat. Hatsune Miku & Kasane Teto,Mesmerizer,185,2198103
xaki,rog-limitation,220,1716004
sakanaction,Shin Takarajima,158,1188206
beatMARIO,Sousei (Driving style),165.02,2536218
supercell,LOVE & ROLL (Full ver),134,12027
Amatsuki,Summertime Record (COVER),185,986923
"Hatsune (CV: Ohashi Ayaka), Shiori (CV: Koshimizu Ami)",Smiley Contrast (Game Ver.),170,2231210
Touno Sakura,PRIZM/CIRCUiT,155,776601
m108,Sunflower,179,1403962
Ariabl'eyeS feat. KOKOMI,Dearest you,182,1694958
My Chemical Romance,I'm Not Okay (I Promise) [2025 Mix],180,2437012
girl in red,I'll Call You Mine (Sped Up & Cut Ver.),167,2433597
Takamachi Walk,Forget Me,190,2415151
Tomatsu Haruka,courage,196,251059
Horie Yui,Asymmetry (TV Size),173,1684903
hitorie,On the Frontline (TV Size),194,2166462
Masayoshi Minoshima feat. Mei Ayakura,Romantic Fall (Tribute DK),175,1938895
KOTOKO,SWEET x SWEET,177,1262210
Gotye,Somebody That I Used To Know (feat. Kimbra),129,1617667
Yunomi,Oedo Controller (feat. TORIENA),115,759903
Cartoon,Howling (feat. Asena) (Andromedik Remix),174,1212541
moka,Jane was Frozen,189,2541759
Anamanaguchi,STILL SPLODIN' THO (Interlude),200.84,104151
somunia,Nidone Dream!,180,1772038
meganeko,Feral (osu! edit),160,1204383
BUTAOTOME,The fear is oneself,160,1575475
5150,Ihai,180,1968159
leroy,i never go swimming without my lip liner,192,2270617
KISIDA KYODAN & THE AKEBOSI ROCKETS,Tenkyou no Alderamin (TV Size),197,1219599
XX:me,escape (TV Size),206,945854
KANA-BOON,Sakura no Uta,190,917614
UNISON SQUARE GARDEN,Chaos ga Kiwamaru (TV Size),195,1863429
Kaleidoscopio,Madalena,172,2318906
765 MILLION ALLSTARS,UNION!!,172,2532902
Yakushi Ruri,Ruri-iro,143,622146
"Wake Up, Girls!",7 Senses,196,1706306
Nitta Emi,White Eternity (Soleily & Epsilon Remix),178,693946
Tsukuyomi,Douka,185,2185655
HoneyComeBear,Twilight,96,2085974
Nanameue-P,Honey,142,2490366
Chata,Harukaze Dance,165,94993
Memme,Sky of the Ocean,230,668888
Furries in a Blender,Ridorii,170.15,29727
Ayane,Senpuu no Mai [Ten],160.05,628368
Sound Horizon,Arbelge no Tatakai,134,1075671
Doomsday,Luyten's Star,185,2134395
A-ya (CV: Ogata Megumi),Kodoku no Kakurenbo,220,1044564
Halozy,Sentimental Skyscraper,183,100348
Renard,Why Am I So Angry,220,1200208
Maeshima Mayu,ANSWER,200,2089743
Bo Burnham,Bezos I,115,1597196
Thaehan,Sunrise,202,818360
ClariS,border (TV Size),178,967541
ZAQ,Dance In The Game (TV Size),135,1797993
NewJeans,Right Now,172,2199009
UNDEAD CORPORATION,The Empress,270,1780135
Symholic,Torawareta Kodoku no Chou,196,2570094
MIYAVI,Running In My Head (TV Size),198,2230271
HAG,Arrow,181,1090194
seiya-murai feat. ALT,Sumidagawa Karenka,180,940601
UNDEAD CORPORATION,Murasa,200,1280200
REOL,VIORA,150,989745
NECRY TALKIE,bloom (TV Size),220,2079828
Tia,Heart Realize (TV Size),178,143717
Kato Emiri,happy bite (TV Size),132,113219
Halozy,Secret Sister Complex,153,25463
nao,Ryuusei no Bifrost,141,1978823
Cres.,End Time,180,2420275
Rita,Koi no Process,158,51790
Diao Ye Zong feat. Meramipop,curse upon me!,158,2122073
Yu Tokiwa,Shounen Ripples,210,2036433
XL Project,Necro Fantasia,160,1177166
Hanasaka Yui (CV: M.A.O),Shunkashuutou * Egao Biyori,140,2093442
Rise Against,Behind Closed Doors,196,945976
LazuLight,Diamond City Lights,182,1464031
Hello Sleepwalkers,Goya no Machiawase,189,1009913
ALiCE'S EMOTiON,Keep Going!,175,213071
respon feat. Hatsune Miku,39-byou,158,2111625
Andreas & Nicolas,Les vaches (rencontre du 3eme pis),170,723306
EARPHONES,Anata no Omimi ni Plug-In!,128.2,332860
Yonekura Chihiro,Fairy Tail ~Yakusoku no Hi~ (TV Size),156,1817150
Release Hallucination,I.F.,220,1856043
Yooh,salvation,192,177444
Wagakki Band,Senbonzakura,153,427508
Minase Inori,Starry Wish,136,843045
Minase Inori,Winter Wonder Wander,136,1122158
Roselia,Steadfast Spirits (Game Ver.),192,2445365
onoken feat. moco,Light up my LOVE!!,166,1765724
Chikuwa,Jinsei Matatabi,186,1717088
SECONDWALL,Natsu no Owari,180,2126142
Aqours,Daisuki Dattara Daijoubu! (Cut Ver.),180,544105
Mazare & RUNN,Where Do We Go (Cut Ver.),180,1802942
HALCALI,Tandem,177.95,1845362
solfa feat. Chata,Colorful precious life (Short Ver.),180,85853
"Aoi (CV: Iguchi Yuka), Hinata (CV: Asumi Kana)",Omoi Nochi Hare,163,1953987
Yoshino,ODD NUMBER,191,2259742
Mr.Kitty,Insects,150,271183
Pratanallis feat. KOKOMI,Black Berserker,195,2091014
GLORYHAMMER,The Epic Rage of Furious Thunder,180,1848202
"Fukuhara Kaori, Yuuki Aoi, Uchiyama Yumi & Kotobuki Minako",Harukaze no Kagaku,158,115748
Kakka,Ningyou wa Tasogare ni Yume o Miru ka,183,1138639
Yorushika,Deep Indigo,210,1245222
Sasaki Sayaka,Kiss no Hitotsu de,175,613158
Ethan Bortnick,hide n seek,180,2284342
technoplanet,Vomit,180,2272720
xaev,what a shame,190,2218293
Falcom Sound Team jdk,GLESSING WAY!!,256,1850921
solfa feat.Chata,I will,86,511637
YOASOBI,Butai ni Tatte,182,2232747
Midix,Parad Smerti,95,2205652
Ryokuoushoku Shakai,Hana ni Natte,192,2099854
COOL&CREATE,Rapid Ensemble,195,13235
Streetlight Manifesto,A Moment of Violence,180,485376
Mikuniyama Kaiko (CV: Fujita Akane),Innocent Lovely (TV Size),145,2234864
Zac Efron,Bet On It,137,15093
"Kirisaki Chitoge (CV: Toyama Nao), Onodera Kosaki (CV: Hanazawa Kana)",Taisetsu no Tsukurikata (TV Size),126,2192860
Duca,Nekoichi,130,619489
Prismo,Stronger,140,715050
San-Z,Original Me,128,2320652
Aimer,StarRingChild,164,1907485
BUMP OF CHICKEN,"Hello,world! (TV Size)",211.17,1899836
Ricky Montgomery,Mr Loverman,130,1269264
Momokurotei Ichimon,Nippon Egao Hyakkei,160,59569
tomspicy,fieryrage accordion (hardcore remix),182,1516867
Kitadani Hiroshi,UUUUUS! (TV Size),182,2403205
Petrarca Ann Erudanto III,Watashi no Housekibako (TV Size),151,120823
Set It Off,Kill The Lights,160,559814
Zornheym,Trifecta of Horrors,220,1985773
"Polyphia, Will Stetson",Inferno,195,1292543
Yooh,Ice Angel,168,297933
Yamazaki Moe,Gothic Cage Vampire ~Torikago Shoujo~,202,2314305
loos,Koi Yomi Zakura (Full size),168,602230
Thaehan,All or Nothing,195,1880625
wowaka,World's End Dancehall (ROCKETMAN Remix),171,88911
Doja Cat,Boss Bitch,126,1107500
boa,duvet TV sized,93.14,466758
Wagakki Band,Tengaku,232,336414
Xanthochroid,Long Live Our Lifeless King,133.33,1736495
Yousei Teikoku,Valkyrja,180,1225418
RONDO,Musou Kyoku -Traeumerei-,190,2131914
rejection,Signal feat. Such,175,1286349
Hikaru Station,My R,210,1221415
Hikarinonakani,Daijobu,188,2030798
Kumada Akane,Brand new diary (TV Size),180,2028792
Matsushita,Kuuchuu Bunkai,200,1954777
yuikonnu & ayaponzu*,Okochama Sensou,175,394674
Yousei Teikoku,Oroka na Ketsumatsu,220.01,124323
LiLA'c Records,Maze of Vapor (Brutal Core mix),185,1752523
ClariS,Colorful (tamame's apostate remix),175,866938
Matsushita & Hiiragi Yuka,Jinsei Reset Button,200,2352101
Thirty Seconds To Mars,Closer To The Edge,140,830051
Sasaki Sayaka,Zzz (TV Size),154,1522428
SENEZ,Misplaced Shadow,150,115729
Toyama Nao,OVER!!,189,1868221
Wakeshima Kanon,killy killy JOKER,180,2548216
KOTOKO,thyme,140.04,51204
Sumire Uesaka,Inner Urge TV size mix,135,340494
"Sena, Rie",Bravely song!!,183,1825846
Sati Akura,GATE ~Sore wa Akatsuki no You ni~ (TV Size),200,1039456
K/DA,VILLAIN feat. Madison Beer and Kim Petras,160,1299924
Camellia feat. Nanahira,Animal Land,150,1083336
t+pazolite,cheatreal,200,2489015
Machico,Growing Up,190,2161890
Various Artists,Summertime Record,185,2242423
Masami Ueda,Shinshu Hirahara Sono Ni,130,613438
Suzuyu,Euphorium (Game Ver.),186,1901511
KikuoHana,Nobore! Susume! Takai Tou,142,528821
Tsukasa,Visions,178,79271
Ice Cube,Go to Church (feat. Snoop Dogg & Lil Jon),84,319999
Maximum the Hormone,"What's up, people?! (TV Size)",161.05,50763
ZAQ,ASEED,202,1786219
Maaya Sakamoto,Sanagi,160,615921
Yooh,Shigure,180,1186689
Nanamori-chu*Goraku-bu,Acchu~ma Seishun!,184,2276889
yanaginagi x THE SIXTH LIE,LEVEL <yanaginagi ver.>,177,1745954
Various Artists,Rolling Girl,195,965620
Mili,Paper Bouquet,212,1767138
Fujiwara Chika (CV: Kohara Konomi),Chikatto Chika Chika (TV Size),178,918580
EastNewSound,Eisou Youga ~Meikyou Shisui~,170,83130
Nightmare,Alumina (TV Size),185,11963
UNDEAD CORPORATION,Yoru Naku Usagi wa Yume wo Miru,200,59049
Hoshimachi Suisei,Andromeda,83,1672700
Kawada Mami,Borderland (TV Size),184,2146278
Sentire,Arcadia (Short Ver.),120,2274395
Broken By The Scream,Gekkou Karen Stripe,210,2242362
TWICE,Heart Shaker,164,705597
Tatsh,Xevel,185,1174491
TERRA,EDEN,200,1770934
FELT,Lost My Way,240,1002554
goreshit,xenobeat,237,1090113
Owl City,Up All Night,91.5,301802
KOTOKO,Miracle*Milkyway,166,41777
Chihara Minori,Secret Season ~Sakurairo no Koibito~,155,355201
Aizawa,Kimi no Shiranai Monogatari,165,2379227
Imy feat. Aitsuki Nakuru,Dreamscape,190,2195110
ZUN,Hartmann's Youkai Girl,165,25062
Pendulum,Watercolour,174,109751
SmilyBruh,"""AKAGE"" (feat. Hatsune Miku)",195,2345539
Lifetheory,Daisy,180,549738
Omoi,Kiseki Saemo,181,2043007
Hatsune Miku,Atama no Taisou,240,40344
Demetori,Higan Kikou ~ View of The River Styx,182,993059
Dark PHOENiX,Hiroari Shoots a Strange Bird,214,126354
supercell,The Bravery,189,278813
Chino (CV: Inori Minase),FUN!FUN! (Cut Ver.),163,1002089
Saki: Achiga-hen Cast,SquarePanicSerenade,179,403897
suim feat. Aitsuki Nakuru,reply,212,1790894
ak+q,ikasu,190,1137024
Knife Party,Fire Hive,140,102597
Yorushika,Thoughtcrime,200,1582234
CHiCO with HoneyWorks,Kessen Spirit,188,1484429
Takayan,Shut up,105,1361746
Joe Ford,Villain,100,399126
"Stray Kids, Young Miko, Tom Morello",Come Play,95,2266003
Kawanishi Yuuko,Jinsei -Yumeiro-,174,875699
Yuki Kajiura,Sis puella magica! (Short Ver.),148,37943
cYsmix,Peer Gynt,140,805762
Charli XCX,Good Ones,129,1576531
SCANDAL,HARUKAZE,165,823589
Waterparks,Turbulent,172,1636051
SILENT SIREN,ODOREmotion,180,948734
"Wake Up, Girls!",Suki no Skill,128,740351
Tokoyami Towa,ANEMONE,190,2070410
yuikonnu,Koizora Yohou,132,1675822
fhana,Wonder Stella (TV Size),193,338673
"SXULCVTCHER, L19U1D",DRIVE BY,155,2010856
Thousand Foot Krutch,The Part That Hurts The Most (Is Me),165,1282046
Hugues Le Bars,Generique Oggy et les Cafards (TV Size),133,1989856
Reol & nqrse,Ooedo Ranvu,134,357544
Dragon Guardian,Tenkai e no Kippu,190,1026330
765 MILLION ALLSTARS,UNION!!,172,2395175
"Numakura Manami, Seto Asami, Fuchigami Mai",Justability,180,1818310
COOL&CREATE,"Help me, ERINNNNNN!!",185,5346
highcolor_sunz,RE-OVERDOSE,132,1020335
Ceui,COLORFUL DAYS!!,182,71990
"JO*STARS ~TOMMY, Coda, JIN~",JoJo Sono Chi no Kioku ~end of THE WORLD~ (TV Size),220,2480881
TrySail,Free Turn,185,1572948
Origami Angel,Noah Fence,200,2441798
Amatsuki,Sayonara no Kawari ni,197,1332393
solfa feat. Shimotsuki Haruka + Ceui,STUDY STEADY,175,1907991
Perfume,Mirai no Museum,170,970075
Draper,Joyride,170,392188
"LAVINIA, Ely Oaks, Betsy, Mariya Yankovskaya",Sigma Boy,140,2300629
yanaginagi,Tobenai Mahoutsukai,172,867830
Pendulum,Immunize (feat. Liam Howlett) (Cut Ver.),174,1823934
Ami Sakaguchi,URL (TV Size),128,2046570
Suzuki Konomi,CHOIR JAIL,181,172688
jun feat. Schanita,TRUE LOVE,188,1109953
Ito Kashitaro,"Fairytale,",194,788569
PokeRemixStudio,Primal Dialga Remix,150,9554
Yuyoyuppe,-ELIS-,190,2311909
PSYQUI,Hysteric Night Girl (feat. Such),126,2100220
Hana,Eden's Song,162,1610217
senya,Tsuki ni Murakumo Hana ni Kaze (Short Ver.),160,42242
yuiko,petit bonheur,180,938410
Xyloe!,Joke,128,209191
Kareki Kashiwagi,Hetero,202,2067930
MY FIRST STORY,REVIVER,200,1205497
majiko,Sarishinohara,135,669138
ginkiha,Oriens,185,222063
Spira Spica,Koi wa Miracle (TV Size),175,1484808
fourfolium,Gugutto Work* (Short Ver.),186,568914
Vickeblanka,Black Rover,204,913669
Abe Mao,Believe in yourself,171,2287947
Kaede To Kyo Aki Ame Kuzu,Q,240,1316097
Yuuma,Uta o Utau Hito,200,1243188
Seraph,Guilty Grimoire,190,1717874
Dan Balan,Crazy Loop (mm ma ma),133,2822
GARNiDELiA,grilletto (TV Size Ver.),191,197277
Marina and the Diamonds,Bubblegum Bitch,158,1189331
REOL,YoiYoi Kokon,150,509064
Zmey Gorynich,Morozoboy,210,2246798
grandson,Riptide,160,1950964
Ariabl'eyeS,Arcadia,200,1230458
StylipS,MIRACLE RUSH (TV Size),168,189178
REDALiCE,Rapture,170,19787
Kae Hanazawa,Sailor Star Song,141.9,5201
"Makishima Yuki, Yoshikawa Yukako & Fujita Saki",Kiseki no Kakera,164.99,67248
Rise Against,The Good Left Undone,197,351431
Nanawo Akari,One Room Sugar Life (TV Size),180,814033
Syou Takeyaki,A Hero Someday (TV Size),185,1812939
Nightwish,Last Of The Wilds,138,297141
Tokyo.MeltiMelt,Last Page (feat. KOKOMI),225,2494152
An,TearVid,195,37980
hana,Hyper Psycho feat. Hatsune Miku,174,2347377
Down,Duo Cup,180,1765192
Tadokoro Azusa,1HOPE SNIPER,274,2228966
Billain,Boogie,174,411435
Remo Prototype (CV: Hanamori Yumiri),Sendan Life,227,452057
Sawako,Teikoku Shoujo,118,1395034
Kano,Himekoi,155,691227
Aimer,I beg you,128,1029661
Kano,Sakura no Zenya,178,813779
Afilia Saga,S.M.L* (TV Size),200,1982558
Momohara Natsuki (CV: Murakawa Rie),Aozora ni Kamihikouki (TV Size),145,1670152
AAAA,Hoshi no Otoshimono,205,1305045
yuiko,petit bonheur (Game Ver.),180,2475328
"ANGUISH, POCHTISCHASTLIV & ily",Glaza,194,2195963
At the Garret,Hishou,162,1870348
MIMI,Ai no Sukima,204,2348754
Larval Stage Planning,Hanabira to Ribbon,134,685968
FROZEN QUALIA,Graffiti,172,1339688
Suzuki Konomi,Defiant Dolls (Short Ver.),200,1683957
AMOYAMO,LET'S GO OUT (TV Size),178,1743368
Aitsuki Nakuru,Presenter* (Cut Ver.),240,2554917
MY FIRST STORY,KING & ASHLEY (TV Size),215,1587638
yanaginagi,Tokohana,169,1798429
SB_YUNE,Dread of the grave -more fear-,156,1015450
Nelga,Ideal -tRuE blooD-,182,560936
Dirty Androids,City Never Sleeps,178,234030
suzumu,Shinzou Connect,211,964855
TORIENA,RAT RACE,175,1027510
BlackY feat. Risa Yuzuki,Furin Kagerou,152,1511294
Exsy,Erase everything! feat. Teto Kasane SV,184,2398219
Down,Halfslashed,185,1837962
SID,Mousou Nikki 2,200,1807986
Kaneko Chiharu,Lachryma<Re:Queen'M>,236,475629
senya,Tsuki ni Murakumo Hana ni Kaze,160,2023974
"Mimi (CV: Hidaka Rina), Misogi (CV: Morohoshi Sumire), Kyouka (CV: Ogura Yui)",Little Adventure,148,974356
Lime,Smiling (Long Ver.),172,2481621
Nekomata Master,dahaca,140,1291261
ALI PROJECT,Sei Shoujo Ryouiki,137,2406318
kessoku band,Ano Band,190,2181671
Paramore,Anklebiters,230,1512813
Celia Cruz,La Vida Es Un Carnaval (Tomas Asesio Edit) (Cut Ver.),122,1901393
HOYO-MiX feat. NIDA,Proi Proi,148,2376302
Hatsune Miku,Kurutto Odotte,125,2422
synoxa,just dance is now on xbox game pass (feat. jayceko),190,2417193
Roselia,Determination Symphony,190,1755255
Hatsuki Yura x Tsukiko,Jewel Cat,148,38081
Iwai Yuki,WHEEL ALLIGATES STAGE,187.75,1957608
Toyosaki Aki,Songs Compilation,206,228927
Lorna Shore,"Pain Remains I, II, III",250,2254835
Lady Gaga & Bruno Mars,Die With A Smile,158,2273815
Parry Gripp,There's A Cat Licking Your Birthday Cake,110,1607656
Pierce The Veil,She Sings In The Morning,180,1516392
HoneyWorks feat. KAFU,Oshihen nante Yurusanai!,180,1885380
solfa feat. Rita,shield nine (new overdrive ver.),148,2038622
Fujikawa Chiai,Yuzurenai,180,1954753
Tatsh,Cruel Moon,180,13584
Nico Nico Douga,BARUSA of MIKOSU,180,4651
Feryquitous feat. Aitsuki Nakuru,Fake,210,1559330
Ceui,"Giniro, Haruka",128,1312793
Avicii,The Nights,126,306693
My Chemical Romance,Helena,251.82,320194
Ni-Ni,"1,2,3,4, 007 [Wipeout Series]",172,3
Kawada Mami,Akai Namida,86,11147
Maeda Jun x yanaginagi,Shiva (Cut Ver.),142,2300694
Lolita,ORIYENTATSIYA SEVER,131,2001204
Kano,Platonic Love,190,509292
Tomggg,Farmer's Market,104,374365
Diao Ye Zong feat. Meramipop,Saifu 'Kamiasobi no Uta',154,774612
EMILIA (CV: Rie Takahashi),Stay Alive(Jun Kuroda Bootleg Remix),174,509121
Sakakibara Yui,Vigrid,186,1944406
Scenarioart,Sayonara Moon Town (TV Size),196,1802118
Yousei Teikoku,Senketsu no Chikai,180,27104
Pentatonix,Daft Punk,133,292896
DJ NAGAI feat. a*ru,Benibotan,181,548679
cillia,FIRST,190,2382869
Nanahira,Petals,192,564354
Silver Forest,Fanatic Wind,144,13574
HOYO-MiX feat. Chrissy Costanza,Blazing Heart,139,2302239
Kamishiro Ami,Cherry My Heart,152,71963
JINGYAN,Beneath the Vortex,180,2537765
DJ TOTTO feat. *spiLa*,illumina,187,349883
pm04034,teclitas locas (Short Ver.),149,1141064
JIN,Children Record (Re:boot),206,1419430
Vau Boy,Video Game Girl (ft. viewtifulday),145,331778
shiho,Shiori,201,1747113
Pastry,Nostalgic East,142,19356
Raymond Wong,Shaolin Soccer Opening,138.02,24188
Funtastic Power!,Pachelbel's Canon,124,25871
Ling Yuan yousa,Gou Zhi Qi Shi (Cut Ver.),85,2108389
NewJeans,Zero (Cut Ver.),172,1968652
Yumeno Yuki,Manatsu no Kagayaki (Game Ver.),102,2347791
senya,Yureru Koi wa Nami no Gotoku (Short Ver.),160,1621390
Novelbright,The Warrior (TV Size),186,2186776
Nanahoshi Kangengakudan,Sefure,185,2332859
meganeko,Empyrean,175,1213896
LiSA,Brave Freak Out -TV ver.-,199.95,582520
PORNOFIL'MY,Vypusknyye Baly (feat. Barto) (Nightcore & Cut Ver.),184.8,2424794
"Shizuru (CV: Nabatame Hitomi), Rino (CV: Asumi Kana)",SUPER CHOCOLATE (GAME VER.),205,2379481
The Living Tombstone,FNAF Songs Compilation,174,2274302
Sasaki Sayaka,Marine Blue ni Sotte short ver.,180,783399
Suzuki Masayuki,Love Dramatic feat. Ihara Rikka (TV Size),129,927913
YOASOBI,Shukufuku (TV Size),170,1862467
"25-ji, Nightcord de. x Hatsune Miku",I am you,185,1888684
The Verkkars,EZ4ENCE (kannatuslaulu),120,934303
Kuba Oms,All In All,150,961320
Various Artists,Umapyoi Densetsu (TV Size),170,1556904
Utsu-P,"An Alien's ""I Love You"" [2020mix]",200,1607533
-45,Midorigo Queen Bee,153,2524618
bibuko,Crayon,200,49455
Necry Talkie,Fuzaketenaize (TV Size),150,1533272
SawanoHiroyuki[nZk]:mizuki,&Z (TV size),158,260149
Sekirei Cast,Sekirei (TV Size),148,12750
"Gabry Ponte, LUM!X, Prezioso",Thunder (Nightcore Mix),148.5,1749750
ZUN,Touhou 10 Nonstop Medley,168,1868797
HAG,Colorful,192,1836478
KOKO,Watashi o Matou,195,2272223
TUYU,Kuraberarekko,194,1131265
Mizuki Nana,Exterminate (TV Size),174,1703958
Nakagawa Shouko,happily ever after,180,253823
ClariS,Kokoro no Inryoku,130,215479
Sheena Ringo,Kouzen no Himitsu,165,2024021
Akatsuki Records,Trance Dance Anarchy,195,1056140
u's,No brand girls (TV Size),197,85040
"Touyama Nao, Hanazawa Kana, Komatsu Mikako, Asumi Kana",Souzou Diary,181,194345
FELT,Flower Flag,160,44346
Baracuda,Ass Up! (Banana Inc. Remix),147,16231
Rita,Life goes on.,170,646336
Ashnikko,"Hi, It's Me",85,1377970
Yuzuki,Dear You (DJ Genericname DnB Remix),174.1,1754051
MY FIRST STORY feat. chelly (EGOIST),"1,000,000 TIMES",200,1919170
Ryokuoushoku Shakai,Hana ni Natte (TV Size),192,2097428
"Maya (CV: Tokui Sora), Megu (CV: Murakawa Rie)",Little * Treasure * Hunt,198,1387077
Ryokuoushoku Shakai,sabotage,162,1188617
Duca,Snow wish (Short Ver.),159,55537
Amamiya Sora,Skyreach,184,190851
hitorie,Shinkokyuu,260,2287961
Pastel*Palettes,Harumodoki,174,984496
sasakure.UK feat. Usa,Lost and Found,184,2257379
Memme,China Dress,175,1251070
Louis,Chung Hwa Ban Jeom,149.5,641732
Dance Gavin Dance,Open Your Eyes and Look North,162,897723
AKINO with bless4,Yuki no Youni,184,2056653
tsubi club,burbank house,170,2389248
Okui Masami,Sora no Uta (TV Size),140,491155
Kitsune^2,He Has No Mittens,210,20328
senya,Nagori Tori,142,195808
Agnete Kjolsrud,Get Jinxed,180,1704573
Pedro Silva,Tee-hee Time,198,2203806
BRILLIANT4,Subarashiki FUN!TASY,173,237995
CIDER GIRL,Cinderella (TV Size),130,1591808
Minami,"Ame o Matsu,",150,1207832
Asriel,Kuroi Hitomi no Majuu,215,2183708
senya,Nihil Kagura,150,2112929
Fox Stevenson,Good Time,174,1876102
Meramipop,SEE YOU AGAIN!,215,182749
Two Steps From Hell,Star Sky,130,601657
Sakura Miko,Kyun Kyun MIKO Kyun kyun <3,180,2146215
Freezer feat. Kiichigo,Berry Go!!,175,1093677
NACHERRY,Honey Lemon (TV Size),182,2359708
DJ TOTTO feat. Enako,Precious * Star,178,988151
Pinkshift,nothing (in my head) (Sped Up Ver.),198,1932895
DOES,Donten (TV Size),190,1866550
momosu momosu,Esoa (TV Size),180,1937554
Ishihara Kaori,Plastic Smile (TV Size),167,1435128
ichigo from KISIDA KYODAN & THE AKEBOSI ROCKETS,STONE OCEAN (TV Size),180,1638949
R3 Music Box,All Star,92,639740
SawanoHiroyuki[nZk]:ReoNa,time (TV Size),95,1370492
Nanahoshi Kangengakudan,Rubik's Cube,174,1324798
ClariS,Connect,175,25705
UPLIFT SPICE,Omega Rhythm,173,1577946
Porter Robinson,Sad Machine,88.5,1272117
Yasunori Nishiki,Decisive Battle II,164,1680213
imase,NIGHT DANCER,117,1990791
DiGiTAL WiNG,Paranoia (DiGiTAL WiNG 2018 LIVE MIX),150,2072915
"Hashimoto Chinami, Ogura Yui, Kanemoto Hisako",BINKAN Attention(TV-size),175,185346
MIMI,Lapis Lazuli,190,2255879
The BABYSTARS,Hikari e (TV Size),189,1939776
Pmarusama.,Zenryoku Joshi Kakumei! (TV Size),170,2168363
FantasticYouth,Koshaberi Biyori (TV Size),110,2073027
Ogura Yui,High-Touch * Memory,180,1769512
u's,SUNNY DAY SONG,173,1120330
TRUE,Frozen (TV Size),178,2233198
Gram,Nibelungen,222,2151831
Asakura Kirika (CV: Akabane Kyouko),Hallelujah!,172,1711520
luvlxckdown,tbh i dont like being social,171.55,2210296
AJURIKA,A Grain of Sand 1st,164,1878093
Chata,Engage,170,875962
Ohashi Ayaka,"Please, please!",180,2029963
Kawada Mami,Borderland (TV Size),184,57754
Ado,Bouquet for Me,187,2341608
Good Steve & Bad Steve,Corn Nuts Commercial,180,319510
DJ TECHNORCH fw. GUHROOVY,KAMAITACHI,165,2166351
Fujijo Seitokai Shikkou-bu,Best FriendS,163,189476
Hanatan,Kokoronashi,84.08,495467
Laura Brehm & Evoke,Future Holds,85,344391
Suzuki Konomi,Blow out,192,601417
nano x buzzG,Dive In Your Eyes,186,302884
MOMOLAND,BBoom BBoom,126,725525
Nekomata Master feat. *spiLa*,Clumsy thoughts,153,190754
Shota Kageyama,Ryuusei Aika,83,667602
Seiryu,3y3s,191,2100248
Kuraki Mai,Key To My Heart,163.85,19038
Harano Oni,Trauma,190,2443270
Subplaid,If you went out with friends in a way,185,1707729
Hachikuji Mayoi (CV: Katou Emiri),Kaerimichi (TV Size),175,2276755
nano,neophobia (Cut Ver.),180,2053305
Metamorphose feat. Yoko Ishida,Over The Testament (TV Size),185,1502678
Sou,"Tada, Kimi no Mama de (TV Size)",220,2353924
cYsmix,Eden,140,792241
SOOOO,Happppy song,226,2250580
NJK Record feat. 3L,Madoi no Tsuki / RAYTO MIX,147,1642291
"Satou Rina, Inoue Marina & Chihara Minori",Kyuusekkin Lucky Days (TV Size),168,99364
Hatsuki Yura,Intense Desire,152,54885
ryo (supercell) feat. Hatsune Miku,Sekiranun Graffiti,138,37753
M2U,Nightmare,190,5139
yak_won,Sewing Machine,150,350295
Gain,Bloom,124,343440
Nanamori-chu * Goraku-bu,Yes! Yuyuyu * Yuruyuri (TV Size),182,842341
LEAF XCEED Music Division,Fur Elise,185,23916
Killswitch Engage,In Due Time,170,941053
Tamura Yukari,Tomorrow (Game Ver.),172,2490629
Shiro (CV: Kayano Ai),Oracion,166,1925593
Yorushika,Haru,204,2207359
Halozy feat. Nanahira,Monosugoi Space Shuttle de Koishi ga Monosugoi Uta,175,1368759
yak_won,Sinus ~Secret Heart~,142,736694
awfuless,Temptation (Cut Ver.),173,1983389
Kurosaki Maon,Gravitation (TV Size),200,1063169
Manami Numakura,Climber's High!,179,589638
1914,Don't Tread on Me (Harlem Hellfighters),240,1899983
MY FIRST STORY feat. chelly (EGOIST),"1,000,000 TIMES",200,1208452
goreshit,MATZcore,234.08,24388
Tsumiki feat. Tsukino,Imperfection White Girl,207,2451647
Yousei Teikoku,Dea x Crisis,200,1338846
Various Artists,STARTING FORCE,192,2335233
Oguri Cap (CV: Tomoyo Takayanagi),Mugen,125,2419008
Ghost,From The Pinnacle To The Pit,180,425520
kors k feat. Furukawa Mirin,Drive Me Crazy,180,65950
Liliana Sisters,Life-Ru is LOVE-Ru!!,180,96330
Mitani Nana,Shiroi Yuki no Princess ha ...,200,38846
toby fox,Bergentrueckung/ASGORE,229.69,908087
monet,Kagami no Sekai ni wa Watashi shika Inai -another version-,150,685725
Aintops,Water Lily (feat. okogeeechann),200,2070777
Sharlo,Wakusei Rabbit,174,1480815
Hotaru Murasaki,Re:TrymenT,190,2219238
BUTAOTOME feat. Ito Kanako,Lost Word Chronicle,184,1102914
Tadokoro Azusa,Unmei Dilemma,190,849141
ClariS,Connect,175,1956004
Ushirokara Haiyoritai G,Taiyou Iwaku Moeyo Chaos,143,50324
LiSA,Gurenge feat. Un3h [ dj-Jo Remix ] TV Size,135,1108166
Denkare,Elder Things (Short Ver.),170,50400
EasyPop,Happy Synthesizer,127,64859
Sakuzyo,Fracture Ray,200,950681
BTS,Yet To Come,172,2128201
Takanon feat. sana,Shitsuren Repeater,172,1429397
ex. happyender girl,Totte Rogu Akuma (Cut Ver.),224.4,2456175
Nor,FEEEEVER TIME,180,2076534
Venetian Snares,She Runs,224,319890
[Kyoro],Mochio-,268,1473006
Pastel*Palettes,Sekai wa Koi ni Ochiteiru,130,1063684
Koji Kondo,Title BGM,148.88,2103706
Demetori,Rigid Paradise ~ Dawn of the Dead,166,192900
monaca:factory feat. GEM,Mermaid,224,1429665
Hatsuki Yura,Drivi'n greedy - Nhato Remix -,173,228955
nano feat. MY FIRST STORY,SAVIOR OF SONG (TV Size),192,120178
*namirin,Hitokoto no Kyori (Cut Ver.),180,2541060
yaseta,Bluenation,180,1956864
gmtn. (witch's slave),furioso melodia,155,280107
Ceui,Asphodelus,160,319976
C.I.L. Cafe,Just a fool loves you,171,511326
Noisia,Stigma (Billain Remix),172,2143850
LiSA,Tsumibito,185,1370775
syudou,Kareshi no Jude,165,1563334
Mutsuhiko Izumi,Green Green Dance,165,44779
7_7 feat. kasane vavzed,Yakou,210,2194934
Yumeno Yuki,Utopia or Dystopia (TV Size),197,2405974
Hanatan,arc-en-ciel,130,1930018
monoROSETTA,Koi no Recipe to Et Cetera,136,42836
Muto,Heat abnormal,183,2248799
FELT,Flower Flag,160,1588153
Killswitch Engage,My Curse,174,596106
Aqua Timez,Alones,95.17,7634
Zekk,Duplication,202,1484383
HoneyWorks feat. sana,Little Regret,184,1834568
REDALiCE,Great Nano Desu*,172,2413970
paraoka,Manima ni (Short Ver.),185,43005
Kyary Pamyu Pamyu,PONPONPON,128,36225
Harada Hitomi,Overdrive,182,1922959
Halozy,Dut ~Usagi Tobi Suteppu~,175,64278
Hatsuki Yura,Drivi'n greedy,173,379791
KOTOKO,unfinished (TV Size),146,49594
96neko,Buriki no Dance,172,588211
Isekai Joucho,Kyoukankaku Obake,184,1551060
World of Wandag,HuniePop Theme,124,358450
nano,Nevereverland,206,95533
Nakae Mitsuki,Brightly horizon,59.33,943927
yuki.,Spring Signal,185,716211
Suzuki Konomi,Missing Promise (TV Size),112,1510767
Disturbed,Indestructible,180,22186
Imperial Circus Dead Decadence,Hyakki Yakou -Pandemonic Night Parade-,200,2523922
Ito Kanako,Fates Fall -Kibou no Kage- (Ending Version),180,1034585
Amamiya Kokoro,1 - 2 - 3,182,2018671
KAF,Majo,200,1438258
YUI,Rolling star,161,351838
FROZEN QUALIA,REMOTE,140,1386237
Sonoda Umi (CV: Mimori Suzuko),Snow halation (UMI MIX),173,878697
Primary,in the Garden,224,1145064
SHINY COLORS,Niji no Yukue,177,2509033
Satou Hiromi & Faylan,Witch's Garden,182,236649
Tapimiru,Hakkensha wa Watashi (TV Size),175,829331
Memme,Avalanche,175,340048
yuki,Koisuru Kirigirisu (Short Ver.),142,1669278
Flite & Boxplot,Sunroad (feat. Audioscribe),174,1233397
Hashimoto Miyuki,to the sky (Short Ver.),166,41336
himmeltengoku,Saika (Another Style Remix),135,57923
Aqours,Yuuki wa doko ni? Kimi no Mune ni!,167,694300
Aoi Eir,Kodou (TV Size),184,1522877
ARForest,Digital Warrior,180,2266844
Sebastien Pintiaux & Caroline Szatapski,Sur tes pas,100,687432
Jun Ishikawa,Sky High,176,19880
SakiZ,"In the soil, daily life with a sardine",200,1067029
Three,Kuuchuu Bunkai (Pandemic ver.),200,1205783
Aqua Timez,Velonica,274,7993
Piko,Make My Day! (TV Size),182,54450
Roselia,The Everlasting Guilty Crown,172,664522
NANAOAKARI,Muri Muri Shinkaron (TV Size),181,2402932
Feint,Homebound,174,276967
Infected Mushroom,The Legend Of The Black Shawarma,145,20122
Oppressor God,Scattered Echoes,240,2544869
BUTAOTOME,Kurukuru Tsukai,208,1032027
Kaf,Kodou no Himitsu,131,1459947
Murasaki Hotaru,Anata dake ga Shiru Sekai,182,1094899
mimimemeMIMI,Mr. Darling,163,970410
Vaundy,CHAINSAW BLOOD (TV Size),147,1907783
Nemo Suzumi,Ao no Onkai,176,2480214
Machico,Korekara,162,718735
AliA,Kakurenbo,180,1466465
Will Stetson,Of Our Time,204,2412232
ZUN,G Free,160,1884924
Traktion,Metropolis (Original Mix),175,359549
Ray Volpe,Laserbeam (Blanke's AEON:REMIX),172,2202658
Official HIGE DANdism,Yesterday,130,1070149
L i z z,Answer,115,60744
Nekomata Master+,Kung-fu Empire,177,173288
DJ SHARPNEL,20031023 (Cut Ver.),179,2280283
Megurimeguru,Hakai,294,2086133
The Legend of Zelda - The Wind Waker,Molgera,148.89,1044
Official HIGE DANdism,Pretender,92,1821118
HERO,"""Tenohira""",207,806592
senya,Kasoku Suru Koi wa Dare mo Tomerarenai,168,80747
Poets of the Fall,The Happy Song,142,58704
nano feat. MY FIRST STORY,SAVIOR OF SONG (TV Size),192,121716
Alvaro Soler,Sofia,128,825541
Electro.muster feat. Chiyoko,Burning your soul,180,2277231
Afilia Saga,S.M.L (TV Size),200,121662
Alya (CV: Uesaka Sumire),World is Mine (TV Size),165,2240726
Vaundy,Hadaka no Yuusha (TV Size),163,1674096
Aimer,closer (Cut Ver.),90,1916040
XS Project,Ya tashchus' ot kolotushek,150,119235
Mili,Vulnerability,166,1919394
Renard,Because Maybe! pt. 3,240,979274
AAAA,Hazukashigariya no Toy Soldier,163,1992807
Hanatan,Kokoronashi,168.16,1043493
Y&Co.,Daisuke,157,697087
StylipS,MIRACLE RUSH feat. Ogura Yui,168,185520
Petit Rabbit's,Daydream cafe,150,403953
Analogfish,Speed,206,797982
Faylan,Dead END (TV Size),183,43584
MORGENSHTERN,DULO,145,2330123
Helblinde,Nastrond,190,2465411
7UPPERCUTS x CAM,[WAVE ALPHA],194,920529
Utsu-P,Galapagos de Warui ka,220,795379
Aimer,After Rain (Cut Ver.),120,1523479
ClariS,Luminous -movie MIX-,173,1510572
Ikimonogakari,Blue Bird,152,1067064
Hanatan,Senbonzakura,154,248173
SOUND HOLIC,EXISTENCE,155,2123590
Rita,Alicemagic,166,1963742
Eisyo-kobu,Oriental Blossom -Eika Shuuei-,180,1561504
t+pazolite,Oshama Scramble! (IOException Edit),190,1376308
Umeboshi Chazuke,Galaxy in Toybox (DC Update Ver.),208,2397955
ARForest,Regret,210,1241523
TUYU,Kakuren Bocchi,195,2138199
AKINO from bless4,MIIRO,195,268851
Who-ya Extended,VIVID VICE (TV Size),184,1351531
M2U,A Bella! (feat. Lucy),160,1158767
Nya~tan(CV: Murakawa Rie),Retry*Rendezvous[TVsize ver.],175,411035
FIFTY FIFTY,Cupid (Twin Ver.),120,1978628
HyuN feat. LyuU,Cross Over,200,922249
Zhou Shen,Rubia,136,1362713
Digital Sexy,Til Death (Nightcore Mix),166.25,115950
"Amane Shindo, Mimori Suzuko, Rie Takahashi, Lynn, Kanon Takao",Unmei? (TV Size),160,2307360
GLORYHAMMER,Infernus Ad Astra / Rise Of The Chaos Wizards,180,2422339
Chihara Minori,Aitakatta Sora,160,484198
Hayakore Tatsumi,Thousandth Sky (END of SUMMER Mix),190,2423043
15 Voices,Non-breath oblige,148,1889729
GALNERYUS,MY FAITH,170,2496552
RichaadEB feat. Cristina Vee,BAD APPLE!!,138,751222
Oreore-Usagi,Drain ReD rain,244,1622347
DJ SHARPNEL feat. Ichinose Ruru,Trauma Saimin Shoujo Satori!,210,2138161
Taylor Swift,You Need To Calm Down,85,1365850
Karasuya Sabou,Departure Song,192,2571603
Hanasaka Yui(CV: M.A.O),Harumachi Clover,142,662120
mary,Kimi no Yozora Shoukaihan,185,1409421
Kagetora.,Narcissus at Oasis -Kagetora. style-,180,1139910
Paolo Ligorio,The Colors of My Life,141.99,24900
nano.RIPE,Hana no Iro (TV Size),180,801537
Kano,Sakura no Zenya,178,594067
Rhythmics & Cat Like Thief,Summer Wars,170,104621
Aso Natsuko,Perfect-area complete! (TV Size),183,842592
QUEEN BEE,HALF (TV Size),106,1758363
Chihara Minori,Aitakatta Sora,160,2206545
Stratiotes,"Dancing so madly, I'm reaching for the scarlet moon.",200,1545058
Hayakore Tatsumi,Thousandth Sky,190,2406703
Oreo Bros. feat. Kiichigo,Sweet Sweet Magic,156,2239802
fripSide NAO project!,Yappari Sekai wa Atashi * Legend!! (TamolarM Remix),200,2478480
"Natsume (CV: Suwa Ayaka), Ren (CV: Kubota Risa)",Natsu Saki Koi Hanabi (TV Size),180,2254567
Kitadani Hiroshi,OVER THE TOP (TV Size),212,2188508
Yokomin,Yukari,187,808764
Nishizawa Hagumi,Yureru Cycle,140,146778
wa. remixed celas,Crystal World ~Fracture~,180,62962
OR3O,"Doki Doki Forever (ft. rachie, Chi-chi, Kathy-chan*)",165,783394
Mrs. GREEN APPLE,Tomoshibi,185,1130594
HoneyWorks feat. sana,Ima Suki ni Naru.,170,1029312
TAK,"PPPP feat. Hatsune Miku, Kasane Teto",152,2501921
Kevin Manthei & Kevin Riepl,Puss In Boots Hero Time,160,302419
Sawano Hiroyuki,YouSeeBIGGIRL/T:T,87,1942326
BUMP OF CHICKEN,SOUVENIR (TV Size),158,1859679
TOMONARI SORA,Niramekko,165,2369544
Winterhorde,Chronic Death,196,1699956
BUTAOTOME,Towa no Maigo,180,1069288
Shinra-Bansho,Aqua Terrarium,150.5,922144
Hana,Norowareta Sei / Shukufuku Sareta Sei,110,1011739
Nitta Emi,White Eternity (Soleily & Epsilon Remix),178,517402
Cream puff,Mermaid girl (Extended RRver.),140,1641101
ONE OK ROCK,Answer is near,188,1110954
La priere,Flyby Anomaly,172,2045671
Suzaku,"Anisakis -somatic mutation type ""Forza""-",185,107216
FELT,In my room,165,1513200
Nightcore,Ass Up!,168.06,11947
Ryu* vs. kors k,Force of Wind,177,44519
Utsu-P feat. Sekihan,Nurikabe,272,1514530
YOASOBI,UNDEAD,144,2207521
May'n and Nakajima Megumi,Lion,145,4136
Mili,Rightfully (TV Size),182,1164143
Endoh Masaaki,Clear Mind,160,1988627
Renard,EXTREME FUCKING SOCA PARTY,140,361356
Yousei Teikoku,Kanzen Houkai Paradox,220,2239941
meganeko,The Cyber Grind,190,1663147
Dragon Guardian,Tsuioku no Kuroki Makenshi,190,1521349
Rossini & MC F 40,Guillaume Tell,180,11742
Ogura Yui,Baby Sweet Berry Love,170,442263
ChouCho,Kuusou Triangle,135,470971
Maduk ft. Veela,Ghost Assassin (Hourglass Bonusmix),176,198820
"Black Sun Empire, State of Mind & PNC",Until The World Ends,174,963628
Flo Rida,GDFR (feat. Sage The Gemini & Lookas),146,742443
sasaki,Zero Heart (feat. Kasane Teto),200,2534843
Mada Mitakoto no Nai Sekai,Get on the Tailwind,185,2119169
Tatsh,IMAGE -MATERIAL- <Version 0>,260,93523
NIGHTMARE,Alumina (TV Size),185,1788644
DECO*27,Android Girl feat. Hatsune Miku,192,966552
ClariS,with you,160,1948103
u's,Bokura no LIVE Kimi to no LIFE,210,189216
Ishihara Kaori,Plastic Smile (TV Size),167,1438236
Emily Osment,Truth Or Dare (Nightcore Mix),161.54,2325088
Ryokuoushoku Shakai,Starry Drama,176,2029804
ClariS,STEP,146,312851
Kano,Itte.,180,1181420
XX:me,Darling (TV Size),173,1020360
Shiro (CV: Kayano Ai),Oracion,166,2566271
m-flo + daoko,IRONY (el poco maro Remix),176,537172
Britney Spears,Womanizer,139,1386191
Minase Mashiro,runaway (Halozy Mix),180,736439
Regallily,Twinkling Ash,135,2170022
UNISON SQUARE GARDEN,Sakura no Ato (all quartets lead to the?),188,273843
BRADIO,Golden Liar,175,1744478
senya,Koakuma Apple (EUROBEAT Remix),157,44300
IOSYS,Hinarin no Yakui Kankei (Edit ver.),175,2088431
Various Artists,Alternator Compilation,260,724034
Yorushika,Toumin,180,1913188
Aqours,Yume Kataru yori Yume Utaou,159,1338024
Touyama Nao,Magical Mah-jongg World,160,74687
"Inori Minase, Sakura Ayane",Senryakuteki de Yosoku Funou na Love Comedy no Ending Kyoku,197,1619893
Hayami Saori,Yasashii Kibou (TV EDIT),159,331066
KOAN Sound,Strike,172,440827
Ogura Yui,High-Touch * Memory (TV Size),180,1424337
ShinRa-Bansho,Sayonara History,176,2365832
Rat Boy & IBDY,WHO'S READY FOR TOMORROW,138,1861454
B Komachi,POP IN 2 (TV Size),176,2262056
K A Z M A S A,Bon Appetit S (Oldskool HappyHardcore Remix),170,862297
Rin,Muenzuka set 06 ~ Eastern Judgement in the Sixtieth Year,128,985780
P*Light,YELLOW SPLASH!!,185,366224
HACHI feat. Hatsune Miku,Suna no Wakusei,190,841634
GARNiDELiA,Aikotoba TV Size ver.,148,681714
*namirin,Hitokoto no Kyori,180,667290
Yasuda Rei,I & U,130,1220505
"Shikishima Ritsu (CV: Sawashiro Chiharu), Satake Shogo (CV: Takeuchi Shunsuke)",Paradigm Box (TV Size),183,867301
Tech N9ne,Speedom (WWC2) (feat. Eminem & Krizz Kaliko),130,757802
Reol,MONSTER,164,2365742
Tarkan,Kuzu Kuzu,93.89,2292058
Shika-bu,Shikairo Days (TV Size),183,2214435
"Tyler, The Creator feat. Kali Uchis",See You Again,78.5,735154
King Gnu,Prayer X (TV Size),87,1724620
HoneyWorks feat. Kotoha,Hokori Takaki Idol,166,1840881
Hino Isuka,Dreamin' attraction!! (Extended Ver.),205,2211043
Sakuzyo feat. Nikki Simmons,Destr0yer,90,875148
Traktion,The Near Distant Future,174,2440325
kozato,Izayoi Sakura,175,893573
Yousei Teikoku,Kyouki Chinden (TV Size),280,59025
Laur,Narukami,200,2372217
Ohara Yuiko,Massugu,155,1665115
Kawada Mami,Wings of Courage -Sora o Koete-,160,279701
Shawn Mendes,Stitches (Sped Up Ver.),180,985295
Imaginary Shame Daimajin 50,BOCCHI ROCK,204,1906151
315 STARS,Reason!! (TV Size),190,1043001
hololive IDOL PROJECT,Yumemiru Sora e,180,1136612
ZAQ,Alteration (TV Size),160,102550
Yuuki Noa (CV: Kanako),The Order...,205,2115827
ReoNa,Alive (TV Size),75,1879268
FIFTY FIFTY,Cupid (Twin Ver.),120,1987309
YOASOBI,Yasashii Suisei (TV Size),90,1348526
KOTOKO,Princess Bride! (Redecorate Version),155,2100540
The Strokes,The Adults Are Talking,165,1869189
Srgt. Moon feat. Cicadae Sillick,Lullaby,230,2007899
JIN feat. Yoshida Takumi  (phatmans after school),Kuusou Forest,170,1037938
Isekaijoucho,Kaki Tsuzuketa Kimi e,155,2158685
Watarirouka Hashiritai,Kanpeki Gu~ no Ne (TV Size),182,2448143
Ranko,Zange,190,2278195
Ayaka Ohashi,Wagamama MIRROR HEART,181,559105
Ayalis,Ai o Chikaishi Hime Kazari,210,1935233
HTT,Singing!,180,68399
Tsuki no Tempest,The One and Only,177,1774018
BABYMETAL,Road of Resistance,205,1109083
Mikhail Krug,Vladimirskiy tsentral,131.65,1769995
Lou Grant,Don't Stop the Music,159.95,34083
KOKIA,Ningen tte Sonna Mono ne,73.96,69688
Hamburgaga,Fubuki Guys,165,1281581
Eri Sasaki,Mimosa,142,1900616
ime44,Ime-chan wants to become a guitar hero (feat. Kaai Yuki),196,2254605
Barbarian On The Groove feat. Chata,Gruppo (Short Ver.),180,2195134
Tsukuyomi,Gyakutengeki,172,1975680
Kurokotei,Callback,156,1112375
SawanoHiroyuki[nZk]:mica,Summer Tears,90,406467
Haruna Luna,Momoiro Typhoon,167,916277
SAWTOWNE,Confessions of a Rotten Girl feat. Hatsune Miku,170,2312650
Linkin Park,Faint,135.02,2491733
toby fox,Snowdin Town,102,528293
WangleLine,Dice,180,2005921
TeamGrimoire+Amaneko,croiX,195,88692
TrySail,High Free Spirits (nenpulse bootleg remix),180,743650
MAX MAXIMIZER vs. DJ TOTTO,Rebellio,234,744636
Star Driver,5 Centimeters Per Second,150,362335
Kawada Mami,u/n,184,1142576
The Beatles,It Won't Be Long,133,1670652
Fisky,TURN IT UP,210,2455736
ETIA.,Kagami no Mary Sue,180,500743
A Day to Remember,Have Faith in Me,150,54704
Duca,Kimi to...,167,519495
sasakure.UK feat. Hatsune Miku,SeventH-HeaveN 2020-2021ver,180,1702458
the peggies,Centimeter,140,1663628
Shiomiya Shiori starring Hanazawa Kana,Kizuna no Yukue feat. Shiomiya Shiori,148,347422
Suzumiya Haruhi (CV: Aya Hirano),Lost my music,200,2278905
sakuzyo,Neurotoxin,180,41842
CHiCO with HoneyWorks,Kessen Spirit (TV Size),188,1498771
Girls' Generation,Echo,121,15749
DJ TOTTO,Windy Fairy,180,102005
HTT,"NO, Thank You! (TV Size)",181,18156
Mitsukiyo,Gregorius | Symphony,165,2115386
Wakeshima Kanon,"World's End, Girl's Rondo (Asterisk DnB Remix)",175,1252751
Diabolic Phantasma,Liberation,200,1763125
"Gigabanana x Yasuo feat. Kagamine Rin, Kagamine Len",Electric Angel,150,2213814
Powerwolf,Resurrection By Erection,160,1229361
Satou Hiromi,Hikari,150,1918985
S.S.H. & Aether,Locked Girl ~ Shoujo Misshitsu,158,2336986
Lynyrd Skynyrd,Free Bird,150,2362042
Saitama Saisyu Heiki,Alice Ragnarok,246,2191784
Zhou Li Ming,Pi Li Pa La,125,136065
Aether Realm,Oak,210,2542153
Sound piercer feat. DAZBEE,Hanatachi ni Kibou o (2020 Remaster),187,1743604
Yamamoto Mineko,Rinne,179,1001755
LhoU,Renaissance,130,506863
senya,Cinderella Avatar,145,2324476
Connexio feat. Shimizu Aiyu,Silent Remorse,190,2392255
BLANKFIELD,Voyage,290,1201974
ZUN,Nostalgic Blood of the East ~ Old World,150,4558
Linked Horizon,Shinzou o Sasageyo!,160,889231
goreshit,lonely,174,1961900
Beniiro Litmus,Rin to Shite Saku Hana no Gotoku,163,639320
bye2,onionfriends2004,190,1891236
Roselia,Floral Haven,190,2202163
Kraus,Pitch Fucker,167,559928
Kanye West,All Of The Lights,142,1566796
Sakakibara Yui,Seiken nante Iranai (TV Size),192,164148
Mitsuki Kotono,Fuyu ni Saku Hana,170,1297024
Yasutaka Nakata,Crazy Crazy (feat. Charli XCX & Kyary Pamyu Pamyu),125,972538
King Gizzard & The Lizard Wizard,Robot Stop,197,1610231
Yousei Teikoku,Sacrifice,270,2254858
Chata,len,173,918509
binaria,Kamiiro Awase,150,1214136
cosMo@BousouP feat.Hatsune Miku,Hatsune Miku no Shoushitsu,240,125843
Unlucky Morpheus,DRAGON FORCE,170,1684273
GORE-GIRL PROJECT,CRIMSON VIOLATOR (feat. Eugenics Scarlet Divinity & KOKOMI & Onikoremon Junya),200,2216191
Mutsuhiko Izumi,Red Goose,200,2096231
M.Iz,Kake Nukeru Anime Song Medley IV,192,2490027
P*Light feat. yukacco,Stargazer (DJ Shimamura Remix),175,313831
inabakumori,Kimi ni Kaikisen,202,2249526
Kashii Moimi feat. KAFU,Cat Loving,163,2266922
BUTAOTOME,Gensou no Satellite,230,2044681
Mami Kawada,Contrail ~Kiseki~,168,404014
Kawada Mami,u/n (Short Ver.),184,49356
SHK,Weep Irish,145,28545
yuikonnu,Healthy na Seikatsu,175,1580218
aytanner,Mondaymania,258,2284699
JYOCHO,Taiyou to Kurashite Kita,175,600881
HoneyWorks meets TrySail,Senpai.,162,844351
Various Artists,Sora Yori Songs Compilation,126,1171048
Megumi Nakajima,TRY UNITE! (aran Remix),168,712125
E0ri4,L0V3 4RR0W 5H007,172,1889263
Aqours,WATER BLUE NEW WORLD,175,721656
44teru-k,"Yami ~ Shoujo no Yume , Kyomu no Sekai ~",156,149173
Renard,Banned Forever,220,16349
guna with team kyukkyu,subconsciousness,102,45205
JOE D TOASTER,CRAZY DIAMOND,122,1578469
Hashimoto Miyuki,Symphonic Love,144,16964
Sana,Terekakushi Shishunki,170,202677
Oomuro Sakurako (CV: Katou Emiri),Kira Ippai x Suki Ippai,195,1313215
ShinRa-Bansho x Yuuhei Satellite & Shoujo Fractal,Genso Connect,157,1253755
The Prototypes,Slip Away,174,518278
Pendulum,Watercolour,174,2468029
Machico,TOMORROW,134,550035
Memme,BSPower Explosion,180,45760
arcane feat. rionos,Kuraki Koutetsu no Verga (Game Ver.),174,2333554
Avril Lavigne,Things I'll Never Say,102,2453554
Ricky Montgomery,This December,140,2104765
Taishi feat. Mitose Noriko,The Blue Sanctuary,166,2256020
Yakushi Ruri,Omoi wa Kotonoha ni Nosete,174,2509055
SawanoHiroyuki[nZk]:LiSA,narrative,83,1637241
Tokoyami Towa,Taida na Wonder,180,2203285
DECO*27,Monitoring feat. Hatsune Miku,132,2316808
ZUN,Taketori Hishou ~ Lunatic Princess,154,2282709
Yoko Ishida,paraparaMAX I,314,972
T.M.Revolution,FLAGS,175,395160
Horie Yui,Coloring,117,45144
Ohara Rinne (CV: Tamura Yukari),Lasting Memories (TV Size),78,909473
Tianshi,Melancholic,140,27133
KOTOKO,Fatally,140,1897287
Good Kid,Down With The King,202,2324815
tokiwa,Metheus,193,2372866
MIMI,Mizuoto to Curtain (Cut Ver.),186,2559834
Shoichiro Sakamoto,Eye of Aeon,180,26528
Chris Da House vs. DJ Sledge Hammer,Believe (Nightcore Mix),171.12,181917
Sasaki Sayaka,Kiss no Hitotsu de,175,1934618
Electro.muster feat. Chiyoko,Baby Fantastic! (Game Ver.),180,2434288
Beach Bunny,Cloud 9 (Cut Ver.),162,2525652
SawanoHiroyuki[nZk]:mizuki,&Z (TV size-English ver.-),158,260881
Eve,Kaikai Kitan (TV Size),185,1308511
MATRANG,Meduza,119.92,771687
eufonius,Megumeru ~cuckool mix 2007~ (TV Size),145,2517316
yanaginagi,Megumi no Ame (TV Size),182,1240047
ClariS,Colorful -Movie MIX-,178,125455
Yanagawa Kazuki,Sudden Rain,190,2444843
Freda,Maybe (Tronix DJ Remix) (Nightcore Mix),169.35,289235
Ocelot,KAEDE,177,660630
MuryokuP,hypnoSpirA,185,57908
Marshmello x Lil Peep,Spotlight,150,777143
Pixel,Running Hell,166.67,5475
Taylor Swift,I Knew You Were Trouble (Taylor's Version),154,2033584
I Love Egg,I Love Egg,137.04,855691
Lady GaGa ft. Beyonce,Telephone,122,11395
Kyary Pamyu Pamyu,Yume no Hajima Ring Ring,135,194239
Hanazawa Kana,Marathon,170,691239
Hioka Natsumi & Yasumoto Hiroki feat.Kumaide-mura no Minasan,KUMAMIKO DANCING,165,440388
penoreri,Sulfur,182,1252844
DracoVirgo,FLY,200,1838488
"JO*STARS ~TOMMY, Coda, JIN~",JoJo Sono Chi no Kioku ~end of THE WORLD~,220,2353492
YURRY CANON,Suicide Parade,176,854503
Hashimoto Miyuki,Jumping Now!!,190,2332212
Nana Takahashi,Shuwa Supa Daisakusen,140,22601
Sharlo,Ai La La,120,378314
Ezoshika Gourmet Club,Beautiful Dreamer (TV Size),155,1755092
Tomatsu Haruka,Resolution,195,1050963
Pendulum,The Fountain (feat. Steven Wilson),174,1086483
ROOKIEZ is PUNK'D,Complication (TV Size),139.3,15642
ulko,REGGAETON BUT IT HAS AMEN BREAKS,200,2027860
Yousei Teikoku,Hades: The end,185,2142679
Hail The Sun,Rolling Out the Red Carpet / Human Target Practice,188,1779800
Tamura Yukari feat. motsu from m.o.v.e,You & Me,160,67093
halca,Toki toshite Violence,182,1565520
Aiobahn & Yunomi,Makuramoto ni Ghost,122,632102
PinocchioP,All I Need are Things I Like,140,525070
Kon Natsumi,Niji no Kakera,132,217200
ave;new feat. Sakura Saori,Just Be With You (Short Ver.),165,47690
Aqours,Yuuki wa Doko ni? Kimi no Mune ni! (TV Size),167,679826
Ryu,Sakura Sunrise,181,27096
Utsu-P,Corona,155,1001722
-45,Crimsonic dimension,152,2523916
Eine Kleine,Dorothea,244,1241592
Ceui,MeltyMoment short.ver,174,410476
Sasaki Sayaka,Koi Saku Mirai,168,246733
Plus-Tech Squeeze Box,Pulse Day (TV Size),200,2354884
-45,Midorigo Queen Bee,153,812792
"Team ""Hanayamata""","Hanayuki (Team ""Hanayamata"" ver.)",146,410963
bradbreeck,Star Vs The Forces Of Evil Theme,144.4,484456
NANA,Koisuru Chikara (Short Ver.),176,2440785
ZUN,Shiryou no Yozakura,147,2013277
Primary,Sakurairo no Negai,155,1079783
Sangatsu no Phantasia,Songs Compilation,135,1651207
-45,Kuina,222,2534269
mimimemeMIMI,Sentimental Love,138,1134478
"JinoBeats, Double-U & Drazically",INSIPIDITY,175,2542510
iojjj,Torikago,180,1667873
HOYO-MiX feat. Robin (VO: Chevy),Hope Is the Thing With Feathers,128,2178969
antiPLUR,One Life Left to Live,175,962141
No:R,JuDGMENT/SHADoW ~T06481T0~,180,1170955
Nakanoke no Itsutsugo,Sekaijuu Tatta Hitotsu (Game Ver.),170,2015117
ANNA TSUCHIYA inspi' NANA(BLACK STONES),rose (TV Size),172,1840868
inabakumori,Yoyuyoku,179,2091498
SadSvit,Kaseta,170,1756107
Ezekiel,feel something (feat. Izzy Spears) (Sped Up Ver.),196.65,2076605
Aoshima Moka (CV: Mimori Suzuko),kibo refrain (TV Size),172,1647600
Nekomata Master feat. Shimotsuki Haruka,Element of SPADA,170,158899
ta1lsd0ll,ta1lsd001,200,2420592
KOTOKO,Eclat,177,2010810
Shoko Nakagawa,Sorairo Days (Short Version),174.1,600
AliA,nostalgia,190,1531033
ETIA.,Enkan no Kotowari,180,39889
Seiryu,Critical Crystal,191,199535
yanaginagi,over and over (TV Size),183,1830933
Doma Umaru (CV: Tanaka Aimi),Kakushinteki*Metamaruphose!,278,1955965
city girl,wishing on you (feat. ry & tiffi) (Cut Ver.),70,1455209
Spira Spica,Ao to Kirameki (TV Size),173,2398381
Ivudot,Goof Hope,160,2329966
Kakihara Tetsuya,String of pain (TV Size),175,85000
Yucha-P,Thieves Night Trick,218,78268
SOUND HOLIC feat. YURiCa,THE EVENING STAR,167,1942555
Yabeno Hikomaro & Kotohime With Bouzu Dancers,Let's go! Onmyouji,150,2429411
Dance Gavin Dance,It's Safe to Say You Dig the Backseat,140,2382789
wa. vs ETIA.,Akasagarbha -extended mix-,192,712372
SWORD OF JUSTICE,Happy Birthday to You,185,2365840
Zekk,Freefall,180,1544463
ICHIKO,First Kiss (TV Size),156,33639
ClariS,Hitorigoto (TV Size),165,1984117
Iguchi Yuka,Hey World (TV Size),180,965184
mary x jon-YAKITORY,Koko de Ikiteru (TV Size),190,1510909
ITO KASHITARO,Melancholic,140,713004
CHiCO with HoneyWorks,Otome-domo yo. (TV Size),172,2286548
R3 Music Box,Manten,146,866275
CHiCO with HoneyWorks,Pride Kakumei (TV Size),185,1208597
Stereopony,Tsukiakari no Michishirube,131,715024
Megami Ryousei,Naughty Love,162,2282135
yuikonnu & *nano,"Kokuhaku Biyori, Desu!",172,195929
The Rembrandts,I'll Be There For You (TV Version),190,207443
Shakira,Try Everything,115.5,419869
Daniele Meo,Adesso balla! (Overland Extended Mix),140,2521578
Yellow Zebra,Koi no Flame,155,908831
IOSYS,Cirno's Perfect Math Class,175,25739
Minase Inori,Bokura wa Ima,195,1240745
kafuka,3833,185,2518629
Nizikawa,F.K.S.,185,385427
Inori Minase,Winter Wonder Wander,136,1900263
Shoji Meguro,The Battle for Everyone's Souls,150,12341
Namine Ritsu,Shinkai Shoujo,137,18756
CHiCO with HoneyWorks,Wolf,190,1111621
ClariS,CLICK (TV Size),135,141964
Quinn Karter,Living in a Dream feat. Natalie Major (Feint Remix) (Cut Ver.),174,1448953
Mikakuning!,Tomadoi*Recipe,170,200176
Porter Robinson,Divinity (feat. Amy Millan),90,345705
nonet,Now On Stage!!,170,745838
seleP,Cecilie,130,1518371
Venetian Snares,Integraation,200,280089
aki,Clione no Akari,180,1013752
Nightwish,Sagan,146,395298
AiRI,Kimi to Tsukuru Mou Hitotsu no Mirai,134,643715
Brian the Sun,Lonely Go! (TV Size),204,2150857
Silent Siren,Hachigatsu no Yoru,188,1615656
"Denny Savage, Henrik Wikstrom",Deliverance,136,344808
nasuo*,Honey Jet Coaster (TV Size),175,1928339
DRAGON EYES,Twilight Symphony,175,1468542
Matsumoto Sara,Suika,90,235008
*NSYNC,Bye Bye Bye,172.58,11523
DragonForce,Operation Ground and Pound,200,324171
senya,Yowamushi Vampire,160,2538196
Memme,%S(M),155,296393
Feryquitous feat. Aitsuki Nakuru,Kairikou,205,1692335
Yamazaki Moe,Gothic Cage Vampire ~Torikago Shoujo~,202,1954026
ZUN,Fuujin Shoujo (Short Ver.),154,2261278
Suzumiya Haruhi (CV: Hirano Aya),God knows...,150,1650000
Nor,Aoharu,100,1949511
Grabbitz & bbno$,Ticking Away,95,2037388
Inori Minase,Natsu no Yakusoku,134,1978590
"Rie Kugimiya, Eri Kitamura & Yui Horie",Orange (TV Size),140,29807
Marika,Soul Release,188,222790
Iguchi Yuka,RE-ILLUSION (TV Size),193,604075
ZAQ,Serendipity,173,528754
Hanatan,Savior of Cross,176,227847
VESPERBELL,RISE,194,1521677
Kicco,Hoshi no You ni Naritai,175,2061195
Ariabl'eyeS,Souzou no Idea,260,2525359
supercell,Hoshi ga Matataku Konna Yoru ni,182,294042
"Yamaguchi Rikako, Asakura Momo, Taneda Risa, Suwa Ayaka, Natsukawa Shiina",UNION!!,172,812370
Various Artists,Toaru Kagaku no Railgun Compilation,149,158081
Chata,Glitter,170,1625762
BUMP OF CHICKEN,Gekkou (TV Size),200,2503404
ShinRa-Bansho,Unmeisenjou no Aria,185,2127697
Stan SB,Let This Go,175,89912
Ice Nine Kills,IT Is The End,186,1061532
SHiNKA,decision,172,2247796
Shota Kageyama,Route 10,139.96,2247945
Hachioji P,Kimagure Mercy feat. Hatsune Miku -irucaice Remix-,160,1981892
Roselia,MIIRO,195,1002819
Faylan,INFINITE SKY,190,2109234
Yakishio Lemon (CV: Wakayama Shion),CRAZY FOR YOU (TV Size),162.02,2247253
MY FIRST STORY,REVIVER,200,2246211
Kanon Wakeshima,Love your enemies,185,419765
AAAA Chazuke,Sayonara Cosmonaut,200,1756775
Kicco,Amazing sky,150,782115
Tsunamaru,paranoia,150,77999
zts,the executioner,134,342360
Miyazawa Yuana,Dreht sich!,148,51705
Neru feat. Kagamine Rin,Tokyo Teddy Bear,204,1165741
Tatsh,IMAGE -MATERIAL- <Version 0>,260,711297
OxT,Clattanoia (TV Size),190,1438655
aki,Starting Days!!,192,1039956
SHK,Halloween Party,155,199719
Yuuka,Girls' Carnival,236,827286
youman,Weenywalker,200,2116719
xi,Longinus,212,1902907
ShinRa-Bansho,Kirameki Inokori Daisensou,212,1889566
Camellia,The King Of Lions,210,885923
DragonForce / R3 Music Box,Ashes of the Dawn,180,761593
Ceui,Asphodelus,160,128761
Ohara Yuiko,Zero Centimeters (TV Size),154,2191215
Yorushika,Hole In The Heart,200,1000972
ginkiha,Paved Garden,187,1110961
Mayama Rika,Liar Mask anime size,180,224203
-45,Luna Projection,150,2328066
Justice,D.A.N.C.E.,113,875221
Yooh,MariannE,191,1550633
Carach Angren,Once upon a Time... / There's No Place Like Home,210,607414
RD-Sounds feat. Meramipop / nayuta,Shiten,177,2286190
Kanno Yugo,il vento d'oro,135,1250853
ayaponzu*,Yakubyougami,210,501001
Rise Against,State of the Union,264.18,387185
Kagura Mea,Yoru ni Kakeru,130,1334937
Aaron Smith feat. Luvli,Dancin (Remix by KRONO) (Nightcore Mix),162,2197905
Susumu Hirasawa,CHEVRON,120,29440
Wagakki Band,Hanabi,232,1214150
Asriel,ABYSS,215,720185
Cutline,Die For You (Shock One Remix),175,155285
FIRST AID,BEE-U-TIFUL,170,35152
Ito Kashitaro,"Fairytale,",194,2060984
Yuuhei Satellite,Tsuki ni Murakumo Hana ni Kaze,160,734241
Sayuri,Heikousen,191,722873
Red Velvet,Zoo,109,1177883
Uehara Rena,Answer,86,430141
Yunosuke,Loop Memory,192,1703935
Cityyy,Control 0,180,2543510
Mia REGINA,I got it! (TV Size),200,1164305
Lon,Mischievous Function,150,27441
DECO*27,Mannequin feat. Hatsune Miku,192,1994520
FELT,Lost in the Abyss,183,985041
Dreamcatcher,YOU AND I,194,901170
Vaundy,Hadaka no Yuusha,163,1669880
whyalive,Pustota,170,2445424
Demetori,"Yuuga ni Sakase, Sumizome no Sakura ~ The Harm of Coming into Existence",185,1025036
yuikonnu & ayaponzu*,Kimi to Watashi no Hitorigoto,190,457435
Nanjou Yoshino & Kusuda Aina,Garasu no Hanazono,169,184512
Oishi Masayoshi,Gift (TV Size),132,1918633
Sakamoto Maaya,Mameshiba,156,1650679
YTMND,The Bubb Rubb of Time,140,3196
Sakamoto Maaya,Okaerinasai (tomatomerde Remix),176,395642
FELT,Vagueness & JOURNEY,185,1281563
Junk,Kagaribi,144,2227458
Rin'ca,Pleasure garden (Short Ver.),153,2098843
sky_delta,Crepuscular Rays,182,561917
alt-J,Breezeblocks,150,1415502
Mics!!,PAINT IT!!,196,1371662
Aimer,I beg you,128,910015
IOSYS,Accept Bloody Fate,190,2271637
nao,Blue-Love Chime (Game Ver.),150,1943573
The Simon May Orchestra,EastEnders Theme (New BBC TV Version 2009),97,1259039
Duca,Clover (Short Ver.),142,1370434
senya,Mouth to Mouth,140,428233
Shibori,Delivery (Helianthuz Bootleg Mix),170,345532
YOASOBI,Ano Yume o Nazotte,180,1172108
BLACKPINK,How You Like That,130,1201711
Sasaki Sayaka,Atlantico Blue,177,2472734
Liliana Sisters,Life-Ru is LOVE-Ru!! (TV Size),180,69361
FELT,Future Will Lead & The Ray of Light,200,692522
FELT,Closed Wings,181,161109
DECO*27,Salamander feat. Hatsune Miku,172,1871209
Spira Spica,Sansan Days (TV Size),180,1731386
Black Hole,Pluto,110,45074
SHISHAMO,Kimi to Gelaende,175,543243
SOUND HOLIC,"Rainy,rainy days",140,12822
gi(a)rlish number,Bloom,182,551782
Cororo feat. Yuria Miyazono,Suiu no Inori,197,972884
7!!,Bye Bye (TV Size),130,37877
inabakumori,Float Play,167,1921679
Ceui,Stigmata,145,456938
BUMP OF CHICKEN,ray,132.19,1436554
LIP x LIP,nonfantasy (TV Size),185,812205
Falcom Sound Team jdk,Over Drive,167,40233
Aoi Eir,IGNITE (TV Size),171,1419740
The Paws Element,Fruktovaya zhvachka (Cut Ver.),102,1559802
Buta-Otome,Sharekoube,170,304940
Nds vs Tom E.,In These Days (Nightcore Mix),161.19,24473
Billy Joel,Piano Man,175,1081449
Renard,PIZZZZZZZZ,200,301072
V.K,Wings of Piano,84,215381
G-DRAGON,HOME SWEET HOME (feat. TAEYANG & DAESUNG),150,2285658
Good Kid,Premier Inn,180,2238376
Kumada Akane,Kokoro Hayaru (TV Size),182,1557045
joeyclassic,seal.mp4,163.92,386151
ayaponzu*,Haikei Doppelganger,181,1014945
Kotone,Autonomy,230,1420776
cygnus,M U T A T i O N (((((9^9)^9)^9)^9)^9),166,2235017
Sleeping Pola,kuuchuubunkai,163,1988616
fhana,Aozora no Rhapsody (TV Size),135,782631
sana x HoneyWorks,Terekakushi Shishunki,170,897711
Tsukuyomi,Dareka no Shinzou ni Nareta nara,143,1544600
Azuna Riko,keep weaving your spider way (TV Size),208,1884819
Utsu-P feat. flower,Living ghost is alive,140,1165437
SUN & LUNAR,your gravitation,150,206
Mitani Nana,Sakura Forever Friendship,135,37380
supercell,Mr.Downer (Cut Ver.),179,2146139
momori,Togameru Kage,180,866301
TWO-FORMULA,Taiyou to Tsuki no CROSS (TV Size),202,246852
Kuribayashi Minami,WITH (TV Size),175,1801396
holic,Shihunomi *Higanbana* Daini ~ Kuukyogishin ~ Akabeni,180,19361
aran,Moonbound feat. Yukacco (USAO Remix),174,616544
GARNiDELiA,grilletto (TV Size Ver.),191,190734
Kaori Sadohara,Day to Story (TV Size),180,434845
Yorushika,Semi-Transparent Boy,195,1861657
Thaehan,Play,194,1291874
sana,Sayonara Ryou Kataomoi,202,508803
Koimi Eil (CV: Hachimitsuko),Love note (Short Ver.),183,1992645
ChouCho,Niji no Asa ni,150,59418
KARUT,Connected Sky,133,1638279
Sou x Ivudot,Identity,195,1727268
Hatsuki Yura,Diabolikha,286,1896576
riya (eufonius),INFINITE SKY (riya Ver.),190,2424413
Nishizawa-sanP x Rib,Kimagure Stardom,178,981332
Junk,Yellow Smile (bms edit),174,459572
REOL,VIP KID,128,1164168
Seven Lions with Myon and Shane 54,Strangers (Feat. Tove Lo),130,192347
Abe Mao,Believe in yourself (TV Size),171,1817171
Jin feat. MARiA from GARNiDELiA,daze (short ver.),198,165391
MrSpazzaneve17,osu! MEGAMIX,130,399575
nao,Kirihirake! Gracie*Star,178,72743
t+pazolite,Gumbarlzo!,225,2513044
Casandra,Junpaku*study time,172,1398097
Dragon Guardian,Eien no Tsurugi,185,2402783
CHiCO with HoneyWorks,Heart no Shuchou (Cut Ver.),185,2145697
Jashin*Girls,Anoko ni Drop Kick (TV Size),230,817560
Ogura Yui,Charming Do! (TV Size),174,150242
BURNOUT SYNDROMES,Hana Ichi Monme,174,738662
Hatena,Koe? (TV Size),170,1412535
Mineko Yamamoto,"Falling, The Star Light",178,767833
fripSide,final phase (TV Size),149,1097552
Saosin,Let Go Control,180,727928
Vampire Weekend,Diane Young,180,1780856
eyelis,Ginsekai,172,1799326
Rita,dorchadas,120,2119488
ChouCho,Kawaru Mirai,167,278961
Kuroneko Dungeon,Lilieze to Enryuu Laevateinn,200,326608
Pendulum,Showdown,174,353583
Alya (CV: Uesaka Sumire),Ichiban Kagayaku Hoshi (TV Size),182,2208241
ASCA,Hibari (TV Size),112,1048429
PSYQUI,Hikari no Hou e (feat. Such),168,1920128
Mili,sustain++; (TV Size),126,1185446
LeaF,Mopemope,200,1174616
Rina Sawayama,XS,117,1595537
Emille's Moonlight Serenade,Kimi no Na wo Hibikasete,228,938781
B-Komachi Ai (CV: Takahashi Rie),Sign wa B -Ai Solo Ver.-,175,2062284
Tsukuyomi,Konna Inochi ga Nakereba,252,1317808
SHISHAMO,Ashita mo,179,585408
Kousaka Honoka (CV: Nitta Emi),Snow halation (HONOKA Mix),173,982344
ASIAN KUNG-FU GENERATION,rewrite (TV Size),179,2100644
ASH DA HERO,Judgement (TV Size),180,1918519
Inoue Marina,Watashi no Ki-mo-chi (TV Size),180,69347
Akatsuki Records,Do You Remember Me,100,955873
StylipS,Prism Sympathy (TV Size),170,112938
Machine Girl,ATHOTH A GO!! GO!!!,180,1127207
MAN WITH A MISSION,Merry-Go-Round (TV Size),120,1503987
Nor,Raise the Huddle,160,2124123
iconoclasm,perditus paradisus,172,22212
SUPER STAR -MITSURU-,SA.YO.NA.RA. SUPER STAR,170,38959
ELISA connect EFP,EONIAN -eonian-,150,241064
KASAI HARCORES,Cycle Hit,175,1185464
Hoshimachi Suisei,GHOST,182,1726003
Itowokashi,Yakusoku,193,734480
Aina Suzuki,WONDER MAP,200,1645223
Harry Styles,As It Was,174,1846589
Katakiri Rekka,Answer,224,39953
Tatsuya Kitani,"Your Gaze, Crepuscular (TV Size)",144,2398385
glaive,astrid,169.5,1275747
Nakanomori Ayako,Get the glory (TV Size),190,1266123
Sekirei Cast,Sekirei (TV Size),148,77994
Alan Walker,Faded,90,396077
Yu-Peng Chen @HOYO-MiX,Qilin's Prance,154,1366108
Creepy Nuts,Bling-Bang-Bang-Born (TV Size),157,2116067
Lia,Tori no Uta,122.09,1527959
Tomodachi Tsukuri-tai,Zannen-kei Rinjin-bu Hoshi Futatsuhan,133,2036291
765 MILLION ALLSTARS,Brand New Theater!,177,1824704
AIMI,Fukanzen Dreamer,186,1765743
"Keisuke Ito, Yasuhiro Kawagoe, Noriko Murakami",It's a Monster House!,132,2281005
Rita,Distant Promise,180,2199286
fripSide,LEVEL5 -judgelight- (TV Size),139.5,57428
Nekomata Master feat. Mayumi Morinaga,Sleepless Days,188,842312
Assertive,Skybound,175,111738
Shikai Yue,Telecaster B-boy,182,1363530
Atarayo,"""Boku wa..."" (TV Size)",180,2119459
YOASOBI,Idol (TV Size),166,1974204
Eve,Bokura no (TV Size),183,1918788
Kardashev,Glass Phantoms,150,1986827
HATSUBOSHI GAKUEN,Howling over the World,200,2466791
Becky,Less Than Three (Ricardo Autobahn Remix),160,1078502
Kito Akari,Kimi no Tonari de (TV Size),198,1274614
Maeshima Mayu,story (TV Size),220,1804158
EVERGLOW,Adios,128,1028706
nameless,Theater Love Song,215,307221
BAND JA NAIMON!,METAMORISER(TV Size),196,591607
Shiro (CV: Ai Kayano),Oracion,166,705955
Aoi Eir,Sirius (TV Size),176,2091576
Sengoku Nadeko (CV: Hanazawa Kana),Renai Circulation (TV Size),120,1650999
Sasaki Sayaka,"Sakura, Reincarnation",181,890832
JIN feat. Yasagure Koneko,Mekakushi Code (Cut Ver.),185,1039223
Nanamori-chu*Goraku-bu,Yuru Yurinrinrinrinrin,185,287318
Toby Fox,Field of Hopes and Dreams,125,886504
ANNA TSUCHIYA inspi' NANA(BLACK STONES),rose,172,620848
Shibayan feat. Ichimatsu Tsubaki,Wo Qin Ai Kui Lei,128,1359291
DUSTCELL,STIGMA,220,1323916
ryo (supercell) feat. Hatsune Miku,ODDS & ENDS,192,2441792
uniy,Kokoro Vitamin (Game Ver.),155,2451775
Hana,silent room,96,2292239
Uchida Maaya,Soushou Innocence,205,243514
sajou no hana,Gray (TV Size),96,1972407
Rena Uehara,Todokanai Koi,135,2062104
Kohinata Chiko,Rashikunai Koi,188,2251109
eikkaleyd,Kachou Fuugetsu (PV Ver.),123,53451
Aimer,Ref:rain (TV Size),78,1121781
Ayano Mashiro,ideal white (TV size),180,219926
senya,Yureru Koi wa Nami no Gotoku,160,234999
Basslovers United,A+ Superstar (NeoTune! Remix Edit) (Nightcore Mix),180,1806315
MY FIRST STORY,2 FACE (Cut Ver.),205,1879684
Emiru no Aishita Tsukiyo ni Dai San Gensou Kyoku wo,Kimi no Na wo Hibikasete,228,1486362
HoneyWorks feat. sana,Kokuhaku Rival Sengen,165,1680649
Susumu Hirasawa,Amor Buffer,125,11702
nana(Sevencolors),chameleon,178,1046876
Coalamode.,Nanairo Symphony (TV Size),155,1256023
THE ORAL CIGARETTES,Wagamama de Gomakasanaide (TV Size),142,1030107
Endorfin.,Luminous Rage,179,492845
Kuro feat. Kasane Teto SV2,Anomaly Maria,171,2530692
Spica,Yume o Kakeru! (TV Size),195,1430235
Madotsuki@,Ikanaide,191,1134737
Hoshimiya Toto + Kijibato,Switch On!,172,2016548
"Shimotsuki Haruka, riya (eufonius)",Mawaru Sekai de,114,941919
ASIAN KUNG-FU GENERATION,Blood Circulator (TV Size),181,2288609
LiSA,crossing field (TV Size),179,2017649
RADWIMPS,Nandemo Nai ya (movie ver.),84,514204
Spawn Of Possession,Apparition,240,216979
Release Hallucination,I.F.,220,2060223
Bust a Groove,Flyin' To Your Soul,140,4617
SMiLE.dk,Songs Compilation,140,2039491
Galactikraken & Jonathan Young,Jetpack Race,215,2424357
"Yoshimura Haruka, Uchida Maaya, Aoki Shiki, Takamori Natsumi, Aihara Kotomi",EVERMORE (M@STER VERSION),180,931423
Susumu Hirasawa,Forces,120.02,20447
USAO,USAO ULTIMATE HYPER MEGA MIX,200,830666
Azusa Chiba,Kaimaku! Champions Meeting,160,2446704
Wada Kouji,Butter-Fly~tri.Version~,172,374078
Yorushika,Bakudanma,180,1320850
Minstrel,futuristic recollection,200,1934280
Hatsuki Yura,Inochi Mushibamuai (Short ver.),148,41053
angela,AYAKASHI (TV Size),184,2255563
Sim Gretina,Raise This Barn (Remix),130,72324
"Hyper Potions, Synthion & MYLK",Maboroshi,170,1175718
XX:me,Torikago (TV Size),155,2353111
Stefan Karl Stefansson & Mani Svavarsson,We are Number One,162,539241
Ne Obliviscaris,Libera (Part I) - Saturnine Spheres,215,2167811
senya,Tokuiten no Kaibutsuteki Kanjou,156,370545
HIMEHINA,Kiss Kitsune,148,2337469
maritumix,Defiance,165,292857
ReoNa,Scar/let,175,1487278
nao,Toaru Shoukoku no Ohimesama ga...,218,2071798
Asriel,BIRTH,226,2194957
Sakai Mikio,Identity (TV Size),248,1858779
Feryquitous,Dstorv,191,531553
RD-Sounds feat. Meramipop/nayuta,Shiten,177,1520947
Mika Nakashima,KISS OF DEATH (Produced by HYDE),122,744762
Falcom Sound Team jdk,SUNSHINE COASTLINE,218,1788943
Yasaka Kanon (CV: Akabane Kyouko),Kimiiro,158,1925395
Cityyy,Unknown,190,2356147
Matchbox Twenty,Push,168.52,4047
kors k feat.RIRE,"Nirvana(Camellia's ""BinaryHeaven"" Remix)",174,317283
KOTOKO,bumpy-Jumpy!,190,14201
40mP feat.yuikonnu,Ame to Asphalt,190,159527
harmoe,VOICE,135,1965103
PHAZE,abyss,220,2453636
Annabel,Signal Graph (TV Size),167,54322
Shinzato Kouta,HANDS UP! (TV Size),130,89705
009 Sound System,Dreamscape,123,1234921
Kano,Stella-rium (TV Size),177,2120430
Hatsune Miku,Dance of many,183,45028
Dark PHOENiX,"Yuuga ni Sakase, Sumizome no Sakura",180,2022219
Another Infinity feat. Mayumi Morinaga,COME BACK TO MY HEART (Ryu* Remix),180,63056
ONE OK ROCK,Dystopia (Cut Ver.),178,2283060
MomoKuro-tei Ichimon,Nippon Egao Hyakkei (TV Size),160,57368
Sakakibara Yui,jihad (TRIBAL LINK ver.),180,2156419
Akatsuki Records,Memories,165,933447
nano,Nevereverland,206,76552
Chata,Koisuru Otome,190,36274
Mars Argo,Using You,107,643518
inabakumori,Tokoshizume,187,2239324
youman feat. GUMI,Worst Regret (Sped Up & Cut Ver.),215,2312504
Ichigaya Arisa (CV: Itou Ayasa),Su-Suki Nanka Janai!,166,1692816
clipping.,Say the Name,85,2072942
n-buna,Sangatsu to Ookami Shounen,240,2141329
Atsuko Asahi & Manaka Kataoka,Bubblegum K.K.,155,364938
Linkin Park,From the Inside,126.75,23977
EBIMAYO,GOODTEK,190,1680421
Afilia Saga,S.M.L*,200,2032712
Hatsune Miku,Homework Crisis,180,33068
ShinRa-Bansho,Sayonara Monstre,139,2429885
Uchida Maaya,-Across the line- (short size),161,239922
Aqours,Thrilling One Way,195,1582906
KISIDA KYODAN & THE AKEBOSI ROCKETS,Tenkyou no Alderamin,197,2203277
Fukuhara Ann (CV: Yu Serizawa),Sweet time Cooking magic ~Mune Peko Nan desu Watashi tte~,134,2270264
Mili,sustain++;,126,1190357
Wakeshima Kanon,Tsukinami (Cut Ver.),180,2404305
Demetori,Crimson Belvedere ~ Eastern Dream,165,107565
Mr.Kitty,After Dark,70,217416
May'n,graphite/diamond (TV Size),195,1482906
Yellow Zebra & Den Kai Seisakusho,Hoshiiro Yozora,124,18004
Hanatan,Avenir,184,2417172
JENNY ROM,WWW.BLONDE GIRL (MOMO MIX),170,588799
YUZUNO,shining! our life (short ver),175,714343
MyGO!!!!!,Mayoiuta,190,2064958
Riya,Shooting Star,175,2293586
Yumeko,Ayano no Koufuku Riron,86,350660
Brian The Sun,HEROES (TV Size),198,686414
BTS,Spring Day,107,619854
yanaginagi,Harumodoki,174,1906935
shoujo byou,Last Dance,190,2327625
Poppin'Party,STAR BEAT! ~Hoshi no Kodou~,195,951110
Emiru no Aishita Tsukiyo ni Dai San Gensou Kyoku wo,Gengaku Opera House,183,1347917
MIMI,Mizuoto to Curtain (Cut Ver.),186,2391166
GARNET CROW,Kimi no Omoi Egaita Yume Atsumeru HEAVEN,152,1971175
Shiina Mahiru (CV: Iwami Manaka),Kimi ni Todoke (TV Size),146,1963052
ClariS,CLICK,135,145550
Aqours,Brightest Melody (MOVIE SIZE),185,1007637
Omoi,Teo,185,1274098
Bora,Shine,183,809992
Ito Kanako,Fatima (TV Size),179,1655301
Masayoshi Minoshima feat. nomico,Dreaming,135,1914040
A Wake In Providence,The Unbound,260,2475944
DragonForce,Extraction Zone,200,903585
Silver Forest,Todokanai Eien no Kyori,168,1280488
Marika,Knowing,140,2374630
senya,"Shounen yo, Tokkou no Sakigake to Nare",155,562169
Ouse Akira,Hiyoku no Sakura,178,1298109
Kato*Fuku,You Gotta Love Me!,177,236837
May'n,Belief,208,1604959
DJ OKAWARI,Canon,98,1688753
Petit Rabbit's,Nichijou Decoration,125,187454
WON,Hate Killer,160,2464068
LE SSERAFIM,UNFORGIVEN (feat. Nile Rodgers),104,2223676
Rachel (CV: Chisuga Haruka),Pray (TV Size),80,809754
8284 vs wa.,Adularescence,190,119438
Duca,COLD BUTTERFLY,190,125380
Daniel Ingram,"A True, True Friend",120,81493
DCX,Flying High (DJ Splash Remix),176.09,22194
zakuro,Tasogare no Odoriba,120,1800829
Junichi Masuda,Tokiwa e no Michi - Masara yori,125.7,667454
EastNewSound feat. Chata,Tsuisou Jojou Kyoku -lycoris-,175,1743800
Yumeno Yuki,Natsu no Hi Graph (Short Ver.),124,2401116
Ikimonogakari,Kimagure Romantic,170.03,1721563
ChouCho,Haiiro no Saga (TV Size),184,1292150
REDALiCE feat. anporin,Beautiful Dream,182,463361
Arctic Monkeys,From the Ritz to the Rubble,190,415039
NicoNicoDouga,Cirno de Gozaimasu!,124.02,3367
JAWNY,Honeypie,115,2283381
Imperial Circus Dead Decadence,Yuuaku no Inori - Anima immortalis est. -,270,2478873
Tadokoro Azusa,RESOLVE,195,2154215
HyuN & Ritoru,Apocalypse in Love,180,1071677
Aether Realm,Craft and the Creator,130,1212378
Coalamode.,Nanairo Symphony,155,911000
Vaundy,saikai,150,2406011
"Hello, Happy World!",High Five Adventure,198,875667
MaxNRG,Hide Away My Heart,174,502928
binaria,Kamiiro Awase,150,506771
EiK feat. Raimu,a wonderful days -rebirth-,192,1430653
pre-holder,Houmurisaru Hana,136,360144
Ave Mujica,KiLLKiSS (TV Size),200,2298154
Duca,Shiawase no Otoshimono,163,559622
Sangatsu no Phantasia,PINK LEMONADE (TV Size),191,890173
lexxndr,nettwork,173,2551034
PSYQUI,Hype feat. Such,172,1068409
Hanatan,Kitsune no Yomeiri,175,46813
"Memphis Cult, Groove Dealers, SPLYXER",9mm,155,2113967
Nanamori-chu*Gorakubu,Chochocho! Yuru Yuri*Capriccio!!!,190,533707
earthmind,ARCADIA (Short Ver.),177,81843
AcesToAces,stay with me,128,793868
Fleshgod Apocalypse,The Fool,230,2027968
Ceui,MeltyMoment,174,1082635
ZUN,Meiji Juushichi-nen no Shanghai Alice,144,1229515
Yoko Shimomura,Hachamecha Music,167.95,1660540
Dance Gavin Dance,The Backwards Pumpkin Song,156,2281747
grasun cat,ruriair,140,1074503
yanaginagi,landscape,161,244001
Isekaijoucho,Kurenazumu Yakusoku,185,2000691
Two Steps From Hell,Invincible,180,904134
Thaehan,Ohayou !,188.5,1525573
Misokkasu,Rising Rainbow (TV Size),195,1672319
Lotus Juice feat. Azumi Takahashi,It's Going Down Now,168,2134935
Guilty Kiss,Guilty Eyes Fever,136,864242
Ai (C.V.Ootsubo Yuka) Mai (C.V.Uchida Aya) Mii (C.V.Uchida Maaya),Girigiri Saikyou Ai Mai Mii!,185,754300
yourness,Kago no Naka ni Tori (TV Size),81,1202748
ginkiha,Paved Garden,187,1172219
Jessica Lange,The Name Game,165,316809
the peggies,DIVE TO LOVE,172,1760961
rN,onostrapha,239,2261067
wakaG,Yozora ni Saita Hana,180,1470434
Yooh,snow storm -euphoria-,180,158075
Mayumi Morinaga,Glitter (Starving Trancer Remix) feat. Another Infinity,140,2249483
Red Pulse,Open Your Mind,144,972185
Calliope Mori x Gawr Gura x DECO*27,Q,178,1699993
DIALOGUE+,Omoide Shiritori,172,1432816
Pierce The Veil,King For A Day (feat. Kellin Quinn),226,1074059
BiBi,Fuyu ga Kureta Yokan,98,262741
Diao Ye Zong feat. Meramipop,Sekaijuu no Dare yori mo,167,1346056
yanaginagi,Zoetrope,184,599195
Jack Stauber,Peppermint (feat. Lexy),123.38,1436961
Rick Astley,Never Gonna Give You Up (Cut Ver.),113.34,2271479
Shimotsuki Haruka,Re:Call,93.01,221364
kessoku band,Karakara (TV Size),190,1898410
frederic,Kanashii Ureshii (TV Size),142,869519
Demon King,And He Shut His Eyes in Anguish,240,2518387
dj TAKA,Colors -sasakure.UK Futurelogic Remix-,150,317439
yuikonnu,Otsukimi Recital,195,107763
Monster Siren Records / PMP,Break Through the Dome,190,2223549
Two Steps From Hell,Election Daze,140,821735
ViViD,HIKARI (TV Size),210,1665472
mafumafu,Yuugure Semi Nikki,190,60096
GFRIEND,MEMORIA,137,848112
Imany,Don't Be So Shy (Filatov & Karas Remix) (Nightcore Mix),150.43,634851
ZAQ,VOICE (TV Size),184,137338
Maduk,Taking Control (feat. Lachi),174,1746310
Rinjinbu,Be My Friend (TV Size),145,56401
MuryokuP,Sweet Sweet Cendrillon Drug,195,72834
H-el-ical//,The Sacred Torch (TV Size),210,1609345
YUC'e,Future Candy,180,546820
Hanatan,Romeo and Cinderella,170,132591
HIMEHINA,Hitogata (TV Size),150,942714
Zetsubou Shoujotachi,Zetsubou Restaurant,150,450762
Capi,"Watashi, Idol Sengen",180,2059725
"The Kid LAROI, Justin Bieber",Stay,170,1530913
Ray,lull ~Soshite Bokura wa~ [TV Size],133,150578
Itou Kanako,Waltz,145,3746
Utsu-P & Minatsuki Toka,Natsu Matsuri (TV Size),142,1311371
Shinsei Kamattechan,Yuugure no Tori,89,688427
GALNERYUS,DESTINY,184,1541596
Mental Cruelty,Abadon,200,1643018
Ave Mujica,Symbol I : Fire,236,2199053
Silentroom vs. Frums,Aegleseeker,234,1458224
Kotone,PUNISHMENT (CUT VER.),234,2156050
Hyadain,CRASH!! (Let's Do It),135,1626624
James Sharp,Kickin' It With You (TV Size),240,2321964
Toyama Nao,Wagon,206,1669004
Ceui,Have a live day,184,1732413
Ice Nine Kills,IT Is The End,186,2284596
Duca,I'm in the side,180,1110601
Yamamoto Mineko,Rinne,179,997192
solfa feat. Ceui,primal,185,1122445
Iori Nomizu,Ma.Ka.Se.Te Tonight ~TV SIZE EDIT,181,244026
monii & Johnny R feat. Neuro-sama,LIFE,172,2337780
Mitchie M,BLOOMING THE IDOL,180,73976
Lunatic Sounds (feat.eFeL),CassiopeiA,180,42338
YUI,again,140,623911
NightHawk22,Animation Warrior Theme,190,2500158
Thalia,Arrasando,132,1930803
REAL SHIT BASTARDS,RS Neutralaiza,206.9,2254366
ALiCE'S EMOTiON,Look For The Truth,170,485987
tsunamix,stella maris,155,2120912
TRakker,Trail of Dust,182,1255817
Shimotsuki Haruka,Star map,190,1785097
culenasm,Helsinki no Yume,187,1083875
Aoris,memeism,170,2455185
CHiCO with HoneyWorks,Hikari Shoumeiron (TV Size),200,1423377
Tomato n' Pine,Nanairo*Namida (TV size),127,34196
Ray,lull ~Soshite Bokura wa~ (TV Size),133,150571
School Food Punishment,RPG (TV Size),175,113964
TK from Ling tosite sigure,katharsis (TV Size),144,861289
"ryo (supercell) feat. mafumafu, gaku",takt (TV Size),181,1598150
Fujiwara Chika (CV: Kohara Konomi),Chikatto Chika Chika (TV Size),178,2028314
Suzuki Konomi,AVENGE WORLD (TV Size),185,1557051
NICO Touches the Walls,Niwaka Ame ni mo Makezu,186,1237462
Sasuke Haraguchi feat. Choten-chan,Cubibibibism,185,2225917
TrySail,Utsuroi,208,1433678
senya,Koakuma Ringo (EUROBEAT Remix),157,2146723
F-777,Unsafe Speeds,170,1311130
PassCode,PROJECTION,210,1667367
Max Coveri,Golden Age,155.6,30549
Mami Kawada,See visionS,164,533712
Ceui,"Ima, Arukidasu Kimi e.",87,402680
Study,Kankei Houteishiki,140,1123312
"TEA,ginkiha",Luvin'Epoch,170,592259
Isekaijoucho,To the endless sky,128,2463421
Suara,Hikari,135,1100497
nao,Dimension Tripper!!!! (TV Size),188.2,1481341
Feryquitous,Ordirehv,191,935602
hololive IDOL PROJECT,Hyakka Ryouran Hanafubuki,175,1476012
LiSA,crossing field,179,700024
ano,"Chu, Tayousei. (TV Size)",153,2013109
Sonoda Umi(CV.Mimori Suzuko),Yuuki no Reason,180,403625
Billy Fogarty,Jumpin' Jack Flash,149,4422
Pedro Silva,Tee-hee Time,198,2191700
Nekomimi Mahoutsukai,LittlE HearTs,200,2524830
SOUND HOLIC,break through the night,152,2088553
RD-Sounds feat. Meramipop,enemy of the society,165,1176404
Mutsuhiko Izumi,Snow Goose,200,21754
Hana,Kuukirikigaku Shoujo to Shounen no Uta,182,1410968
Chocofan,LUCKY CAT,167,1980142
Blue Stahli,Throw Away,86,1061411
Hakushi Hasegawa,Doku,203,1674871
"Hatsune (CV: Ohashi Ayaka), Shiori (CV: Koshimizu Ami)",Smiley Contrast,170,967502
Iori Kanzaki,Bukiyou na Otoko,206,2441540
Yorushika,Replicant,190,1761390
Horie Yui,True truly love,204,1415113
mafumafu,Kakushigoto,200,770023
Tsukuyomi,Konna Inochi ga Nakereba,252,1277983
Sound Horizon,Yoiyami no Uta,182,396118
irohaRingo feat. Hatsune Miku & Kagamine Rin,GO TO HELL!,210,2193509
HyuN,White Aura,200,891333
Shakira,"Whenever, Wherever",107.7,1272029
kamome sano,starlights feat. TEA,174,1136708
Masayoshi Minoshima ft. nomico,Bad Apple!!,138,13177
Hana,Kuukirikigaku Shoujo to Shounen no Uta,182,1164291
S3RL feat Harri Rush,Nostalgic (Nightcore Mix),195,591442
Jason Derulo,Acapulco (Sped Up Ver.),183,1699922
Toyama Nao,Sayonara Moratorium,174,1664606
Ryu*,We're so Happy,185,456072
REDALiCE,ALiVE,170,359749
Anan Ryoko,Refrain,160,111386
HAG,Hoshikuzu Orchestra,185,804193
Yui Sakakibara,Koigokoro to Beat!,185,433128
Ayumi.,Hanagoyomi short version,180,762144
Rise Against,Savior,225,509675
a crowd of rebellion,Crocus,210,1778235
Sasaki Sayaka,"Sakura, Reincarnation",181,1742473
THE ORAL CIGARETTES,Kyouran Hey Kids!!,142,371118
Takanon feat. sana,Shitsuren Repeater,172,1041941
DystopiaGround,AugoEidEs,207,2495660
CHiCO with HoneyWorks,Gamushara (TV Size),194,1568645
yanaginagi,Toaru Kaizoku Ou no Kimagure,180,118762
fhana,tiny lamp (TV-size),179,392758
Yousei Teikoku,The Creator,280,41242
Dreamcatcher,MAISON,120,1755115
Lady GaGa,Bad Romance,238,10583
Metrik,Freefall VIP (feat. Reija Lee),174,749003
BUMP OF CHICKEN,"Hello,world! (TV Size)",211,1166888
nowisee,confusion,176,2303095
mary,Kaisei,172,2244513
BABYMETAL,Arkadia,200,2265690
RichaadEB & AHmusic,"Reach for the Moon, Immortal Smoke",164,2289073
DJ Amane,Drop It Down Like (fang Remix),175,227949
"Team ""Hanayamata""",Hana wa Odore ya Irohaniho,160,2006178
Conagusuri,Karakasa Funtouki! ~Lactoferrin no Hate e~,185,2108799
Nothing But Thieves,Painkiller,175,1221724
Nanahoshi Kangengakudan feat. Hatsune Miku,No.39,282,2091778
CROSS VEIN,Black Fairytale,220,2388355
Susumu Hirasawa,BEACON,130,2063328
DJ YOSHITAKA,FLOWER,173,29996
senya,Arehateta Chijou no Uta,160,434397
II-L,Asteroid Field of DECAPLETS,170,1666685
Imperial Circus Dead Decadence,Uta,205,1781677
u's,LOVELESS WORLD,157,1575700
senya,Kafka Naru Gunjou e,138,1030134
Orden Ogan,Nobody Leaves,198,2138767
KyoKa,Ouran Romancia,148,1606712
TJ Davis,Can You Feel the Sunshine?,158,1893876
UPLIFT SPICE,Kanojo,140,1171142
UNDEAD CORPORATION,Put curse on you,140,1276314
Shade,Mars,138,1276364
MY FIRST STORY,REVIVER,200,2088337
Nicki Minaj,Super Bass,127,39043
Diao Ye Zong feat. Kushi,Yuumeikyou o Wakatsu Koto,151,1936480
Remo Prototype (CV: Hanamori Yumiri),Sendan Life (Cut Ver.),227,2226197
Nico Nico Chorus,Leia,190,38484
NIWASHI,Playing with Ruby,180,1306570
BAND-MAID,I can't live without you.,180,1093430
Lilja Katsuragi (CV: Kana Hanaiwa),White Night! White Wish! (Game Ver.),175,2480147
Lon,Yuru Fuwa Jukai Girl,216,2285802
NegaRen,OCTOBER STARLIGHT 4EVER! SIDE B (pt. 1),237.9,2456963
Suzaku,CONTRACT,180,33819
Lieless,WE ARE THE PEOPLE,170,2123963
Kanye West,Love Lockdown,119.6,1583836
TJ.Hangneil,Kamui,210,39017
hikota,Acceptance,171,2301725
Takahashi Yu,Hikari no Hahen,116,511758
Tsuda Minami & Ookubo Rumi,Girl's Power de (TV Size),178,147639
Kuroneko Dungeon,Lilieze to Enryuu Laevateinn,200,637301
DJKurara,Goodbye,195,866436
Aharen Reina (CV: Inori Minase),AHAREN HEART (TV Size),116,1746540
ZAQ,Last Proof,196,2314820
Venetian Snares,Hajnal,174,97902
MILLIONSTARS,Rat A Tat!!!,192,2429649
UNDEAD CORPORATION,Death is just the beginning,120,1160488
D-51,BRAND NEW WORLD,160,1806511
Narae,Horang Pungryuga,160,388769
Yousei Teikoku,"Aru Tsuioku, Bouchou Uchuu ni Okeru Shinkai Sunawachi Suiten",190,1607459
Ayane,Arrival of Tears,200,2197519
Asaba Rio,Futari Dake no Curtain Call,145,1982720
Demetori,Heartfelt Fancy ~ Prie a Dieu,85,248162
Cho Tokimeki Sendenbu,SUKI! ~CHO ver~,165,1961544
Momohara Natsuki (CV: Murakawa Rie),Natsuzora Yell (TV Size),170,814360
Wang Rui,Tao Hua Xiao,160,1087774
Kushi,Yuumeikyou o Wakatsu Koto,151,440423
BlackY,Double Pendulum,172,555786
Tokyo.MeltiMelt,I ain't need my heart feat. Hatsuki Yura,208,1800571
"Pecorine (CV: M.A.O), Kokkoro (CV: Itou Miku), Karyl (CV: Tachibana Rika)",Yes! Precious Harmony!,177,2150254
Jibaku Shounen Band,No.7,190,1413965
inabakumori,Lost Umbrella,274,1455997
Itowokashi,Kanadeai,192,1089616
Go Ichinose,Ooame,127.45,660933
RURUTIA,ABINTRA,102.2,2322901
Eve,Avant,186,1715131
Matrix & Futurebound,Fire (feat. Max Marshall),174,975615
The Sundays,My Finest Hour,145.32,2175591
ChouCho,My dear friend,158,206079
Nanahoshi Kangengakudan,Rubik's Cube,174,2288047
Ricky Montgomery,Snow,150,1106176
LOONA,Hi High,194,2218204
"Slava KPSS, DK",Shizodiskoteka,172,2237208
P*Light,Storm Buster,193,454843
OkameP,EdelWeiss,150,119911
nayuta,Aoi no Canvas,186,2073087
BoA,MASAYUME CHASING (Speed Up Ver.),150.9,214667
Shiena Nishizawa,Meaning,190,1507226
Perfume,Nee (Short Ver.),128,1219911
Kano,Souzou Forest,180,2328348
The Paws Element,Koshki + Sobaki (Cut Ver.),140,1860076
ribbon room,mint tears,188,1976200
Nekomata Master,Greening,146,530173
Iori Nomizu,Black + White (TV EDIT),192,419409
Aoi Eir,Shinzou,190,2226162
KARUT,After School Dessert,160,2154762
Aimer,Brave Shine,85.5,331058
Kobayashi Yuuya (IOSYS) feat. miko,Pizza ga Tabetakute Shouganai Minasan no Kimochi o Daibenshimashita,160,1971676
Utsu-P,Baby Deathmatch,272,646368
"25-ji, Nightcord de. x Hatsune Miku",I am you,185,1897775
Roxette,The Look (Cut Ver.),95,1670578
Getty vs. DJ DiA,DropZ-Line-,200,727049
Yuuri,BETELGEUSE,90,1619572
Lil Uzi Vert,20 Min (Cut Ver.),123.4,1277762
Clifton David Broadbridge,Metal Masters Theme (TV Size),185,2072517
twenty one pilots,Chlorine,90,933987
Aqua Timez,Alones (TV Size),190.32,59411
Hirano Aya,Bouken Desho Desho (TV Size),150,6400
Mr.Kitty,A New Hour,120,437703
Samira,It Was Him (Nightcore Mix),102.45,41896
TOMORROW X TOGETHER,Opening Sequence,72.5,2109635
Clairo,Sofia,113,1346543
T-ara,Like The First Time,152,103163
KARD,Bomb Bomb,103,950639
S3RL,MTC (Radio Edit),175,716630
Such,Envy Baby,171,1428781
Celldweller,Senorita Bonita,110,353368
K/DA,"MORE feat. Madison Beer, (G)I-DLE, Lexie Liu, Jaira Burns, Seraphine",142,1288125
cinnamons x evening cinema,summertime,132,1239626
ClariS,Kimi no Shiranai Monogatari (Cut Ver.),165,1191205
Poppin'Party,Daydream cafe,150,2167862
PassCode,Ray (TV Size),196,1852365
Uchida Maaya,My Star is Here!!,192,805555
Yorushika,Toumin,180,1228356
Ryokuoushoku Shakai,Hana ni Natte,192,2085236
D.O.D feat. Carla Monroe,Still Sleepless (Ekko & Sidetrack Remix) (Cut Ver.),174,2205783
YABUJIN,Mereana Mordegard Glesgorv,103.5,1738174
sphere,HIGH POWERED(TV ver.),187,421936
Suzuki Konomi,DAYS of DASH (TV Size),160,1973663
Spira Spica,Koi wa Miracle (TV Size),175,1061057
COOL&CREATE,Usatei 2011,190.1,1730730
VINXIS,Applause,120,2530761
ELFENSJoN,Naraku no Majo,248,1671498
Hige Driver join. SELEN,Dadadadadadadadadada,156,2473608
Disasterpeace,Adrift,99.25,1171207
Hanazawa Kana,sweets parade (TV Size),103,45326
MARETU feat. Hatsune Miku,Manemane Psychotropic,210,1352410
Hanatan,If,208,478938
Oohashi Takuya (from Sukima Switch),Katamari on the Wings,106,1867650
Pastel*Palettes,Happy Synthesizer,127,932654
The Beatles,A Hard Day's Night,138,1786226
Owl City,Gold,168,61876
Will Stetson,KOALA,200,2078554
Liz Triangle,Myoujin Henka,133,559843
AAAA Chazuke,Sayonara Cosmonaut [Long ver.],201,869960
MY FIRST STORY,Home,175,1029822
Isekaijoucho,Replica,240,1879663
yanaginagi,asterhythm,170,1482951
Falcom Sound Team jdk,Hope Alive,185,2007277
Ke$ha,Your Love Is My Drug,120,1993522
ARCANA PROJECT,Tomedonai Shiosai ni Bokutachi wa Nani wo Utau Darou ka (TV Size),164,1592501
Little Glee Monster,"Dakara, Hitori Janai",180,1474832
Guchiry feat. IA,I feel so sad.,220,1882522
tyomnyy prince,overdose,84,2445532
iojjj,Deus Ex Machina,180,1661798
Nekomata Master feat. *spiLa*,Clumsy thoughts,153,1544696
May'n,graphite/diamond (TV Size),195,1047833
hololive IDOL PROJECT,Shiny Smily Story,168,1151079
Aoyama Misao,Kimi no WIND SONG,134,48596
dBu music,Higan Kikou ~ Titanic of Stygian,155,382664
Monophobia Studio,Suspense,60,144668
,Speed Over Beethoven,169,96
KANA-BOON,Silhouette (TV Size),183,1073101
LiSA,Rising Hope,190,183876
Yooh,Dynasty,189,83094
Toyosaki Aki,MORE&MORE,178,125303
ReoNa,ANIMA,193,1219288
Haruka Tomatsu,Q&A Recital!,182,229323
beethow,ya yebus' s harumachi,142,2319131
Aimer,Hoshikuzu Venus,73,629373
Kawada Mami,as x sist ~Amae Beta na Watashi Nari ni~ (Short Ver.),168,836969
Arima Kana (CV: Han Megumi),Piiman Taisou,168,2011719
Lenka,Trouble Is a Friend,118,2429820
Vickeblanka,Black Rover (TV Size),204,1199834
Reol,Jitter Doll,180,846759
ASIAN KUNG-FU GENERATION,Dororo (TV Size),185,982857
Lil Baby x Gunna,Drip Too Hard,112.5,1179995
Giga-P,LUVORATORRRRRY!,128,153206
Hatsuki Yura,happy day,178,66411
tsunamix,new moon illusion,160,2136127
AISHA,Radiant Dawn,184,2427256
Equilibrium,Waldschrein,200,2392249
Jeff Rosenstock,Killer Headache (feat. Pierce Jordan),269,2578911
MUZZ,Endgame,175,1853515
Duca,1/5 Short ver.,161,452412
arcane feat. rionos,Kuraki Koutetsu no Verga (Full ver.),174,1077956
ryota,ODDS & ENDS,192,1509977
Camellia,d:for the DELTA,174,396370
Halozy,K.O.K.O.R.O & S.A.T.O.R.A.R.E,178,2308851
Riryka,principle,180,1868562
Akki feat. Nanahira,Longing for the wind,177,2546763
gmtn. (witch's slave),furioso melodia (2017 VIP),155,1009732
Junichi Masuda,Battle! Mew,181,118311
Lindsey Stirling,Senbonzakura,154,277421
AMOYAMO,LET'S GO OUT! (TV Size),178,2096740
Official HIGE DANdism,White Noise (TV Size),143,1974209
Kazuma Kiryu (CV: Takaya Kuroda),Like A Butterfly feat. Riona,185,2496438
ChouCho,Yasashisa no Riyuu (TV Size),177,850453
Toshiyuki O'mori,Justice,142,18616
Redside,Sidequest,180,1876071
Yousei Teikoku,still alive,180,1109705
7_7,;w;,174,2122395
UNISON SQUARE GARDEN,Nonfiction Compass,184,929596
Yin Lin & Aki A Jie,Qian Si Xi,86,1074239
ZAQ,Sparkling Daydream (TV Size),175,60588
BRIGHT,Ichinen Nikagetsu Hatsuka,119,90499
yanaginagi,Vidro Moyou (TV Size),131,48935
Krewella,Live for the Night (Nightcore Mix),150.93,1204367
Kagura Mea,Kimi no Shiranai Monogatari,165,2526164
whiteeeen,Ano Koro ~Jin Jin Bao Zhe Ni~,84,1502725
Nanahira,Petals,192,592381
Tatsh,Lunatic Tears... (Tatsh Remix),176,1460718
P*Light feat. Nanahira,Fly Away!,180,442178
SymaG,Tensai Rock,196,2061858
ALiCE'S EMOTiON,Imagery,142,43009
XX:me,escape (TV Size),206,786195
Sqwore,Nenavizhu poryadok,182.85,1967252
YUIKAORI,Ring Ring Rainbow!! (TV size),181,330887
Chino (CV. Inori Minase),Mirai Puzzle,160,536219
shiroAN,Warrior Oath,180,1960571
DJ SHARPNEL,STRANGEPROGRAM,215,2468641
Atoguru,Itoshi Kimi wo Mitsuke ni,170,29044
Camellia feat. Nanahira,Hakuraku,222,894415
Harano Oni,Trauma,190,1919476
Rin'ca,Kimi ga Hohoemu kara,147,2124640
Primary,Depressing,73,822603
MY FIRST STORY,Fukagyaku Replace,200,1198125
Souei Academy Light Music Club starring i.o,Sekai de Hitotsu no Takaramono,192,52048
void,Dedication,170,969312
Mia Taylor (CV: Uchida Shu),White Delight,178,2319486
C.I.L. Cafe,Just a fool loves you,171,377622
"Reychi, CUPSIZE",Violetta,150,2361621
Seinabo Sey,Pistols at Dawn (Culture Shock Remix),174,344264
Kagamine Rin,Black Rebel,200,28425
Endorfin.,white night story (Cut Ver.),188,1882321
suzumu,isolation (Instrumental Opening),170,365272
7TH SISTERS,Star*Glitter,171,479547
Armada,Asal Kau Bahagia,67.5,2370363
supercell,My Dearest (TV Size),167.8,2263792
Tatsh,Fuushi Kaden,200,15486
yuki.,Nadeshiko Sensation,200,1003554
ROCKY CHACK,Perfect World (TV Size),150,18363
tokiwa,Syuou Sange,170,2325386
Hayakore Tatsumi,Thousandth Sky (Over Clouds Mix),155,2455788
Yousei Teikoku,Kokou no Sousei,240,2480525
Asriel,veladonna,278,2209849
Eleharmonica remixed by kors k,Der Wald (kors k Remix),170,581787
Shiyui,Hollow,190,2304917
HyuN,Infinity Heaven,160,891345
Ocelot,TSUBAKI,199,364574
Casandra,Junpaku*study time,172,637224
Rita,Dream Walker,175,353237
the pillows,Ride on shooting star,138.53,2203200
Matrix & Futurebound,Fire (feat. Max Marshall),174,2090063
miComet,Animal,188,1690091
The Prototypes,'Don't Let Me Go' Feat. Amy Pearson (Original Mix),174,424568
PSYQUI,Hype feat. Such,172,2345053
OLIVIA inspi' REIRA(TRAPNEST),a little pain,79,2142236
Klippa,Expansion Port,170,77019
Code Red,18 (Dan Winter Edit),140,734864
Red Velvet,Peek-A-Boo,115,701658
Shimotsuki Haruka,Kaleidoscope,157,1644045
Parry Gripp,Guinea Pig Olympics,160,1031162
A-One feat. Shihori,My destiny,157,1886063
USAO,Showdown,178,688191
Maroon 5,Moves Like Jagger ft. Christina Aguilera,127.98,135413
Maduk,Go (feat. Lachi) (Cut Ver.),174,1675558
Takayuki Iwai,MORRIGAN Stage (Scotland),133.85,2279441
Mrs. GREEN APPLE,Ke-Mo Sah-Bee (Cut Ver.),195,1234909
Kana from AIKATSU * STARS!,8-gatsu no Marina,148,2276527
Hana,Start Line,190,1692929
DUSTCELL,Inochi no Yukue,200,1438629
Baby D,(Everybody's Got To Learn Sometime) I Need Your Loving (Radio Edit),160.07,2012476
fhana,Watashi no Tame no Monogatari ~My Uncompleted Story~ (nenpulse bootleg remix),175,1034168
Acylica,yoshicorsace,192,1842665
john,Utage,175,1842709
pomme'tto,Nuiguru Meets,184,2512845
Ogura Yui,Songs Compilation,170,1812298
Inori Minase,Koiseyo Otome,174,1935510
Liz Triangle,Yoru no Circus,192,932457
CoMETIK,Kudaranai ya,182,2208372
BUTAOTOME,Rasen Zetsubou,220,2449780
HOYO-MiX feat. Robin (VO: Chevy),Hope Is the Thing With Feathers,128,2178908
Luna,Shinsekai no Alpha,190,2019387
Nekomata Master+,nightbird lost wing,190,1053490
Azuna Riko,Kimi ni Furete (TV Size),90,2009608
Kawada Mami,belief (Cut Ver.),184,2096969
senya,Daichi ni Saku Senritsu,120,2201916
CHiCO with HoneyWorks,color,180,2525712
Argonavis,Hoshi ga Hajimaru (TV Size),182,1662608
Zemlyane,Trava u doma,129.88,940700
Nekomata Master+,squall,190,1958773
NANA,Pettanko LOVE (Short Ver.),180,44761
"Taichi You, Yamane Nozomi, Naganawa Maria, Abe Rika",WISHNESS,184,975194
Chasers,Lost,170,151878
Ito Kanako,fake me (samfree's Science Adventure Dance Remix) (Cut Ver.),165,1441726
DJ Mashiro,Prismatic Lollipops,202,1948365
Berryz Kobo,Maji Bomber!! (TV Size),190,1886832
Hanazawa Kana,Meiwaku Spectacle (TV Size),157,155039
Faylan,Shuumatsu no Fractal,171,150081
u's,Snow halation,173,2276443
Sangatsu no Phantasia,Hajimari no Sokudo (TV Size),170,1531850
Belmont,731,180,1159959
Tsunku & Masami Yone,Game Select (That's Paradise Instrumental),170,40826
ROMANCEPLANET w/ STAKILLAZ,FALL FROM THE SKY PT. 2 (NOSTALGIC),148.4,2365544
Rin'ca,Kiseki no Itazura,103,1709393
Kousaka Umi (CV.Ueda Reina),Hitomi no Naka no Sirius,188,458911
KIVA,The Whole Rest,157,1328714
Coldplay,Clocks,130.98,1815533
T.M.Revolution,Resonance,165,4781
SkylarZYX,LG Washer End Tune,100,2178451
Jeff Williams,I Burn (Extended Remix feat. Casey Lee Williams),140,137196
Nyankovsky,Paraselene,190,1891622
PUP,Sleep In The Heat,229,1141879
Sewerslvt,Kawaii Razor Blades (Astrophysics Remix),170,2233697
Bullet For My Valentine,Deliver Us From Evil,189,475946
Sharlo,Eisou Youga ~Meikyou Shisui~,170,380740
Nekomata Master,Far east nightbird,180,34203
Madotsuki@,Ikanaide,191,1812844
zts,lastendconductor,139,333965
Nobuo Uematsu,Dark Saint,120,1525
Eri Sasaki,Ring of Fortune,158,347875
Lia,Tori no Uta,122,1836970
Nanahoshi Kangengakudan,anoko dokonoko,132,654452
M2U,Nightmare,190,16069
SHK,Holic,150,18046
Marina & the Diamonds,E.V.O.L,127.76,178104
SPYAIR,Kill the Noise (TV Size),210,2494507
Toyama Nao,FLOWER,190,1988994
bbn,Identic Conflict,178,49188
Renard,Jet Jet Jade,155,663752
kohu,kirby's dreamland 3 stage 1-4 remix,219,1547726
Minato Aqua,Good-bye sengen,170,1448237
Clokx,Angels,140,79225
Marie & Shimotsuki Haruka,Hane no Naki Chou,143,35666
Sasaki Sayaka,Atlantico Blue,177,2317331
Tamura Yukari,MERRY MERRY MERRY MENU... Ne!,180,162675
Two Steps From Hell,Dragonwing,180,936546
Kageyama Hironobu,GET THE WORLD,173.94,308733
Simon Safhalter,Always a cycle (GLB Toxic Remix),220,2429529
soraru,Ringo Uri no Utakata Shoujo,225.2,568198
ABSOLUTE CASTAWAY,Konpeitou Retrotica,180,1522511
Asakura Kirika (CV: Akabane Kyouko),new world,140,2095243
"Takamori Aiko (CV: Kaneko Yuki), Doumyouji Karin (CV: Nitta Hiyori)",Hohoemi Diary,180,1837642
Shimotsuki Haruka,Kaleidoscope (Short Ver.),157,34772
YAIRI,KUUKAN<=>Formation,186,1033379
Ayane,Lunatic Tears...,176,2209266
Faylan,Grimm,186,507292
yama,Yuurei Tokyo,124,1422289
BPM15Q,Hakuchu-mu,174,1072748
Eve,raison d'etre,152,1085435
Kano,Platonic Love,190,449183
FLOW,Kaze no Uta (TV Size),142,901211
Mili,Utopiosphere,176,180002
Lucian Piane,Legs,123,522808
iroha(sasaki),Meltdown (Game Ver.),165,2397080
Fractal Dreamers,Paradigm Shift,200,900006
Hirose Kohmi,Groovy! (TV Size),123,1264630
TryHardNinja feat. CaptainSparklez,Revenge,120,1009836
Mili,Summoning 101,186,2231504
RhythmHolic,GLP Dubstep Intro,139,130725
Yuusha Party,Endoro~ru!,140,2493921
Shiritsu Ebisu Chuugaku,Butterfly Effect,169,953322
Umeri,paranoia,150,150914
CLC,No oh oh,93,473049
Katakiri Rekka,(^3^)chu Dere Rhapsody,168,51052
Kana Nishino,Darling (Cut Ver.),160,1367731
CHiCO with HoneyWorks,identity,185,1255260
TOKOTOKO (NishizawasanP),Happy End no Intro ga Kikoeru feat. Panaman,190,1327813
Maki,Dilaw,126,2233207
Hirose Kohmi,promise,123.98,1094694
Kohana Lam,Heartbeat of the Stars (TV Size),121,2471053
POLKADOT STINGRAY,Keshin,160,1311266
MIMI feat. HARU,Maple,120,2149162
Takamiya Nasuno (CV:Narumi Kyoko),MeniMeni ManiMani (TV Version),154,506003
Mental Cruelty,Nordlys,240,1999022
Inori Minase,brave climber,190,1873914
Jack Lenz,Goosebumps Theme Song (TV Size),105,2466779
Sleeping With Sirens,If You Can't Hang,192,1000309
Feint,Drifters (feat. Elizaveta),174,951304
Rex Hooligan,Anywhere (feat. Pillerin) (osu! edit),174,2557961
SCREEN mode,Naked Dive (TV Ver.),158,401790
DIALOGUE+,Omoide Shiritori,172,1439210
SEKAI NO OWARI,The Peak (TV Size),132,2054995
solfa feat. Chata,Miracle infinity,180,1989275
Jonas Blue,Rise (feat. IZ*ONE),106,943052
Uchida Maaya,Hana Tsubomi Yume Miru Kyoushikyoku ~Tamashii no Shirube~,184,89888
YOASOBI,Idol (TV Size),166,1983927
bladee,Hero of My Story 3style3,148,1457453
Eine Kleine,"Kyouki Douwa ""Daiyonshou OZ""",115,807090
Yousei Teikoku,Schwarzer Sarg,175,1127824
Yurry Canon feat. GUMI,Suicide Parade,176,1113533
XX:me,escape (TV Size),206,803569
Haruna Luna,Kimiiro Signal-TV size ver.-,164,258165
Sueco,Loser,193,1928616
Flux Pavilion,Pull The Trigger (Maduk Remix),175,1279136
momori,Togameru Kage (Cut Ver.),180,2011620
Various Artists,Super * Affection (TV Size),184,1645707
Toromaru,Enigma,198,460380
Courtney Gears,Death to Squishes,122.5,52550
Halozy,Shining / STREAM,155,419244
Junichi Masuda,Shion Town no Thema,125.75,325899
Tia,Nirvana,144,361877
Dirtyphonics & Sullivan King,Sight of Your Soul,150,730205
Hatsune Miku,Mythologia's End,195,48979
YUKIYANAGI,Thousand Lights,170,1107784
Kitsune^2,SKUGGIN' AROUND,168.33,111631
tayori,Wonder,195,2247532
Treyarch Sound,Pareidolia,200,320957
ABSOLUTE CASTAWAY,Toushin Gengi,197,2049859
Kotoha,Yuki wa Naniiro,179,2040284
SECONDWALL,Shizuka na Yoru ni (Cut Ver.),180,1370680
Fractal Dreamers,Celestial Horizon,200,752921
B Komachi,POP IN 2 (TV Size),176,2374775
Marie,Rocket Love Panic!,166,57359
MUZZ,In The Night (feat. Sullivan King) (Cut Ver.),175,1573693
hitorie,On the Frontline (TV Size),194,2320873
ONIMAI SISTERS,Himegoto*Crisisters (TV Size),183,1909723
Amamiya Sora,Tsuki Akari,91,224294
S3RL,"Well, That Was Awkward",175,660109
BACK-ON,STRIKE BACK (TV Size),180,2198896
fortuna,Magna Idea,148,282185
10lettername,Mario Kart In Detroit,92.5,1749468
Chihara Minori,Paradise Lost (TV Size),165,204020
Matsushita,Hey Darling!,282,684242
Mario & Ming Yue,Ruo Dang Lai Shi,170.08,503416
Chocofan,Flandol (Cut Ver.),166,2431270
The Super Mario Players feat.Kate Davis,"Jump Up, Super Star! (Short ver.)",204,653168
Fellowship,The Frozen Land feat. Philippe Giordana,200,2189464
Whispered,Jikininki,220,750201
Green Day,Letterbomb,180,983253
hitorie,On the Frontline,194,2352699
TUYU,Donna Ketsumatsu ga Onozomi dai?,190,1875378
nano.RIPE,Toumei na Sekai (TV size ver.),180,226559
Koga Koharu (CV: Yuri Komori),Yorimichi Little Star Koga Koharu Solo Remix,189,2274907
Little Non,Hanamaru*Sensation,190,2442142
Rita,Little Busters! -Ecstasy Ver.-,151,39293
ime44,Na,190,2252431
Sano Hiroaki feat. Tatsumi Megumi,Tsubomi (Long Ver.),184,2340541
Posanke,STEP by STEP UP,175,1234592
CHiCO with HoneyWorks,Gamushara (TV Size),194,1513461
SawanoHiroyuki[nZk]:mizuki,&Z (TV Size),158,1602500
Koizumi Monaka,Kamisama no Iu Toori <3<3 (Make a wish come true!) (Short Ver.),206,2354431
GUHROOVY,LA FESTA LA VITA!!,180,195823
KINEMA106,Asu e no Kyoukaisen (Cut Ver.),185,2558364
Feint,Vagrant (feat. Veela) (Cut Ver.),175,2498781
Matsutoya Yumi,"Haru yo, koi (FlyJay Edit)",176.25,745401
AKINO from bless4,MIIRO,195,297645
sugosugiii,Maelstrom,180,2412254
Lunatic Insomnia,Whispers In The Dark,203,1265837
R-note,Desire Shooting,158,2455224
Mayhem,It's Murder (pt. 1),145,2530078
Yonder Voice,Shrine Maiden - Eien no Miko,140,1958919
Shiraishi Yuzuki (CV: Hayami Saori),Followback ga Tomaranai,150,1165664
Hoshii Miki (CV: Hasegawa Akiko),M@STERPIECE,128,1058874
cillia,"Fairytale,",194,1000669
HyuN,Tokyo's Starlight,156,1011055
DJ Noriken,#The_Relentless_(Modified),170,331821
Toyama Kasumi (CV: Aimi),Kira Kira Boshi ~Hajimari no Stage Ver.~,176,673949
Dirty Androids,Midnight Lady,128,1176375
Sasaki Sayaka,World End,150,50393
halca,Sentimental Crisis (TV Size),167,914756
Study,"Can now, Can now",160,1067636
ArtiSTARs,Kimi ni Magic-kyun! (TV Size),165,2341293
saya,The Girls Are Alright! (TV Size),168,895173
Tomatsu Haruka & Yahagi Sayuri,Apple Panic!? (TV Size),158.1,45125
T-Pistonz+KMC,Supernova! (TV Size),164,1485806
REOL,YoiYoi Kokon,150,552854
miraie & blackwinterwells,facade,169,1320542
Pierce The Veil,Texas Is Forever,228,451070
Yuuhei Satellite,"Yuudachi, Kimi to Kakurega",150,1931429
jippusu,Mushikui Saikede Rhythm,210,87547
Aburamushi,Nico Nico Douga Matenrou,184,825164
Aether Realm,The Tower,230,2150260
A-One feat. Shihori,Bamboo Dance,156,2075280
Shpongle,Dr. Vinklestein Says,190,1750091
seiya-murai feat. ALT,Sumidagawa Karenka,179.99,1356636
USAO,Miracle 5ympho X (Extended Mix),210,230739
Aoi,Quartzshaper,188,2091789
Pastel*Palettes,Fantastic future,172,936166
The Gentle Men,2019 Guy,162,1080671
Tatsuya Kitani,Seija no Koushin,158,1608109
Zachz Winner,linga guli guli,135,2407755
DJ YOSHITAKA,Evans,185,22301
Inori Minase,Arpeggio,133,2231258
Uchida Maaya,Resonant Heart,185,2244675
Another Infinity feat. Mayumi Morinaga,kotone,135,82094
KAF,Tatoeba,210,1850935
nenpulse,Gateau au chocolat,180,1072889
Porter Robinson,Goodbye To A World,128,561131
Fuji Aoi,Hajimari no Oto,183,1555609
Shimotsuki Haruka,Youka to Yumeutsutsu,186,746498
Kurubukko,Rain,200,1578257
Polyphia,Nasty feat. Jason Richardson,130,1017505
Tama,Saigetsu (Midnight Moon Walker Remix),176,57126
Poppy,crystallized,152,2302000
Wayne Sharpe and John Siegler,Yugioh! Theme,140,765548
Suzuyu,Euphorium,186,544197
Jibaku Shounen Band,No.7 (TV Size),190,1487638
Toy*GunGun,The Bravest Destiny,167,331116
Sofieru,Ochiba,185,2321908
Otokaze,KaeriMichi,102,209841
Hanatan,Sasabune,176,810642
LiSA,"best day, best way",180,1474076
Yamamoto Mineko,Rinne,179,1077553
Daniel Ingram,Raise This Barn,130,71542
Hasu,Migrating in Circles,169,2511199
supercell,Hakushu Kassai Utaawase (TV Edit),167,332515
Hitomi Sato,Route 201 (Day),120,2039668
Ogura Yui,Clear Morning,103,1373879
Lady Gaga,Judas,131,47887
Gekidan Record feat. Nekomata Master,Houkou Orpheus,150,879051
MYTH & ROID,Paradisus-Paradoxum,201,485788
SawanoHiroyuki[nZk]:Yosh,scaPEGoat(TV size),78,378328
Imy,Countdown,230,2443994
A-One feat. Aki,Darkish,165,2112194
senya,Tokuiten no Kaibutsuteki Kanjou,156,2463988
Mikakuning!,Tomadoi Recipe,170,154114
Rin'ca,Pleasure garden,153,2178627
Chitose Haru & Kumagai Eri,Perfect Free,178,456387
ippo.tsk,oyasumination,190,2286364
Vamerya,Nebosvod,180,2370059
Street,Sakura Fubuki,175,362989
Harumaki Gohan,Zero Talking,133,2254715
Hatsuboshi Gakuen,Campus mode!! (Game Ver.),183,2403818
AOP,Hanamaru Pippi wa Yoiko Dake (TV Version),172,431220
Kitamura Eri,Taste of Paradise,131,26892
SECONDWALL,Light,188,1373974
Fujimiya Kaori (CV: Amamiya Sora),Kanade (Shadren Remix),180,741193
Kat DeLuna ft. Busta Rhymes,Run The Show (Nightcore Mix),131.25,32854
Days N' Daze,Misanthropic Drunken Loner,190,442587
Johnny Berglund,Angry Nu Metal Trailer No3,200,1025944
Aoi Yuuki,Mata Ashita,125,29513
Louis Cole,Blimp,152,1883139
senya,Kanjou Chemistry,165,2223887
Various Artists,drop pop candy (Multi-Language Version),130,477623
DAY6,Time of Our Life,175,2249618
Osamu,Kaikai Kitan,185,1397696
Steve Aoki,New Blood (Koven Remix) (Cut Ver.),175,1545512
Ogura Yui,Platinum Passport,172,695018
Kawada Mami,Hishoku no Sora (TV Size),169,2464620
fripSide,Red Liberation (TV Size),177.5,2079708
RiceGum,Its EveryNight Sis feat. Alissa Violet,99,1989408
Koto Spirit,Locus of Hexagram,174,2412260
Sasaki Sayaka,Love's Oracle,168,1279822
Olivia Rodrigo,good 4 u,169,1477257
sasakure.UK,Hisekai Harmonize feat. Kagamine Rin,220,934960
SHK,Halloween Party,155,1682134
Slipknot,All Out Life,213,2283537
TAROLIN feat. Katakiri Rekka,Cardinal Rave,160,1116399
ZAQ,Dance In The Game,135,1871920
Silly Stu & Spencer Vann,McDonald's in the Pentagon,172.23,2332485
Bonjour Suzuki,Ano Mori de Matteru (TV Size),88,255701
Allj,Suzuki,125,836883
Claire Rouge (CV: Ibuki Kido),Blade Dance,187,2115723
Ito Kashitaro,"Fairytale,",194,1811481
Ayakura Mei,Romantic Fall,175,25174
FELT,Hail Storm (MZC A BraneWalker House Remix),134,189480
Seven Lions,Summer Of The Occult,170,442983
Itou Kanako,Hacking to the Gate (TV Size),161,33428
The Offspring,Hit That,131.92,2307
forestpireo,Emotional Blush,158,21623
Function Phantom,Neuronecia,177,186911
Hatsuki Yura,HAMELN,130,43446
Marika,Knowing (Short Ver.),140,2363360
Official HIGE DANdism,Yesterday,130,1821116
Mia Taylor (CV: Uchida Shu),White Delight (Cut Ver.),178,2468266
Kotoha,TONDEMO-WONDERZ,172,2152977
Haruna Luna,Stella Breeze (TV Size),148,595758
KOTOKO & Satou Hiromi,One-Chance!! (Short Ver.),143,59364
BAND-MAID,Sense (TV Size),205,2275807
Earth Star Dream,Yumeiro Toridori Parade,138,520404
Hana,Aerodynamics Girls and Boys Song,182,32430
Galileo Galilei,Natsuzora,135,154196
Lan Lao SKAI ISYOURGOD,Ba Fang Lai Cai,123,2342836
Lexurus,Take Me Away (Cut Ver.),174,1572918
toby fox,His Theme,90,475469
Feint,Snake Eyes (feat. CoMa) (Sped Up & Cut Ver.),200.1,2544551
solfa feat. Shimotsuki Haruka + Ceui,STUDY STEADY (Game Ver.),175.01,2532890
Narae,SPiCa,162,59255
youman,R.I.P.,270,2475339
Halozy,Secret Sister Complex,153,683123
Tsukiko,Hotarubi,154,724098
Denkishiki Karen Ongaku Shuudan,I pray,180,810466
Juno Reactor,Guardian Angel,142.86,965524
Shindehai,KUMIKYOKU EPIC ROCK VERSION,185,448399
Sakaue Nachi,Crazy Hot,162,54289
Shounen Radio,uen,200,2110774
Megami Ryousei,Naughty Love,162,1820067
Prico,Doko made mo Tsuzuku Kono Michi o (nenpulse bootleg remix),174,2348973
Zomboy,Nuclear (Hands Up),87,449299
Mili,Vitamins feat. world's end girlfriend,191,1911093
DJ Okawari,Luv Letter,95,40071
GUMI,PANDA HERO,190,25461
Ayane,Itsumo Kono Basho de,90,549739
Uruha Rushia,Omoikou,86,1714807
Painty the Pirate & Kids,SpongeBob SquarePants Theme,120.1,143939
Thyro Alfaro,Champion Energy 2.5mins 062017,125,559511
dj TAKA,True Blue,164,418922
REDALiCE feat. Usada Pekora & Sakura Miko,Peko Miko Daisensou!!,180,1303143
P.D.P.,A Word To The Wise,200,890157
PolyphonicBranch feat. Katakiri Rekka,Angelica,230,1951399
a_hisa,"Cheshire,s dance",200,148003
KOTOKO,Princess Bride! (Cut Ver.),155,1997114
EGOIST,The Everlasting Guilty Crown (TV Size),172,48069
Liella!,Shooting Voice!!,171,1928266
Dreamcatcher,YOU AND I,194,779107
"Run Girls, Run!",Diamond Smile,190,1856102
Metrik,Parallel (feat. Grafix),174,1911900
Uchida Maaya,Soushou Innocence (TV Size),205,761562
Uchida Aya,Sign,102,1255939
Tatsumi Megumi feat. Sano Hiroaki,Itazura na Tenshi to * Christmas Eve,182,2084849
Imy feat. Aitsuki Nakuru,Mizukagami,90,2274845
Mami Kawada,JOINT -TV Size-,180,349504
AAAA vs. Morimori Atsushi,Xrocus,202,1508694
iann dior,Sick and Tired feat. Machine Gun Kelly & Travis Barker,145,1239705
GIRLFRIEND,sky & blue (TV Size),157,1015463
Yousei Teikoku,The Creator,280,2280398
Demetori,Kanjou no Matenrou ~ World's End,178,888200
Dark PHOENiX,Ryokugan no Jealousy,218,1530977
Cranky vs. MASAKI,ouroboros -twin stroke of the end-,188,1052054
charon,Seventeen RPG,266,304888
Aitsuki Nakuru,Presenter*,240,799156
IOSYS,Kanbu de Tomatte Sugu Tokeru ~ Kyouki no Udongein,200,1442363
Team.Nekokan,Airman ga Taosenai (10-shuunen version),210,1585350
BABYMETAL,Akatsuki,170,1747115
Suzuki Konomi,Yume e Tsunagu Ima,158,2224476
Taishi,goldenslaughterer (Taishi's VW2 Edit),138,410530
TOMOSUKE x Jazzin'park,LANA - Kiroku no Kakera -,168,1021387
Kim Ryung Hee,Sugar Sugar Rune,148,2072532
Grynpyret,Boba Beach,158,327224
Sariyajin,Ao no Senritsu,196.05,124500
Nanaki feat. GUMI,Mousou Kajitsu,200,1724638
Marmalade butcher,Open Scar Unending,180,2471983
Rche,entelecheia,185,1163688
ChouCho,Happy Fate,144,408807
THE ORAL CIGARETTES,Monster Effect,186,1605898
QUEENDOM,Ciki Ciki Bam Bam (TV Size),128,1763152
solfa feat. Ceui,primal (game ver.),185,2434704
halca,Kokuhaku Bungee Jumping (TV Size),185,1193921
Chino (CV: Minase Inori),Mahou Shoujo Chino,170,875806
Kotoha,Yuki wa Naniiro,179,2004195
Misato Aki,Glitter,180,365826
Sasuke Haraguchi feat. Kasane Teto,HITO Mania,150,2070848
Oratorio The World God Only Knows,God only knows -Secrets of the Goddess-,160,108296
Himeringo,Shinitai-chan,132,519318
MIMI,Shijima ni Saku,88,1205717
Harry Styles,As It Was,174,1814804
Xanthochroid,In Putris Stagnum,220,2545928
FELT,Puppet in the Dark,171,326636
-45,Konba Poison Reverse,153,2250284
MiddleIsland,"Piano Concerto No.1 ""Scream""",165,110126
senya,Tokuiten no Kaibutsuteki Kanjou,156,2462140
ave;new feat. Sakura Saori,Piste SMILE Non-stop!!,212,98038
BrokeN,Kyouran Hey Kids!!,142,1135450
Can't Stop Won't Stop (feat. Fresh Big Mouf),Mighty & High,118,770361
cosMo@BousouP,25-ji 76-pun Hatsu <<Ryouiki Gai>> Iki Saishuu Ressha,176,1807738
Sangatsu no Phantasia,Sakasama no Lady,152,1283950
Kola Kid,timer,180,1089084
Rammstein,Mann gegen Mann,166,396339
Mutsuhiko Izumi,Red Goose,200,46239
Refresh,Summertime (ekowraith remix),144,30581
Tatsh feat. Tsukiko,Floating Darkness,182,22173
t+pazolite,Twisted Twit,180,498466
TrySail,Cobalt TV Size,170,337250
MABODOFU,Animal,188,1781316
Various Artists,Nightcore Mix Compilation,166.25,185177
FELT,Runway Drive,160,105244
Masafumi Takada,Monomi Sensei no Kyouiku Jisshuu,122,2242138
chelly,Calc.,173,1430387
Saitou Chiwa,Futakotome (TV Size),132,42716
nmk,sola,195,427407
Duca,Niflheimr (Short Ver.),159,63609
Naiara Azevedo Ft. Maiara e Maraisa,50 Reais,139,652903
ITO KASHITARO,Setsuna Plus,155,226731
HoneyWorks feat. Kaguya (CV: Yuko Natsuyoshi),"Watashi wa, Watashi no Koto ga Suki. (Short Ver.)",193,2478377
Rita,Panorama Blue,160,713347
Apink,Boo,135,384978
M2U,Marigold (ft. Guriri),160,594884
Darren Korb and Ashley Barrett,In the Flame,164,469756
TERRA,EDEN,200,32120
Creo,Nautilus,124,1015289
ClariS,border -TV MIX-,178,459564
nora2r,B.B.K.K.B.K.K.,170,1372554
Marshmello x YUNGBLUD x blackbear,Tongue Tied,93,1098397
Masayoshi Iimori,Non Stop Rock,172,1719626
Hanatan,Gingaroku,98,1003562
DJ Totoriott,Chloe,176,768982
BeForU,Himawari,185.01,1296
YOASOBI,Yoru ni Kakeru (Ryox Remix),130,1464608
Co shu Nie,Lamp (TV Size),180,2221696
MADKID,RISE (TV Size),165,904629
yozurino*,Mirai Melody,125,519583
Demonic Resurrection,The Eye Of Eternity,230,2588266
t+pazolite feat. Rizna,Distorted Lovesong (Full length),240,1959806
Imperial Circus Dead Decadence,"Haishita Shoujo wa, Haiyoru Konton to Kaikousu.",224,890412
Liz Triangle,Messiah,167,1104025
Luxion,High-Priestess,196,93398
Sayuri,Hana no Tou,170,1807138
DJKurara,Japanese Transformation,260,2310987
KOTOKO,Wing my Way,118.04,2553526
Aether Realm,Tarot,190,2531897
Chicala Lpis,Kaefig,127,705769
Foreground Eclipse,A Songs Compilation Reflected Cold & Cruel,191,1696620
FELT,Lost / Lies in Reality,204,2258024
Demetori,Silent Voyage to Eternity,170,14309
Dylan Wyatt Gordon Beats,Squidward Yell,177,2438840
sHimaU,SLOTcore Is Dead,270,306012
Vektor,Fast Paced Society,152,298996
Yamamoto Mineko,Rinne,179,1018061
Plum,Maelstrom,195,1679690
SHIKI,Pure Ruby,178,39325
Iguchi Yuka,Hey World,180,1874860
kors k feat. Rie,Rising in the Sun(original mix),172,26742
zts,miragecoordinator,150,1841988
Akashi Maho (CV: Kagami Karin),Fantastic future,172,1951832
S.S.H.,The Decisive Battle with the Fugitives,226,145215
HoneyWorks,Watashi no Tenshi feat. Narumi Sena (CV: Amamiya Sora),168,1085461
CLAN QUEEN,Searchlight,190,2500236
Visions of Atlantis,Where the Sky and Ocean Blend,147,2354586
THE BINARY,"Hana ni Ame o, Kimi ni Uta o",240,2184589
DragonForce,Defenders,190,2090597
BUTAOTOME,Hana,180,2186687
Sentire,Takigyou Lv28,200,2309587
Hanekawa Tsubasa (CV: Horie Yui),chocolate insomnia,162,1790424
UNDEAD CORPORATION,Hafuri,145,624607
Nanahoshi Kangengakudan,Meisou Suru Saraband,185,1103560
SENTIVE,Kaikyou no Natsu,130,69104
xi,Glorious Crown,225.5,1697518
Igorrr,Tout Petit Moineau,212,212180
Down,nanoya,140,2014469
Silver Forest feat. Nano,(9) destiny ~ Zutto Cirno no Turn,172,1714809
HO-KA-GO CLIMAX GIRLS,Hanasaka Sai Sai,178,2094935
Yorushika,"Hachigatsu, Bou, Tsukiakari",220,1961449
Mr. Sauceman,Unexpectancy,200,2003790
ZUN,Kagayaku Hari no Kobitozoku ~ Little Princess,164,1494893
Yanagi Mami,Hikari Hanate!,174,1329947
Yazawa Nico (CV: Tokui Sora),Snow halation (NICO Mix),173,1051318
Midas,Groove Control,158.85,2327657
sasakure.UK,Chimera feat. Annabel,165,1103928
Water Color Melody.,MotherGoose o Kikinagara,174,1347987
Endorfin.,Esora,167,1857720
Lia,Heartily Song,161,1769755
Halozy,Aqua Trytone / Kanshou no Matenrou,183,1716100
illion,AIWAGUMA,176,533037
Alstroemeria Records feat. ayame,SACRIFICE (Original Mix),180,1161525
HOYO-MiX,A Dance in Fire,140,2266231
FELT,Oblivion,182,814101
SOUND HOLIC,Requiem For A Nightmare,140,1781824
Gawr Gura,REFLECT (Turbo feat. tian nya Eurobeat Remix),160,1698279
Diao Ye Zong feat. Meramipop,Saifu 'Kamiasobi no Uta',154,813890
Ling Yuan yousa,Qie Yi De Shi,180,2418920
Rib,Yonjuunana,172,580994
Touno Sakura,PRIZM/CIRCUiT,155,2142220
USAO,Cthugha,213,1981085
ELECTROCUTICA,Chaining Intention,140,1952256
Atarayo,Haku,200,2547244
Mary,Vivid,180,1230253
WALKUERE,Absolute 5,150,2259582
Aoki Chihiro,Kodou,121,687511
BL-Records,Midway Colors,180,591534
PUP,Scorpion Hill,291,2450769
nano,Palette,180,83112
Maneki Kecak,Atashi no Nokori Zenbu Ageru,182,2376245
Kagamine Rin,"I Like You, I Love You",122.55,9104
Naru Hakobe (CV: M.A.O),Neko Matsuri,160,660752
D.J.Nero,Joker,184,405524
Denkishiki Karen Ongaku Shuudan,Zangeki yo! Unare! Houkou no Gotoku!,200,1827917
DM DOKURO,Universal Collapse (Cut Ver.),200,2296556
DUAL ALTER WORLD,CONSOLE1 (Cut Ver.),210,1267302
Islet feat. isui,Hakujitsumu,144,1897177
Eisyo-kobu,Oriental Blossom -Eika Shuuei-,180,1023172
rikvinyas,Shittsui no Majo,155,2421010
Suzuki Konomi,Ao no Kanata (TV Size),188,1003234
USAO,Extra Mode,195,579451
CHiCO with HoneyWorks,Himitsu Koigokoro (TV Size),165,1799410
SECONDWALL,Beautiful Lie,126,1337432
Yellow Claw,Good Day feat. DJ Snake & Elliphant,104,1040120
Silent Spica,Anhedonia,180,60136
Tatsh,Lunatic Tears...(Tatsh Remix),176,26743
chano & 40mP,Kiritorisen,165,1480477
London Elektricity,Just One Second (feat. Maki Nomiya),173,1091146
Inori Minase,MELODY FLAG,182,1928253
Neru,Idola no Circus,181,92976
ClariS,Anemone,140,955753
Nico Nico Douga,U.N. Owen Was Her?,200,1785
marumoko,Saikyou->Saijaku*Metamorphose,264,2423380
Noisestorm,Crab Rave,125,891596
kors k & REDALiCE,S2TBTANO*C Anthem feat. Yukacco,173,605748
KINEMA106,Fumetsu no Gekijou,190,1985962
ClariS,Luminous,173,753062
BiBi,"Natsu, Owaranai de.",140,290499
nano.RIPE,Esoragoto,184,49399
shoujo byou,platonic colors,165,2131670
Eri Sasaki,Ring of Fortune,158,317236
senya,Kachou Fuugetsu,123,887451
Takeya Yuki(CV.Minase Inori),Sora ni Watashi no Sunshine,200,476646
Zeng Zhihao,Demon Sword,180,49414
Pierce The Veil,Circles,162,736339
SOUND HOLIC,PRESERVED VAMPIRE,170,1635625
SawanoHiroyuki[nZk]:Tielle & Gemie,sh0ut,106,641854
Epik High,Fly,128,1761846
Yasuda Rei,Sunny,170,2464983
Napi feat. GUMI,Betrayal Alice,153,2274639
ur pretty,Keep Riding Me,164,1934992
Shiena Nishizawa,Brand-new World,205,1958421
KAIKA,Mermaid,125,2507273
"Masuda Junichi, Kageyama Shota",Sentou! Yasei Pokemon,194,1938234
II-L,V804N (BMS Edit),160,2063899
Boyinaband,We Wish You A Merry Christmas (Boyinaband Liquid DnB Remix),175,390318
Daisy x Daisy,Towa no Kizuna feat. Another Infinity (TV Size),144,39758
Megpoid GUMI,Chocolate,180,52732
philo,God-ish,142,1722410
Atarayo,Kyokuya,178,1928309
Chai Found Music Workshop,Zeihen ~transformation~,120,25503
Kairiki bear,Manemane Psychotropic,210,113398
Amatsuki,Kimi Dake wa.,175,1173774
cadode,Kaika,176,1754413
tokuP,ARiA,175,1072413
Taylor Swift,Last Christmas,116,233233
Rhodanthe*,Jumping!! (TV Size),175,2096473
San-Z,Come Alive Stripped. (Game Ver.),80,2295953
Yu-Peng Chen @HOYO-MiX,Nimble as Lightning,200,1366894
Veritas Unae,~DISK 1~,80,586306
a_hisa,Alexithymia,180,1062260
Houshou Marine,Ahoy!! Warera Houshou Kaizokudan*,170,1482982
Silver Forest,Kero (9) destiny,172,1670776
55x55,TIPA PRIVIDENIE (feat. Utopia Show),128,634648
Vanilla Kiss,Just for Tonight (Arctic Stars Remix Edit) (Nightcore Mix),170.4,155496
Exyl,MOAI MONEY,100,2079919
Woodkid,I Love You,146,882108
yuki. feat. setsunan,Hello! World,170,785650
Ryu* vs. L.E.D.-G vs. ZUN,PARADISE GHOST,200,1074982
Empty old City,Daisy Crown,168,2341894
Asaka,Natsuyume Noisy (TV Size),160,2318606
F-777,He's a Pirate,150,33119
SID,V.I.P (TV Size),185,618552
The Lonely Island,Like a Boss,150,10363
PSYQUI,Still in my heart feat. Punipuni Denki,172,1698303
FREDERIC,Kanashii Ureshii,142,635597
My Chemical Romance,Na Na Na (Na Na Na Na Na Na Na Na Na),166,22461
Miranda!,Hola,121,1890031
Ohashi Ayaka,"Please, please! (TV Size)",180,2029964
LeaF,Kyouki Ranbu (extended ver.),230,1600135
tn-shi,the wind's final wish,190,2416828
Luze,HERA (LONG Version),185,1482719
Jun.A,Ghost Lead,167,47516
ClariS,Careless,185,1596835
Ogura Yui,Lovely Happily Shiny Days,160,2294279
Ceui,Haruoto*Veil (Game Ver.),180,2195431
EGOIST,Fallen,193,232052
keshi,blue,80,1738163
"Petit rabbit's with beans, Hayami Saori, Kayano Ai",Happy Happy Birthday Song,160,2279410
SYNC.ART'S ft. Sakaue Nachi,Green Grass Garden,175,47779
Aiobahn,INTERNET ANGEL,160,2009205
Tsuzuri,NAME (TV Size),183,2363446
Suzuki Konomi,Theater of Life (TV Size),198,1218183
KISIDA KYODAN & THE AKEBOSI ROCKETS,night birds,184,949316
V Lila F (CV: Kayano Ai),Tanemo Shikakemo Arifurete,180,212599
"Sakura Miko, Houshou Marine, AZKi",Kiss me! Choose me!,188,2105253
Suda Keina,veil,150,1023081
Spira Spica,Ao to Kirameki (TV Size),173,2398699
DIALOGUE+,Easy? Hard? Shikashite Susume! (TV Size),175,2116325
Hatsune Miku,Vegetable Juice (Po Pi Po) Ryu Remix,168.37,14984
MUZZ,Start Again (Lexurus & Dualistic Remix),174,1724649
Kitamura Eri,witch spat out a curse,195,1133446
EGOIST,KABANERI OF THE IRON FORTRESS (TV Edit),175,440868
Nakanoke no Itsutsugo,Gotoubun no Kiseki (Movie Ver.),156,1769990
Suzuki Konomi,Redo,190,545351
GALNERYUS,ULTIMATE SACRIFICE,184,1360496
DUAL ALTER WORLD,Veracila,200,1428384
Kagetora.,Battle of Salvation,200,2260078
Apocalyptica,Repressed,158,281459
xi,.357 Magnum,178.5,155749
UNDEAD CORPORATION,Blow,230,1019640
S3RL,Little Kandi Raver (Original Mix) (Cut Ver.),175,1108252
CLIFF EDGE,Sayonara I Love You feat. jyA-Me,110,533689
Crevasse Lamp,Hare Mata wa Shirokami,187,64961
xaptiox,etheria,175,2535709
Suzumiya Haruhi (CV: Aya Hirano),Super Driver (TV Size),200,2256403
*namirin,only my railgun,143,734352
Dio ft. Sef,Tijdmachine,196,6997
Inori Minase,REAL-EYES,176,1677237
Reol,+Danshi,180,2305858
ALTIMA,I'll believe (TV size),142,355195
yuikonnu,Yakimochi no Kotae -another story-,190,2545863
wa. remixed celas,Suishou-Sekai ~Fracture~,180,28984
DJ S3RL,Little Kandi Raver,175,28145
Helmet,Crashing Foreign Cars,189.72,1756149
Mori Calliope,MERA MERA,124,1847288
nano.RIPE,Real World (TV Size),196,69328
Yu-Peng Chen @HOYO-MiX,Qilin's Prance,154,1676335
ReX,Magnetism,160,878574
"Nicky Jones, Dwight Schultz, Tara Strong, John DiMaggio",Chowder Theme Song (TV Size),170,1419842
DJ THT,Head Over Heals (Nightcore Mix),180,267403
Twin-Tails,Twintail Dreamer!,198,231842
Sasaki Sayaka,"Kiseki nanka, Iranai.",195,1735297
Neru,Re-Education,163,58773
Haruna Luna,Sora wa Takaku Kaze wa Utau (TV Size),96,48609
Hoshimi Production,Shine Purity ~Kagayaki no Jundo~,176,2228373
Good Kid,Aloe Lite,180,1726337
MindaRyn,SURVIVE (TV Size),185,1980796
JEON SOMI,XOXO,145,1642211
Jami Lynne,Good Morning,90,1691148
biz x ZERA feat. LOLUET,Loveit?,144,2324239
Dragon Guardian,Tsuioku no Kuroki Makenshi,190,1846448
sokoninaru,Tenohira de odoru,215,773686
Tokyo.MeltiMelt,the Beautiful Cure feat. nayuta,219,1574009
Petit Rabbit's,Tenkuu Cafeteria (TV Size),154,1229067
Red,Let It Burn,132,950923
"Grimes, Lizzy Wizzy",Delicate Weapon,148,1346710
Juno,Focus,180,316562
Mayflower,Are you up yet,184,1832599
MY FIRST STORY,Itazura Fiction,183,477343
Rita,Little Busters! ~TV animation ver.~,151,200500
Hana,Sakura no Uta,180,1872783
ODDEEO + Karma Wears White Ties,Chinatown Blues [feat. Megpoid Gumi],127,883669
SymaG,Suns River Revive,185,958150
RED feat. Abydos High School Foreclosure Task Force,Mahiru no Sora no Tsuki (TV Size),132,2166446
Sarah Connor,Cold As Ice (PH Electro Remix) (Nightcore Mix),160,1681992
P*Light,NINJA,175,195307
"Hayase Yuuka (CV: Haruka Ran), Ushio Noa (CV: Suzushiro Sayumi)",Jingle Bells,128,2288241
Mikakuning!,Tomadoi Recipe (TV Size),170,1624554
ClariS,Irony (TV Size),134,22121
Mori Calliope,Kamouflage,126,1882867
brothel.,timmy.,60,560578
TOUYU,Delusion Girl,210,717276
Jens O.,Somebody (Cc.K Remix Edit) (Nightcore Mix),175,1710258
Spica,Make debut! (TV Size),180,1303625
AAAA,Lobelia (Short Ver.),198,2405043
AAAA vs. Frums,beepbit * futures,250,1633221
Dessiderium,Mother,200,1829583
Xi,Densetsu no Sabori Shinigami ~ Make a quick escape,195,1621473
"Null (CV: Waki Azumi), Peta (CV: Ueda Reina)",#NULL!*Peta,194,1541134
RSP,The First Star,178,1085908
FELT,Lies in Reality,204,568845
Mirage,Novyy geroy (Dance Remix),163.25,2293010
Nekrogoblikon,Mold,184,1061153
HyuN feat. YURI,Disorder,193,1632819
Blue Stahli,Throw Away,86,360528
La priere x ShinRa-Bansho,#Yamikawa,193,1979691
Benny Tornroos,Kay Muumilaaksoon (TV Size),165.82,1240966
Dear Jane,Lost,67.5,818551
Origami Angel,Neutrogena Spektor,190,1654912
Powerless feat. Sennzai,Lost Desire,170,2341395
Bali Bandits,Roll 'n Rock,128,1901736
"25-ji, Nightcord de. x Hatsune Miku",Jishou Mushoku,120,1864996
FELT,Summer Fever,120,1888937
Ceui,Asphodelus,160,2266977
Ichigaya Arisa (CV: Itou Ayasa),Su-Suki Nanka Janai!,166,796450
Galileo Galilei,Banana Fish no Hamabe to Kuroi Niji with Aimer,148,2415116
t+pazolite feat. Rizna,Distorted Lovesong,240,81694
Kairiki bear feat. Hatsune Miku,Telesto Teles,172,1196329
Symholic,Ghostology,200,2449449
Shannon feat. RIME,Solitary Industrial Revolution,220,2048022
unfeeling,necrosis of warm memories,230,2040003
StylipS,Prism Sympathy(Asterisk Remix),175,254309
onoken,P8107,180,192137
Hommarju,Shanghai Wu Long,171,918026
AiScReam,Ai <3 Scream!,132,2366248
Festa,Lemuria,191,835474
Reol,Midnight Stroller,140,388428
Akatsuki Records,"SAMURAI GHOST GIRL, KILL! KILL!",158,1073159
Yuuhei Satellite feat. Marcia,Heikousen no Koiwazurai,160,1471439
r-906 feat. Otomachi Una,Supernova,196,1895206
Yokomin,Yukari,187,1699079
Electronic Boutique,Aurora Borealis,153,13188
Kawada Mami,Wings of Courage -Sora o Koete-,160,1057765
kors k vs. L.E.D.,SOLID STATE SQUAD,155,15630
Toy-Box,Superstar,140,2469
eyelis,Page ~Kimi to Tsuzuru Monogatari~,159,1799325
Denkishiki Karen Ongaku Shuudan,Tori no Uta,128,1704454
Groove Coverage,Holy Virgin (Nightcore Mix),162,1629782
senya,Kimi o Nosete,160,288997
zts,worldenddominator,142,1174669
Symholic,Maisery,250,1322631
Crawk,Cercis,192,2193430
Fireflight,Unbreakable (Sped Up & Cut Ver.),111.4,1343602
Mitsukasa Ayase (CV: Sawasawa Sawa),PERFECT GIRL,136,1358125
Vivy (CV: Yagi Kairi),Sing My Pleasure,175,1457384
Silver Forest Feat. Aki & Sakura Mayuko,Summer time Heaven -after,132,729279
Tamura Yukari,Himitsu no Door kara Ai ni Kite (TV Size),184,141664
DJ ui_nyan,Shikairo Still Waiting,192,2230963
MikitoP,Akaito,170,674084
Snail's House,mint,162.99,2223627
run_cider,ideal encounter,120,2135133
mafumafu,Good-bye sengen,170,1489661
Crystal Castles,Birds,120,1339769
Tsuzuri,NAME,183,2061753
KOTOKO,Yumemiboshi * boom!boom! (Short Ver.),165,40924
muzzle-lab,SELFISH,207,352375
Mami Kawada,sense,168,258721
a_hisa,My Little Hero,200,1105378
QUARTET*RE-BOOT!,FUN FUN RE-BOOT,180,2270134
saradisk,220 - Kumano,200,471346
Hatsuki Yura,Nanka Ii Koto,156,278989
Good Kid,Witches,182,2416816
Kagura Mea,Kagura Mea Original Songs Compilation,183,1683677
Nene Amano,Arittake no I love you,140,2269879
YUZU,REASON,124,163012
UNDEAD CORPORATION,Flowering Night Fever,290,393663
Eguchi Takahiro,silver temple,180,154954
Survive Said The Prophet,MUKANJYO,190,1026970
Ayane,Azurite no Hitsugi (Artethia Remix),178,2129263
Kano,Dear Brave,188,364395
Aimer,twoface,183,1968432
Buerak,Svidaniye V Tramvaye,184,1058947
Duca,Shiawase Teigi (Short Ver.),158,80125
UNISON SQUARE GARDEN,Boujaku no Charisma (TV Size),189,2258799
MowtenDoo,El Bombito,153.89,239262
Rib,Young disease outburst Boy,190,404283
Dispel,Devotion,180,2530832
Galileo Galilei,Arashi no Atode,75,557368
Yorushika,Shayou (TV Size),124,1969268
weyheyhey !!,I'm Your Daddy (Extended Edition Bluray Box Set mix),230,2530390
DystopiaGround,AugoEidEs,207,95701
Uzuki Shimamura (CV: Ayaka Ohashi),Hanikami days,160,1585091
KISIDA KYODAN & THE AKEBOSI ROCKETS,Shinkou wa Hakanaki Ningen no Tame ni,190,1971276
FELT,Innocent Eyes,180.02,874026
Faylan,Enrei Black Out,192,1340611
Wonderlands x Showtime x Kagamine Rin,CYBERPUNK DEAD BOY,157,2276016
VINXIS,Greetings,200,288974
Italobrothers,Radio Hardcore,150,25337
Getty vs. DJ DiA,Engage-Rex-,200,1336197
Camellia feat. Nanahira,Energy * Drin-ko Fein-chan!,220,257407
mafumafu feat. soraru,ROKI,150,1587613
Sasaki Rico,Recollections,197,948717
96neko,Aimai Elegy,210,596833
HujuniseikouyuuP,MISTAKE,205,105245
Kano,"Sayounara, Hanadorobou-san",170,1894841
Electro.muster feat. Chiyoko,Come Home! Princess (Game Ver.),170,2443488
Project Grimoire,Caliburne ~Story of the Legendary sword~ (Game Ver.),190,2201387
Not Forgotten,Waiting,195,2323829
Parov Stelar,Catgroove,128,144955
paraoka feat. Acme Iku,chaosmaid (demo),189,2154821
Ichigo,Kuoria,170,87170
May'n,Chase the world (TV Size),170,50143
Tsukisaka Sayu (CV: Kito Akari),Rocket,175,1932072
"Harada Hitomi, Kayano Ai & Ogura Yui",Maware! Setsugekka (TV Size),159.99,122658
Horie Yui,The World's End (TV Size),240,1084537
Mitsukiyo,Midsummer cat,100,2021170
Nanamori-chu * Goraku-bu,Kimi ga Kureta Shiny Story,132,721227
nao,Blue-Love Chime,150,132064
Yamamoto Mineko,Rinne,179,2147593
Hoshimachi Suisei,Kyoushitsu ni Ao,169,2289643
bilbordy,ten',115,2163016
StylipS,Choose me Darling (TV ver.),150,342820
Soleily feat. SUNRaiSE,Rise Above,174,1767895
solfa feat. Shimotsuki Haruka,leap in your mind (Game Ver.),105,2266264
ZUN,A Drunkard's Lemuria (Retro Ver.),164,102412
kessoku band,Himitsu Kichi,180,1913753
UR@N,refrain moon,130,19607
TAKU1175 feat. dadaco,"Hate no Sora, Bokura ga Mita Hikari",178,2410672
TRakker,Trail of Dust,182,207045
Gessen Koshodou,Tabi no Owari to Shukusai no Yoru,148,1333245
Sizuk feat. Kotoha,Cotton Days,172,2158792
Lucky Star,Motteke! Sailor Fuku (REDALiCE Remix),171,3030
Little Glee Monster,OVER (TV Size),180,745451
Machico,Magical Happy Show!,145,52796
Duca,"Kanransha ~Ano Hi to, Kinou to, Kyou to, Ashita to~",175,1740096
DJ SHARPNEL,DRRRRRRR!,179.55,34112
OxT,grayscale dominator (TV Size),190,2118031
Lee Soo-in,Round and Round,105,2303153
nanobii,HYPERDRIVE,174,883505
Maeda Jun x yanaginagi,Kimi to Iu Shinwa (TV Size),176,1549271
JIN feat. LiSA,Headphone Actor,202,936267
Lundy,Septima,160,2122231
Tomita Miyu,OveR (TV Size),198,1770116
BlackY,Black Rose,180,2378815
Alan Walker feat. bludnymph,Beautiful Nightmare (Nightcore Mix),188.37,2262734
James Landino,Curtain Call (Finii's Theme),160,2175418
Jay Chou,Sunny Day,68.51,1760458
Chata,Winter Bells (Short Ver.),180,1871344
Nakae Mitsuki,"Pure Love, True Love",138,75761
sun3,Higan Retour,200,14464
IA,Six Trillion Years and Overnight Story,186,48760
Gero,~Outgrow~ (TV Size),186,147763
LM.C,88 (TV Size),175,1595977
BLACKPINK,AS IF IT'S YOUR LAST,125,630325
F-777,Hydra,200,1089683
Joji,SLOW DANCING IN THE DARK,178,902215
Chroma,Don't Fight The Music,200,1921355
yozuca*,Ima o Wasurenai (Short Ver.),190,2350860
HISATOMI,lullaby (feat. KIRA) (uet Remix),200,1513975
Ito Kanako,Uncontrollable,210,2246611
Imperial Circus Dead Decadence,Tinu rareta Syuren Ni Fukeru Homura,200,553100
Diao Ye Zong feat. Meramipop,Karakurenai no Kage,173,1041603
Momoi Haruko,Luka Luka Night Fever,160,21724
senya,Kegarenaki Euphoria,160,2141849
Morimori Atsushi,MilK,150,848309
Evil Activities,Make a Wish,170.02,20156
MOSAIC.WAV,Zen Sekai Teki Touch Panel,182,171723
LeaF,Monkey Business -Satire mix-,200,1221791
Goku Rakujo-kai,Oato ga Yoroshikutte... yo! (TV Size),189,332231
Pentatonix,Daft Punk,133,241877
Ushirokara Haiyoritai G,Koi wa Chaos no Shimobenari (TV Size),158,84008
Suzuki Konomi,White clover,175,1125034
ViViD,BLUE (TV Size),162,1321967
DA PUMP,Dragon Screamer,124,4910
NICO Touches the Walls,Niwaka Ame ni mo Makezu (TV Size),186,1723066
Klava Koka & NILETTO,Crush,150,2376218
Narae,Horang Pungryuga,160,200187
MAN WITH A MISSION,database feat.TAKUMA(10-FEET),177,164898
wotaku feat. SHIKI,snooze,150,1745709
Fuki,Sacred Bones Riot,200,1009680
THE BINARY mido,Ego mo Id mo Tanjun ni,145,1268824
Ponchi feat. Risa Yuzuki,Ironical Parade,200,2545702
KNOCK OUT MONKEY,RIOT,193,1286119
HAG,Chikyuu Saigo no Kokuhaku o,186,935549
Reol,Astronauts,150,602895
KISIDA KYODAN & THE AKEBOSI ROCKETS,Rewriter,186,1062721
Hayaya-P,Ping-Pong Dash!,172,58051
NICO Touches the Walls,Hologram,162.76,559651
the peggies,Centimeter (TV Size),140,1206286
Draw the Emotional & Foreground Eclipse,Stay by my side,160,327696
Iwami Takashi,Noraneko no Shinryaku (Cut Ver.),250,1237488
LM.C,BOYS & GIRLS (TV Size),188,1501123
Larval Stage Planning,Trip -innocent of D- (TV Size),164,1314744
AiNA THE END,On The Way (TV Size),186,2398149
supercell feat. Hatsune Miku,BLACK ROCK SHOOTER,165,217628
Luce Twinkle Wink*,Symphony,180,921283
"Rie Kugimiya, Eri Kitamura & Yui Horie",Orange (TV Size),140,55662
D-51,Brand New World (TV Size),159.99,20206
Eve feat. Hatsune Miku,Gunjou Sanka,168,1590367
Block B,HER,162,280597
Jan Wayne and Scarlet,I Touch Myself (Nightcore Mix),170.4,47007
Sonar Pocket,GIRIGIRI (TV Size),140,1148452
maki ligon,Chikatto Chika Chika,178,943606
iann dior,what is real,93.5,1263034
JVKE,moon and back,90,2146136
Linda Yang,Wo Niu Yu Huang Li Niao,154,143734
Marshmello,Alone,142,649264
MY FIRST STORY,Saishuukai STORY,215,535013
FELT,The Sun and Moon,86,1036438
Suzaku,Anisakis -somatic mutation type''Forza''-,185,60521
DNCE,Cake by the Ocean,119,2107187
Shinomiya Kaguya (CV: Koga Aoi),Kotae Awase,153,1329463
BUTAOTOME,Masshiro na Kutsu,226,2495307
DragonForce,Heart Demolition,185,1032444
DragonForce,E.P.M.,190,93914
3L,Spring of Dreams,153,739119
Inori Minase,Ready Steady Go!,190,1728474
Feint,Outbreak (feat. MYLK),175,2407638
T.M.Revolution x Mizuki Nana,Preserved Roses (TV Size),167,184970
Dzeko & Torres,2013 In 10 Minutes,129,159357
Yonekura Chihiro,Be braver!,170,1433072
FELT,Sky Gate,138,129534
AKASAKI,Shake na Baby (TV Size),170,2543498
CHiCO with HoneyWorks,Wolf,190,1257977
Nakanomori Ayako,Get the glory (TV Size),190,1508064
Mind Vortex,Arc,172,87509
Duca,Koisuru letter,178,1917288
Tsukuyomi,Moonlight at midday,140,1537310
LEMiao feat. YooSanHyakurei,Setsugen Tir na nOg,165,1857047
Geoxor,Stardust (Cut Ver.),110,1349715
USAO,Knight Rider,200,2238342
Arctic Monkeys,Still Take You Home,218,631466
ClariS,CheerS (TV Size),102,814145
Tezuka x Qayo,NINI,174,1041108
HOYO-MiX,Any Last Words?,120,1690574
Tommy heavenly6,PAPERMOON (TV Size),164,850902
Rakshan,Electronic Bitch (Nightcore Mix),170.35,78889
DAZBEE,Ibitsuna Kotoba (TV Size),178,2272280
LITTLE BIG,LollyBomb,120,703820
R3 Music Box,Legend,86,876635
Worm Shepherd,"And at the End of Fear, Silentium",240,2316660
Chata,Gusha,160,1861782
Niko,Made of Fire,162,10112
TRUSTRICK,Miraikei Answer (Anime OP Version),166,374184
Various Artists,Sword Art Online Compilation,134,854299
Vivid BAD SQUAD x Kagamine Len,Flyer! (Game Ver.),188,2277307
Hana,Eden's Song,162,88696
ClariS,Blue Canvas,134,2038252
Lime,8bit Voyager,182,1225869
zhanulka X Kakaya Raznitsa,krestiki-noliki,188,2258325
Eve,Kaikai Kitan (TV Size),185,1897201
"Iris Freyja(CV:Hidaka Rina), Mononobe Mitsuki(CV:Numakura Manami)",Ray of bullet,185,280999
Carly Rae Jepsen,Call Me Maybe (Nightcore Mix),138,56071
IOSYS,RE:Usatei,175,31343
Primary,Kimi ga Nozomu Sekai,180,485087
Naomile,LAST CHRISTMAS,123,701644
sajou no hana,Evergreen (TV Size),182,1276758
Giorgia,Gocce Di Memoria (Instrumental),144,15781
Ray,Rakuen PROJECT (TV Size),135,1055405
Aimee B,Fallen Angel,95,31251
Aly & AJ,We Wish You A Merry Christmas,162.02,64766
Kelly Bailey,Triage at Dawn,108,474348
Ne Obliviscaris,Painters of the Tempest (Part II): Triptych Lux,215,1520466
Ariabl'eyeS,Kegare Naki Bara Juuji,260,1116349
m-flo + Bella Blue,own the sky (el poco maro Remix),174,356277
Sydosys,Wandered,240,2085296
cosMo@BousouP feat. Hatsune Miku,Machinegun Poem Doll,220,1606218
Hakase (CV: Konno Hiromi),Hakase no Suki Nano Nano,170,1238745
ELFENSJoN,LUNATIC MIRAGE,211,2405562
Taishi,Songs Compilation,178,988533
The Ting Tings,Be The One,149,1352214
Aether Realm,Ravensong,215,1985093
IOSYS,Cirno no Perfect Sansuu Kyoushitsu (Short Ver.),175,2254112
Akiyama Uni,Kaoru Juyouka,138,397764
e-lma,CaptivAte2 ~kakusei~,175,492877
wavforme x Annabel,own phrases,180,894919
Nightwish,Bye Bye Beautiful,148,133884
Happy Clover,PUNCH*MIND*HAPPINESS,158,471858
Umeboshi Chazuke,Owari to Hajimari no Oto,201,739551
BREDISH',"Pole, poy",100,2181629
HOYO-MiX,Immaculate Ardency,108,1934236
BTS,Boy With Luv feat. Halsey,120,955446
neksyusha,P+P,193,2500296
madk1d,dyrki v shtanakh,81,2435534
Yorushika,Gogatsu wa Hana Rokushou no Madobe kara,180,1623792
"Yasuna (CV: Akasaki Chinatsu), Sonya (CV: Tamura Mutsumi)",Futari no Kimochi no Honto no Himitsu,132,1291386
Chata,Harukaze Dance,165,95563
nao feat. isui,Summer Lights,196,1876690
Mitsuki Nakae,Ouka Enbu,148,688552
Federica Felini,Je t'aime,128,6818
Spira Spica,Ao to Kirameki,173,2405514
MILLIONSTARS,Rat A Tat!!! (TV Size),192,2079639
Gakuen Seikatsu-bu,Friend Shitai (TV Size),148,969121
Sawai Miku,Colorful.,153,278135
msy,Amatsu Daisankaku,192,973931
G-DRAGON,CROOKED,130,607613
Feint,Snake Eyes (feat. CoMa),174,361494
Mysteka,Hesperos,173,1610294
Nakamura Meiko,revolution,161,1687781
Matsuri,Love spark feat. enu,186,1848904
Dj Matrix,Sul tetto del mondo,140,548417
ZennourenP,When They Cry -Rosin Mix- (Cut Ver.),176,2085722
Pretty All Friends,Prima Donna? Memorial!,162,2187757
Ayumi.,Hanagoyomi (Short Ver.),180,1700746
Sasuke Haraguchi,Kichi no Haji,100,2489609
K/DA,"DRUM GO DUM feat. Aluna, Wolftyla, Bekuh BOOM",175,1309412
Mr.Kitty,Labyrinth,140,986247
Amidst,Droplet,145,1587839
Shiiba Tsumugi (CV: Kurosaki Sora),Sweet Sweet Alice,178,886566
Matsuda Arisa (CV: Murakawa Rie),Chou Jou Genki Show*Idol ch@ng!,170,1156070
back number,Happy End,77,679053
"Betsy, Mariya Yankovskaya",Sigma Boy,125,2316542
Porno Graffitti,THE REVO (TV Size),152,2444639
Fleshgod Apocalypse,And The Vulture Beholds,250,2524362
WAGAMAMA RAKIA,M,224,2212420
Natsu,Regression,190,366759
Lime,Smiling (Long Ver.),172,2479175
Lenny code fiction,Make my story (TV Size),132,814994
THE ORAL CIGARETTES,Flower,192,2529293
Kano,Houkago Stride,225,1118779
Scatman John,Scatman (ski-ba-bop-ba-dop-bop),136.02,1683963
Shione Kitsune,<header>,130,2471970
Thaehan,Help,196,977631
"Koki Uchiyama, Katsuyuki Konishi, Shinnosuke Tachibana",TOP OF THE LOCK (Cut Ver.),210,2208625
Ayumi. (Astilbe x arendsii),blooming symphony,196,1363372
Kagamine Rin,Ouka Ryouran,160,29226
"Yamazaki Haruka, Tadokoro Azusa, Machico",Dreaming!,180,1385110
Tsukuyomi,Reason For Existence,126,1700193
Zekk,MEJIRUSHI,195,1116742
KOTOKO,One Small Step,160,611224
My Chemical Romance,Summertime,130,2342037
Culprate,Yin,170,351403
Mei Ayakura,Romantic Fall,175,637934
BIGBANG,Wings,132,70740
Unlucky Morpheus,Wer ist Faust?,280,2253508
Study,Seishun Seminar (TV Size),133,1012167
underscores,Locals (Girls like us) [with gabby start],134,2120252
Kajiura Yuki,Credens justitiam,136,36959
M2U,Lunatic Sky,160,431971
Team AA,Pulse,184,474834
Aki Misato,Glitter,180,713715
JIN feat. Shouichi Taguchi (Sentimental Vector),Kagerou Days,192,1806242
DJ Fresh feat. Rita Ora,Hot Right Now (Radio Edit) (Nightcore Mix),210,2325046
Osaka Shizuku (CV: Maeda Kaori),Audrey,150,1491341
Hana,Sakura no Uta,180,299403
Takayan,Scream,172,1370987
XX:me,Torikago,155,753203
Baby's breath,Habataki no Birthday,181,661398
Shadren,Neuro Cute Thing,100,851363
supercell,Hakushu Kassai Utaawase (TV Size),167,896768
Rokugen Alice,Kinema Lolita,172,38771
1914,Mit Gott fuer Koenig und Vaterland,240,2023705
ADIAZ,MAYKA SETKA,180,2174138
Yui Horie,The World's End,240,245806
goreshit,hurt to the core,200,2250550
2:su,Nodo ni Yoi Ocha o Nonda ato no Toki no Uta RMX,128,600537
Meguro Shoji feat. Lyn,Last Surprise -Scramble-,123,1178471
Halozy,Heart of Night,128,462878
DIANA,Beethoven Virus,156,1724615
u's,A song for You! You? You!!,212,1936120
Akiyama Uni feat. JUN,Chitei ni Saku Bara,124,1974908
Camellia,Kono Hoshi de.... (20th Anniversary Remake),180,2287988
Kardashev,Glass Phantoms,150,2052686
Various Artists,Sword Art Online Songs Compilation,134,2229169
Yuuhei Satellite feat. Marcia,"Hitomi o Tojite, Utsusu Mugen",140,2371846
Naru Sekiya,Shining glow,176,343628
-45,Malice Call,160,2255714
AKASAKI,Bunny Girl,160,2261087
Kawada Mami,Timeless time,92,382700
ITO KASHITARO,Boku no Hosomichi,150,394691
Kawada Mami,Wings of Courage -Sora o Koete-,160,238930
sasakure.UK,Atropos,182,838536
SiLiS,March to the Constellations,190,2492988
"M.A.O, Itou Miku, Tachibana Rika, Reina Kondo",Connecting Happy!! (Short Quartet Ver.),182,1759505
Misato Aki,Jewelry tears (Short Ver.),155,40958
Poppin'Party,Time Lapse,192,1018483
HoneyWorks feat. HaKoniwalily,"Shitsumon, Koitte Nandesho ka? (TV Size)",170,2358019
Ohashi Ayaka,Oshiete Blue Sky (TV Size),128,1826190
Red Velvet,Day 1,172,2125371
Sawano Hiroyuki,MOBILE SUIT (W-REC MIX),180,356863
Electus,Whispers From The Sea,130,434334
ITO KASHITARO,Hyakka Ryouran,140,617188
"Suzuyu, Yamamoto Mineko",MAGICAL SHOWTIME!! (Game Ver.),154,1406344
Blend A,Bon Appetit S (TV Size ver),152,678989
Fox Stevenson,All This Time,174,956634
Fractal Dreamers,Paradigm Shift,200,716441
Imperial Circus Dead Decadence,"Yomi yori Kikoyu, Koukoku no Tou to Honoo no Shoujo.",220,723819
A Wake In Providence,Pareidolia,260,2371785
Hei Shou De Yu Tou,o i i a i o o o o o i a i,150,2281018
Aether Realm,One Hollow Word,200,1746146
loz,Cinderella Cage -Trancecore Mix-,187,74274
Kitamura Eri,mirage an illusory hope,82.5,1207069
Nor,Signal of Abydos (xi Remix),220,2154895
A-One feat. Aki,Darkish,165,2267353
Xelia,Illumiscape,187,43960
Toyama Nao,Gunjou Infinity,185,1091521
yanaginagi,Tokohana,169,2127931
Uchida Aya & Kubo Yurika,"Kokuhaku Biyori, desu!",172,227994
Iino Miko (CV: Tomita Miyu),Othello,160,1196197
Kola Kid,can't hide your love,200,1753400
Lorna Shore,"Pain Remains II: After All I've Done, I'll Disappear",250,1886691
Anzu Hana,Sprinkles,165,1978624
An,Amrita feat. Baru,200,1195222
Sayuri,birthday song,106,616185
DJ TOTTO feat.3L,Youkakushi -Ayakashi Kakushi-,169.95,516454
TRAP CHICK,"Approve please, Genie!",150,2565755
Zips,Mushikui Psychedelism,210,87167
SWAN K feat. Asuka M,LOVE B.B.B,173,1693764
Ayaka Ohashi,Wagamama MIRROR HEART,181,554618
Streetlight Manifesto,Punk Rock Girl,300,577394
TUYU,Anoyo-iki no Bus ni Notte Saraba.,240,1080224
KOTOKO,Hekira no Sora e Izanaedo,148,73196
ARCANA PROJECT,"Tayutae, Nanairo",180,1570413
Imagine Dragons x JID,Enemy,77,1620247
Hello Sleepwalkers,Goya no Machiawase (TV Size),189,920346
Touyama Nao,Tomoshibi no Manimani (TV Size),160,982226
UPLIFT SPICE,Oni,200,1893909
CHERNOBURKV,Bliznetsy (111loggedin Edit) (Cut Ver.),181.68,1974817
"Linkin Park, Steve Aoki",A Light That Never Comes,115,566773
Panic! at the Disco,Mercenary,155,54468
TK from Ling tosite sigure,unravel (TV edit),135,201141
KASAI HARCORES,Trinity Homerun,175,881996
kessoku band,Seishun Complex (TV Size),190,1867294
Koven,Love Wins Again,174,1485184
Release Hallucination,ASTERIA,215,2301277
Mental Cruelty,Mortal Shells,220,2194557
KOTOKO,Suppuration -core-,135,365006
Demetori,Shinkou wa Hakanaki Ningen no Tame ni ~ Jehovah's YaHVeH,220,1826036
TEARS OF TRAGEDY,Epitaph,191,1857211
hikota,Summer22,178,2354357
Starcatcher,Kefka2006.Dekishi2.7 (Sped Up Ver.),156.2,2145644
sasakure.UK,the EmpErroR (Full Ver.),240,2234307
3L,Sympathy take me to darkness,164,2234458
Trivium,Down From The Sky,160,702020
Mental Cruelty,Pest,250,2153961
Hana,Shuumatsu no Bishou,160,1603136
PUP,Mabu,257,762836
DragonForce,The Last Journey Home,150,172072
Cansol,Out of Place,180,2475329
Wakeshima Kanon,Foul Play ni Kurari,163,1453535
oxi,Kasane territory ~ Zutto Teto no Turn,171.95,2347998
t+pazolite,Garakuta Doll Play (XinBai-HW Remix),96,2390450
DystopiaGround,Transparent Stardust,167,2452811
Memme,Extreme Fantasy,152,49459
Mediks,Outbreak,172,527082
The Prodigy,We Are The Ruffest,145,9538
"Far East Movement feat. The Cataracs, DEV",Like A G6,125,1566608
Junk,elegante,133,2414605
Maverick,opaque,191,1955283
"Tomita Miyu, Sasahara Yuu, Lynn, Waki Azumi",+Kyuutie Ladies+ (TV Size),145,860683
Ayane,Senpuu no Mai [Chi],160,781693
nonet,Now On Stage!!,170,1275018
DM Ashura,Classical Insanity,175,15014
REDALiCE,Bad Apple!!,170,10353
Shimotsuki Haruka,LUNA,178,964565
ave;new feat. Sakura Saori,Shokuzai Belladonna,156,123078
Alex S.,My Little Pony Intro (Glitch Remix),115.01,49739
Rise Against,Making Christmas,164,247165
r-906,Panopticon,174,2136913
Nightwish,The Greatest Show on Earth,135.99,825516
Utagumi Setsugekka,Yumemi Sunrise,176,132312
N2,NULL APOPHENIA,177,2051792
TEARS OF TRAGEDY,Euclase,262,1276395
Bring Me The Horizon,in the dark,156,1853996
m-flo loves CHEMISTRY,Astrosexy (Cut Ver.),120,1447312
Gentle Stick X M2U,Ineffabilis,160,340903
Demetori,Shoujo Satori ~ Innumerable Eyes,190,1805426
Uchida Maaya,youthful beautiful (TV Size),168,915063
Memme,Marionette,165,690608
Roselia,FIRE BIRD,150,1120493
NIWASHI + Aoi,Nostalgic Lost Logic,195,1683782
Crimson Shadows,Rise Of The Fallen Souls,200,2526171
xi,Happy End of the World,95,409681
VALZ,TOBIRA,194,2110897
mimimemeMIMI,Sentimental Love,138,2477468
Shiraishi,Shin Sennen Joou,160,2281722
Hashimoto Miyuki,Fairly Life,234,54620
Queen,Don't Stop Me Now,156,2068931
ORESKABAND,Pinocchio,202,674401
yuikonnu,Yume Chizu,176,404649
Casandra,Freaks Romanticism,139,722312
LiSA,traumerei,190,204925
Daniele Meo,Adesso balla! (Handz Up Extended),140,822391
Asriel,Nemuri no Mori,240,1632085
Two Steps From Hell,Norwegian Pirate,157,861339
yuiko,GLORIOUS DAYS,167,557022
senya,Sono Kami no Dilemma ni,154,1391331
DJ YOSHITAKA,CUSTOM DRIVE,155,142937
onoken,Viden,174,375402
AKINO with bless4,Jet Coaster Ride,165,280695
Mutsuhiko Izumi,Green Green Dance,165,1074044
Zhou Zi Qi,Yong Heng Shan Yao,150,959797
Diao Ye Zong feat. Meramipop,Saifu 'Kamiasobi no Uta',154,735097
Waterparks,I'm A Natural Blue,163,698304
Sayuri,Sore wa Chiisana Hikari no Youna,144,1535614
ZUN,Kurayami no Kazaana,160,836596
Sol/Lull BOB,blue moment[TVsize ver.],149,513274
Falcom Sound Team jdk,The Height of Majesty,190,2521025
StylipS,MIRACLE RUSH (TV Size),168,48677
USAO,Cthugha,213,2374563
Shimotsuki Haruka,Perfect Sky,136,1230415
nu11,Fly Away,200,1000488
Ishihara Kaori,Gift,136,2125162
Amatsuki,Kimi ni Todoke,152,1632895
LiSA,Rising Hope -TV ver.-,190,469164
Slax,Loli Bomb (Cut Ver.),195,2197830
Yumeno Yuki,With Tomorrow,140,1785707
EMA,EMA no ikinuki,133,1916502
HAG,Dokuhaku,170,1093876
Nana Mizuki,Angel Blossom,176,300371
Naikou,Final Call,220,2351118
Chu-Bra!! Cast,Shy Girls (TV Size),190,12192
Nekomata Master feat. *spiLa*,Clumsy thoughts,153,1256456
Suda Keina,Mellow (TV Size),145,1987991
PinocchioP,Reincarnation Apple feat. Hatsune Miku,145,1976954
sana,Hisui no Machi,180,1017483
MikitoP,Shinzou Democracy,190,928939
Diao Ye Zong feat. Meramipop,curse upon me!,158,875648
Himeringo,Ringo Uri no Utakata Shoujo,225.2,2538029
fripSide,fortuna on the Sixteenth night,146,132601
Aitsuki Nakuru,happy palette,170,2283859
Thaehan,Higitus Figitus,134.68,700977
sweet ARMS,Installation,215,1011575
Meramipop,Cruel CRuEL,148,582625
Matsumoto Sara,Suika,90,485022
HoneyWorks feat. Capi,Doutan * Kyohi,160,1685263
Hana,landscape,130,2368897
kakichoco,Hakudou,190,2069664
VESPERBELL,Vampire,164,1493527
happy30,As the wind blows,178,2460582
Tsuko G.,You Will Know Our Names... KAZOO'd!,176,1717807
yanaginagi,Killer Song,166,46765
Hoshimi Production,Sayonara kara Hajimaru Monogatari,178,2128407
Boxplot,"My Non-Existent Friend, Alice",175,692496
Marika,Mizuiro Stage,175,594772
ViANKiE,Scutellaria,202,1332323
SEKAI NO OWARI,Hey Ho,115,808868
ginkiha,Oriens,185,655406
DI:Verse,Fusion (Game Ver.),188,2323832
Gabry Ponte,De Musica Tonante,137,6799
Sakura Miko,flower rhapsody,180,2262069
IU,Marshmallow,140,17466
Natsume Chiaki,Sentimental na Aiboshin,150,239374
Natsume Itsuki,Keep it real,182,2367163
MisoilePunch ~Harumaki Soe~,DisXloss,202,1647720
Kanon Wakeshima,"World's End, Girl's Rondo(Asterisk DnB Remix)",175,735351
meri,FAKE IDOL,208,1885318
BAND-MAID,Spirit!!,175,1306578
Stellamaris,Bridge to Dream,200,2109092
Two Steps From Hell,Sons of War,160,194105
DJ SIMON,321STARS,192,22031
Seiryu,AO-Infinity,191,1599364
THE ORAL CIGARETTES,CATCH ME feat. MAH (SiM),184,2353399
UNDEAD CORPORATION,White Reflection,200,1129867
Baracuda,La Di Da (Nightcore & Cut Ver.),162.5,1782890
supercell feat. Hatsune Miku,Black Rock Shooter (TV Size),165,44550
earthmind,ENERGY -TV Edit-,169,79039
soraru,Gin no Kisei (TV Size),194,882398
Rita,Hayate no Yukue,192,2321066
UNLIMITS,Haruka Kanata (TV Size),202,958999
Halozy,Koi no Stadium,170,1969718
Kenji Ohtsuki to Zetsubou Shoujotachi,Hito toshite Jiku ga Bureteiru (TV Size),185,1815708
YOASOBI,Yasashii Suisei (TV Size),90,1614565
t+pazolite & Komiya Mao,Elustametat,180,2117392
Hatsune Miku,Oshiete!! Mahou no Lyric,180,40669
Giga,-BWW SCREAM-,180,889271
4minute,HUH,122,17214
Jennifer Karr,My Life As A Teenage Robot,171,737235
Tatsuya Kitani,Scar (TV Size),193,1868830
8#Prince,take it easy,128,79717
Roses Epicurean,Nightmare -Overture-,115,2400397
Hanatan,Glacier,195,907993
Pastel*Palettes,Zettai Sengen ~Recital~,177,872038
Barbarian On The Groove feat. Kahina,Dream Catcher,192,37004
yanaginagi x THE SIXTH LIE,LEVEL (TV Size),177,1678580
The Red Jumpsuit Apparatus,Face Down,186,619824
culenasm,Helsinki no Yume,187,1286783
Hanatan,Kokoronashi,168.16,1013675
fhana,Watashi no Tame no Monogatari ~My Uncompleted Story~ (TV Size),170,1697674
Unknown Artist,Spelunker,151,1006950
YOASOBI,Sangenshoku,128,1519502
bbn,Identic Conflict,178.21,1020429
System Of A Down,Toxicity,237,1041151
Isekaijoucho,Kurenazumu Yakusoku (TV Size),185,2334579
ZUN,Doll Judgment ~ The Girl Who Played with People's Shapes,154,11873
SawanoHiroyuki[nZk]:ReoNa,time,95,1360909
saradisk,176 - ikazuchi,140,360417
Hebe Tien,A Little Happiness,79,429260
ATC,Around The World (Nightcore Mix),157.13,25707
Cash Cash RMX,Escape From The City,130,385028
Eve,Kaikai Kitan (TV Size),185,2020645
Nightwish,White Night Fantasy,112,63082
DJ Earworm,DECADE OF POP,126,1075546
Daryl Hall & John Oates,Out Of Touch,114.79,486005
Lia,"My Soul, Your Beats! (TV Size)",145,50567
Ken Nakagawa,Cyclone,160,17373
Ohara Yuiko,Tabibito no Uta (TV Size),137,1363149
u's,Donna Toki mo Zutto (TV Size),165,561945
Pharrell Williams,Happy,160,163941
fripSide,black bullet (TV Size),155,157168
Satoshi (CV:Matsumoto Rica),XY&Z,254,698151
Camellia,Racemization,202,347765
Sally,Remind,270,505751
"Shimotsuki Haruka, Nakae Mitsuki",mirage,101,646714
Minami,Prologue,173,2145874
Maeshima Ami,Wish for you (TV Size),174,2412508
yozurino*,Koisuru X'mas (Game Ver.),170,2290581
RAMM ni Haiyoru Nyaruko-san,Attack with FULL FORCE,174,1283876
Triad Primus,Trinity Field (Game Ver.),185,1752101
inabakumori,Haru no Sekibaku,150,1978984
senya,Tsuzurenu Mori no Shoujo,160,2397704
RURUTIA,Shin'ai,87.99,135401
u's,Takaramonos (Game Ver.),180,2227836
ALiCE'S EMOTiON,Evening Steps,170,270457
Mamemi,-Rayrain-,180,27212
supercell,Hero,177,1949846
KANA-BOON,Gradation feat. Kitazawa Yuuho (TV Size),145,1979174
YUKA NAGASE,oddloop,172,1937456
Doja Cat,Like That (feat. Gucci Mane),106,1354218
Mili,String Theocracy,232,1192164
LaXal,Dam Dadi Doo,175,2524875
BlackY feat. Risa Yuzuki,Harutsuge Kochou,202,1402981
QUEEN BEE,Mephisto,150,1979581
SEREGA PIRAT,tp na ame,186,1717881
Tim Henson,Blood Moon,160,1395456
Amamiya Sora,Kanade,75,203688
DECO*27,Vampire feat. Hatsune Miku,164,1432678
System Of A Down,B.Y.O.B.,102,2163815
Eye of the Enemy,The Shift,153,708943
ZUN remixed by LeaF,Resurrection Spell,180,1132711
Renard,Rainbow Dash Likes Girls (Stay Gay Pony Girl),220,57255
Kaf,Montage,136,1344469
Parkway Drive,Carrion,154,514196
onoken,P8107,180,1344083
P4koo,Feelings of fake (feat. Tsuyuri Karin),203,921855
Porcelain Black,Pretty Little Psycho,131,1523439
Rin'ca,Kiseki Melody,170,787362
Chihara Minori,Sakura Mau Kono Yakusoku no Chi de,209.93,7918
kors k feat.Yukacco,Are You Ready (Original Mix),175,178028
THE ORAL CIGARETTES,ONE'S AGAIN,110,854184
Inori Minase,HELLO HORIZON (TV Size),170,1652713
Ohara Mari (CV: Suzuki Aina) from Aqours,Brightest Melody,185,2053386
Apocalyptica,Ion,182,256723
Atsushi,Kessen,155,1094459
Yoko Shimomura,Scherzo Di Notte,140,13359
Sayuri,Hana no Tou,170,1812260
amazarashi,Kisetsu wa Tsugitsugi Shindeiku,181,329128
Aoyama Mio (CV: Yuuki Aoi),Platinum,164,1875586
Nakamura Meiko,SHINING WAVE,178,185138
Blue Stahli,Atom Smasher,142,87626
Hanatan,Kitsune no Yomeiri,175,50401
USAO,Interstellar Travel,180,2238749
sana / HoneyWorks,Akatsuki Zukuyo,180,1249179
tsunamaru,Orange Genome,135,61278
IA,Six Trillion Years and Overnight Story,186,51245
Christina Milian,"CALL ME, BEEP ME! (The KIM POSSIBLE Song) (Cut Ver.)",120,1405908
KISIDA KYODAN & THE AKEBOSI ROCKETS,Stray (TV Size),206,974386
Cres,End Time,180,140691
L.E.D.-G + Qrispy Joybox + ARM feat. Nanahira,Dokkin Summer Adventure,180,349561
Kisumi Reika,Sekai wa Futari no Tame ni,160,1903968
Lindsey Stirling,Electric Daisy Violin,128,99566
Antique Seraphim,Tomodachi OneStep,143,2297528
Shikiura.,Garandou no Nou ni Ai o Choudai,186.5,1791812
Yuiko Ohara,Iwanai kedo ne.,115,720223
BURNOUT SYNDROMES,PHOENIX (TV Size),137,1092306
Larval Stage Planning,Trip -innocent of D- (TV Size),164,42731
NewJeans,Bubble Gum,105,2184862
Nagata Kenta,GCN Baby Park,226.95,1592535
Mizuki Nana,Shin'ai,133,1708092
ORDEN OGAN,To The End,210,935030
Lite Show Magic,TRICKL4SH 220,220,616696
mimimemeMIMI,CANDY MAGIC,160,807912
FELT,Crumbling,172,1175815
DM vs. POCKET,uNDeRWoRLD MoNaRCHy,177,412938
Sons of Aguirre & Scila,Valley of the Fallen,180,1524324
Imy,Tsuioku no Kakera,190,794766
Shikata Akiko,Katayoku no Tori,220,765863
Kano,Sakura no Zenya,178,455780
Mitani Nana,Chikyuu Saigo no Kokuhaku o,190,65491
Ischeznuvshiye,Ot sud'by ne ubezhish',190,2295585
Megpoid GUMI,Jinsei Reset Button,200,39971
Richard Clayderman,Les premiers sourires de Vanessa,129.3,150858
Minase Inori,Catch the Rainbow!,181,1278962
Nakagawa Shoko,Sorairo Days (TV Size),174,1491855
mafumafu & amatsuki,Kasyokusei:Idol Syoukougun,200,76366
ItaloBrothers,Summer (Nightcore Mix),181.24,1830101
REDALiCE feat. Ayumi Nomiya,Little Star (Full ver.),183,1567641
ItaloBrothers,Moonlight Shadow (Nightcore Mix),180.5,1777268
Harada Hitomi,nachu*nachu,192,24997
Lenny code fiction,Hanataba (TV Size),176,2364391
League of Legends,Hanami ON THE RIFT (PV ver.),172,844836
Hatsune Miku,Sakura Zensen Ijou Nashi,210,32021
Sawai Miku,"Konna Sekai, Shiritakunakatta. (Anime Ver.)",88,201502
"Fear, and Loathing in Las Vegas",Just Awake (TV Size),191,2199803
Shade,Ontology,234,1050313
USAO,Anomaly,190,1963008
tsunamix_underground,Period. ~ Seishin no Kousoku to Jiyuu o Tsukamu Jouka (Cut Ver.),150,1594769
LeaF,Alice in Misanthrope -Ensei Alice-,172,588475
Draw the Emotional feat. Meramipop,Vanished truth,165,984365
Virtual Self,Angel Voices,166,871104
kanon*kanon,Calendula Requiem -Shiki TV size-,140,157988
Aitsuki Nakuru,Kimi no Shiranai Monogatari,165,2134493
*namirin,Sakurairo Time Capsule,170,1092335
Mili,Peach Pit and Cyanide,154,2468654
Unlucky Morpheus,Sono Tamashii ni Yasuragi o ~ Dignity of Spirit,164,1180588
Fuki,Kuruizake Setsugetsuka,200,1559404
vivid undress,HOT,144,1440156
Chata,Harukaze Dance,165,1604602
Mili,Vitamins feat. world's end girlfriend,191,1473909
Ray,Kimi to Ita Sora,161,431733
Spice Girls,Wannabe,110.05,2259425
Mizuki Nana,FEARLESS HERO (TV Size),175,786603
Camellia,Light it up,175,650738
Tamaki Nami,Realize,136.15,6189
Ogura Yui,Baby Sweet Berry Love (Tsukiko chan Maji kawa-E Remix),175,182042
Cyua,"""I""",165,1625993
Kotone,Kagome,196,1218652
Pratanallis,Vampire Romance (feat. Tsukino),174,2501868
Arash,Temptation (feat. Rebecca),108,2129628
Sharlo,Asphodelus,160,449207
MY FIRST STORY,M.A.D,170,1118513
DUSTCELL,Anemone,136,1247651
Xesi x Masew x Nhatnguyen,Tuy Am,149,668236
Akiyama Uni,Odoru Mizushibuki,138,153887
baker,Kimi ga Kimi ga -vocanico remix-,173,682595
Infected Mushroom,Sa'eed,145,59972
KEiNA,Karen Setsugetsuka (Artethia & Epsilon Remix),177,796468
benico.,Ringing*Days,183,1768649
"TAKU INOUE feat. Yuko Natsuyoshi, Hayami Saori",ray (Cosmic Princess Kaguya! Ver.),132,2562136
Ohara Yuiko,Only,150,1676680
Afilia Saga,Never say Never,185,274511
Uehara Rena,After All ~Tsuzuru Omoi~,88,409928
HanStone,Starlight of Ancient Times,138,20295
Eir Aoi,RYUSEI -TV size ver.-,143,756123
Two Steps From Hell,El Dorado,188,985335
BAND-MAID,One and only,175,1563647
Suzuyu,Light a Way,163,1733268
"25-ji, Nightcord de. x KAITO",25-ji no Jounetsu,86,2106614
Hoshimachi Suisei,Moonshot,185,2502015
Three feat. Kagamine Len,Telecaster B-boy (Long Ver.),182,1298515
my sound life,hello,188,1734686
Tachibana Miya,Miya to Tengoku to Jigoku,195,17450
eufonius,Aletheia,150.5,1980612
Hashimoto Miyuki,Symphonic Love,144,2169234
*Luna,Unveil feat. Nenne,142,2533384
Apocalyptica,Worlds Collide,160,239360
Rita,Haru Hana no Iro -Reboot Ver.-,165,53785
Tatsumi Megumi featured by Sano Hiroaki,Victory!(Long Version),177,337500
Shinomiya Ginka (CV: Hasegawa Ikumi),Star Trail,180,2087813
Saiya,Remote Control (Cut Ver.),165,2361360
Thousand Leaves,The Gathering,185,2122307
t+pazolite feat. Risa Yuzuki,PEAKY FREAKY,190,2545622
Apex,String Theory,175,1787306
Slayyyter,Alone,174,2047520
NJK Record feat. 3L,Last Dance Again,160,1594022
Sharlo,Vidro Moyou,131,139045
Takanori Nishikawa,Bright Burning Shout,180,785890
Hazuki,Uso to Shinjitsu,190,956009
Erio o Kamattechan,Os-Uchuujin (Asterisk Makina Remix),175,1408243
Initial D,Speedy Speed Boy,152.09,2637
PORNOFIL'MY,"Papa, ne pey!",184,1508588
Mago de Oz,Xanandra,188.97,74313
Joon,by my side (feat. bixby),155,2060660
nao,Taiyou Paradise,147,2135141
Perfume,One Room Disco,128,959072
Oratorio The World God Only Knows,God only knows -Secrets of the Goddess- (Extract),170,122111
Maduk,Colours (feat. Diamond Eyes),175,2346103
CHiCO with HoneyWorks,Gamushara (TV Size),194,2105887
HoneyWorks,Miraizu feat. Aida Miou (CV: Toyosaki Aki) (Cut Ver.),178,2250300
Wotamin,Rubik's Cube,280,41905
YOASOBI,UNDEAD (TV Size),144,2210371
sasakure.UK,Pinboke Sekai Heiwa (feat. Annabel),188,1350909
NANA,sail to a new world(game ver.),163,563850
Chroma,To the Milky Way,186,2077699
TWICE,CHILLAX,109,975301
ChamJam,Clover wish (TV Size),134,1105543
James Landino,Aresene's Bazaar,155,1972749
Hiromi Sato,KOWAREKAKE NO ORGEL,130,721057
Carter Vail,Dirt Man,180,2494113
LiSA,ADAMAS,191,1248246
Memtrix,All You Are,174,383095
twikipedia,again,180.66,1784853
Maffalda,Feliz Pascoa pra todos voces apesar de ninguem ter me mandado chocolates,210,2334590
Inori Minase,Well Wishing Word,172,1688136
YURiKA,MIND CONDUCTOR (TV Size),180,1326381
Astronaut,Champions (feat. Harry Brooks Jnr),128,889441
culenasm,Byouka,200,1851452
Sawai Miku,Colorful. (Asterisk DnB Remix) (Cut Ver.),175,1539643
Sasaki Sayaka,Love's Oracle,168,1784229
San-Z,Ballet Labyrinth - Day,172,2314755
Nekomiya Eto,"""Boku wa..."" (TV Size)",180,2364355
Satomi Sato,Le jour,196,375378
Lee Jin Ah,Target for Love (PV Ver.),103,2380036
Hanasaka Yui (CV: M.A.O),Harumachi Clover (TV Size),142,866408
Hideyuki Fukasawa,Gyakkou Unga / Tentai Jutai,180,1635137
Kajiura Yuki,Sis puella magica!,148,311737
solfa feat. KOTOKO,affection (Short Ver.),195,223711
Alan Walker,Sing Me To Sleep,88,482464
"Azumi Waki, Marika Kouno, Machico",Umapyoi Densetsu,170,664462
DVICIO,Casi Humanos,108,600898
SYNC.ART'S,Kaze no Touei,145,26946
Adraen + Renard,Punk Anthem Track,190.4,37709
Sayuri,Tsuki to Hanataba (TV Size),175,1668524
HAG,Hoshi no Pamphlet,173,852771
ALI,Wild Side,134,1672763
JAM Project,Seijaku no Apostle (TV Size),206,982943
Avicii,Levels,128,52335
Rohi feat. Kagamine Rin,Kakuzetsu Thanatos,200,2205703
in love with a ghost,introduction,109,2359063
Wolfgun,Koopa Katastrophe,180,196930
A$AP Rocky,Praise The Lord (Da Shine) [feat. Skepta] (Cut Ver.),160,1577474
Sasaki Sayaka,Reason why XXX,167,57181
Imperial Circus Dead Decadence,Hyakki Yakou -Pandemonic Night Parade-,200,1776682
TRUE,ReCoda,142,2361087
monet,Noborenai Sakamichi,123,671607
Akitsuki Fuuka (CV: Lynn),Wings of light,194,2128926
Asaka,Open your eyes,130,880456
kessoku band,Re:Re:,155,2231452
Null Specification,Chaotic Prayers,200,2229279
USAO,USAO ULTIMATE HYPER MEGA MIX,200,2321897
Vivid Lila feat. nayuta,Shirosumire no Yuki ga Furu Naka de (Remaster),194,1901453
Bullet For My Valentine,Tears Don't Fall,162,374922
Koshimizu Sachiko (CV: Taketatsu Ayana),To my darling...,127,797169
fhana,tiny lamp,179,1771618
3rd Coast,STOP,162,6339
kessoku band,Wasurete Yaranai,184,1909434
Afilia Saga,S.M.L (TV size ver.),200,209651
Diva (VO: Yagi Kairi),Harmony of One's Heart,100,1477434
Perfume,TOKYO GIRL,128,884119
Ciel,"If you're my destiny, end this fated determination.",106,798509
nao,Himawari no Saku Koro ni,125,279429
Kuhaku Gokko,Lil'b,120,1561567
Ishihara Kaori,Plastic Smile,167,1511617
RADWIMPS,Yume Tourou,178,2297038
Suzuki Konomi,Redo,190,451168
Nien,MidNight Blood,147,17941
guna with team kyukkyu,subconsciousness,102,151945
Oomori Seiko,JUSTadICE (TV Size),185,2281529
"Maya (CV: Tokui Sora), Megu (CV: Murakawa Rie)",Little * Treasure * Hunt,198,1009337
Tsukuyomi,"Hana ni Ame o, Kimi ni Uta o",240,1929568
Rita,Winter Diamond,190,1010886
Asaka,Eternal Star (TV Size),166,813472
THE ORAL CIGARETTES,Tonari Au,140,1035979
ZUTOMAYO,Kira Killer (feat. Mori Calliope),142,1939339
QUARTET*RE-BOOT!,FUN FUN RE-BOOT (Game Ver.),180,2233543
Maeda Jun x yanaginagi,Kimi to Iu Shinwa (TV Size),176,1271182
L'Arc~en~Ciel,READY STEADY GO! (TV Size),144,8119
miwa,Update (TV Size),170,833053
Aoi Eir,Cynthia no Hikari (Game Ver.),166,621575
The Rasmus,In The Shadows,106.02,28142
Aitsuki Nakuru,phony,170,1690910
Falcom Sound Team jdk,The Azure Arbitrator,274,427166
Avenged Sevenfold,Second Heartbeat,185,2243778
Pierce The Veil,Hell Above (Cut Ver.),130,2499353
Yooh,Shigure,180,1806968
Minatsu Eru,Promotion Movie (R10),203,2472404
DragonForce,Symphony of the Night,177,459901
Chata,Yuujou Pop,174,22404
Perfume,NIGHT FLIGHT,145,861719
Harry,Earth Day,178,65228
DJ-DOC/EPIK HIGH,NX K-POP Dance,132,778187
Nijigasaki High School Idol Club,Colorful Dreams! Colorful Smiles!,185,1843515
Nakahara Mai,Hatsukoi wa Zakuro Iro,160,23933
ShinRa-Bansho,Hoshishizuku,182,1855099
Noel Kaburagi,Raimei no Ken,188,2203134
mafumafu,Yozora no Crayon,182,1743869
SECONDWALL,Light,188,1646603
Apink,Mr. Chu,120,359369
UNDEAD CORPORATION,Xing Noises,205,1021829
T.M.Revolution,INVOKE (TV opening version),152,549719
Duca & AiRI,Full Throttle Heart,174,162857
Sasaki Sayaka,"Sakura, Reincarnation",181,1013342
Hatsune Miku,Nightmare Party Night,175,23053
BiSH,TOMORROW (TV Size),195,1197817
Teminite,Break Free (Cut Ver.),128,2192723
tofubeats,CANDYYYLAND feat. LIZ (Pa's Lam System Remix),160,663519
LOONA,Star,158,1494124
Spor,That's That (feat. Illy Emcee),175,38929
Nomizu Iori,Black + White (TV EDIT),192,129915
Camellia,Chirality,201,227598
Aeterna,Ispoved' Loki,135,1807667
ShadowStrike,The Fiery Seas And Icy Winds,200,2013547
Noah,Hitoku Sareta Four Seasons,190,2108866
Ayaka Ohashi,Wagamama MIRROR HEART,181,1892938
Roselia,Neo-Aspect,180,776620
senya,Sanzen Sekai,150,1461660
HoneyWorks feat. GUMI,Hatsukoi no Ehon,190,381779
solfa feat. Koharu Meu,fantasic capricious (Game Ver.),192,2293328
yanaginagi,over and over,183,1301684
Seven Lions,Summer Of The Occult,170,797590
Kvi Baba,TOMBI,132,1962959
sweet ARMS,Key of Truth,192,665179
BoA,MASAYUME CHASING,129,163330
senya,Little Devil,138,38106
xi,Halcyon,191,69763
Nakae Mitsuki,"Pure Love, True Love (Short Ver.)",138,56994
Eir Aoi,Cynthia No Hikari,166,504005
Gamma (CV: Mimori Suzuko),Darling in the Night (TV Size),188,2124784
nekodex,welcome to christmas!,140,1292185
A.SAKA,Nanatsu Issenzakura,172,513731
Spira Spica,Sansan Days (TV Size),180,2283983
Marino,I Can't Fit In,126,2529273
HARDCORE TANO*C & Elizabeth (CV: Saori Onishi),Let you DIVE!,185,2203673
LABYRINTHS,Yumeji Labyrinth,162,565555
PIKOTARO,Pen-Pineapple-Apple-Pen,136,516707
NANA,Koisuru Chikara,176,48336
Rudimental,Not Giving In feat. John Newman & Alex Clare,159,287360
Ke$ha,Take It Off,125,16143
Elley Duhe & Whethan,MONEY ON THE DASH (Sped Up Ver.),150,2017708
YOASOBI,Shukufuku (TV Size),170,2141711
Saki Hanami (CV: Aoi Nagatsuki),Fighting My Way,132,2465750
OneRepublic,Everybody Loves Me,170,1171113
Josh A & Jake Hill,Worst Mistakes (Cut Ver.),82.5,1312306
FELT,"Life [Eris's ""a Fate Encounter"" mix]",167,609821
89ers,We own the Night,160,2351738
LukHash,WE ARE FOREVER,90,2161550
Krewella,Come And Get It (Razihel Remix),110,803126
Quynh Nhu,Don Coi,160,677898
Adrian Barba,Angeles Fuimos,73.75,24270
u's,Sore wa Bokutachi no Kiseki (TV Size),180,163608
LeaF,I,280,99244
IOSYS,Danzai Yamaxanadu,175,13654
BLANKFIELD,Goodbye,258,553906
NegaRen,OCTOBER STARLIGHT 4EVER! SIDE B (pt. 3),252.04,2483886
-45,Midorigo Queen Bee,153,1055780
AKIAKANE,Hanabira (Irus Brutalcore Breaks Remix),210,2426568
Getty vs. DJ DiA,DropZ -Line- (Extended Mix),200,1453967
FUNKIST,Snow fairy (TV Size),212,2015043
Silver Forest,Tsurupettan (Game Ver.),180,1615177
Dormir,Cookie Bouquets,205,675125
Halozy,S.A.T.O.R.A.R.E,178,802214
Harito,Geist,200,1015012
eufonius,Hiyoku no Hane,148,1346489
Yukinoshita Yukino (CV: Hayami Saori) & Yuigahama Yui (CV: Toyama Nao),Bitter Bitter Sweet,174,2289367
Demetori,U.N. Owen wa Kanojo nanoka?,205,42247
Kawada Mami,Serment (TV Size),212,591232
LeaF,Calamity Fortune,200,359168
mary,Leica,178,2420384
Rib,Sarishinohara,135,757350
moumoon,Afureru Hikari (TV Size),162,845117
METANICK,Otome Kaijuu (TV Size),192,2579649
Tsukuyomi,Nightjar (TV Size),125,2282225
Cres.,End Time (Delay Ver.),180,2540765
sakuzyo,VALLISTA,180,245970
Demetori,Desire Drive ~ Desire Dream,178,504396
Maison book girl,bath room,178,2251825
Rib,Jitter Doll,180,634997
Simon Safhalter,Always a cycle (Hyper),215,2330718
Bo Burnham,Welcome to the Internet,95,1520101
Daria Zawialow,Hej Hej!,138,2084749
Official HIGE DANdism,White Noise (TV Size),143,1914255
Furimawasare-tai,Heart Purupuru Jiken desu,172,525287
The Prodigy,Omen,140,11638
GARNiDELiA,ambiguous (TV Size ver.),178,154847
Suzaki Aya,Dramatic Market Ride (TV Size),171,73219
ZUN,Yorimashi wa Yume to Utsutsu no Aida ni ~ Necro-Fantasia,172,2051706
I love you Orchestra,Coconut Love,180,1325144
senya,Tsuki ni Murakumo Hana ni Kaze (Short Ver.),160,44518
KOTOKO,Koi Kou Enishi,144,2499206
ASCA,Gyakkyou Spectrum,187,1637174
Mizuno Saaya,My Secret (TV Size),184,1123648
Mizuki Nana,STARTING NOW! (TV Size),182,1684194
Faylan,Syumatsu no Fractale (Game Size),171,189483
Shera L. Greenwood (CV: Serizawa Yuu),Saiaku na Hi demo Anata ga Suki.,186,850445
Linkin Park,Breaking The Habit,200.07,1499705
Rocket Girls 101,Calorie,132,834342
ClariS,Ai Wo Utae (Cut Ver.),180,2059997
Thymeka,Shiny Ray (Italian Ver.) (Cut Ver.),183,1507213
nowisee,confusion,176,2334497
Waterparks,Telephone,169,1786693
Porter Robinson & Madeon,Shelter (happy30 Remix),200,527621
Sheena Ringo,Yami ni Furu Ame,130,1649315
Harumaki Gohan,Suisei ni Nareta nara,180,1654195
Hanabusa Sumireko (CV: Arakawa Miho),Inochi no Karakuri,157,1061614
Eldzhey,360,96,865366
Kylee,Daisukinanoni [TV Size],156,606938
EmoCosine,Nekojarashi,185,1710593
Evanescence,Bring Me To Life,95,1893900
Billie Eilish,wish you were gay,118,1125233
Shirakami Fubuki,Ievan Polkka x Fubuki (Hamburgaga Remix),120,1082270
CRYCHIC,Haruhikage (TV Size),64.67,2070468
Wiklund,Wing Beats,173,6499
yanaginagi,Yukitoki (TV Size),164.5,87616
CHiCO with HoneyWorks,Otome-domo yo. (TV Size),172,1709119
Girls' Generation,Run Devil Run,130,19357
K/DA,"THE BADDEST feat. (G)I-DLE, Bea Miller, Wolftyla",150,1246543
Roselia,This game,147,749557
ONE OK ROCK,The Beginning,182,68891
Mili,Summoning 101,186,1949959
ZUN,Onbashira no Hakaba ~ Grave of Being,174,120094
Kenshi Yonezu,KICK BACK (TV Size),204,2341372
Fractal Dreamers,Module_410,180,957328
Yung Kage,JENNI,170,1872708
Breaking Benjamin,Blow Me Away,198.25,11231
EiK feat. Raimu,a wonderful days -rebirth-,192,2342476
Brian The Sun,Lonely Go! (TV Size),204,1540754
Saitama Saisyu Heiki,L.L. Infinite Beating.ver,216,403581
Yorushika,Matasaburo,200,1566187
Denkishiki Karen Ongaku Shuudan,I pray,180,755676
STEREO DIVE FOUNDATION,Genesis,174,655970
Falcom Sound Team jdk,NORSE WIND,208,1773734
"kaztora, eba, Misaki Nakajima",Messiah,167,21877
Mimomo & Kotomugi,Invisible,192,364578
Kurosaki Maon,Setsuna no Kajitsu,202,332112
Alfakyun.,Shinu Toki Shineba Ii,230,1156021
Imy,Seimei no Tomoshibi,202,2296090
Sakamoto Maaya,Yakudou,205,1868330
Islet feat. isui,Haru o Matsu,140,2138869
Kano,Souzou Forest,180,2297621
Ceui,Haruoto*Veil,180,1176413
Mia,Guang Yu Xin Yang,175.01,516839
ribbon room,mint tears,188,2452141
"Oono Yuuko, Endou Yurika, Koga Aoi",Monochrome Kajuen,195,2088466
Akari Kito,Tiny Light,170,2082142
asmi feat. Chinozo,Dokimeki Diary,185,2036318
Minase Inori,TRUST IN ETERNITY,184,996959
"Hello, Happy World!",fantastic dreamer,185,955896
Hello Sleepwalkers,Goya no Machiawase,189,1250815
MY FIRST STORY,LET IT DIE,190,792085
"Wake Up, Girls!",WUG ZOOZOO,217,213659
Mitsuki Kotono,Fuyu ni Saku Hana,170,2133633
Chata,Boku no Tonari de Koi o Shite!,182,1661962
Shimotsuki Haruka,Tsubasa o Motanai Shoujo,67.33,883825
Aimer,Stars in the rain,78,524875
September,We Can Do It,126,186897
Nakagawa Shoko,Dori Dori (TV Size),178,1241138
Mrs. GREEN APPLE,StaRt,190,1135798
Hatsuki Yura,Nanka Ii Koto,156,44058
Maison book girl,faithlessness,170,1063163
TUYU,Namikare,204,1231994
COCOA DOMYOJI,Statice,169,1970750
Kicco,Kokoro Hare (Short Ver.),135,55318
Yun Yi Xing Chen,TriColour Heartbeat,178,675957
TWICE,ONE SPARK,169,2336702
Hatsune Miku,Uraomote Lovers,159,11375
Ayano Mashiro,ideal white (TV size),180,219951
Aiko Kayo,Hitomi no Naka no Meikyuu (tv size),129,487556
Yuuki Aoi,Platinum (Short Ver.),164,65981
ReoNa,Believer (Game Ver.),193,1714375
Blaster & Extra Terra,Spacecraft,175,712901
Kitazawa Kyouhei feat. Hatsune Miku,ONIRIC,93,1373644
toby fox,Bergentrueckung,113,398977
a_hisa,Magic Logic Labyrinth,180,103372
Yonezu Kenshi,LOSER,121,852544
PSY,GANGNAM STYLE,132,55799
Kinoko Teikoku,Sculpture,80,2500758
T-Pistonz+KMC,Katte Nakou ze! (TV Size),136,31692
A-One feat. Aki & Rute,Drive Your Fire,164,1955038
Ceui,Songs Compilation,117.5,833319
EPICA,Wings of Freedom,157.5,737174
Asriel,Raison D'etre,231,1306628
sakuzyo,AXION,160,57468
rerulili,seisou bakuretsu - Boy,155,1911733
gmtn. (witch's slave),Illegal Paradise (Grimoire rmx),175,1536934
Omega,Horobi o Inorishi Mono,172,2284565
RD-Sounds feat. Meramipop,On Seeking U,145,2409840
Qlover from kyoukaimetro,"""dis""sonance feat. Itsuka (CV: Akina), Kanata (CV: Wakabayashi)",200,2163760
IOSYS,Utage wa Eien ni ~SHD~,170,7385
-45,System Zero,138,1827146
Culprate & Skorpion,Jester,172,848259
Dethklok,Fansong (Cut Ver.),103,810450
Natalia (CV: Ikuta Teru),Onegai! Cinderella (Game Ver.),175,1109770
FinnOtaku,C-Side of YTPMV,180,1577887
Louis Cole,I'm Tight,140,1859764
Kuroneko Dungeon,Ryuu to Shoujo to Decoherence,165,2497139
UNDEAD CORPORATION,Adore Your Pain,210,1019398
Nanahira,I will... Kimi ga Iru kara,155,2489634
Nitrogenetics,Shocking & Stunning,161.88,88072
Susumu Hirasawa,KIRBY Mix Compilation,240,28158
lapix,Foolish Hero (FutureCore Mix),175,1646192
Ariabl'eyeS,Romanesque Romancia,240,1118444
EYEMEDIA,HOLY KNIGHT,155,362316
ClariS,CLICK(Soleily Remix),166,569986
Caramell,Caramelldansen (Ryu* Remix),181,1770758
Kanaria,Queen (Levare Ciruam's Nouveau Hardcore Remix) feat. Feng Yi,180.11,1872755
REDALiCE,Kizuato,173,108820
Team Grimoire,Dantalion,186,1622117
KyoKa,Aitoki*Cherishing (Game Ver.),182,2254685
Sharlo,anesthesia,153,1557682
Ice,Conclusio Catastropha,180,2228811
Hatsunetsumiko's,I Wish (2018 re-recording),160,2351192
tokiwa,Memoirs feat. Aitsuki Nakuru,175,1700539
Sheena Ringo,Hatsukoi Shoujo,85,2163754
Starving Trancer,New Gravity,154,188877
Big Giant Circles feat. some1namedjeff,Thunderstruck,210,73267
Demetori,Necrofantasia ~ Remix,180,754985
SICK HACK,Watashi dake Yuurei,177,1982264
Alestorm,Keelhauled,220,1537993
Yousei Teikoku,Astral Dogma,180,1941515
Buta-Otome,Dark Road,82,213887
Afterglow,READY STEADY GO (game size ver.),144,792819
Aqours,Deep Resonance,188,1043716
FictionJunction YUUKA,aikoi,122,1196096
Serani Poji,where is smiley?,170,1963051
Nanahira,Nakimushi Girl,190,57243
Gentle Stick,Bach Imitation,145,1007796
Yooh,Destroy -agitato-,195,839273
Traktion,Gid V,174,879767
Yooh,"Good bye, Merry-Go-Round.",185,2096247
D.J.Amuro,X,180,546751
sekai,Sensei no Koto Suki ni Nacchau,108.5,1865173
ShinRa-Bansho,lunatic love baby you,163,2347988
sweet ARMS,Installation,215,185927
NOX,Firesong,88,294935
shoujo byou,Fukakutei Shinkirou wa Haiiro no Machi no Katasumi de,140,668693
Kisumi Reika,Sekai wa Futari no Tame ni,160,1584826
CHiCO with HoneyWorks,Nostalgic Rainfall,165,786665
zts,spiral ladder,140,2156030
Galdeira,Almagest,178,21915
Yamamoto Mineko,Rinne,179,2095911
DJ Genki VS Camellia feat. moimoi,YELL!,170,564539
penoreri,Preserved Valkyria,220,644642
Hommarju feat. R.Cena,Chousai Kenbo Sengen (Cut Ver.),200,2384813
Halozy,Masshiro na Yuki,170,820259
Inori Minase,brave climber,190,2562266
nonet,Now On Stage!!,170,1549308
Avizura,Lucky Star,175,2214290
A-One feat. Aki,Wanna Be My Dream,165,2376975
Baru,ResoAlive,200,306698
mafumafu,Yuugure Semi Nikki,190,60344
Zips,True Kanjou Kesson,200,118075
Asano Hayato,Hibari Kochi (Cut Ver.),200,1799538
cygnus,Book of Dark Magic,180,2127556
TERRA,Mugen no Hikari,171,2246121
cYsmix,Manic,150,361214
Seksendort,Kendime Yalan Soyledim,127,2212004
rachie,Hisui no Machi (English Cover),180,2435844
Kanye West,Diamonds From Sierra Leone,97.1,2303521
u's,No brand girls,197,2356976
Various Artists,Anime 2024 Mix,165,2294311
riya (eufonius),INFINITE SKY (riya Ver.),190,2364734
Frank Schindel,Die Hyper Spirit Digitation,148,1405595
Epik High,Fan,166,8499
The Winking Owl,Let Go,83,1302335
Ayane,Invisible light,175,1924175
Aoi Eir,Cynthia no Hikari,166,1563619
GET IN THE RING,Rebirth,150,601865
Fox Stevenson,Turn It Up (Higher),175,2061147
Two Steps From Hell,Victory,120,719001
Various Artists,Science Adventure Series Songs Compilation,210,1336229
nano,"No pain, No game",190,60785
PSYQUI,Your Voice so... feat. Such,176,2171315
Kanda Sayaka,Ringo Uri no Utakata Shoujo,225.2,723541
Asriel,Sequentia,212,17916
Roselia,FIRE BIRD (TV Size),150,947848
ShoyuSound,Hoshi no Koe o Kikasete,198,2203164
SawanoHiroyuki[nZk]:Tielle & Gemie,sh0ut,106,2010775
Perfume,Cling Cling,135,884100
Ponchi feat. haxchi,Anemone,256,1753715
Mochizuki,"To the blue sky, over.",180,2183678
Syrufit ft. Mei Ayakura,Moonlight Maiden,136,55402
TERRA,Hana Ranman ~Flowers~,160,100252
HAG,Natsu no Arika,130,783234
Lady Gaga,Bad Romance,119,1937953
ChouCho,telescope,134,269835
IOSYS,Boukyaku no Ame,140,1837704
Sqwore,korabli khodyat po nebu,106,2288914
Murata Ayumi,Drawing Again,180,1039296
Imy,Divine's Game,185,1604377
Ryokuoushoku Shakai,want,176,1887430
H-el-ical//,Altern-ate- (TV Size),160,1812331
pinata,I'm talking to You! feat. Kasane Teto,178,2528793
M2U,Nightmare,190,88616
NateWantsToBattle,Haruka Mirai,182,1860413
HaL & Misato,Natsukusa no Senro -J-Trance remix-,140,1070
AKUGETSU & PARK BYEONG HOON,CURE (MV VER.),92,2394164
Echo Lab,Wu Bian Qing Kong,214,2164343
The Prodigy,Nasty (Spor Remix),172,288081
Da-iCE,Break out (TV Size),185,1672200
Kano,Prima Stella,180,1660414
Rameses B,We Love,174,239330
Oguri Cap (CV: Tomoyo Takayanagi),Mugen (TV Size),125,2390898
Zutto Mayonaka de Ii no ni.,Teiketsu Bolt,176,1220456
Trichromatic Nature,Pinky Jones,180,1763400
Abe Mao,Believe in yourself,171,1271839
Nakae Mitsuki,On my Sheep -TV size-,177,239741
Kotoha,StaRt,190,2307705
hikota,farewell,160,2260529
SECONDWALL,Natsu no Owari,180,2075254
Shirakami Fubuki,Say! Fanfare!,170,1849738
MAMI,Kaze no Uta,200,620982
Kuribayashi Minami,ZERO!! (TV Size),182,112729
CIDER GIRL,Cinderella (TV Size),130,1678143
Akase Akari,Koi no Yukue (TV Size),140,1670280
Gareth Coker,Light of Nibel (feat. Aeralie Brighton),80,418202
DJ Raisei,T.R.A.P.,203,2002366
Christell,Dubidubidu (Mo Fa Shao Nv Wen Ni Huo Jia Remix),148,2171948
Mimori Suzuko,Univer Page,187,1658721
Arash feat. Helena,Broken Angel (DJ Aligator Remix),128.57,50913
SPLAY,Drawing days (TV Size),176,1499178
nekodex,osu!stream theme,160,469815
voira,resting palace,182,2532238
Baby Alice,Pina Colada Boy (Nightcore Mix),141.25,29864
Haruna Luna,Kimiiro Signal-TV size ver.-,164,262343
Momohara Natsuki (CV: Murakawa Rie),Aozora ni Kamihikouki (TV Size),145,2322925
Bianka AKA Kralya,Poshli vy v zhopu!,84,454827
Eve,Nonsense Bungaku,154,1537691
Kanno Mai,Arcadia,176,2137217
Tokyomane,Mall,196,1770671
Itagaki Soutarou,Mugenranbushou(Game size),170,514795
Infected Mushroom,Savant on Mushrooms (feat. Savant),140,203737
bilbordy,v polnoy temnote,172,2474015
Yiruma,River Flows In You (viewtifulday Remix),154,300962
S3RL,Scary Movie,175,858442
Tomita Miyu,OveR (TV Size),198,1737435
Zach Callison,Be Wherever You Are,165,814769
Faylan,Dead END,183,43864
Jake Kaufman,In the Halls of the Usurper,150,188471
MY FIRST STORY x HYDE,Mugen (TV Size),135,2180590
Joji,Gimme Love,158,1225842
Ito Kanako,Amadeus (TV Size),177,2407148
toby fox,Your Best Friend,124,422018
UVERworld,Touch off (TV Size),200,925328
QWER,ANIMA POWER,175,2216274
nao feat. isui,Natsuhisyou,215,2427112
HyuN feat. YURI,Disorder,193,2208467
JORMUNGAND,Spiral Feel,180,2382517
Rish feat. Choko,Punai Punai Taisou,271,1532007
Isekai Joucho,Tori no Uta,122,1428974
Asasaka Meguri (CV: Haruka Sora),Boku ni Koi o Shite!,170,160018
Asriel,LABYRINTH,202,1294184
ETIA.,Kagami no Mary Sue,180,2463002
yuikonnu,Tsumi no Namae,172,533158
senya,Tsuki ni Murakumo Hana ni Kaze (PV ver.),160,158128
girl in red,i'll die anyway.,158,1992574
Yuuri,Hikousen,200,1839444
SHIKI,BABYLON,190,31373
Kotoha,Cat Loving,163,1949232
Survive Said The Prophet,MUKANJYO (TV Size),190,1942367
IOSYS,Makudo wa Taihen na Mono o Tsukutte Ikimashita,170,2236173
Truxton,SHOTGUN JUGGLE,151.8,128416
QUEEN BEE,Mephisto (TV Size),150,2171757
True North,Fake Love,175,1440001
Krewella,Come & Get It (Nightcore Mix),195.17,125553
2TD x RANASOL,Unknown,174,2169097
sajou no hana,Tentou,197,1863628
AKINO from bless4,MIIRO,195,257565
a*ru,Kizuato,173,569843
Porter Robinson,Sad Machine (Lexurus Remix),174,1376431
Hanazawa Kana,"Xin Sheng Qi Mian, Shan E Nan Bian",91,981837
mimimemeMIMI,Sentimental Love,138,337416
Yuki Setsuna (CV: Kusunoki Tomori),MELODY,115,1321136
ASCA,RESISTER (TV Size),183,2269829
Lenka,Trouble Is a Friend,118,159708
Kankaku Piero,Rakugaki Page (TV Size),184,1384602
Baby's breath,Kusabi (TV Size),192,875578
BUMP OF CHICKEN,I (TV Size),197,2481842
Miyuki Hashimoto,Glossy:MMM,175,130446
Hybrid Minds & Fred V,Drowning In You,174,1603851
Kanemoto Hisako & Iwami Manaka & Ookubo Rumi,GAMERS! (TV Size),186,650639
Nekomata Master feat. Shimotsuki Haruka,Element of SPADA,170,1046566
Wakeshima Kanon,"world's end, girl's rondo (Sped Up & Cut Ver.)",199,2030387
Brad Breeck,Yummy Yummy,129,433815
WEDNESDAY CAMPANELLA,Akaneko (TV Size),168,2258834
Halozy,"Staggering Spirit, Keine's Staggering Song",180,25338
Ogura Yui,Baby Sweet Berry Love (TV Size),170,89831
oneohkay,Last 7 Letters,95,1616937
Yuika,Suki Dakara. (feat. Ren),82.5,1882996
Sergey Chekryzhov,Intro,171.55,130791
ChouCho,Yasashisa no Riyuu,177,1008974
Jean Dawson,SICK OF IT*,189,1949894
Shikishima Mirei (CV: Iguchi Yuka) & Tokonome Mamori (CV: Izawa Mikako),Super Ultra Hyper Miracle Romantic,174,367899
Marina & The Diamonds,Oh No!,127,127109
Rameses B,Flaklypa,130,190390
Susumu Hirasawa,Niwashi KING,110,2451796
cosMo@BousouP,Dystopia Rock Hero,209,1561916
Michael Seary feat. Luke Cusato,Can't Say It Back (Feint Remix),174,813978
eufonius,"glowing world ~Kagayaki no, Sekai e~",160,911279
Rita,Alicemagic ~TV animation ver.~,166,82612
Victorious Cast feat. Victoria Justice,Freak the Freak Out (Nightcore Mix),160,1962243
gmtn. vs. kozato (fw. LUZE) & gmtn. (witch's slave),squartatrice vs. disperagioia,180,581816
BUD VIRGIN LOGIC,Evil Ethics,185,2406961
Ohka,Nanairo Anniversary,220,2303748
TrySail,High Free Spirits,186,455011
kessoku band,Ano Band,190,1892718
Mitsuki,Eeliaas,180,1736814
Eve,Bubble feat. Uta,146,1747897
Ceui,Hana ni Natta Shounen no Shinwa,180,464398
Demetori,Genshi no Yoru ~ Ghostly Eyes,176,503130
maki ligon,Despito (cursed eurobeat mix) - INITIAL Despacito,157,804230
BUTAOTOME,Kyouen,180,1336424
nachi,Tobidase! Bankikki(Casual Killer remix),150,474862
SCREEN mode,TRUE STORY (TV Size),192,1916646
Mitsukiyo,Kimi to Boku no Sekai (feat. *namirin),190,1806117
OSTER project,Meltdown,170,2155906
culenasm,Hitori Nokorazu Niramitsukete,212,1260377
Sleeping With Sirens,If You Can't Hang (Cut Ver.),192,1632054
yuiko,petit bonheur,180,606278
LucaProject,Recovery,185,2185650
"Mao, Ruli, Kyoko, Shiori from STARRY PLANET*",Bloomy * Smile,177,1681701
capsule feat. EeL,Plastic Girl,180,1907402
Nanashi Mumei,A New Start,120,1680268
Black Sun Empire,Dawn Of A Dark Day (Receptor Remix),172,87353
Giorgia Alissandri,Pretty Cure Ah! (TV Size),167,6455
ASCA,Nisemono no Koi ni Sayounara with Wakeshima Kanon,175,1796577
Suzuki Konomi,Inochi no Tomoshibi,180,1758678
Maeshima Ami,Wish for you,174,2431746
Kinoshita Ringo (CV: Tamura Yukari) & Nakazawa Minori (CV: Hanazawa Kana),Mogitate <3 Fruit Girls,175,1714748
Kendrick Lamar,DNA.,140,2274721
Gaetano DJ,Sento (I-M@T FM CUT Radio Remix),140,28048
HoneyWorks,Watashi no Tenshi feat. Narumi Sena (CV: Amamiya Sora),168,1338034
SID,delete (TV Size),193,1137736
ORANGE RANGE,Ikenai Taiyou,145,1208
Paul Bazooka,DrunkenSteiN,128,915322
My Chemical Romance,"Give 'Em Hell, Kid (2025 Mix)",183.92,2382681
fourfolium,STEP by STEP UP,175,630663
ClariS,border (TV Size),178,880633
saradisk,210 - Maikaze,200,476369
TK from Ling tosite sigure,Signal (TV Size),83.5,890781
U149,Yorimichi Little Star (TV Size),189,1983006
sakuzyo,Lexus cyanixs,180,65505
"Asuka Ohta, Ryo Nagamatsu",Moo Moo Meadows,128,1432147
Uzuki Shimamura (CV: Ayaka Ohashi),Great Journey (Cut Ver.),188,1609364
Britney Spears,Toxic,143,1061947
lexxndr,losing my mind,175,2543343
Oishi Masayoshi,Gift (TV Size),264,1928730
MISSIO,Sing To Me,142,1245769
Poppin'Party,Setsunai Sandglass,183,1051893
Gladenfold,...To Eternity,171,496072
Nagito Komaeda(cv.Megumi Ogata),Zettai Kibou Birthday,180,520039
Enjoykin,Lampovaya Nyasha,140,450767
deadmau5 ft. Gerard Way,Professional Griefers (Radio Edit),128,194114
Ado,unravel,135,2091753
Mutsuhiko Izumi,Tengoku to Jigoku,195,1642914
Shiina Go feat. Nakagawa Nami,Kamado Tanjiro no Uta,76,1030790
Seraphine,All The Things She Said,90,1775662
Tyler Smyth and Andy Bane (Dangerkids),Infinite,140,663863
BABYMETAL,"NO RAIN, NO RAINBOW",79,585019
Sawai Miku,"Konna Sekai, Shiritakunakatta. (TV Size)",88,1498999
The Lonely Island,The Creep (feat. Nicki Minaj & John Waters),134,336207
Various Artists,Let It Go (Multi-Language Full Sequence),137,196318
Down,Yamangomcpro6th,175,2199646
Rohi,Artifact,180,1177744
Tatsh,IMAGE REBORN -DIVINITY-,220,2022551
Wagakki Band,Tengaku,232,2143618
sana,Packet Hero,236,1765424
seleP feat. Lily,Sara,160,2088549
Owl City,Hello Seattle (Remix),125,41893
kors k feat. Sunao Yoshikawa,7 Colors,156,272555
Parannoul,Gold River,210,2255328
MIOYAMAZAKI,Noise,225,2204253
Camellia,flower of wilderness,220,366928
Gac Mai,Guong,64,827156
Hybrid Minds,Supernova,174,1823175
hololive IDOL PROJECT,Kirameki Rider*,182,1125707
Missing Heart,Moonlight Shadow (Radio Edit),139.99,2179531
himmeltengoku,saika in Another Style,135,657543
ZUTOMAYO,Seigi,122,1403009
CommanderGwonam,I.M. Crazy,180.05,12835
Unlucky Morpheus,Majotachi no Shanikusai,170,1890758
ClariS,CLICK,135,1079691
HHHxMMxST,Follow Tomorrow (for future mix),140,2293964
Ayane,Arrival of Tears,200,321425
Sayuri x MY FIRST STORY,Reimei,185,2302857
Hashimoto Miyuki,Yume Miru Mama ni Koi o Shite,160,1237680
Vivid Lila feat. Tsukino,Rainy dot Rainy,192,2069950
MC Sniper,Minchoui Nan,110,1612833
Houshou Marine,A Horny Money World ~legendary night~,145,2371965
Nekomata Master,Avalon no Oka,158,1598762
After the Rain,Zettai yoiko no etc,182,969741
Numtack05,kimi no hitomi ni / sayonara! (ED ver),188.5,632589
NCT DREAM,We Go Up,122,841233
fhana,Kimi to Iu Tokuiten [singular you],175,789920
Shiro Neko,Bling-Bang-Bang-Born,157,2250074
Cheryl Cole,3 Words feat. will.i.am,130,222252
lapix,Carry Me Away,175,662208
Lena Liechtenauer (CV: Sawasawa Sawa),Blue sky,193,1372152
LiSA,AxxxiS,194,1451433
Maeda Jun x yanaginagi,Bougainvillea,145.5,2315969
Saitama Saisyu Heiki,Horned Enigma,180.05,79781
Afilia Saga,Neptune*Sagashite,145,915682
R3 Music Box,Road of Resistance (GoldenWolf Metal Mix),148,747066
Camellia,Exit This Earth's Atomosphere,170,1060325
Qrispy Joybox,licca,196,287052
The Flowers,Xi Shua Shua,143.03,2495530
Weezer,The Good Life,136,1644735
Masato Nakamura,Green Hill Zone,150,2399053
Good Kid,Dance Class,182,2207794
Uchida Maaya,Soushou Innocence (TV Size),205,1378617
GLORYHAMMER,The Unicorn Invasion of Dundee,180,1072728
CG5,Battle! Wild Pokemon (Dubstep Remix),185,481675
toby fox,Uwa!! So Temperate,70,1729139
zts,goldenslaughterer,133,931948
PUP,Old Wounds,192,1173552
HoneyWorks feat. Capi,Oshihen nante Yurusanai!,180,1759322
Tsuji Ayano,Kaze ni Naru,134.93,1099456
O2i3,Heart Function,185,1133480
Uehara Rena,Todokanai Koi '13 (TV Size),135,1132232
eufonius,Aletheia (Short ver.),150.5,34462
IAMX,Kingdom Of Welcome Addiction,82.67,650596
Dreamcatcher,Starlight,150,2122640
Happy Clover,Ashita de Ii kara,130,497307
Akino Arai,Kimi e Mukau Hikari (TV Size),90,2451120
MyGO!!!!!,Hitoshizuku (TV Size),204,2066077
UNISON SQUARE GARDEN,Chaos ga Kiwamaru,195,1914935
Pierce The Veil,One Hundred Sleepless Nights,122.67,2244955
Acchi<->Kocchi,Acchi de Kocchi de (TV Size),210,1108211
DAZBEE,Ibitsuna Kotoba (TV Size),178,1993694
Uru,Ambivalent (TV Size),130,2283631
kicco,Kokoro... Hare,135,984363
Anamanaguchi,Twin Dragons,131.9,20792
Hitotsuyanagi Yuri (CV: Itou Miku),Mabataki (TV Size),79,1557877
Nakamura Meiko,Across the Destiny,126,2212698
Misokkasu,Rising Rainbow (TV Size),195,2106308
EGOIST,Namae no Nai Kaibutsu,180,1419149
EGOIST,Eiyuu Unmei no Uta (TV Edit),177,637050
Lily,Scarlet Rose,320,41686
Vivy (VO: Yagi Kairi),Fluorite Eye's Song,90,1949513
HoneyWorks,Heroine to Idol feat. Suzumi Hiyori (CV: Inori Minase),190,2359517
Kondom Varuhuset,Kondomvaruhuset.se,125,486110
nao,Anthem,138,1789690
Shimomura Yoko,Mori no Kinoko ni Goyoujin,189.28,1355791
Numtack05,Genkaku Catastrophe,174.5,675086
Steppenwolf,Born To Be Wild,145,592205
Ito Kashitaro,Setsuna Plus,155,648930
ginkiha,Silver Eclipse,180,2414413
Yorushika,Fireworks of shoes,120,691021
Kitazawa Ayaka,Kimi to no Nakushi Mono (TV Size),134,126785
nayuta,Wasureji no Saihate (Game Ver.),183,2313671
Dea Aurora,Secret Daybreak (Game Ver.),179,1877095
Ogura Yui,winter tale,184,539950
"Tomita Miyu, Onishi Saori, Ohzora Naomi, Hanazawa Kana",Gabriel Drop Kick,168,576517
Dreamcatcher,Scream,138,2232389
EGOIST,Saigo no Hanabira (The meaning of love),75,1494327
*namirin,Mata Futari Koi o Suru,77,416013
HoneyComeBear,Natsuzora,148,2296385
YOASOBI,Yasashii Suisei,90,1497007
KAKAO FRIENDS,APEACH SPECIAL,119.75,410935
DJ SPIZDIL,Malo Tebya (Cut Ver.),181.63,2467990
Endorfin.,Utakata no Hi,86,1042163
Aitsuki Nakuru,Monochrome Butterfly (Cut Ver.),175,2366016
soraru,Gin no Kisei (TV Size),194,920713
"Wake Up, Girls!",7 Senses,196,686456
Jutes,Bad Dream,100,1365310
ALI,MOONBEAMS SATELLITE feat. K.A.N.T.A,121,1337641
Tatsuya Kitani,Seija no Koushin (TV Size),158,1536021
"Kanna Nakamura, Hitomi Sasaki, Tokui Sora",Glorious Moment! (TV Size),198,2025802
mafumafu,Made to order (TV Size),188,2503603
Minami Mai from i.o.sound,Tarinai Heartbeat (Game Ver.),182,2029970
Junichi Masuda,Masara Town no Thema,119.4,306818
Hazuki,Hey. (Game Ver.),146,2429891
Mori Calliope,"Excuse My Rudeness, But Could You Please RIP?<3 (t+pazolite Remix)",260,1264863
Hyadain,Hyadain no Joujou Yuujou (TV Size),200,33212
Daisuke,Natsumeku Sakamichi (TV Size),156,596618
fhana,Ai no Supreme! (TV Size),135,1513912
kensuke ushio,in the sea,129.6,2595442
Mark Forster,Au revoir feat. Sido,106,227984
Jessie J,Domino,127,532102
Matsumoto Fuminori,ZYPRESSEN wa Sakura ni Kawaru,83.92,448736
kensuke ushio,lit(var),95,623863
Ween,Loop de Loop (TV Size),180.8,2487301
XXXTENTACION,MOONLIGHT,128,967467
fakemink,Easter Pink,116.05,2323834
Tommy Heavenly6,PAPERMOON (TV Size),164,16653
Bazzi,Mine,143,826369
Wienners,FACTION,190,1623006
Xanthochroid,In Putris Stagnum,220,968625
Dragon Guardian,Sei Juuji Gakuen,200,1794174
Momo Belia Deviluke (CV: Toyosaki Aki),MORE & MORE,178,1264403
KIEN,Le grand Bleu,165,1956692
Vivid Lila feat. nayuta,Shirosumire no Yuki ga Furu Naka de (Remaster),194,2212746
Sakuzyo,Amenohoakari,155,671056
yuikonnu,Gigantic O.T.N,190,1362797
ClariS,Careless,185,1847155
Kawada Mami,as x sist ~Amae Beta na Watashi Nari ni~,168,2281651
Hitomi Sato,Jitensha,189.96,2227945
YOASOBI,Ano Yume o Nazotte,180,1150457
Kazuki Yanagawa,Harutsugedori,204,1909694
Mitsuki Kotono,Fuyu ni Saku Hana,170,777681
Virtual Riot feat. Varia,Edge,172,646291
Nekomata Master+,Driven Shooter,175,1915763
sana,Little Regret,184,1218122
THE BINARY,"Hana ni Ame o, Kimi ni Uta o",240,1186593
Shawn Wasabi,Marble Soda,168,1971143
Kano,Ama no Jaku,200,754383
DJ YOSHITAKA feat. Hoshino Kanako,MAX LOVE,180,61846
YURiCa/Hanatan,Romeo to Cinderella,170,1940437
fhana,Outside of Melancholy ~Yuuutsu no Mukougawa~,118,568455
Aqours,Kimi no Kokoro wa Kagayaiteru kai?,182,476031
Hanatan,You and beautiful world,160,138220
Kawada Mami,No buts! (TV Size),183,1838322
TrySail,whiz -TV.Ver-,171,625311
Kano,Prima Stella,180,477708
Beach Bunny,Sports,187,2532517
JULIE SIGTUNA (CV:Yamamoto Nozomi),BelievexBelieve,122,261905
SCREEN mode,LOVEST(TV Size Ver.),180,203138
ClariS,Careless (TV Size),185,1540855
kid melt,schastliv vstretit'sya s toboy,180,2349003
Girls Dead Monster,Ichiban no Takaramono ~Yui final ver.~,120.03,32936
joeyclassic,seal the 3rd.mp4,141,434841
AnythingBecomeMoe,YARARARA feat. Kasane Teto,125,2578256
sokoninaru,Mirage,220,1474917
TAG underground,POSSESSION,185,62705
Morimori Atsushi,Toono Gensou Monogatari (MRM REMIX),200,1089149
Fujijo Seitokai Shikkou-bu,Best FriendS (TV Size),163,1904321
YOASOBI,Watch me! (TV Size),128,2365957
PNEVMOSLON,Yobu dal,280,2418562
AKINO from bless4,MIIRO (LU-I Remix),185,1007148
MISSING HEART,MOONLIGHT SHADOW (New Vocal Version),140,14315
jioyi,Platinum,182,553237
cranky,R176,190,31367
Maeshima Ami,Determination,180,2352064
FELT,Sky Gate,138,1636363
USAO,FREEDOM (Extended Mix),170,749304
ZUN,Bad Apple!!,160.8,253501
orangentle / Yu_Asahina,HAELEQUIN (Extended ver.),172,551831
Miss Monochrome (CV: Horie Yui),Poker Face (TV Size),136,821033
XeoN,Dream of Winds,150,68717
Wagakki Band,Ame Nochi Kanjouron,184,1911566
sasakure.UK feat. Hatsune Miku,"*Hello,Planet.",150,38950
Chroma,Still Believe,184,1415358
KOTOKO,Floating up,147,1185397
fem.love,1000-7,135,1519340
Khirki,Featherless,175,2376930
y0c1e,No buts!,183,402278
ZAQ,Serendipity,173,578619
Tatsumi Megumi featured by Sano Hiroaki,Tsubomi (Long Version),184,175262
Lifetheory,Fairy,175,158820
ALTIMA,Burst The Gravity,148,81567
Neople,intro,103,903515
Linkin Park,Up From the Bottom,214,2346605
sakuzyo,Neurotoxin,180,198380
Kicco,Get the Freedom,175,1644227
*namirin,Amatsu Kitsune,190,688824
:)  feat. KAFU,Egonomy,175,1745150
Hoshimi Production,Hoshiiro no Kaleidoscope,172,2233100
Natsuiro Burning Love*Prim,Sore wa Hanabi no Youna Koi,182,1419210
Makino Yui,Hachigatsu no Sora,170,960873
Inspector K,Disconnected Hardkore (CanBlaster Remix),210,30485
Houshou Marine with Holoism Fantasy,Hoihoi*Gensou Holoism,195,1202320
MOMOIRO CLOVER,Pinky Jones,180,1571154
Taylor Swift,Last Christmas (Cut Ver.),116,1648050
Kawada Mami,INITIATIVE,134,54829
U-ske,Wagamama Dormir (feat. Suzushiro) (Cut Ver.),142,2537229
ichigo from KISIDA KYODAN & THE AKEBOSI ROCKETS,STONE OCEAN (TV Size),180,1638526
Memme,China Dress,175,149749
himmeltengoku,Whisper of Rose,175,173614
BACK-ON,wimp feat. Lil' Fang (from FAKY) (TV Size),186,1554093
ABSOLUTE CASTAWAY,Machigami Shoujo,197,1534767
Yousei Teikoku,Asgard (Short Ver.),130,26334
Memme,Cherry Blossom,170,442581
Enanitos Verdes,Lamento boliviano,123.55,1895733
Sakura Bakushin O (CV: Misawa Sachika),Bakushin Bakushin Bakushinshin (Extended Edit),150,2426795
wotoha,Digital Life Hacker,160,1516617
Mayu Maeshima,No Man's Dawn (TV Size),85,2305383
QWER,Dear (Cut Ver.),168,2390463
FLOW,Sign (TV Size),178.26,803854
Kamiya Nao (CV: Matsui Eriko),Kimi no Shiranai Monogatari,165,948979
Shano x 40mP,Kiritorisen,165,79307
After School,Bang!,120,106777
Maaya Sakamoto,CLEAR,165,717049
GLAY,Sora ga Aozora de Aru Tame ni (TV Size),200,1657861
Oishi Masayoshi,Imperfect (TV Size),174,1443071
ASCA,CHAIN (TV Size),192,1096024
StylipS,MIRACLE RUSH (TV Size),168,48465
Linked Horizon,moshi kono Kabe no Naka ga Ikken no Ie dato shitara,82,278357
Alan Walker,Sing Me To Sleep,88,771463
tokenainamae,Mahoroba no Reactance,171,2460728
sajou no hana,Gray (TV Size),96,1107257
Fujifabric,PLANETARIA (TV Size),167,2106268
Eve,INSOMNIA,150,2196601
GOHOBI,Blouse (TV Size),178,2231028
Renard,Feel Better,262,187298
DOES,Shura (TV Size),197,23852
Six Stones,Topoviy Lut (feat. Maemiza),126,797340
Hana,Alice,179,570443
Imperial Age,Gnosis,220,2500411
ShadowStrike,A Dream Of Stars,210,2559867
S.F.A,Dienos Advento,140,1085630
Sakuzyo,Future Coaster,180,2398428
Ariabl'eyeS,Reflect,140,2386545
Genkaku Aria,Kuuchuu Teien Dystopia,200,1684028
Demetori,Hartmann no Youkai Shoujo ~ Todestrieb und Lebenstrieb,220,928647
ATSUMI UEDA,Harmonia,177,542868
ZUN,Demystify Feast,162,1978790
Roselia,Break your desire,205,1772954
ZAQ,Dance In The Game,135,1817884
YurryCanon feat. GUMI,humanly,250,1886627
yaseta,Bluenation,180,1883311
Yousei Teikoku,Naikan Uchuu Shisha no Yurikago,272,1306595
goreshit,game over.,187,986213
IOSYS,"Mayoi Michi, Semaru Yami wo Mitoosu Nouryoku wo",162,15772
Masami Okui,Rondo-revolution (TV Size),128.07,1502927
Imperial Circus Dead Decadence,"Fusyoku ressentiment, fushiyoku no sarugakuza.",210,2088208
Rameses B,Stardew,174,1198905
F-777,Airborne Robots,200,632505
cosMo@bousouP,Hatsune Miku no Gekishou (LONG VERSION),200,754464
Ceui,Sabaku no Santa Maria,178,1569478
Duca,marry me ?,160,822696
T.M. Revolution x Mizuki Nana,Preserved Roses -Anime Version-,167,144259
yuikonnu,Hatsukoi no Ehon,190,110870
Tsunomaki Watame,Revival,200,2195417
Anamanaguchi,John Hughes,188.3,655256
Imy,Meteora,132,1062770
Koda Kumi,Cutie Honey (TV Size),155,1210341
GARNiDELiA,ambiguous,178,303867
Suara,Hito Nanda (TV Size),183,1798453
KOTOKO,INFINITE SKY,190,1439625
Mitsuki Kotono,Fuyu ni Saku Hana,170,1619594
ESTi,Ladymade Star,136,9138
Feryquitous,Central Nucleus,175,814673
Rib,Tsukiakari,200,1688783
ChouCho,Haiiro no Saga,184,2349167
Ryokuoushoku Shakai,Magic Hour,94,2065538
yuiko,Kimi to Yumemishi,182,488586
Dormir,Sayonara Trip,133,1055808
supercell,The Bravery,189,810543
Shikata Akiko,Umineko no Naku Koro ni (Short Ver.),220,1636444
Yasuda Mizuho,Yoake no Bell ga Naru,177,1036799
sugosugiii,vibew/me!,170,2425404
uma,take a step forward,190,453467
Pegboard Nerds x MisterWives,Coffins,174,2199020
Billy Fogarty,Jumpin' Jack Flash,149,304
Fujikawa Chiai,1000-nen Ai (TV Size),190,2379855
"Kirisaki Chitoge (CV: Touyama Nao), Onodera Kosaki (CV: Hanazawa Kana)",Taisetsu no Tsukurikata (Asterisk Remix),175,874178
Powerless feat. kakichoco,hypnoSpirA,185,847415
Various Artists,OneRoom Ending Song Anthology,142,668069
O2i3,TSLove,185,1206779
Draper,Set Me Free (Cut Ver.),170,1679483
daisan,-+,185,135094
NayutalieN,Ray Tuning,190,710587
Papa Roach,9th Life,127.99,230225
Poppin'Party,Tokimeki Experience! (TV Size),180,950939
Gabry Ponte,Geordie,137,789611
angela,Otome no Route wa Hitotsu Janai! (TV Size),192,1161770
Official HIGE DANdism,Pretender,92,2380112
EastNewSound,Koisuru Kimochi,160,1999580
Misato Aki,Sayonara Kimi no Koe,140,28240
Amatsuki,Astro Lost (Cut Ver.),185,1521290
EDOGA-SULLIVAN,WONDERFUL WONDER (TV Size),160,958314
Cascada,Because The Night (Nightcore Mix),175,1824313
Kato Megumi (CV: Yasuno Kiyono),M flat (Cut Ver.),160,2260301
Blestyashchiye,Za chetyre morya (Cut Ver.),174,2143392
"Minase Inori, Hanazawa Kana, Iguchi Yuka, Hayami Saori","Koko kara, Koko kara (TV Size)",175,1233505
i2ka x Tanchiky,Voice,198,2140099
Hayami Saori,Omou Koto -TV size-,119,129391
lexycat,atrophy,175,2403954
Calliope Mori x Gawr Gura x DECO*27,Q,178,1693923
Fei Zao Jun,Da Lang Tao Sha,145,632984
Roubai Gakuen Chuutoubu 1-nen 3-kumi,Hajimari no Setsuna (TV Size),128,1683459
Mifune Shioriko (CV: Koizumi Moeka),Ketsui no Hikari,176,1349452
KARUT,Encountered,185,2509717
Dj Splash,A Beautiful Day,142,14402
Yu-Peng Chen @HOYO-MiX,Liyue (Cut Ver.),112,1589497
Evil Activities & DJ Panic ft MC Alee,Never Fall Asleep,170,19624
Poppin'Party,Tokimeki Experience! (TV Size),180,658952
back number,Mabataki,80,794187
IOSYS,Miracle Hinacle,160,980713
"Yagi Yuki, Saeki Iori, Izawa Shiori, Itou Miku, Noguchi Yuri, Mizutani Marin",Shiny Happy Days (TV Size),188,1097208
ASA,Assault TAXI,154,2301619
MiddleIsland,Tokiiro Serenade,138,360654
FREDERIC,Kanashii Ureshii,142,635275
HOYO-MiX,La vaguelette,110,2091367
TeamGrimoire+Amaneko,croiX,195,67868
Ne Obliviscaris,Libera (Part I) - Saturnine Spheres,215,1371944
Dio feat. Sef,Aye,119,1621130
BABYMETAL,Road of Resistance,205,570177
Husky by the Geek,Heroes,160,727142
Roman so Words,Luciola passionata,242,2255533
Duca,Koiiro Sekai,170,1348040
Kardashev,Torchpassing,200,1821239
Floxytek,Opera,190,25985
Shibayan,Boundary of Space,146,4428
-45,Ena,150,1882400
Shiratori Lanael (CV: Yoshino Nanjo),Kaku mo Yuubi na Hi to Narite,250,1858338
-45,yoshikawa45 vs. siesta45 Battle of HongKong,154,1889111
Zektbach,meme,155,68617
ChouCho,starlog,168,1113870
Diao Ye Zong feat. Meramipop,"Fuujin ""Brave Girl""",163,1656663
The Koxx,A Fool Moon Night,138,1465787
Luze,IKUSAUTA Orglrya,250,1747268
FictionJunction,Parallel Hearts,165,980656
Noisia,Stigma,172,143281
Feryquitous feat. Aitsuki Nakuru,Hi no Ao,190,890174
SHHis,Resonance+ (SHHis Ver.),157,1625730
Okui Masami,Good-bye crisis,178,1876230
cosMo@BousouP,Hatsune Miku no Bunretsu -> Hakai (2018Remake),185,1429091
69 de 74,DESPERATE DEATHPARADE,225,1818753
solfa feat. Chata,Colorful precious life,180,112655
69 de 74,RTTR,180,1447300
ALiCE'S EMOTION,Look For The Truth,170,1332617
Mahiru,humanly,250,1874177
ESTi,HELIX (Edit ver.),175,194910
Jamie Paige,ROT FOR CLOUT,172,2283394
supercell,Kokuhaku,180,811631
aran,Graces of Heaven,174,2063140
Aitsuki Nakuru & Kabocha,Lilith,270,1344501
THE ORAL CIGARETTES,ERASE,226,2491045
Asriel,Sequentia,212,1550720
ShinRa-Bansho,I,196,1927992
"Hello, Happy World!",Wacha Mocha Pettan Koushinkyoku,160,954116
CHiCO with HoneyWorks,Historia (Cut Ver.),184,2172170
Omega,MAX 300,150.05,1917268
yanaginagi,Yukitoki,160,1216983
zts,dreamenddischarger,140,1272349
Demetori,"Koyoi wa Hyouitsu na Egoist ~ Ego, Schizoid, Beat.",180,825377
IOSYS,Border of Extacy,204,7932
Shimotsuki Haruka,Sketchbook,131,770910
Diao Ye Zong feat. Meramipop,Ibun 'Seigi no Mikata',146,863687
Zara Larsson,Never Forget You (MitiS Remix),150,450517
JIN feat. 96neko,Children Record,210,931072
Lee Jung Hyun,Michyeo (Going Crazy),132,4750
Rita,Beyond the Eternity,200,1209610
USAO,Extra Mode,195,624963
LiSA,Gurenge,135,1025171
Igorrr,Pavor Nocturnus,174,57525
ClariS,Connect (TV Size),175,1834635
nobodyknows+,Kokoro Odoru,226,1020878
ChouCho,Kimi e Okuru Mahou,128,373070
Yasuharu Takanashi,Fairy Tail Main Theme,220,13686
Hoshimachi Suisei,"Tenkyuu, Suisei wa Yoru o Mataide",134,1193099
cYsmix,Eden,140,1273651
solfa feat. Ceui,melty love,180,1620127
HMNK feat. TechniKen,Greatest Memories,137,909363
aran,The Vividness of Memory,168,2290647
nouns,dogs,100,1885919
Shota Kageyama,Jitensha,158,1743283
DiverDiva,Shadow Effect,127,2495470
supercell feat. Hatsune Miku,World is Mine,165,1784338
ChouCho,Ashita no Kimi sae Ireba Ii.,178,687943
Sound piercer feat. DAZBEE,Hanatachi ni Kibou o,187,2032476
Razlom,Darkmist,172,639468
Hatsune Miku,Game of Life,140,30193
HO-KAGO TEA TIME,Pure Pure Heart,154,1016626
Keanu Bicol,her smile,205,1819157
Anna,Kiss no Yukue,127,5571
KyoKa,Aitoki*Cherishing,182,2505066
Uzuki Shimamura (CV: Ayaka Ohashi),M@STERPIECE,128,705310
Kito Akari,Dear Doze Days,172,1949141
The Pretty Reckless,Fucked Up World,128.43,233562
Luna,Einstein yori Ai o Komete,179,2022658
Meramipop,Sono Tobira no Mukou ni,140,93670
cillia,The Snow White Princess is,200,1509983
Muzzy,Spectrum,175,621102
Rameses B,Mountains (feat. Veela),175,1715288
Ryokuoushoku Shakai,Scarlet,174,2349118
Ryokuoushoku Shakai,LADYBUG,124,1441587
YUC'e,PUMP (Cut Ver.),180,2023926
JUNNA,Dear (TV Size),212,1974787
xi,ANiMA,183.5,359191
Feryquitous,Quon,189,990035
Wisp X,Wander,174,652886
Kitamura Eri,Happy Girl (TV Size),145,43419
Iguchi Yuka,Platinum Disco,117,55689
Nijigasaki High School Idol Club,Nijiiro Passions! (TV Size),180,1280426
Carly Rae Jepsen,Call Me Maybe,120,54954
Jun Kuroda & AAAA,Cygnus,183,358056
torr,selfdestruct,188,2238864
Krewella,Live for the Night,128,692999
Kagamine Rin & Len,Jutenija,200,29557
Yu-Peng Chen @HOYO-MiX,Reconnaissance Captain,121,1524792
NIVIRO,The Return,128,1049327
Ado,Sakura Biyori and Time Machine (with Hatsune Miku),174,2269400
AcuticNotes,Axeria,193,574641
Parry Gripp,Nom Nom Nom Nom Nom Nom Nom,128,106500
kessoku band,Guitar to Kodoku to Aoi Hoshi (Hayakou Bootleg),272,2184780
KSUKE,Contradiction (feat. Tyler Carter) (TV Size),130,1212562
Mi Bai,Yomei Mikka Shoujo,63.33,1139820
Harumaki Gohan feat. Hatsune Miku,Suisei ni Nareta nara (Cut Ver.),180,2252460
Gezzles,I-A-M-H-E-A-V-Y-W-E-A-P-O-N-S-G-U-Y,178.26,6852
REDALiCE feat. Akai Haato,Haachama Haachamatchama,170,1274950
Joji & BENEE,Afterthought,167,1879976
P4koo (NONE),Sogaikan Utopia,174,1417793
chano & 40mP,Natsukoi Hanabi,158,650427
Iyowa feat. KAFU,Kyu-kurarin,220,1591460
Arizona Zervas,ROXANNE,175,1076733
Hayami Saori & Takagaki Ayahi,Odoriko,120,23911
solfa feat. Chata,Prism lovely day,180,1658950
Chai Found Music Workshop,Chikuzei ~GEAR UP~,146,2192527
ReoNa,Scar/let,175,1207707
MYTH & ROID,VORACITY (TV Size),200,814486
Imperial Circus Dead Decadence,Uta (Intro ver.),140,823960
Itowokashi,Aoi Honoo (TV Size),136,1128882
Nightcore,Heaven is a Place on Earth,156.56,14010
Touyama Nao,ALL 4 YOU,156,36091
Trina Lydia,Stellar Immortality,185,2197796
Suara,Fuantei na Kamisama,156,540674
Tune Up!,Bounce (Nightcore Mix),177.5,24315
ILLIT,Cherish (My Love),143,2269550
Ben Franklin,No Way Back,157.98,25281
Kano,Daisy Blue,184,743715
Hoang Thuy Linh,See Tinh (Sped Up & Cut Ver.),125.25,1941165
nano,Bull's eye,197,360744
Hanatan,Jishou Mushoku,120,502184
MASAKI (ZUNTATA),Touhou Kijinretsu,235,1267353
the peggies,Highlight Highlight,252,1789615
KANA-BOON,Nandemo Nedari,140,546011
Travis Scott,SICKO MODE feat. Drake,77.5,1303272
"Yamazaki Haruka, Tadokoro Azusa, Machico",Dreaming!,180,1903014
Denkishiki Karen Ongaku Shuudan,Elder Things,170,1877186
Kuroneko Dungeon,Ryoushi no Umi no Lindwurm,280,372850
315 STARS,Reason!!,190,1192829
Quarks (kradness x Camellia),Intro + Dualive,190,455638
ALTIMA,I'll believe,142,2233686
School Food Punishment,flashback trip syndrome,158,413635
Sonic Syndicate,Denied,200,67895
Natsume Itsuki,Beginning,200,1173059
TOTAL OBJECTION,Higurashi Moratorium,189,1461452
Ryota Kozuka feat. Lyn,One Nightbreak,110,2307403
Shito (ReReGRAPHICS),Nigredo,143,1136019
Nekomata Master,Nekozamurai no Gyakushu,152,518743
IAHN,Candy Luv (Short Ver.),130,456054
Feint,Snake Eyes (feat. CoMa),174,1224094
kradness,Otsukimi Recital,195,474227
the peggies,Neverland,184,1898721
Joost,Luchtballon,176,2196661
Katy Perry,E.T.,150,36077
Natsume Itsuki,Flap & Clap,190,2454877
modlessflash,Of Sun and Moon Eternal Dance,180,2214919
Twin-Tails,Twintail Dreamer! (TV Size),198,1376604
senya,Iro wa Nioedo Chirinuru o,138,969563
Lady Gaga,Bloody Mary (Nightcore & Cut Ver.),128.2,1992118
P*Light,Poppin' Shower,175,42527
AKINO with bless4,Yuki no Youni,184,516152
Takagi-san (CV: Rie Takahashi),STARS (TV Size),73,1885507
Y&Co. feat. Karin,Sweet Rain,155,327825
Various Artists,Songs Compilation V,125,1892585
Asakura Momo,Boku Dake ni Mieru Hoshi,168,1474458
765 MILLION ALLSTARS,Flyers!!!,172,1636687
IRyS,diorama,180,1524304
II-L,SPUTNIK-3,170,1312076
Meychan,Koakuma datte Kamawanai!,177,1570458
Sound piercer feat. DAZBEE,Hanatachi ni Kibou o (2020 Remaster),187,2110025
Cash Cash,Forever Young,136,21155
SHISHAMO,Kimi to Natsu Fes,178,237261
Rita,Little Busters! -TV animation ver.-,151,56940
Da-iCE,Story (TV Size),192,2210791
Utsu-P,Psychokinesis,200,70988
Cranky,Libera me,165,757813
Kito Akari,Kimi no Tonari de,198,1436845
KANA-BOON,Nai Mono Nedari,175,951217
AAA,Ashita no Hikari (TV Size),120,1148453
YUKA NAGASE,Kawaige Nai na,186,1664905
Lenka,Everything At Once,145,88118
Kotokawa Akira (CV: Tomita Miyu),Taiyou to Rainbow (TV Size),132,2209742
IAMX,Think Of England,145,742442
U,Kansha Kangeki,185,62736
Harada Hitomi,Anicca,175,121744
Fleur,Chelovek 33 cherty,160,1148856
Oshibsya nomerom,TBKS,140,1669986
VINXIS,Left Behind,200,780372
Mutsuhiko Izumi,Russian Snowy Dance,170,38872
Ninomiya Yui,Dark seeks light (TV Size),185,2179968
MYTH & ROID,PANTA RHEI (TV Size),190,1037954
Vivy (CV: Yagi Kairi),Sing My Pleasure (TV Size),175,1457058
MONKEY MAJIK,Running In The Dark,125,1879374
Hatsune Miku,Triple Baka,90,4674
CHiCO with HoneyWorks,Himitsu Koigokoro,165,1798371
Nanou feat. Luschka,Orphan,170,1498188
Kuroneko Chelsea,Ao no Lullaby -Anime edit.-,178,732101
milet,Anytime Anywhere (TV Size),82,2070276
MAGIC!,Rude,144.01,297693
Stefy Nrg,It's a Fable (Nightcore Mix),175.47,19569
Jay Chou,Rice Field,82,1682452
UVERworld,CORE PRIDE (TV Size),185,1050996
REAPER,BARRICADE (Cut Ver.),174,1157441
Pastel*Palettes,Luminous Once More,169,1884593
Yui Horie,Silky Heart (TV Size),135,24135
Tomofumi Tanizawa,Sawakaze (TV Size),142,2001782
Hatsune Miku,Zureteiku,170,20081
Porter Robinson,Fresh Static Snow,91,231552
HoneyWorks,Kawaikute Gomen feat. Chuu-tan (CV: Hayami Saori),160,1900133
LiSA,Zankoku na Yoru ni Kagayake,170,2431741
toby fox,Shop,77.5,1757662
onumi,LIBIDO,200,1392711
Heavenz feat. KK,Sore ga Anata no Shiawase to Shite mo,77,339774
The Pretty Reckless,Heaven Knows,84,222215
Heart Invader,Koukan Win-Win Mujouken,186,193980
Akeboshi,Wind,174.97,664841
S1RENA,Staub,159.98,2169972
Sonata Arctica,Wolf & Raven (Cut Ver.),169.4,2242178
Bridear,End Of Sorrow,185,2385273
fripSide,change your core self,139,1406876
SakiZ,osu!favourites,200,603738
Tatsh,Fuushi Kaden,200,2436205
Demetori,Furuki Yuanxian,200,430959
BAND-MAID,RINNE,190,1193063
yanaginagi,Harumodoki (TV Size),174,2300633
vally.exe,oyasumination,190,2061188
sasakure.UK,Decadence feat. mami,240,1719345
TWICE,Celebrate,112,2364565
Baracuda,Where Is The Love (Nightcore Mix),177.09,19882
TO-MAS feat. Chima,FLIP FLAP FLIP FLAP,117,592768
Mitose Noriko,The Party of Seven Witches,170,284655
yomegA,Shut Up and osu! With Me (2020 ver.),128,1095376
akatin,Outer Science,195,731457
Horie Yui,Asymmetry,173,670616
Frums,theyaremanycolors,120,1416051
RiraN,Ready For The Madness,180,999054
MiddleIsland,Aldo,152,72767
neverquest + avalanche death,don't go!,151.2,1122698
Shimotsuki Haruka,Ayakashibana to Yumeutsutsu,186,2282471
Ayase Eli (CV: Nanjo Yoshino) & Tojo Nozomi (CV: Kusuda Aina),Garasu no Hanazono,169,1741262
Asriel,Judgment,204,1372170
Amuro vs Killer,Mei,200,25605
nonet,Now On Stage!! (TV Size),170,2103523
cygnus,2007clocktower,180,2441153
Hirano Aya,Lost My Music,200,4591
ZUN,The Youkai Mountain ~ Mysterious Mountain,168,22040
Demetori,Higashi no Kuni no Nemuranai Yoru,165,1872478
culenasm,8-gatsu 31-nichi,150,2207426
Nekomata Master feat. ATSUMI UEDA,Anelis (Long Ver.),180,1386826
Rusui,Absolute Zero,221,2518640
Hitori Tori,perthed again (yambabom remix),180,2412164
Marika,"""If""",156,950602
yanaginagi,Songs Compilation,85,792487
Negoto,Charon (DJ SEVEN PnB Refix),175,344896
Poppin'Party,Mae e Susume!,181,1886224
Iguchi Yuka,Mirai Shoot,170,38592
Camellia,Controlled dive,184,320058
System of a Down,Vicinity of Obscenity,230,13768
Woofle and Strife,Up The Creek (Jade Creek 1),140,223668
Yasuda Rei,Songs Compilation,120,745310
paraoka,boot,236,50131
Toby Fox,Chaos King,147,877955
Black Raison d'etre,Van!shment Th!s World (TV Size),167,141956
Tanya Degurechaff (CV: Yuuki Aoi),Los! Los! Los! (TV Size),240,1750101
Akitsuki Fuuka (CV: Lynn),Fair wind,190,880186
MEMAI SIREN,image _____ (TV Size),201,1091421
Annabel,syncretism,155,1424727
Last Note.,Setsuna Trip (Short Ver.),290,51065
ZUN,Shunshun Shuugetsu ~ Mooned Insect,155,155051
Sakuragawa Megu,Unreal Creation!,190,1197118
sekai,Idol,166,1988558
nano.RIPE,Last Chapter (TV Size),181,1145548
cinema staff,great escape,184,915864
MIYAVI vs. KenKen,Flashback (TV Size),140,745270
Megpoid GUMI,Life Reset Button,200,40749
-45,BGT-No.14,163,2486408
Good Kid,Wall,170,2497900
Archspire,Involuntary Doppelganger,175,1581431
KOAN Sound,Vibrant,150,1124489
Marie,Clover Heart's -New days recording-,156,2028974
CHiCO with HoneyWorks,Ai no Scenario,180,269103
Raujika,Cry More,175.14,102393
Skillet,Monster,135,738909
Shoujo,Reminiscing,175,643269
Ryu*,I'm so Happy,181,768390
FELT,crescent moon,187,1179980
Rita,Life goes on.,170,1688008
Kana Nishino,Wishing,73,414779
Suzuki Konomi,ALKATALE (Game Ver.),144,2208828
SUPER BEAVER,Rashisa (TV Size),168,920404
Hotaru Murasaki,Re:TrymenT,190,651062
Suzuki Aina,Hate no Nai Tabi (TV Size),116,2151863
Amatsuki,Otose Thunder (Cut Ver.),177,2073712
Hitomi Sato,Route 201 (Night),120,2136868
Jane Remover,pretender,192,2406034
nano,INFINITY ZERO,188,230022
WALKUERE,Ikenai Borderline,161,1866176
Doma Umaru (CV: Aimi Tanaka),Nimensei*Uraomote Life!,170,682560
Dancing Dolls,monochrome (TV Size),132.12,164748
fhana,Watashi no Tame no Monogatari ~My Uncompleted Story~,170,718701
MIMI,Toumeika,225,2299210
Ayaponzu*,Shiroi Yuki no Princess wa,200,772093
Yorushika,Dakara Boku wa Ongaku o Yameta,125,1508883
fhana,Comet Lucifer ~The Seed and the Sower~,219,374875
Shimotsuki Haruka,small star,172,884845
Konoe Kanata (CV: Kito Akari),Silent Blaze,185,1641274
Hyper Potions & Skye Rocket,Shooting Star,140,1191951
UNDEAD CORPORATION,Karakurenai feat. Ranko,170,2415448
BLANKFIELD,Flowering Game Night,263,1185325
Getty vs. DJ DiA,Grayedout -Antifront- (Extended Mix),190,2194883
Natalia Oreiro,Tu Veneno (Cut Ver.),170.1,1557448
sana,Sunset March,130,739396
Shoujo,Reminiscing,175,852003
Official HIGE DANdism,Laughter,80,1221968
Koji Wada,Butter-Fly ~tri.Version~ (TV Size),172,1214202
coldrain,MAYDAY (feat. Ryo from Crystal Lake),121,1030814
YOASOBI,Ano Yume o Nazotte,180,1213174
Sergey Eybog,"Went Fishing, Caught A Girl",108,289884
THREE LIGHTS DOWN KINGS,NEVER SAY NEVER,194,664307
jorj1357,i love you so much,172,2523985
Mirami,Sexualna,130,686669
Alex C. feat. Yasmin K.,Angel of Darkness (Nightcore Mix),175,21949
Boxplot,Escape With The Clouds (V.I.P.),178,2578171
Yiruma,River Flows in You (wiwit Arrangement),180,2366289
Three feat. Kagamine Len,Ego Rock,225,972812
Phineas and the Ferb-Tones,Gitchee Gitchee Goo (Extended),163.05,27246
CircusP,Lie,112,1156096
senya,Koborezu no Negaigoto,150,1330002
Nakazawa Minori (CV: Hanazawa Kana),Minori no Zokkon Mirai Yohou (TV Size),188,1423080
Ardolf,SILVER BULLET,200,2295411
NicoNicoDouga,Miracle Mat-tan,179.1,6853
Shoujo Fractal,Samayoi no Mei,160,2056468
dark cat,BUBBLE TEA (feat. juu & cinders),160,716213
Smash Mouth,I'm A Believer,164.75,102615
Momohara Natsuki (CV: Murakawa Rie),Aozora ni Kamihikouki (TV Size),145,2000369
Feint,Outbreak (feat. MYLK),175,672530
SAINT PEPSI,ENJOY YOURSELF,96,662892
F.O.O.L & Laura Brehm,Waking Up,145,2094934
Mika Nakashima,KISS OF DEATH (Produced by HYDE) (TV Size) / Phase1,122,2212439
Triad Primus,Trancing Pulse,143,409958
Fractal Dreamers,Module_410,180,982205
VESPERBELL,Chocolate Disco,128,1437192
Andou Yuuko,Shougeki (Cut Ver.),137,1634933
Aise.,Brain Rot,135,2549663
Megpoid GUMI & Kagamine Rin,Invisible,192,45160
Tokine,Negai o Yobu Kisetsu (TV Size),170,2208585
FROZEN QUALIA,PLACE,172,1658712
Imperial Circus Dead Decadence,Tinu rareta Syuren Ni Fukeru Homura,200,1643857
capsule,Teleportation,175,1048608
fripSide,black bullet,155,1586228
CROSS VEIN,Eternal Dream,208,1936297
ClariS,Koi Sekai,170,2030184
Katakiri Rekka,Moe Ochiru Hokori -Counter raid Another D-,244,661933
EastNewSound feat. nayuta,"Nijiiro Kekkai, Gekkyou no Goku",148,2414966
sakuzyo,VALLISTA,180,40056
MY FIRST STORY feat. chelly (EGOIST),"1,000,000 TIMES",200,1662930
NiziU,Make you happy,160,1204806
Kurosaki Maon,Memories Last,173,687534
Roselia,Neo-Aspect,180,1781201
Camellia,Light it up,175,1165549
May'n,Lion -May'n Ver.-,145,2172587
BeautifulDay,Bride in Dream,116,2355528
Yasuno Kiyono,Rocket Beat (TV Size),172,875530
AISHA,The Disaster of Passion,180,1497801
LiSA,ASH,192,826992
nano,Omoide Kakera,200,1902324
Tamura Yukari,Happy Life,178,2161396
96neko & Amatsuki,1 - 2 - 3,184,1861462
Super Junior-M,Super Girl (Chinese Version),125,16084
Ikimonogakari,Blue Bird (TV Size),152,1328534
mineko,Honpou Tora ^ Honsou Nezumi,178,44175
ChouCho,starlog,168,1645466
Hearts Grow,Yura Yura (TV Size),150.42,2362406
Toyosaki Aki,Guitar ni Kubittake,185,7897
Se-U-Ra,Sekibaku no Maihime wa Kuraku Shizumu,204,1317826
Li Meng Di,Kuai Dian Gao Su Ni,130.37,336686
Ice Nine Kills,Stabbing In The Dark,165,1476977
Okura Asuka,Prime number ~Kimi to Deaeru Hi~,138,904081
linear ring,enchanted love,190,1403832
Yuyoyuppe,Bad Apple!!,130.01,299000
SLAVE.V-V-R feat. Nikaido Hiro (CV: Shinonome Haru),MAdEaR MAdEaR,200,2435141
Nakamura Meiko,Across the Destiny,126,98096
Kawada Mami,Serment,212,2206912
Yasuda Rei,Message,80,438162
solfa feat. Chata,Pa Pa Pa Panda,160,2034609
Koizumi Hanayo(CV.Kubo Yurika),Kodoku na Heaven,144,439600
BiBi,Fuyu ga Kureta Yokan,98,366058
Falcom Sound Team jdk feat. Suehiro Yuri,Nageki no Refrain,176,907848
Sasaki Kissa (feat. NIGEMIZU AMU),PUNCH PUNCH FOREVER! (TV Size),210,2286978
"Tanisyo Masako, Touma Meimu, Deguchi Ayumi, Inagaki Tomomi",GLORY,170,1268781
Tokoyami Towa,Hearts,180,1588756
ZUN,Furuki Yuanxian,174,2303547
ARForest,Hemisphere,193,1253551
Chata,Koisuru Otome,190,34164
aran,Graces of Heaven,174,2527809
Demetori,Love Coloured Master Spark,195,9960
DIALOGUE+,Deneb to Spica (TV Size),180,1821835
Ogura Yui,High-Touch * Memory,180,803559
kakichoco,Zan'ei (Cut Ver.),180,2339114
LiSA,No More Time Machine -TV ver.-,137,226092
Primary,STRUGGLES,200,1159351
Remi Gazel,Mr. Dark's Dare,150,972493
WangleLine,Doinkus,174,1951967
RiraN,Explosion,150,1242046
Nonohara Yuzuko(CV:Okubo Rumi),HappyDays*,180,287453
Ichinose Go,Mizuumi,64,1532238
Tangerine,E Zuo Ju,136,652255
Various Artists,Hashire Uma Musume,157,1438675
San Diego (CV: Itou Asuka),Wa ta shi wa * No.1!,178,1079211
Simon Curtis,Super Psycho Love,110,44132
Sakakibara Yui,CLIMAX BREAKER!!,210,2274927
BURNOUT SYNDROMES,Hana Ichi Monme (TV Size),174,721182
Nightwish,Dark Chest of Wonders,189.17,82846
Maaya Sakamoto,CLEAR,165,717166
*namirin feat. Mitsukiyo,Koishiteiku Planet,185,2510520
Natsuiro Matsuri,Kimi to Nagameru Natsu no Hana,174,1197338
NECRY TALKIE,bloom (TV Size),220,2249815
IOSYS,Poinsettia,180,18382
Avril Lavigne,Nobody's Home,92.71,114966
Kano,Kimi ga Iru Sekai e,184,1175013
Hanatan,Koi no Mushi (Cut Ver.),144,294227
T & Sugah,Days Away (feat. Voicians),174,1519300
Sako Tomohisa,Getta Banban (TV Size),167,1112682
sixtythree,I remember,90,359432
Mia REGINA,I got it! (TV Size),200,2026147
Avtor,Reklama lar'ka TTT,120.04,1964190
Hareru Hanamaru,STONE OCEAN,180,1757602
garlagan,Skyless,175,2075039
GAVRILINA,Drama Queen,124,2257757
ATEEZ,HALAZIA,172,2240527
yanaginagi,Aqua Terrarium (TV Size),118,132621
"Yumiella Dolkness (CV: Fairouz Ai), Eleanora Hillrose (CV: Hidaka Rina)",Suki ga Rebechi (TV Size),160,2149640
ClariS,irony,134,47994
Ushio Reira,Hare no Hi ni (TV Size),82,2398736
Backstreet Boys,I Want It That Way,99,1064264
Ludicin,Fallen Symphony,250,1952187
Mahiru,Taishou x,136,1238277
Demon King,Ixion's Torment,240,2509426
KAMELOT,Veil of Elysium,166,2048493
Nico Nico Douga,Haruhi of The Sprite Tribe,239.08,16016
Bernd Krueger,"Sonata No.14 in cis-Moll, Op. 27/2 - 3. Satz",166.74,518426
syatten remixed celas,Bird Sprite -Awakening of Light-,182,1321314
UNDEAD CORPORATION,and Say Good Bye...,260,1779479
FLAVOR FOLEY,WEIWARD ROMANCE,169,2451807
Camellia,"Feelin Sky (Camellia's ""200step"" Self-remix)",200,664329
Aitsuki Nakuru,Melt 10th ANNIVERSARY MIX,170,1223737
Co shu Nie,character,180,2262777
Kucchi (DARKSIDE APPROACH),Yakumo >>JOINT STRUGGLE (2019 Update),187,1900429
TJ.hangneil,Apollo,274,1650673
Mc Creu,Danca do Creu (Cut Ver.),129,1022031
cosMo@Bousou-P,End Mark ni Kibou to Namida wo soete,257,772055
tarolabo,eth ken,126,1765453
Minstrel,today is the day,212,2281434
LeaF,Aleph-0,250,1364626
Hexacube,SUPER-ENTHUSIASTIC!!,208,2049613
Shoji Meguro,Price,184,2464185
BanYa,Rolling Christmas,142,11654
Magdalena Bay,Image,128,2462139
subplaid,Only time make your hapiness,170,560330
Kalafina,red moon,166,1681014
BanYa,Winter,168,11331
LOL feat. Kasane Teto SV,Leviteto,190,2353458
zts,Zankou,140,2518245
Maximum the Hormone,"What's Up, People?",161.05,13320
Coldplay,Talk,120.36,1877957
Captain Jack,Captain Jack,149.85,2304027
Petit Rabbit's,Daydream cafe,150,1785595
sak respect for Arata Iiyoshi,Reason of being,190,640558
AcuticNotes,Abst:Re:Act,200,839256
Inori Minase,Yume no Tsubomi,188,2256868
MYUKKE.,NO ONE YES MAN,170,1687287
yuikonnu x sana,Fuzzy Future,145,545956
Sewerslvt,Kawaii Razor Blades (feat. yandere),170,2403324
Ariabl'eyeS,Kegare Naki Bara Juuji,260,448818
Morimori Atsushi,PUPA,202,224164
A.SAKA,Mutsuki Akari no Yuki,170,1890055
senya,Songs Compilation II,150,1446247
Kylie Minogue,Can't Get You Out of my Head,126,1351
Chata,Winter Bells (Short Ver.),180,2268603
luz,Doku Ringo to Cinderella,200,664784
e-lma,CaptivAte2~Kakusei~,175,36790
Renard,TU4AR,220,28997
eicateve,R.I.P.,192,1103441
Root,Cat Loving,163,2364010
Sakurakou K-ON Bu,Cagayake! GIRLS,170,1223459
"Anisphia (CV: Senbongi Sayaka), Euphyllia (CV: Iwami Manaka)",Only for you,168,1995010
Minami,Hollowness,205,914461
DragonForce,Ring of Fire,220,717015
natori,Serenade (TV Size),137,2496533
Kurokotei * eili,Gi -lirile-,175,2371404
KAMELOT,Eden Echo,150,986205
DM Ashura,neoMAX (Full Version),170,3153
M2U,The Prince of Darkness,160,12974
Suzuki Konomi,Redo (LU-I Remix),185,1178098
Wiklund,The Digital Force,160,11153
Hanatan,Attakain Dakara,170,1442832
NANAOAKARI,Ashita no Watashi ni Sachi Are,132,2371396
Ito Kanako,COSMIC LOOPER,148,1930999
Demetori,Fuujin Shoujo,200,2186014
Solange feat. Destiny's Child,The Proud Family (TV Size),99,1239161
Nekomata Master,Scars of FAUNA,165,743685
NAOKI,The Circle,180,2184913
Various Artists,Monogatari Series Songs Compilation,131,311859
Sewerslvt,Lexapro Delirium,130,2603021
Haru,"Reach For The Moon, Immortal Smoke (Instrumental)",146,7238
Sota Hanamura & Lil' Fang,Break it down,197,1808381
DragonForce,Cry Thunder,130,890589
DM Ashura,deltaMAX,100,1352978
FantasticPlanets,Jekyll & Hyde,188,910518
"Fily, Maruku",Nico Nico Douga Nanminsai,192,1121120
Shihori,Bloody Night,165,46223
cast heal,lasting entropy,180,2134803
Kano,Setsuna Plus,155,140379
Minato Aqua,#Aquairo Palette,156,1241559
Himeringo,Ringo Uri no Utakata Shoujo,225.2,2138875
They Might Be Giants,Stomp Box,140.13,7361
NAOKI,The Gravity,252,2374659
petit milady,Ma Cherie,150,255481
Powerless feat. Sennzai,Unrequited,208,1442147
"BEMANI Sound Team ""Nekomata Master""",Life is beautiful,155,1271996
DJ TOTTO,glacia,186,347170
Ryu* feat. moimoi,OOO,140,712539
suis from Yorushika,Yume no Naka e,150,1789187
Sharlo,Authentic symphony,175,232256
Brookes Brothers,Not Just Yet (Original Mix),174,559633
Ito Kanako,Koko ni Iru kara,168.05,2331348
1.Kla$,Pochemu (Cut Ver.),182.13,2005422
"BEMANI Sound Team ""Nekomata Master""",Painful Fate,192,1193072
AVTechNO!xTreow,DYE/Re:flection+,165,530818
Dance Gavin Dance,NASA / I'm Down with Brown Town,174,654053
MIOYAMAZAKI,Saiai,187,1756776
Serph feat. Zun,Piplup Step,96,1704375
FELT,Oblivion,182,1931793
Amamiya Sora,PARADOX,166,1295645
Marilyn Manson,This is Halloween,168,385
Aitsuki Nakuru & Kabocha,Lilith,270,1261931
Kinoko Teikoku,Kokudou Slope,185,1989175
Drake,Nice For What,93.5,873829
Primary,Naked flyer,185,810161
Tatsuya Kitani,ALWAYS BE WITH YOU XD,135,2274931
Sound Souler,Paradise,126,686777
ILLENIUM,Shivering (feat. Spiritbox),150,1961549
Dictate & Spazza17,Charlie's Perfect Math Class,185,2167906
Ogura Yui,Baby Sweet Berry Love,170,683677
Lockyn,Vapor,155,1203398
"Suzuki Aina, M.A.O, Minase Inori, Nakajima Megumi",The Beautiful Brave (TV Size),190,1400373
Perfume,Tenku,140,968649
Yorushika,Flower And Badger Game,125,1237860
Honma Himawari,Ninja Re Bang Bang,130,1478309
yanaginagi,landscape,161,750583
Midnight Project,Crystal Cinderella,140,28017
ReoNa,forget-me-not (TV Size),148,925423
fripSide,glow in the darkness,145,197828
FATE GEAR,Headless Goddess,175,1568902
MisoilePunch,MarbleBlue.,198.22,2133910
Karol Sevilla,Alas (TV Size),153,1915826
Yokomin,Yukari,187,2150876
"Kugimiya Rie, Kitamura Eri & Horie Yui",Pre-Parade (TV Size),160,69158
AZURE FACTORY,Key of HearT,192,1927366
Ito Kanako,Fatima,179,2202465
Lindsey Stirling,Elements,140,59965
HHHxMMxST,Oboro,149,66626
Kawada Mami,Wings of Courage -Sora o Koete- (Epsilon Remix),175,1358513
StekloVata,Novy God (feat. gr. Chernilnoye Nebo),143.6,549421
alan,Over the clouds,130,16472
Two Door Cinema Club,Undercover Martyn,159.87,2262050
Ito Kanako,Glass no Kutsu,154,585681
Kano,Kiite,174,2109902
MIYAVI,Running In My Head (TV Size),198,2345693
mikitoP,"1, 2 Fan Club",145,57701
kis-kis,tinder,148,2260324
yuki,Bulukanilo,175,1733822
DIIV,Skin Game,126,1096826
Avenged Sevenfold,Afterlife,109.97,12570
Au5,Moonland,170,790382
Feint,Fall Away,174,630620
Maksim Mrvica,Croatian Rhapsody,96,54016
PELICAN FANCLUB,Sangenshoku,200,1106627
Iguchi Yuka,Strike my soul (TV Size),160,123912
AOP,Maboroshi Wink (TV Version),141,717608
Mejiro McQueen (CV: Onishi Saori),Hajimari no Signal,185,1828864
DI:Verse,Fusion,188,2323490
DUSTCELL,Narazumono,110,1893881
Faylan,Path to glory,192,2173294
Camellia,LET'S JUMP,146,384263
Sagittarius,Raise the FLAG,188,753514
NaixLM,Miao Diao Dui You Shun Jian Bao Zha,158.52,289713
Kicco,Owaranai Kirameki o,122,693265
Galileo Galilei,Asu e (TV size),138,18957
Tatsuya Kitani feat. BABYMETAL,Kasuka na Hana (TV Size),184,2491790
"Fujita Akane, Miyamoto Yume, Ozawa Ari",Precious You*,130,614195
Green Day,St. Jimmy,278,1735953
LiSA,Shirushi (TV Size),73,232301
Denkishiki Karen Ongaku Shuudan,Aoki Kotou no Anguis,197,989342
8686m,canon,204,2037678
mona (CV: Natsukawa Shiina),Fansa (Cut Ver.),176,1279201
Machico,Growing Up (TV Size),190,2168321
sasalasa,nevermore,155,1740698
MindaRyn,Shiny Girl (TV Size),194,2280905
Erio wo Kamatte-chan,Os-Uchuujin (TV Size),142,28948
She is Legend,Burn My Soul (Cut Ver.),180,2279401
U1 overground,Dopamine,200,210316
LEAF XCEED Music Division,Imminent Chaos,180,102629
mary x jon-YAKITORY,Koko de Ikiteru,190,1541697
Kadowaki Mai & Nakai Erika,Sweet Duet,155,19690
Nekomata Master feat. Mayumi Morinaga,Sleepless Days,188,2112145
SNK Sound Team,Destiny,118,310056
Yin Lin,Lu Gu Xun Meng,90,927682
Aqours,Mirai no Bokura wa Shitteru yo,181,679650
Tsukiyama Sae,Hana Saku Iro wa Koi no Gotoshi (Game Ver.),200,2435218
P4koo,FRAGMENT. (feat. A.Dokuga),220,1553307
Tamiyasu ROCK,Dreaming! (Short Ver.),188,39561
Sweet Trip,Chocolate Matter,126,1378582
Earth Star Dream,Yumeiro Toridori Parade,138,445895
rerulili feat. Kagamine Len,Chubyou Gekihatsu Boy,190,1096975
XX:me,Torikago,155,765451
Mizukara wo Enshutsu Suru Otome no Kai,Girlish Lover (TV Size),165,72574
Ginsaku,Iroha Uta,172,48801
Akatsuki Records,Do You Remember Me,100,980783
Taketatsu Ayana,Majokko Mirakurun (Short Ver.),185,45410
Yuuzuki Tsubaki,midnight cookie,183,376101
Ito Kanako,Skyclad no Kansokusha (Short Ver.),167,1580268
SawanoHiroyuki[nZk]:mizuki,aLIEz,99,211516
Yumeno Yuki,BWLAUTE BEIRRD,197,979204
Akatsuki Records,Songs Compilation,162,783713
Masatoshi Ono,departure! (TV Size),160,2129400
Mimori Suzuko,Egao no Kimi e (TV Size),175,1337828
Sharlo,Fuwafuwa,180,58291
(K)NoW_NAME,Morning Glory,220,596015
yozuca*,Ima o Wasurenai,190,1706160
Yuki Setsuna (CV: Kusunoki Tomori),CHASE! (Short Ver.),170,2068679
Aimi,Link (TV Size),185,153614
Co shu Nie,Lamp,180,1018766
Vokrug fonarnogo stolba,Razgovory s samim soboy,150,1035684
schoolboy,testo,180.25,1033999
frederic,ONLYWONDER,168,706863
doa,Hero (TV Size),192,103575
Kawano Marina,Weight of the World Kowaretasekainouta,74,597326
Yukinoshita Yukino (CV.Hayami Saori) & Yuigahama Yui (CV.Touyama Nao),Everyday World,154,540793
Choucho,Kawaru Mirai (TV Size),167,32911
Yakushimaru Etsuko and the Metro Orchestra,Shounen yo Ware ni Kaere (TV Size),180,50616
KISIDA KYODAN & THE AKEBOSI ROCKETS,nameless story (TV Size),194,1158182
Mili,Within (TV Size),76,1989647
Raujika,Land of Grace,103,73444
Narae,Horangpungnyuga,160,961362
TWICE,LOVE FOOLISH,115,1280040
senya,"Utakata, Ai no Mahoroba",155,60950
IAMX,My Secret Friend feat. Imogen Heap,112,1000069
"Ichiki Mitsuhiro, Masuda Toshiki",Hanamaru Biyori!,184,524181
l ACE l,Fuck Her Right in the Pu**y (#Selfie & Freaks Remix),128,328597
Vickeblanka,Lucky Ending (TV Size),166,2007300
Linkin Park,Leave Out All The Rest,160.08,57542
BTS,Not Today,110,575767
SixTONES,NAVIGATOR (TV Size),146,1268188
Initial D,Running in the 90's,158.5,2103
Abe Mao,28-sai no Uta,166,1725859
Yoshino,ODD NUMBER (TV Size),191,2283382
Mental Cruelty,Midtvinter / Obsessis a Daemonio,130,2213460
Kousaka Umi (CV.Ueda Reina) x Tanaka Kotoha (CV.Taneda Risa),Understand? Understand!,169,437279
USAO,TAPIOCA,205,1267298
Wagakki Band,Tengaku,232,996706
Roselia,Sing Alive,195,1755846
"Tanaka Chiemi, Murakami Natsumi, Sakura Ayane, Han Megumi",For 4 Forever,180,1887753
Ari Pulkkinen,Angry Birds Original Main Theme,120,2019778
Chihara Minori,Mika Ranman no Utage nite,137,1152086
Foreground Eclipse,Noble,164,313282
Demetori,Desire Drive ~ Desire Dream,178,821205
SOUND HOLIC,Border of Life,150,2249236
Daniele Meo,Adesso balla! (Overland Extended Mix) (Sped Up & Cut Ver.),154.4,2500021
Amane,BOOZEHOUND,165,9995
Asaka,I believe what you said,138,1294563
Jessica Jay,Can't Take My Eyes Off You (F.T. And Company Edit) (Nightcore Mix),152.81,2401329
TUMENECO feat. yukina & Mii,Itsuka Kimi to Mukaeru Yoake,180,2320572
Tatsh,Xepher,170,2358734
Kagura Mea,Amanojaku,170,1180061
petit milady,Hakone Hakoiri Musume (Cut Ver.),220,2231370
Centimillimental,Ai no Shoumei,178,2422120
Symholic feat. Rina Komatsu,Veil of Ash,210,2534759
boa,Duvet,93.14,2034265
PinocchioP,Kusaregedou to Chocolate,260,665188
COCOA DOMYOJI,Ai o Komete Hanataba o,81,1948229
konore,Kiga to Hougyoku,191,1505495
Inori Minase,Egao ga Niau Hi,135,2376152
F9,Kagaribito,220,1734430
LiSA,Mitsu,181,1799512
HOYO-MiX feat. Bronya Zaychik (CV: Hanser),Cyberangel,125,1947146
NAKISO feat. Hatsune Miku,Retry Now,145,2418872
-45,Total Eclipse of The Sun,120,1782707
ROSE & Bruno Mars,APT.,149,2271593
Nekomata Master+,chaos eater -IIDX edition-,210,1169533
Konomi Suzuki,ALKATALE (Game Size),144,742294
JAWNY,Best Thing,96,1917250
SPYAIR,PRIDE OF LIONS (Cut Ver.),210,1423394
David Wise,Crocodile Cacophony,117.5,5155
System Of A Down,Deer Dance,162.87,2061085
Ceui,Seisen Spectale,153,92542
Zris feat. Kri,Can't it be true,134,1859815
Noriko Mitose,The Party of Seven Witches,170,712779
Hinoi Team,Emoticons,153,29
HarryP feat. Hatsune Miku,EARTH DAY,178,2437108
Morimori Atsushi,Tits or get the fuck out!!,220,455022
Rameses B,The Truth,170,2512164
Infected Mushroom,Sa'eed,145,76461
sekai,p.h.,132,1461554
Momo Belia Deviluke (CV: Toyosaki Aki),MORE & MORE,178,1752096
Tatsh,reunion,184,24523
Duca,Shiawase no Otoshimono,163,137967
Shoohey,"Fairytale,",194,1183122
Perfume,Computer Driving,160,8574
garlagan,Uplift,180,2535849
Given,Yoru ga Akeru,180,1945217
Toyama Nao,Gunjou Infinity,185,1328174
u's,Bokura wa Ima no Naka de,196,1801358
VALSHE,Butterfly Core (TV Size),171,1076376
Metallica,Enter Sandman,124,1911884
batta,chase,224,2247565
SUNMI,Gashina,94,726236
Tsukuyomi,Douka,185,2198441
Sangnoksu feat. SeeU,Maple Shower,166,1874516
kors k,SigSig,179,1615650
Yamamoto Mineko,Rinne,179,1946548
Kato*Fuku,You Gotta Love Me!,177,2122346
Tawada Tsukasa,Tsuujou Sentou Kyoku 2,146.1,816580
Minatsu Eru,Kessen,207,2375327
Chata,illuminate,176,2216163
Chata,anesthesia,153,34162
Rita,Straight Seeker,185,1444495
Virgil,Wan Shui Yi Shan (TV Size),186,2355463
Roselia,Proud of oneself,193,2179379
Wolpis Kater,Wasureji no Kotonoha,135,937736
syudou x mafumafu,Clockworks,187,2057326
QWER,Dear,168,2389823
Wakeshima Kanon,"World's End, Girl's Rondo(Asterisk DnB Remix)",175,301703
Uchida Maaya,Symbolic View,178,1379960
DVRST,SHE IS HYPERACTIVE,174,1969003
Akiyama Uni,Touhou Hisouten,120,455069
Luck Life,Kawaranai Sora (TV Size),200,1375342
ReoNa,Seimeisen,170,1574523
solfa feat. Shimotsuki Haruka + Ceui,STUDY STEADY,175,2165707
Himeringo,World Lampshade,193,696697
kukui,Utsusemi no Kage,203,1653702
Tomofumi Tanizawa,Kimi ni Todoke,126,580001
ELISA,Soba ni Iru yo (TV Size),140.45,102681
Katakiri Rekka,Tamayura (Short Ver.),160,46282
fhana,Pathos,135,1844020
seiya-murai feat.ALT,Sumidagawa Karenka,180,28796
LeaF,Calamity Fortune,200,2123533
Mitsukiyo,Hifumi Daisuki,163,1883263
Centimillimental,Tsukiakari,182,2394209
Usa,Akane Contrast,174,699833
Halozy feat. Tsubaki,Kyun Kyun Tamaran Inaba-tan.,180,2331469
Donna Burke,HEAVENS DIVIDE,64,1490495
BURNOUT SYNDROMES,Hana Ichi Monme,174,718016
LiSA,ReawakeR (feat. Felix of Stray Kids) (TV Size),129,2304640
yanaginagi,Usotsuki,186,2012683
avtostopom po faze sna,opianarium (cut ver.),130,2488043
R!N/Gemie,Connexion,180,1026481
Larval Stage Planning,Trip -innocent of D-,164,1789427
Noisestorm,Pulse,175,35022
TRUE,DREAM SOLISTER,167,692587
Hybrid Minds,Kismet ft. Riya,172,340744
Hardwell & Joey Dale feat. Luciana,Arcadia,128,258193
Yui Makino,Fuwafuwa,90,1772420
Trident,Blue Field,135,153853
Omaru Polka,Envy Baby,171,1411972
OxT,Silent Solitude,110,996444
SawanoHiroyuki[nZk]:Aimer,s-AVE,75,1689921
Denkishiki Karen Ongaku Shuudan,Haru no Hi,180,439012
Maharajan,Kurae! Telepathy (TV Size),184,1947612
Duca,Ironna Katachi (Short Ver.),117,93161
reGretGirl,Submarine Youth (TV Size),168,2543717
Tsukasa,One Way Love,180,846154
Kageyama Hironobu,Kiba ~Tusk of Darkness~,180,40885
P4koo,Believe (feat. Tsuyuri Karin),177,1292652
Bossfight,Sonder,86,476666
PinkPantheress,Break It Off,173,1941451
Pharrell Williams,Happy,160,170540
Tolvai Reni,Do!,135,423481
Fujiwara Chika (CV: Kohara Konomi),Chikatto Chika Chika,178,962521
kors k as teranoid,Bad Maniacs,195,199244
Akts,Enchanted Realm,180,2524853
MAN WITH A MISSION,Seven Deadly Sins,143,875083
fripSide,only my railgun -Euro Beat Charger Mix-,155,47105
Cascada,Big Bad Love (Nightcore Mix),174.05,191541
GEMN,Fatal (TV Size),156,2217791
Vaundy,Kaiju no Hanauta,150,2201649
Imagine Dragons x JID,Enemy (TV Size),77,1628667
Michael Jackson,Beat It,138.79,5960
Mitski,Washing Machine Heart,106,1572759
EGOIST,Namae no Nai Kaibutsu (TV Edit 92s ver),180,71576
THE ORAL CIGARETTES,Miss Tail (Cut Ver.),180,1274975
ShadowStrike,Gales Of Winter,210,2155641
-45,KOLOKOL51,155,2473393
Fallujah,The Dead Sea,120,1558881
umu.,humanly,250,1045518
Frederic Chopin,Revolutionary Etude (Shoji Meguro Arrangement),145,1746423
Feryquitous vs. xi,Orca,195,1166748
Akiko Shikata,Umineko no Naku Koro ni ~Rengoku~,220,21079
Yuuhei Satellite,Yuigadokuson no Hate,155,2179566
ZUN,Maiden's Cappricio ~ Dream Battle,160,18005
Chiyoko,Baby Fantastic! -Short ver.-,180,230736
Foreground Eclipse,THE DISTANT JOURNEY TO YOU,205,2480095
Foo Fighters,Monkey Wrench,174.15,90087
Kitamura Eri,Dependency,222,1053406
ZANI,Glass,94,2455024
Katakiri Rekka & Suzuyu,Girl meets Love,185,1175182
ginkiha,EOS (kamome sano rmx),175,404360
Kobayakawa Sae (CV: Tachibana Rika),HANAKANZASHI,125,639353
Chimame-tai,Tokimeki Poporon,170,364936
Camellia,crystallized,174,747778
senya,Yureru Koi wa Nami no Gotoku (Autobahn Remix),160,1867693
forestpireo,Kanojo Ga Ichiban Shoujo Nanoka?,140,11773
Alestorm,Keelhauled,110,9215
sungazer,Sequence Start,100,647360
RURUTIA,Phronesis,180,1052074
Hensonn,Prey,160,1946344
Street,Reincarnation,240,2325817
fhana,Aozora no Rhapsody (maji yabakune Remix),172,838602
MARiA,Pray,217,1731867
wacci,Ai wa Kusuri,82,2160560
MAZARE,Mazare Party,200,667868
Murata Ayumi,Drawing Again,180,400652
Tamura Yukari,W:Wonder tale (TV Size),183,93747
Suigetsu Yamato,Fuujin Shoujo (Suigetsu Yamato Remix),128,647546
FLOOR LEGENDS -KAC 2012-,KAC 2012 ULTIMATE MEDLEY -HISTORIA SOUND VOLTEX-,200,296505
ShinRa-Bansho,Uchouten Dreamers,188,1550315
ichigo,YU-MU,160,40348
PSYQUI,Hype feat. Such,172,780959
BoA,Winter Love,72,130719
Good Kid,Slingshot,189,1802930
Ryu*,bloomin' feeling,181,28332
KOTOKO,LOVE A RIDDLE,125,99076
SoundTeMP,Title,100,260777
Gekidan Hitotose,a e i u e o ao!!,145,591255
solfa,Fight the Devil's throne,260,2526597
hololive IDOL PROJECT,Shiny Smily Story,168,1296110
TrySail,Utsuroi (Short Ver.),208,1340905
Nanamori-chu*Goraku-bu,Yuru Yurinrinrinrinrin,185,437030
Hanatan,Strangers,186,267273
"Izumi Fuuka, Momono Haruna, Akao Hikaru",Tsumugiboshi (starring ONGEKI SHOOTERS),190,2203564
Ryokuoushoku Shakai,Natsu o Ikiru,178,1981601
Sakuragawa Megu feat. Se-fukubu,Blooming Kiss!,200,2353545
Yamazaki Erii,Last Promise (TV Size),172,989761
Sasaki Sayaka,"Sakura, Reincarnation",181,1022979
Ian Taylor,Fanfare,120,768631
GhostFinal,Grenade,147,49507
Osaka Shizuku (CV: Maeda Kaori),Solitude Rain (TV Size),158,1908209
Kotoha,Yuki wa Naniiro,179,1995596
Ling Yuan yousa,Shen De Sui Bo Zhu Liu,135,650303
Terashima Takuma,Nameless Story (TV Size),195,857286
Falcom Sound Team jdk,A-TO-Z,185,1336633
rest or stay?,kageokuri feat. MuryokuP,180,359426
[Alexandros],Koeru (TV Size),200,2352762
TokaP,Shousou feat. KAFU,194,1934865
Rude-a,LIFE,93,1581758
Jeff Williams feat. Casey Lee Williams,From Shadows (Black Trailer),185,2099413
Aoishi Miyu from i.o.sound,Shinjite in my heart,184,2006554
Mejiro McQueen (CV: Onishi Saori),Signal of Something New (Game Ver.),185,2408041
Hasu,Monitoring,132,2492005
_yoc. feat. Matsumoto Sara,Crescendo,172,85328
Wakana,Flag,186,2386212
Kola Kid,press start,200,489383
Katakiri Rekka & Suzuyu,Girl meets Love,185,251405
Yamanote Line,Yamanoted heaven [Yamanote Line x Second_heaven],148.95,176702
C Gumi Cantabile,Gunjou to Contrail,176,646524
"Morishita Chisaki, Tanaka Minami, Kitou Akari, Kurose Yuuko",Hitoribocchi no Monologue (TV Size),128,1004682
Sangatsu no Phantasia,Shunran,192,2382340
Da-iCE,DREAMIN' ON (TV Size),170,1231755
Denkishiki Karen Ongaku Shuudan,Natsu no Owari (Soleily Remix),175,689251
Harumaki Gohan feat. Hatsune Miku,Suisei ni Nareta nara (Cut Ver.),180,2536830
AkuraVortex,Wo He Wo De Peng You Men Cai Yang Le Yi Ge Dui Mou Ren Jian Jiao De Ren...,130,1910429
nora2r,B.B.K.K.B.K.K,170,153920
"Fan Ka, Bai Sha JAWS",THE TIDES (TV Size),144,2021899
VESPERBELL,Cinderella,158,1678346
Hoshimi Production,IDOLY PRIDE (TV Size),167,2307114
QUARTET*RE-BOOT!,FUN FUN RE-BOOT,180,1963685
voira,break/apart,175,2375904
Shuki Levy,The Super Mario Bros. Super Show!,198.1,81653
ZAQ,Serendipity,173,526839
ReoNa,Seimeisen,170,1345793
Silent Siren,Koi Yuki,128,231476
"HoneyWorks feat. Narumi Sena x Narumi Mona (CV: Amamiya Sora, Natsukawa Shiina)",Yume Fanfare (TV Size),190,1792876
Eve,Bokura no,183,1918427
EGOIST,Saigo no Hanabira (The meaning of love),150,1157005
Sadohara Kaori,Day to Story (TV Size),180,167604
Will Stetson,Everflow,170,2379236
LiSA,ADAMAS (TV Size),191,1505910
Liella!,Let's be ONE (TV Size),178,2261077
TwoThirds & Feint,Epiphany (feat. Veela),175,241474
The ROOTLESS,One day (TV Size),88.99,2497383
LiSA,ASH,192,713576
Hitomi Harada,Hare Tokidoki Egao (TV Size),132,93135
Rameses B,Dream Catcher (feat. Charlotte Haining),174,262993
Nicki Taylor,Here Comes Vi,150,922887
Clover x Clover,POSSIBLE (TV Size),232,2285594
Cerulean Veyron,Transcendence,100,388441
Tsugumi Seishirou (CV: Mikako Komatsu),TRICK BOX (TV Size),168,2229387
WhOAMI Inc,MOONLIGHT,128,930155
Sayuri,Tsuki to Hanataba,175,737418
6ix9ine,KEKE (feat. Fetty Wap & A Boogie wit da Hoodie),188,1931746
NIKI,Every Summertime,79,2153627
supercell,Bokura no Ashiato (TV Size),140,46404
Linked Horizon,Guren no Yumiya (TV Size),180.68,82988
USAO,Showdown (Cut Ver.),178,2380909
MIMIDEATH,if god didnt want us to snort worms he wouldnt have made them cylindrical!,123.5,2497600
Ceui,First Love Syndrome,175,906237
Hitsuji to Ojisan,XENO,186,193373
Krewella,Ghost,189.97,1060866
Shimatani Hitomi,Angelus (TV Size),131,53834
Sukimaswitch,Zenryoku Shounen produced by Okuda Tamio (anime ver.),127,629211
Suzuki Konomi,Bursty Greedy Spider (TV Size),178,1420385
Roselia,Charles,145,1032239
Fractal Dreamers,Celestial Horizon,200,751846
Hanon,QUEEN,170,1832042
The Monkees,I'm A Believer,161,339646
Lil Uzi Vert,XO Tour Llif3,155,1776719
marasy feat. Hatsune Miku,SnowMix,185,2287322
SCANDAL,HARUKAZE (TV Size),165,1147585
fripSide,dual existence (TV Size),171,1223739
Nowlu,Stuck on you (TV Size),106,1914396
Lia,"My Soul, Your Beats! (TV Size)",145,1284108
"tvoy, qoke, fenekot",MONTAGEM AMOUR DE MA VIE,130,2510464
Tsukishima Kirari (CV: Kusumi Koharu),Balalaika (TV Size),140,1157137
hikota,our own constellation,180,2416813
MAK & SAK feat. XANA,Indecent (Nightcore Mix),172.76,64525
Kanaria,Envy Baby,171,1575643
Imperial Circus Dead Decadence,"Ingaritsu No Togabito, Kyoukaimen-Jou No Unmei.",220,1596665
Demetori,Eastern Dream ~ The Introduction / Kamisabita Kosenjou ~ Suwa Foughten Field,200,642547
N-Trance,Destiny (Nightcore Mix),175.12,20483
Kucchy vs Akky,Satori ~3rd eyes~,191,13827
FRAM,Step for Joy,171,2403850
SHIKI,ELECTRO SYLPH. (Ver.Cristierra),159,2202352
Camellia feat. Nanahira,POLKAMANIA,160,1409478
Shadow Of Intent,The Prelude To Bereavement,220,1067743
IZ*ONE,Airplane,165,1891091
Ayane,Azurite no Hitsugi,173,583650
Humanoid,MENDES,168,2332770
Porter Robinson,Sad Machine (Lexurus Remix),174,2204949
"BEMANI Sound Team ""Yvya""",Vitrum,146,1581126
Street,Maritime Police,132,681410
Nanahoshi Kangengakudan,Sainou Shredder,140,2535076
SHK,Identity Part III,150,280329
Red Pulse,Open Your Mind,144,5298
HoneyWorks,Hatsukoi no Ehon feat. Miou Aida (CV: Toyosaki Aki),190,2211964
Ray,Kimi to Ita Sora,161,1291251
Yousei Teikoku,Shinteki Souzou,298,528000
Tokyo.MeltiMelt,the Beautiful Cure feat. nayuta,219,2027735
Oratorio The World God Only Knows,God only knows -Secrets of the Goddess-,160,107800
irucaice feat. Choko,Rainbow Rush Story,200,2275584
Ponchi feat. haxchi,Nyanderful <3 Summer!!,215,2301406
M2U,Felis,155,1536884
Origami Angel,24 Hr Drive-Thru,155,1724847
HoneyWorks,Suiyoubi no Yakusoku -another story- feat. Narumi Sena (CV: Amamiya Sora),168,1960860
Ariabl'eyeS,Symmetric Rose,210,1823785
Momota Momo,Akogare! Mirai! Kimi to!,170,1918238
Asriel,Nights of Blood,220,2137183
MYTH & ROID,STYX HELIX,123,461832
Demetori,Intro / Kuuchuu ni Shizumu Kishinjou ~ Counter-Clock World,185,2453911
-45,Reishiki,120,1557323
UNDEAD CORPORATION,Tokoyo Omohikane no Kami,280,1067418
Xenoglossy,Suigetsu Kyouka Koubou Issen,230,2198080
Euchaeta,Yumemiru Yakusoku (Cut Ver.),136,1288446
Kotoha,my crush,165,1799704
ROSIVO feat. Sakaue Nachi,Eternal Dream,140,2042736
RD-Sounds feat. Meramipop/nayuta,Shiten,177,908561
Whispered,Upon My Honor,185,660156
takoyaki_o,IN THE DEEP@DIVINE ROAD,140,809243
Tatsh,24th Century BOY,168,42997
monet,Boku no Shiawase,185,2340466
*namirin,Sakurairo Time Capsule,170,1146780
Rin'ca,Darling-go-round,156,2204880
ELFENSJoN,Hexen Noir,270,2468665
xi,Double Helix,156,1692160
Sum 41,13 Voices,191.97,2367685
Loki,The Victory is Ours,175,1066365
Techdiff,Eat Drink Fuck,230,2296970
KikuoHana,Nagaiki no Kamisama,240,1552594
Null Specification,#1208,210,2418960
Zips,Heisei Cataclysm,220,1060960
Utsu-P,P-PANDA feat. Kasane Teto,170,2529653
Whispered,Hold the Sword,175,786432
Saja Boys,Your Idol,90,2398333
onumi,CONFUSION PART ONE,200,1037665
Machikaze Mei,"Fairytale, [reunion]",194,2276003
The Prodigy,No Good (Start The Dance),145,5408
Katakiri Rekka x Cranky,Zeijakunaru Inori - Aganai no Chinkonka,163,1076872
Camellia feat. Nanahira,Petals,192,1780166
Sohta,Hanakanzashi,129.33,1300823
Rita,Monotone no Tentai,160,532111
Nightcore,Heartbeatz,180.51,12775
Inori Minase,Catch the Rainbow!,181,1935476
Natsume Itsuki,Mayday,180,1506697
Tsukasa ft. 3L,Space Accelerator,180,112654
Camellia,Quantum Entanglement,175,584991
KATOMORI,DAY BY DAY (KOTONOHOUSE Remix),180,2127624
Bentham,Chicago,210,1243342
Release Hallucination,Ariadne,207,1550194
Radiohead,Sit down. Stand up. (Snakes & Ladders.),161.33,819752
Leon Riskin,Celebration Music,165,2301270
Release Hallucination,VANITAS,222,2227912
Rory in early 20s,utsukushi yume no yume,163,2452348
nano,"No pain, No game",190,60214
Kawada Mami,u/n,184,2007884
KOKIA,Chouwa oto ~with reflection~ (Cut Ver.),180,2156509
maras k,Play Time!!,185,345325
Goblins from Mars,Enough,185,787129
nujioh,do u love me ?,192,2050376
"Kagura Mea, Tenjin Kotone",MIRACLE RUSH (Cut Ver.),168,1661105
Cyua,Blumenkranz,160,155034
vally.exe,oyasumination,190,2009182
Swan Lake Orchestra,Hakuchou no Mizuumi,220,25922
TuTuWan,Wo Yao Jin Ke La,147.08,11443
Marina Devyatova,Kaby ne bylo zimy,147,2106013
Meramipop,Bad Apple!!,136,302411
Hanatan,Kokoro,140,1005463
Yuki Setsuna (CV: Kusunoki Tomori),CHASE!,170,1822739
Kagura Mea,Ano Yume o Nazotte,180,1464216
Natsuiro Bikini no Prim,Nagisa no Koakuma Lovely~Radio,190,76709
Hatsune Miku,Senkouhanabi Aika,200,33556
ASIAN KUNG-FU GENERATION,After Dark,191,855765
Warak,Slow Motion (feat. DongGeyoung),128,1014716
universe,echoes,128.01,2393474
Kozato snow,Izayoi Sakura,175,162371
Hatsune Miku,Strobe Nights (RAM RIDER remix),125,8963
Camellia,Looking for Edge of Ground,174,1175337
Zachz Winner,linga guli guli,135,2422742
Hitachi Mako (CV: Kotorii Yuuka),Mako no Nichijou,160,859338
Shiina Mafuyu (CV: Horinaka Yuki),Spec dake Tsukaikitta Game-soft no You Desuu,130,2315614
Birdy,Wings (Nu:Logic Remix),174,2324002
M2U,PandorA,160,836894
Mitei no Hanashi,Yoru o Koeru Ashioto,196,1990332
FELT,Lost in the Abyss,183,2170949
Maduk,Company (feat. Juul) (Cut Ver.),175,1667478
cillia feat. Namine Ritsu,-ERROR 2018ver.,200,986100
Eve,raison d'etre,152,1294617
BlackY feat. Risa Yuzuki,Imitator,146,2268000
Meg & Dia,Warm Blood,100,1553475
Black Eyed Peas,I Gotta Feeling,128,12668
culenasm,Anata wa Sayonara o Koko ni Oiteitta,80,1989257
Haruna Luna,Kimiiro Signal,164,326621
yugu feat. KAFU,1/ Hoshi no Kazu mo Kanousei no Nai Kiseki,180,1749962
"Hirano Aya, Chihara Minori, Gotou Yuuko",Tomare! (TV Size),183,2133717
ZAQ,VOICE (TV Size),184,138330
fripSide,late in autumn,130,826082
ZUN,Phantom Ensemble,156,12231
yuikonnu,Genjitsu Game,200,112210
CHiCO with HoneyWorks,Historia,184,453678
STYLE FIVE,FUTURE FISH,163,191948
YOASOBI,Romance,130,1714183
Origami Angel,The Title Track,190,1988818
DUSTCELL,Alter Ego,176,1992814
Hoshimachi Suisei,GHOST,182,2417564
COP,Liang Yu,95,2240693
Da Tweekaz,Wodka,150,677273
Hikasa Yoko,Seishun Vibration,180,23809
Airi Suzuki,Heart wa Oteage (TV Size),157,1821917
SCANDAL,HARUKAZE (TV Size),165,39249
TOMOSUKE x Jazzin'park,LANA - Kiroku no Kakera -,84,577119
T & Sugah x Lexurus,No More,174,471562
yanaginagi,Owari no Sekai kara,148,44854
t+pazolite feat. Rizna,Boom Boom Taoismic,175,104867
Asaki,Agnus Dei,168,5275
Se-U-Ra,LOA2,202,929622
Hatsuki Yura,Ganbare! Koi no Hana,140,149413
The Frim,City Streets,174,1736985
UKRampage,Yumenoshima feat. mami,200,1644513
Hashimoto Miyuki,Yume miru mama ni Koi wo shite,160,31061
Zekk,Calling,180,673878
TUYU,Yappari Ame wa Furun da ne,130,1217474
DJ Raisei,ReDIVE NEURON,193,2358414
Feryquitous,"Yoi no Tamoto, Yoru to Futari",99,891830
Denkishiki Karen Ongaku Shuudan,gemini (Game Ver.),190,2476799
aran & lapix,KALACAKLA,165,1773829
"AZKi, Hoshimachi Suisei",The Last Frontier (5th fes. Live Ver.),175,2350060
Tomatsu Haruka,courage,196,1474960
AliA,limit,185,2337026
SYNC.ART'S feat. Misato,Re:Production,150,25525
Shade feat. Katakiri Rekka,The Last Edge,214,2238611
Yamamoto Mineko,Cadena,200,941465
Maeda Ai,keep on (TV Size),148,351892
Crazy Loop,Joanna Shut Up!,134,4176
YURiCa,Koiiro Canvas,124,178699
Gawr Gura,RIDE ON TIME (REDALiCE's CITY POP SHARK Remix),128,1336282
Yooh,"Good bye, Merry-Go-Round. (Long Ver.)",185,2138549
Yorushika,Semi-Transparent Boy,195,1638057
solfa feat. Annabel,Stargazer,135,2045702
Daiichi Uchuu Sokudo,SUPERORBITAL (Game Ver.),176,2028694
"Aarne, Dora",Trezvo,174,2230891
Ono Kensho,ZERO (TV Size),195,2165352
"zxcursed, MUPP",haunt,123,2223158
yuikonnu,Hoshitachi no Melody,182,455756
"Kangi, mzlff, STED.D","Burya, metel' i mgla",164,2245251
The Pretty Reckless,Kill Me,178,97187
ZUTOMAYO,Warmthaholic,180,2373241
ChamJam,Clover wish (TV Size),134,1169658
Paperblossom,Blumenkranz,160,365319
aran,Xperanza,200,1260920
i*Ris,Ultimate*MAGIC (TV Size),190,965596
Tainaka Sachi,Saikou no Kataomoi (On Air Ver.),81,480789
Owl City ft. Matthew Thiessen,Cave In,135,11272
Mifune Shioriko (CV: Koizumi Moeka),Ketsui no Hikari,176,1845584
Falcom Sound Team jdk vs. Quad City DJ's,Jam Over The Barrier!,165,1337586
Prim,Koisuru*Uchuu Sensou!!,200,46528
KOTOKO,Koi Kou Enishi (Game Ver.),144,1675516
Rameses B,Life Adjusts (feat. Miyoki) (Cut Ver.),174,1283879
Yakishio Lemon (CV: Wakayama Shion),CRAZY FOR YOU (TV Size),162.02,2240416
kanone,Ground Z.E.R.O.,160,1281379
KAYA,Reincarnation (TV Size),175,2457193
coldrain,We're not alone,125,134195
jippusu,Heisei Kataku Rhythm,220,71720
Uesaka Sumire,Bon Kyu Bon wa Kare no Mono (TV Size),154,953205
Void_Chords feat. LIO,FLARE (TV Size),164,1539923
Duca,My First Love (Short Ver.),165,2248638
BRILLIANT4,Elementario de Aimashou! [TV ver.],158,225747
FictionJunction feat. LiSA,from the edge (TV Size),162,991222
Bomfunk MC's,Freestyler,163.85,35629
MEMAI SIREN,Nijimu Sabiiro (Anime Ver),200,1112783
LiSA,dawn (TV Size),185,2069389
ShinRa-Bansho,Miko-sama no Aburaage disco,169,2311421
Sayuri,Hana no Tou (TV Size),170,2047494
Bilibili Douga,Zao Gao Xian Jin Guo,158.6,24152
FLOW,Steppin' out -TV Size-,140,537321
Nitta Emi,White Eternity,178,162622
u's,Natte Shimatta!,170,1171327
SHW,Ikusa JAPAN (shw.in),145,46660
Akase Akari,Koi no Yukue (TV Size),140,1683959
OxT,HOLLOW HUNGER (TV Size),160,1816890
AKINO with bless4,EXTRA MAGIC HOUR,180,218098
Aimer,Zankyo Sanka,171,1684121
"Hanazawa Kana, Maeno Tomoaki, Ono Daisuke, Inoue Kikuko",Mission! Kenkou Dai Ichi (TV Size),186,819243
=LOVE,"Koibito Ijou, Suki Miman (TV Size)",161,2303073
Lucy (CV: Aya Hirano),Nichijou Sanka ~This Place~ (TV Size),190,54360
cYsmix,Peer Gynt,140,880487
YOASOBI,Kaibutsu (TV Size),170,1344390
Alya (CV: Uesaka Sumire),Kawaikute Gomen,162,2217994
UNDEAD CORPORATION,Under the scarlet sky pt. 2,192,1094419
ClariS,Alethea,164,2214248
Uzuki Shimamura (CV: Ayaka Ohashi),Kira! Mankai Smile (Cut Ver.),165,1636539
capsule,JUMPER,130,21130
M2U,A Bella! (feat. Lucy),160,799084
d0tc0mmie,Do It Over feat. Kasane Teto SV (Cut Ver.),160,2531958
Good Kid,Down With The King,202,2319934
Kikuo,Maigo no Haien,180,2249412
Kaneko Chiharu,- FALLEN -,210,740990
Avril Lavigne,When You're Gone,71,67622
Hoshimachi Suisei,KING,166,1457209
Linkin Park,In The End,105.14,31468
Rameses B,We Love,174,347276
NIGHTMARE,the WORLD (TV Size),193,1737124
MetaHumanBoi,ILLUSTRIOUS DRIFTERS,185,2465328
Black Eyed Peas,My Humps,124,4050
quiizzzmeow,seti,180,1713085
Mili,Rightfully (TV Size),182,870328
The Offspring,You're Gonna Go Far Kid,126,9710
Haruka Tomatsu,Baby Baby Love (TV Size),134,23589
BlackY vs. Yooh,HAVOX,210,823616
MINMI,Shiki no Uta,92.5,332371
fripSide,a little christmas time,100,64549
Hen Mei Wei,"Feng, Wu, Yang Guang He Ni",126,2418733
The White Stripes,Seven Nation Army,124.5,1843753
Kudou Chitose,FOREST,135,1919118
Eyal Golan,Mi Shemaamin,136,181448
Andromedik,Forever,174,2462574
isubokuro,Aun no Beats,206,1153984
"Chito (CV: Minase Inori), Yuuri (CV: Kubo Yurika)","Ugoku, Ugoku",128,693918
Ross Lynch,Can't Do It Without You (Austin & Ally Main Title) (TV Size),155,1429021
SawanoHiroyuki[nZk]:Rei,INERTIA (TV Size),126,2392285
Nisu,Kyoufuu Lagtrain,135,2108133
Masayoshi Minoshima ft. nomico,Bad Apple!!,137.98,10435
MisoilePunch,Mesheer,222,1862429
DystopiaGround,AugoEidEs,207,2389846
DragonForce,Through the Fire and Flames,200,1113996
Sydosys,ArchangeL,180,2023712
tv room,Know It All,154,1764690
Sewerslvt,all the joy in life was gone once you left,160,1637043
OfflineTV,"Never Have I Ever (feat. Yvonnie, LilyPichu, QuarterJade)",170,2361355
nonoc,Memento (TV Size),125,1242807
Ludicin,Echoes of Memoria,190,2217155
ChouCho,Ashita no Kimi sae Ireba Ii.,178,690687
TeddyLoid,ME!ME!ME! feat. daoko,125,293581
Mutsuhiko Izumi,Green Green Dance (Long Version),165,34896
Yuuki Aoi,Platinum,164,83118
Rin'ca,Pleasure garden,153,1035162
Morimori Atsushi,Toono Gensou Monogatari (MRM REMIX),200,1404277
An,ExaVid,191,157176
Satoshi (CV: Matsumoto Rica),XY&Z (TV Size),254,2152564
nao,Miracle!Portable*Mission,176,175725
"Araragi Tsukihi (CV: Yuka Iguchi), Ononoki Yotsugi (CV: Saori Hayami)",icecream (TV Size),119.5,2464958
ZAQ,Serendipity,173,640305
MisteryCircle,Regression,180,652093
DJ YOSHITAKA,VALLIS-NERIA,185,62800
lapix,Horizon Blue feat. Kanata.N,153,974832
Wakeshima Kanon,fragment ornament,190,1124057
nayuta,Nico Nico Douga Ryuuseigun,182,2419365
xiiiac13,who let him cook,172,2169368
Dollscythe,Flashes,180,797401
ALiCE'S EMOTiON,Ghostly Parapara Ship (Hardcore Edit),175,1347587
Mutato Muzika,China,159.3,19588
KISIDA KYODAN & THE AKEBOSI ROCKETS,Sirius (TV Size),182,985841
umu.,Dareka no Shinzou ni Nareta Nara,145,1098181
SoundTeMP,M.I.S.A,140,39985
Kikuo,The Good Child and the Fox Spirit,143,1915723
Draw The Emotional,Sad Spring,184,745020
ZUN,Sleepless Night of the Eastern Country,160,12011
EYKHA (CV : Sawashiro Miyuki) LOU (CV : Uchida Maaya) MERYL (CV : Terui Haruka),Delta Decision,185,429882
Startend,8.32,110,2394987
IAMX,An I For An I,153,851768
Yorushika,Matasaburo,200,1485265
Perfume,Laser Beam,135,902690
GIRL NEXT DOOR,Be your wings,138,8518
Pet na Kanojotachi,Kimi ga Yume o Tsuretekita,135,2163516
Cady Groves,This Little Girl (Speed Up Ver.),176.88,413625
sidenerds,mazaru,172,2490439
PEOPLE 1,Ratpark feat. Kei Sugawara,168,2439306
Yuuri,Hikousen,200,1762468
ClariS,border,178,1678673
"EYKHA (CV: Sawashiro Miyuki), LOU (CV: Uchida Maaya), MERYL (CV: Terui Haruka)",Delta Decision,185.02,1582420
"Suzuhara Lulu, Debidebi Debiru",Attouteki Sonzaikan,180,1180058
Hanatan,You and beautiful world,160,623638
ZUN,Ryokugan no Jealousy,161,999586
Omega,MAX 300,300,1173
cygnus,"magic rock ""Moola""",130,2105573
Amatsuki,Songs Compilation,176,1831210
lapix,Nightmare feat. Luschel,175,351874
TRIPLE H,ROCK OVER JAPAN,178,613072
IOSYS,Chizome no Love Letter,180,35878
Mario Kart 8 Deluxe Booster Course Pass Sound Team,Yoshi's Island Result Screen,160,1971772
Linked Horizon,Shoukei to Shikabane no Michi (TV Size),178,971281
fhana,The Color to Gray World,108,2259640
Kotoha,Yuki wa Naniiro,179,2045417
Anamanaguchi,STILL SPLODIN' THO (Interlude),200.87,1980121
Yorushika,Matasaburo (Bi Xue Xiao Dou Remix),200,2461493
Nanahira,Petals,192,707371
KikuoHana,Nobore! Susume! Takai Tou,142,1022990
Trial & Error,Tokoyami no keiyaku KEGARETA-SHOUJO feat. GUMI (Short Ver.),190,746625
Dzeko & Torres,2014 in 10 Minutes,128,338329
Nana Takahashi,Grip & Break down !!,160,12200
A*Teens,Gimme! Gimme! Gimme! (Nightcore Mix),162.5,41285
NAO,phantasia ballad (Short Ver.),168,22273
TUYU,Shuuten no Saki ga Aru to Suru naraba.,235,1818626
Shimotsuki Haruka,Kibou no Sora,169,109900
OxT,GO CRY GO (TV Size),202,1434136
kessoku band,Chiisana Umi,188,1913459
CHiCO with HoneyWorks,Himitsu Koigokoro (TV Size),165,1799253
Karetus,Full Flavor,128,974058
GESSHOKU KAIGI,Caligula Syndrome,175,2428321
Matsushita/nayuta,Love Vacation,172,1246919
Sound Horizon,Raijin no Hidariude,172,16792
"3L, mariapolo",WARNING!,164,282487
Chino (CV: Minase Inori),Daydream cafe ~Gochuumon wa Chino desu ka? ver.~ (Cut Ver.),150,872159
dBu,Fairy Wars Symphony,159,40523
monet,Chiisana Shiawase,92,1640945
Lady GaGa ft. Akon & Colby O'Donis,Just Dance,119,6362
Aimer with chelly (EGOIST),ninelie (REDSHiFT x Vesuvia remix),178,476695
Justin Hawkes,Better Than Gold (feat. Andrew Hellier),174,2399033
Lapis Re:LiGHTs STARS,Watashitachi no STARTRAIL,180,2445690
Waterflame,Wingless,164,744532
"Tamura Yukari, Kanai Mika, Horie Yui",100% Magical Star*,175,44129
"25-ji, Nightcord de. x MEIKO",Yoka ni Mitorete,83,2291537
Rche,Todestrieb,185,1161860
Dirty Androids,RISE (Extended Mix),182,837433
Chiyoko,Alice's Mad Tea Party,147,215151
Coalamode.,Nanairo Symphony (TV Size),155,1280262
Sasaki Sayaka,WASTELANDERS (TV Size),192,405183
Haruna Luna,Stella Breeze (TV Size),148,606266
UNISON SQUARE GARDEN,Chaos ga Kiwamaru (TV Size),195,1863294
Amatsuki,Hoshi no Komoriuta,160,919080
The Ting Tings,Keep Your Head,154,63774
ONE OK ROCK,Liar,207,240761
Marika,Soul Release (Short Ver.),188,1807687
mao,Owaranai Sekai (Short Ver.),150,35616
ALI,LOST IN PARADISE feat. AKLO,122,1477448
Sta & Feryquitous,2 Minutes Euphoria,170,1280207
Hana,Gekka Jasmine (2014ver.),170,408745
SOOOO,Happppy song,226,2400856
VerseQuence,Wilt,140,661844
THE SIXTH LIE,Hibana,182,1247727
Amaranthe,Hunger,200,1028446
universe,echoes,129.55,733435
Ueda Reina,Literature,118,1277224
MY FIRST STORY,The Puzzle,190,723031
Hana,tree,182,1687393
BOYSTYLE,Kokoro no Chizu (TV Size),132,2353449
UNDEAD CORPORATION,Karakurenai,170,1232084
KyoKa,Ouran Romancia,148,1404039
DJ Totoriott,Arcanos,192,136333
Shikata Akiko,TETHE'ALLA ~Tai no Kodomotachi~,230,956802
SYNC.ART'S feat. Sakaue Nachi,Taketori Hishou,150,21098
Latina (CV: Takao Kanon),I'm with you (TV Size),181,2010737
"Team ""Hanayamata""",Hana wa Odore ya Iroha ni Ho (TV Size),160,1512150
Utsu-P & Minatsuki Toka,Natsu Matsuri,142,219863
fhana,Tenshi-tachi no Uta (TV Size),137,2207642
HOYO-MiX,Evil's Bane,140,2424913
DystopiaGround,Uketsugareru Shinsetsu,182,2237814
fhana,Kimi to Iu Tokuiten [singular you],175,377872
Tatsh feat. Sariyajin,FOUR SEASONS OF LONELINESS,178,1317849
A-FU,Sheng Sheng Man,126,814797
69 de 74,Holy Wind,179,1957515
Teminite & PsoGnar,On My Way,170,505046
Nekomata Master+,nightbird lost wing,190,241892
Petit Rabbit's,Daydream cafe (TV Size),150,2165465
hitorie,Nichijou to Chikyuu no Gakubuchi (wowaka x Hatsune Miku Edit),150,1985060
Marie,Focus love,173,2036724
nano,Exist,188,73789
HAG,Hoshikuzu Orchestra,185,1775525
Hoshimachi Suisei,Stellar Stellar,178,1680549
Uehara Rena,Todokanai Koi '13 (TV Size),135,123849
Hoshizora Rin (CV: Iida Riho),Snow halation (RIN Mix) (Cut Ver.),173,1062158
Pizuya's Cell x MyonMyon,Romantic Children,192,18009
Nakagawa Shoko,Sorairo Days (TV Size),174,2242255
nasuo*,Honey Jet Coaster (TV Size),175,1739192
Pastel*Palettes,Zettai Sengen ~Recital~,177,860748
ClariS,Connect,175,1935954
Ichigaya Arisa (CV: Itou Ayasa),Su-Suki Nanka Janai!,166,1674993
Feint,We Won't Be Alone (feat. Laura Brehm) (Cut Ver.),175,2557547
Teruhashi Kokomi (CV: Kayano Ai),Angel Wink,170,535957
kobore,Magic (TV Size),176,2489406
Project Grimoire,Aenbharr,195,1367187
EGOIST,Namae no Nai Kaibutsu (TV Size),180,1031560
TK from Ling tosite sigure,Signal (TV Size),83.5,872046
TAG,Astral Stranger,190,2048029
shikakuzakana feat. IA,found footage,168,2031035
Nanamori-chu * Goraku-bu,Yes! Yuyuyu * Yuruyuri (TV Size),182,2154608
Kotoha,Yuki wa Naniiro,179,2194514
f(x),Pinocchio (Danger),118,881481
Yorushika,Ano Natsu ni Sake,160,633441
Sakamoto Ryuichi,Merry Christmas Mr.Lawrence -2012 BlackY's XmasCoreStyle-,167,232342
"SatapanP feat. Hatsune Miku, Kasane Teto, Zundamon",YABABAINA,200,2205641
S3RL feat. Mixie Moon,FriendZoned (Walras Remix),175,2371550
yanaginagi,Yukitoki (TV Size),164.5,1522700
"Inori Minase, Sakura Ayane",Senryakuteki de Yosoku Funou na Love Comedy no Ending Kyoku (TV Size),197,1911055
CHiCO with HoneyWorks,Hikari Shoumeiron (TV Size),200,1063453
IC3PEAK,Grezy,127,919926
Lil Darkie,banana pie,170,1494455
surasshu,the penis (eek!),110.09,2281810
yozuca*,Da Capo II ~Asaki Yumemishi Kimi to~ (Short Ver.),124,53741
Hata Motohiro,Toumei Datta Sekai (TV Size),168,1198915
SECONDWALL,Boku wa Boku de shika Nakute,200,1356447
Stray Kids,NIGHT (TV Size),172,2257512
Tsukino,Dohna Dohna no Uta (Game Ver.),152,1316020
Nekojita Roro,Hitogata band edition,158,1050007
Hirokazu 'Hip' Tanaka,Birabuto Kingdom,122.87,56460
Denkishiki Karen Ongaku Shuudan,Mizu no Miyako no Patisserie,176,1928041
Duca,Welcome Berry's,188,117826
ASCA,Gyakkyou Spectrum,187,1633990
Toby Fox,Vs. Lancer,180,1908066
Daiichi Uchuu Sokudo,SUPERORBITAL,176,35551
Tenjin Kotone,Ruma,154,1159426
Tia,Deal with the devil,142,659328
Mili,Vulnerability,166,835194
KOTOKO,Onaji Sora no Shita de,97.05,2030098
Ogura Yui,Happiness * Sensation (TV Size),170,1187609
Ryokuoushoku Shakai,Hi wa Mata Noboru kara,142,1761238
"Cartoon, Jeja",I Remember U (feat. Jyri Pootsmann) (Cut Ver.),174,2234699
Toby Fox,Need a hand!?,165,2407238
Ushio Reira,Hare no Hi ni (TV Size),82,2398262
LiSA,No More Time Machine -TV ver.-,137,224933
grechka,ty kak vsegda,105,2143184
Yorushika,Tada Kimi ni Hare,140,847238
MaRLo feat. Jano,Haunted,132,182758
Yamamoto Mineko,Rinne,179,2146811
Inori Minase,HELLO HORIZON (TV Size),170,1702509
Hatsune Miku,Joker,142,10314
Yuki (CV: Oozora Naomi),Narcistration,185,1948652
Kuribayashi Minami,Super*Affection (TV Size),184,36137
Tia,Nirvana (TV Size),144,945442
Korpiklaani,Vodka,180,26886
millennium parade x Sheena Ringo,WORK,105,1967160
"25-ji, Nightcord de. x Hatsune Miku",Bad Apple!! feat. SEKAI,138,2182178
Gen Hoshino,Comedy (TV Size),88,1737561
cosMo@BousouP feat. Hatsune Miku,YAMINABE!!!!,232,1803264
R3 Music Box,Road of Resistance,148,562458
Smiley Arounds,Wow! Wow! Wubbzy!,187.75,47470
SiM,Devil in Your Heart,240,2381954
TrySail,Hanarenai Kyori (TV Size),244,1736987
TOGENASHI TOGEARI,Wrong World (TV Size),171,2203300
Franchouchou,Saga Jihen,224,1250846
Lil Nas X,MONTERO (Call Me By Your Name) [SATAN'S EXTENDED VERSION],89.5,1545780
cygnus,Anvilia,160,2056846
R3 Music Box,No title,172,520938
Sev,Cosmic Dewdrops,181,2487656
Turbo,I Really Want to Stay At Your House (Eurobeat Remix),160,2443057
Fleshgod Apocalypse,In Aeternum,150,1261793
Fleshgod Apocalypse,Kingborn,255,2533328
Zeami feat. Ayane,Senpuu no Mai,160.01,334933
Marika Kohno,New story,165,1579117
-45,Sankarea,150,2392143
Ice Nine Kills,Merry Axe-Mas,175,2197092
ONE OK ROCK,Songs Compilation,160,1292126
Asaka,Eternal Star,166,1312114
SYU  (from GALNERYUS),Mikansei no Tsubasa,184,1904642
Zeami feat. Tenshi,Tenyou no Mai,174,178962
My Chemical Romance,Helena (2025 Mix),252,2449912
HujuniseikouyuuP,Talent Shredder,280,47710
"Asuka Ohta, Ryo Nagamatsu",Wario's Gold Mine (Cut Ver.),160,1640259
otetsu feat.Megurine Luka,Ame to Kusari,269.99,718040
Nishigomi Kakumi,Garyou Tensei,134,886499
April Rain,My Silent Angel,120,2390071
ELFENSJoN,EINHERJAR,204,1112424
GFRIEND,Time for the moon night,170,1708885
Aishuu Mania,the lost dedicated,134,1596341
void,Sun Goes Down (BMS edit),173,382413
CROSS VEIN,Sweet Spell,200,2145973
ZennourenP,When They Cry -Rosin Mix-,176,2307393
Riverside,Ouka Sange,168,1801593
556t,Kyuuen no Hana,164,484497
THE ORAL CIGARETTES,Songs Compilation,192,970063
Chino (CV: Inori Minase),Mirai Puzzle,160,1547564
Toyama Nao,Winter Melody,164,2075767
Falcom Sound Team jdk,Infinity Rage,232,2549929
Byakko,Kachoufuusetsu,199,2132895
Maon Kurosaki,Magic world,171,1833693
Powerless feat. kakichoco,If,208,2020369
"Fear, and Loathing in Las Vegas",Keep the Heat and Fire Yourself Up,155,766172
Susumu Hirasawa,Amor Buffer,125,2399380
Futakuchi Mana,Inkya Impulse,140,2069164
GRANRODEO,Punky Funky Love (TV Size),180,372625
Mizuki Nana,TESTAMENT -Aufwachen Form-,190,1241779
"Erik ""Jit"" Scheele",Negastrife,80.4,133278
siromaru + cranky,conflict,160,936126
44teru-k,"Yami ~ Shoujo no Yume , Kyomu no Sekai ~",156,17827
KOTOKO,jihad,180,1135541
3L,Songs Compilation,132,189057
NICODE & M2U,Predawn,140,748803
LeaF,Wizdomiot (extended ver.),200,1220268
Karl-Erik Taukar,Silmad parani kinni (Nightcore & Cut Ver.),181.2,2299639
Muse,You Fucking Motherfucker,129.5,22506
u's,Dancing stars on me!,137,799196
Yuuki Sakuna,Henceforth,158,2271352
marshall4,the tyrannical reign of lord foog the 2st,195,2055029
Cororo,Fairy ring,192,316761
"Zedd, Grey",Adrenaline,128,2008013
Billain & Vorso,Transhumanist,174,2165052
EastNewSound,"Yuushoku Toumei, Mushoku Toumei",142,82348
Takigawa Alisa,Lost Love Letter,155,532110
IOSYS,Power of Dream,180,8268
Rameses B,Kiss Me,175,344898
Shoichiro Sakamoto,Eiyuu no Tsurugi,230,1864097
UKRampage,Magmell,228,1880617
capsule,A.I. automatic infection,170,1670118
Redside,beachballs!,150,2389847
Camellia vs Akira Complex,Railgun Roulette (VIP),175,694402
Kouta Okochi feat. Luo Tianyi,You Shou Yan (TV Size),142,2250404
The Super Happy Fun Club,My Life's A Mess (Yeah Yeah Yeah),194,281401
Natsume Itsuki x Aitsuki Nakuru,Shukufuku,170,1914644
fumika,Umikaze no Brave (TV Anime Ending Size),156,411509
Aiobahn feat. KOTOKO,INTERNET YAMERO,185,2045169
ZOOGAZER,Sciuridae,141,2442570
AZKi,without U,173,1259830
An,OrVid,195,578332
KOTOKO,Agony,132,10354
Chihiro,Guitar-Heroine,220,2002362
fourfolium,Koujou Joujou High Jump (Short Ver.),168,569697
Mitsuki,Eeliaas,180,1737106
School Food Punishment,light prayer,188,1136940
senya,Kimi to Dareka no Yasashisa ni,160,2360241
acane_madder,Rolling Girl Fuurinkazan Hen,195,1646301
Zektbach,Turii ~Panta rhei~,148,1537583
Falcom Sound Team jdk feat. Sasaka Megumi,NO END NO WORLD,186,1282091
Yonekura Chihiro,Koiseyo Otome!,220,498438
cygnus,Tree of Misery,146,2258696
Skrillex,Imma Try It Out (feat. Alvin Risk),140,76662
KISIDA KYODAN & THE AKEBOSI ROCKETS,Rewriter,186,1930083
Pedro Silva,World's End Valentine,162,2354135
Annabel,Signal Graph,167,310508
Afilia Saga,S.M.L,200,145685
CUPSIZE,Vasiliy,194.97,2120745
Shade,Sentou Amu,214,2111360
Mothtek,Meltdown (Remix 2022),175,2199779
-45,Akaikutsu Nise,175,1984720
Camellia,Newspapers for Magicians,150,938426
Sheena Ringo,The Heavy Metallic Girl,143,1949577
Rameses B,Transcend,170,339708
REOL,YoiYoi Kokon,150,545737
Qutabire,Schizophrenia,195,2403674
Tennyson,Uh Oh! EP,130,948199
noctchill,Itsudatte Bokura wa (Cut Ver.),182,1629450
sukekiyo,focus,92,925329
San-Z,"Honma ni ""Yada""",160,2509569
An,Dive Archive,191,761883
DJ Amuro remixed by DM Ashura,AAA,160,22607
LB (Remix Factory) & Jun Senoue,DREAMS OF AN ABSOLUTION (LB vs JS Remix),152,335431
Mizutani Runa (NanosizeMir),Philosophyz ~TV animation ver.~,160,487497
Toby Fox,From Now On (Battle 2),132.49,2410920
Camellia,Quaoar,174,829646
310,Perfect Day (TV Size),163,2314449
Ohara Yuiko,Toki no Mirage,170,1790761
Shinonome Ena (CV: Suzuki Minori),Totemo Suteki na Rokugatsu Deshita,210,2480769
Rche,Todestrieb,185,40923
Choucho,Kawaru Mirai,167,38337
TAKA respect for J.S.B.,Ubertreffen,174,2388396
dj TAKA vs. TaQ,Colors - Trance Fusion Mix,150,2271010
Meu Koharu,Yaen Dutch Roll,180,1756328
driftcat,puzzle,180,2214647
Audition,Can Can,150,5177
Kitamura Eri,Shirushi (TV Size),160,40171
Shirakami Fubuki,Glow Embrace,180,2324078
GET IN THE RING,Moonscraper,220,855735
mona (CV: Natsukawa Shiina),Fansa,176,1850351
Ogura Yui,Akai Ribbon,123,1533514
isekaijoucho,Dimension,185,1613731
FELT,Roll Ground,164,327587
*wakadori,NightTheater,151,1910503
amazarashi,Starlight,135,2090345
kamome sano,Senkou Hanabi,188,755507
MYUKKE.,Mach Roger,180,2085335
MYUKKE.,ViViTAL MONO,170,2518037
Itou Kanako,Hacking to the Gate (TV Size),161,78847
Kamui Gakupo,Paranoid Doll,130,33973
OxT,grayscale dominator,190,2115069
Mimori Suzuko,Univer Page,187,1134892
Halozy,K.O.K.O.R.O,178,1666067
Saitou Chiwa,Staple Stable,129,9975
goreshit,know dat swing,190,1042243
Nanahira x mega x nayuta,Ittsuihan no Capriccio ~Zettai ni Watasanai~,188,2414868
yanaginagi,Tokohana,169,177981
haru,you feat. Eminem,150,1023323
HIMEHINA,Ai no Hana,198,2272841
nano.RIPE,Azalea,160,1334552
YUKI,Sakamichi no Melody (TV Size),176,2158915
Rorikororu,DONBURA KONBURA SPEAKERS,243.4,2374882
XX:me,Torikago,155,764067
Mia REGINA,Choumusubi Amulet (nenpulse bootleg remix),190,719896
Yellow Zebra,Prism Love,137,52591
Halozy,Masshiro na Yuki,170,388887
THE ORAL CIGARETTES,S-LOW,68,1075753
Golden City Factory,Twilight Chronicle ~ I am Sister,139,25381
Horie Yui,I my me,128,12995
Cobra Starship,You Make Me Feel... feat. Sabi,132,573371
Duca,Rocket*Ride,194,308077
Hana,Sakura no Uta,180,1648596
"Adachi Minako, Kuroda Hideaki",Sentou! Aqua-dan / Magma-dan no Leader,186,779775
Sasaki Rico,Play the world (TV Size),176,1121997
Camellia,Introduction - ENTRANS OF DA JUNGLE,172,700968
yuikonnu & ayaponzu*,Super Nuko World,190,1368212
REOL,Give me a break Stop now,128,497483
Moxy,Ben 10 (TV Size),136,2004646
Koronba,Iwashi ga Tsuchi kara Haete Kurunda,135,602367
Feryquitous,Dstorv -Endorfin. Remix-,191,708045
Au5,Shock Diamond feat. Cristina Soto,174,1023848
Girls' Generation & 2PM,Cabi Song,134,16804
Down,Duo Cup,180,2013928
Sakamoto Maaya,Yakudou (Game Ver.),205,1536877
Nightcore,Ravers Fantasy,168.85,11558
Chata,Setsuna Triangle,143,30497
HOUJIROU,Maihime ~buki~,170,28765
JIN feat. LiSA,Headphone Actor,202,217105
"Riko (CV: Tomita Miyu), Reg (CV: Ise Mariya)",Deep in Abyss,135,830748
MomoKuro-tei Ichimon,Nippon Egao Hyakkei (TV Size),160,52506
Maon Kurosaki,ROAR (TV Size),236,2297383
HyuN feat. Ato,Asu wa Ame ga Yamukara,185,1718085
ICHIKO,I'LL BE THERE FOR YOU,170,1977607
Blestyashchiye,Cha-cha-cha (Cut Ver.),136,2211847
Tomofumi Tanizawa,Kimi ni Todoke (TV Size),126,2210109
RO-KYU-BU!,SHOOT! (TV Size),141,32047
FROZEN QUALIA,Watashi ni Kaeru Tabi,186,1650817
Petit Rabbit's,Takarabako no Jet Coaster,158,368430
Mio Akiyama,Crystal World ~Fracture~,180,1851073
Suzuhara Chika,TRUST (Short Ver.),163,50405
Enej,Skrzydlate Rece,170,1938268
IU,Nae Kkumeun Patissiere,172,477006
Takenaka Ryohei,Reason (TV Size),215,914567
Imai Asami,Believe in Sky,165,1804832
THE ORAL CIGARETTES,MACHINEGUN (TV Size),188,1591563
Snail's House,Sparkle,170,2322934
Tiny Moving Parts,Whale Watching,180,1217477
-45,System Zero,138,2337316
Mifune Shioriko (CV: Koizumi Moeka),Koufukuron,134,2063332
NicoNicoDouga,Nice Boat.,172,1839
KOTOKO,agony,132,13510
After the Rain,Anti-Clockwise (TV Size),186,638341
Tsukasa (Arte Refact),Fragrance,180,357235
DIALOGUE+,Jinsei Easy?,138,1507979
KOAN Sound & Asa,Starlite,170,628657
Tsumiki,phony,170,2005456
solfa feat. nao,Love Love Sensation (Short Ver.),187,2538451
HoneyWorks feat. Amatsuki,Suki na Ko ni Uso Tsuita.,168,2016464
CHiCO with HoneyWorks,Otome-domo yo.,172,1109660
Three,Kuuchuu Bunkai long,200,1101542
"Haruka Sora, Kotorii Yuuka, Kamishiro Misaki, Kiritani Hana",Noraneko Heart,162,2069280
Markus Schukowski,What It Feels Like (Zardonic Remix),175,2052103
Hatsunetsumiko's,Pieces,172,339529
Qrispy Joybox,snow prism,196,132389
AiRI,Unmei (TV Size),186,764263
yanaginagi,Orarion,149,1060676
TWO-FORMULA,Taiyou to Tsuki no Cross (TV Size),202,128908
syh,Parade,180,2190345
yuikonnu,Yakimochi no Kotae -another story-,190,93397
Muse,New Born,146,1295436
Kicco,Shunkan Spline,172,2109476
DJ TOTTO feat. 3L,Youkakushi -Ayakashi Kakushi-,169.95,1257553
Akaza Akari (CV: Mikami Shiori),"Watashi, Shuyaku no Akaza Akari Desu (Happy Euri Mix)",190,97925
ClariS,Wake Up (TV Size),132,54800
Adagaki Aki (CV: Ohashi Ayaka) & Fujinomiya Neko (CV: Minori Suzuko),Egao de Hadapure! (TV Size),182,1412928
Liella!,Dream Rainbow,170,1627917
Jin,Lost Time Memory,210,157617
Ceui,Rainbow Days,170,1078381
YENA,Lxxk 2 U,165,2379714
Basic Element,Touch You Right Now,129,32369
Hanazawa Kana,sweets parade (TV Size),206,46605
XX:me,escape (TV Size),206,782869
Saki: Achiga-hen Cast,SquarePanicSerenade,179,50708
Rameses B,Against the Grain (feat. Veela),174,2046487
BiBi,Diamond Princess no Yuuutsu,127,355070
Inori Minase,Aimaimoko (TV Size),133,1832537
SiM,LET iT END (TV Size),214,1254425
San Diego (CV: Itou Asuka),Wa ta shi wa * No.1!,178,869783
every-ing!,Kesaran Pasaran TV size,168,303324
"Hatsune (CV: Ohashi Ayaka), Shiori (CV: Koshimizu Ami)",Smiley Contrast,170,1365094
Toyama Nao,Shiawase Request,175,2180632
Duoscience,Indifferences,174,722662
mary,Vivid,180,1939205
YMCK,Omocha no Heitai no March,140,370677
DelightStyle,My Mythology (short ver.),177,318647
Iguchi Yuka,HELLO to DREAM (TV Size),160,1001238
Sasaki Rico,over the tears,185,2482036
Yellow Zebra,Melody!,175,45450
Minatsu Eru,the end,121,1710014
Marianas Trench,Celebrity Status,164,49351
Hanazawa Kana,Masquerade,135,40546
"Chito (CV: Inori Minase), Yuuri (CV: Kubo Yurika)",Amadare no Uta,116,1106715
Mitsukiyo,Constant Moderato,112,1398429
Acme Iku,chaosmaid (demo),189,38720
Taylor Swift,Love Story,119,41509
THE ORAL CIGARETTES,Shine Holder,135,1088537
Hanatan,Kotoba Tsunagi,176,438512
Daisy x Daisy,Evidence,160,1703793
Maroon 5,Animals,95,1081094
nain tou,Ryuuko Mixer,184,60167
fripSide,Two souls -toward the truth-,165,366802
Hatsuki Yura,Lunicode,165,801001
Isekai Joucho,Shin'en feat. Kaf,150,1574942
solfa feat. Yumeno Yuki,Nyanderful days (Short Ver.),178,2206134
Kokoko Hachikyu,Chocooo,267.48,2370956
Drop,Yunagi Rinne,154,14460
TAK,DKBK feat. TENKO SHIBUKI,162,2379934
Study,Seishun Seminar (TV Size),133,951964
D-Tune Vs. Sunics,The Time,143,3149
La priere,Evo,174,1763403
solfa feat. Ceui,Natsuiro Yakimochi Koi Moyou (Game Ver.),193,2215048
GReeNOX,The Less They Know (Instrumental ver.),160,30633
Yousei Teikoku,Tsukiyo no Senritsu (Game Ver.),85,2366761
Nekokanimaru,Ojamajo de BAN BAN! (Pop-mix),182,29753
FLOW,COLORS,136,730452
Pastry,Goblin Girl,160,25392
kikoyu,conformity,190,2462985
the peggies,Ashiato (TV Size),164,1451291
voira,brainwave,178,2541312
fripSide,piece of azure,90,1953010
"Ishii Ami, Kumada Akane, Yoshitake Chihaya",Kimi to Idol Precure Light Up! (TV Size),167,2344717
ClariS,Koi Sekai (TV Size),170,2070685
Takeya Yuki (CV: Minase Inori) & Naoki Miki (CV: Takahashi Rie),Pink no Heart Ball,168,1011236
YUC'e,Chemical Cookie,180,905119
yanaginagi,Haru Modoki,174,300093
STAYC,STEREOTYPE,148,1577308
Soyokaze Mirai,Kimi to Watashi no Sentence,174,772053
Unknown Artist,Menu Screen,110,2470563
ITO KASHITARO,Sayonara dake ga jinsei da,77,565219
TWICE,Dance The Night Away,118,831382
Fujiwara Chika (CV: Kohara Konomi) vs. Arthur Pirozhkov,Chika 2 Chika ULTIMATE Version,178,949216
Monster Musume Cast,Saikousoku Fall in Love (TV Size),175,976108
Ben Briggs,Fearless Living,100,934415
Masayuki Suzuki feat. Suu,GIRI GIRI (TV Size),128,1741099
SPYAIR,I Wanna Be... (TV Size),126,810953
Hirano Aya,Hare Hare Yukai,172,301
ROUND TABLE feat. Nino,Let Me Be With You (TV Size),132.25,48366
Nishino Kana,Darling,160,728808
Triple-Q,How Low Can U Go,71.99,404982
Andora,Flicker (feat. RANASOL),115,2260502
jon-YAKITORY feat. Otomachi Una,Muchinchi,210,2033963
suisoh,MONOCHROME (TV Size),135,2298584
DJ YOSHITAKA,Evans -prototype-,185,62205
David Rolfe,Believe In Me (TV Size),151,22695
joeyclassic,seal 2.flv,90,424106
Susumu Hirasawa,Parade,120,8487
Camellia,"Chirality (""Dissymmetric"" Long ver.)",201,1262960
EGOIST,BANG!!!,137,1607730
Ricky Montgomery,Line Without a Hook,95,899381
Yamano Satoko,Doraemon no Uta,120.65,117857
Junichi Masuda,Sentou! Shitennou,189.95,2315221
Unlucky Morpheus,Angreifer,220,897087
Release Hallucination,Chronostasis,200,2542148
DJ SHARPNEL,WE LUV LAMA,210,2115249
Yousei Teikoku,Zetsu,260,1262446
Xanthochroid,Of Gods Bereft of Grace,110,961206
NegaRen,OCTOBER STARLIGHT 4EVER! SIDE A (pt. 2),265.17,2422148
Demetori,"Yuuga ni Sakase, Sumizome no Sakura ~ The Harm of Coming into Existence",185,1076644
ZUN,Reverse Ideology,160,2051416
Nekomata Master,Smile of Split,126,56847
Memme,NEW Astronomas,160,87188
L.E.D.,THE LAST STRIKER,185,38867
Nightwish,Noise,154,1318503
Unlucky Morpheus,Knight of Sword,168,1360922
Tatsh,IMAGE -MATERIAL- <Version 0>,260,1616833
Various Artists,AKABEi SOFT2 Nonstop Remix,172,30831
Shimotsuki Haruka,Star map (Short Ver.),190,2342088
Zeami,Music Revolver,168,53231
1914,Arrival. The Meuse-Argonne,100,1734521
Genkaku Aria feat. KOKOMI,Whiteout,260,2278209
sasakure.UK feat. Annabel,SeventH-HeaveN (2020-2021 Ver.),180,2311744
ALI PROJECT,Kinjirareta Asobi (TV size),121,9161
Ice,Parodia Sonatina -Grande-,170,750363
DJ YOSHITAKA,FLOWER,173,1818629
kanonxkanon,Calendula Requiem,140,172293
Tommy heavenly6,PAPERMOON,164,503978
EGOIST,Fallen,193,2252873
Demons & Wizards,Crimson King,190,1004920
ZUN,Deaf to all but the Song,163,11397
KOTOKO,Wing my Way -Album Mix-,118.04,2479395
-45,Airen no Ningyou (old),166.16,2274143
Renard,INSIDE 99999999999999999999999999999,210,2456687
KAMELOT,Liar Liar (Wasteland Monarchy),170,629668
Sawai Miku,"Gomen ne, Iiko ja Irarenai.",155,2106833
Hyadain,Chocobo,170,4392
REDALiCE,Porky of Porky of Porky of Porky,172,1428
Chata,Wan,160,922995
Masarada,Outlaws,135,2189290
KITCALIBER,HEY FUCKER,250,192416
t+pazolite,Call me it. (500 Tortures),250,2109260
chano & 40mP,Natsukoi Hanabi,158,652293
Kano,Yuudachi no Ribbon,230,2535276
GLORYHAMMER,"Questlords of Inverness, Ride to the Galactic Fortress!",200,1630218
senya,Mujaki sae no Uwagaki,136,2508608
LACCO TOWER,Usubeni,183,2232857
Numento,Opilion,185,2258383
KikuoHana,Desert Theater,240,1382362
BoxPlot,Tramontane,174,1016398
Hikasa Yoko,Listen!!,175,24610
paraoka feat. haru*nya,Dreadnought,215,1379439
Kisumi Reika,Asu Note,174,1862317
happy30,You spin my world,196,1873680
MAMI,Kaze no Uta,200,624037
SEVENTEEN,VERY NICE,122,618500
Bring Me The Horizon,"Dear Diary,",236,2247374
Yorushika,"August, A Certain, Moonlight",220,2478914
"Uchida Maaya, Saito Chiwa, Ise Mariya, Koshimizu Ami",Kan Kan Nyan Nyan (TV Size),131,2172076
the peggies,Stand By Me,171,987998
-45,NyanNyathotep,155,1597755
Minstrel,Fiction,210,975363
NOMELON NOLEMON,Hide and Seek,139,2287564
onoken,felys,180,400396
Momoiro Clover,Pinky Jones (TV Size),180,40218
Sad Keyboard Guy & Gardens,Waking Shadows feat. eili,190,2310268
BLANKFIELD,Falling Falls,260,1120635
Demetori,Youkai no Yama ~ Mysterious Mountain,185,2115462
A-One feat. Shihori,Magic Girl !!,156,1583787
Ice,Entrance,180,1276389
kessoku band,"Korogaru Iwa, Kimi ni Asa ga Furu",149,1909420
Luna,Shinsekai no Alpha,190,1979483
Zektbach,Raison d'etre,175,23355
MyGO!!!!!,Otoichie,200,2447338
succducc,me & u,160,699749
HoneyWorks feat. Kotoha,Fukutsu no Idol,166,2236232
Ayanami (CV: Taichi You),Yuukyuu no Catharsis ~Ayanami ver.~,160,1387190
Itou Shizuka,Honjitsu Mankai Watashi iro! Hina ver.,173,9107
P4koo,Forbidden Light,169,1279878
Crywolf,Eyes Half Closed,135,1049043
Qrispy Joybox,licca,196,2340295
Memme,Chinese Restaurant,175,244799
Sewerslvt,Kawaii Razor Blades (Astrophysics Remix),170,1801748
ClariS,Nemuri Hime,142,330377
SUPER STAR -MITSURU-,THANK YOU FOR PLAYING,170,20025
Hamu feat. Natsuki Karin,Sunao ni Naritai (osu! Edit Ver.),160,2194587
SOUND HOLIC,EXISTENCE,155,1774999
RD-Sounds feat. nayuta,Kinpu 'Forbidden Game',173,1082123
Erika,I Don't Know (Nightcore Mix),169,2504742
Zemeth,KYOUAI LONELINESS,160,2031583
THE ORAL CIGARETTES,Fantasy (Cut Ver.),119.5,1633256
Dragon Guardian,Ankoku Butoukai,175,2342181
mafumafu feat. IA,Yuugure Semi Nikki,190,980712
kessoku band,"Korogaru Iwa, Kimi ni Asa ga Furu",149,1919169
Pastel*Palettes,Baby Sweet Berry Love,170,936984
Toromaru,Enigma,198,527869
YUI,Summer Song,108,10710
RIM,Eloim,143,2481464
sasakure.UK,HeavenZ-ArmZ,195,336345
Enter Shikari,Wall,173,1012220
Camellia,Nacreous Snowmelt,201,1370243
LABYRINTHS,Yumeji Labyrinth,162,555715
Ogura Yui,Peanuts!,160,970388
nobodyknows+,Imaike Samba,125,2243785
Jerico,Industrial Nation,178,295647
ShinRa-Bansho,Sanyousei SAY YA!!!,150,1630037
Origami Angel,Noah Fence,200,1931702
Feryquitous,For(n)tarv,191,2232597
KotsubanP feat. Hatsune Miku,Stargazer,195,2556988
senya,Yakusoku no Chikara,150,2235598
ICHIKO,I SAY YES,167,1977606
BanYa,Moonlight,180,11708
Xyris,Vitality Charger (feat. Hanakuma Chifuyu),174,2412277
Au/Ra,Panic Room (Culture Shock Remix),174,1783775
All Time Low,Under A Paper Moon,153,798497
Sound Horizon,Raijin no Hidariude,172,2166404
Innocent Key,Wanna Be My Dream,165,19840
blink-182,What's My Age Again?,157,2487586
Demetori,Yumeshoushitsu ~ Lost Dream,182,507123
Hana,MAJICK,176,365163
TrySail,adrenaline!!!,268,613347
NC feat. NRG Factory,SEDUCTION (Vocal Remix),190,1398656
S2TB Recording,Super Luminal,180,1620087
ZUTOMAYO,Humanoid,159,1064886
DJ Satomi,Castles in the Sky,158.9,11568
Kalmah,Towards the Sky,175,2020405
Petit Rabbit's,Tenkuu Cafeteria,154,1667654
Blast Smith,Zepter,210,2055355
Tsukuyomi,Reason For Existence,252,1756246
Anamanaguchi,STILL SPLODIN' THO (Interlude),200.87,2297881
Tatsh feat. Hatsuki Yura,Eternal Wind,164,12456
ZUN,Extend Ash ~ Hourai Victim,156,23363
Len Kagamine & Kaito,Erase or Zero,136,14159
ANTI,Koi,160,356148
rikvinyas,Lamentasia=/=Fantation,182,2458899
YAKUITHEMAID,Asper Girl,130,2075981
MARETU,Binomi (Cut Ver.),162,2250655
96neko,Primitive emotion,190,755512
Isekaijoucho,Unknown Mother-Goose,111,1927026
"Wakamiya Hina (CV: Mikami Shiori), Segawa Ayame (CV: Takamori Natsumi)",Koigokoro Tsunagi,155,1030225
sasakure.UK x DECO*27,39,175,262339
USAO,Dynamite,200,621565
765PRO ALLSTARS,GO MY WAY!! (M@STER VERSION),180,1748951
Iguchi Yuka,Onaji Sora no Shita de,190,2125741
Kevin MacLeod,Rocket,116,6848
Dimrain47,The Falling Mysts,132,2173685
Rameses B,Against the Grain (feat. Veela),174,2096997
Pegboard Nerds,Just Dance (feat. Tia Simone),155,750147
solfa feat. Chata,Colorful precious life (Short Ver.),180,2531237
TAG,Theory of Eternity,160,35224
They Might Be Giants,Stomp Box,140,1653563
Shawn Wasabi + YDG,Burnt Rice (feat. YUNG GEMMY),160,866401
Ado,Kura Kura (TV Size),188,2069873
fripSide,sister's noise (Cut Ver.),144,1422070
Shimotsuki Haruka,Kaleidoscope,157,169622
smileY inc.,Hanayuki(TVsize),146,212807
Hiroki Kikuta,Nuclear Fusion,156.62,11513
Nekomata Master+,Funny shuffle,115,692453
Apocalyptica,Wagner Reloaded,160,441380
fhana,RHAPSODY OF BLUE SKY,135,556757
Emiru no Aishita Tsukiyo ni Dai San Gensou Kyoku wo,if,186,2551029
LiSA,Rally Go Round -TV ver.-,190,303023
Rokugen Alice,Ophelia wa Yume no Naka,178,1594640
Rameses B,Moonlight,140,57421
umi,En'o no Rasen,186,1887524
Ricky Martin,Livin' la Vida Loca,178,916
TOMOSUKE,Macuilxochitl,148,1621894
FujuniseikouyuuP,FREEDMAN,240,108529
Gesu no Kiwami Otome.,Romance ga Ariamaru,170,856645
HoneyWorks feat. HaKoniwalily,Kira Kira,157,2292580
Nijigasaki High School Idol Club,Colorful Dreams! Colorful Smiles! (TV Size),185,1742983
la la larks,loop,144,1251472
Rabbit House,Muspelheim,200,2334018
joy,Iolite (TV Size),174,1559665
I.W.,4/19/2004 (Cut Ver.),210,1740060
P*Light,FUNKY SUMMER BEACH,175,240675
Ikimonogakari,Kimagure Romantic,170.03,2440728
doriko,Romeo and Cinderella,170,96601
Kano,ghost,125,2245084
LOONA,WOW,106,2269681
MIYAVI,Running In My Head (TV Size),198,2241023
TJ PA5CON,Let's Go,72.5,690803
Pierce The Veil,Yeah Boy And Doll Face,177,1897987
Wagakki Band,Kagerou Days,200,1207286
Kicks N Licks Feat. Nicole Millar,Own The Night (MitiS DnB Remix),172,149045
Wakeshima Kanon,"world's end, girl's rondo",173,997439
Luca,Tsuioku no Sol,163,19241
Ryokuoushoku Shakai,Character,124,2025917
Yuki Setsuna (CV: Kusunoki Tomori),MELODY (GAME VER.),230,1953106
Aimer,twoface,183,1351981
MitiS,Living Color (Original Mix),174,1273985
SUNNY PEACE,Lovely,140,2347523
Momo Belia Deviluke (CV: Toyosaki Aki),MORE & MORE,178,1045107
Fruits Tart,Tart na Kimochi,175,1346493
HoneyWorks feat. HaKoniwalily,"Shitsumon, Koitte Nandesho ka?",170,2356278
gi(a)rlish number,Bloom,182,1373933
Yunomi,Mitarashi Platonic (feat. nicamoq),160,741912
Bal-Sagoth,"Behold, The Armies Of War Descend Screaming From The Heavens! (Cut Ver.)",199,1348191
FELT,Find the way,178,887462
Wang Yi Tao,Zi You Sheng Guang,140,830266
ATSUMI UEDA,Harmonia,177,1028168
The Brave Little Abacus,"45 Minutes from ""Somewhere Out There""",188,1640108
Chata,Yuujou Pop,174,13312
NIKI,Every Summertime,79,1675217
"Tokai Teio (CV: Machico), Mejiro McQueen (CV: Onishi Saori)",Komorebi no Yell,132,1430973
IOSYS,Marisa wa Taihen na Kanbu de Tomatte Ikimashita,199.96,10143
Coalamode.,Nanairo Symphony (TV Size),155,1047883
Ayane,Kaikou no Phetaritette,183,2104916
Ayane,Endless Tears...,192,2209268
YUC'e,Cinnamon Symphony,180,908439
Rohi,"Hitotsu no Chikai yo, Towa no Uta to Nare",75,2020675
Lady Gaga,Abracadabra,126,2321706
Camellia,dreamless wanderer,174,417492
Kito Akari,Kimi no Tonari de (Cut Ver.),198,2105129
Franchouchou,Taiga yo Tomo ni Naitekure (TV Size),174,1801151
Linked Horizon,Jiyuu no Tsubasa (TV Size),157.5,112197
OLDCODEX,Catal Rhythm (TV Size),176,54579
Twenty One Pilots,Routines In The Night,113,2201740
LeaF,Evanescent,190,440997
a_hisa,Tokei no Heya to Seishin Sekai,180,508947
Brandy,Cross Time !!,160,973162
fhana,nameless color,180,1731895
naotyu-,Her Majesty,222,2553503
glaive,i wanna slam my head against the wall,182.22,1685032
Elvenking,The Winter Wake,130,32499
Kamiya Nao (CV : Matsui Eriko),2nd SIDE,133,714166
DVRST,Scape,140,2047007
Lady Gaga,Paparazzi (Nightcore & Cut Ver.),150.61,2431344
Zektbach,The Sealer ~A Milia to Milia no Tami~,205,2478636
BTS,IDOL,126,837929
Younha,Houkiboshi,155.15,779541
nowisee,Double Bind,176,2354306
Harumaki Gohan,Daisan no Shinzou,113,1495201
Lil Nas X,HOLIDAY,152,1313511
REDALiCE feat. anporin,Beautiful Dream,182,2451930
dark cat,UNDERWATER POOL (Cut Ver.),171,1663566
Little Boots,No Brakes,110,56514
Sakamoto Maaya,Okaerinasai (tomatomerde Remix),176,1853258
GOHOBI,Blouse,178,2236821
ELEMENTAS feat. Nana Takahashi,Drive my Life,167,820192
SUMMONERS 2+,DeCIDE (TV Size),180,834946
Ariabl'eyeS feat. KOKOMI,Dearest you,182,2422171
Yasuda Mizuho,Yoake no Bell ga Naru,177,1528045
Yusuke,V,200,224136
8686m,Korekara,148,1352039
Maaya Sakamoto,Shiawase ni Tsuite Watashi ga Shitteiru Itsutsu no Houhou,165,582063
ELFENSJoN,Hyousou wa Hakuen o Matoite,209,1112035
Saosin,Collapse,182.93,331082
Inori Minase,Yume no Tsubomi,188,608258
May'n,Scarlet Ballet (TV Size),155,28627
Kitamura Eri,Happy Girl (TV Size),145,46200
MAISONdes,"Thunder Blossom feat. 9Lana, SAKURAmoti (TV Size)",134,2389267
THE ORAL CIGARETTES,BLACK MEMORY,182,975284
Travis Scott,FE!N feat. Playboi Carti,148,2102168
BLANKFIELD,"Guilty People, Innocent Doll",260,1175382
AAAA Chazuke,Fatality Saga,180,664679
tuki.,Bansanka,103,2299799
OnlyRight,Mermaid Girl [Gachi Remix],170,1581157
TRakker,The Inner Gaze -Will-,176,2015009
underscores,Your favorite sidekick (feat. 8485),180,1573155
KEYTALK,OUKARANMAN (TV Size),150,972282
Chitose Sara,Arcadia,178,2103242
SPYAIR,I'M A BELIEVER,194,1433638
MuryokuP,Aspirin,190,132398
Kotoha,Yuki wa Naniiro,179,2190822
Hatsune Miku,Sayonara Goodbye (Short Ver.),155,44167
Uchida Aya,SUMILE SMILE,186,847768
Nishizawa Hagumi,combination somebody! (Short Ver.),160,30289
Hanatan,RED Signal,167,152617
capsule,dreamin dreamin,127.92,60111
Uchikubi Gokumon Doukoukai,Futon no Naka kara Detaku Nai,174.2,729373
NewJeans,Ditto,134,1940274
My Chemical Romance,The Ghost of You,145.84,2248273
Inori Minase,Omoide no Kakera,131,2560307
Haruka to Miyuki,17 Sai (TV Size),134,877030
"Morishita Chisaki, Tanaka Minami, Kito Akari, Kurose Yuuko",Hitoribocchi no Monologue (TV Size),128,986224
Tsukino,Kira Kira * Heart * Linkage!,180,1869172
eufonius,Paradigm (TV Size),160,55218
Inspector K,Disconnected Hardkore (CanBlaster Remix),210,37242
Aqours,Aozora Jumping Heart,200,476956
Shinomiya Ginka (CV: Hasegawa Ikumi),Star Trail,180,2152222
AKINO with bless4,EXTRA MAGIC HOUR,180,956309
wa.,Alruna,184,43552
After School,Because of You,125,45204
you feat. nayuta,Color (2019 Reworks),170,2089375
sweet ARMS,Blade of Hope,188,900030
KISIDA KYODAN & THE AKEBOSI ROCKETS,nameless story (TV Size),194,1096599
yozuca*,Ima o Wasurenai,190,1346172
Cartoon,Whatever I Do (feat. Kostja),174,628149
Kanye West,BLKKK SKKKN HEAD,130,1418400
Guilty Kiss,"Guilty Night, Guilty Kiss!",135,718092
tephe,Genjitsu Escape,180,1997470
Lon,Yuru Fuwa Jukai Girl,216,50462
solfa feat. Chata,Miracle infinity,180,1619982
Kageyama Shota,Accumula Town,112,1743949
HoneyWorks feat. sana x Amatsuki,Terekakushi Shishunki,170,2296848
Camellia feat. Nanahira,"senpai, notice me!",155,1683345
Nakazawa Minori (CV: Hanazawa Kana),Minori no Zokkon Mirai Yohou (TV Size),188,1404019
Sawai Miku,Colorful. (Asterisk DnB Remix),175,2493501
May'n,Belief (TV Size),208,1627541
ESTi,HELIX (Edit Ver.),175,331732
Utsu-P feat. KAFU,B.G.M,170,1875822
LE SSERAFIM,So Cynical (Badum),127,2348658
Ho-Ong-I,Hide and Seek,120,72943
Duca,Zettai Darli'n,170,2236944
Shihori,My Spring,180,1193189
Fujita Kotone (CV: Iida Hikaru),The Cute!!!,175,2545877
Ryu,I'm so Happy,181.02,29471
M2U feat. NICODE,Breach,160,1529336
HIGH and MIGHTY COLOR,Ichirin no Hana (TV Size),196,1193715
THREE LIGHTS DOWN KINGS,NEVER SAY NEVER -TV SIZE ENDING ver-,194,259541
MYUKKE.,ViViTAL MONO,170,1753391
Basshunter,I Miss You (Radio Edit),140,124463
Mili,Summoning 101,186,1959023
Within Temptation,Faster (Radio Edit),120,2315792
senya,Iro wa Nioedo Chirinuru o,138,467315
*namirin,Ciel etoile,93,901091
Okui Masami,Takarabako -TREASURE BOX-,162,2476618
Wakeshima Kanon,Foul Play ni Kurari (TV Size),163,849022
ELECTROCUTICA feat. F9,Triplaneta,96,1010927
Underoath,Writing on the Walls,184,292733
UVERworld,ROB THE FRONTIER (TV Size),220,1052302
Minami,Kawaki o Ameku (TV Size),129,909638
Falcom Sound Team jdk,Ikitsuku Saki (Instrumental Ver.),190,2527092
ghost,Klang,190,543917
Shimotsuki Haruka,pray,174,1864352
Soraru,Ama no Jaku,200,34814
acromanic,(tunneling),187,2535190
Aoba Ringo,Asgardh (Short Ver.),148,50112
Calvin Harris,Feel So Close (SKIYE DnB Remix),174,2403563
Ninomiya Yui,Konse Daikakumei (TV Size),160,2158510
Himeringo,Yonjuunana,172,909953
Kankaku Piero,Haruka Mirai (TV Size),182,1223972
Zetsubou Shoujotachi,Gouin ni Mai Yeah~ (TV Size),175,776630
Ray,km/h,185,522559
Assertive Fluttershy,Boooring!,170,77534
toby fox,Enemy Approaching,183,2034033
Kagura Nana,Kodou (TV Size),90,1595938
supercell feat. Hatsune Miku,Hajimete no Koi ga Owaru Toki,180,2108392
sasakure.UK,Sanctuary o Utatte feat. Wakeshima Kanon,197,663733
Wonderlands x Showtime x KAITO,88*,175,2162211
koruru528,Santa Claus Is Coming To Town,155,1632058
OxT,Silent Solitude (TV Size),110,1948240
Haruna Luna,Overfly (TV Size),134,61441
dai,you -destructive,142,2369839
XX:me,DARLING in the FRANXX Ending Collection,155,783540
Porno Graffitti,Melissa (TV Size),170,2123343
Otonashi Diva,Zoetrope,184,1189933
Hanatan,Kokoronashi,168.16,565432
Avizura,Lucky Star (Cut Ver.),175,2543798
keeno feat. Hanatan,glow,85,1660031
Luck Life,Kawaranai Sora (TV-version),200,538417
SID,Rain,95,1018700
NicoNico Chorus & Hatsune Miku,Melt,170,18310
Feint,Words (feat. Laura Brehm),175,2243118
Baauer,Harlem Shake,140,105186
Le Ciel,Feather,190,37033
Nanahira,Fukkura Fuwaama Cake,180,43581
Yonekura Chihiro,Koko ni Aru Sora,150,2093850
GEMN,Fatal (TV Size),156,2210005
ginkiha,Oriens,185,182271
Pastel*Palettes,Pasupa Revolutions*,174,810099
MADKID,RISE (TV Size),165,1081792
Azari,D/N/A,150,2375698
Yonekura Chihiro,Sora no Kioku,145,1446866
Harumaki Gohan feat. Hatsune Miku,Suisei ni Nareta nara,180,1344515
nomico,Hoshikaze no Horoscope (TV Size),175,1825575
Misato Aki,DESIRE (Short Ver.),119,64839
Uchida Maaya,Gimme! Revolution,180,264087
nano,Born to be (TV Size),192,141505
FantasticYouth,Koshaberi Biyori (TV Size),110.01,1789877
UVERworld,CORE PRIDE,185,938769
HoneyWorks,"Sis x Love feat. Narumi Sena x Narumi Mona (CV: Amamiya Sora, Natsukawa Shiina)",167,1825016
angela,Tooku Made (TV Size),118,121527
Amane Luna,45-byou,155,1763666
Toby Fox,BIG SHOT,140,1580221
R3 Music Box,Natsu o Machi Kirenakute,81,858368
Creepy Nuts,Daten,200,1802803
SCREEN mode,ROUGH DIAMONDS (TV Size),190,967277
ReoNa,Nai Nai (TV Size),130,1430043
TRUE,DREAM SOLISTER (TV Size),167,1528326
Kohinata Chiko,Rashikunai Koi,188,2283304
KANA-BOON,Star Marker (TV Size),134,1300115
nameless x toa,Patchwork Staccato,139,663385
MOMOLAND,BBoom BBoom,126,784632
NIWASHI,The Fascinating Cat's Eye,132,1710885
Harumaki Gohan,Saikai,137,1602654
R3 Music Box,Zen Zen Zense,132,594351
Itou Kanako,Hacking to the Gate (TV Size),161,30876
Kansou,Nyanpasu Bang Bang,130,1980357
Mishovy silenosti,CESKY LEAGUE OF LEGENDS SONG!!!,120,435578
EX Industry,Memory,110,53301
Team Grimoire vs. Laur,Grievous Lady,210,1274027
MIMI feat. KAFU,Hanataba,119,1946263
Lu Crowd,Self-complacent,65,1091315
Mitsukiyo,Rolling Beat,170,1953422
Kalafina,to the beginning (TV Size),153,48467
SawanoHiroyuki[nZk]:mizuki,Avid (TV Size),78,1435750
Trial & Error,TAIATARI*Romance feat. Ayuru Ohashi (Short Ver.),170,2043562
Cascada,Ready For Love (Cut Ver.),142,2235365
Scott Simons,Livin a Double Life,147,298219
Akiyama Hirokazu,Doll play,120,60850
CHANMINA,Voice Memo No. 5,110,1255845
Naruse Jun(CV.Minase Inori),Watashi no Koe,104,562890
Krimek,Idyllic World,180,1978614
CHANMINA,TEST ME (TV SIZE),130,2496666
Abor & Tynna,Seifenblasen,150,2390596
PinocchioP,God-ish feat. Hatsune Miku,142,1674456
Krfawy,Kac (TV Size),112,273355
Mitsukiyo,Blooming Moon,160,1437664
THE ORAL CIGARETTES,Kyouran Hey Kids!!,284,371419
nekodex,Liquid Future,170,898734
Within Temptation,Jillian (I'd Give My Heart),84,273253
Azari,Whisper Whisper Whisper,120,2249173
Bazzi,Mine,143,1359916
Hatsune Miku,Ievan Polkka,119,1287
SHINee,Tell Me What To Do,125,562758
t.A.T.u.,Malchik Gay,133,1158162
Seraph,"for Black, Dear Dahlia",170,1649891
James Portland,Sky,147,789528
Trial & Error,TAIATARI*Romance feat. Ayuru Ohashi (Short Ver.),170,2524662
yuri,Heart111,129,2203510
t+pazolite feat. Rizna,Distorted Lovesong (Full Ver.),240,1844686
Mental Cruelty,The Left Hand Path,220,1793970
Noah,Immortal saga - Again,205,1396332
Vektor,Tetrastructural Minds,200,2427971
Camellia,Diastrophism,228,1885482
Akiyama Uni,The Grimoire of Alice,142,123839
THE HATTERS,RUSSIAN STYLE,175,2346894
Ne Obliviscaris,Forget Not,195,930865
Psychedelic Porn Crumpets,Hymn For A Droid,140,2145884
Dimrain47,Operation: Evolution,165,1581301
"Pecorine (CV: M.A.O), Kokkoro (CV: Itou Miku), Karyl (CV: Tachibana Rika)",Connecting Happy!!,182,1947773
SOUND HOLIC feat. Nana Takahashi,NONSTOP TOUHOU EUROBEAT MEDLEY,165,1225907
Ne Obliviscaris,"Devour Me, Colossus (Part I): Blackholes",200,2161043
Epica,Fools of Damnation,150,69369
Teminite,State Of Mind,150,833556
Shounen Radio,neu,199,843008
Matsushita,my little wish,173,1455505
Cinamoro,Paleturquoise,215.5,1874826
Pratanallis feat. KOKOMI,Crocus,210,2533056
Camellia feat. Nanahira,finorza,225,1140744
Ryu*,AGEHA,180,1032915
AAAA,carnation,160,677687
"AISHA, Epsilon Zero",Love the Subhuman Self,138,1829281
Camellia,I Can Fly In The Universe,175,1227698
Demetori,Seijouki no Pierrot ~ The MadPiero Laughs,191,2325579
the peggies,Stand By Me (TV Size),171,992248
Serani Poji,where is smiley?,170,2182420
Eve,Trap For You,172,2083734
yanaginagi,Hifukiyama no Mahoutsukai,164.84,161810
xi,ANiMA,183.5,953032
Horie Yui,sugar sweet nightmare,166,850415
EMA,God-ish,142,1693123
Kurokotei feat. Sennzai,"escape (the looking-glass, and what alice found there)",220,1880652
MIOYAMAZAKI,Byoushin Zenkai Girl,135,2358432
Halozy,Three Magic (DiGiTAL WiNG TRANCE Remix),140,476595
Chroma,And Revive The Melody,220,2143516
Sasaki Sayaka,Yume to Iro de Dekiteiru,167,2071480
Asriel,Shikkoku no Taiyou ni Yakarete,205,1262458
Ariabl'eyeS,Reflect,140,2540644
zts,summer's winter,138,1991196
Aimiya Zero,-ERROR,200,2071605
a-ha,Analogue,115.07,20191
NoKANY,Kinki to Hiiro Gensou -The Primary Plasm-,208,2554426
-45,Shoujo-tachi no Majogari,165,2526257
Hanazawa Kana,Marathon,170,1745552
A.SAKA,Nanatsu Hiiragisuikou,170,1650533
Vivy (VO: Yagi Kairi),Sing My Pleasure,175,1616800
goreshit,return to the nhk,174,1545382
Touno Sakura,PRIZM/CIRCUiT,155,776529
Hardcore United Tokyo (teranoid & DJ TECHNORCH),BRAINSTORM (Original Extended),180,1435309
ClariS,Colorful,178,2086795
Nanahira & Mameko & Riko & Mega,Straight LOVE,176,57025
Misaki Nako,I Love You,155,2164048
Satoshi (CV:Rica Matsumoto),XY&Z,254,409649
Various Artists,Visual Novel Songs Compilation,197,2044451
ToYou & DJ Raisei,ADHD,200,1948527
TRakker,Countdown to the Blue,178,1458153
THE HATTERS,Every Day I'm Drinking,180,2348983
pan,Pastel Sprinkles,134,2043616
Bilibili Douga,Night of Feifan Brother,167,44443
"A. Tanaka, M. Matsuda",Ooparts,130,5239
Cascada,What Hurts The Most (Nightcore Remix),170.42,20239
Sakamoto Maaya,Yakudou (Game Ver.),205,1489413
Ryokuoushoku Shakai,sabotage,162,1789160
Kano,"Sayonara, Adam to Eve",177,981282
LOLUET x yoei.,roots,120,2139515
Rameses B,Utopia (ft. Holly Drummond),165,294493
AAAA,Hoshi o Kakeru Adventure ~ we are forever friends! ~ (Long Ver.),224,916324
Seraph,Resurrection,188,2500857
Inori Minase,Aimaimoko,133,1918215
Bomfunk MC's,Freestyler (Cut Ver.),163.85,1438301
Kotone,Kagome,196,1146727
wowaka,Unknown Mother-Goose feat. Hatsune Miku,222,1825443
YURRY CANON,Nadeshiko color Heart,145,682996
"Uinyasu, Occhoko Bunny",Aa Kenran no Yume ga Gotoku (Epsilon Remix),175,822937
Silentroom,Primatrix,150,1247457
Kucchi vs Akki,Yakumo >>JOINT STRUGGLE,187,688877
Ito Kashitaro,"Fairytale,",194,2379557
IC3PEAK,VAMPIR (feat. Oli Sykes of Bring Me The Horizon),107,2116069
cYsmix,Fright March,160,486142
ABSOLUTE CASTAWAY,Hyouhon V: Himawari,194,2534904
Ayane,Arrival of Tears,200,2209267
yanaginagi,can cry,184,1572850
Chata,Sora no Hikari,162,2296279
Kuroneko Dungeon,Ryoushi no Umi no Lindwurm,280,405167
Jeff Rosenstock,NO TIME,296,2286088
SAKURA*TRICK,Won(*3*)Chu KissMe! [TV Size],153,141672
Celldweller,Goodbye (Remixed by Klayton),170,1157287
Sound piercer feat. DAZBEE,Hanatachi ni Kibou o,187,2194207
Azuna Riko,Chance! & Revenge! (TV Size),158,1432461
Red Hot Chili Peppers,Blood Sugar Sex Magik,148.11,852400
Luschka,Orange,90,2385822
Tsukino,Prism no Ohimesama,136,1684135
Sanxion7,Rainspark,125,1548
Sakura Miko,as x sist ~Amae Beta na Watashi Nari ni~,168,1690080
Suzuki Konomi,DAYS of DASH (TV Size),160,2203065
MetaHumanBoi,Solar Strike,260,2142528
POLKADOT STINGRAY,ICHIDAIJI,142,1230500
Sena Airi (CV: Gogyou Nazuna),Symphonic Love ReArrange,144,2006248
CORO MACHIKADO,YOIKAGEN TETRAGON (TV Size),166,1737427
DJ TOTTO feat. *spiLa*,illumina,187,582132
Demetori,Youyoumu ~ The Woman Who Sold the Moon,185,740641
"Tomatsu Haruka, Hanazawa Kana, Sanpei Yuuko","""HELLO!!"" (M@STER VERSION)",173,2142403
TEARS OF TRAGEDY,Yuugen,168,1580085
Zebrahead,Falling Apart,112,2476746
fallen shepherd feat. RabbiTon Strings,ENDYMION (long edit),220,1243733
yuki.,Be Your Light,180,590152
"Chitanda Eru (CV: Satou Satomi), Ibara Mayaka (CV: Kayano Ai)",Kimi ni Matsuwaru Mystery (TV Size),170,1363348
Inori Minase,Yume no Tsubomi,188,2166918
-45,Malice Call,160,2552207
Masayoshi Minoshima feat.nomico,Lost Emotion (Amane UK Hardcore Remix),175,698737
Sound Horizon,Shiseru Eiyuutachi no Tatakai,150,8809
fhana,Comet Lucifer ~The Seed and the Sower~,219,651869
eyelis,Kizuna ni Nosete,136,1325736
Stray Kids,MIROH,126,949028
Meramipop,Saifu 'Kamiasobi no Uta',154,538136
blink-182,Heart's All Gone,160,421518
Demetori,Crimson Belvedere ~ Eastern Dream,165,647210
Aitsuki Nakuru,Jinsei Heta Heta Girl,222,2519275
kessoku band,Hitoribocchi Tokyo,192,1918247
Hanatan,Raspberry*Monster,192,1356272
Rhapsody,Warrior Of Ice,175,1740038
PSYQUI,Hysteric Night Girl -Awakening- (feat. Such),160,1580891
IOSYS,Scarlet Keisatsu no Ghetto Patrol 24-ji (Short Ver.),160,2256857
TOTAL OBJECTION,Higurashi Moratorium,189,702512
Larval Stage Planning,Hanabira to Ribbon,134,180633
UNDEAD CORPORATION,Uzu,136,2225614
Rita,Alicemagic (Blasterhead Remix),166,15780
Study,Never Give It Up!! (TV Size),163,1130467
Akatsuki Records,Silent Silence Siren,172,866443
Machico,Growing Up,190,2165709
Takagi-san (CV: Takahashi Rie),Tentai Kansoku,165,2374783
Demetori,Plastic Mind ~ Alice in Underground,130,192896
eyelis,Mirai e no Tobira (OVA EDIT),167,227734
BilliumMoto,Amethyst Aurora,185,2095140
"Danny Jacob, Phineas and Ferb Cast",Atlantis (TV Size),113.2,1665761
xi,Halcyon,191,20871
ISHIDA YOKO,COLORFUL BOX,161,244028
"Hondo Kaede, Oonishi Saori, Waki Azumi, Kino Hina, Matsuda Risae, Suzuki Eri",Save you Save me,190,763406
Ludicin,Clinozoisite,175,2257992
DystopiaGround,AugoEidEs,207,136969
Toraboruta,Kokoro,140,1130622
Ito Kashitaro,Yuudachi no Ribbon,230,1383608
Sawai Miku,"Gomen ne, Iiko ja Irarenai. (Anime ver.)",155,724844
MIN,TAKE ME AWAY,150,644181
Laica,promise of twilight,194,2263400
Van de Shop,Zeitaku na Saji (TV Size),262,1925530
BUMP OF CHICKEN,Shinsekai,162.93,1817020
isonosuke,Baka Tsuushin (feat. Chis-A),240,2206869
Chata,Candy a Mine,116,2138660
sana,Miraizu,178,534780
Sakura Fumi,ALBA,155,26026
Maon Kurosaki,Last Desire,170,772785
Flo Rida ft. Wynter,Sugar,130,8741
litmus* as Ester,Krave,192,1551054
oesterreich,Zeitaku na Hone,171.9,1964130
Denkishiki Karen Ongaku Shuudan,Natsu no Owari,180,2094853
Shimotsuki Haruka,Rengoku,172,910043
Minato Aqua,Kira Kira,182,1626704
solfa feat. Yumeno Yuki,Princess * Sisters!,190,1564270
Doechii,NISSAN ALTIMA,117,2321500
Tatsh feat. ENA,Flash -2nd Desire-,160,44042
fhana,Wonder Stella,193,1167347
Ushirokara Haiyoritai G,Haiyore Once Nyagain,140,298770
Airi Suzuki,Heart wa Oteage (TV Size),157,1826381
Aoi Eir,INNOCENCE (TV Size),183,61401
AFI,Miss Murder,144,34441
yanaginagi,Sentimental,180,1874154
Mitei no Hanashi,Yoru o Koeru Ashioto (TV Size),196,2205425
Yooh,Ice Angel,168,2530069
Maika,I Wish,160,41048
Day6,Man in a movie,120,745457
USAO,Dynamite (Extended Mix),200,431697
Yu-dachi,Hoshi no Tooru Natsuzora ni Negau,210,1255731
ORESAMA,OPEN THE WORLDS,150,1880608
Usa,Shining/STREAM,155,43509
D-ne (CV: Aizawa Mai),Sarumane Isutori Game,205,1090804
ZUN,Otenba Koimusume,152,1008694
Rin'ca,Kiseki Melody (Game Ver.),170,2237133
Amatsuki,Ark,200,2017881
MASS OF THE FERMENTING DREGS,"Zero Comma, Irotoridori no Sekai",189,1994240
Rita,Primary,167,21611
livetune feat. Hatsune Miku,Tell Your World,149.98,42110
"Jouhou Shoribu (Ookubo Rumi, Tsuda Minami, Taneda Risa)",Se-no! (TV Size),174,93256
Qrispy Joybox feat.Sana,Twinkle Wonderland,188,78858
Rita,Haru Hana no Iro,165,604225
Choucho,Kawaru Mirai,167,34464
sakuraburst,skyshifter vip,170,701482
FELT,a wonderful moon,190,190847
MOMOIRO CLOVER Z,Pinky Jones,180,1575491
Ouse Akira,Girlish * Love (Short Ver.),188,1644043
ORESKABAND,Tsumasaki (TV Size),187.41,1222055
Rin,Muenzuka set 02 ~ Oriental Dark Flight,128,2240721
KiraraQuintet,Torchlight ~Yume no Akari~,175,1270325
Oratorio The World God Only Knows,God only knows -Secrets of the Goddess- (Extract),170,692711
Minami Kotori (CV: Uchida Aya),Blueberry Train,172,1012591
user-177606669,caring is punk,187,1815602
Perfume,Clockwork,132,2126517
Indila,Tourner Dans Le Vide,120,1937777
Electro.muster feat. Mitose Noriko,Rainscall,175,2441831
Nana,Koisuru Chikara (Short ver.),176,15643
May'n,ViViD (TV Size),205,104149
Zutto Mayonaka de Ii no ni.,Byoushin o Kamu,130,833772
Alice Cooper,Poison,120,2035079
The Chalkeaters,Furrymon: Gotta Smash 'Em All! (feat. Black Gryph0n & PiNKII),138,1925527
Junichi Masuda,Heavy Rain (LightUmbreon's Remix),145,39600
gya9,Midnight Riders (kamome sano remix),175,473364
Nijigasaki High School Idol Club,"NEO SKY, NEO MAP! (TV Size)",142,1271802
Perfume,Tenku,140,928320
Suzaku vs. Genbu,Himiko,185,1474934
Rita,Little Busters! EX (TV Size),151,146828
Tomoya Ohtani,Undefeatable (feat. Kellin Quinn),200,1892271
Ellie Goulding,Starry Eyed (Dexcell Remix),172,1739743
Black Eyed Peas,DOUBLE D'Z (feat. J. Rey Soul),105,1918331
RefraQ & Vorso,Biomes (Cut Ver.),158,1978549
onoken,Felys,180,14769
Rengoku Kozou,Comical Chuuka Chuuihou,90,535186
CLOD,osu!re:call 2018,185,960601
HUMBREADERS,Useless Machine,197,1425164
Icon For Hire,Ready For Combat,195,1885828
M2U,Masquerade,128,124857
Ouse Akira,Girlish * Love,188,2089049
HACHI,MATORYOSHKA,205,1825586
07th Expansion,discolor,160,11739
Ocelot,YUKARI,174,497536
Neuromonakh Feofan,Tak i znay,175,2518587
Hatsune Miku,Senbonzakura (Short Ver.),154,42999
Ariz Kayaba,Pandora's Voyage,200,2524070
senya,Senka Ryouran,148,2321881
Ice Nine Kills,Funeral Derangements,158,1601336
Itou Shizuka,Kimi no Hitomi ni Koishiteru (TV Size),160,50594
BUTAOTOME,Utakata,116,2089306
Giorgio Vanni,Zoids,138,2541067
Ogura Yui,Himitsu <3 Melody (TV Size),174,2179266
Taylor Swift,Love Story,119,993619
KSI,Thick Of It (feat. Trippie Redd) (Cut Ver.),146,2262880
Paramore,My Heart,135,2525672
THE SIXTH LIE,Shadow is the Light (TV Size),188,2184541
HoneyWorks,Tokyo Summer Session feat. CHiCO,160,426252
Bullet For My Valentine,Hit The Floor,194,509762
Avenged Sevenfold,A Little Piece of Heaven,145,58309
SawanoHiroyuki[nZk]:Gemie,x.U.,127,878907
Demetori,Solar Sect of Mystic Wisdom ~ Nuclear Fusion,173,52401
Ito Kashitaro,Melancholic,140,1189709
Aya Hirano,Hare Hare Yukai,172,106499
azusa,Check my soul (TV Size),153,43190
Fractal Dreamers,With Every Wanderer's Breath,80,847755
Gunther,No Pantalones,124,494103
Saratoga (CV: Uesaka Sumire),Souzetsu Gekkou,180,776159
Nakiri Ayame,Yume Hanabi,165,1903658
airportexpress feat.Itsuneko,BIRTH,180,175241
Yuni (CV: Kohara Konomi),Muteki Dreaming Yuni Solo Remix (Cut Ver.),141,2015808
Crystal Lake,Breathe Deep,96,1027349
solfa feat. Ceui,Koiiro Recipe,153,981822
ChouCho,Starlog(Asterisk Remix),175,334725
Kendrick Lamar,Not Like Us,101,2177779
Hazel Nuts Chocolate,Love + Piece + Icecream,138,1233
cYsmix feat. Emmy,Tear Rain,128,140805
Ayalis,Ai o Chikaishi Hime Kazari,210,432413
Wakeshima Kanon,continue,168,1305503
Nishino Kana,LOVE IS BLIND,128,16989
ayaponzu*,Otsukimi Recital,195,172157
Creative Life,I'm Screaming LOVE,147,71143
BURNOUT SYNDROMES,Hana Ichi Monme,174,2361347
USAO,Night sky,192,422045
sakuzyo,Laplace,155,431924
marshall4,what the fuck,190,2082001
765PRO ALLSTARS,The world is all one!! (TV Size),167,38050
OLDCODEX,Dried Up Youthful Fame (TV size),220,190383
Hard In Tango,This Is My Dj,137,814216
Maon Kurosaki,ROAR (TV Size),236,1675457
Pixel,Last Battle,189.88,2435261
YURiKA,MIND CONDUCTOR,180,925219
HoneyWorks meets CHiCO & sana,Nichiyoubi no Himitsu (Short Ver.),140,1491394
Minami Yasuhiro,carnation.lnk,125,1262817
Momobako,Momoiro Chronicle,185,2386837
96Neko x KurousaP,Kagen no Tsuki,92,393343
Shimamiya Eiko,Uchuu no Hana,74,1979919
Galileo Galilei,Circle Game,123,1660505
"OBLVYN, RIELL",With You,90,2315770
Hatsune Miku,Recommended Spell,195,28864
ginkiha,Anemoi,186,1134493
Banana Qiu,Yi Da Dui De Xiang Jiao feat. MC Qiu Yi,180.01,160351
Emilia (CV: Rie Takahashi),Stay Alive (TV Size),70,1446737
Shiena Nishizawa,Light and Shadow,186,1776577
Will Stetson,Ringo Uri no Utakata Shoujo,225.2,752017
Cascada,Dangerous (Nightcore Mix),181.25,24340
LiSA,BRiGHT FLiGHT,148,212993
Mage,Last Night (Original Mix),174,2377655
"Nanahira, Reol",Electric Angel,150,958353
Mary,Artificial Rose,175,99434
Aiobahn feat. NANAOAKARI,Shiawase ni Nante Naranaide,140,2288408
LiSA,crossing field (TV Size),179,1557261
Coldplay,Charlie Brown,138,50831
kz (livetune) x 8#Prince,Weekender Girl,132,60488
Vaundy,CHAINSAW BLOOD (TV Size),147,1903846
Neuromonakh Feofan,Siyaniye,175,1108388
OxT,grayscale dominator (TV Size),190,2126479
shallm,futaribun (tv size),170,2486144
Terror & Espa,Loaded Gun,174,1870672
Yamamoto Mineko,Rinne,179,2084942
Natsuiro Bikini no Prim,Nagisa no Koakuma Lovely~Radio,190,1435820
LLENN (Kusunoki Tomori),To see the future (TV Size),137,770961
SOUND HOLIC,Tokimeki*Reitou Pack,154,39563
HAG,Aoi Harukaze,132,1182641
Tsuki no Tempest,Gekka Hakanabi (TV Size),180,1529955
Carpool Tunnel,Parade,172,1058934
Liz Kay,When Love Becomes a Lie (Nightcore Mix),174.15,23627
Hatsune Miku,Deep Sea Girl,137,20337
Debashis Sengupta,Coffee House,128,375479
Kalafina,Bad MagiApple,136,32003
"Elze, Linze, Yae, Yumina, Sushie, Leen",Junjou Emotional,148,638878
yanaginagi,Aqua Terrarium,118,130504
Isekaijoucho,Replica (Live Ver.),120,2095125
Akizuki Kanna (CV: McLaren),Only you! (Short Ver.),190,1853621
CHiCO with HoneyWorks,Kessen Spirit (TV Size),188,2303912
u's,Mogyutto Love De Sekkin Chu!,139,74658
konore,Kiga to Hougyoku (Game Ver.),191,1144382
IOSYS,Cirno Chirumiru,180,5708
EDOGA-SULLIVAN,WONDERFUL WONDER (TV Size),160,1044450
t+pazolite,Against Gilgamesh,185,39816
Kylee,CRAZY FOR YOU,162,37455
solfa feat. Ceui,Natsuiro Yakimochi Koi Moyou,193,1553899
LE SSERAFIM,EASY,165,2263093
Nakae Mitsuki. Shimotsuki Haruka,collage,178,333015
Roselia,-HEROIC ADVENT-,182,826596
Pokapoka Ion,Yajirushi-> (TV Size),168,1685918
SID,ENAMEL,224,1975121
Nakajima Megumi,Seikan Hikou,131,41446
ISHIDA YOKO,COLORFUL BOX,161,290161
Yuki Kira,Yukihanasou,125,1898570
Polyphia,ABC feat. Sophia Black,140,1941380
Mohit Chauhan,Masakali,200,1876111
Vaundy,CHAINSAW BLOOD (TV Size),147,2145186
Poppin'Party,Future Place (Game Ver.),183,1938182
WANDS,RAISE INSIGHT (TV Size),185,2109094
Rinjinbu,Bokura no Tsubasa (TV Size),147,73769
Poppy,Girls In Bikinis (Cut Ver.),116,1241002
Ryokuoushoku Shakai,inori,128,1915271
Katakiri Rekka,TSUBASA,180.5,1859605
S.H.E,Super Star,92,2555865
cassie,me & u (succducc bootleg) (Kara Edit),180,1938079
senya,Hitorishizuka,126,95839
Aiobahn +81 feat. Shigure Ui,Uikousen,142,2425205
M.H.,THIS ILLUSION (Short Ver.),168,868067
Aiobahn,Angel Falling,185,2293960
Fujii Kaze,Hana,123,2129679
ClariS x GARNiDELiA,clever -TV MIX-,182,578231
Teruo Taniguchi,Sentou! Cassiopeia,168,2458536
May'n,Scarlet Ballet (TV-SIZE MIX),155,173051
SOOOO,Raven Haven,185,935098
ChouCho,Ashita no Kimi sae Ireba Ii. (TV Size),178,1583554
Spica,Grow Up-Shine! (TV Size),174,1425992
Uchida Maaya,Resonant Heart (TV Size),185,1649178
Amatsuki,Juggernaut,190,2438753
Cardi B,Up,83,1375452
Luck Life,Kaze ga Fuku Machi (TV Size),198,1623271
u's,Sore wa Bokutachi no Kiseki (TV Size),180,2148884
Yan Zhen,Yuan Feng,135,979055
Nekrogoblikon,Dragons,164,1083931
Yakushi Ruri,"Oniichan, Gyutte Shite! Motto Shite!",173,1063886
Kano,Yuurei Yashiki no Kubitsuri Shoujo,180,1189144
Mewhan,Boku no Friend (TV Size),163,1455968
MAN WITH A MISSION,Raise your flag TV size,145,395097
HO-KAGO TEA TIME,U&I,210,976322
No Life Negotiator,LOST GARDEN,172,928323
Tada Aoi,Yakeochinai Tsubasa (TV Size),130,333184
Black Sun Empire,Inpeak (Telekinesis Remix),174,406721
Cafune,Tek It,147,1800225
Pisse,Fahrradsattel,119,1364392
Nakanoke no Itsutsugo,Gotoubun no Kimochi,175,2053751
Marika Kohno,"Yume Mitai, demo Yume Janai",165,1929219
Asaka,Edelweiss,164,669613
Ito Kashitaro,One Step Ahead,186,763116
Da-iCE,DREAMIN' ON,170,1835599
Takano Hiroko,SLATEPORT CITY,116.16,779459
mer,Golden Journey,178,1445593
ALTIMA,I'll believe (TV Size),142,56828
ClariS,Irony (TV Size),134,21424
ChouCho,Yasashisa no Riyuu (TV Size),177,2234836
Nakae Mitsuki,On my Sheep -TV size-,177,505415
Inui Toko,Namae no Nai Kaibutsu,180,1290765
Yunomi & nicamoq,Indoor Kei Nara Trackmaker (curryrice Remix),100,926885
"Fujita Akane, Miyamoto Yume, Ozawa Ari",Precious You* (TV Size),130,783955
yanaginagi,Yukitoki,160,645256
GARNiDELiA,ambiguous (TV Size),178,1137074
Zekk,Re_Construct,197,1318329
angela,Zenryoku*Summer! TV Size,158,642379
Tia,The Glory Days,184,1072165
Asaka,Hikari to Kage no Laplace (Short Ver.),170,1621101
Comp,Touchuu Aika,180,198700
Imperial Circus Dead Decadence,"Jashin no Konrei, Gi wa Ai to Shiru.",240,2548594
Kano,Sukisuki Zecchoushou,234,2191426
Charli XCX,claws,135,1458874
Cascada,How Do You Do (Nightcore Mix),177.5,203787
Memme,Force of RA,180,1270694
Feint,One Last Time,175,219941
lily white,Aki no Anata no Sora Toku,156,1325099
Endorfin.,Luminous Rage -Feryquitous OrderBless Remix-,179,743239
Mindless Self Indulgence,3 S',190,1662479
anNina,Taishou a (TV Size),58,1759184
TRUE,Another colony (TV Size),169,1386045
Nardis,Spencer (Cut Ver.),68.33,1971689
Liella!,START!! True dreams (TV Size),178,2112885
Chitose Sara,Arcadia (Short Ver.),177.98,1383094
AiRI,Towa ni Saku Hana (short ver.),95,514145
iru1919,Tenko,180,432490
Mimori Suzuko,Univer Page (TV Size),187,120635
Kikuo,Hole Dwelling,96.5,1519388
bladee,Decay,170,1462093
Hakushi Hasegawa,Scary Point,165,2265597
RESCENE,Pinball,85,2454327
Kouda Yumeha,TWO BY TWO (TV Size),170,1838789
ChouCho,starlog,168,244684
S-C-U,heron,182,2195618
seleP,Segments Blue,145,1406043
SPYAIR,Sakura Mitsutsuki,179,937048
Linkin Park,One Step Closer,190.14,909620
Ceui,COLORFUL DAYS!! (Cut Ver.),182,617916
Niira Etsuko,Shinyaku no Yoru,173.05,14714
Amidst & OHEY,Need U (Cut Ver.),164,1319384
Okui Masami,Good-bye crisis (Game Ver.),178,2268503
ZUN,Because Princess Inada is Scolding Me,160.97,50717
MK feat. YURiE,Spiral,180,16668
Larval Stage Planning,Trip -innocent of D- (TV Size),164,2254820
Ito Kanako,Kimi no Namae no Kaze ga Fuku,96,2302271
DAISUKE ASAKURA ex. TERRA,switch,152,14723
Mickey Valen,Wildcard (feat. Feli Ferraro),155,1062655
kessoku band,Himitsu Kichi,180,2416102
HyuN feat. LyuU,Cross Revolution,185,1563524
ELISA,Millenario (TV Size),77,309111
BTS,Blood Sweat & Tears,93,526328
momori,Togameru Kage,180,55926
ISHIDA YOKO,COLORFUL BOX,161,281071
ryo (supercell),ODDS&ENDS (Short Ver.),192,56017
TOKINE,Negai o Yobu Kisetsu,170,358463
Imai Asami,Asayake no Starmine (Anime Ver.),130,319424
Anri Kumaki,End of the World (TV Size),180,2370087
technoplanet,Intuition,190,1569170
MOB CHOIR,99,190,1221343
Morohoshi Sumire,Masshiro (TV Size),178,1235169
Frozen Starfall,Farewell (feat. Sasi),85,1306270
ZUTOMAYO,DARKEN,97,1347758
"Iris December Uncry (Hanazono Mei), Noel the Nextseason (Ameba Tsukasa)",Crying Heart,178,681010
I MY ME MINE,Troublemaker,186,213835
U-ske feat. Natsume Itsuki,"Iza, Mairimasu",188,1839317
Sasaki Sayaka,Yume to Iro de Dekiteiru,167,1394924
Neru,World Domination How-To,151,124898
"Igor' Sklyar, Atomic Heart",Komarovo (DVRST Phonk Remix),115,1951236
Official HIGE DANdism,Cry Baby,100,1636657
Tamura Yukari,Endless Story,187,178167
Mikakuning!,Tomadoi Recipe (TV size),170,147975
kradness&Reol,Okochama Sensou,175,369058
Mili,RTRT,132,978481
ClariS,STEP (TV Size),146,165379
yanaginagi,Outsider,190,2046051
Kuribayashi Minami,ZERO!! (TV Size),182,90419
Void_Chords feat. LIO,FLARE (TV Size),164,1000078
mafumafu,I wanna be a girl,140,1069248
Ailee,I Will Show You,130,85732
Official HIGE DANdism,Yesterday (Movie ver.),130,1124845
Ito Kanako,Desire Blue sky (Short Ver.),143,1733189
Maeshima Ami,Wish for you (TV Size),174,2400236
Aimer,After Rain,120,933926
D-51,BRAND NEW WORLD (TV Size),160,2359199
Itou Kanako,Hacking to the Gate (TV Size),161,89379
KOTOKO,Light My Fire (TV Size),186,37838
Kenshi Yonezu,KICK BACK (TV Size),204,1864461
TUYU,Rainfall,130,2013819
FLOW,COLORS (TV Size),136,2035817
T-ara,Roly Poly,130,37680
TK from Ling tosite sigure,first death (TV Size),164,2347593
Sia,Snowman,70,703740
P!nk,Boring (Mewone! Remix) (Cut Ver.),174,2321864
Sangatsu no Phantasia,Pink Lemonade (TV Size),191,2259981
SunKissed Lola,Pasilyo,120,2419512
Takagi-san (CV: Takahashi Rie),AM11:00 (TV Size),98,1373851
OKAMOTO'S,Welcome My Friend (TV Size),109,1247093
City Girl,LOSING SLEEP (feat. Kelsey Kuan),124,1521806
zeekayo,pora bezhat',180,2344697
3LAU,On My Own (feat. Nevve),116,1358727
Megpoid GUMI,Nisemono no Uta,142,45843
wowaka,Ura-Omote Lovers feat. Hatsune Miku,159,1872527
LukHash,WHEN AN ANGEL DIES,151,605726
Matrix & Futurebound,Magnetic Eyes (feat. Baby Blue),174,189756
Crazy Frog,Axel F,138,1719956
LiSA,unlasting (TV Size),56.67,1054011
Idina Menzel & Evan Rachel Wood,Show Yourself,125,1069502
Reol,FLASH BACK,140,409397
Koji Kondo,Lost Woods,140,10029
ZODIACSYNDICATE,Astraea no Soubei,173,1497766
A.SAKA,Nanatsu Myoukakitsubata,168,2118959
The Penguin Band feat. Cadence,Ghosts Just Wanna Dance (Cut Ver.),170,1481194
Kikuo,Aishite Aishite Aishite,230,2039056
Skillet,Madness In Me,127,340126
Kano,Gaikotsu Gakudan to Lilia,220,1066631
Hiroko Moriguchi,Hoshi yori Saki ni Mitsukete Ageru (TV Size),158,404204
Creepy Nuts,Mirage,118,2397416
Eiffel 65,Move Your Body (Nightcore Mix),162.49,59602
-45,Midorigo Queen Bee,153,2383183
Ave Mujica,"Georgette Me, Georgette You (TV Size)",94.67,2308600
Kyle Gabler,Your New Friend Sugar Plumps,93.3,141103
[AMATORY],Novyj geroj,174,487843
Nakae Mitsuki,Saigo no Yume,73,1066459
Sheppard,Geronimo,142,302303
3R2,Adventure Starts Here,143,2479777
James Landino & Kabuki,Birdsong,165,972810
Good Kid,From The Start,186,2088181
keshi,beside you,136,1606214
The Cab,Angel With A Shotgun,124,50133
Teminite,Break Free,128,1356744
Apocalyptica,Reign of Fear,76,2210317
Aether Realm,"The Sun, The Moon, The Star",210,2536594
Cardboard Box,The Limit Does Not Exist,260,2468480
Nekomata Master feat. Misawa Aki,chrono diver -fragment-,185,1922828
Chata,enn,246,406217
FREEDOM CREATORS,Okurina -Inochi o Aoku Mimamori Nemurina-,266,1922297
Inferi,The Promethean Kings,178,480651
Hotaru Murasaki,Owarinaki Tsumi no Koukyoukyoku,240,2172134
Inferi,The Ophidian Form,220,2112254
Ne Obliviscaris,As Icicles Fall,226,2382206
Ne Obliviscaris,"Devour Me, Colossus (Part I): Blackholes",200,1274508
ryu5150,My spirit lives on,200,1719113
xi,Ascension to Heaven,200,2198943
DragonForce,Burning Heart,225,2182276
Keep Of Kalessin,The Spiritual Relief,230,1942429
Halozy,Deconstruction Star,155,431010
Yoko Shimomura,Vector to the Heavens (Xion) (Cityyy Remix),182,2370527
Ne Obliviscaris,Intra Venus,220,2069295
Kardashev,Cellar of Ghosts,210,2264836
aran,Ripples (DJ Noriken Remix),170,382686
Shimotsuki Haruka,Star map (Soleily Remix),178,640409
xi,Last Resort,252,800102
Laur,A Lasting Promise,270,1496445
Horie Yui,The <3 World's <3 End (TV Size),240,2241703
Amuro vs. Killer,Mei,200,2062538
Imperial Circus Dead Decadence,"Jashin no Konrei, Gi wa Ai to Shiru.",240,2357781
Demonstealer,Monolith of Hate,240,2568743
Oreore-Usagi,Drain ReD rain,244,2287424
Wagakki Band,Yuki Kageboushi,170,1680038
KINEMA106,Luna,103,1153323
SHIKI,Pure Ruby,178,1531319
Yousei Teikoku,Deep Sea,175,1758918
Onabuta Ikuko (CV: Kurata Aria),Let's Roll!!,258,2261088
PUP,Anaphylaxis,252,1169856
Terry A. Davis,Risen,85,1883529
Emiru no Aishita Tsukiyo ni Dai San Gensou Kyoku wo,Fuyu Monogatari,245,2529327
EZFG,Hurting for a Very Hurtful Pain,140,46848
Yousei Teikoku,Torikago,172,2524898
PSYQUI,Hysteric Night Girl (feat. Such),126,821981
Sunless Rise,Ghosts Of The Past,140,1884827
Spawn Of Possession,Apparition,240,2211307
Schwank & Tanger,deathwish,220,1859838
brakence,prozac,197,1573985
Ave Mujica,Symbol I : Fire,236,2354215
DragonForce,Three Hammers,125,956144
HAGISOPH,Beyond the Millennium,210,2048946
B-Complex,Beautiful Lies VIP,174,1890007
Ideadoll,Sousetsu Sacrifice,280,1802204
cygnus,Darkness Parade,160,2078577
orangentle / Yu_Asahina,HAELEQUIN (Extended ver.),172,272333
Hakushi Hasegawa,Sabaku de,186,1360892
Ryu* Vs. L.E.D.-G Vs. ZUN,PARADISE GHOST,200,67133
44teru-k,F.I,180,42225
GUHROOVY,AIR RAID FROM THA UNDAGROUND,180,1067854
Kitamura Eri,arcadia paroniria,220,1816952
sokoninaru,Lament moment,225,1288090
Team Grimoire vs. Laur,Grievous Lady -nothing is but what is not-,210,1076403
LEAF XCEED Music Division,YuYu Metal,272,45528
Ariabl'eyeS,Shuuen no Kane,290,2062273
Nanahoshi Kangengakudan,MAKE A LOSER (inst),300,1504828
Grabbitz,Way Too Deep,140,383070
Mental Cruelty,Forgotten Kings,240,1980358
Lorna Shore,...And I Return To Nothingness,260,2084399
Memme,Plasma Gun,180,2190072
Mental Cruelty,A Tale Of Salt And Light,240,2014862
A Wake In Providence,And Through The Fog She Spoke,123,2301066
Angra,In Excelsis / Nova Era,170,2079368
Ayane,Azurite no Hitsugi,86.5,546149
Release Hallucination,VANITAS,222,2095177
AAAA,Hoshi o Kakeru Adventure ~ we are forever friends! ~ [Long ver.],224,1844826
Demetori,Shinkou wa Hakanaki Ningen no Tame ni ~ Jehovah's YaHVeH,220,1570123
Imperial Circus Dead Decadence,Tensei,145,2209717
Toby Fox,Rude Buster (Camellia Remix),265,1197216
FREEDOM CREATORS,Okurina -Inochi o Aoku Mimamori Nemurina-,266,1389069
Theocracy,I AM,100,1521219
Sayuri,Tsuki to Hanataba,175,780885
Release Hallucination,I.F.,220,2152319
Fleshgod Apocalypse,The Hypocrisy,250,2550803
Inferi,Destroyer,250,2234520
Hideous Divinity,Ages Die,254,604471
Unlucky Morpheus,Angreifer,220,2498952
LA2LY,The Ordeal,205,1192759
Camellia,"werewolf howls. [""Growling"" Long ver.]",222,970653
Satyr,Levitator,242,1520317
Demetori,Himegami Matara ~ Four seasons where Starless disappeared.,182,831385
Noah,Unwavering Dignity,237,2023572
MAXIMUM THE HORMONE,ChuChu Lovely MuniMuni MuraMura PrinPrin Boron Nururu ReroRero,258.06,1781987
Ne Obliviscaris,Intra Venus,220,1495753
Devin Townsend,Genesis,128,1067461
Native Construct,The Spark of the Archon,107,1064929
DragonForce,Scars of Yesterday,200,1012909
Aether Realm,Craft and the Creator,130,1180700
L.E.D.-G,SOUND OF GIALLARHORN,184,155457
Ayane,Lunatic Tears...,176,1017435
Demetori,"Yuuga ni Sakase, Sumizome no Sakura ~ Border of Life",175,48857
Pendulum,Hold Your Colour,174,702272
Sakamoto Shoichiro,Eye of Aeon,180,1543327
DJ YOSHITAKA,FLOWER,173,31054
Hayakore Tatsumi,Thousandth Sky (Over Clouds Mix),155,2545509
kamome sano,Searchlight,172,509569
yuikonnu,"Kono Fuzaketa Subarashiki Sekai wa, Boku no Tame ni Aru",152,1297930
Chroma,"Destroy, Destroy, Destroy The Happy End (Cut Ver.)",218,1160351
Camellia,flying in the flow of deep-sea,166,353203
Set It Off,Songs Compilation,170,2347415
Vektor,Cosmic Cortex,204,357996
The Black Dahlia Murder,I Will Return,216,2163627
Mandragora,Galactic Symphony,200,1694305
Unlucky Morpheus,Angreifer,220,1360831
kors k,Insane Techniques,146,155288
DJ YOSHITAKA,JOMANDA,195,2407626
The Fall of Troy,I Just Got This Symphony Goin',234,2516146
BeautifulDay,Bride in Dream,116,2365032
Yooh,salvation,192,1645504
A-One,Side by Side,165,2397982
Savage Garden,I Want You,106.5,4548
RINYA.G,disinteGration,210,1924164
Yousei Teikoku,ending note,170,614286
tsunamix_underground,Period. ~ Seishin no Kousoku to Jiyuu o Tsukamu Jouka (Cut Ver.),150,1742131
Hashimoto Miyuki,Symphonic Love (Game Ver.),144,2237577
Chata,Remind,270,37292
sakuzyo,AXION,160,115193
Boots Randolph,Yakety Sax,255.5,17943
GoldenWolf,Deaf To All But The Song,182,1749924
xi,Time files,200,1685122
Camellia,Proluvies,162,283815
7 Angels 7 Plagues,The Commentator's Despair,163,2538686
TAG,Romancing Layer,150,1953240
m-flo loves CHEMISTRY,Astrosexy,120,13244
"BEMANI Sound Team ""ZAQUVA""",Speculation,190,2082219
Hum,Stars,76.1,2079607
Fleshgod Apocalypse,And The Vulture Beholds,250,1986938
Rivers of Nihil,Hollow,260,989460
The Dismemberment Plan,Gyroscope,180,1225970
Keep Of Kalessin,Dark Divinity,230,2312710
KiRaRe,367Days,180,2074186
AAAA,Hoshi o Kakeru Adventure ~ we are forever friends! ~ (Long Ver.),224,2489946
Crash-TM,Untan Goose,200,221414
ak+q,Excelsia,188,2347913
IOSYS,Utage wa Eien ni,170,1876060
ZUN,Necrofantasia,165,1898383
Supire,Forgotten Hate,220,1407936
SHO,Is She U.N.Owen?,220,1779511
Ayane,Kakusei -Fractional Vision-,182,1802588
Demetori,"Koyoi wa Hyouitsu na Egoist ~ Ego, Schizoid, Beat.",180,855669
Yousei Teikoku,Shadow Corps,235,1029620
Otsukisama Koukyoukyoku,ultima Thule,241,1507229
ZUN,Desire Drive,158,1276352
earthmind,ARCADIA,177,1843668
Infected Mushroom,Never Mind,130,140526
Igorrr,Houmous,230,703568
wa. vs ETIA.,Akasagarbha,192,39205
Darren Korb,Hades Bossfight Mix,236,1731711
polysha,Where the Spirits Go On,212,2051816
SON OF KICK,Hours feat. Lady Leshurr & Paigey Cakey (Cut Ver.),132,2385939
SAMString,NUMA,180,1570528
Vektor,Outer Isolation,204,469408
weyheyhey !!,Little Batty Foo Foo (feat. TechDiff's Modest Loft Conversion remix),230,2446709
xi,Solar Storm,200,566408
FinnOtaku,A-Side of YTPMV,184,2282204
mona (CV: Natsukawa Shiina),Fansa,176,2092126
CHON,Continue?,127,1974019
Evan Fong,Spawn!,200,2392076
Apocalyptica,At the Gates of Manala,165,469908
B-Complex,Acid Trip,174,1339332
Dance Gavin Dance,"Surprise! I'm From Cuba, Everyone Has One Brain / 12 Hours, 630 Miles",170,2192443
Nekrogoblikon,Dressed as Goblins,248,1233657
HyuN,Grin,130,947770
Dimrain47,The Falling Mysts,132,1370528
Kushper,Defragmentation,170,2442592
Palaye Royale,"Massacre, The New American Dream",168,1253433
Streetlight Manifesto,Ungrateful,155,436968
Dimrain47,The Prototype,175,1615776
SawanoHiroyuki[nZk]:Gemie,x.U. (ETIA. Hardcore Bootleg Remix),172,331872
BLACKPINK,JUMP,145,2401216
dj TAKA feat. AiMEE,refrain,158,1440543
Ludicin,Everlasting Eternity,175,2096913
Inori Minase,HELLO HORIZON,170,1520903
PENGUIN RESEARCH,Joker ni Yoroshiku (TV Size),228,959942
Crystal Lake,Denial // Rebirth,142,2222690
Kardashev,Behind Leaves and Vines,150,2303700
Mili,Ga1ahad and Scientific Witchery,166,1940007
Fellowship,Glint,170,2298796
Sound piercer feat. DAZBEE,Hanatachi ni Kibou o (2020 Remaster),187,2108841
Aiobahn feat. KOTOKO,MOON-RAINBOW BUTTERFLY,125,2312639
Beyonce,AMERICA HAS A PROBLEM (feat. Kendrick Lamar),126,2107364
Rin,Ayakashi set 14 Another ~ Yoru ga Oritekuru,133,1988612
Junk,elegante,133,1045019
Kyutatsuki,BLACKLOTUS,300,2538340
Allegaeon,Biomech - Vals No. 666,200,1569833
Pathfinder,Ready To Die Between Stars,190,2145375
Apol,Hidamari no Uta,136,2420040
Shinkai Masayo,Re:Create,191,1700007
Xyris,Dystopian Exodus of the Magical Girls,260,2188075
paraoka feat. haru*nya,secret garden,171.1,1039615
NegaRen,OCTOBER STARLIGHT 4EVER! SIDE B (pt. 2),237.9,2477922
Kardashev,Between Sea and Sky,135,2290212
mafumafu feat. IA,Adagaeshi Syndrome,284,2360606
Taylor Swift,Out Of The Woods (Taylor's Version),92,1193401
EastNewSound feat. nayuta,"Kouengekka, Zanshou no Zetsu",150,1053554
King Gnu,Ichizu,160,1768259
EastNewSound feat. nayuta,"Nijiiro Kekkai, Gekkyou no Goku",148,2315856
Wagakki Band,Noushou Sakuretsu Girl,155,1779254
Winterhorde,The Shell / Wreckages Ghost,150.04,1913801
Apocalyptica,Last Hope,170,199452
zts,dreamenddischarger,140,1951620
Halozy,eliminate anthem,150,428052
cygnus,Psycho Gene,160,1884657
Junk,Aihana,140,2023412
Minazuki Airi with Atsushi,Gift of Magi (Game Ver.),165,2538334
Waterflame,Ricochet Love,165,2394076
KNOWER,The Government Knows,146,1075602
NAKISO feat. Hatsune Miku,Retry Now,145,2430612
Suzuki Konomi,Love? Reason why!!,137,1900700
VALLEYSTONE feat. Kanata.N,Natsuirozaka,155,950550
KOTOKO,-> unfinished ->,146,2030047
"Majima Junji, Kobayashi Yuusuke, Tomita Miyu",Ikouze*Paradise (Turbo Eurobeat Remix),165,1540330
Nasty Children,SCARLET TEMPEST,167,1276349
halca,Sentimental Crisis,167,1171966
"Nobunaga Shimazaki, Yuma Uchida, Kazuyuki Okitsu",Ikusagami (Cut Ver.),138,2262209
Reol,Gokusaishiki,137,422369
fhana,Hoshikuzu no Interlude (Serji Remix),140,442278
Umeboshi Chazuke,AJITAMA Adventure OST,210,2274953
Camellia,Arche,200,1019291
M2U,Gypsy Tronic,125,61590
BAND-MAID,Choose me,180,2513011
Sonoda Umi (CV: Mimori Suzuko),Yuuki no Reason,180,131687
Anri Kumaki,End of the World,180,2359990
"Iris December Uncry (CV: Hanazono Mei), Noel the Nextseason (CV: Ameba Tsukasa)",Crying Heart,178,1345858
Soleily,From That Summer To Forever,172,1579793
Crywolf,Eyes Half Closed,135,2206521
Endorfin.,Spica,178,1925639
Aether Realm,"The Sun, The Moon, The Star",210,2458122
Dragon Guardian,Uragiri no Yuria,195,2207683
Kardashev,Apparitions in Candlelight / Dissever,120,2220393
DragonForce,The Fire Still Burns,200,1179256
GFRIEND,Time for the moon night,170,773533
Atavistia,Through the Hollow Raven's Eyes,205,1612960
Octaferista,Sanctus Absurdus,170,773449
Cartoon,Songs Compilation,175,2349134
Xeven,Deglaciation,215,2369583
Camellia,Operation: Zenithfall,230,2287992
Camellia,Kisaragi,230,2005745
Sorry about my face,The last straw,240,2406336
Xanthochroid,Of Strength and the Lust for Power,120,1069086
Can Bardd,Autumn Shore,110,1778496
Mimori Suzuko,Egao no Kimi e,175,1615946
Endorfin.,Four Leaves,181,2070906
Irreversible Mechanism,Existence II: Collision,230,1288264
Camellia feat. Nanahira,Touryouka,256,1022167
ave;new feat. U-key,Junoesque -cryolite edition-,160,169252
BlackY vs. Yooh,HAVOX (Long Ver.),210,1760130
Nile,Iskander D'hul Karnon,200,1574333
Neotron C,ektoplasm'o'matic (nfmMix),149.99,2089882
monet,Naglfar no Senjou nite,106,1220443
Sonny Shimoda & Shoebill,Relapped Foxification,247,1316623
Mediks,Blown Away (feat. Astronaut),172,2154550
ESTi X M2U,Obelisque,130,1527535
Gershon Kingsley,Popcorn (DJ Hepci Trance Mix 2005),142.07,2515276
M.A.O & Sakura Kaoru & Marika Kohno,Get a Life! (Game Ver.),185,2325744
Kraster,Space Rainbow*,182,2088280
ChouCho,Ashita no Kimi sae Ireba Ii.,178,1688539
Emiru no Aishita Tsukiyo ni Dai San Gensou Kyoku wo,Muffin,165,1863136
Anri,Last Surf Holiday (Night Tempo Edit),115,1889079
MisoilePunch feat. KIRARI,SprrRush!! (Long Ver.),209,1497217
Asriel,Kegare Naki Yume,223,2471966
Ryokuoushoku Shakai,Little Singer,170,1214611
Lusumi,/data_eraser.wav,200,2322181
Fuki,Sacred Bones Riot,200,1511237
cosMo@BousouP feat. Hatsune Miku,Machinegun Poem Doll,220,1596663
TRAVMA,Mir ostanovitsya,160,2405841
SEVEN LIVES,The Bewitching Voice of the Nine-Tailed Fox,210,2414419
sweet ARMS,Installation,215,2139809
gmtn. (witch's slave),furioso melodia,155,1955969
UNISON SQUARE GARDEN,Sugar Song to Bitter Step,132,774450
Normani,Motivation,85.5,1980266
Hoshina Yuuko,Mekakushi,140,1266326
Daisuke Ishiwatari,Memory of Tears II,276,1575642
Will Stetson,Kyu-kurarin,220,1739478
Cuvelia,Tenkuu no Yoake,150,47757
Daisuke Achiwa,BASARA,130,13019
Streetlight Manifesto,The Blonde Lead The Blind,276,376545
Falcom Sound Team jdk,Belief,274,1569794
Zips,Reiwai Terrorism,280,165817
Spire,Somnambulism,240,1171893
Release Hallucination,Deus ex Machina,180,1777293
KOTOKO,INFINITE SKY,190,1050152
Irreversible Mechanism,Into the Void,250,454451
Asterisk feat. nayuta,Moonlight (Sanaas Remix),175,2079913
Shigure Ui (9-sai),Shukusei!! Loli-Kami Requiem*,165,2066239
JynX,Sora o Hirokusuru Soushitsu Michi,155,2339672
THE OTHER FLOWER,Karma,162,1014580
TatshMusicCircle,Yoiyami no Tsuki ni Dakarete feat. Ayane,176,2066130
Sparxe,Switcheroo,170,2373336
YURiCa/Hanatan,Romeo to Cinderella,170,172792
Chata,Yuujou Pop,174,1922564
DJ YOSHITAKA,CaptivAte ~compilation~,160,744587
Kanpyohgo,Mannen Okigasa ni Gochui o -Festive extended,145,301879
Memme,Extreme Fantasy,152,2481289
a_hisa,Fanatiker der Liebe,160,167091
senya,Kasoku Suru Koi wa Dare mo Tomerarenai,168,2256311
rikvinyas,Kan'i Taikansen,160,2551929
A-One,Side by Side,165,2465426
TOTTO,Wadatsumi,159,351828
DragonForce,Three Hammers,125,1013356
Denkishiki Karen Ongaku Shuudan,Watch out!,169,1130504
Wilderun,Passenger,192,1693435
Blind Guardian,Battlefield,140,2099411
KOTOKO,Princess Brave!,190,1932908
ginkiha,nightfall,92,458456
xi,Aragami (Short Ver.),196,388348
Beridzebeth,Seijin no Tou,194,66968
Shinkai Masayo,Contract Trigger,199,2187831
ASCA,Nisemono no Koi ni Sayounara with Wakeshima Kanon,175,1055201
iconoclasm feat.GUMI,Idola,201,547821
DragonForce,Extraction Zone,200,471344
Ne Obliviscaris,Of Petrichor Weaves Black Noise,215,1557359
Imperial Circus Dead Decadence,Tinu rareta Syuren Ni Fukeru Homura,200,964134
Basco,goth girl,105,1602609
Ben Briggs,Methods,128,948165
SEATBELTS,Tank!,140,801747
Camellia feat. Ninomae Ina'nis,Drenched in Air,189,1995184
qfeileadh,breathe,126,1181778
Shoji Meguro feat. Yumi Kawamura,Kimi no Kioku,112,2006870
TOMOSUKE feat. Crystal Poloa,Seasons,168,2045161
Drab Majesty,Ellipsis,155,2373433
Nightwish,Last Ride of the Day,162,518695
AAAA,Hoshi o Kakeru Adventure ~ we are forever friends! ~ (Long Ver.),224,2426123
ArmpitMaiden,On the Edge of Paradise,205,2409273
620,Akaito,170,998733
Natsume Itsuki,Hakumei ni Utsu,176,2205283
Hoshino Mea,GROUND-ZERO,192,1338059
PORNOFIL'MY,Kto vse eti lyudi?,186,1309355
#Nekoko 14-sai,Sakura Namiki no Kaze,176,2353308
Hana,Sakura to Kotori,180,2314254
Hashimoto Miyuki,FairlyLife,234,2425778
Kumada Akane & Masui Yuuka,Naze? Nazo?! ANSWER,166,2529290
Ne Obliviscaris,Libera,215,755311
Xanthochroid,The Sound of a Glinting Blade / The Sound Which Has No Name,135,1018888
Innocent Key,Touhou Sweets! ~Kichiku Shimai to Junan Maid~,179,2195167
zts,the executioner,134,2155765
"mirin*, China",Sweets*Hearts,175,2270937
SHIKI,Rose Quartz,146,2385073
Minakami Mieko,hallelujah,150,2340858
Innocent Key,Love-chu * CHIREIDEN,160,2317462
Sharlo,Eitsukiyo,115,167775
Kanpyohgo,Tozaseshi Kumo no Kayoiji -Stormy Extended-,172,1783062
TWICE,CHEER UP (Inst.),173,696037
Gram vs. Camellia,Ragnarok,234,2254730
Toby Fox,THE WORLD REVOLVING (Camellia Remix),210,1585092
HyuN,Duplicity Shade (feat. Sennzai),193,1708718
EARPHONES,Sankitousen!,170,590698
My Chemical Romance,You Know What They Do To Guys Like Us In Prison,186,333823
Fox Stevenson,Bruises,174,1894374
Yakushi Ruri,la la for you (Short Ver.),178,2553689
Kotobuki Minako,Million Litmus,170,1292727
THE BINARY,Zurukute Sugoi,166,1589600
Asaka,I believe what you said (TV Size),138,1276862
RADWIMPS,Bouningen,231,835415
BUMP OF CHICKEN,Tentai Kansoku (2022 Rerecording Version),165,1963768
Gesu no Kiwami Otome.,Sassou to Hashiru Tonegawa-kun,185,1770239
Team.Nekokan[Neko] feat. Katakiri Rekka,Salvage,177.75,1865454
Ganaha Hibiki (CV: Numakura Manami),Next Life,147,2290150
Ne Obliviscaris,Misericorde I - As The Flesh Falls,210,2382902
dj TAKA meets DJ YOSHITAKA ft.guit.good-cool,Elemental Creation -GITADO ROCK ver.-,212.02,119447
Renard,Because Maybe! pt. 3,240,30013
Akizuki Kanna (CV: McLaren),Only you!,190,2149400
Akiyama Uni,Naki Oujo no Tame no Septette,240,2093926
Cansol,Train of Thought,180,2177811
Marc-Andre Hamelin,Circus Galop (Cut Ver.),180,1765365
Halv vs. kuro,Evreka,200,2203192
Jibril (CV: Tamura Yukari),"Yes, my master my lord",118,1423728
ZAQ,Classroom of the Elite OP Compilation,156,2536640
Orden Ogan,Hollow,190,2064213
SP-#,Tinnitus (Schwank's PTSD Remix),208,1178020
Camellia,Nacreous Snowmelt,201,1903575
In Mourning,Colossus,222,680555
Demetori,Yumeshoushitsu ~ Lost Dream,182,745742
Silver Forest,Phantasm Brigade,168,2323094
blink-182,All The Small Things,147,27996
DragonForce,My Spirit Will Go On,200,348808
Ponchi feat. haxchi,Inferno City,215,2583516
NTRSOUND and Estia,Wisps of Nifl,200,1833757
Itsuki,Lithosphere (Original Mix),185,617076
Mikako Komatsu,"Imagine day, Imagine life!",178,2440297
Mizuki Nana x T.M.Revolution,Kakumei Dualism (TV Size),205,2043452
PENGUIN RESEARCH,KIRIFUDA,195,1193081
Mental Cruelty,The Arrogance of Agony,150,2227277
senya,MERMAiD,150,1550119
beatMARIO,"Help me, ERINNNNNN!!",185,2205747
Risa Yuzuki,Cinderella Maker,210,1688873
Symholic feat. Rina Komatsu,Veil of Ash,210,2528101
Yonekura Chihiro,DEAR MY WAKER,140,1257060
"Hashimoto Miyuki, Sasaki Sayaka",astral ability (Game Ver.),130,1519872
Dragon Guardian,Jashin e no Chinkonka,200,2394799
Amateras Records feat. KUMI,Twinkle Twinkle,138,2423672
UNDEAD CORPORATION,Bloodthirsty Nightmare Lullaby,180,129202
Wintersun,Sons of Winter and Stars,190,1763708
Lolly Talk,Triple Sweetness,182,2146320
Wakeshima Kanon,Sakura Meikyuu,170,796421
wavforme x Annabel,own phrases,180,894026
EPICA,Ascension - Dream State Armageddon,127,2157926
Kardashev,Below Sun & Soil,199.83,2362959
Kardashev,Apparitions in Candlelight / Dissever,120,2529109
Vale Of Pnath,Blacker Than,145,1439905
Sephid,OVERPROTECTION,234,1703896
seatrus,EXXTRA JUDGEMENT,200,1889132
Minami,Prologue,173,928593
fiend,FEVER DREAM (feat. yzzyx),170,1405913
Oomuro Sakurako (CV: Katou Emiri),Sakurako Introduce,165,1763944
Ceui,Haruoto*Veil,180,660512
ChouCho,kaleidoscope,174,1789166
Xi,Rokujuu-nen Me no Shinsoku Saiban ~ Rapidity is a justice,195,1999204
Acathexis,Stillborn // Isolate,190,1440915
Creo,Rivals,150,1012878
Iyowa feat. Hatsune Miku,apricot,160,1752094
BABYMETAL,Tales of The Destinies,200,534115
xi,FREEDOM DiVE (Short Ver.),222.22,2527269
cygnus,Moon Atomizer,160,2214952
SingiGang Chorus,Coma,180,1399540
Yanagida Ethnica,For You the Bellz Toll,195,2289224
onoken,Quinine -A2D SIDE-,180,932298
Betwixt & Between,I think we can go to the moon,175,13728
Kucchy vs Akky,Yakumo ~ JOINT STRUGGLE,187,12909
Okui Masami,God Speed,180,28140
Ayane,Lunatic Tears...,176,1436654
Ayane,Arrival of Tears,200,2108157
Emily Osment,Hero In Me,166,1229079
lapix,Kill The Beat,120,1001822
Rivers of Nihil,Hollow,260,1091806
Lorna Shore,"Pain Remains I & II: Dancing Like Flames / After All I've Done, I'll Disappear",250,1889497
TEARS OF TRAGEDY,Moerder,236,2271521
deli. + dadaco,Saihate no Yuusha ni Love Song o,268,1929593
Minstrel,Yotogibanashi no Kamikakushi,240,1900605
Ne Obliviscaris,Equus,215,2023758
Mizuki Nana,Double Shuffle (TV Size),120,2461326
Demetori,The Grimoire of Alice ~ Fushigi no Kuni no Alice,175,1888527
Kuro feat. Yumenokessho ROSE,Shinsou Sekai no Eve,165,2290270
Umeboshi Chazuke,Bison Charge,243,894701
Conagusuri,Hina Choco Dark Matter,180,15576
Shannon feat. GUMI & Hatsune Miku,The Last War of Us,120,1754382
EastNewSound feat. Chata & nayuta,"Yuune Zekka, Ryouran no Sai",165,2069637
My Chemical Romance,Cemetery Drive,232,1081808
CLIFF EDGE,The Distance feat. Nakamura Maiko,117,711598
Imperial Circus Dead Decadence,Ankoku no Jyoukaku ni Shinkou Saru Igyou no Kyouki,250,967766
yasai.,World Lampshade [reunion],193,2361699
Tsukino,Lavie,183,2117313
Matsushita,Haikei Doppelganger,181,1481802
Shimotsuki Haruka,Hidra Heteromycin,170,668799
Pinkshift,bathroom community,66.18,2528796
Zektbach,Turii ~Panta rhei~,148,800638
Rivers of Nihil,Where Owls Know My Name,159.99,766269
WALKUERE,Hametsu no Junjou,166,1217448
uma vs. Morimori Atsushi,Record one's Dream,145,2304138
Takanashi Yasuharu,Ketsudan no Toki,122,1312098
Nitro Fun,Final Boss,130,1925449
FELT,Puppet in the Dark (Part I & II),171,2473158
THYME,forever we can make it!,185,1804171
Renard & Adraen,You Goddamn Fish,225.95,2329947
Foreground Eclipse,Noble,164,2409170
Release Hallucination,Alone in the chaos,210,1756259
AIHISNA,Seisou Shoujo no Chuuyuu Gensoukyoku,275,1149127
Fujii Kaze,Matsuri,97,1902232
adamyes,Saki Nobashi,180,2472543
Traktion,Gid V (Cut Ver.),174,285249
Minami,Kono Machi ni Hare wa Konai,164,1683871
Firewind,Few Against Many,145,896546
kors k vs. L.E.D.,SOLID STATE SQUAD,155,1065008
Kobaryo,Sulyvahn [feat. USAO],200,787583
Mrs. GREEN APPLE,Kusushiki (TV Size),138,2359686
m-flo loves CHEMISTRY,Astrosexy,120,2351199
Ryokuoushoku Shakai,Mela!,138,1209920
Void_Chords feat. Yui Mugino,LIES & TIES,133,2272647
grasun cat,Like the gale (Game Ver.),182,1855955
cygnus,sodium ethyl xanthate,140,2023131
Noah,Deadly force - Put an end,300,1390177
Camellia,KillerBeast,220,1019290
Nobuo Uematsu,Midgar Expressway,189.99,2144395
The Killers,Mr. Brightside,148.2,2134701
Camellia,Xeroa,301,1487999
KNOWER,The Abyss,158,2005387
Ayase Rie,Saikai-kei Joshi wa Dou Surya Ii Desu ka? (TV Size),178,2409450
Igorrr,Unpleasant Sonata,224,90385
Slow Glows,Paranoid,119.5,1763822
New Order,Blue Monday,130.3,1932532
RD-Sounds feat. Kushi/Meramipop,Noroi no Emerald,136,1013030
Red Hot Chili Peppers,Snow (Hey Oh),108,2025045
Avenged Sevenfold,Bat Country,250,2039850
Hana,Sakura to Kotori,180,910824
Hana,Sakura to Kotori,180,1180189
Imperial Circus Dead Decadence,Hyakki Yakou -Pandemonic Night Parade-,200,2087838
P4koo,Crystal Illusion,175,791944
Yuyoyuppe,Hidamari no Shi,136,2516039
SHIKI,Jade Star,152,2451810
Nekomata Master feat. Shimotsuki Haruka,Element of SPADA,170,329422
Ohara Sakurako,Skeleton,182,1510745
Yasuda Rei,Sunny,170,1979769
Three Man Down,Fon Tok Mai,164,1850697
Dept,Ruedu,146,1954658
DragonForce,Cry Thunder,130,316050
VINXIS,Joushou no Tabi ~ The Ascending Journey,220,1857663
IT LIVES & Dr. Ushuu,"Never Alone (ReeK's ""Hitorijanai"" Remix)",200,1729689
Camellia,OOPARTS,205,1312143
Falcom Sound Team jdk,GENS D'ARMES,264,1078344
Nene Kusanagi & NeneRobo x Mikudayo & Kagamine Len & KAITO,Tokugawa Cup Noodle Kinshirei,178,1763088
"25-ji, Nightcord de. x KAITO",BAKENOHANA,180,2265324
Grant Kirkhope,Main Title,150.1,1929147
Rise Against,The Eco-Terrorist In Me,170,2078778
NU-KO,Renai Kansoku,188,1025210
Halozy,143 (extended mix),140,1132649
GOETIA,Siege of Tobruk,150,2527286
Ayane,Juujika ni Sasagu Shichijuusou,180,1286865
Ayane,Phenogram,179,1950409
-45,Konba Poison Reverse,153,2533003
Son Feci Bisiklet,Viva La Vadi,200,2228541
Ludicin,Bismuth,240,2111658
SOUND HOLIC vs. dj TAKA feat. YURiCa,TIEFSEE,165,928646
REDALiCE,Great Nano Desu*,172,1587332
Sodomisery,Rebuilding,220,2278182
HoneyWorks,Miraizu feat. Aida Miou (CV: Toyosaki Aki),178,901131
Drop,Granat,180.96,2191147
PUP,"Bloody Mary, Kate and Ashley",85,1938104
ZUN,Furuki Yuanxian,174,2257913
Demetori,"Haruiro Komichi ~ Rest In Peace, Saith The Lord.",160,666235
zts,Umineko no Naku Koro ni Compilation,141,998836
Gyapuichi feat. Sennzai,Seize Your Future,163,2017028
garnet feat. F9,aquamarine,166,1557792
Kanon Wakeshima,Sakura Meikyuu,170,809230
Rita,"MANA -Ano Hi, Mitsuketa Kirameki wa-",83,1069833
DragonForce,Cry for Eternity,200,27448
Aether Realm,Lean Into the Wind,234,2289840
Shiena Nishizawa,The Asterisk War,143,440397
HakoBakoShowKohGun,iDeal,172,1665446
Caelestra,Lightbringer,175,2400322
Pratanallis feat. Meramipop,Last Letter,175,2526414
Dragon Guardian,Mahou no Sho,175,2145284
Yooh,"Road To The LegenD,",205,660672
xi,Vanitas,200,1815879
Natori Sana,Mondainai Tripper!,180,2199122
Hirano Aya,Super Driver,200,21499
SHO,Plain Asia ~ Guardian of the Village,176,26071
MAXIMUM THE HORMONE,A-L-I-E-N,280,456366
Raphiiel,RoquiRa : Between Life and Death,183,1952028
mitei,Phosphor,214,1508502
Pedro Silva,Just Leave Me Alone,192,2325885
yuzen,Ouka Ryouran,191,37647
Iglooghost,Niteracer,182,809748
44teru-k remixed wa.,Higanbana Daini -Shuusei no Lycoris-,175,38966
yak_won,Lucid,175,15898
dBu,Shinkou Fuuka Kyoku ~ Native Faith,172,17972
DJ YOSHITAKA,ALBIDA,185,21457
Humanoid,Mendes,168,16035
Mindless Self Indulgence,Dicks Are For My Friends,172.83,2254806
Cranky,"Party 4U ""holy nite mix""",159,2059122
Kumagai Eri (CV: Seto Asami),Winteright,175,2380640
Azumi Takahashi feat. Lotus Juice,Don't,181,2332245
HoneyWorks,Sukitchuu no! (feat. capi),175,2132368
Kicco,Songs Compilation,170,2219806
Hagumi Nishizawa,My Hero! Up to you!,168,1840883
Ceui,Hoshi Ori Yume Mirai,174,1517513
Shimotsuki Haruka,a little more,170,816373
Denkishiki Karen Ongaku Shuudan,Yakata Mawari,230,2133275
Ayane,Lunatic Tears... (DJ Shimamura Remix),176,104331
System Of A Down,Needles,189,1940683
Hyadain,Hyadain no Joujou Yuujou (TV Size),200,32775
cygnus,White Ring,188,2413075
Ryu* Vs. L.E.D.-G,PARADISE LOST,200,70046
Rche,Todestrieb,185,1054789
mor ve otesi,Cambaz,154,2064100
Zemfira,kto?,192,1932625
Bring Me The Horizon,Drown (Sewerslvt Remix),175,1552809
Squarepusher,Dark Steering,170,642845
DragonForce,WAR!,195,621422
Tristam,Till it's Over,110,139415
REAL SHIT BASTARDS,RS Neutralaiza II,200,2292363
ASCA,Eternicle,147,2431783
Hana,Shuumatsu no Bishou,160,1572100
cygnus,Asylum Seeker,138,2453495
IOSYS,Re: Usatei (Short Ver.),175,857734
xaptiox,etheria,175,2462256
CROSS VEIN,Eternal Dream,208,2530631
Aiobahn feat. KOTOKO,INTERNET YAMERO,185,2074198
polysha,Endverse,200,2088576
Symholic feat. Rina Komatsu,Veil of Ash,210,2418115
Origami Angel,Dr. Fondoom,175,2140440
B Komachi,B no Revenge (TV Size),164,2495205
Kagetora. vs. ikaruga_nex,Gott der Apokalypse,190,2226230
LiSA,Gurenge (TV Size),135,2139037
Yooh,RPG,190,1633250
5KiLOBYTE feat. Azure,EXTINCTION,210,2399921
ZUTOMAYO,Humanoid,159,2282591
Given,Fuyu no Hanashi,135,1401056
Dark PHOENiX,Ryokugan no Jealousy,218,2418853
Waterflame,Endgame,123,2543019
Nhato,Miss You,132,155691
Hatsuki Yura,Muma Cauchemar,125,1337716
r-906,Nounai Disco,168,2365297
Gumyu,Party*Night (Eurobeat Mix),160,2316132
orangentle,HAELEQUIN,167,291495
fiend,Morrissey,170,1211976
The Quick Brown Fox,The Big Black,360.3,41823
Es,Shoujo Rei,150,1992524
Imperial Circus Dead Decadence,"Fusyoku ressentiment, fushiyoku no sarugakuza.",210,761881
Shakemii,Sarumane Isutori Game,205,856986
Roselia,Ringing Bloom,195,1692546
Twilight Force,Queen of Eternity,170,2337185
OTOOTO-P x SOOOO,World End,169,970319
Aya Hirayama,Sayonara Rolling Star,164,2302647
Taishi,The Angels,175,2048520
Lia,disintegration,138,2560052
Down,Chosun,196,1833547
Luck Life,Kaze ga Fuku Machi (TV Size),198,1938781
Hisaka Yoko,"Don't say ""lazy"" (Full ver.)",181,6593
ikaruga_nex,gigadelic (m3rkAb4# R3m!x),180,2234473
cygnus,STRIKER+,150,1966073
VY1,Cyber Thunder Cider,145,47146
sasakure.UK,Jack-the-Ripper,210,23907
-45,Reikou Hatsuden,250,2424147
Ice,Nostalgia Sonatina Op.3,170,2443567
TWICE,LIKEY,132,814038
Eiko Shimamiya,sensitive 2001,135.11,1989944
Toromaru,Deorbit,170,2268007
Daisy x Daisy,Towa no Kizuna feat. Another Infinity,144,2251314
Minorti & HAGISOPH,Cruciv,200,1856797
Hyadain,Hyadain no Kakakata * Kataomoi-C (TV Size),180,1741221
HOYO-MiX,Ballet Labyrinth - Night,174,2237938
KEiNA,Karen Setsugetsuka (Short Ver.),180,1004554
Hana,Shuumatsu no Bishou,160,885621
lasah,MOTHER,216,1372317
Diabolic Phantasma,Liberation,200,2266294
DIALOGUE+,Omoide Shiritori,172,1444539
Ayane,Endless Tears...,192,24960
IOSYS,star river (PUNK IT VER),175,1726109
BiBi,Fuyu ga Kureta Yokan,98,292727
Tatsh feat. Ayane,Yoiyami no Tsuki ni Dakarete,176,9706
ALiCE'S EMOTiON,Voice,165,2040705
Tamura Yukari,Endless Story,187,2085321
Darude,Sandstorm,136.06,6180
Planetboom,SuperSonic,156,6150
Ketchup,Butter,260,11997
Hiroshi Ohkuba,Eat 'Em Up!,152,9638
David Wise,Gang-Plank Galleon,128.3,5706
Nico Nico Douga,Koishi and Okuu of the Sprite Tribe,119.58,13569
YMCK,March of the Toy Soldiers,140,12630
765PRO ALLSTARS,Jibun REST@RT (M@STER VERSION),171,1667085
la la larks,self,177,646002
"Sound piercer ""Espitz""",NOVO HORIZONTE,166,2091818
IOSYS,Choujin Hijiri no Air Muscle,210,1732806
ginkiha,Shadow Castle,175,1859697
connsome,flat by second,128,1633261
Kuro feat. Kasane Teto SV,Wagamama Marionette,176,2161149
qfeileadh feat. Noa,Hybris (The one who shattered),158,2509699
Camellia,#1f1e33 (#00102g version),181,1649466
Lia,Tori no Uta (Sakura at Night),122.08,2505483
Alkome,Mind Disorder,175,1301375
see through person,change your name,209.5,2202202
S-C-U,concon,190,2294299
NIWASHI,Harder Than Diamond,250,1884920
Nyankovsky,Firmament [feat. blaxervant],181,1735601
Good Kid,Nomu,182,2340450
Good Kid,Break,196,2146620
Abuse,Distoartion,210,1689606
San-Z,pinKing,120,2376913
Slugdge,War Squids,140,787331
Pmarusama.,Outlaws,135,2305252
FROZEN QUALIA,M'aider,185,1296276
Asriel,ABYSS,215,756533
Nekomata Master,Byakuya Gentou,128,36849
GALNERYUS,I BELIEVE,178,2421287
Bowling for Soup,1985,120,2140
Yuu,U.N. Owen was Her?,157,7104
Kucchi,Yakumo >>JOINT STRUGGLE (2014 ReWorks),187,645726
Tu Tu Wan,Wo Yao Jin Ke La,147.1,1726857
ELFENSJoN,Gensou wa Aoki Tsuki to Narite,222,2262065
QUEENDOM,Ciki Ciki Bam Bam,128,2016343
EGOIST,RELOADED,173,380143
Silentroom,Alt Futur,155,1266007
Down,Ekoro,165,1683876
NIWASHI,Sapphire On Fire,175,1461145
Akatsuki Records,Shout It Out Loud!!!,171,878054
Megatera Zero,Ta ga Tame (TV Size),183,2146414
Waterflame,Glorious Morning,152,2526416
ClariS,Sayonara Memories,160,839836
tsubi club,burbank house,170,2137967
Taiko no Tatsujin,Mekadesu.,320,10568
Mindless Self Indulgence,Tom Sawyer,136,5433
Loos,Cyo Mateyo,264,16664
Jenny Rom,The Game of Love (E=MC2) Mix,172.35,14412
Bangbros,Yeah Yeah Yeah! (Nightcore Mix),162.15,28147
Kuraki Mai,Secret of my heart,85.03,138321
halca,Darekare Scramble,150,1811044
Nekomata Master,Following Flow,175,511699
senya,Shunkan Everlasting,165,657870
earthmind,Another Heaven,180,571626
ZUN,Border of Life,152,1953606
Lix,Esoragoto -F.D. mix-,168.03,2378688
supercell,Sayonara Memories,160,449987
HO-KAGO TEA TIME,Songs Compilation,147,345256
Soutaiseiriron,Kininaru Ano Ko,192,2414323
yak_won,Wind Tales,150,2080120
Gojira,Esoteric surgery,192,2337070
Yooh,Ice Angel,168,2230787
Camellia,Spin Eternally,222,1537313
Zektbach,L'avide,170,29496
Marmalade butcher,Amanita,194,1604167
sokoninaru,saitei,220,1883924
capitaro,Tenshinranman Haikara Hime,170,364556
Kinoshita,Norowareta Sei / Shukufuku Sareta Sei (the confusion),130,1004928
Hoshikawa Sara x Hanon x Kotoha,Senpai.,160,1852320
Tsukino,Heart Creation,154,2043442
Hitoshizuku x Yama*,Party*Party,212,207441
S-C-U,concon,190,42051
Ayana Taketatsu,Hey! Calorie Queen,156,671225
Misaki,little flapping,170,739576
Asakura Momo,Ashita wa Kimi to.,180,1474462
Christina Aguilera,Falsas Esperanzas,131,1921409
kanone,The Sea of Memory,174,2397821
Syrufit feat. Ayakura Mei,Tsukikage Shoujo,136,345127
-LostFairy-,Ataraxia ~Shijun no Uta~,264,2180094
SoundTeMP,Ragnarok Online Compilation,140,270987
Mizuki Nana,BRIGHT STREAM,158,2192183
Suzuki Konomi,Crossroads,184,1462930
CupcakKe,UFO,142,2456130
katagiri,Palace of Melancholia,227,1581367
XH,Corrupted Paywall,285,2287942
Kou!,High Speed Particle Collider-beam Accelerator,216,1948258
t+pazolite,Gumbarlzo!,225,2472011
BlackYooh vs. siromaru,BLACK or WHITE?,185,972696
DragonForce,Symphony of the Night,177,1957291
Dustvoxx,Deep Dream,190,1572241
ShinRa-Bansho,I,196,1453055
Various Artists,Visual Novel Songs Compilation,160,1233824
Kumagai Eri (CV: Seto Asami),Starlit Walk,132,858988
yuikonnu,Songs Compilation,190,969677
Eternal Melody,Rose Bud -I. into the sorrow- / -II. into the fear of desire-,175,1198525
Yooh,Seraphim (Long Ver.),186,660269
FELT,from now on & Memories,200,1641015
Risa Yuzuki,Transparent ZERO,158,1814464
Tamura Yukari,Songs Compilation,184,516013
Demetori,The Grimoire of Alice ~ Alice in Wonderland,175,277279
HATSUBOSHI GAKUEN,Hajime,170,2253886
ALI PROJECT,Kinjirareta Asobi (TV Size),121,2041967
Dollscythe,Flashes,180,1433412
Lime,Tsukuyomi,176,2338292
SUPER STAR -MITSURU-,THANK YOU FOR PLAYING,170,2017560
Nekomata Gekidan,AsiaN distractive,157,667446
Toromaru,Curiosity,148,1809653
coldrain,VENGEANCE,167,2139140
Ikareru Kin no Shishi,G59,170,1477965
Foreground Eclipse,Last Liar Standing,158,1765375
Poppin'Party,Romeo to Cinderella,170,1073323
Matsushita,raspberry cube,145,1492234
Reven-G,SAKURA,150.03,1881386
TOMINAGA TOMMY HIROAKI,JoJo ~Sono Chi no Sadame~ (TV Size),146.01,2485574
nano.RIPE,Azalea,160,723193
IOSYS,Camellia! ~Dangerous Camellia Vacation~ (Game Ver.),180,2174029
Irodorimidori,Bokura no Freedom DiVE,204,1667264
Hatsune Miku,Hiatus,200,32046
konoco,Sono Hana wa Shougai de Mottomo Imaimashiku Jama datta.,162,1818579
"nm-y as ""Vanquisher""",Chronodivinity,200,2023031
FROZEN QUALIA,Graffiti,172,2317747
Kawada Mami,Wings of Courage -Sora o Koete-,160,1706691
TWICE,I GOT YOU,176,2337079
Glutamine,Babylon,183,35992
An,Encryption,191,96368
FROZEN QUALIA,WINTER DIAMOND,144,1726448
nano.RIPE,Hana no Iro,180,2304246
zts,dreamenddischarger,140,1414566
Demetori,Genshi no Yoru ~ Ghostly Eyes,176,376837
Konoe Kanata (CV: Kito Akari),Silent Blaze,185,1602899
-45,Xna,157,2267990
Eisyo-kobu,Oriental Blossom -Eika Shuuei-,180,1938267
Taylor Swift,...Ready For It?,160,683816
Ryu*,Rondo Alla Turca (Ryu* Remix),142,1364962
SHIKI,KLEINE,146,1526035
Nakagawa Shoko,Sorairo Days,174,1455788
Chata,anesthesia,153,1832932
Ito Kanako,GAME OVER,148,2039590
Chata,Reviver,158,177490
zts,dreamenddischarger,140,339615
Sakurakou K-ON Bu,Happy!? Sorry!! (Cut Ver.),180,1197766
solfa feat. Shimotsuki Haruka + Ceui,STUDY STEADY (Game Ver.),175.01,2499482
HO-KAGO TEA TIME,Singing!,180,1986577
fhana,Comet Lucifer ~The Seed and the Sower~,219,890244
Camellia feat. Nanahira,Shakunetsu Candle Master Tomoshii,250,2444077
Ariabl'eyeS,Romanesque Romancia,240,544062
Various Artists,We are DREAMERS!!,205,1751538
DragonForce,Symphony of the Night,177,1140222
Rabbit House,Divine Ordeal,180,1829371
the GazettE,DEVOURING ONE ANOTHER,100,1948209
Good Kid,Wall,170,2525114
My Chemical Romance,The Sharpest Lives,155,2377833
miraie,stella,184.53,1924179
chelmico,Easy Breezy,186,2274159
Mega Collaboration,Starry Night (Extended Mix),128,2195040
Hail The Sun,The 'Fun' In Dysfunction,210,1482120
CITROBAL,Celluloid,175,1856293
Ayane,Kamisama no Syndrome,102,1294539
IOSYS,Marisa wa Taihen na Mono wo Nusunde Ikimashita,170,243
Sasaki Sayaka,Never the Fever!! (TV Size),172,2214330
EGOIST,The Everlasting Guilty Crown,172,762635
cosMo@bousouP feat. Hatsune Miku,Hatsune Miku no Tomadoi,228,1964010
UKRampage,Replica feat. mami,240,2243562
yandere,virtual tears,181.97,1979235
Jesus-P,Death Should Not Have Taken Thee!,174,87119
Sawai Miku,Colorful. (kamaboko remix),153,1053084
Bon-Bon Blanco,BON VOYAGE! (TV Size),135,2336951
ReoNa,Juvenile,172,2389311
supercell,Hero,176.95,23183
ZUN,Manatsu no Yousei no Yume,168,624526
WALKUERE,Walkuere ga Tomaranai,165,630378
Remixed by Shounen Radio,Shounen A,90,2212556
Lon,Nijigen Dream Fever,180,94744
la la larks,ego-izm (TV Size),188,907759
Hanatan,Palette,180,165693
Marguerite du Pre,Marie Antoinette,205,43229
HoneyWorks feat. Hanon x Kotoha,Sis x Love,167,1358634
Hanatan,Raspberry*Monster,192,260539
Ceui,Hoshi Ori Yume Mirai,174,1532247
Denkishiki Karen Ongaku Shuudan & Yousei Teikoku,Seija Ittsui -Medley of Kadenz & fortissimo- - TypeA,180,2398489
ELFENSJoN,Gensou wa Aoki Tsuki to Narite,222,2270186
HIMEHINA,Namida no Kaori ga Suru,170,2271507
Uchida Maaya,youthful beautiful (TV Size),168,2439086
Mitchie M,Memi Memi <3 Myun Myun,163,2466302
Maeda Jun x yanaginagi,Hifukiyama no Mahoutsukai,165,528572
Uehara Ayumu (CV: Onishi Aguri),Yume e no Ippo,170,2091060
Foreground Eclipse,Vermillion Halo,173,1504033
FELT,Crumbling,172,315451
Akatsuki Records,PANDORA66,160,1345078
Horie Yui,The World's End,240,1726464
DIALOGUE+,Deneb to Spica (TV Size),180,2260122
Bring Me The Horizon,LosT,185,2041071
Roselia,Ringing Bloom,195,2225920
Sharlo,Songs Compilation,137,430981
Sasaki Hirofumi,TAMAYURA,180,49941
ONE OK ROCK,Re:make,172,64001
Venetian Snares,My So-Called Life,170,243485
cosMo@BousouP feat. Hatsune Miku,Shinsekai,163,318557
Duca,Songs Compilation,159,143216
Nico Nico Douga,Kumikyoku,180,4601
Caramella Girls,Caramelldancing Christmas (Cut Ver.),164.2,2089037
IOSYS,Miracle Hinacle,160,2066498
Shiki Natsume (CV: Kanako),Sweetest Bitterness,156,2003758
Nico Nico Douga,Ryuuseigun,176,2459
"TEAM AAA (NO NAME) (CV: Suzumura Kenichi, Suwabe Junichi, Takahashi Hiroki)",NO NAME,160,2268125
Basshunter,Jingle Bells,140,10871
SHK,Death Moon II,150,7794
Daisuke Ishiwatari,Home Sweet Grave,145,5492
DragonForce,Through The Fire And Flames,199.97,1752
Yousei Teikoku,Infection,148,1897554
EastNewSound,Hiiro Gekka Kyousai no Zetsu,150,11264
Mai Kuraki,key to my heart,163.84,2112715
Iori,Kimi ga Ireba,131,2355
Hirano Aya,Parallel Days,176,10933
FF7 Original Soundtrack,Crazy Motorcycle Chase,188.43,1961
Cranky,The Five,160,18339
Taiko no Tatsujin,Kaze no Fantasy,182,6472
ZUN,Naki Oujo no Tame no Septette,144,2119924
Yooh,Divinity,190,1120245
kessoku band,Karakara,190,1876870
Camellia,"FLYING OUT TO THE SKY (covered by Nanahira, moimoi, Nana Takahashi) (Cut Ver.)",244,1308842
Brown Eyed Girls,Brave New World,120,390388
Machikaze Mei,Leia,190,2277517
Jun Wakita,Shounen A,90,8931
IOSYS,Kanbu de Todomatte Sugu Tokeru ~ Kyouki no Udongein,200.04,1391
HEXXO,Welcome to the NHK! (2006),184.8,2349331
Seiryu,3y3s,191,15241
IOSYS,Kanbu de Tomatte Sugu Tokeru ~ Kyouki no Udongein,200,12292
Eluveitie,A Rose for Epona,100,140301
i.o,Aoiro Step (Short Ver.),215,49973
07th Expansion,rog-limitation,220,14994
Hatsune Miku,Hatsune Miku no Shoushitsu,240,8284
Syrsa,Mad Machine,270,33052
NIWASHI,Kemuri,170,1441911
Outkast,Hey Ya!,159,1788354
TERRASPEX,AMAZING BREAK,153,1172666
Down,Kizan,178,2085347
Nakae Mitsuki,secret deep blue,127,1451629
JYOCHO,"Kirei na Sankaku, Asahi Ningen",300,2108761
ParagonX9,Chaoz Japan,165,31115
Shade,Dash! To Battle,165,1846601
kors k,SigSig,179,1458296
Strawberry Girls,First Kiss,151,1844736
Shibayan feat. 3L,Getsurei 11.3 no Candle Magic,128,795140
halca,Darekare Scramble (TV Size),150,1803693
MASS OF THE FERMENTING DREGS,"Aoi, Koi, Daidaiiro no Hi",149,2162231
Halozy,Deconstruction Star,155,292083
Mewhan,Netsujou no Edda,132,1906645
yanaginagi x THE SIXTH LIE,LEVEL (TV Size),177,2243442
Radiohead,Jigsaw Falling Into Place,165.5,1982680
Hinatabi Bitter Sweets,Kokuu to Koumyou no Discourse,140,2006820
Meg & Dia,Monster (DotEXE Remix),140,157896
Weezer,Buddy Holly,121,2022594
Kanye West,On Sight,108.95,1541997
Symholic,Guren ni Ochiru Kokoro,260,2529870
Risk Junk,FUCHINKAN CANDY,188,1413680
Mrs. GREEN APPLE,lulu. (tv size),175,2495799
"25-ji, Nightcord de. x Kagamine Rin",Lost Umbrella (Game Ver.),274,2471796
ISOMERZ (DJ Raisei + seatrus),Symmetric,200,1381824
A-One feat. ayaponzu*,Justice Monster,160,1513750
KMNZ LIZ,White Happy,160,1438024
Yamamoto Mineko,Presea,176,2082024
nao,phantasia ballad,168,2141278
nao,Shinku no Adabana,171,2161795
Fukunaga Yoru,"Hitohira no, Daisuki o,",200,1614847
Risa Yuzuki,Kuuhaku,153,2366935
Chata,anesthesia,153,2280980
Tatsh feat. K.Nayuki,Sphere,160,1397643
Dreamcatcher,Scar (this dirty and ugly...),200,2429638
Nakigoto,Shiranai Wakusei,178,1865974
Sano Hiroaki feat. Tatsumi Megumi,Ijiwaru na Anata,166,1799536
Yui (CV: Kitamura Eri),Apron dake wa Toranaide! (TV Size),160,2365893
bye2,Wheel of Fate,240,2436112
Ariabl'eyeS,Monochrome Solitude,167,2344232
FLOOR BABA,WIGGLECORE,195,957370
Camellia feat. Nana Takahashi,Mushi no Sumu Tokoro,161.5,436978
Ara Potato,Skype x Can Can,195.14,47078
D-D-Dice,Seiga Itten (Full Ver.),214,2301138
Sayuri,Hana no Tou,170,1799574
HIMEHINA,Rondo & Naide,148,1950297
Yoko Shimomura,Waltz in the Lake,143.95,2328147
Various Artists,osu! Stream Compilation,220,25403
Meg & Dia,Black Wedding,140,30000
Uematsu Nobuo,Don't be Afraid,165,472817
-45,Corpse no Kokoro,160,2058747
Kozato Snow,Izayoi Sakura,175,25491
TwoThirds & Feint,Epiphany (feat. Veela),175,223303
Nanawo Akari,Ai ga Aru You de Nai You de Aru,168,1907766
Iron Maiden,The Trooper,162,2030104
Schizoid Lloyd,Suicide Penguin,180,706545
Franz Liszt,La Campanella (8 Bit Remix),200,383094
Ne;on & Haiji,Haruka Tooki Gensoukyo - Dream of fantasy,194,29780
goreshit,mina,165,2251133
Asriel,Chronus,213,2126231
69 de 74,Aratanaru Ketsui,189,1771017
ELFENSJoN,Shiroki Yume wa Madara ni,214,1083468
CG5,Sleep Well,81,2362923
SUPER STAR -MITSURU-,NEW GENERATION,165,25158
Tatsh,Zenius -I- vanisher,160,1286352
Amane,BOOZEHOUND,165,1238190
KOTOKO,-> unfinished ->,146,2081896
SUPER STAR -MITSURU-,She is my wife,170,22331
Yorushika,Dakara Boku wa Ongaku o Yameta,125,1392760
IZ*ONE,FIESTA,123,1111173
Will Stetson feat. Kariyu,Lost Umbrella,274,1796828
NewJeans,ETA,135,2311504
BlackY feat. Risa Yuzuki,Shuumatsu Kinema,138,1820113
UKRampage,Replica feat. mami,120,1708445
"Uinyasu, Occhoko Bunny",Aa Kenran no Yume ga Gotoku,146,2116404
Linkin Park,Heavy Is The Crown,128,2254622
Sabrina Carpenter,Juno,130.5,2244753
My Chemical Romance,Na Na Na (Na Na Na Na Na Na Na Na Na),166,2380996
BLANKFIELD,Falling Falls,260,1535708
Halysis,The Dark Aura,205,2268968
Ayumi.,Deciding the future,198,2205634
KOTOKO,Oboetete Ii yo (2015 Ver.),178,2230358
Yakushi Ruri,"Oniichan, Motto!",175,559860
Euchaeta,Spirit Away,114,1857409
Camellia,"Feelin Sky (Camellia's ""200step"" Self-remix)",200,613522
bilbordy,ischezayu,172,2340652
HUMBREADERS,COLORS,194,1708342
Kicco,Akari no Arika (Short Ver.),226,2496099
Kagura Mea,Re Ai 105C De Ni,137,1809689
a_hisa,Pudding Funfair,150,993369
Kuroneko Dungeon,Ryoushi no Umi no Lindwurm,280,742648
Beautiful Day,V3,159.95,4622
HOYO-MiX,Fantasy Note,140,1734712
Camellia,Exit This Earth's Atomosphere,170,517474
Mike Morasky,Science is Fun,101.8,31071
Misumi,Alter Ego feat. Hatsune Miku,176,1680588
Seiryu,Time to Air,191,4597
GFRIEND,Season of Memories,130,2421900
t+pazolite feat. Rizna,Distorted Lovesong (Full Ver.),240,2475964
Noisia,Shellshock feat. Foreign Beggars,172,720428
Porter Robinson,Divinity (feat. Amy Millan),90,204453
Pratanallis feat. KOKOMI,Black Berserker,195,2130327
CROSS VEIN,Eternal Dream,208,1301419
MEMAI SIREN,image _____,201,1112873
BURNOUT SYNDROMES,Hikari Are (TV Size),178,1486782
Sound piercer feat. DAZBEE,Hanatachi ni Kibou o,187,1300204
FROZEN QUALIA,WINTER DIAMOND,144,2483040
Vulkain,Never Lost Word,177,763672
"China Kuramoto (CV: Mao Ito), Hiro Shinosawa (CV: Reina Kawamura)",Unknown Unbound,183,2500650
TUYU,Songs Compilation,175,1765136
Abydos High School Countermeasure Council,Kagayaki Summer Days,158,1808469
TrySail,Songs Compilation,162,904510
Kotoha,Yuki wa Naniiro,179,2190424
REAL SHIT BASTARDS,RS Neutralaiza III,200,2281906
mor ve otesi,Yorma Kendini,124,2399919
Kardashev,The Approaching of Atonement / Silvered Shadows,180,1889320
ASIAN KUNG-FU GENERATION,rewrite (TV Size),179,1971162
Boxplot,Escape With The Clouds,178,2559253
DragonForce,Heroes of Our Time,200,90716
Emika,Blood Drain,180,2292533
MuryokuP,Frozen World,140,1863134
Himeringo,Kodoku no Kakurenbo,220,319791
Adagio,Next Profundis,105,803842
LizNoir,Darkness sympathizer,136,2158224
Syrufit feat. Mei Ayakura,Tsukikage Shoujo (Poplica* Remix),136,2266581
-LostFairy-,El'na dia,254,2051628
Sambomaster,Seishun Kyousoukyoku (TV Size),135,1173514
Mitei no Hanashi,Yoru o Koeru Ashioto (TV Size),196,2121581
Emiru no Aishita Tsukiyo ni Dai San Gensou Kyoku wo,Gengaku Opera House,183,1456929
Ikimonogakari,Netsujou no Spectrum,160,2145265
MYUKKE.,AKKERA-COUNTRY-BOY,150,1601364
Franchouchou,Adabana Necromancy (TV Size),172,879615
Yamamoto Mineko,Shiroi Sakura Saite (Cut Ver.),176,1243957
Uchida Maaya,Gimme! Revolution,180,225928
yanaginagi,Sweet Track,166,1402613
Ohashi Ayaka,Wagamama MIRROR HEART (TV Size),181,2243803
Nanjo Yoshino,Tasogare no Starlight (TV Size),152,1993718
Cait Sith,Schrodinger's Cat,187,36409
Tenacious D,BEELZEBOSS (THE FINAL SHOWDOWN),131,593032
Yellowcard,Always Summer,170,76678
Scatman John,Scatman's World (Club Mix),147,917348
F-777,Wander of Thought,145,320970
Kalafina,Kyrie,144,369380
Bloodhound Gang,Mope,112,2188
Thank You Scientist,My Famed Disappearing Act,170,765338
fhana,Hello!My World!!,141,635110
SPYAIR,MIDNIGHT,124,689544
OFFICIAL HIGE DANDISM,FIRE GROUND (TV Size),114,866562
HIMEHINA,Rondo & Naide,148,2194367
ZUTOMAYO,Stay Foolish,151,2310989
Fujikawa Chiai,Gomi no Hi,248,1235121
Marmalade butcher,CuttingEdgeInsaneArtifact,190,2409561
Ryokuoushoku Shakai,Little Singer,170,1955886
Niko,Night Of Fire (For Christmas Mix),155.09,1906832
Gram,Odin,200,1981078
ASCA,Real Dawn,148,2258353
Sad Keyboard Guy & Gardens,Illusory Truth,170,2219282
Anjos,Eu estou aqui (TV Size),168,958558
Emika,Blood Drain (Game Ver.),180,2304231
M2U,Magnolia (feat. Guriri),160,610967
Bambee,Bumble Bee (Game Ver.) (Nightcore Mix),160,2507597
Lorna Shore,In Darkness,240,2548802
Hiro,Carol Mega Mix,157,1331249
Dove Cameron,LazyBaby,113,1503309
Nanahoshi Kangengakudan,Meikaruza,300,1019721
Caravan Palace,Dragons,124,46733
DECO*27,Monitoring (Best Friend Remix) feat. Hatsune Miku,132,2431772
Pierce The Veil,Bulls in the Bronx,160,424713
EPICA,Beyond the Matrix,120,1247240
12 Girls Band,Horse Race,169.63,44964
V.K.,Darkness,95.6,79838
Blue Marble & Gennady Tkachenko-Papizh,Genesis,174,1102397
"Seven Lions, Tritonal & Kill The Noise feat. HALIENE",Horizon,170,860393
Celldweller,Shapeshifter (feat. Styles of Beyond),116,1124906
Kato Megumi (CV.Yasuno Kiyono),LOVE iLLUSiON (Megumi Solo Ver.),170,294336
u's,Snow halation,173,209390
Izumi Hashima(CV.Chinatsu Akasaki),365 Shoku Palette,178,620574
ClariS,Ai o Utae,180,1012760
S.S.H.,Intersect Thunderbolt,250,43027
kamome sano Electric Orchestra,FIN4LE ~Shuushisen no Kanata e~,256,742031
Yooh,Dynasty -da capo-,189,292418
Boxplot,Escape With The Clouds (V.I.P.),178,2383178
Demetori,"Yuuga ni Sakase, Sumizome no Sakura ~ The Harm of Coming into Existence",185,1035201
Ito Miku,Ten to Sen (TV Size),135,2076400
Thank You Scientist,The Amateur Arsonist's Handbook,188,1443356
USAO,USAO ULTIMATE HYPER MEGA MIX,200,943354
Halozy,K.O.K.O.R.O & S.A.T.O.R.A.R.E,178,844719
EARPHONES,Arakajime Ushinawareta Bokura no Ballad,198,805167
Camellia,"LET'S JUMP (Camellia's ""diffractive"" Hardcore Remix)",180,1052797
Co shu Nie,Character,180,973603
Camellia feat. Kagekiha Gakusei,"Lowermost revolt (""Jeremiad"" Long ver.)",219.2,1407641
Eagle,Hypersonik,175,1834293
PUP,Free At Last,179,1630118
Zekk,Fluctuation,194,1313559
VINXIS,Greetings,200,788201
isui,Suisei ni Nareta nara,180,2314500
Inori Minase,Catch the Rainbow!,181,1668023
Mitsuki Kotono,Fuyu ni Saku Hana,170,242600
Ave Mujica,Symbol IV : Earth,148,2359410
Hanon x Kotoha,Twintail Mahou Shoujo,170,2231081
Crash Comet & Dustkey,Berlin,174,1789110
Yuyoyuppe,Reon,182,1370255
Kicco,Eternity Blue,177,2029618
Rise Against,Disparity By Design,156,360325
Wasuta,Pretty*Channel (TV Size),178,782157
James Landino,Arsene's Bazaar,155,1972126
"Iris Freyja (CV: Hidaka Rina), Mononobe Mitsuki (CV: Numakura Manami)",Ray of bullet (TV Size),185,2234304
"shami momo (Kohara Konomi, Kito Akari)",Machikado Tangent (TV Size),165,1045803
yuinishio,Selfhug Biglove (TV Size),183,2096611
A.ZU.NA,Infinity! Our wings!! (TV Size),180,2220556
Chiho feat. majiko,Egao no Kanata (TV Size),185,915403
Nanahira & *namirin,Egao ni Naru,168,2054938
Tsuki no Tempest,The One and Only,177,2029343
Ling tosite sigure,abnormalize (TV Size),175,1990496
Pastel*Palettes,MOON PRIDE,173,1268746
Poppin'Party x Yukina (CV: Aiba Aina),Sousei no Aquarion,152,1834781
May'n,Scarlet Ballet,155,105090
Rish feat. Choko,Punai Punai Gensou ~Punai Punai in Wonderland~,271,1383231
Ne Obliviscaris,Graal,200,2031536
SYNC.ART'S feat. Sakaue Nachi,Light travel distance,145,2426796
Helblinde,Nastrond,190,2526361
Laur,Sound Chimera,190,2529063
youman feat. MEIKA HIME,Lostalgie,192,2325400
A-One feat. Aki,Darkish,165,2499259
Nakae Mitsuki,Koiiro no Hanasaku Koro,168,1847364
Amatsuki,Astro Lost (Cut Ver.),185,1173442
Larval Stage Planning,Kimi + Nazo + Watashi de JUMP!!,170,1776667
Fox Stevenson,Glue Gun,172,799729
Roselia,Avant-garde HISTORY,114,1662456
sweet ARMS,Installation,215,1756743
Skrillex,First Of The Year (Equinox),145,56791
Diao ye zong feat. Meramipop,Karakurenai no Kage,173,690105
DragonForce,Fallen World,220,46238
Tsukasa Yatoki,Heaven's Race Guitar Style,180,559171
Nekomata Master+,Spiral2005,140,2030574
My Chemical Romance,The Foundations of Decay,150,1767845
Kamiyama Yoh,Irokousui (TV Size),148,2558015
Tanaka Shinichi,Toki o Koete,182.05,205739
Lix,Labyrinth -Black Trance Mix- v2.0,160,1075788
Jun Kuroda,Cybernetics,170,1325579
Warak,Once Upon A Time,144,519154
CHiCO with HoneyWorks,Senjyo no Hana (TV Size),194,2445858
Maeda Jun x yanaginagi,Kimi to Iu Shinwa,176,1288146
Hebi.,Henceforth,158,2304817
ChouCho,Kawaru Mirai,167,2357503
Utagumi Setsugetsuka,Maware! Setsugetsuka,160,122674
HuMeR,ChaserXX,140,930846
Mizukara o Enshutsu Suru Otome no Kai,Girlish Lover,165,1956141
Ice vs. Morimori Atsushi,RE:UNION -Duo Blade Against-,202,848977
onoken,vijore,144,248948
Linked Horizon,Jiyuu no Tsubasa (TV Size),157.5,102371
TOTTO,Wadatsumi,159,158056
sasakure.UK,Neri to Kohakutou,170,1906939
Yasushi.K,micro Krafty datteValator/AD++,133,2030464
capsule,idol fancy,176,1439626
Utsu-P feat. Hatsune Miku & Kagamine Rin & GUMI,Kanbanmusume no Warufuzake,150,1876182
ke-ji,Joyeuse,274,1942799
Polyphia,O.D.,136,1378026
Hatsuki Yura,Kaguyahime,154,1274776
sasakure.UK feat. Hatsune Miku + KAITO,X.E.N.O,144,2095533
Co shu Nie,asura,180,2502605
Yousei Teikoku,Autoscopy,300,2117183
Machine Girl,Infinite Potentiality (Cut Ver.),147,2051778
MK,Squall,142,2284493
KikuoHana,Nagaiki no Kamisama,240,1494099
Yooh,RPG,190,1678400
YOASOBI,Moshimo Inochi ga Egaketara,100,1650246
cosMo@BousouP,Oceanus (xi Remix),196,1463312
Wakeshima Kanon,REUNION,170,1928569
AKINO with bless4,EXTRA MAGIC HOUR,180,228619
-45,Rougoku STRIP,140,2125252
senya,Koakuma Ringo (EUROBEAT Remix),157,2225109
Nijisanji,Virtual to LIVE,156,1024346
TK from Ling tosite sigure,unravel,135,2287914
solfa feat. Ceui,Koiiro Recipe,153,1087207
Kawada Mami,Borderland,184,1281934
Sergio Mendes & Brasil '66,Mas Que Nada,177.64,2356035
Hinano,LOVE INFINITY,128,2032110
Xanthochroid,Blessed He With Boils,120,1277834
Fuki,Sacred Bones Riot,200,1221414
paraoka feat. haru*nya,Boot,236,1649456
Disturbed,Decadence,183.92,1994915
Fireflight,Unbreakable (Sped Up Ver.),222.8,853493
Frums,Salmiakki,180,1485654
Liz Triangle,Ruby,154,2480698
Kikuo,Oboreru Uchuu Neko,120,2198692
ALiCE'S EMOTiON,Tag,145,2120349
Matsushita,Ashura-chan,156,1628966
YUKI,Sakamichi no Melody,176,2145238
Maeda Jun x yanaginagi,Before I Rise,140,1786415
M2U feat. Guriri,Magnolia,160,128645
akari,"boys, be ""stand up""!!",146,177585
Zips,Heisei Sayonara Bye Bye,260,1957026
sokoninaru,Kono Senjou,220,2391665
Komsomol'sk,Bliznets,156.25,1530296
siinamota feat. Kagamine Rin,Q,240,2084482
Ceui,Finest Sky (Short Ver.),176,2068320
lapix,Flamenco House,130,1865291
my sound life,AIR,180,1814686
Dictate,IMITATE,177,1201530
Shiena Nishizawa,FUBUKI,180,288950
Hatsuki Yura,Eclipse Parade,208,430339
Hashimoto Miyuki,Kisetsu o Dakishimete ~blooming white love~,164,2489200
Adust Rain,Joker's Cranberrybox,200,1815728
Tamura Yukari,Himitsu no Door kara Ai ni Kite (TV Size),184,2151206
Shiro (CV: Kayano Ai),Oracion,166,2038184
Diao Ye Zong feat. Meramipop,Uprising Ideology,174,890516
Kawada Mami,FIXED STAR,170,120813
UVERworld,ROB THE FRONTIER,220,1067110
REDALiCE,Acceleration,180,203920
Receptor ft. K.I.R.A,Lullaby (Original Mix),173,372505
MYTK,Yggdrasil,180,137973
P*Light,BUBBLE RAVER,174,156584
Ruby My Dear,Croque Monsieur A Disneyland,220,1203147
DragonForce,Revolution Deathsquad,200,18860
koyori (DenporuP),Shinshou Cascade,167,2302633
Kalafina,sprinter,160,1126545
Virtual Riot,Rampage,174,810556
Leon,Tsubasa -resurrection-,160,1934116
MYUKKE.,re[in]flaw,170,1344871
Kanzaki Elza starring ReoNa,Dancer in the Discord,204,1109271
Magnetude,Signals,174,850972
Natsukawa Shiina,First Plot,135,1183671
Xanthochroid,Of Gods Bereft of Grace,110,2178401
Yonder Voice,Arigatou,180,1163531
r300k feat. Cho-E,Amputator,108,1292704
S.S.H.,Intersect Thunderbolt-Remix,250,38316
BlackY vs. Yooh,HAVOX,210,352555
Feint,The Journey (feat. Veela),172,1677263
Naoki & Tatsh,Red Zone,165,5731
Nijigasaki High School Idol Club,"NEO SKY, NEO MAP! (TV Size)",142,1279753
Nhato,Beyond The Seven,142,562299
Arctic Monkeys,The Bad Thing,222,870688
Vicetone,Bright Side feat. Cosmos & Creature (Boehm Remix),124,967356
Ariabl'eyeS,Houkai no Bigaku,253,2401063
"Hanatan, yuikonnu & Mitani Nana",Songs Compilation,190,135876
typeMARS,Triumph & Regret,175,1392930
S3RL,Classic Mash Up 2,175,1061726
Dragon Guardian,Ankoku Butoukai,175,1571324
Aether Realm,The Devil,260,1715360
May'n,Chase the world,170,1724125
"Sakura Ayane, Hashimoto Chinami",Dance In The Naval Engagement ~Unmei no Butoukai~,183,1144307
Andromedik,Invasion,174,789544
Gram,THE END,200,1838271
Ray,Kimi to Ita Sora,161,2178833
jun feat. Sarah-Jane,UNBELIEVABLE (Sparky remix),175,1923094
Rin,"Lunatic set 09 ~ Faraway 380,000-Kilometer Voyage",128,725769
RO-KYU-BU!,Rolling! Rolling! (TV Size),175,98035
livetune adding Takuro Sugawara(from 9mm Parabellum Bullet),SEN NO TSUBASA,170,191241
Aoi feat. Sennzai,Bloody Garden,190,2017584
qfeileadh feat. Noa,Hybris (The one who shattered),158,1984708
Xeami,Ryougen no Mai,208,2444103
Fellowship,The Hours of Wintertime,120,2503181
la la larks,ego-izm,188,1590806
Linked Horizon,Saigo no Kyojin (TV Size),155.55,2085298
Atavistia,Beyond the Meadows of Fire (Re-recorded Ver.),211,2492357
Rohi,Slan Leat,240,1177073
Eternal Melody,Tregedy / Alucard,180,1333252
void (Mournfinale),World Vanquisher,170,2170300
Groove Coverage,Let It Be (Nightcore Mix),182,1949720
DragonForce,Reasons to Live,175,1228734
Rish feat. Choko,Hidari Click ga Osenai,185,2155893
xi,Time files,200,49843
TAG,SABER WING,222,21870
Ayumi Hamasaki,Labyrinth,156,12318
bbno$,1-800 (feat. ironmouse),132,2495351
Taniuchi Hideki,Near no Theme,135,14409
Damiano David,Zombie Lady,140,2394178
Gojou Kai,Higan no Tsuka,160,4134
Hitomi Sato,Hearthome City (Day),149.97,1872084
GT-K,Overflowing Joy,145,10056
Golden City Factory,Stirring an Autumn Moon,151,11062
Akiyama Uni,Sky of Scarlet Perception,138,96338
Nakajima Dai,Bokura no Jikan,136,370391
Anamanaguchi,Skate or Live,225,26198
Fefe Dobson,Ghost,132,16862
glass beach,cold weather,155,1280001
DepXe,Jin Ke La Yu Ni Tong Zai,140,1729199
ChouCho,Haiiro no Saga (TV Size),184,1274862
siinamota,Because enyhow die (Kari),180,1775997
Satoru Kosaki feat. issei,Into the world (TV Size),115,2289782
Ardolf,Wild Water,140,1987793
Utakoloid,pet<3me!,150,2062493
IGNEA,Jahi,200,1424378
Doubutsu Biscuits & Kaban (CV: Uchida Aya),Boku no Friend,150,1650932
CHiCO with HoneyWorks,Himitsu Koigokoro,165,1799148
THE BINARY,Zurukute Sugoi,166,1261966
smileY inc.,Hanayuki,146,1073360
Rice Shower (CV: Iwami Manaka),Umapyoi Densetsu (Game Ver.),170,1456530
TAMUSIC,Kyuu Jigoku Kaidou wo Yuku,145,315150
Leevi and the Leavings,Pohjois-Karjala,137,2432388
suzumu feat. soraru,Zetsubousei: Hero Chiryouyaku,205,852354
Brandy,Distro X,115,5303
Krimek,Golden Tears (feat. eili),160,2400092
Leo/need x Hatsune Miku,Lost and Found (Game Ver.),183.82,2303793
ONE OK ROCK,NO SCARED,185,119277
Sobrem x Silentroom,Random,132,1674155
penoreri,Reverenced Flower,202,1570037
Grabbitz,Way Too Deep,140,919243
Dreamcatcher,Fly high,154,645657
Midnight Grand Orchestra,SOS,142,1742673
P*Light,2 MINUTES FIGHTERS,203,424088
Nekomata Master+,Spiral2005,140,2085344
P.I.N.A.,Rat ga Shinda feat. SymaG,146,976205
Anberlin,Ready Fuels,168.65,851867
Tonight Alive,Little Lion Man,260,451311
Sota Fujimori,polygon,174,422136
DJ TOTTO,Windy Fairy,180,613726
BUTAOTOME,Koishi ni,170,1150001
Olivia Rodrigo,love is embarrassing,160,2236893
BiBi,Cutie Panther,170,152112
TRUSTRICK,FLYING FAFNIR,143,2278203
Camellia vs Akira Complex,Reality Distortion,200,582089
Ludicin,Clinozoisite,175,2134656
Sound piercer feat. DAZBEE,Hanatachi ni Kibou o,187,1538654
FELT,RESISTANCE,240,1004248
Feryquitous,Hemizorv,191,1301388
Yousei Teikoku,Kokou no Sousei,240,28705
kurokumo,God-ish,142,1629837
Liz Triangle,With Triangle,175,1079638
KISIDA KYODAN & THE AKEBOSI ROCKETS,STRIKE THE BLOOD,208,1711091
Getty vs. DJ DiA,Ops:Code -Rapture-,195,776328
Camellia,"Feelin Sky (Camellia's ""200step"" Self-remix)",200,703731
Nekomata Master feat. Joelle Strother,Infinity of Our Love,114,2157128
Kara & Kurokotei,Valley of Voices,200,1714112
Street,Hestia,190,1707295
TUYU,Dorei Janai nara Nan Desu ka?,117,1896666
Mindless Self Indulgence,3 S',190,1700148
Kotoha,Yuki wa Naniiro,179,2046132
ELFENSJoN,ARIADNE,213,1779371
Mediks,Come Back Down,174,639013
supercell,Sayonara Memories,160,989344
Cutline,Die For You (Shock One Remix),175,166435
Horie Yui,The World's End,240,740541
Nagase Mana (CV: Kanda Sayaka),Hoshi no Umi no Kioku,175,1644875
Abiotic,Horadric Cube,240,1540212
OxT,Clattanoia (TV Size),190,2191254
yanaginagi,Harumodoki (TV Size),174,2120835
yanaginagi,Sentimental,180,1562788
Shounen Radio,neu,199,2155577
Saor,Forgotten Paths,175,2123244
BANPRESTO,Dark Prison,167,162284
DJ TOTTO,DORNWALD ~Der Junge im Kaefig~,169,857638
ChouCho,Authentic symphony (TV Size),175,258985
Camellia,Routing,144,663255
pitcher56,Humming Word,180,2201989
Utsu-P,Imperfect Animals,170,1377324
X2N_,Smile of the End,200,2006974
BOWL,Teardrop,172,831032
KOTOKO,SWEET x SWEET,177,1411131
Wilderun,Identifier,192,1749695
Avenged Sevenfold,Blinded in Chains,192,2030573
Demetori,Kagayaku Hari no Kobito-zoku ~ Counter-Attack of the Weak,184,1759396
Pendulum,The Fountain (feat. Steven Wilson),174,1418152
baker,For a Dead Girl+,140,682287
Batashi,Smag Slow,190,1999363
suzumu,Shinzou Connect,211,784999
PassCode,It's you,210,1694192
Diao Ye Zong feat. Meramipop,Ibun 'Seigi no Mikata',146,823380
Ariabl'eyeS,Symmetric Rose,210,1015765
Suzuki Konomi,Realize,206,1244105
My Bloody Valentine,You Made Me Realise,173,754498
Giga,BRING IT ON,160,865490
Ave Mujica,Mas?uerade Rhapsody Re?uest,190,2080223
ReoNa,forget-me-not,148,914051
Kano,"""Q"" & ""A"" (Cut Ver.)",181,1909442
KOEDA,purple,208,2187849
takehirotei,Haiboku no Altra Vita,231,2412331
kamome sano,</emotional>,174,1404997
POSHLAYA MOLLY,Budu tvoim pyosikom,170,802260
Shimotsuki Haruka,Hidra Heteromycin,170,2449652
Nekomata Master,Despair of ELFERIA,205,2277734
JOENN,Not Worth It feat. Miori Celesta,150,2353531
Nekomata Gekidan,envidia,134,899530
Michiru Kagemori (CV: Morohoshi Sumire),Ready to (Mokelmbe Bootleg),145,1245436
Ling Yuan yousa,Ke Ai Bu Xi Fa,159,2118282
Halv,Akashic Hex,200,2401984
Asterisk,Finder (Extended Mix),180,1186166
Spriggan,Valkyrie Dimension,186,45935
Celldweller,My Disintegration,184,1069919
Dimrain47,Infernoplex,175,1756255
"Kabuki, MYLK",Talk 2 Me,128,1293770
Xanthochroid,Of Strength and the Lust for Power,120,2049990
Ceui,Rainbow Days,170,1181354
DECO*27,Undead Alice feat. Hatsune Miku,176,1308800
NateWantsToBattle,GO CRY GO,202,1942404
765 MILLIONSTARS,Thank You!,177,1905018
hitorie,3-pun 29-byou,203,1457787
Eguchi Takahiro,silver temple,180,59345
Kinjishi,Nageki no Ki,160,1017760
Powerwolf,Christ & Combat,154,1013426
nao,Kirihirake! Roleplay*Star Girl,170,160691
Ao Ba Ge Gu Gu Gu,Tian Zhen De Xiang Pi (Japanese Ver.),132,2413821
Mikagura Seisa (CV: Onishi Saori),Esoragoto Spairal,197,718855
Hatsune Miku,Tenshinranman High Collar Hime,170,55115
P-MODEL,Logic Airforce,105,2005815
Yumeji Ruri,GATE of ARCANA,150,1659613
Kurokotei,qu'ils mangent des puchi pastel,160,2021678
DJ YOSHITAKA feat. DWP,HIGH SCHOOL LOVE,180,78211
School Food Punishment,in bloom,165,228270
IOSYS,Marisa wa Taihen na Mono wo Nusunde Ikimashita,170,1130291
Sergey Lazarev,You Are The Only One,128,452901
MAXIMUM THE HORMONE,HAWATARI NIOKU CENTI (TV Size),150,1893971
onoken,felys final remix,180,1319560
Moe Shop,Notice (w/ TORIENA),125,2149987
Black Eyed Peas,Boom Boom Pow,130,1263837
Demetori,Native Faith ~ Memory of a Free Festival,165,2106961
Shaun Martin,Madiba,133.25,1301789
Yokomin,Yukari,187,1540629
Aoi Eir,Hitokakera no Yuuki,176,1172564
Rin,Moriya set 04 ReEdit ~ Unmei no Dark Side,128,1374578
celsius2004,somebody call the doctor.mp3 x_x,125,2078064
Rengoku Teien,Photo Shot,120.04,2316664
Ado,Show,132,2077229
Kurokotei,-Hyperending-,170,2221558
Inori Minase,Snow White,155,1629102
Riou & Seiya,Ageless Love,155,215867
Akiyama Uni,Kanpan Tasogare Shinbun,180,388036
"Takamori Natsumi, Takada Yuuki, Takahashi Karin, Hanamori Yumiri, Harada Sayaka",Take me*Take you,180,650946
Gekidan Hitotose,Curtain Call!!!!! (TV Size),205,1135314
TRUSTRICK,TRICK feat. chelly (EGOIST),123,1403045
Shimotsuki Haruka,Re:Call,93,534109
Nakae Mitsuki,Brightly horizon,59.33,993349
Nekomanma Team!,Koiuta Shippuu! Karuta Queen Iroha,168,1700477
NIWASHI,Curiosity,193,997743
Shimotsuki Haruka,Hoshi no Yume ~Gathering the stars of love~,115,1421356
Maeda Jun x yanaginagi,Owari no Sekai kara,148,1443345
nao,Towa naru Kizuna to Omoi no Kiseki,290,699819
Periphery,Reptile,140,1420641
Megurine Luka,Leia,190,29064
ELFENSJoN,Akayake no Majo,254,1100484
Halozy,Crystal Snow,128,2227686
Co shu Nie,who are you?,119.98,2080912
Ax feat. Natsukawa Yoko,Sakimori Renka,170,998415
Celldweller,Switchback,112,1085105
beatMARIO (COOL&CREATE),Kyouki no Hitomi ~ Invisible Full Moon,200,1827329
"Fuyuki Eve, Noel (cv.Ookubo Rumi, Hara Sayuri)",Snowdome,80,738741
MAN WITH A MISSION,Blaze (TV Size),196,2086348
WANIMA,Tomoni,254,2360767
Sakamoto Maaya,Yakudou,205,1224774
dj TAKA feat. AiMEE,Broken,148,2098120
ZUN,Alice Maestra,157.77,1563258
CustomiZ,COOLEST,188,2093800
Kuroneko Dungeon,Lilieze to Enryuu Laevateinn,200,1851159
Styles of Beyond,Nine Thou (Grant Mohrman Superstars Remix),107.87,1620057
HyuN feat. YURI,Disorder,193,891632
S-C-U,concon,190,62951
Pandize,Stratos,174,717623
Linkin Park,Let You Fade (Cut Ver.),82,2376936
Demetori,Himegami Matara ~ Four seasons where Starless disappeared.,182,940457
FROZEN QUALIA,Present,175,725612
Fox Stevenson,Dreamland,168,1087898
Tanchiky,Bridge,179,1378720
Konohana-tei Nakai no Kai,"Haru Urara, Kimi to Sakihokoru",180,1126301
Haloweak feat. AKINO with bless4,What am I fighting for?,175,734194
fripSide,HesitationSnow,135,2209358
kamome sano,#00A9EF feat. TEA,178,934856
Various Artists,RUN x RUN!,177,1906004
ave;new project feat. Sakura Saori & Inoue Miyu,Chouetsu Koi Shite Naishomea!!,214,31978
Foozogz,Rainbow Dash and Fluttershy Go For a Leisurely Glide,200,34544
W.T. Orchestra,William Tell Overture,190,29107
Hatsune Miku,Hatsune Miku no Gekishou,200,22672
Afilia Saga,S.M.L (TV Size),200,122441
u's,Bokura wa Ima no Naka de,196,79049
Nekomata Gekidan,AsiaN distractive,157,657122
Savant,Bad Baws,145,146512
Ito Kashitaro,Hyakka Ryouran,140,558642
DJ YOSHITAKA feat. A/I,CaptivAte ~chikai~,160,845416
Sound Souler,Eternalism 2,145,1299190
Silentroom,Alt Futur,155,1265977
Sakura Emi,"Toki, Hana, Yume",174,2447970
Getty vs. DJ DiA,Fox4-Raize-,200,482552
HATSUBOSHI GAKUEN,Yukidoke ni,194,2335424
Aqours,WATER BLUE NEW WORLD,175,2411150
PENGUIN RESEARCH,Fire and Fear (TV Size),195,2224415
Kuribayashi Minami,Tsubasa wa Pleasure Line,180,181877
:) feat. KAFU,Ren'ai Heiki! Lethal Weapon-chan,175,1832014
Eiko Shimamiya,Higurashi no Naku Koro ni (TV Size),105,1954187
FELT,Songs Compilation,240,1342305
SEREBRO,NE NADO BOLNEE,128,736627
senya,Zetsubou no Fuchi,174,605290
Lia,"Birthday Song,Requiem",142,1675797
Shiena Nishizawa,Shark,197,2148688
Lia,Bravely You,150,994936
"Camellia as ""Reverse of Riot""",Completeness Under Incompleteness,194,514750
Yorushika,Ano Natsu ni Sake,160,1293131
Mikoto (CV: Natsuki Hanae),MeMe,250,2170615
James Landino feat. Nikki Simmons,vs. SAYU,180,1292074
Camellia feat. Nanahira,Petals,192,2525365
Hachioji P x kz(livetune),Glimmer feat. Hatsune Miku,150,1845419
Shimotsuki Haruka,Tsunagi Chou,121,1756971
Tokiwa Yu,Camomile Bathroom,168,897569
ZUTOMAYO,Haze Haseru Hateru made,136,1425901
nonoc,Memento,125,1251745
ReoNa,Lost,124,1565833
Ayachi Nene (CV: Kiritani Hana),sweet treasure (Short Ver.),172,942292
Okabe Keiichi,Song of the Ancients / Fate (ver.1.22474487139...),127.87,1670541
nano.RIPE,Ao no Rakugaki,125,1243104
FELT,Lost My Way,240,1255445
Demetori,Retrospective Kyoto ~ Japanese Beautiful Barrage,185,897861
hololive IDOL PROJECT,SHIJOSHUGI ADTRUCK,160,1342689
Falcom Sound Team jdk,VALESTEIN CASTLE,210,2145072
Sunny Day Service,Kokoro ni Kumo o Motsu Shonen,194,2461997
Fractal Dreamers,Songs Compilation,200,980459
LeaF,Poison AND/OR Affection,240,1130436
Sasai Ryuji,Shinsen,190.02,360610
Powerless,Frey's Philosophy,200,550588
fhana,Niji o Ametara,123,927646
anNina,ombre,175,1273531
Misato Aki,DESIRE,119,779909
Green Day,Basket Case,153,1142364
Origami Angel,Blanket Statement,170,2176607
Kotoha,Yuki wa Naniiro,179,2185936
Nightwish,Songs Compilation,148,519682
nao.paradigm,0x1311,130,2368312
Shimotsuki Haruka,Alternative Zero,160,1937933
Aoi Eir,Lament,185,86178
ANTI,Koi,160,356086
mimimemeMIMI,Aoi Tori,163,1054715
ICE,Majestic Phoenix,180,845094
VINXIS,Greetings,200,979100
onoken,P8107,180,1997962
Maaya Sakamoto,Shiawase ni Tsuite Watashi ga Shitteiru Itsutsu no Houhou,165,590125
Ayane,Nageki no Mori,118,1108479
ELISA connect EFP,EONIAN,150,1033701
Draw the Emotional,Morning glow,182,146626
Imai Asami,Hoshikuzu no Ring,164,583052
Nakamura Meiko,Scarlet Faith,151,144223
Ariabl'eyeS,Zankyou wa Hitsugi no Naka e,260,813773
Feryquitous feat. Sennzai,Lifill,185,568961
Flying Lotus,Never Catch Me feat. Kendrick Lamar,162.5,1527682
SEAPOOL,summer school,175,2221706
Nanako,Ura mo Karada mo Rakkamijin,158,2147381
Finntroll,Ett Folk Forbannat,220,2112430
Noah,Reflection,218,1426912
Euchaeta,Who's World?,128,1622155
Roselia,FIRE BIRD,150,1451503
Rohi,Kakuzetsu Thanatos,200,1151959
Nightwish,Romanticide,156,620131
zts,miragecoordinator,150,1085924
Saki Cast,Netsuretsu Kangei Wonderland,180,2144713
my sound life,02:15,145,2215787
Marmalade butcher,Y/M/K/M,190,1502963
Angel Vivaldi,. _ _ _ _,143,1351515
Dimrain47,Operation: Evolution,165,938921
siraph,Jikan wa Tsugu,135,1514684
CLIFF EDGE,Endless Tears feat. Nakamura Maiko,99,2538809
Tanchiky,ENERGY SYNERGY MATRIX,160,1813885
Eiko Shimamiya,Higurashi no Naku Koro ni,105,2173462
Parannoul,Gold River,210,2185364
TWICE,HOLD ME TIGHT,198,616044
The Smiths,This Charming Man,208,1241923
MRVLZ,Her Name,114,597833
ARM (IOSYS) + Brasscapsule,Jazz is Rad,160,1306575
You May Kiss The Bride feat. Fatma Turgut,Bensiz Bir Sen,160,1532040
Lil Jon & The East Side Boyz,Get Low (feat. Ying Yang Twins),101,1193555
Daisuke Ishiwatari,CHRONOPHANTASMA,276,1715035
DragonForce,Fury of the Storm,200,571679
KUMOKIRI,Shippuujinrai,180,1631947
PUP,DVP,296,756815
Wisp X,Hibiscus,105,1040161
Porcupine Tree,Trains,87.13,1105956
Azumi Takahashi feat. Lotus Juice,Don't,181,2366498
DM DOKURO,SAVE,180,385274
defsharp,common courtesy,83.5,1683483
Hanabasami Kyo,Charles (Arrange ver.),142,1069145
Kola Kid,can't hide your love,200,1099325
Nanamori-chu * Goraku-bu,Happy Time wa Owaranai (Cut Ver.),190,1057015
Old Gods of Asgard,Herald of Darkness (Radio Edit),156,2251820
ReaL,Kagerou (TV Size),164,1450366
Circle of Dust,Humanarchy (Cut Ver.),200,1250387
Yuki Kajiura,M24,160,1901740
Sayuri,Hana no Tou (TV Size),170,1932958
marina,Kimi Tsunagu,166,1730961
Mimori Suzuko,Univer Page,187,2090014
Tomatsu Haruka,Yume Sekai,81,1677784
I love you Orchestra,Red Ocean,192,2536291
ZUN,Heian no Alien,171,1301413
Project Grimoire,Excalibur ~Revived resolution~,200,1002960
Zektbach,Apocalypse ~dirge of swans~,170,1845159
Camellia,Z:iRNiTRA,235,1395383
Re-venge/De-Sire/DJ Smalls,Tsugaru Japan,180,1838
Meshuggah,Bleed,115,1360563
MisomyL,Redraw the Monotory World,155,2039193
Susumu Hirasawa,Sobu Naru Kaze,210.02,10390
NEWS,weeeek,219.75,3697
PUP,Scorpion Hill,291,2515548
capitaro,Yoiduki Maiuta,170,70057
kors k,SigSig,179,27677
Stan SB,Stratosphere,175,1111534
yuki,Bulukanilo (Short Ver.),175,1800039
Yanagi Mami,Hikari Hanate!,174,1692837
Lapis Re:LiGHTs Stars,Watashitachi no STARTRAIL (TV Size),180,1222166
yuki,Into Gray,180,1245901
EGOIST,The Everlasting Guilty Crown,172,2269743
Only Monday,Mai Pen Rai Rork Mang,80,2085023
Kagura Mea / Minato Aqua,"So La Ti Do ~Hey, Hey~",160,2236694
Yanagi Mami,Hikari Hanate!,174,1130090
-45,Totenblume,142,2444697
Kaga Sumire,GameGame * Over,189,2273152
yonige,Mebuku Toki,150,2537084
"25-ji, Nightcord de. x MEIKO",Shippaisaku Shoujo (Game Ver.),240,2371360
vally.exe,oyasumination,190,1746568
EARPHONES,Ikken Rakuchaku Goyoujin,166,553570
TSUNKU,Kumitate Koujou,98,504165
Ashley Tisdale,He Said She Said,115,1988729
"Hashimoto Miyuki, Sasaki Sayaka",astral ability,130,2289668
SHK,Couple Breaking,170,2523898
iMarine (CV: Aya Uchida),Dive to Blue,186,2225316
-LostFairy-,Re Storia ~Ao no Kiseki~,130,2246010
Caelestra,Solaris,170,2334135
Aethral,Cyber Surge,160,2177377
Aimer,Run Riot,172,1227818
Feryquitous Vo. F9,Monochrome Anomaly,155,1436243
Yuuyu,Scrap Syndrome,200,973996
[Alexandros],Senkou,208,1521689
Shoujo Fractal,Samayoi no Mei ~Amatsu~,160,2176171
Alex C. feat. Yasmin K.,Angel Of Darkness (Video Mix) (Nightcore & Cut Ver.),175,2129542
MASS OF THE FERMENTING DREGS,Sanzameku,91,2123323
Aethoro,Deertracks,104,2374121
Two Door Cinema Club,Cigarettes in the Theatre,169,1598238
TOOL,Schism,213,1791083
Freddie Dredd,Evil Fantasy,160,1327127
Saratoga(CV: Sumire Uesaka),Souzetsu Gekkou,180,722797
"ginkiha, TEA",Haruka (Short Ver.),182,1110461
sky_delta,Midnight City Warfare,180,1008607
solfa feat. Shimotsuki Haruka,Natsuiro Ramune,160,1601425
Risa Yuzuki,S'il Vous President,176,1736708
Sakaue Nachi,Think of You,164,24838
Saito Shuka,PaPaPa (TV Size),126,1070148
Centimillimental,Bokura dake no Shudaika,183,1793352
Yashiroma Mea,It's Trick Time! (Short Ver.),162,2066269
Suzumu feat. GUMI,Sakurairo Time Capsule,170,1195834
Rabbit House,Final Overtake,196,770246
Kayuki feat. Risa Yuzuki,Umbilical,204,2332292
Dept,Khong Tong Bok La Laeo,160,2118413
Shinra-bansho,Itazura Sensation,192,745460
Hazuki,Zutto (Game Ver.),153,1294301
u's,LOVELESS WORLD,157,1033500
Baby's breath,Kusabi,192,1630117
Yarai Miu (CV: Natsuno Koori),Love Incident,100,1674330
RD-Sounds feat. Meramipop/nayuta,Shiten,177,1308171
(Dj SASA Remix) Tattoo Colour,Cinderella,120,9204
Kotoha,Kokoronashi,84,1952471
Kabocha feat. miko,Thank you for your playing music,220,2325504
Sephid,Epistrofi,185,1572038
Kicco,The fine every day (TV Size),177,2056807
USAO,Showdown,178,438839
Mark Keali'i Ho'omalu & Kamehameha Schools Children's Chorus,Hawaiian Roller Coaster Ride,114.75,1525457
Revo,Chihei o Kurau Hebi,178,1629695
paraoka feat. haru*nya,Free Waltz,138,1496500
crafter2011,ball hard,195,1753378
OctagonCollaboration,The Glorious Octagon of Destiny,170,1039769
Sparxe,Zinnober,180,1904860
Camellia,Syzygia,190,1027467
Architects,Doomsday,125,1073052
Mysterious Idol X (Alter) (CV: Kawasumi Ayako),Watashi no Ginga,83,1977202
Hail The Sun,Will They Blame Me If You Go Disappearing?,193,2061724
Rohi,LvC3,210,1231655
katagiri,Reso*nyan*ce Fever,222,779061
Makoto,Step Into Your Power (feat. Ruth Royall),174,1756575
SWAN K feat. Asuka M,LOVE B.B.B,173,143457
Camellia,FM Synthesis Experiment,150,920474
ELFENSJoN,EINHERJAR,204,2409686
Kabocha,"Draw me a map, Let me feel the tap",310,2051856
YuNa,Torawarebito (Short Ver.),138,41092
xi,d e a t h p i a n o ~for four pianos~,170,950606
Mitchie M feat. Hatsune Miku with KAITO,Ohedo Julia-Night,144,664099
Poppin'Party,Natsu no Don!,160,653523
Ayase Eli (CV.Nanjou Yoshino) & Tojo Nozomi (CV.Kusuda Aina),Garasu no Hanazono,169,614765
Mr. Saturn,Saturn,155,39797
"Ichiko Furukawa, Makoto Tonosu",Fatalize,159,37244
fripSide,sister's noise (TV Size),144,88881
BoA,MASAYUME CHASING,129,391671
Nanahira,Neko to Switch,156,467222
ChomuP,Gate of Steiner,140,48941
Aki Misato,Shoujo Meiro de Tsukamaete (TVsize),136,420229
Y&Co.,Poodle,160,14622
fripSide,eternal reality - TV size -,145,108614
fripSide,sister's noise (TV Size),144,87689
"Kayano Ai, Nakahara Mai & Toyosaki Aki",May I Help You? (TV Size),150,103182
Pizuya's Cell,Inchlings of the Shining Needle ~ Little Princess,172,1001641
"Pablo Ilabaca, Felipe Ilabaca",31 Minutos (TV Size),165,1169107
Aitsuki Nakuru,happy palette,170,2007127
solfa feat. Ceui,Jewelry Kiss,183,1601548
Sasaki Sayaka,Yume to Iro de Dekiteiru (Short Ver.),167,2004205
Infected Mushroom,Where Do I Belong,168,959439
Mindless Self Indulgence,Seven-Eleven,148.84,2302853
ShinRa-Bansho,Haikara (Taishou Romantic-hen),143,922982
cast heal,run to her,180,2217395
Fred V & Grafix,Sunrise,174,1319692
wowaka,World's End Dancehall (ROCKETMAN remix),171,1114556
ARForest,Journey,200,788907
Ariabl'eyeS,Kegarenaki Bara Juuji,260,2425370
Yorushika,Matasaburo,200,1887387
Mame,Aka ni Somaru Dress,160,33217
"Ruka, Mona, Miki from AIKATSU*STARS!",START DASH SENSATION (TV Size),170,1647325
Zu Hai,Hao Yun Lai,112,1090501
Natsuiro Matsuri & Gawr Gura,Sorairo Days,174,1462382
RoE,YY (Cut Ver.),130,1980584
69 de 74,Aratanaru Ketsui [Re_Mixing],189,1460814
Zekk,Opal,170,1869260
Toy-Box,Tarzan & Jane,140.99,1873682
TrySail,adrenaline!!!,134,676340
Kitamura Eri,alive,180,462730
Hana,Tenkyuu no Shita no Kiseki,150,999367
LeaF,Wizdomiot (Extended Ver.),200,2305788
Project LUMINOUS,GR@TITUDE,162,1611027
Nanahira,Youkoso Japari Park e,170,691546
CANVAS feat. Quimaer,Carmina (Extended Mix),195,1621918
-45,Distance' vector algorithm,158,2142307
Sonata Arctica,Destruction Preventer,165,1938666
Armin van Buuren vs. Vini Vici feat. Hilight Tribe,Great Spirit (Extended Mix),138,765801
07th Expansion,Final Answer,180,26226
Seiryu X Donald,Time to Donald,191,6950
alt-J,Adeline,142,917012
DJ YOSHITAKA,Elisha,185,22014
Fracus & Darwin,Little Shadows (feat. Mi'A),175,748608
Terashima Takuma,Nameless Story,195,1036720
SUKIMASWITCH,Golden Time Lover,125,1160028
Early Eyes,Marigolds,133,1638064
KANKAN,Aijou Rettousei,199,1711172
Machi DiDi,Pi Li Pa La,125,1713947
UKRampage,Jack-the-Ripper,210,1333932
eli's ladder,burning circle,160,2486797
Suzaku,VANESSA,185,1208907
Sota Fujimori,DANCE ALL NIGHT,135,600303
niki,Swallow feat. KAFU,152,2286917
Kano,Sentimental na Aiboshin,150,1097489
ClariS,PRECIOUS,123,1768402
Diao Ye Zong feat. Meramipop,Tamesugame,139,1074640
Harunaba feat. mami,Jouro Hime ga Sekai Seifuku,250,1212624
yozuca*,Kimi to Boku no Kiseki,150,2181294
Mick Gordon,BFG Division,155,1287469
FELT,Sky Gate,138,2551839
FROZEN QUALIA,Kaleidoscope,175,892237
CHiCO with HoneyWorks,Kore Seishun Understand feat. sana,168,808621
"Petit Rabbit's with beans, Hayami Saori, Kayano Ai",Waai Waai Try!,170,924507
COIN,Talk Too Much,104,901626
Cranky,The Five [Short Edit],160,1194122
Mutsuhiko Izumi,Green Green Dance,165,52509
Higuumi Sound,Silver Empireo (Game Ver.),170,1500415
Apollo,SCUNTHORPE,245,1677078
Numtack05,Genkaku Catastrophe,174.5,1214702
Shiori Mikami,"Watashi, Shuyaku no Akaza Akari Desu (Short Ver.)",190,48072
t+pazolite,Kanon-Kanon,230,28746
ClariS,Luminous,173,2209596
Sally,Remind,270,870225
SID,V.I.P (TV Size),185,1925513
OPFuture,Black Hole,92,1793369
MikitoP feat.Rib,Tsuki Akari,200,471774
Kanye West,All Of The Lights (with Interlude),142,1956258
julie,kit,153,2071087
PanPanPanic,All Hail The Ring Tailed Lemur,192,2103148
cYsmix,Tear Rain feat. Emmy,128,2223022
Frank Ocean,Pyramids,108,2240258
Hakushi Hasegawa,Scary Point,165,1851193
Chaos City Niigata,Ukiyoe Yokochou,192,713506
PSYQUI,Hysteric Night Girl -Awakening- (feat. Such),160,1508329
Soulja Boy,Turn My Swag On,150,7150
Ashrount,AureoLe ~for Triumph~,321,1712395
Symholic feat. Rina Komatsu,Veil of Ash,210,2394427
Ariabl'eyeS feat. KOKOMI,Seiren Femme Fatale,192,2359595
Waki Azumi,Itsuka no Kioku (TV Size),168,2132822
Official HIGE DANdism,TATTOO,97,2149911
Yuyoyuppe,Palette,180,1207113
BLANKFIELD,Border Of Life,264,1168786
Hanatan,Palette,180,1572337
yuikonnu,AOI-IRO STEP,190,1412455
Risa Yuzuki,Honogurai Tsuioku,200,1544897
Kawada Mami,Serment,212,2392473
BiSH,Orchestra,180,2194981
ZUTOMAYO,Byoushin o Kamu,130,1352963
SYNC.ART'S,Yume wa Utsutsu,172,1100394
"Tomatsu Haruka, Hanazawa Kana, Sanpei Yuuko","""HELLO!!""",173,46388
frederic,Junkie,150,2078299
yu_tokiwa.djw,rumrum triplets,192,1757985
TAKA respect for J.S.B,Ubertreffen,174,15740
daniwell-P & La Roux,Ode to Jarby,142,33192
Miranda!,Traicion,132,1358447
Ito Kanako,Hacking to the Gate (TV Size),161,2585562
Loki,A New King Is Born,190,760694
BUTAOTOME,Roppun no Ichi,174,1537925
SHK,East West Wobble,140,325432
seiya-murai feat.ALT,Sumidagawa Karenka,180,36346
Momoka Sakurai (CV: Haruka Terui),Ai no Sanka,168,1987125
Reol,Yakusoku no Ao,240,2010347
Kagura Mea,phony,170,1746401
raito,Beat Eat Nest,178,2137956
Namakemono,Yasou -HEAVEN'S DOOR MIX-,142,2040837
Fearofdark,Polaris,124.53,2393421
paraoka feat. haru*nya,Hokori Yuki,131,1636932
Mitsunori Ikeda,Fallen Angel feat. Aimee B,95,2118494
Marica,CROSSING,102,1823830
Sewerslvt,Newlove,130,1442626
loz,Cinderella Cage -Trancecore Mix- (Cut Ver.),187,1185916
Aoi,King Atlantis,195,1850986
Rabbit House,Sanctuary,188,1889094
Camellia,Furry Cannon,175,2333109
Kry.exe,Rift Walker,200,2412244
ReeK & Asatsumei,Deity Mode (feat. L4hee),180,2135956
Ludicin,Everlasting Eternity,175,2194976
BlackY,Sthenno,185,991780
"Sad Keyboard Guy, Myntian & Sleepless",Chroma//Surge,190,1876207
Sewerslvt,Restlessness,175,2142768
ippo.tsk,oyasumination,190,2295596
SYNC.ART'S feat. YuNa,Dogma Kagura ~Shingetsu no Kouyasai~,145,2266612
Sakurae Yusura (CV: Shimoda Asami) & Kitaki Renko (CV: Horie Yui),Fantastic * Schooldays (Game Ver.),170,2295264
Denkishiki Karen Ongaku Shuudan,Never Forget,80,1187196
Yamamoto Mineko,Rinne,179,2138028
RIRIKO,Sono Saki e (TV Size),128,727932
Shimotsuki Haruka & Yamamoto Mineko,Masterpiece! (Game Ver.),178,1148214
Kotera Kanako,Ashita e no Kodou,173,223000
Luna,Toki to Uta (Short Ver.),178,2138180
Maon Kurosaki,Rakuen no Tsubasa (TV Size),155,2348299
Yonekura Chihiro,DEAR MY WAKER,140,1579180
F-777,The 7 Seas,140,1833543
sakuraburst,SELF DESTRUCT,160,1033562
Dua Lipa,Levitating,103,1323527
Kamiyama Yoh,YELLOW,118,1023510
Flex,Ferris' Sand Canyon,159.14,1165550
Release Hallucination,Dystopia,180,1638732
Megpoid GUMI,Checkmate,196,50638
MuryokuP,A tree without a branch,186,1044584
Sakakibara Yui,Tsurugi no Mai,145,2108585
underscores,Music,152,2542651
The Herb Shop,Sage,210,1358032
Ceui,Hana ni Natta Shounen no Shinwa,180,886541
Rameses B,Transformations Ft. Laura Brehm,140,593642
Pokapoka Ion,Yajirushi->,168,1795149
Co shu Nie,Yume o Kin'iro ni Somete,180,1632207
Yukinoshita Yukino (CV: Hayami Saori) & Yuigahama Yui (CV: Touyama Nao),Diamond no Jundo,160,2292806
Mitsukiyo,Snow Stardust (feat. hynaxis),222,2481117
Miyuna,...Sugu Kite ne,164,1236940
Asaka,Eternal Star (TV Size),166,2390593
Slayer,Necrophobic,244.25,2091300
Abe Nana(CV : Miyake Marie),Marchen Debut!,170,478558
WHITE ASH,Insight (TV size),179,371045
Ryu*,Narcissus At Oasis,170,79544
Araragi Karen (CV: Eri Kitamura),marshmallow justice (TV Size),176,2210668
TRakker,Trail of Dust,182,300733
Jeff Williams feat. Casey Lee Williams,From Shadows,185,2456944
JUNNA,Kono Yubi Tomare,145,942476
Creepy Nuts,Otonoke (TV Size),170,2354870
Ata,RotaVirus,190,2297397
ikaruga_nex,SICK ROCK CRAZY,185,2323478
BLOOD CODE,POP SHOVE-IT FEAT. TOFUKU,180,1294825
Receptor,Redstar,174,996649
Cranky,T&J,150,752022
ESTi,HELIX (Edit ver.),175,730814
Basshunter,Jingle Bells,140,370956
Hestia (CV: Inori Minase),Kimiiro Everyday,172,1808565
Kenmochi Toya,Last Dance,176,1290106
Ogura Yui,Baby Sweet Berry Love,170,1151838
Last Note.,Mukiryoku Coup D'Etat,185,1789331
Petit Rabbit's with beans,Honjitsu wa Makoto ni Ra Ri Ru Rain,183,2044490
clammbon,Rough & Laugh,172.8,889438
HO-KAGO TEA TIME,"NO, Thank You!",181,1006473
Hei Jing,Shinobi Renka,189,762307
Mischievous*Straight,To the Shining MiLie,160,1731761
Eve,Ambivalent,188,1250977
Shimotsuki Haruka,Hakoniwa Logic,180,1343221
Geordie Greep,"Holy, Holy",144,2282015
Nanahoshi Kangengakudan feat. HARU,Pitohui,150,2110496
Wintersun,Winter Madness,210,1021672
Set It Off,Nightmare (Cut Ver.),170,2284227
millennium parade x Sheena Ringo,WORK (TV Size),105,2070371
"Junichi Masuda, Go Ichinose",Victory Lies Before You!,162,2263664
Unknown Artist,Main Thema,112.7,1203189
Goose house,Hikaru nara,160,2432241
technoplanet feat. chamo,Tepic Tepoch,220,1551369
BUTAOTOME,Shinsan Game,240,1681275
Groove Coverage,Angeline (Nightcore Mix),149.5,2406178
Chihiro Yonekura,Koiseyo Otome! (Game Size),220,374937
REOL,YoiYoi Kokon,150,509341
Eisyo-kobu,Oriental Blossom -Eika Shuuei-,180,918521
sokoninaru,Tenohira de odoru,215,902587
Yousei Teikoku,Asgard (Game Ver.),260,364883
HIMEHINA,Mother Drug,177,2226999
"China Kuramoto (CV: Mao Ito), Hiro Shinosawa (CV: Reina Kawamura)",Unknown Unbound (Game Ver.),183,2500204
Frums,Credits,179,2398372
Mili,Cerebrite,148,1853363
HoneyWorks,Watashi no Tenshi feat. Narumi Sena (CV: Amamiya Sora),168,1135846
HoneyWorks,Watashi no Tenshi feat. Narumi Sena (CV: Amamiya Sora),168,1308891
TRakker,Countdown to the Blue,178,614248
ZUN,Lunatic Red Eyes ~ Invisible Full Moon,158.05,8830
NieN,Road of Death,180,13305
TORIENA,Chewingood!!!,190,1693310
Duca,Kioku x Hajimari,185,756517
yukizakurasou,"Natsukage ~Ano Hikoukigumo wo Koeta, Sono Saki e~",76,664684
zts,discolor,160,1635918
Frankmusik,3 Little Words,171.5,11422
ZEONIX,Duel BGM,180,186773
Jeff Williams,When It Falls (feat. Casey Lee Williams),231,376314
JUNNA,Vai! Ya! Vai!,166,1088269
soutaiseiriron,Jigoku Sensei,150,890413
Kohana Lam,Inochi ni Kirawarete Iru.,170,2386424
yuinishio,Selfhug Biglove,183,2159005
cYsmix,Dovregubben's Hall,140,362451
Ponchi feat. Hatsune Miku,OGYARINIZER,255,2300345
ZUN,Bucuresti no Ningyoushi,152,1960735
THE ORAL CIGARETTES,Fantasy,119.5,1181712
Ne Obliviscaris,Eyrie,195,1177346
Panchiko,CUT,90,1947220
DJ TOTTO feat. *spiLa*,illumina,187,1295864
wa.,Black Lotus,200,679918
Masayoshi Minoshima feat.nomico,Lost Emotion (Amane UK Hardcore Remix),175,618953
Denkishiki Karen Ongaku Shuudan,Aoki Kodoku,280,2263487
Ice Nine Kills,Enjoy Your Slay (feat. Sam Kubrick),150,1445099
YOASOBI,Idol (TV Size),166,2042041
Pratanallis,Braking Down,190,1307632
FELT,COLORS,167,1280750
Minami,Kawaki wo Ameku,129,1707703
IOSYS,Chanteikku Sanyousei no Itazura Daisensou,185,24448
neuras,on the bounce,150,10098
Hikasa Yoko,Listen!! (TV Size),175,14698
Hyadain,Rap de Chocobo,170,1125851
Kawada Mami,JOINT,180,1051651
DJ Sharpnel,Exciting Hyper Highspeed Star,180.15,16619
e-lma,CaptivAte2~Kakusei~,175,16845
"Hatsune Miku, Megurine Luka",World's End Dancehall,171,16600
Takeuchi Mariya,Plastic Love (Night Tempo 100% Pure Remastered),120,837749
narco & capo,Fragments (Short Ver.),160,13086
Inoue Marina,Pieces of Sweet Stars,132,8436
Loos,Koi Yomi Zakura,168,33976
Liberatus,Dolls Garden,160,25842
Nico Nico Chorus,Melt,170,17508
SHK,Death Moon,160,9137
Ayane,Lunatic Tears...,176,11911
REOL,Kamisama ni Natta Hi,97,949703
DragonForce,Through The Fire And Flames,200,2320885
fripSide,black bullet (TV Size),155,167889
Suzuki Konomi,Realize,206,1778478
Various Artists,2020 Visual Novel Songs Compilation,168,1316762
Ponchi feat. haxchi,Mousou <3 Chuu!!,238,1726676
sana,Kanojo wa Tabi ni Deru,128,984641
Mischievous*Straight,To the Shining MiLie,160,1732743
seatrus,TH3 5UMMONERS,200,1497954
TAMAONSEN,COZMIC DRIVE feat. Youko,128,2258048
Nekomata Master,Izanami's wail,195,959449
Nanako,Ura mo Karada mo Rakkamijin,158,50772
Hatsuki Yura,Drivi'n greedy - Nhato Remix -,173,1185294
penoreri,Monochrome and Vivid,176,384859
Kito Akari,Kimi no Tonari de (TV Size),198,1335007
KISIDA KYODAN & THE AKEBOSI ROCKETS,Seventh World,204,1964016
tricot,POOL,170,854942
wa. remixed celas,Gin no Kaze,175,31167
Wakeshima Kanon,killy killy JOKER (TV Size),180,168253
Megadeth,Grabbag,166.97,7077
Akita Neru,Gotya Gotya Uruse~!,220,22182
goreshit,broken promises/shattered dreams,169,1079921
Seibin,Oriental Shade,160,427284
Mizutani Runa,Hane no Yurikago,85,1865269
Pendulum,Self vs Self (feat. In Flames),174,2010229
yuikonnu,Mousou Sketch,174,577217
PSYQUI,Hikari no Hou e (lapix & Cranky Remix) (feat. Such),168,1132605
Origami Angel,24 Hr Drive-Thru,155,2453335
Mechina,The Iron Law,176,2571463
Melissa Kinrenka,Red Purge!!!,145,1343884
Koji Kondo,Dragon Roost Island,168.9,8432
Polyphia,ABC feat. Sophia Black,140,1845870
THE IDOLM@STER CINDERELLA GIRLS!!,Take me * Take you,180,663751
Ceui,Hoshi Ori Yume Mirai (Short Ver.),174,2328533
YENA,It was love,165,2313030
Sphere,Super Noisy Nova (Xmas ver.),169,1646994
Rita,Distant Promise,180,2203660
chum,Genesis of Aquarion,175,16782
Shimotsuki Haruka,EXEC_HYMM_BATTLESPHERE/.#Finnel extracting,150,21809
ATARASHII GAKKO!,Koi Geba,202,1699465
Tsukikage,Spatto! Spy & Spyce (TV Size),160,968574
THE ORAL CIGARETTES,S-LOW,68,1948622
Jea,Hyper Highspeed Star,190.1,1808911
Primary,SHUTTER*GIRL-crossfade-,185,614465
Tsugumi Seishirou (CV: Mikako Komatsu),TRICK BOX,168,2119039
ClariS,Surely,160,2201874
Hamu feat. Natsuki Karin,Sunao ni Naritai (osu! Edit Ver.),160,2204191
Himeringo,Yonjuunana,172,762282
Dear Jane,You & Me,80,977449
DAZBEE,Scarlet (TV Size),120,2262659
iroha(sasaki),Meltdown,165,2139817
DAZBEE,Scarlet (TV Size),120,2129083
xi,Beatrice,240,1801967
FROZEN QUALIA,Watashi ni Kaeru Tabi,186,851853
Diao Ye Zong feat. Ranko,Tomo ni Aruku Sono Kokoro,152,938010
Marmalade butcher,Noxious,190,1820504
Roselia,FIRE BIRD,150,1119368
Kagemori Michiru (CV: Morohoshi Sumire),Ready to,147,2008429
Susumu Hirasawa,SWITCHED-ON LOTUS,230,16457
Camellia,"fastest crash (Camellia's ""paroxysmal"" Energetic Hitech Remix)",153,1317690
trung-nova,Prism of Chroma,207,2551916
Diao Ye Zong feat. Meramipop,"No More, Anymore? More More?!",153,904560
Neru x Rib,Jinsei wa Hoeru,286,245393
Nanjo Yoshino,Anata no Aishita Sekai,172,250397
LiSA,"best day, best way",180,157470
QUARTET*RE-BOOT!,FUN FUN RE-BOOT,180,1985728
ZUN,ZUN Nonstop Medley,161,9488
Camellia & DJ Genki,Feelin Sky,174,318848
marble,Sakura Sakura Saku ~Ano Hi Kimi o Matsu Sora to Onaji de~ (TV size.),186,559181
KEMOMIMI EDM SQUAD,DUBSTEP,240,2072490
Kyutatsuki,HiTECH Meister,151,2441394
roer,Circles In Ruin (feat. Ethereal_Winter),200,2203288
Ariabl'eyeS,Reflect,140,744482
Naikou,Beyond Reality,200,2163553
Daisuke Achiwa,Nefertiti (Ver. MMXI By Toshinori Hiramatsu),140,2307730
*Luna feat. Nenne,Someday in that Summer (2023 Ver.),160,2160314
Qrispy Joybox feat.mao,Umeyukiyo,167,100040
Ashif Hakik,Donglin Forest (Cursed),155.75,859022
Tsunku & Masami Yone,Kero Kero SAX,175,12221
Denkishiki Karen Ongaku Shuudan,Silver Orbit,180,1062758
Rivers of Nihil,The Silent Life,200,927891
FELT,Liminality,145,906433
Frog96,"Be, be, be, be!",175,2145109
Jun Kuroda + AAAA,Ultimate Fate,180,1455698
Kitamura Eri,DELIGHT,137,1036552
Haruna Luna,"Shuuen no Mahou, Shuuten no Shin'i.",190,1756598
Asriel,Kegare Naki Yume,223,2323030
Hatsune Miku,Himitsu Keisatsu,200,28165
kessoku band,"Ima, Boku, Underground kara",172,2194856
Centimillimental,Hoshi no Aida,180,1987990
kessoku band,Doppelganger,189,2229713
Inori Minase,REAL-EYES,176,1670015
Meramipop,Sanae-san,168,492407
"Morishita Chisaki, Tanaka Minami, Kito Akari, Kurose Yuuko",Hitoribocchi no Monologue (nenpulse bootleg remix),170,1478368
Utsu-P,Uchuujin no I Love You,200,670449
Metaleiro,COCORICO METAL,200,1264392
IC3PEAK,"Mne khotelos' umeret', a teper' ne khochetsya",204,2349009
Hanabasami Kyo,Tentai Kansoku,165,1802039
Duca,Dreamer,166,730660
3R2,Brawl Breaks,165,546068
SWORD OF JUSTICE,Glacial Blaze,200,1499138
Co shu Nie,asura,180,986422
Bring Me The Horizon,a bulleT w/ my namE On feat. Underoath,179,2189546
Team Grimoire & Aoi Sumito,Cathedrarhythm,182,1581084
Wolpis Carter,Espiazione,236,2368697
onoken,felys -long remix-,180,25109
Hien Ryuubu,Kung-fu Empire,177,26093
Draw The Emotional,Sad Spring,184,71738
Camellia,Enantiomorphs,203,479108
Saint Snow,SELF CONTROL!!,120,880205
baker,For a Dead Girl+,140,955671
Sasaki Sayaka,Yume to Iro de Dekiteiru,167,1025972
MisoilePunch,Mesheer,222,2514314
PassCode,ATLAS,200,1385282
FELT,BRIGHTEST WAY,157,304022
SHISHAMO,Ashita mo,179,725292
Chasers,Lost,170,151114
ChouCho,Ashita no Kimi sae Ireba Ii.,178,679369
Suzumu feat.Soraru,Zetsubousei: Hero Chiryouyaku (TV Size),205,104801
MAN WITH A MISSION,Raise Your Flag,145,1005889
sana,Kotonoha Clinic,151,419189
Chata,re:construction,172,119431
DJ Command,Smooooch (Akiba Kobo Mix),172,21342
Inoue Sonoko,Kotonoha no Omoi,152,974241
Inoue Marina,Watashi no Ki.Mo.Chi (TV Size),180,38506
Pendulum,Crush (Radio Edit),174,58329
DystopiaGround,True Theory of Inheritance,182,24477
Risa Yuzuki,Tarantella (feat. BlackY),148,1622467
xi feat. Sta,Tiferet,140,714225
Silentroom,Nhelv,174.58,917915
YOASOBI,Idol (TV Size),166,1976228
Dance Gavin Dance,We Own the Night,235,2108632
INUMO KUWANEEYO,PRINCE,168,1614553
Vitas,Three White Horses,162,1906638
toby fox,Hopes and Dreams,170.68,2303933
12 Girls Band,Freedom,130,13901
AISHA,The Disaster of Passion,180,2085602
NEGOTO,Charon,146,937694
Shimotsuki Haruka,Startup,167,833463
Marmalade butcher,Noxious,190,1638116
MICHI,Cry for the Truth(TV edit),173,547857
Kazyonnyy Unitaz,Voprosy,233,2353993
KOTOKO & Utatsuki Kaori,Double HarmoniZe Shock!!,180,46969
TRakker,Countdown to the Blue,178,395147
wavforme x Annabel,Valiant Flowers,174,1983415
Type R,Heavenscream,215,2383248
last little while,again,168,2066221
Ludicin,Echoes of Memoria,190,2214238
SAMString,Forget The Promise,190,1002019
Yorushika,Dakara Boku wa Ongaku o Yameta,125,1824378
G2,Our Way,236,1681416
UBEL,Obgonyay,168,2354724
lapix feat. Kanae Asaba,Live Nor Die (Nhato Remix),147,1051855
School Food Punishment,deviswitch,185,903719
Rob Cantor,"""SHIA LABEOUF"" LIVE",96,1131644
Feryquitous,Central Nucleus (Cut Ver.),175,864679
Aqours,Songs Compilation,200,1330493
u's,No brand girls,197,90562
Tenjin Kotone,Darling Dance,153,1270156
Kraftklub,Eure Maedchen,163,2056598
wintermute,Alchemy,182,1547938
Jin ft. Takumi Yoshida (phatmans after school),Kuusou Forest,170,424179
the peggies,Kimi no Sei,174,1415985
YABUJIN,.*302? ionwan2go*.,159.94,1790824
"Logan Mader, Jamie Christopherson",Red Sun (Maniac Agenda Mix),150,1706955
HyuN feat. Yu-A,My life is for you,175,891417
James Landino,Spellbound,158,1034041
USAO,BACK COVER,205,2530634
kanon x kanon,Calendula Requiem,140,497349
DJ Siesta,Another Day,99,354179
Hakubi,Doko ni mo Ikenai Bokutachi wa,180,997970
Shakira ft. Wyclef Jean,"Sera, Sera",200,23734
Nightcore,Find my way to you,177.63,10157
fhana,moon river,103,597604
Nightcore,Amore,157.22,15292
Rhodanthe*,Jumping!!,175,152595
Suara,Towa ni 2016,140,892355
Boyinaband,We Wish You A Merry Christmas (Boyinaband Liquid DnB Remix),175,242914
u's,Sore wa Bokutachi no Kiseki (TV Size),180,163680
MY FIRST STORY,Fukagyaku Replace (TV Size),200,1440058
BUMP OF CHICKEN,Karma,194,1807751
ICHIKO,First Kiss,156,1977604
Aqours,Next SPARKLING!!,125,1295671
Nijigasaki High School Idol Club,TOKIMEKI Runners (Game Ver.),180,2131634
WALKUERE,Walkuere Attack!,177.99,1792710
Rin'ca,Kiseki Melody,170,1754642
Inori Minase,Well Wishing Word,172,2331439
kors k feat.RIRE,"Nirvana(Camellia's ""BinaryHeaven"" Remix)",174,489484
ITO KASHITARO,Songs Compilation,200,1078294
Uchida Maaya,Gimme! Revolution,180,229800
Fuyuyakata feat. Kagamine Rin & Len,Sakura no Me ni mo Namida,96,2554698
aesthetics across the color line,4,130,1747608
Rhapsody,Emerald Sword,180,3198
YOASOBI,Yoru ni Kakeru,130,1241588
Suzuta Miyoko,one's future (you Remix),170,557030
ak+q,Rush Indigo,180,2356688
Hana to Onyx,Ariadne,248,665886
SYNC.ART'S,MIND READER,164,569335
Monster Siren Records,Chong Po Qiong Ding,190,2011387
Zips,Mushikui Psychedelism,210,1055498
Xanthochroid,To Higher Climes Where Few Might Stand,180,1348379
Mindtalk,'Til The End (Cut Ver.),175,1884182
AiRI,Towa ni Saku Hana,95,601873
Seismix & Cahb,Gravity,175,1873820
THE ORAL CIGARETTES,Wagamama de Gomakasanaide,142,932567
Ryokuoushoku Shakai,S.T.U.D,180,1750641
Sangatsu no Phantasia,Bittersweet,98,981608
Juno Reactor,Magnetic,140,1346647
Symholic,Futari dake no Sekai,130,1336619
Hoshimachi Suisei,Starry Jet,144,1594598
OxT,HOLLOW HUNGER,160,1869186
M2U,A Bella! (feat. Lucy),160,755647
vivid undress,FANFARE KOUSHINKYOKU,140,1738049
Yorushika,Haru Hisagi,95,1251466
hololive IDOL PROJECT,STARDUST SONG,157,1368715
Minami,"Ame o Matsu,",150,1206019
After the Rain,Shikioriori ni Tayutaite,152,1845428
TAMAONSEN,Witches' Night (ShinRa-Bansho Ver.),148,1030100
UPLIFT SPICE,Kanojo,140,1750465
IRON ATTACK!,Remotely Combat,200,43237
ShinRa-Bansho,Dramatic Hizakurige,199,926231
Hanatan,If,208,1929985
xi,Mirage Garden,156,319940
Ayane,Juujika ni Sasagu Shichijuusou,180,1885014
ARForest,Altros,195,625822
Touno Sakura,PRIZM/CIRCUiT,155,1750539
Reml (CV: wotoha),Hakahakai Princess (Prod. Shogo Nomura),202,2217984
Akiyama Uni,Last Occultism ~ Utsushiyo no Hijutsu-shi,142,2079547
TOGENASHI TOGEARI,VOID (TV Size),148,2172979
Nayugorou,White Promise,180,1015930
Akatsuki Records,Bloody Devotion,146,2037900
ClariS,Koi Sekai (TV Size),170,2027897
Primary,Dryad -Dimgray-,170,16841
Tamura Yukari & Hanazawa Kana,Mogitate Fruit Girls (TV Size),175,143340
monotone,Totsugeki! Glass no Kneesocks Hime!,185,54308
Marmalade butcher,Waltz for Chroma (feat. Natsushiro Takaaki),180,1911933
sakuzyo,AXION,160,41693
Go Ichinose,Encounter! Psychic,141,258275
bradbreeck,Star Vs The Forces Of Evil Theme,144.4,508665
Adust Rain,TRAUMATIC SYNDROME -Lenboxx Remix-,148,1064743
Amama Nia,Ringo Uri no Utakata Shoujo,225.2,2514999
A-One feat. Aki,Wanna Be My Dream,165,2084799
Mizuki Nana,Heart-shaped chant,230,1713881
Imperial Circus Dead Decadence,Yuuaku no Inori - Anima immortalis est. -,270,2475379
NCT x Dualistic,Lost & Found (Telomic Remix),174,1742111
USAO,Get on,204,552213
Joost,Luchtballon,176,2199858
PUP,Factories,250,1171055
DJ TOTTO,Windy Fairy,180,298245
Knife Party & Tom Morello,Battle Sirens (RIOT Remix),174,911133
Pastel*Palettes,Harumodoki (Asterisk DnB Remix) [Rakakun- Edit],175,1034608
Muzzy,Draining Atlantic,175,479671
Alya (CV: Uesaka Sumire),Kawaikute Gomen,162,2227331
Kuribayashi Minami,STRAIGHT JET,154,2222999
"Haruka Sora, Kotorii Yuuka, Kamishiro Misaki, Kiritani Hana",Noraneko Heart,162,2440776
Cranky,R176 [Short Edit],190,2095168
"Run Girls, Run!",Share the light,180,1693654
Aoshima Moka (CV: Mimori Suzuko),kibo refrain,172,2098991
Helblinde,When Time Sleeps,170,800946
Miyake Hinata (CV: Iguchi Yuka),"Koko kara, Koko kara (Solo ver.)",175,1750123
COOL&CREATE,Nobore YASAKAZAKA!,170,1116611
Hatsuki Yura,The Clockwork Rose -Tokei Shikake no Bara Shoujo-,135,849824
Yuizuki Sora,"Koi, Hitokuchi.",190,1045588
YOASOBI,Yoru ni Kakeru,130,1238759
Superfruit,Fantasy feat. Amber Liu,133,1185013
Sorane,Love song with heart,181,1244298
zts,worldenddominator,142,897884
SEKAI NO OWARI,Hey Ho,115,1157286
ZUN,Year-Round Absorbed Curiosity,161,19515
Annabel,Signal Graph,167,1071759
Natsuiro Matsuri,Watashi no Tenshi,168,1281273
Aimer,StarRingChild,164,1065894
xi,Beatrice,240,1664961
Look Vibrant,Bull & Eagle,188,2156192
Tanger,BIKE (Silyn Remix),220,2299376
Nakiri Ayame,"Yoi no Yo, Yoi!",166,1593663
Grant Kirkhope,Click Clock Wood,210.02,40047
Tatsh feat. Hatsune Miku,Cinderella Romance,174,14850
ZUN,Spring Lane ~ Colorful Path,154,13157
Rex,Heart Of Witch,170,7849
Rex,Heart of Witch,170,20309
Hiro,Carol Megamix,157,64901
ZUN,Phantom Ensemble,156,6235
Xi,Black Apple,180,21123
DM Ashura,Euphorium,157.98,7379
Silver Forest,The Doll Maker of Bucuresti,156,9489
Atoguru,UNDER WORLD,160,44628
Poppin'Party,Blue Bird,152,1570188
Chata,Harukaze Dance,165,1640816
MitiS,Movements (feat. MaHi),170,296185
sana (sajou no hana),Senya Ichiya VORTEX,174,1656825
Takamachi Walk,A Desire to Disappear,200,2147221
qfeileadh feat. Resonance Moeko,Ars Nova ni Kassai o,185,2301820
Electro.muster feat. Chiyoko,Come Home! Princess,170,2354719
Suzushiro,Kataomoi Holic,162,2001153
Aqours,Omoi yo Hitotsu ni Nare,168,668084
Karen,Vampire,175,11182
sidenerds,Mukatsuku,200,2516469
Maeshima Mayu,ANSWER,200,2086962
Endorfin.,Harura,198,2549511
Daisuke Ishiwatari feat. Naoki Hashimoto,Break a Spell (Short Ver.),200,1993618
Tsukino x Kurousagi Uru,Mental Chainsaw,188,1829439
LiSA,Rising Hope (LU-I Remix),185,561679
Primary,Awake,200,361428
Magnetude & Gridoptic,At All Costs (feat. Julia Marks),172,1108285
penoreri,Vacant Rhapsody,144,2574232
technoplanet,Fairy-tale Planetarium,208,1563083
Silentroom,Alt Futur,155,1265982
L.E.D.,CHRONO DIVER -NORNIR-,185,1363479
Yorushika,DARMA GRAND PRIX,130,2470966
Rin'ca,Kimi ni Todokeru story,156,1695213
xi,Happy End of the World,190,1670918
La priere,Senjou no Utahime,190,1398580
agu,unbound,180,2412346
mimimemeMIMI,CANDY MAGIC (TV Size),160,2058095
Jack Kays,Caffeine (Cut Ver.),156,2063669
Uchida Aya,Blueberry Train,172,126961
Team. Nekokan [Neko],Airman ga Taosenai,200,1648401
Ito Kanako,Koko ni Iru kara,168,1357763
ClariS,Anemone (TV Size),140,1795166
Lifetheory,Lullaby For A Tough Guy,168,1202258
N.W.A.,Gangsta Gangsta,98.15,2338001
Tsukasa,Heat of Bramble,180,227529
petit milady,azurite (TV Size),183,1143538
Hatsunetsumiko's,Two Fates,176,301400
Lucky Star no Minna,Kumikyoku 'Lucky Star Douga',172,91214
Nekomata Master+,squall,190,127772
Origami Angel,Dr. Fondoom,175,2094260
Bespinben,Fugitives Last Stand,180,536903
mono palette.,Long Time Traveler (TV Size),184,1032966
Shimotsuki Haruka,Youka to Yumeutsutsu,186,324587
Aoba Ringo,Innocence,187,87500
Neighbour's Blueish Garden (NIWASHI+Aoi),"Deklowaz, the Allchemist",220,2401472
Uchida Maaya,No Scenario,161,2515674
KiRaRe,OvertuRe:,178,1364768
S3RL,T-T-Techno (feat. JessKah),175,2047843
ClariS,SHIORI (TV Size),176,2171750
Takamachi Walk,hollow hope,180,2166782
Halozy,Songs Compilation,155,1869137
FUWAMOCO,Kaibutsu,170,2039561
Rib,DONUT HOLE,252,191759
Zekk,SUMMER,175,1130585
Hisui Chazuke,Bomb Bang Bound!!!,202,2044096
LOLISTYLE GABBERS vs. REAL SHIT BASTARDS,LGRS Megatralaiza X,200,2380904
Renard,Terminal,185,102282
Rango Tenge Tenge,Chicken funny,100,2304820
Camellia,Ethnik Khemikal Teknologi,150,1642533
Iglooghost,Bug Thief,187,2271578
Ardolf,Chromatic,180,2548627
onoken feat. Misaki,Gokuaku no Hana,176,1941899
tn-shi,Synthesis.,180,2088830
HIMEHINA,Heart Pie Dancehall,141,2114695
Sewerslvt,Ecifircas,177,1445101
Raphiiel,RoquiRa : Between Life and Death,183,1508499
Apocalyptica,Shadowmaker,126,914754
seatrus,MONONOKE,175,1280194
Alice Schach and the Magic Orchestra,Give Me a Nightmare,190,1569814
Camellia,Tojita Sekai,205,1009031
TK from Ling tosite sigure,Fantastic Magic,148,696085
Liz Triangle,L50,188,1599126
PinocchioP,Kusaregedou to Chocolate,260,79454
Megpoid GUMI,Justice Breaker,205,41616
RADWIMPS,Hyperventilation,122,1924212
"BEMANI Sound Team ""Nekomata Master""",The last of world music,255,1060239
Children of Bodom,You're Better Off Dead,192,1125258
Hoshimachi Suisei,Champagne Day,182,1204477
"Lady Gaga, BLACKPINK",Sour Candy,120,1239495
Shoji Meguro feat. Lyn,Last Surprise,123,2197607
Zips,Heisei Cataclysm,220,72217
Minagu feat. Sennzai,Iris no Tayori,170,1863178
cosMo@Bousou-P,Sadistic.Music Factory,165,476871
fripSide,eternal reality (TV Size),145,1185794
Chroma feat. mikanzil,Koi no Kuuchuu Bunkai,194,2120253
TEARS OF TRAGEDY,Curse Bride,151.85,677195
Diao Ye Zong feat. Meramipop,Kouma 'Un-demystified Fantasy',154,753005
Ailsean,Joe Cam Stole My Bike,140,1847
ReeK,Kuchisake,155,1819057
ShinRa-Bansho,Charisma Rengoku Tenshin,137,1808183
Daoko,Allure of the Dark,157.5,2253765
NormCore,Countdown (TV Size),194,887041
Mitchie M,Suki ! Yuki ! Maji Magic,167,230442
S.S.H.,Holy Orders,272.06,31750
Fuki,Daimei -Album ver.-,186,1720939
Hakubi,mirror,180,1874490
Yamamoto Mineko,"Falling, The Star Light",178,1803919
Yanakoto Sotto Mute,Afterglow,184,1556521
nano,FUBUKI,180,1709646
Michael Cera Palin,Portrait of a Woman on a Couch With Cats,132,1275141
WEAVER,Kuchizuke Diamond,164,1103117
Zekk,Sugary Daydream,230,2393162
Power Of Nature,Shounen wa Sora o Tadoru,140,685643
awfuless x yusi.,Angelica,190,1115124
-45,Dogra Magra,167,2042418
Foreground Eclipse,Noble,164,2271049
YURiKA,Aoki Konata,154,2425958
ClariS,Connect,175,2302249
Roselia,ONENESS,190,2220618
Fleur,Chelovek 33 cherty,160,1747692
FELT,Little Nova,143,2440249
ShinRa-Bansho,Kakumei no bullet,183,1645394
la la larks,Sayonara Waltz,236,1217160
Dareharu,Karma,132,1478859
Feryquitous,Qavsell,195,794102
Komichi Aya (CV: Taneda Risa),Koiiro Iris,180,1657501
paraoka,petal-go-round (demo),179.5,1666308
"Takamori Natsumi, Sendai Eri, Asakawa Yuu, Tanezaki Atsumi",Ne! Ko! (TV Size),182,2110967
saradisk,166 - Suzuya Homerarete Nobiru Type Nandesu.,200,1897784
"AZKi, Omaru Polka",Kimi dake no Princess,180,1769796
Nakashinoda Mugi,Senjou no Aria,110,395046
yonige,Mebuku Toki,150,2572363
milet,Anytime Anywhere,82,2092336
senya,Kyoumei Shinai Ai no Katachi,145,2512437
Demetori,Kourou ~ Eastern Dream,165,837842
GET IN THE RING,"Hana wa Sakuragi, Hito wa Kaze",176,2145065
ShinRa-Bansho,Kakumei no bullet,183,1590256
kairo,sanzensekai,99,2288529
SAVE THE QUEEN,EX-Termination,256,50181
Kawada Mami,Contrail ~Kiseki~ (Epsilon Remix),175,2572404
Oonishi Saori & Kayano Ai & Kiyono Yasuno,LOVE iLLUSiON,170,1648765
BilliumMoto,Sentinel,231,2256704
Suzaku,"Anisakis -somatic mutation type ""Forza""-",185,146791
ALiCE'S EMOTION,Selfish (Tsukasa Remix),170,1364267
Tanchiky,ENERGY SYNERGY MATRIX (Extended),160,2091981
Rina Sawayama,Comme Des Garcons (Like The Boys),119.15,1799181
Mitchie M,Assassin Princess,155,1506176
"25-ji, Nightcord de. x KAITO",BAKENOHANA,180,2263958
fhana,Aozora no Rhapsody (TV Size),135,2197921
Rosa Walton,I Really Want to Stay At Your House,125,2222398
"Earth, Wind & Fire",Can't Let Go,127,2217735
Sevencolors,Usotsuki Imitation (DDVM Remixing Ver.),175,1369263
natori,Serenade (TV Size),137,2496872
CHiCO with HoneyWorks,Sekai wa Koi ni Ochiteiru (TV Size),130,2027614
Ave Mujica,Musica Caelestis,196,2345562
Giga x Mitchie M,Wah Wah World feat. Hatsune Miku & Kagamine Rin,160,1262989
OwataP,Paradichlorobenzene,132,2456620
Satyr,Picayune,150,2140406
TeddyLoid,ME!ME!ME! feat. daoko,125,331123
Nakura,Lullaby (osu! edit),200,2204989
LiSA,ReawakeR (feat. Felix of Stray Kids) (TV Size),129,2304541
templuv,bleachers,150,1918577
Kano,Nadamesukashi Negotiation,150,2156778
kessoku band,Boku to Sangenshoku,154,2232067
KanoeRana,Irodori,191,2185337
FROZEN QUALIA,Aisubeki Hibi e,140,1291579
9Lana,Let me battle,134,2385712
MIYAVI vs KenKen,Flashback,140,721011
Takamatsu Tomori (CV: Youmiya Hina),Shoujo Rei,150,2357518
Sakura Kanae,Discode (Game Ver.),130,2039333
Rinjin-bu,Bokura no Tsubasa,147,1457284
Tsukikage,Spatto! Spy & Spyce (TV Size),160,861957
Chihara Minori,Christmas Night,155,1307658
Owl City,Dreams Don't Turn To Dust,90,576684
Mestre3224,Caramelo da desgraca,250,754401
Hatsuki Yura,Lunicode,165,907820
Venetian Snares,My Half,175,1286665
SOOOO,Rasou,232,1621913
Ito Kanako,Tsuisou no Despair,142,2154893
Shintani Ryoko,Wonderful World,232,45306
KikuoHana,Yakousei,140,1605076
Sakura Miko,Our Tree,168,2440250
Gawr Gura x Casey Edwards,Ash Again,115,2361322
Ryokuoushoku Shakai,Shout Baby,180,1247712
HoneyWorks feat. sana,Ima Suki ni Naru.,170,828753
Yoshino Nanjo,Kimi o Sagashi ni,175,474696
Suzuki Minori,Rewind (TV Size),175,761891
Junichi Masuda,Final Battle (Rival) (Cut Ver.),171.3,2520717
LAST ALLIANCE,HEKIREKI TV SIZE,258,591331
Nomy,Cocaine (Nightcore Mix),235.9,39153
HOYO-MiX feat. Jonathan Steingard,Wildfire,72,2221913
FictionJunction,Toki no Mukou Maboroshi no Sora,156,1745171
Tarako,Bing Chilling-ish,142,1820912
"Hirokazu Ando, Tadashi Ikegami, Shogo Sakai, Takuto Kitsuta",Target o Kowase!,143.95,542759
M2U,Masquerade,128,1756875
Various Artists,Merry,160,2094060
Kigakakuseibu,Duelpet,160,2521004
Sakuyui,Yoru ni Kakeru,130,1238144
yuikonnu,Yume no Mata Yume,152,812160
LAST ALLIANCE,HEKIREKI (TV Size),258,1519389
Marie,Clover Day's,190,1505255
Sukima Altera,INDUSTRY SLAYER,160,2472648
BlackYooh vs. siromaru,BLACK or WHITE?,185,606833
Chroma,I,225,880256
Now Field vs. uRyo,Bargentos,210,2407072
Mutsuhiko Izumi,Tengoku to Jigoku,195,2476325
ZUTOMAYO,Kan Saete Kuyashiiwa,150,1001507
Nanahira,Monosugoi Space Shuttle de Koishi ga Monosugoi Uta,175,711964
Kurahashi Yoeko,Tomodachi no Uta,200,2254725
BUTAOTOME,Moonstone,142,2523183
yoshiki*lisa,Destin Histoire,166,1850759
DECO*27,Otome Dissection feat. Hatsune Miku,134,913720
BanYa,D Gang,150,2488311
NateWantsToBattle,THE DAY,186.2,1464434
Ave Mujica,Ave Mujica,222,2065865
Seraph,Fragment,188,2332599
PinocchioP,Kusaregedou to Chocolate,260,87082
Hatsune Miku & Megpoid Gumi,MATRYOSHKA,205,19789
96neko,Engenya,174,2302167
saya,The Girls Are Alright!,168,2031331
minimum electric design,miscalc,160,2315202
"Karen, Koharu Meu, Harukawa Akari",Jounetsu Utopia,160,729059
ak+q,Axium Crisis,170,812551
Denkishiki Karen Ongaku Shuudan,Lily Toxicity (Short Ver.),170,1066325
Nekomata Master feat. Shimotsuki Haruka,Element of SPADA (Game Ver.),170,2329029
Shimotsuki Haruka,Re:Call,93,256831
Neru,Ningen Shikkaku,192,86983
COOL&CREATE,Saishoukichiku Imouto Flandre S,200,14853
Denkishiki Karen Ongaku Shuudan,Endless Corridor,180,2107136
Hatsune Miku,Hatsune Miku no Tomadoi,228,15320
Luck Life,Kawaranai Sora,200,1774414
Sakakibara Yui,Answer,224,1398169
Sakakibara Yui,Rengoku,172,1775866
Sakuragawa Megu,"To ""five"" Kiss",135,723701
SOUND HOLIC,HOLY WORLD,170,782106
Fractal Dreamers,Gardens Under A Spring Sky,195,985385
Citrus and Ocean Colour,Sugar Coaster Girl,195,1774229
Nekomata Master,Izanami's wail,195,792367
The Bangles,Hazy Shade of Winter,151.5,687459
Tim Vegas,Imitation Lovers Club Mix,168,12905
the brilliant green,Ash Like Snow (TV Size),166.18,870930
kors k vs. L.E.D.,SOLID STATE SQUAD,155,27148
FELT,Innocent Eyes,180,408269
Ogura Yui,Itsudatte Call Me!,159.6,1218635
Yuuhei Satellite feat. Marcia,Kurenai ni Somaru Koi no Hana,140,2355006
kamome sano,</emotional>,174,1140209
Shiena Nishizawa,FUBUKI,180,263033
Yuki Kajiura,Mezame,160,22659
QUEEN BEE,Mephisto (TV Size),150,1978551
twenty one pilots,Lane Boy,160,1122926
M2U,Ayla,155,1280192
callasoiled,EN. v1.89,157,1370828
nanawoakari,Ren'ai Nou,156,2174697
"Maho (CV: Uchida Maaya), Kaori (CV: Takamori Natsumi)",Peaceful*Chanpuru,135,1901652
Hanatan,You and beautiful world,160,782784
Zwei,LAST GAME,152,806067
A-One feat. misa,Only Treasure,156,2271678
Orange Lounge,MOBO * MOGA,172,1739817
Rita,Alea jacta est! -2017 ver.-,158,2182145
Mizutani Runa (NanosizeMir),Philosophyz,160,2158180
Falcom Sound Team jdk,Seize The Truth!,170,2173783
MY FIRST STORY feat. chelly (EGOIST),"1,000,000 TIMES",200,1205697
Meramipop,Paranoid Girl,181,787665
Saratoga (CV: Uesaka Sumire),Souzetsu Gekkou,180,765452
fourfolium,STEP by STEP UP (TV Size),175,2289535
DJ TOTTO & Qrispy Joybox,Curtain Call Memories,173,414940
DJ Genki vs. Camellia feat. moimoi,Sunshine,170,1033156
dj MAX STEROID,Arabian Rave Night,180,425885
Agematsu Noriyasu,Towa ni,140,722463
Se-U-Ra,Qlifact -another-,200,1224699
Diao Ye Zong feat. Meramipop,Saifu 'Kamiasobi no Uta',154,1714912
DJ~MoExx,"Listen, Miku; Don't Say ""Bad Marisa Ass Apple Irony""",155,23312
Marie,Clover Day's,190,144899
Katakiri Rekka,Get The Regret Over,118,27328
Ceui,COLORFUL DAYS!!,182,70744
Kim Dracula,Make Me Famous,140,2088941
Hiroyuki Sawano,BLOWIN',98,560165
angela,ANGEL,184,124033
Karen,Sudden Death R99,190,6269
Danny Brown,Maximum Wave (Cut Ver.),168,1744732
Amatsuki,Nagareboshi,176,2416361
m-flo Loves melody. & Yamamoto Ryohei,miss you (DJ SEVEN PnB Refix),175,327481
SERRA,EYERIS (Re:Mix),188,2464263
Cartoon,Whatever I Do (feat. Kostja) (Feint Remix),174,864452
METAROOM,PINK ORIGINS,185,1589495
Poppin'Party,Kimi ni Todoke,144,1034117
San-Z,"Honma ni ""Yada""",160,2506248
Lite Show Magic,R'N'R Monsta,220,1969431
Kano,CAMELLIA,167,2356114
sokoninaru,Kaiki,208,1593551
A.SAKA,Nanatsu Myoukakitsubata,168,1889202
Tsukasa (Arte Refact),Fragrance (XinBai-HW Remix),180,2260829
D-Cee,CITRUS MONSTER,220,537860
Miura Azusa (CV: Takahashi Chiaki),M@STERPIECE (Azusa Solo Remix),128,1770122
sasakure.UK x DECO*27,Snow Song Show feat. Hatsune Miku,138,2071776
Etherwood,Cast Away,173,368466
xi,Evolve Cybernation,205,377930
Poppin'Party,Hoshi no Yakusoku (Game Ver.),175,2216599
CHiCO with HoneyWorks,Kusuguttai. (TV Size),182,2499694
Krimek,Dahlia (feat. eili),160,2412294
Trial & Error,MYxFLAVORxDAYS! feat. GUMI (Short Ver.),176,2537464
Feryquitous feat. Aitsuki Nakuru,Ether,200,1341385
"Yamamoto Nozomi, Yamashita Nanami, Fuchigami Mai, Oozora Naomi, Toyama Nao",BEYOND THE STARLIGHT,175,822974
Nekomata Master,Sayonara Heaven,111,516995
HIZAKI Grace Project,Aphrodite,181,549893
P4koo,Crystal Illusion,175,797393
Okui Aki,Calendrier,164,623684
KOAN Sound & Asa,fuego (sakuraburst remix),200,611806
grandson,Blood // Water,154,1329587
Rita,Alicemagic (TV Size),166,771036
Akatsuki Records,"Yuuki Kairai, Arui wa Sono Ai to Saisei",158,904561
Alina Gandini,Sammy el Heladero (Cut Ver.),160,1895187
Morimori Atsushi vs. uma,Noel (long ver.),220,705224
yuikonnu,Houkago Stride,225,181351
Wednesday Campanella,Zeami,148,908851
Yuuyu,Akutagawa Ryuunosuke no Kappa ~ Candid Friend,133,1703912
Big Boi,Shine Blockas feat. Gucci Mane,170.87,1993272
Kenshi Yonezu,KICK BACK,204,1864481
Stevie Wonder,Faith feat. Ariana Grande,158,966422
PSYQUI,Mend Your Ways feat. Such,168,1054598
Spica,Make debut!,180,1676686
Various Artists,Umapyoi Densetsu,170,1611719
Lia,Toki o Kizamu Uta,139,1550603
BLACKPINK,JUMP,145,2404301
Beyonce,Irreplaceable,88,1991942
Fall Out Boy,XO,262.42,1739083
Inori Minase,Bokura wa Ima,195,1574791
rei sirose,Lost Umbrella,274,1340777
Turmion Katilot,Tirehtoori,160,1728512
Rita,Negai no Hana,122,1557289
Jimmy Weckl,Get Happy,150,1098547
Three feat. Kagamine Len,Junky Night Town Orchestra,145,1867440
ZUN,Inada Hime-sama ni Shikarareru kara,161,2173216
Hail The Sun,Black Serotonin,187,2146424
Iceon feat. Mayumi Morinaga,Boutokuteki Sentaku no Alegria,156,2272306
uynet,Never Rezort,162,2214270
fripSide,only my railgun,143,1358802
Camellia,Stealth-Dash,174,908451
Powerless feat. Sennzai,Lost Desire,170,1187717
litmus*,Dizzolve,192,1850676
Amane (Rolling Contact),Technical Master,160,2155822
Annabel,lilac slumber -cosmic ver.-,168,1593278
Kopi,Iyan-naruna,145,1833718
Cranky,T&J,150,2417429
YOASOBI,Idol,166,1977097
void,Just Hold on (To All Fighters),170,2010202
siromaru + cranky,conflict,160,1212359
nao,Soutaisei VISION,185,1589799
Erabareshi,Picon de Metafiction,188,935519
"Henry Salvia, Kathleen Enright",Brick by Brick,143.4,1576337
ChouCho,Authentic symphony,175,754826
Kendrick Lamar,King Kunta,107,1006094
ZUTOMAYO,Minority Myakuraku,162,1100001
Camellia,Controlled dive,184,2514378
steelplus,Event Horizon,175,1276324
Himesaka Noa (CV: Kito Akari),Atashi Kawaii Sengen!!! (nenpulse bootleg remix),180,2348004
Aitsuki Nakuru,Qualia no Rinkaku,164,866026
Shimoji Shino,God Save The Girls (TV Size),170,1050590
SYNC.ART'S,Welcome to Hell,170,654942
siqlo,Dirigeant Decision,185,1240362
The Fifth Element,Diva Dance,120,2611
The Immortals,Techno Syndrome,133.88,6493
"Mix Speaker's,Inc.",Shiny tale (TV Size),189,43236
ChouCho,Authentic symphony,175,1804096
Kotera Kanako,Senkou no Yukue -Opening size-,175,217172
Sasaki Sayaka,"Kiseki nanka, Iranai.",195,2060594
Lia,Toki o Kizamu Uta,139,974668
jeko,persistence,190,2494074
D.J.Amuro,F,154,39194
kors k,Love Is Eternity,140,836980
HHHxMMxST,Oboro,149,1536560
dj TAKA feat. Erika Mochizuki,MOON,156,16466
ZUN,Extend Ash ~ Houraijin,156,1799071
StylipS,Give Me Secret,158,693215
la la larks,ego-izm,188,1207305
Yousei Teikoku,Kokou no Sousei,240,1291698
A Lot Like Birds,Truly Random Code,142,2176819
My Chemical Romance,Boy Division,183,1899810
tofubeats,CANDYYYLAND feat. LIZ (Pa's Lam System Remix),160,648540
Pendulum,Granite (Original Mix),174,1847112
Lia,JUSTITIA (TV-version),178,433298
Zensou Sagi no Hito,Bloody Tears,256,2063212
supercell,Hoshi ga Matataku Konna Yoru ni,182,2453488
School Food Punishment,butterfly swimmer,170,2475572
Akihiro Honda,Girls' Legend U: Finally Coming Together (Scout Ver.),152,2493785
DragonForce,Extraction Zone,200,1073266
Native Construct,Mute,100,951320
Susumu Hirasawa,Aurora 2,280,10978
Susumu Hirasawa,Yume no Shima Shinen Kouen,240,7226
Triad Primus,Trancing Pulse,143,450406
Sharpnel High Speed Music Team,Exciting Hyper Highspeed Star,180.15,1070942
Ferb (CV: Danny Jacob),Backyard Beach (TV Size),95,1478451
Baru,ResoAlive,200,117036
StylipS,Brand-new Style!! ~Mahou Mitai na Show time~,180,775932
Iguchi Yuka,HELLO to DREAM,160,1006608
Yasuharu Takanashi,FAIRY TAIL Main Theme,110,103887
Twinkle Veil from SUPER*GiRLS,Jin Jin Jingle Bells,192,696602
Endorfin.,Harura,198,2546060
Natori Sana,Zombies,158,2080180
nano,DREAMCATCHER,180,695957
Pendulum,The Island (MaxNRG official remix),174,881384
senya,Nagori Tori,142,2132362
manaco,Himawari,164,1958051
Aira ia.,Invisible in Summer,88,2433921
Camellia feat. Nanahira,finorza,225,2302313
KINEMA106,Juusou,190,2313551
Kanade (CV: Yuko Natsuyoshi),It Begins With Love (Game Ver.),185.02,2463187
My Chemical Romance,Welcome To The Black Parade,194,1286287
eikko,too late,183,2226082
Metro Zu,Softwork Hardhead,90,2476080
Sizuk feat. Kotoha,Cotton Days,172,2270904
yairi,Shoumei=Destruction,196,1988701
Feint,Weavers,174,2521062
sokoninaru,tragic antinomy (cut ver.),180,2406752
riya (eufonius),one of a kind (Game Ver.),170,2446983
Cosmograph feat. Yurisa,Unbreakable,202,2279117
Dysmn,Die Screaming,115,2422624
"Aimi, Sakura Ayane, Maeshima Ami, Aiba Aina, Itou Miku",Picotto! Papitto!! GARUPA * PICO!!!,190,2184272
Cowbell Killaz,"On Da Hood (feat. Senyakilla, TRXNQL)",95,2311223
Neptune (cv.Tanaka Rie) x Nepgear (cv.Horie Yui),Smile Spiral,172,114579
Ryu*,Plan 8,212,1466536
EDEN,Circles,160,903755
Ino,Kokeshineko Medley,186,672227
nao feat. isui,Natsuhisyou,215,2299517
Feryquitous,Central Nucleus,175,662395
Last Note.,caramel heaven,194,1025145
PALC,Grib,228,1849063
"Bridgit Mendler, Adam Hicks, Naomi Scott and Hayley Kiyoko",Determinate (Nightcore Mix),175,2104449
Duca,Answer,183,1768412
Kawada Mami,Serment,212,529079
Thousand Leaves,Darkest night,185,2048017
you feat. nayuta,Diamond Smile (2019 Reworks),175,2197689
Sharlo,Melancholic,140,366406
zts,death(from stupefaction),141,889315
BACK-ON,with you feat.Me [Tales of Remix],190.01,25947
KISIDA KYODAN & THE AKEBOSI ROCKETS,Fall of Fall,196,1893908
Serina Akesaka (CV: Emi Nitta),Heart Beat,212,715955
LiSA,ADAMAS (TV Size),191,860219
Tatsh,Kachoufuusetsu,199,4598
Demetori,Youyoumu ~ The Woman Who Sold the Moon,185,1093663
Ryokuoushoku Shakai,Omoibito,84,1248127
Fuwari P,Taisetsu na Koto,164,882870
Shiomi Syuko (CV: Ru Thing),Private Sign,168,876230
petit milady,azurite,183,777993
The Cranberries,Linger,95,2262841
Null,Ancient Memories from an Ethereal Realm,95,1681859
Sakuraba Motoi,The first unison,146.33,148377
Paledusk,HUGs,185,2445904
Camellia,Operation: Zenithfall,230,2525247
Everfrost,Winterider,180,1818657
ZUN,Border of Life,152,2258223
Cranky,Ran,170,751772
Sambomaster,"Kimi wo Mamotte, Kimi wo Aishite",138,11581
Friends,Kitakaze,148,10025
Susumu Hirasawa,Big Brother,190,10714
Roselia,Sunlit Musical,185,2059808
Mewhan,Boku no Friend,163,1830159
Ponchi feat. haxchi,Period Sign,195,2148902
AZURE FACTORY,Brave Star,174,1916692
Green Day,Jesus of Suburbia,151,1644756
Yonder Voice,Shrine Maiden - Eien no Miko,140,1607795
M2U,The back of Beyond,120,764683
Glasslake,Driving Lazy Bee,210,3861
Junk,Life is PIANO,133,2054500
SMiLE.dk,butterfly (UPSWING MIX),170,1716853
Jack Zankowski,SuperPretzel,120,1752044
Diao Ye Zong feat. Meramipop/nayuta,Katare Tsukumobushi,164,834834
Diao Ye Zong feat. Meramipop,Saifu 'Kamiasobi no Uta',154,997137
9nine,White Wishes (TV Size),135,69992
Chai Found Music Workshop,Kayou ~Flourishing Blossoms~,140,2206304
nano.RIPE,Hana no Iro,180.02,43472
Various Artists,Yuruyuri Songs Compilation,190,452417
Camellia,Enantiomorphs,203,479033
Myrath,Endure The Silence,192,555454
Xanthochroid,Of Aching Empty Pain,180,1151696
Aoi Eir,INNOCENCE,183,104158
YurryCanon feat. Hatsune Miku & GUMI,Odoryanse,172,2239007
F9,Kagaribito,220,2347462
orangentle / Yu_Asahina,HAELEQUIN (Extended ver.),172,398614
cosMo@BousouP,For UltraPlayers,201,137969
solfa feat. Tsukiyono Usagi (CV: Moca Choco),Marshmallow Whip (Game Ver.),145,2164009
Yamamoto Mineko,Rinne,179,1913687
yanaginagi,Tokohana,169,964674
KOTOKO,INFINITE SKY,190,1175489
Yumeno Yuki,Feedback Summer (Short Ver.),182,2194175
Aoba Ringo,Innocence (Game Ver.),187,428196
Chitose Sara,Arcadia (Short Ver.),177.98,999868
lapix,Amazing Mirage (Extended),153,608572
"Kusunoki Tomori, Hayami Saori, Aoyama Reina, Koga Aoi",Annoying! Sunsun Week! (TV Size),140,1668430
Official HIGE DANdism,Bad for me,167,1601001
Team Grimoire,C18H27NO3(extend),210,375706
cephalo,natsuyasumi owaru!,186.75,2429398
Gac Mai,388,160,1007427
Tonight Alive,World Away,180,2124125
Hanatan,Shiwa,185,136902
QYPTHONE,You'll Be More Than A Friend,183.5,2334471
Suzuyu,White Eternity -special feat. Suzuyu-,178,771615
ROUND TABLE feat. Nino,Puzzle,166,133079
Epik High feat. Taru,1 Minute 1 Second,155,2056138
ClariS,Connect (TV Size),175,1511475
Eminem,Mockingbird,169.2,2352678
Suichu Spica,Hanakotoba,175,2336191
96neko,ELECT,130,716122
Kagura Mea x Minato Aqua,Melt,170,1192977
Ayane,Genjutsu no Crossroad,176,1155162
Blind Stare,Shotgun Symphony+,181,7671
Nico Nico Douga,WAWAWA SPEED mix,170,14952
EastNewSound,Lucid Dream,170,17474
Regi Ft. Scala,I Fail,138,9846
Magical Trick Society,Investigation ~ Cornered,150,130
Black Eyed Peas,I Gotta Feeling,128,9428
IOSYS,Miracle-Hinacle,160,20210
O-Life Japan,Yamanobori Kibun,160,30256
Kokucho,Lucent Wish,158,13581
Becky,Less Than Three (Richardo Autobahn Remix),160,7251
Rabies Bun,Take off and Gala (PonyDub),200,62320
Baracuda,I Leave The World Today (Special D. Remix Edit),142,6528
IOSYS,Border of Death,160,14107
Takeharu Ishimoto,Emptiness And,160,1541
Bamboo Blade Cast,Star Rise,129,13474
EastNewSound,Black Lotus,148,12026
Amane,Melt in the sky,140,11420
DJ YOSHITAKA,Bloody Tears(IIDX EDITION),170,6598
Dr. Flowershirts,Duel(O2 Version),150,7202
Hideyuki Ono,Classic Party Triathlon,174,11743
C-Show,PANIC HOLIC (VIP),220,470405
XL Project,Necro Fantasia,160,23077
fripSide,heat your wave,139,13892
Beat Crusaders,Hit in the USA,170,7386
Gabry Ponte,La Danza Delle Streghe,140,5733
Cover Drive,Twilight,180,44425
Hatsune Miku,Conveni,150,12960
onoken,Quinine -A2D SIDE-,180,12469
Tamura Yukari,Oshiete A to Z,170,1449220
dj TAKA,AA,154,9609
07th Expansion,Aci-L,162,13169
kors k,Wuv U,173,34556
kors k feat. Rie,Rising in the Sun (original mix),172,51478
Nekomata Master,Scar in the Earth,141,13767
S-C-U,milky ice bear,147,57272
JOGA,DAM DARIRAM,142.37,27357
Gentle Stick X M2U,Hades in the Heaven,130,114488
dj TAKA,V2,150,8974
Silvertear,So Deep (Perfect Sphere Remix),140,13012
SENTIVE,The end of a century,189.97,66084
DJ Swan,Beautiful Angel,172,11383
NieN,Rage Of Demon,196,22229
Chopin,Revolutionary Etude,145,66350
KaW,Take Me Back,175,44754
sphere,HIGH POWERED (TV Size),187,37202
nao.paradigm,Zero-One,147,10772
DM Ashura,Neogenesis,151,9825
Suzaku,Vanessa,185,14171
dj TAKA,Absolute,144,9394
Banya,Beethoven Virus (Full ver.),156,16893
SHIKI,Jade Star,152,19221
dj TAKA with NAOKI,Kakumei,148,11792
Makou,Fermion,156,20723
M2U,Blythe,180,19874
Kevin.o2SE,Red Sign,150,3575
Yoko Shimomura,Cackletta Soul Battle,125.3,2789
TERRA,Hana Ranman -Flowers-,160,922411
Antonin Dvorak,From the New World,155.08,25342
Wayne Lytle,Pipe Dream,148,9850
r300k & Mhz (Curium),G.O.A,144,18131
Forte Escape,End of the Moonlight,155,11577
ginkiha,Fading Star,140,183512
Ezequiel Serrano,Es el Robot Gigante (TV Size),151,50299
Tatsh Assault X,The Dirty of Loudness,165,11341
RD-Sounds feat. Meramipop,Tatarigami,135,724673
Nanako,CIRCUS U CRIC,185,1242330
Thank You Scientist,Son of a Serpent,111.93,2389336
Halv vs. kuro,Evreka,200,2305057
Ayane,Arrival of Tears,200,1144433
kakichoco,Reirou no Hibiki,200,1853651
Asriel,Xanadu,223,1267099
RIOT,Overkill,174,2314464
Kitamura Eri,Psychological Mental Health,180,1557347
DystopiaGround,AugoEidEs,207,1989258
witch's slave,artefatto vita,175,1491794
Albina Sexova,Songs Compilation,127,2170789
Sasaki Sayaka,Will of Adamant,198,1864128
zts,iconoclasm,142,2080690
sasakure.UK,ChRoNiClESeVeN feat. Annabel,195,775590
Suitei Shoujo,Shouchi no Suke (TV Size),144.02,984871
CooRie,BON-BON (TV Size),177,938137
Wada Kouji,FIRE!! ~TV Size~,165.88,734770
Denkishiki Karen Ongaku Shuudan,Gareki no Yume,160,1037741
CHiCO with HoneyWorks,Nostalgic Rainfall (TV Size),165,1169380
Petit Rabbit's with beans,Sekai ga Cafe ni Nacchatta!,158,825460
Jun.A,Gensou Rakuen,220,453523
AUTLAYT,Neudachnitsa,145.03,846636
Snow Man,Grandeur (TV Size),128,1328147
The Winking Owl,NEW,158,1092559
Chroma,"Destroy, Destroy, Destroy The Happy End",218,1730072
Camellia feat. Ninomae Ina'nis,Drenched in Air,189,1968798
Hanasaka Yui (CV: M.A.O),Harumachi Clover (VINXIS Dopamine Hit),240,1817125
Amala,Daidaidaidaidaikirai,130,2352872
CustomiZ,COOLEST (TV Size),188,2514573
Sayuri x MY FIRST STORY,Reimei,185,929831
Rob Gasser,Taking Over (ft. Miyoki),174,624879
wa. vs. ETIA.,Akasagarbha -extended mix-,192,720329
OctagonCollaboration,8 Awesome Angles of YouTube,180,143844
Nekomata Master feat. Misawa Aki,chrono diver -fragment-,185,349291
BlackY,Black Rose,180,1621706
EastNewSound,Sadistic Paranoia,148,100931
Tsukasa Yatoki,Heaven's Race Guitar Style,180,290111
My Chemical Romance,To the End (2025 Mix),163,2444317
Ayane,Endless Tears...,192,2139747
Diao Ye Zong feat. Kushi,Narakushou,170,703347
AU,Kerokero (Original Extended Mix),185,1787722
XX:me,Manatsu no Setsuna (TV Size),162,740577
Tang Hanxiao,Jiu Shi Ne Zha (Cut Ver.),161,2332029
ABSOLUTE CASTAWAY,Doukoku no Mori,87,2194674
ChouCho,Songs Compilation,167,179756
yanaginagi,Owari wa Hajimari,175,2150471
hitorie,Boatman,125,1903334
Utsu-P feat. Hatsune Miku,B-CLASS HEROES,216,2085200
ESTi,HELIX,175,1383447
USAO,Chrono Diver -PENDULUMs- (USAO remix),184,414448
Sephid et al.,MONONATI,180,2401178
HAG,Hoshi Miru Koro o Sugite mo,142,677861
niki,WAVE,130,74606
Duca & AiRI,Full Throttle Heart,174,2076187
Miley Cyrus,7 Things,107,1774982
RO-KYU-BU!,Party Love ~ Okkiku Naritai ~ (TV Size),176,35861
Zenpaku,Enkindle feat. vally.exe,240,1762718
ARForest,Birds of Plague,200,1244852
Mashumairesh!!,Platform,160,1970218
-45,TheSunLight,191,2413445
WataruP feat. Hatsune Miku,Sakura Zensen Ijou Nashi,210,2274548
sekai,Doctorine,130,1768214
Kagamine Rin,Oni Kanojo,202,23616
Camellia,put' l'da,200,580828
Linkin Park,Over Each Other,148,2269902
DJ Genki,Unfinished Promise (feat. Conomi Fujimura),170,2045745
KASAI HARCORES,CYCLE HIT,175,2544980
Meu Koharu,summer light,144,1759290
TRUE,Sincerely,72,1721048
Ester,Dizzolve,192,1867657
Erik McClure,The Last Dead Angel,186,41568
-45,Kuro no Gangu,149,1840181
07th Expansion,lixAxil,145,27754
Ludicin,Everlasting Eternity,175,2236074
TRUE,Hiryuu no Kishi,148,734191
-45,Aci-L,162,1783108
Yoko Shimomura,Super pump up!,179.95,1659561
NILFRUITS,Salvador,180,1541499
Camellia,Dans la mer de son,175,654313
"Denzel Curry, Gizzle, Bren Joy",Dynasties & Dystopia,77,1852680
Iguchi Yuka,HELLO to DREAM (TV Size),160,2317666
Toyama Nao,Gunjou Infinity (Cut Ver.),185,1927611
Within Temptation,Paradise (What About Us?) feat. Tarja,135,1976596
Setsuna Sumeragi (CV: Anna Yamaki),Resolution,190,2396297
Aoi Eir,I will...,176,1219927
paraoka,petal-go-round,179.5,110820
Aqua Timez,MASK (TV Size),145,1190848
Minato Aqua,"Mada, Aoi",185,2177314
qinche,Meltdown,165,26769
Ito Kanako,Skyclad no Kansokusha (Short Ver.),167,900108
marumoko,Saikyou->Saijaku*Metamorphose (Short Ver.),264,2334035
solfa feat. Ceui,primal,185,2146191
RoughSketch,KINGDOM COME,282,2420205
Aiobahn +81,INTERNET ANGEL (TV SIZE),180,2533958
Toromaru,Enigma II,201,2078398
lapix,Amazing Mirage,153,848697
Primary,Higashi no Sora kara Hajimaru Sekai,85,1096746
Goto Yuko,Etto...Returns Shite Revenge!,180,32057
B-Komachi Ai (CV: Takahashi Rie),HEART's KISS -Ai Solo Ver.-,178,2046526
An,Necro Fantasia -An remix-,185,179691
Warak,REANIMATE,174,209103
Chasers,Lost,170,2040231
EXIT TRANCE,SPEED ANIME TRANCE BEST pt1,175,21889
toku feat. Pagoda,Boku no Sainou -dub mix-,190,33914
Innocent Key,Touhou Holy Water Festival,160,10906
Kanemoto Hisako,I-KA-A-I-SU Tabena I KA?,140,37052
Nekomata Master feat. Hayashi Momoko,Rainbow after snow,179,113251
Dj Satomi,Waves (Nightcore Mix),174.98,28146
Oratorio The World God Only Knows,God only knows,166,35036
Nico Nico Douga,Kumikyoku,180,3636
Renegade Masterz,Nasty Girl (Nightcore Mix),173.89,23940
Infinite Stratos Cast,SUPER STREAM ~INFINIT FUTURE Revised MIX~,180,29601
Chata,Winter Bells,180,27560
Planetboom,SuperSonic (Full Ver.),156,23857
EFM-7,Raver Raver Raver,176.1,76830
Silver Forest,Tsurupettan,180,1559
A-One feat. Hanatan,Break the Hierarchie,160,2526938
Frederic Chopin,"Etude Op. 10, No. 5",116,869054
DJ Roland Kenzo,Your Night,146.6,11301
Perfume,wonder2,127.62,9547
Crazyravers,Wonderland (Dj Satomi Remix),156.7,12546
ZUN,Taketorihisyou ~ Lunatic Princess,154,13220
Mizutani Runa (NanosizeMir),Philosophyz ~TV animation ver.~ (TV Size),160,1741155
Busta Rhymes ft. Linkin Park,We Made It,138.5,12719
Kagamine Rin and Len,Migikata no Chou,140,15649
Daniele Meo,Adesso Balla! (Butterfly Remix),154.4,18234
DJ Contacreast,In The Silence,140,10215
Girls Dead Monster,Thousand Enemies (Full ver),164,15992
Dj BaSSMaT,Merry Christmas,143,23122
Spacelectro,EAT!EAT!EAT! feat. Momokami (PSYQUI Remix),180,1317865
Chaos City Niigata,Ukiyoe Yokochou,192,1585722
Utsu-P,MiKUSABBATH (2020mix),190,1818273
Kendrick Lamar,reincarnated,91.1,2286597
sidenerds,Kaze,200,2300527
Reso x Frederic Robinson,Apollo 69,178,1742900
YURiKA,Kyoumen no Nami,175,1383336
Yuki Setsuna (CV: Kusunoki Tomori),CHASE! (Cut Ver.),170,1271270
MYTH & ROID,Crazy Scary Songs Compilation,125,1209786
Tears Of Tragedy,Toki ni Kagami wa Uso o Tsuku,185,1311668
Reol,Jitter Doll,180,1010993
Masayoshi Minoshima feat.nomico,Lost Emotion (Amane UK Hardcore Remix),175,676940
The Doors,Light My Fire,126,2290396
MowtenDoo,Bassline Baka,180,2006525
Kita Shuuhei,Mirai mo Kimi no Te no Naka de (TV Size),183,1898592
Kita Shuuhei,Sekai no Hate ni Kimi ga Itemo (TV Size),193,158142
Masayoshi Soken,Endwalker - Footfalls,115,2402752
RAYE,WHERE IS MY HUSBAND!,116,2497508
Toby Fox,Pandora Palace,200,1583685
Sakamoto Maaya,Triangular,176,6905
Capcom,Air Man's Stage,180.3,4116
eufonius,Paradigm,160,2185834
Buono!,Our Songs,181,19203
BACK-ON,flyaway [Tales of] Remix,140,11620
Whiteberry,Natsu Matsuri,141,12823
Megpoid GUMI & Megurine Luka,Speed,250,25931
Chata,Winter Bells,180,67269
CUPSIZE,origami,251.4,2437411
MKLNtic,Popping Pumping Bubbles,142,2383688
Go Ichinose,Magma Dan Toujou!,148,320932
Go Ichinose,Victory Road,172,301268
Jennifer Karr,My Life As A Teenage Robot (TV Size),171,1680065
Parry Gripp,There's A Cat Licking Your Birthday Cake,110,645142
ESTi,HELIX (Edit ver.),175,472589
Brian Causey,Jimmy Neutron Theme (TV Size),130,933621
BlackY feat. Risa Yuzuki,Stellalude,155,1515209
THE ORAL CIGARETTES,Kyouran Hey Kids!! (TV Size),142,930621
Eleni Foureira,2019 S' Agapo,174,887376
Molly Moon,Lampovaya tyan (BassnPanda Remix),160,2202276
Aqours,Omoi yo Hitotsu ni Nare,168,1064212
Takakura Anzu (CV: Kiritani Hana) & Takakura Anri (CV: Kurosu Kiriko),Clover Day's,190,1861375
Taylor Swift,The Story Of Us (Taylor's Version),140,2528246
DJ Myosuke & Gram,JINGLE DEATH,222,1616023
Origami Angel,Say Less,170,1772140
GazettE,Shiver (TV Size),240,17953
Yuu Kobayashi,Hanaji(TV Size),232,6037
Otsukisama Koukyoukyoku,Apocrypha,236,1359388
Nishigomi Kakumi,Shin - Garyou Tensei,135,1804902
Suara,Senjin Genmu,170,1829362
Rita,Little Busters! ~TV animation ver.~,151,1942850
"Dual & Dorothy starring Taneda Risa, Sakura Ayane",Oshiete,188,451644
Grant Kirkhope,Freezeezy Peak,145.08,4131
Apink,Songs Compilation,106,345123
DJ Mars,Lemon Tree,142.57,8229
Lim Sumi,Closed Circuit,103,2360128
Kaori Shimizu,Flower Psychedelic,158,5348
Mizuki Nana,Justice to Believe,140,2583
Ayumu,Witch of Occultics,145,10456
Sean Paul,Get Busy (Bhangra Remix),206.4,3448
fripSide,HesitationSnow,135,1329838
Mizuki Nana,Justice to Believe,140,10694
Kusumi Koharu,BARARAIKA,140,9261
AKB48,Yankee Soul (TV Size),134,40775
Doma Umaru (CV.Tanaka Aimi),Nimensei*Uraomote Life!,170,679303
Minstrel,Cinderella Cage ~Falling in Love Again~,202,1909142
Natsume Itsuki,Cat Loving,163,1978274
DragonForce,Cry of the Brave,215,2359421
DIALOGUE+,Kasuka de Tashika,190,1938648
Diao Ye Zong feat. Meramipop,"Shifu ""Hakurei Meimei Kettouhou Fukoku no Gi""",183.1,2273085
KOTOKO,TRUE-BLUE,170,959003
Various Artists,Elite Beat Agents Compilation,149,2477831
ak+q,Ignotus (Extended ver.),170,1084205
Yumeno Yuki,Futatsu no Hikari,101,1109096
Sakakibara Yui,Kanpeki na Sekai,148,1130365
Marika,Truth and Light,196,1119240
ryo(supercell) feat. Hatsune Miku,ODDS & ENDS,192,630329
Thank You Scientist,FXMLDR,175,1494989
Opeth,Ghost of Perdition,188,988848
Napoleon,Utopia,200,990823
Persona,Realize,181,1021956
Ariabl'eyeS,Arcadia,200,1266582
Loki,Troll of the Forsaken Cave,175,1052028
Aqours,Deep Resonance,188,1073315
7 Minutes Dead,The Follower,125,842440
Rita,Bookmark Memories,178,1157275
A.SAKA,Yosakura Fubuki,172,858337
Sangatsu no Phantasia,My wonder,158,2151443
KASAI HARCORES,CYCLE HIT,175,2182833
Camellia,put' l'da,200,632972
Loossemble,TTYL,144,2308007
Makina,Pluton,147,2401198
Fazlija,Helikopter (Official Remix) (Cut Ver.),102,1736300
Eve,Kaze no Anthem feat. suis from Yorushika (TV Size),124,2535604
kors k,Wuv U,173,193852
Palette Project,NatsuYuki TokiMeki High Tension!,177,1977450
Last Note.,Dead Line Circus,185,57174
Porter Robinson,Is There Really No Happiness?,98,2249001
u's,SUNNY DAY SONG,173,1108416
Sonitus Vir,Evergreen + Anima Mundi,135,131557
Wiklund,Joy of Living,188,9197
"""Weird Al"" Yankovic",Polka Face,165,1229428
Tatsh,IMAGE -MATERIAL- <Version 0>,260,402837
DJ Noriken,Jingle (DJ Genki Remix),170,823292
Frost Fragment,Ha no Gotoku,158,2030733
Waterflame,The Show,165,1578620
good-cool feat. CHiCO,In The Ruins,156,29392
Ryu*,Second Heaven,149,25498
ZUN,U.N. Owen wa Kanojo Nano ka?,155,2211447
Rolling Contact,desolate night,150,2418852
zts,liberatedliberator,140,907805
Katakiri Rekka,"Tamayura - Open the ""AKABEi JAZZ CONCERT""",160,1431401
frederic,ONLYWONDER,168,1177496
Akiyama Uni,Chi no Iro wa Kiiro,144,119779
Helvetia (DJ Sa9 + Hommarju) feat. CAMRY,Cagayake!GIRLS,180,30243
XX:me,Beautiful World,132,1405028
Mili,Nine Point Eight,164,131147
Komsomol'sk,Chornyye ochki (Cut Ver.),170,2358294
Ado,Kura Kura,188,2077114
Rude-a,Paradise,161,1391326
Natsume Itsuki,Heavenly,194,2355058
RONDO,ARCANA,280,2328312
Skrillex & Diplo,To U ft AlunaGeorge,160,723626
Tomoe Tamiyasu,Yamato Nadeshiko Hanakotoba,135,748589
Memme,Unison System,155,937606
Kirin feat. Aoki Lapis,Not Found,170,560326
Nekomata Master,Greening,146,581012
Thank You Scientist,Anchor,192,2190628
Loos,Koi Yomi Zakura,168,783255
Asterisk,Ren-chon no Drum 'n' Bass,175,288118
goreshit,the nature of dying,171,49052
Manoeuvres,Mad World (Station Earth Remix),174,434391
subplaid,Jeg onskerikke a skade deg,175,244640
HOYO-MiX feat. Loger,Lament of a Ruined World,145,2395928
Junichi Masuda,Battle! Roaming Legendary Pokemon,174,65923
C-Show,Make Some Noise for Mr.C,110,1305940
Sasaki Sayaka,"Sakura, Reincarnation",181,2139503
technoplanet,Secret of the Moon,190,1934946
NOMA,Brain Power (Cranky Remix),165,1898472
Akatsuki Records,HANIPAGANDA,181,1083844
Masayoshi Minoshima,Bad Apple!! feat.nomico (Nhato Remix),138,616378
Matsushita&yuikonnu,LOVE x LOVE Whistle,180,260135
Sawano Hiroyuki,Inferno,125,1546846
fhana,STORIES,126,895152
MYTH & ROID,L.L.L.,208,2175708
The Garden,Red Green Yellow,210,2010068
Rory in early 20s,Sadisutikku Kensa,170,2453274
t+pazolite feat. Kabocha,OPENING,180,2108634
ZUN,Inada Hime-sama ni Shikarareru Kara,160.97,905072
Poppy,I'm Poppy,94,838383
onoken feat. b,anqad,168,1555389
Falcom Sound Team jdk,TENSION (Cut Ver.),260,1627846
Luna Fozer,Overjoy * OVERDOSE!!,143,2395062
ASCA,RESISTER (TV Size),183,1757778
Omoi,Kiseki sae mo,181,1322144
NOMA,Brain Power Long Version,173,432822
CHiCO with HoneyWorks,Sekai wa Koi ni Ochiteiru,130,549977
Demetori,"Koyoi wa Hyouitsu na Egoist ~ Ego, Schizoid, Beat.",180,1642338
milet,Fly High,97,1686549
Chance The Rapper,All Night (feat. Knox Fortune),112,1761979
Yorushika,Matasaburo,200,1497370
ShinRa-Bansho,Kyokkou no Tabibito,212,2101371
fripSide,an evening calm,108,848285
Drumsound & Bassline Smith,Through The Night feat. Tom Cane,175,685499
Aether Realm,Redneck Vikings from Hell,140,1621848
t+pazolite,Gumbarlzo!,225,2476607
Kagetora.,Resplendence,170,2436259
Kairiki bear feat. Hatsune Miku,Shippaisaku Shoujo,240,1088005
Rin,Eientewi set 08 A ~ Maiden's Capriccio,138,647571
Apink,Cause you're my star,161,545984
Falcom Sound Team jdk,I'll remember you,148,1016042
Falcom Sound Team jdk feat. Suehiro Yuri,Ashita e no Kiseki,184,938505
Brian the Sun,Lonely Go! (TV Size),204,1237468
Fazerdaze,Lucky Girl,173,2185533
Hitsujibungaku,Burning (TV Size),96,2208248
Haruna Luna,TRUE STORY,172,1778366
Camellia,Routing,144,403282
xi-on,Rokujuunenme no Touhou Saiban ~ Fate of Sixty Years,192,2185163
WangleLine,Super Kitten Travel Hex,170,2412252
Aiobahn,new world feat. Isekaijoucho,106,2436356
Utsu-P feat. Hatsune Miku & Kagamine Rin,Nyanmoku no Ryoukai,200,1574589
polysha feat. Miyo Takashiro,Logos,189,2069920
jioyi,cyanine,182,2157996
Redside,sweet lemon tea,175,2435742
Krimek,HyperColor,180,2248565
L.A.O.S.,I'm Alive (Helsinki II),174,2131861
seatrus,Hear+ of Marionette,163,2255666
Masafumi Takada,Beautiful Days,132,1768541
SiM,Devil in Your Heart,240,2516183
Doubutsu Biscuits x PPP,Youkoso JAPARI PARK e (TV size ver.),170,570479
GET IN THE RING,Midnight Syndrome,135,862929
MYTH & ROID,HYDRA,166,732901
Uchida Aya & Kubo Yurika,"Kokuhaku Biyori, desu!",172,83754
Frums,"the end of this world, and the girl who crossed the moon's oceans.",95,1214632
kemu,Reincarnation,185,1949852
*namirin,Sakurairo Time Capsule,170,355236
Survive Said The Prophet,Paradox,102,1973361
May'n,Kiba to Tsubasa,186,2316888
Yakushi Ruri,Love Election,172,1912253
69 de 74,Little Guardian [2019-reworked],170,1472207
Chitose Sara,Arcadia,178,1868926
Hiroshi Iuchi,Butsutekkai,173,592207
DJ Genki VS Camellia feat. moimoi,Sunshine,170,769181
The Offspring,"You're Gonna Go Far, Kid (Nightcore & Cut Ver.)",157.33,2522833
Glamour of the Kill,A Hope in Hell,214,31814
Ouse Akira,Hiyoku no Sakura,178,2120483
katikatiyama,Koi no Uta,180,2071645
TatshMusicCircle,Yoiyami no Tsuki ni Dakarete feat. Ayane,176,1415911
CHiCO with HoneyWorks,Ai no Scenario,180,2230016
Camellia,d:for the DELTA,174,709946
Halozy feat. Tsubaki,Kyun Kyun Tamaran Inaba-tan.,180,2433072
Yuuyu feat. Megpoid GUMI,228080!,150,47110
MinusP,Shura no Niwa,200,98233
Renard,GOT MY PONY SPAM FOR YOU,210,39828
Endorfin.,Horizon Note,167,1875338
DECO*27,Monitoring feat. Hatsune Miku,132,2306569
Various Artists,Save you Save me (TV Size),190,728110
Kotoha,Yuki wa Naniiro,179,2156441
Annabel,Signal Graph Short ver,167,709530
Aso Natsuko,Lovely Girls Anthem -EuroBeatRemix-,152,498505
Ayumi.,Hanagoyomi short version,180,324828
Yamabuki Saaya (CAST: Ohashi Ayaka),Tooi Ongaku ~HEART BEAT~,168,647804
Mimori Suzuko,Sakiwau Hana (movie ver.),162,1118283
Marika Kohno,New story,165,1650693
ONE OK ROCK,Jaded (feat. Alex Gaskarth) (Cut Ver.),162,1386178
New Order,Temptation,125.21,2238368
Young Nudy,Pissy Pamper (Kid Cudi) (feat. Playboi Carti) (Cut Ver.),163,2305076
ShinRa-Bansho,U r my Nightmare,130,1685864
EARPHONES,Arakajime Ushinawareta Bokura no Ballad,198,1016966
Toby Fox,BURNING EYES,147.5,2405475
dj TAKA,snow storm,145,151033
SWORD OF JUSTICE,Asmodeus,173.34,1452407
Tinie Tempah feat. Eric Turner,Written In The Stars,91.89,2122919
FantasticYouth,Unknown Mother-Goose,222,992892
Meramipop,algorhythm,185,43524
Roselia,Determination Symphony,190,799814
Rita,Jet Loser,178,623325
Ceui,"Ima, Arukidasu Kimi e.",87,793104
Risshuu feat. Choko,Take,183,1376486
Akiri,I_O,150,2177201
Pulse,LP,174,789374
ICHIKO,YOU'RE THE ONE,157,1977605
SHIKI,Lapis,146,1543395
DECO*27 feat. Topi,Light Lag,180,32987
MC Lynn,EkiBEN2000,194,9782
COOL&CREATE,The Fastest Highest Shutter Girl,160,5561
Amane,Eternal Fullmoon,142,5240
Kagamine Rin,Love is War (Remix),144,9220
DJ Satomi,Castles in the Sky,158.88,8545
Deep Spirit,No Cover Song (Manox Club Mix),143,10053
Shintani Ryoko,CANDY POP SWEET HEART,165,10417
M2U,BlythE,180,4039
TERRA,We Are,140,846
Symphonious feat. Rossini,Tell,163,8995
Kageyama Hironobu,Ore wa Tokoton Tomaranai,186,2618
eufonius,Mag Mell,144.95,2183836
Savage Genias,Hikari no Yukue,146,4155
Taiko no Tatsujin,Haya Saitama2000,250,9917
Magical Trick Society,The Steel Samurai,140,2127
KOTOKO,Princess Bride! (Redecorate Ver.),155,2273973
Super Smash Bros. Brawl,Team Galactic Battle!,185.02,1160
hitomi,Go My Way,174.77,661
Kenjo Ito,Final Fantasy VIII Circuit,172,8534
M.I.A,Paper Planes,172,6587
Barbarian On The Groove feat.Kahina,Shinjitsu no Tsubasa,166,8492
Endo Masaaki,Environmental Superman Ecogainder,180,9601
MELL,Virgin's high! (TV Size),177,11381
Diao ye zong,Owaranu Matsuri,137,670176
Chino (CV: Minase Inori),Okashi na Yume o Ohitotsu Douzo,175,719483
harmoe,Futari Pinocchio,140,1845104
BAND-MAID,Different (TV Size),210,1314565
"BEMANI Sound Team ""Dustup""",1116,190,2559443
Agathodaimon,Favourite Sin,152,526760
yanaginagi,Tobenai Mahoutsukai,172,1334557
Good Kid,Atlas (Cut Ver.),208,2559847
Olivia Rodrigo,good 4 u,166,1500436
StylipS,MIRACLE RUSH (TV Size),168,49740
Mitsukiyo,Bunny Bunny Carrot Carrot,170,1786699
Akki,Tatoebanohanashi (feat. Megu),194,2534007
Sota Fujimori,VOLTEXES III,180,409584
Rita,Little Busters! (Nhato Remix),151,310133
Tamura Yukari & Hanazawa Kana,Mogitate * Fruit Girls,175,143556
MASS OF THE FERMENTING DREGS,New Order,173,1928513
Kitadani Hiroshi,Us! (TV Size),182,2115840
hitorie,NONSENSE,148,1963004
Neuromonakh Feofan,Tak i znay,175,876286
DJ Swan,Beautiful Angel,172,556834
Falcom Sound Team jdk feat. Kotera Kanako,way of life -Full Version-,167,1849171
Dj Kajjin feat. Mimi,Take My Hand (Nightcore Mix),168,840920
DJ TOTTO feat. Sunao Yoshikawa,Arousing,179,281801
coltrane,"zeke didn't ""invent dariacore"", i did",190,1930360
Yorushika,Hana ni Bourei,90,1157550
Nomizu Iori,Black + White (TV Size),192,77691
TRakker,Rootus,178,921638
PPP,Watashitachi no Story,165,1681090
Liella!,WE WILL!! (TV Size),175,1810199
Good Kid,Drifting,203,1703768
rejection,Signal feat. Such,175,1241769
Linked Horizon,Shinzou o Sasageyo!,160,1250057
The Quick Brown Fox,Big Money,280,101766
Kuribayashi Minami,STRAIGHT JET (TV Size),154,25360
Empty Peperoncino,End Roll Empty Peperoncino ver. (Cut Ver.),185,1361717
capitaro,Tenshinranman High Collar Hime,170,55925
Apocalyptica,Rage of Poseidon,85,226995
capsule,Starry Sky,127,2289078
"Hirano Aya, Chihara Minori, Gotou Yuuko",Tomare! (TV Size),183,1831232
Tsubaki,Kyun Kyun Tamaran Inaba-tan!,180,28441
CELLON.,Labyrinth of Darkness,202,778383
Fractal Dreamers,Blue Haven,175,751894
Toyama Nao,Winter Melody,164,1633474
Tsukino,Dohna Dohna no Uta,152,1459224
Denkishiki Karen Ongaku Shuudan,Natsu no Owari (Soleily Remix),175,1793995
Rita,Winter Diamond,190,2093285
marasy feat. Hatsune Miku,SnowMix,185,1910869
REDALiCE & aran,Sweet Requiem,190,2063381
Emiru no Aishita Tsukiyo ni Dai San Gensou Kyoku wo,SILVERY,170,2388129
Cyan (CV: Eri Inagawa) & Howan (CV: Hikaru Tono),How To Fly (Game Ver.),184,2385034
DIALOGUE+,Deneb to Spica (TV Size),180,1857924
Demetori,Kourou ~ Eastern Dream,165,1892797
COALTAR OF THE DEEPERS,H/S/K/S,207,2107071
Kyatatsu,Temotemote~,170,1093626
Ichinose Shiki (CV: Aihara Kotomi),Himitsu no Toilette,143,734093
shoujo byou,Double Cast,204,1852809
Elliot Hsu,Reality Purge,202,1508500
Dirty Loops & Cory Wong,Follow The Light,112,1582334
UNDEAD,Melody in the Dark,200,1620141
Baba Konomi (CV: Takahashi Minami),dear...,123,1838954
"Yagi Yuki, Saeki Iori, Izawa Shiori, Itou Miku, Noguchi Yuri, Mizutani Marin",Shiny Happy Days (TV Size),188,1270135
Hirasawa Ran,Konata-san no Gourmet Race,185.52,2367308
Maon Kurosaki,Emergence! (Cut Ver.),174,2243337
Yellow Zebra,Saisei ~Bird can sing~,140,2024106
Full Metal Wristcut feat. Hana,Hallucination (Re-animate),163,2315392
SEPHID feat. darkxixin,Fu Xiang Di Xin De Luo Ri Liu Hao ~ Little Raven,200,1173187
lapix,Toumei Shin'en feat. nayuta,132,2142708
PSYQUI,Hype feat. Such,172,808835
Rigel Theatre,La Sylphide,142,918630
Yasui Yousuke,YO-KAI Disco,153,1262999
Camellia feat. Nanahira,"PAPAYAPA BASS (""BASSE DE NANA"" Long ver.)",147,1022514
Mitchie M feat. Hatsune Miku,Stand Up!,180,926031
Memme,Blessing Snow,175,688128
Hinkik,Explorers,110,1861042
kamome sano,Elemental Creation (kamome sano Remix),128,1569809
NIWASHI,"(0,0)",208,1696794
Soutaiseiriron,Genesis SOS,153,1302630
DJ YOSHITAKA,Evans,185,1023491
$UICIDEBOY$ x GETTER,CHAMPION OF DEATH,120,1935146
lexycat,glitter *.+^,130,2351998
"Yun, Tamako, momiji",Haramase Oppai! Shining My Star Z!,175,2184782
FELT,white,142,307736
Sakakibara Yui,Happy Lucky X'mas,160,235599
Kitakou Bungeibu Joshikai,Fure Fure Mirai,172,337188
Jun Kuroda,Into your memory feat. Aitsuki Nakuru,190,1681473
Hayami Saori,Sono Koe ga Chizu ni Naru,161,1799323
DAZBEE,Othello,106,2401948
Kry.exe,Obedience,250,2555586
Thomas Holm,Knep Smerten Vaek,100,894768
OxT,Clattanoia,190,1945383
MonochroMenace,WHODUNIT [feat. Kasane Teto],180,2601241
Hana x monet,uncertain,180,2558660
Muzzy,Spectrum,175,595389
"Koharu Meu, AMNESIA","Yoru Meguru, Bokura no Maigo Kyoushitsu Vocal Songs Collection",185,2218929
Ogura Yui,winter tale,184,747471
Porno Graffitti,Melissa,169.97,2494349
IRyS,Omajinai,230,2275554
Camellia feat. Nanahira,GO-IN!,150,1137016
Asatsumei,II Okashi to Warui Okashi (feat. L4hee),175,2203889
D-D-Dice feat. Tsukino,I.M.I,192,2336371
Nanahira,Petals,192,1320797
mifumei (BNSI) feat. Aizawa,Isso Kono Mama de,190,1794628
NotJocks,RE:SplENDeNT DenoumeNT,190,2206458
SHK,Identity Part 5,140,171676
Viceroy,She's Taken By The Devil (Short Ver.),162,2321951
Kurubukko,Heliopause,186,2217089
Hatsune Miku,i LOVE YOU,141,30162
ave;new,Songs Compilation,130,141592
"Fujita Akane, Miyamoto Yume, Ozawa Ari",Precious You*,130,1668886
Akatin,sugoi Fukkireta wwwww,150,324792
Falcom Sound Team J.D.K.,Masquerade of Lies,155,18182
ZUN,Natsukashiki Touhou no Chi ~ Old World,150,2156450
Ichigo,YU-MU,160,17338
ZUN,Great Fairy Wars ~ Fairy Wars,159,22703
*namirin,Senaka Awase no Kuukyo (with Kakichoco),186,716249
ak+q & Redeilia,Enigma Helix,172,867825
Rhapsody,Epicus Furor / Emerald Sword,180,1065304
anubasu-anubasu,Mercury Prayer (Extend Mix),176,603755
Napoleon,Dystopia,200,988626
Camellia,Exit This Earth's Atomosphere,170,424600
Denkishiki Karen Ongaku Shuudan,Natsu no Owari (Soleily Remix),175,742785
Kaneko Chiharu,Zettai Reido,209,641201
Camellia,DON'T GIVE A FUCK,128,800640
Jerico,Do you believe a Dullahan?,175,1112914
a_hisa,Alexithymia | Lupinus | Tokei no Heya to Seishin Sekai,180,1054045
Magnum Opus,Naki Oujo no Tame no Septette,164,1712809
Mamoru Miyano,Canon,208,452107
Basshunter,"I Can Walk On Water, I Can Fly",140,10665
toby fox,Ghost Fight,112.5,1589525
Powerful T.,Over The Rainbow,157,16174
m.o.v.e,Outsoar The Rainbow,170,215837
sky_delta,Kreuz,183,347551
Kakumi Nishigomi,Hyakka Ryouran,148,73451
Mili,Rightfully,182,874895
kessoku band,Seishun Complex,190,1925617
IAHN,Pink Love (feat. Lency),167,934265
Ponchi feat. haxchi,Nyanderful <3 Summer!!,215,2138147
Shimotsuki Haruka,Ayakashibana to Yumeutsutsu,186,1671865
Ceui,Dear Smile,145,1505866
Rogue,Dreams (feat. Laura Brehm),165,1885930
Ayane,Kaikou no Fatalitaet,183,2051449
Ito Kashitaro,Kiritorisen,165,1086589
TAM,Megumeru,140,320280
Shimotsuki Haruka,Ayakashibana to Yumeutsutsu,186,2333529
Shinonome Ena (CV: Suzuki Minori),I am you,185,2444880
Rish feat. Choko,Take,183,2491684
Lady Gaga with Ariana Grande,Rain On Me,123,1173880
mafumafu,Umareta Imi Nado Nakatta.,172,1030523
IOSYS,Cirno's Perfect Math Class,175,120071
Maaya Sakamoto,Waiting for the rain,82.5,378506
Alice Schach and the Magic Orchestra,A Little Servant,164,1159419
Kawada Mami,as x sist ~Amae Beta na Watashi Nari ni~ (Short Ver.),168,2000505
acloudyskye,Downfall,160,2160354
Rin,Daishibyo set 08 ~ Furuki Yuanxian,128,1113120
Hatsuki Yura,Eclipse Parade,208,1603535
Camellia,1nput This 2 Y0ur Spine,160,1266639
At the Garret x Kekkan Orgel,Replica,152,1757630
RoughSkreamZ,Glory of Fighters,240,2240338
Rin,Eientewi set 14 ~ Another,138,1022069
LeaF,Evanescent (extended ver.),190,1057706
Ariabl'eyeS,Tsuioku no Bara,140,1232474
Aya Ishihara,Reset (Full ver),200,16641
Krimek feat. dokxid,Gravity Hole,174,1983505
Astel Leda x Kagura Nana,"Yukoku, Yume To Mimagau",186,1939940
KANA-BOON,Haguruma (TV Size),166,2341258
Shiggy Jr.,oyasumi (Cut Ver.),200,2309345
Rolling Contact,Burrowing Spider,145,2281524
Pa's Lam System,Looooooop,200,1623348
Nicki Minaj,Anaconda,130,1866977
Wakeshima Kanon,Shoujo Shikake no Libretto ~Storytelling by solita~,130,636105
Au5,Interstellar (feat. Danyka Nadeau),190,1231754
TK from Ling tosite sigure,film A moment (album version),150,943859
The Beatles,"Here, There And Everywhere",82,1443770
ZUN,Dark Side of Fate,168,16223
Catherine Warwick,Pollyanna (I Believe In You),116.98,1367
Kentaro Ishizaka,Waluigi Pinball,152,10728
Various Artists,Royal Sticker Story,120.03,1144634
Linkin Park,Numb,110.04,8506
DDR Mario Mix,Underground Mozart,168.13,2857
Junichi Masuda,Vermilion City,126,7204
Be,Shanghai Runner,123.7,17348
,Sonic X Intro,125.01,2086
toby fox,Ruins,138,2089610
David Wise,Main Theme,130.08,26811
Taiko no Tatsujin,Saitama2000,200,210
Tim Laws,Nah Nah Ne Nah Nah feat. Killer Boy Rats (TV Size),170,1689780
Sonic X,Gotta Go Fast,125.1,5235
KOTOKO,agony,132.03,302
BTS,Dynamite,114,1245804
Taylor Swift,Wildest Dreams,140,1146408
Mori Calliope,end of a life,90,1590946
DJ Sharpnel,IVALTEK,208.1,50429
Annabel,Tenohira no Rakuen,153,1678896
Yuuhei Satellite,"Anata no Shiawase, Watashi no Shiawase.",175,1919478
Ayane,Fukisokusei Entropy,77,1463818
CHiCO with HoneyWorks,Kyou mo Sakura Mau Akatsuki ni (TV Size),150,1290303
Kuriyama Yuri,Purple hype,134,1598298
Void_Chords feat.MARU,The Other Side of the Wall (TV Size),154,667020
Ryokuoushoku Shakai,"Korekara no Koto, Sorekara no Koto",154,1849137
PAGE,Expect,165,951575
Camellia & DJ Genki,Feelin Sky,174,2034706
BLUE ENCOUNT,VS (TV Size),163,1127084
Aimer,Zankyo Sanka (TV Size),171,1665513
JUNNA,Here [TV-EDIT],108,678534
Various Artists,Ijigen BIGBANG,180,2090594
Satsuki ga Tenkomori,Netoge Haijin Sprechchor,175,1919054
nyankobrq,Snorkel,160,1886230
"Kanae, Kuzuha",Not For You,172,1183720
Sakura Band,Polaroid (Nightcore Mix),165,1642230
cygnus,Lavis Moon,180,2224399
Falcom Sound Team jdk,Desert After Tears,248,1150262
MELT-BANANA,Vertigo Game,200,1876489
last little while,again,168,2088927
Shibuya Kanon (CV: Date Sayuri),Kokoro Kirarara,174,1862554
gail,except for you,199.17,1766212
Aiobahn,Towa no Utage (w/ YUC'e) [TANUKI Remix],170,1602507
Ohara Yuiko,Keishou no Uta (TV Size),118.5,1864545
REDALiCE,VEGA,191,1500555
ABSOLUTE CASTAWAY,Nazokake Alice,175,2518752
Minami,Hollowness,205,1611669
S-C-U feat. Qrispy Joybox,anemone,200,295753
Superfly,Kakusei,108,1080252
AAAA,Hoshizora no Kanransha,205,2094949
alan,Over the Clouds (2022 Remastered),130,2499364
Kalafina,heavenly blue (TV Size),157,881965
Mirage,Novyy geroy (Cut Ver.),147.35,2154370
ZUN,Kyouki no Hitomi ~ Invisible Full Moon,158,974523
Two Steps From Hell,Dragon Rider,160,619529
Marika,Truth and Light,196,1594534
Kawada Mami,UTOPIA?,194,1323233
Yoshino Aoki,Battle Spirit,145.34,472007
onoken,Akuyaku no Shoumei,125,1011574
Chicala Lpis,Blackest Luxury Car,178,1555709
remixed celas,Legend of Seeker,172,2027742
rerulili feat. Dancing Dolls,Kami no Manima ni,135,1182518
Paramore,Anklebiters,230,227990
Touyama Nao,Tomoshibi no Manimani (TV Size),160,857857
Wednesday Campanella,Melos,160,967776
Shimoda Asami & Horie Yui,Fantastic*Schooldays,170,61911
ZUN,Haru no Minato ni,155,914524
Four Year Strong,She's So High,155,2299018
MY FIRST STORY,Ashen,195,2429627
Boxplot,Escape With The Clouds,178,2394224
Shuhei Kita,Sekai ga Kimi ni Deau made,195,166000
THE BEAT GARDEN,Walk This Way,174,642004
Sano Denji,Taiko Time,170,1536761
OISHII,ONIGIRI FREEWAY,210,873667
Pierce The Veil,Southern Constellations & The Boy Who Could Fly,105,1867138
Yamato,Level One,173,2207715
Kuribayashi Minami,Tsubasa wa Pleasure Line (TV Size),180,1253167
Kano,Q & A,181,1071523
Los Prisioneros,Tren Al Sur,180.47,1156161
Nekomata Master feat. Misawa Aki,chrono diver -fragment- (Game Ver.),185,636513
Nakano Nino (CV: Taketatsu Ayana),Suki yo ~Two Hearts~,170,1787575
Camellia feat. Nanahira,"Bassdrop Freaks (2018 ""Redrop"" ver.)",179,806859
A.SAKA,Nanatsu Momijiakari,180,1867887
kegani feat. DracoVirgo,Seirennaru Heretics,102,1429623
Midnight Grand Orchestra,Yoru o Matsu yo,157,2057427
Hoshimachi Suisei,Shakunetsu nite Junjou (wii-wii-woo),177,1882711
EGOIST,The Everlasting Guilty Crown,172,218766
Tedjimo yomigY,JezoensiS,139,2272348
Silver Forest,Sentence,176,34465
Itou Kanako,Skyclad no Kansokusha -Remix-,167,33323
Choucho,Kawaru Mirai (TV Size),167,41096
Waterflame,Ricochet Love,165,2515139
Ryokuoushoku Shakai,Party!!,122,2136260
cosMo@BousouP,Last Piece ni Shukufuku to Eikou o,280,2347635
Yunosuke,Loop (feat. WaMi),114,1753970
Syrufit feat. 3L,Myosotis alpestris,134,1849016
Avenged Sevenfold,Shepherd of Fire,128,1759165
Aimer,escalate,175,1923494
TRUE,Divine Spell,160,494710
RIN,Pluto -Tenderness,200,573313
Azusa Tadokoro,DEAREST DROP (TVsize),146,646199
Duca,Revolution,145,27906
Yellow Zebra,Believe Heart!,170,15521
Avicii,Wake Me Up,124,108633
Halozy,Little Summer Party,170,39537
Sakuragawa Megu,Unreal Creation!,190,1273533
nao,Dimension tripper!!!!,188,2112310
Aoishi Miyu,Unmei no Koi nara...,180,1664261
Transcend,Eons (Original Mix),172,2370012
MOSAIC.WAV,Zensekai Teki Touch Panel,182,575247
simo,"Chou Kumikyoku ""Nico Nico Douga""",175,1080012
sasakure.UK,HeavenZ-ArmZ feat. Hatsune Miku,195,2450188
Guilty Kiss,Shadow gate to love,105,630109
Kuba Oms,Love Is My Drug,129,938844
Frederic,oddloop,172,1020990
JOYLESS,PRESS START,218,2524459
Two Door Cinema Club,What You Know,138.98,2265081
YURiCa/Hanatan,Cat Food,174,2539330
Kenji Niinuma,DISCO*PRINCE (Cut Ver.),120,1943659
Anna Nordell,Ben 10 (TV Size),146.3,790286
Numtack05,Oshimai da ze!,170,1001813
Jeff Rosenstock,Festival Song,165,2445063
Another Infinity feat. Mayumi Morinaga,Yumeutsutsu,143,96661
Takanashi Rikka (CV: Uchida Maaya),-Across the line- (Short Ver.),161,2299109
YURiKA,Shiny Ray (TV Size),183,2270042
nayuta,Wasureji no Saihate,183,2274066
Gunjo Kinema feat. YAMATO,"Jinyou Emaki Sono Ichi ""Kitsune"" ~ Kourou no Yume ~",190,2145769
Luna,over the horizon,135,2105982
Turnover,Take My Head,161,2389085
bbno$ & Yung Gravy,You Need Jesus,110,2314967
Uchu Conbini,Hikari no Kagen de Hanashita,182,1647293
Luschka,Watashi no Kakera,180,1956446
aiko,Atashi no Mukou,169,880441
Tommy heavenly6,PAPERMOON (TV Size),164,2041825
renforshort,made for you,162,2042697
Three feat. Kagamine Len,Telecaster B-boy,182,1250030
u's,Datte Datte Aa Mujou,168,250187
FantasticYouth,Koshaberi Biyori,110,2136256
MIYAVI & PVRIS,Snakes,158,2202868
goreshit,come find me,195,1106860
The Flashbulb,Hymn To The Unobtainable,142,539042
Ariabl'eyeS,Asphodelos,155,1229837
JUNNA,Here,72,2290823
FELT,Flower Flag,160,585723
ALADDIN,Kimi no Tonari,140,2180270
Rita,Yaiba ni Nokoru wa Kimi no Omokage,160,2155947
Innocent Key,Lunatic Red Eyes,180,1879868
ippo.tsk,taste the rain,140,1933643
Hiro Shinosawa (CV: Reina Kawamura),Contrast,231,2219627
monet,FOOTPRINTS IN THE SAND,100,2449299
Yoshino Nanjo,Anata no Aishita Sekai (TV Size),172,1687018
Ludicin,Clinozoisite,175,2339282
AAAA + Umeboshi Chazuke,Cait Sith,170,1848926
Kou! & KASOKUKI:Collective,Hatatagami Software,222,2403855
Xeudo Code,TERRAFORGE,200,2054926
Rabbit House feat. NezMayo,Seculo Seculorum,210,2301628
Annabel,Transient,189,1661304
BiSH,innocent arrogance,170,2197411
Rish feat. Choko,Omochachachachacha!!!!!,200,2530419
Ayane,Arrival of Tears (TV Size),200,12550
COOL&CREATE(BeatMario),Destined Marionette,186,8273
IOSYS,Alice wa Taihen na Kashi Wo Urooboe Deshita,170,11076
Denkare,Tenshi no Shitone,188,25297
Dark PHOENiX,Stirring an Autumn Moon,194,16650
Demetori,Innocent Treasures,189,15393
IOSYS,Princess Party ~Seishun Kinshi Rei~,180,14294
Lucky Star,Motteke! Sailor Fuku (Metabo Taisaku Mix),175.01,4581
IOSYS,Fascination Marisa,185,10409
Xi,Rapidity is a justice,185,10889
sphere,HIGH POWERED (TV Size),187,40060
Uchiyae Yuka,Kira Kira Kirara (TV Size),181.33,30553
Kawada Mami,Joint (TV Size),90,5551
Itou Kanako,Kinkakuji,180,28527
Mr.,"Hats, Gloves and Overalls",208,7305
Hidamari Sketch Cast,Hatena de Wasshoi,186,11056
Aa!,First Kiss (Brazilian Mix),185,8446
NANA,Concerto Note,176,24775
DJ Sharpnel,20031023,179.1,11580
Asian Kung-Fu Generation,Rewrite,179,11945
NanosizeMir,Philosophyz -NanosizeMir Ver.-,160,621677
Katakiri Rekka,Answer,224,440266
Rita,Alea jacta est!,158,112150
Hoshimachi Suisei,BIBBIDIBA,120,2158562
Imperial Circus Dead Decadence,Tensei,145,2335535
Aitsuki Nakuru,Twilight,130,2135242
DJ Sharpnel,StrangeProgram,215,5774
Camellia feat. Nanahira,Songs Compilation,175,2254957
"25-ji, Nightcord de. x Megurine Luka",Engeki,88,2194393
Camellia feat. Nanahira,I don't care about Christmas though,136,2033141
Pendulum,Immunize (feat. Liam Howlett) (Cut Ver.),174,1797536
kanemiko,Ruin in Cascade,200,2482545
Abuse,Shinjuku Jack,214,1627361
IDONO KAWAZU,Toxin,190,1885005
Sataka Ryohei feat. Aitsuki Nakuru,Killer neuron,190,1781376
Tenchio,skeleton (Lettuce ver.),190,1935287
=LOVE,Natsu Matsuri Koi Shitau,160,2543221
MOMO,DROWNING,110,2531678
sasakure.UK,-echo-: NieR Song of the Ancients / Devola ~ Song of the Ancients / Popola,140,1493195
Isekaijoucho,Anata shika Mienai no,150,2216375
Camellia,flower of wilderness,220,399727
Jisho Sonzai name-less,Jishou Terrorism,208,2001872
MOMOIRO CLOVER Z,Pinky Jones (TV Size),180,816551
The Beatles,Hey Jude,148,1725440
Gold Season,Experiment A (Cut Ver.),160,498498
yamunekop,Kimi Gentei feat. KAFU,190,2497095
Takayan,Shut up,210,1269896
Mono. feat. Hatsune Miku,Soumatou,198,2462297
Noah,Gentiana,205,1282013
Ice vs. Morimori Atsushi,RE:UNION -Duo Blade Against-,202,825993
SawanoHiroyuki[nZk]:Tielle,Amazing Trees -extended ver.-,92,787421
SawanoHiroyuki[nZk]:ReoNa,time,95,1385639
Breeze & UFO vs. Lost Witness,Love to the Stars (Radio Edit) (Nightcore Mix),175,1669959
Grant Kirkhope,Diddy Kong vs Dogadon,160,8473
Boxplot,Voicemail Poems,176,1998544
Neuron * Creamsoft,HAJI kete Synapse * Cinnamon Roll (TV Size),170,2162749
abingdon boys school,INNOCENT SORROW (TV Size),180,1898045
Camellia,Ultimate Ascension,200,597899
Reol,Streaming Heart,210,1338632
Ayane,Arrival of Tears,200,47370
Linked Horizon,Jiyuu no Tsubasa,157.47,780908
blackwinterwells x nomu,nicotine [haardtek flip],90,1486861
wavforme x Annabel,own phrases,180,830683
bibuko,Sorairo Gahou,250,106010
Infected Mushroom,Spitfire,138,725851
Maeda Jun x yanaginagi,Shiniyuku Kisetsu no Kimi e,164,2348589
"Ao Man De Xiao Rou Bao, Nana7mi",Hana no Tou,170,2256056
Yasuda Rei,Kaze no Naka (TV Size),173,1815169
"Anisphia (CV: Senbongi Sayaka), Euphyllia (CV: Iwami Manaka)",Only for you (TV Size),168,2294064
fripSide,Two souls -toward the truth- (TV Size),165,1463348
Kano,Nande,178,2127878
DECO*27,Rookie feat. Hatsune Miku,145,2180529
iFeature,Over You,170,1094434
Thaehan,Bwa !,188.5,1014936
Nemo,The Code,160,2157200
Miranda Cosgrove feat. Drake Bell,Leave It All To Me,210,772494
Eva Jagun,Enchantix (TV Size),150,1588772
Shin Agnes,Shining Star (TV Size),169,885878
Charli xcx,Club classics,145,2215605
TwoThirds,Breathe,173,1888841
Jennifer Karr,My Life As A Teenage Robot,171,676178
Madonna,Vogue (District 78's 8 Flavahz Mastermix),120,1427839
"Niclas Molinder, Joacim Persson and Johan Alkenas",Lab Rats Theme (TV Size),135,1818193
Triodust & KuensanP,Bad Karma,99.91,770084
Alain Garcia and Noam Kaniel,W.I.T.C.H. Theme Song (TV Size),143,754302
GFOTY,My Song,178.4,839251
ForeverPandering,Ante Up,97.85,1974447
wazgul,Po Pi Po (Ryu* Remix) + TF2 [MaD] feat. Ippon Manzoku.,168.4,332436
Rise Against,Bricks,171.75,273633
Ito Kanako,Fates Fall -Kibou no Kage- (Ending Version),180,979592
Ziferblat,Bird of Pray,134,2374891
Various Artists,Alternator Compilation II,150,2211027
WILLOW,<COPINGMECHANISM>,154,1956695
"Nitta Emi, Uchida Aya, Mimori Suzuko",Future style (Movie Edit),175,397719
CINDERELLA PROJECT,Shine!!,174,354019
Eoin O' Broin,Oblivion,170,37222
yuikonnu,drop,85,334985
Lie and a Chameleon,JOHN DOE,190,2189522
Maeda Jun x yanaginagi,Burn My Universe,180,2490193
Chibanyan vs. Otogibara Era,GOMIKASU -Original Mix-,150,1203052
Girls' Generation,Way To Go,180,2322162
Lily,Chloe,125,20201
LiSA,crossing field,179,1969188
Erio o Kamattechan,Os-Uchuujin (TV Size),143,2308124
PiKi,Kawaii Kaiwai (TV Size),130,2405504
La priere,Kimi to Driven Star,128,1495067
NANAOAKARI,Ashita no Watashi ni Sachi Are (TV Size),132,2318305
Yumeno Yuki,First Time,129,2106498
UNISON SQUARE GARDEN,Numbness like a ginger (TV Size),103,1932265
kessoku band,Nani ga Warui (TV Size),122,2031223
MOMOIRO CLOVER Z,Renacer Serenade (TV Size),137.22,2206776
Kito Akari,No Continue (TV Size),270,1552772
Ryokuoushoku Shakai,Mela!,138,2153852
MINMI,Shiki no Uta,92.5,1689583
YUI,again (TV Size),140,602444
siqlo,Forest Haze,174,281695
AtoZ,Date Plan A to Z,140,1329335
nao,N.O.S (Short Ver.),154,1570130
Red Velvet,Power Up,160,1997883
Suzuki Konomi,DAYS of DASH (TV Size),160,71687
Ryo to Kirin(Satou Rina to Oogame Asuka),Egao ni Naru,168,274321
HARUKI,Houkyou no Messiah (Chinese Version),184,87381
Tamura Yukari,Fantastic future (TV Size),172,2396700
Reol,Q?,180,1317625
Hige Driver,Palette,180,682416
Yuyoyuppe,Gerbera,75,897583
Rentarou Family,"Arigato, Daisuki ni Natte Kurete (TV Size)",184,2301669
Symholic,Kimi ni Tewatashita Ichirin no Hana,174,2212213
Nishino Kana,Motto...,90.02,2244257
Doda,Dziekuje,182,1908818
Imy,Ray of hope,185,1227702
chelmico,Easy Breezy,186,1863225
Dian Bo Feng,Duan Di Da Wang Nyanpasu,180,1094836
ZUN,Faith is for the Transient People,165,12119
Kozato,45nen no Yukizakura,170,36097
Yuyoyuppe,Emerald Galaxy,200,682286
Falcom Sound Team jdk,Unfathomed Force,220,1257812
Hanatan,Friction,177,1682436
Various Artists,Straight Sheep (Merry Quintet's Ver.) (Cut Ver.),166,1985103
Mu,Panorama chime,175,205654
Good Kid,Mimi's Delivery Service,205,1962744
Ceui,Hana ni Natta Shounen no Shinwa,180,919268
Nekoyashiki,Aza,170,1384189
Arm's Length,Morning Person,185,2386884
F A K E S,Last Words,139,1497474
NewJeans,Super Shy,150,2098627
gingus,homeswitcher,187,1837538
Hello Sleepwalkers,Shinsekai,190,2170226
MAISONdes,"Aiue feat. Minami, SAKURAmoti (TV Size)",167,1929198
Midnight Grand Orchestra,Allegro,178,1827010
teikuru,Deadroid,175,1657761
Coda,BLOODY STREAM,132,1075797
Takigawa Alisa,Sayonara no Yukue ~TV size~,170,406372
Streetlight Manifesto,"A Better Place, a Better Time",165,685896
Poplica* feat. Mei Ayakura,farewell,140,2318139
ESQUARIA,Loreleied - RUON Remix -,173,790734
Nekomata Master,Sennen no Kotowari (Game Ver.),153,1961589
Sabaton,Night Witches,192,1177947
kiraku,connection,175,1283352
midwxst,Smile (feat. glaive),92.48,1458846
THE ENTIRE EARTH,conic,190,2536479
Mili,Iron Lotus,138,2195155
Mili,Flowerworks,168,1560826
MYUKKE.,The 89's Momentum,128,1719730
ELFENSJoN,Akayake no Majo,254,1112439
I love you Orchestra,Tenshin -Trigger ver.-,130,1285271
kamome sano,starlights feat. TEA,174,744303
Ayane,Endless Tears...,192,801080
WangleLine,Grain Burger,200,1881362
Minori Chihara,Amy,175,1931763
shoujo byou,climactic cry,140,1959554
Son Feci Bisiklet,Bu Kiz,118,1771928
MONSTA X,Beautiful,154,589261
Unlucky Morpheus,Sekai-Rinne (TV Size),177,2232196
Dora,Samolyoty-poyezda,95,2289755
penoreri,Preserved Valkyria,220,433002
makou,Right Now,180,124390
shikiura sougo,Paralyze Girl,187.5,2179195
Sonic Coaster Pop,Super Speed POP*STAR,200.13,1833965
Virt,Choppastyle,131.83,1023284
ZUN,"Reach for the Moon, Immortal Smoke",164,8033
supercell,Rock 'n' Roll Nandesu no,200,1927622
Hinatabi Bitter Sweets,Sweets wa Tomaranai,204,1270586
USAO,Get on,204,554084
Luna,Shinsekai no Alpha,190,1191630
KiRaRe,Kimi ni Okuru Angel Yell,182,1571556
Bad Bunny,Cuando Perriabas,164,919932
Mizutani Runa (NanosizeMir),Philosophyz ~TV animation ver.~ (TV Size),160,1697306
Akatsuki Records,Bhavacakra,130,1051403
Asaka,Eternal Star,166,1109544
zts,resurrectedreplayer,140,1047159
Nhato,Delay Order,175,580214
suzumu feat.soraru,Zetsubousei: Hero Chiryouyaku The Animation,205,360441
Toby Fox & Camellia feat. Houshou Marine,Dead Ma'am's Chest,160,2224972
cygnus,The Ruby of Twilight,152,2471980
Camellia,d:for the DELTA,174,373240
Toromaru,Formless Canvas,158,1727694
MamoruP x Ryou & Micchan feat. Kasane Teto,Tachimukae! Kimi wa Kakkoii!,163.15,758172
NIWASHI,Y,170,1689372
Azari,Black Out,160,1965625
amazarashi,Getsuyoubi,172,2092837
IOSYS,Hatate's Bakkoi Murder Case,160,19491
4 Elements,I Want You To Hold Me (Nightcore Mix),170.4,732997
Rish feat. Choko,Tanaka,186,1626188
Hatsune Miku,the last effect,190,29355
Aimiya Zero,breath of stella,176,1869159
cactus flower,glide,145.02,2401780
Mizuki Nana,Junketsu Paradox (TV Size),160,1334815
BLANKFIELD,Far From Truth,250,1171995
KISIDA KYODAN & THE AKEBOSI ROCKETS,Blood on the EDGE (TV Size),224,979087
Liberatus,Doll's Garden,160,82072
Tokyo Karan Koron,Spice,130,986049
JUNNA,Kaze no Oto sae Kikoenai (TV Size),210,1680764
IOSYS,Marisa ni Taihen na Yaku de Hako ni Saremashita,170,2068755
Hasu,Karada wa Shoujiki datte Ittenno,120,2525005
Jashin-chan (CV: Suzuki Aina),Jinbouchou Aika,80,1147354
Sawano Hiroyuki,Barricades <MOVIEver.>,105,1466116
Ken Carson,Fighting My Demons,141,2174862
Monster Siren Records,Fading Sky,178,1770637
Wolpis Carter,Amako,176,1842338
yanaginagi,Strange Attractor (Cut Ver.),173,1570375
Daisy x Daisy,Towa no Kizuna feat. Another Infinity (TV Size),144,1651943
Thaehan,Insert Coin,178,2570640
Kotera Kanako,Ashita e no Kodou -Opening size-,173,127812
nano,Now or Never,138,51755
Hanatan,Kitsune no Yomeiri,175,46070
Tia,The Glory Days,184,2462681
Masaki Gaillard (cv: Kiritani Hana),Daisuki Nanda,160,603082
Rin,Kishinjou set 07 ~ Magical Storm,128,968147
Zenpaku,Blast+ (feat. DEMONDICE),160,2542866
TK from Ling tosite sigure,unravel (TV edit),135,219107
kors k,Playing With Fire (Sota Fujimori Remix),162,202252
yuiko,GLORIOUS DAYS,167,1749964
Kajiura Yuki,Pugna cum maga,90,853045
ShinRa-Bansho,Toge,109,2126210
NayutalieN,Alien Alien (feat. Hatsune Miku),152,1647839
Kitamura Eri,Friend,185,2217748
Falcom Sound Team jdk,Endure Grief,200,2280973
MYTH & ROID,L.L.L. (TV Size),208,1361680
Nazuna Shishou (CV: Yamamoto Ayano) & Kobotoke-tei Channagi (CV: Sakura Kaoru),Koko de Isseki! Oshama Scramble!,212,1438239
Qrispy Joybox feat.mao,Good-bye Tears,174,52222
SniperSnake19,Brunch (Sequel to BreakFast),180,55235
HuMeR,ChaserXX,140,1293408
Carol Malus Dienheim (CV: Inori Minase),Sforzando no Zankyou,190,2026984
Luude & Mattafix,Big City Life,174,1904442
LeaF,Mopemope,200,2063704
soowamisu,floating architecture of an abstract heaven,190,1988496
BaSTeT,DARK LEGACY,196,1713925
ShinRa-Bansho,Subarashiki Guuzou Sekai,181,2195468
Diao Ye Zong feat. Meramipop,Kyougen 'Hane Gyokuto',143,1118538
daisan,-+,185,1834005
fourfolium,STEP by STEP UP,175,2035811
Sasaki Sayaka,"Sakura, Reincarnation",181,1793397
Demetori,Kid's Festival ~ Innocent Treasures,189,242185
Kousaka Miki (CV: Kotorii Yuuka),Kaigansen,89,2163798
Ohara Yuiko,Mezame no Uta,150,2248263
r-906 feat. Otomachi Una,Supernova,196,2440836
RIM & KAF,Candy Guerrilla,145,2490320
canoue,ARCADIA ~Rakuen ni Fuku Kaze~,175,2332221
YOASOBI,Love Letter,100,2449216
Kurosaki Maon,Rakuen no Tsubasa,155,227041
Nakamura Meiko,Across the Destiny,126,794332
BIGBANG&2NE1,Lollipop,120,330647
BABYMETAL,Tales of The Destinies,200,625702
IAHN,Melody of Heaven (Original Mix),130,1017579
La priere,Habataku Kimi e,165,1961783
ave;new feat. Sakura Saori,KIZUGUCHI,130,2135594
"BEMANI Sound Team ""Sota Fujimori""",OZONE,180,1466924
VESPERBELL,Eclipse,198,1739330
GIRLS BE,Who Are You?,96,2343945
JKT48,Hissatsu Teleport,220,2222456
Reol,Saisaki,105,858075
TAMAONSEN,Gensou Kappa Koushinkyoku feat. ytr,145,2239541
fhana,white light,168,1837976
Imy,Tsuioku no Kakera,190,1264862
Sharlo,Ifuudoudou,130,445251
Sano Hiroaki feat. Tatsumi Megumi,Tsubomi (Long Version),184,1596206
"Skrillex, Fred Again.. & Flowdan",Rumble,140,1938693
WAGAMAMA RAKIA,M,224,2242943
ZUN,Touhou Chireiden ~ Subterranean Animism OST.,161,986003
Sakamoto Maaya,Buddy,173,2205250
paraoka,boot,236,50479
hapi,NTD03 ''26ROAD'' (Full Edit),180,23667
Kankitsu,Prayer,142,2196290
Mizutani Runa (NanosizeMir),Philosophyz ~TV animation ver.~ (TVsize),160,477045
Mu Rong Xiao Xiao,Ai Qing Mai Mai,95,1655701
Natsume Itsuki,Oracion,175,1974688
Hatsune Miku,Ohigan FuzzyClap,195,35942
IVE,Accendio,140,2508998
Franz Ferdinand,Take Me Out,102.19,2327807
San-Z,Original Me,128,2322805
Ito Kanako,Tsuisou no Despair,142,1457550
Sh0wtime,POWERMOVE,160,2219255
Tsumiki Miniwa (CV: Rumi Okubo),Tsun Neko no Waltz,290,50318
OLDCODEX,Heading to Over (TV Size),220,813551
rei sirose,Totemo Suteki na Rokugatsu deshita,210,1404349
ovEnola,Noose (Cut Ver.),200,1348020
OxT,HOLLOW HUNGER (TV Size),160,1807111
Endorfin.,Fatalism,154,2084016
iroha(sasaki),Meltdown feat. Kagamine Rin,165,2300839
DJ Noriken,Summerlights (Original Mix),175,1167298
Noa,Sanzen Sekai,158,2091701
Enako feat. Pmarusama.,Iden Tei Tei Meltdown,155,1918702
YUC'e,Sugary Galaxy,172,2015526
No:R,Kurenai no Yaiba,175,1384962
My Chemical Romance,Vampires Will Never Hurt You,203.09,2437969
AIRCRAFT,Kousen,193,2314691
Suda Keina,veil (TV Size),150,1004116
Yunomi,Aimai Trip (with Momobako & miko),126,1463819
Suzuki Konomi,DAYS of DASH (TV Size),160,2470970
Nanahoshi Kangengakudan feat.Matsushita,Dance Number o Tomo ni,296,353398
Spica,Yume o Kakeru!,195,2417907
Creepy Nuts,Otonoke (TV Size),170,2256947
Mizuki Nana,DNA -Dance 'n' Amuse-,106,1850710
mikitoP feat. Hatsune Miku,39 Music!,130,1824826
hololive IDOL PROJECT,Hyakka Ryouran Hanafubuki,175,1337343
Isekai Joucho,Tomedonaki Hakujou,172,1318186
tokiwa,Gemini,180,1923055
Nanahoshi Kangengakudan,Dance Number o Tomo ni,296,2494901
Ling tosite sigure,abnormalize (TV edit),175,143159
My Chemical Romance,The Ghost of You (2025 Mix),146,2388720
Last Note. feat.GUMI,Osanana Blue,148,283155
n-buna,Sayonara Wonder Noise,240,345600
Coconatsu,Ronron e Rairairai!,156,1128064
yuikonnu,AOI-IRO STEP,190,291386
Natsume Itsuki,Evil Bubble,137,2188246
Yuusha Party,Endoro~ru! (TV Size),140,935660
quilt heron,Kyrie Eleison,180,2365321
ORESAMA,Wonder Drive,160,619339
San-Z,"Honma ni ""Yada""",160,2510235
Poppin'Party,Christmas no Uta,138,700927
Aiobahn feat. KOTOKO,MOON-RAINBOW BUTTERFLY,125,2323422
THE ORAL CIGARETTES,Daikirai,180,1026283
Mochimochimocchan,Idol,166,2297482
Amane,Midsummer Festival,170,21924
sweet ARMS,Blade of Hope (TV Size),188,2304483
supercell feat. Gazelle,Melt 3M MIX,85,16027
Hyadain,Yie Ar Kung Fu Rap,130,7359
Y&Co. feat. Karin,Sweet Rain,155,32988
Boom Boom Satellites,Shut Up And Explode,150,21464
SNKP,Geese's theme,158,8821
Mizuki Nana,Etsuraku Kameria,153,18516
DJ Earworm,United State of Pop 2009 (Blame It on the Pop),130,1820755
Ave Mujica,Ether,188,2388729
Kinoko Teikoku,Eureka,74.5,1735322
Unknown Artist,Guess,140,2371923
Dance Gavin Dance,Uneasy Hearts Weigh The Most,170,2061745
Camellia,GHOST (2020 Halloween+++++++++ VIP),230,1438177
World End Symphonia feat. Yui Chinen,Checkmate,200,2271353
kessoku band,Karakara (TV Size),190,1911871
Ishihara Kaori,Starcast,180,1632709
Kotoha,Yuki wa Naniiro,179,1998388
Franz Ferdinand,This Fffire (TV Size),146.5,1857926
Internet Girl,dumb party,170,2182681
Fleur,Zov mayaka,147,1065266
nao,Komorebi Fresnel,202,88465
LeftyMonsterP,Sayonara no Kawari ni,197,224930
Ono Ryoko,POP STEP LOVE,180,57649
CON,Cruel Clocks,220,76882
Fujikawa Chiai,Yubisaki kara,135,2042295
Muse,Space Dementia,170,828659
sakuzyo,AXION,160,221595
Halozy,GO 4 IT,172,2313313
sphere,Jounetsu CONTINUE (TV Size),198,1301182
Symboli Rudolf (CV: Tadokoro Azusa),SEVEN,172,2422789
A.SAKA,Kannagi,172,2530218
siraph,damp damp,110,2404208
Ishihara Kaori,Plastic Smile (TV Size),167,2452910
Euluca Lab.,Living in a world without magic,138,1830520
"Aya Hirano, Minori Chihara, Yuko Goto",Hare Hare Yukai,172,2187842
AKI,Color of Happiness,130.01,2250158
syatten remixed celas,Bird Sprite -Awakening of Light-,182,2288387
Gwen Stefani,What You Waiting For?,136.03,8234
L.E.D.-G VS. GUHROOVY fw/asuka,LOVE IS DREAMINESS,178,1758593
Shihoko Hirata,Pursuing My True Self,119,28257
Nagisa Cosmetic,Cosmetic Happy,180,2178
Castlevania - Aria of Sorrow,Castle Corridor,137.35,8061
Susumu Hirasawa,TOWN-0 PHASE-5,125,2084826
Dj Verstarker,Jump Jump (2008),145,6004
DIALOGUE+,Omoide Shiritori (TV Size),172,1435069
ClariS,Hologram,153,673365
Camellia,"Feelin Sky (Camellia's ""200step"" Self-remix)",200,623927
RSP,Sakura ~Anata ni Deaete Yokatta~,160,1384572
hololive IDOL PROJECT,Daily~Diary~!,172,1354170
Raon Lee,Envy Baby,171,1462190
Usura & Datura,Infinity (Nightcore Mix),163.18,18793
07th Expansion,dreamenddischarger,140,36595
SHIKI,Angelic Layer (Game Ver.),146,2339283
DM Ashura,aftershock!!,157,13442
IOSYS,Midnight Lightning Bolt,155,16371
Yuuna Kamishiro,Shrill False,155,20005
ZUN,Voyage 1969,162.05,16860
dj TAKA,V -conclusion-,150,11674
Rita,Alicemagic -Short Ver.-,166,15737
QLOCKS,Aozora,130,7248
Aaron Kwok,Para Para Sakura,151,6490
Dormir,Une mage blanche,193,759524
TK from Ling tosite sigure,Bonnou,150,2043955
Polyphia,Playing God,137,2102903
Trina Lydia,Jika -ST.-,190,2484664
Zekk,Duplication,202,1132727
dark cat,BUBBLE TEA (feat. juu & cinders) (Cut Ver.),160,2215012
M2U,A Bella! (feat. Lucy),160,2339005
EmoCosine,Cutter,160,2471756
Asriel,Metamorphose,182,865017
Ryu* feat. Maki,Ponyo on the Cliff by the Sea,144,10776
SUPER STAR -MITSURU-,ALL MY TURN,170,30877
EastNewSound,Alegro?,135,13822
"Cartoon, Jeja, Time To Talk",Omen (feat. Asena),175,2042159
Kotoha,Cat Loving,163,1809604
Korone Pochi x Nanahira,Iden Tei Tei Meltdown,155,1948471
ChouCho,DreamRiser,165,68916
ELLEGARDEN,CARMINE (TV SIZE),144,2423222
Evanescence,The Change,150,1967877
GRANRODEO,ROSE HIP-BULLET (TV Size),210,2189807
halca,Houkago no Liberty (TV Size),140,1078714
petit milady,Hakone Hakoiri Musume,220,470000
Airi Suzuki,Heart wa Oteage,157,1747913
Native Construct,Mute,100,1250251
Yasuharu Takanashi,Invoke Magic,130,25127
aran,Moonbound feat. Yukacco (USAO Remix),174,610208
TrySail,azure,140,879262
sanj,last minute (sakuraburst remix),174,486920
Halozy,Masshiro na Yuki,170,1915805
Rita,Jet Loser,178,431337
Meramipop,Secret Desire - Dyes Remix -,174,697895
tsunamix,stella maris,155,2530670
Hitomi Harada,50% Alive'n'Dead,158,10368
ShinRa-Bansho,Kakumei no bullet,183,1331153
Good Kid,Summer,180,2185941
KikuoHana,Desert Theater,240,1382400
Look Vibrant,Hot Iron Wheel,180,1216073
Yasuda Rei,blooming (TV Size),173,1117528
Toyama Nao,OVER!! (Cut Ver.),189,2325294
David Wise,Gang-Plank Galleon,127.75,1046755
ClariS,HANABI,92,286423
Mayano Top Gun (CV: Hoshitani Mio),Tokimeki Scramble (Cut Ver.),168,1904755
Usa,Romeo and Cinderella,170,27122
Ogura Yui,Honey Come!! (TV Size),184,334447
queenjazz,"Reload feat. Aran P. Ink (WangleLine's ""MEGATON MISSILE"" Remix)",190,1901755
Marie,Shiroki Yami no Arabesque (Soleily Remix),178,878833
Diskoteka Avariya,Novogodnyaya,133.98,2483609
EARPHONES,Mimi no Naka e,176,364782
Demon Hunter,"Collapsing (feat. Bjorn ""Speed"" Strid)",166,1965123
R!N/Gemie,Connexion,180,1081087
Dark PHOENiX,Misshitsu ni Hanataba o (Locked Girl),165,2120920
69 de 74,Aratanaru Ketsui,189,754704
TWICE,KNOCK KNOCK,130,577837
Inori Minase,Well Wishing Word,172,2056749
Camellia,crystallized,174,2235787
Akki,Tatoebanohanashi (feat. Megu),194.1,2396738
Rita,Alicemagic -TV animation ver.-,166,60696
Todoroki Yachiyo (CV: Kitamura Eri),Colorful Days,178,1333160
Atsuko Asahi,Dolphin Shoals (On the Sea),138,2204019
ClariS,Orgel,88,1738912
tieff,Waterflow,130,938370
Rita,Haruka Kanata,66,2133882
Jeff Williams,Red Like Roses (feat. Casey Lee Williams),200,90128
Uchida Maaya,Gimme! Revolution,180,227893
AOP,Zenryoku Batankyuu (TV Version),155,430576
THE ORAL CIGARETTES,Tonari Au (TV Size),140,774119
May'n,Kyou ni Koiiro,170,425190
Ogura Yui,winter tale,184,2095365
Iguchi Yuka,HELLO to DREAM (TV Size),160,1097615
Seiryu,Waxing and Wanding,191,9738
Hanatan,Kokoronashi,84.08,314460
halca,Toki toshite Violence (TV Size),182,1250510
Nanahoshi Kangengakudan feat. Hatsune Miku,No.39,282,531488
Getty,B WiZ U,175,2054627
Shibayan feat. yana,Oznei Haman wa Mou Iranai,125,1778687
La priere,Eiketsu no Gemini,180,2156533
aran,L.F.O,180,1377112
Shimotsuki Haruka,Re:Call (Game Ver.),93.01,2233117
SMiLE.dk,Don't Believe You're Leaving (Nightcore Mix),163,1681702
Azumi Takahashi,Brand New Days -Reload-,133,2485716
Cavetown,Boys Will Be Bugs,89.24,1351621
DystopiaGround,Take my Brave,176,310811
TrySail,adrenaline!!! -TV Ver-,268,600297
Chimame-tai,Nakayoshi! Maru! Nakayoshi! (TV Size),248,2113466
Mimori Suzuko,Univer Page,187,1402367
BUCK-TICK,Kuchizuke (TV Size),152,2383799
Toby Fox,Queen,96,1583118
harmoe,Brilliant and bad,165,2083106
Pegboard Nerds,Heartbit (feat. Tia Simone),128,1557716
Sakakibara Yui,Scarlet,175,1194080
AViT,twitterloser,152.69,1365377
Outkast,Ms. Jackson,95,2062385
DJ TOTTO,Alice in Mystic Garden,89.33,1846097
MIMI,Nanimo nai Youna,119,1151466
PUP,DVP,296,1203098
Chata,len,173,1233463
Toromaru,Erinyes,195,2192970
Ben Briggs,We Could Quest Together,160,903393
Mother Mother,Hayloft II,179,1921930
t+pazolite with siromaru,Chambarising,160,1969979
DECO*27 x PinocchioP,(Not) A Devil feat. Hatsune Miku,154,1928478
A?,Arrogation (Cut Ver.),175,1311422
Kamisama Club,No. 5,164,1626872
Saitama Saisyu Heiki & Aether,"Yuuga ni Sakase, Sumizome no Sakura",226,2171520
Kuroki Tomoko (CV: Kitta Izumi),Dou Kangaete mo Watashi wa Warukunai (TV Size),148,2202259
Nico Nico Douga,Battle Against a Dangerous Yoshika,140.85,53363
Chroma,Made In Love,88,1402872
"Aihara Enju starring Hidaka Rina, Tina Sprout starring Kurosawa Tomoyo",Mirai*Girl-Enju & Tina ver.-,175,211993
Kana Nishino,Distance (TANUKI's Christmas Remix),175,541880
The Eden Project,Lost,160,247747
DM DOKURO,Roar of the Jungle Dragon,250,1242183
Minato Aqua x Kagura Mea,Aimaimoko,133,2071865
At the Garret,Catalogue raisonne,138,2364627
P*Light,2 MINUTES FIGHTERS,203,542163
Cranky,EVERGREEN,145,11219
Feint,Sky Dance,124,146251
the booyah! kids,idwtgtbt,160,2329505
justan oval,rat attack!,160,2387558
May'n,Kyou ni Koiiro,170,1600410
Sougetsu Eli,Aoi Chou,182,986329
u's,Snow halation (TV Size),173,233123
Akira Yamaoka,You're Not Here,138,2477469
Regina,Mustavalkeaa,145,2393281
Kitazawa Ayaka,fortune card,138,2530224
Cranky,Amanojaku,150,978694
HHHxMMxST,Oboro,149,650215
EmoCosine,MAGENTA POTION (Short Ver.),150,1079970
"BEMANI Sound Team ""Expander""",STOIC HYPOTHESIS,170,1415122
Tech N9ne,Worldwide Choppers,130,137377
Nordius Dystancius,Luxvinore,174,2395747
Polyphia,Playing God,137,1777892
Silentroom,Shuu no Hazama,174,1227846
xaev,my friends are so weird,170,2168921
False Noise,Kek,172,944723
xaev,toby fox discovers the hyperpop soundfont,179,2394728
Raphlesia & BilliumMoto,My Love,175,1388906
PSYQUI,Don't you want me feat. Such,152,832309
Taishi,Strayer,138,1461986
Silentroom,Nhelv,174.58,1945323
leroy,fuuuuck we were supposed to wear argyle,170,1788919
Silentroom,Nhelv,175.89,1424120
aran,Mazy Metroplex,155,1382603
Dannie May,Eejanaika,183,1931236
POLKADOT STINGRAY,Otoshimae,165,1301330
Meguro Shoji feat. Lyn,Rivers In the Desert,130,1130289
Ito Kashitaro,Parabola ~Galileo's Dream~ (Cut Ver.),142,2115823
Sasaki Sayaka,Koi Saku Mirai,168,142300
Luck Life,Kawaranai Sora (TV-version),200,505277
Tachibana Shinnosuke & Toriumi Kousuke,Ageless Love (PV Ver.),155,111074
Duca,marry me ?,160,200169
Silentroom,Nhelv,175.89,1779346
Yasunori Nishiki,Princess Fight*,171,1871558
Emiru no Aishita Tsukiyo ni Dai San Gensou Kyoku wo,Cinderella,230,1490978
DJ SHARPNEL,BLUE ARMY,182.2,2394182
Lilja Katsuragi (CV: Kana Hanaiwa),Hakusen,181,2309513
Only Monday,Dai Tae Nuek Thueng,156,2007148
Nuage,Don't Hide These Feelings,173,60092
Komiya Mao,Midnight Driving,134,35906
ave;new feat.Sakura Saori,Graceful Anomaly,164,114453
Mitchie M,News 39,132,332907
Kashii Moimi feat. HARU,Murasakiiro no Himawari,111,2445258
Suzuki Konomi,Missing Promise,224,2164315
Akatsuki Records,ENDLESS FANTASY (Short Ver.),172,2478777
"Shinobu (CV: Ootsubo Yuka), Miyako (CV: Amamiya Sora)",Motto! Futari no Par~ty~Night,222,1036068
Milkychan,Conversation,140,530432
IOSYS,shining grace,180,115246
Mediks,Nightmare,172,550808
wac,neu,199,2163125
ESTi,Zero Fill Love,132,1380859
Flambe!,Have you been naughty or nice? (Game Ver.),138.5,2295013
bbno$ & Rich Brian,edamame,106,2205532
Kenta Higashioji,Beyond the Marshy Wood,81.3,2175817
Yasuda Rei,Lots of Love,154,404289
Ryokuoushoku Shakai,Hana ni Natte (TV Size),192,2083205
Ryokuoushoku Shakai,Hana ni Natte (TV Size),192,2078340
Masaki Osami,Dream Believer (TV Size),175,38445
NicoNicoDouga,Jaka Jaka Song,162.04,17396
C.G mix,True Eyes,166,17386
NEEDLESS GIRLS+,Aggressive zone (TV Size),190,12036
seiya-murai feat.ALT,Sumidagawa Karenka,180,32523
Fukuyama Yoshiki,Makka na Chikai (TV Size),185,1191279
Saaya Mizuno,Good Day,195,24131
Himarinko L. Shizukuesu,BEAM my BEAM (TV Size),173,17738
Infinite Stratos Cast,SUPER STREAM (TV Size),180,26326
MiYAMO,Kapanet Nitori,180,16606
Akemi Kanda,1000% Sparking! (TV Size),180,12595
Nico Nico Douga,Kamijo-san & Biribiri at The Skyhigh,175.5,14300
KOTOKO,Unite + reactioN,167,49406
MUZIK SERVANT feat. TAM,Upright Blue,175,56450
Kishida Kyoudan & The Akeboshi Rockets,Rewriter,186,34376
Halozy,Secret Sister Complex,153,2314842
Misty Rain,Sakura no Sakanu wa Eiketsu no,152,59592
HTT,Girls in Wonderland,235,34427
Lizean,Shinde Shimau towa Nasakenai!,174,1052264
lapix,Carry Me Away,175,1269053
King Gnu,Ame Sansan,95,2137403
S3RL x LIDA,My Girlfriend is a Raver,175,1511331
"Junshi, 16:9 krollo",think~ fountain Confessional,188,2507606
Ironmouse & Camellia,Waifu Jam (osu! edit),150,1999975
Cocteau Twins,Summerhead,189.97,2066422
Deftones,Digital Bath,92.5,2199900
Sunny Day Real Estate,Seven,142,1300102
ONDA ANDAR,SHIPY DOWNHEAD RACING #2016 [prod. tensei],195,2239910
V0iD,The Police Have Found My Hidden Stash of Stolen Ketamine [Level 2],160,2254016
Thirty Seconds To Mars,The Kill (Bury Me),183,1988999
Diao ye zong feat. Meramipop,Shinkirou,318,628765
Demetori,Necrofantasia ~ Remix,180,2066206
Evergreen,Water Music,200,1895792
Slava KPSS feat. Lida,Gav-Gav,170,1832981
Fantasy Project feat. NDA,Dam Dadi Doo (Nightcore Extended Mix),172.33,2203280
KillerBlood,Something Spicy,180,569320
FROZEN QUALIA,ARIA,140,896551
Ameer Vann,Keep Your Distance,150,1735694
MajorLeagueWobs,"""Green Trill Zone"" (Trap Remix)",75,247243
Molly Daisy Scarpine,Extras,248,2275508
jun,SUPER SAMURAI,170,11318
Zeami,Black Rose Apostle,204,23838
Eoin O' Broin,Static,168,34824
Infected Mushroom,Sa'eed,145,775682
Nightwish,Alpenglow,148,2019548
Mili,Fable,146,770385
Sakuragawa Megu,Singing Wheel,248,1414414
Gekidan Record feat. Nekomata Master,Houkou Orpheus,150,1257522
M2U,Promise (feat. Sherie),200,1005492
Chata,Glitter,170,1796930
Poppin'Party,Returns,185,1673356
DJ Raisei,Sayonara Isekai no Tabi,200,2460050
Megpoid GUMI,Cosmos,270,37054
Tokyo Jihen,Gunjou Biyori,182,2051428
lucky,Friends of Kagami,180,2292081
Daisuke Ishiwatari,One Dawn,138,562302
OLIVIA inspi' REIRA(TRAPNEST),Starless Night,164,1866237
passchooo,"7he osu! world cup 2 dariacore 7imeline (feat. Azer, Jade & Rain)",193,2288250
Grupo Alegria,Mujeres y Cerveza (Cut Ver.),118,2230961
Zektbach,The Sealer ~A Milia to Milia no Min~,205,1067056
Feryquitous,Strahv,191,634143
Ponchi feat. haxchi,Mousou <3 Chuu!!,238,1951939
Zenpaku,Effluxion feat. Ririsya,190,1714509
Apink,NoNoNo,106,2142931
Se-U-Ra,QSHELL -Kyoshoku no Shell-,199,928283
ClariS,Umitsuki (TV Size),170,2400865
10-FEET,Spurt Syndromer (TV Size),171,2479148
Yamazaki Moe,Kenkoi Itteki,180,1888849
Aimer,Hana no Uta,80,748964
Ito Kanako,Find the blue,170,612658
Asaka,I believe what you said (TV Size),138,2435830
Sasaki Sayaka,Kiss no Hitotsu de (Short Ver.),175,2298582
Rena Uehara,Todokanai Koi (kors k Hardcore Mix),170,2417188
Lia (Veil),Kokoro ni Todoku Uta,180,1685709
Poppy,Aristocrat,94,2107005
THE HATTERS,FOREVER YOUNG FOREVER DRUNK (feat. Just Femi),185,2365992
DJ Genki vs. Camellia feat. moimoi,YELL!,170,2514455
San-Z,Stars Align,170,2356722
konets solnechnykh dney,finala ne budet,185,2326777
Ohara Sakurako,Aoi Kisetsu,148,1506791
Ironami,Melty Sweets,177,1829975
Dr. Pez,Pokemon Diamond & Pearl Music Medley,180,1912777
lapix,Ocean Blue feat. Luschel (Extended Mix),145,2334764
Roselia,ETERNAL BLAZE,155,804604
Beach Bunny,Sports (Cut Ver.),187,1468480
Cranky,Hanaarashi,170,751771
Expander,Move That Body,196,132586
Tanimoto Takayoshi,Yeah! Break! Care! Break!,161.01,45307
Rokugen Alice,SKY HIGH,170,112417
Chata,Present,163,840161
LAGOON,Kimi no Matsu Sekai (TV Size),183,289900
GIRLFRIEND,sky & blue (TV Size),157,1877293
Irodorimidori,Snow Colored Score,164,2125627
=LOVE,"Koibito Ijou, Suki Miman (TV Size)",161,2346080
SCREEN mode,LOVEST(TV Size Ver.),181,265859
YOSHIKI feat. HYDE,Red Swan,132,1053817
Eiko Shimamiya,Higurashi no Naku Koro ni (TV size),105,11423
Marie,Shiroki Yami no Arabesque,100,746689
JUNNA,Here,108,686584
Falcom Sound Team jdk,Open the Shard!,180,2413420
Asaki,Shizuku,210,1975936
King Gnu,AIZO,190,2490460
milet,inside you,150,1229732
glaive,dnd,154.7,1385550
Hyukari,Escape (feat. Moon Jelly) (Cut Ver.),174,2356281
YOASOBI,Adventure,128,2009498
Takigawa Alisa,Season,159,1029865
Rigel Theatre,Erlija Gate,124,1647145
Magdalena Bay,Death & Romance,106,2373327
Guiano,Superhero,132,775014
Nekomata Master,Instrumental Compilation,70,935839
Daisuke Ishiwatari,Condemnation Wings II,264,2076185
BLANKFIELD,Flags on the Moon,160,799898
Amane,BOOZEHOUND -original mix-,165,1724593
Mili,Paper Bouquet,212,1735006
Nagarekawa Girls,Nagarekawa Girls Song,168,215466
DragonForce,The Sun is Dead,190,2377276
AVTechNO! x Treow,DYE/Re:flection+,165,1778795
Weezer,Tired of Sex,137,2435628
Jay Sean feat. Lil Wayne,Down,132,2119888
Hail the Sun,Missed Injections,200,1236409
Safeplanet,Mai Khoei Ru,124,2248071
"Future, Metro Boomin, Kendrick Lamar",Like That,162,2275066
Troye Sivan,Rush,126,2029889
Camellia feat. Nanahira,"Niwaka 3-nen Ota 8-nen, Internets wa forever (Choubun Sumaso Long Ver.)",216,550126
Kawada Mami,Serment (TV Size),212,50161
Hoshimachi Suisei,7days,128,2037816
seatrus,ILLEGAL LEGACY,180,1932951
Mitsuyoshi Takenobu no Ani,Amphisbaena,185,576022
Hayami Saori,Yasashii Kibou,159,1799320
Memme,Chinese Restaurant,175,1631530
polysha,Hypnos Metropolis,174,2162935
KARUT,Glitch Street,160,1817644
ginkiha,EOS,175,1269063
RAISE A SUILEN,EXPOSE 'Burn out!!!',190,1562870
Various Artists,Nightcore Mix Compilation II,176.8,2454708
Shadren,Froskya,174,1999098
RuLu,Bad End Donuts feat. tug,200,2122159
Taylor Swift,All Too Well (10 Minute Version) (Taylor's Version) (From The Vault),93,1629226
Laura Marano,Miraculous,160,808310
Justin Timberlake,Selfish,176,2299958
ATARASHII GAKKO!,OTONABLUE,130,2121712
Camellia,Chirality,201,692068
The Ghost Of 3.13,Forgotten,250,55560
Tadokoro Azusa,Little Soldier (TV Size),144,912826
Sako Tomohisa,Getta Banban (TV Size),167,1044415
nano,Nevereverland,206,827875
Kendrick Lamar & SZA,luther,138,2361093
ALiCE'S EMOTiON,Last Time,170,2182821
Shoji Meguro,Pursuing My True Self,119,1934009
Uesaka Sumire,Happy End Princess,174,2079279
Catsprite overdoses on Coffee,1000000% CAFFEINE,212,1571087
DIRK.,Toothpick,190,2124648
Streetlight Manifesto,Somewhere in the Between (Cut Ver.),146.4,1984922
Akiyama Uni,Kanjou no Matenrou ~ Cosmic Mind,220,2097827
Poppy,Guardian,81,2495830
The Weeknd,In Your Eyes,100,1926557
Hoshimi Production,IDOLY PRIDE (TV Size),167,1641821
Yasuda Rei,Lots of Love,154,944339
nano.RIPE,Real World,196,59269
Kano,ghost,125,2181578
Cascada,A Never Ending Dream (Nightcore Mix),171.47,1869119
Cascada,Miracle (Nightcore Mix),168,1780238
FELT,crescent moon,187,1126588
Starset,Unbecoming,138,1108346
Cascada,Miracle (Nightcore & Cut Ver.),177.51,1542705
Molella,Love Last Forever (Nightcore Mix),154.84,18980
Another Infinity feat. Mayumi Morinaga,kotone,135,2184386
culenasm,Susume.,175,2028953
Sydosys,AKRASIA,170,2268966
Fractal Dreamers,Monolithia,190,982375
Pastel*Palettes,Kyu~mai*flower,183,1115294
Sound Souler,Bubble Flower,192,1152182
KAKO,"""if""",164,2355318
OxT,grayscale dominator,190,2159460
Syalis Hime (CV: Minase Inori),Kaimin! Anmin! Syalist Seikatsu,141,1420775
Yamamoto Kansuke (CV: Hidaka Rina) / Ootomo Sourin (CV: Katou Emiri),Barairo no Jinsei ~have a Shakin'x2 dance!~,156,2316880
Yumeno Yuki,Traeumerei,129,2051515
yassu / Komiya Mao,Midnight Driving (Game Ver.),134,2371828
CustomiZ,COOLEST (TV Size),188,941964
RADWIMPS,Sparkle [original ver.],124,1159567
Hoshimachi Suisei,"Tenkyuu, Suisei wa Yoru o Mataide",134,1600004
Luck Life,Namae o Yobu yo,82,1261295
Sati Akura,hakushu kassai utaawase,167,660130
yuiko,petit bonheur,180,627354
Baracuda,Where Is The Love (Nightcore Mix),177.12,16904
Nightcore,Festa!,160.98,14236
sekken-ya,search&caved,191.7,11538
Gorillaz,Tranz,135.13,2393855
Radiohead,Just,175.5,1988811
YonKaGor,You're Just Like Pop Music,116,2179669
Radiohead,Bodysnatchers,167.36,3080
deashou crueshi,NO MORE TEARS,196,2291461
BoA,Kiseki,104.95,150145
Camellia,Stealth-Dash,174,910031
solfa feat. Koharu Meu,Kokoro no Tobira,187,2046378
"Murakami Tomoe, Matoba Risa, Koseki Reina, Fujimoto Rina, Mukai Takumi",EVIL LIVE (M@STER VERSION),156,1954712
HIMEHINA,WWW,146,2003700
Nhato,Misogi,160,2289592
baker,Kimi ga Kimi ga -vocanico remix-,173,1954897
Irreversible Mechanism,Cold Winds,130,1030737
Lucy Bedroque,How to Pretend,95,2371868
Kano,paranoia,150,881235
TWICE,Candy Pop,174,718989
Halozy feat. Nanahira,Monosugoi Satori Gear de Reimu ga Monosugoi Uta,185,2477983
Aoyama Mio (CV: Yuuki Aoi),Platinum (Cut Ver.),164,1375987
Mitsukiyo,Rolling Beat,170,1367155
Iguchi Yuka,Hey World,180,988062
halca,Kokuhaku Bungee Jump,185,2173055
MitiS,Elements of Thought (Original Mix),174,165973
Jeff Buckley,Grace,192,2192619
Inori Minase,Snow White,155,2307995
solfa feat. Chata,Amaku Amai Mama,132,2539994
Clean Tears,SAKURA feat. Hatsune Miku (Cut Ver.),138,2595197
XX:me,Torikago,155,731356
i*Ris,Changing Point (TV Size),173,767253
Misun,Eli Eli (Maduk Remix),170,2455336
conagusuri,-Rayrain-,180,2101941
Husky by the Geek feat. Studio Nicktendo,Shadowbringers,112,1618245
Yorushika,Haru,204,2151228
Camellia,Controlled dive,184,2487321
Pat Metheny Group,The Way Up: Opening & Part One,127,1485443
Tiny Moving Parts,Good Enough / Birdhouse / Minnow,160,866806
Feint,The Journey (feat. Veela),172,767797
Solid Inc.,What I Found (State Function Remix),175,38697
ClariS,Gravity -TV MIX-,175,582785
Hyakkei,kagefumi,133,910454
Ado,Odo,128,1529362
u's,LOVELESS WORLD,157,519990
shoujo byou,Kokushi no Ombre,148,853796
utsuP,Adult's Toy,280,47846
Placebo,Fuck U,104,793041
Luschka,unravel,135,731933
Junky Infinity ChouCho,Kagaribi,109,1017972
Guo Gao Ming,Ye Mo Tuo (DJ A Zhuo Ver.) (Cut Ver.),138,2241273
a_hisa,Mind Palette,190,1182125
Beyonce feat. Slim Thug,Check On It,166,2045738
hololive IDOL PROJECT,Candy-Go-Round,134,1348412
Nobunaga,Shinkai Shoujo,137,1240218
furulan,dona,195,1866625
HoneyWorks feat. HaKoniwalily,Ninkoro Dance (TV Size),170,2354160
Various Artists,Magi Compilation,80,823657
HoneyWorks,Watashi no Tenshi feat. Narumi Sena (CV: Amamiya Sora) (Cut Ver.),168,1366605
Hoshino Gen,Koi,158,751787
Sakamoto Maaya,Mameshiba,156,1403099
HyperJuice,"City Lights feat. EVO+, Jinmenusagi (Zekk Remix)",160,663220
yuikonnu,Hoshitachi no Melody,182,1685668
seiya-murai feat. ALT,Marude Matryoshka,155,133439
Tommy heavenly6,Pray (TV Size),178,976939
KOTOKO,Just as time is running out,132,2237795
Marika,Knowing,140,1776972
SHISHAMO,Asu wa Nai,145,1230419
Perfume,Ceramic Girl,135,972726
livetune feat. Hatsune Miku,Hand in Hand,128,545820
FictionJunction,Yakusoku,130,1928050
OK Go,"Television, Television",174,18420
Happy Around!,Kokoro Odoru,113,1673028
Kobaryo,SUPER MEMORIES X [feat. HiTNEX-X],190,1309585
PSYQUI feat. mikanzil,Pallet,142,2364480
mafumafu,I wanna be a girl,140,1067733
yuki,Into Gray,180,1771240
Sakuzyo feat. Hatsune Miku,ChaiN De/structioN (siilento's solid remix),180,2124462
PSYQUI,Hype feat. Such,172,777596
Dance Gavin Dance,Man Of The Year,180,2090273
Sasaki Sayaka,Koi Saku Mirai,168,143050
NANA,Mirai no Kaze ga Fuku,165,1769792
Duca,Answer,183,1297701
Duca,Tsuki no Rinkaku (Game Ver.),170,2241876
Hanatan,Koi no Miraizu,182,2066270
xaev,berdlycore chapter 2 (part two),128,2099246
Arizona Zervas,ROXANNE (Remix) (feat. Swae Lee),175,1931211
Boxplot,First Blush,175,1922475
Shimotsuki Haruka,EXEC_PAJA/.#Orica extracting.,157,660238
Denji Sano,Taiko Time,170,24320
Toromaru,Blue Forest (Prog Keys Remix),150,1764721
Kikuo,Hole Dwelling,193,2300296
ZUN,Toragara no Bishamonten,149,1381135
Takumi Ozawa,Amazing Artist!!,153,1235246
ZUN,Shigen no Beat ~ Pristine Beat,158,2021984
LeaF,MEPHISTO,170,714024
Rohi,Kanata ni Mau wa Sakura no Senritsu,200,1175640
Lala & Haruna (CV: Tomatsu Haruka & Yahagi Sayuri),Apple Panic!? (TV Size),158,2301314
USAO,Showdown,178,446658
Nightwish,Edema Ruh,137,1108148
Sangatsu no Phantasia,Pink Lemonade (TV Size),191,2068746
Nakagawa Shouko,Tsuyogari (TV Size),198,45657
"Null (CV: Waki Azumi), Peta (CV: Ueda Reina)",#NULL!*Peta (TV Size),194,1244408
Mitsukiyo,Dream Leaf (Short Ver.),155,2325131
zts,lastendconductor,139,1897412
Yakushi Ruri,Apeiria,148,615940
Sasaki Sayaka,True Memories Symphony,152,739052
M2U & NICODE,Myosotis (feat. Guriri & Lucy),160,643513
SID,V.I.P,185,801096
The White Stripes,Fell In Love With A Girl,195,2107025
07th Expansion,lixAxil,145,37627
Shoujozenjidou,Ruten,200,1252829
Starlight Kukugumi,Kiraboshi Distance,161,2268394
rejection,Calling (osu! edit),155,1458359
kors k feat.Yoshikawa Sunao,7 Colors,156,148397
"Tomita Miyu, Onishi Saori, Ohzora Naomi, Hanazawa Kana",Gabriel Drop Kick,168,566465
Shimotsuki Haruka & Suzuyu,FLOWERS Openings Compilation,126,671135
Denkare,The Sun of Spring (Short Ver.),180,42753
Hanae,Kamisama Hajimemashita (TV Size),146,1916999
Ogura Yui,Charming Do!,174,152634
Aqours,WONDERFUL STORIES,161,720402
YUKI,Sayonara Bystander,163,678610
"Riko (CV: Miyu Tomita), Reg (CV: Mariya Ise)",Deep in Abyss,135,724343
Frederic Francois Chopin,op 10 no 2 (8-bit remix),149.79,374364
Omoi,WAA!!!!,160,1296357
Kola Kid,sea shells,200,1259096
Afterglow,Sansan,196,2185032
Sato Hitomi,Kurogane City (Hiru),170,1342228
Seeed,Ding,117,727333
Aimer,RE:I AM,72,450885
TuTuWan,Wo Ge Zai Guang Dian,150,12034
Golden City Factory,Septette for the Dead Princess,148,9269
Sayaka Minami,Under the Sky (Ryu* Remix),185,15231
Suzaku,"Anisakis -somatic mutation type ""Forza""-",185,15579
Ronald Jenkees,Stay Crunchy,140,21624
Dj Verstarker,Darkness,150.01,13653
Ayumi Fujimura,Passionate squall (TV Size),120,14030
Little Non,Hanamaru Sensation (TV Size),190,20060
Code Red,18 Mne Uzhe (Dan Winter Radio Edit),140,28926
Taiko no Tatsujin,Bouken Hiyori,130,10403
Revo,White Illusion,146,5909
Yousei Teikoku,Kikai Gensou Syoujo,260,11393
Super Junior,Sorry Sorry,130,10867
MK feat. Latte + CAMRY,Fuwa Fuwa Time,180,22572
Masayoshi Minoshima feat. StrawbellyCake,Bad Apple!! (German Version),138,13664
COOL&CREATE,Locked Girl,88.25,8727
tayori,Kaze no Tayori,130,2039089
bermei.inazawa feat. Chata,Hippopotamus,170,2474215
YUC'e,macaron moon,170,1834016
"BEMANI Sound Team ""DJ TOTTO"" feat. rionos",Simurgh no Mezame,190,1557105
Dark PHOENiX,Koiiro Master Spark,185,855751
Camellia,"chrono diver -fragment- (Camellia's ""crossroads of chrono"" remix)",191,419600
YUC'e,Future Cider,180,720558
"Yoshito Hirano, Yuka Tsujiyoko",Glitzville,106,2311494
Neru feat. Kagamine Rin,Datsugoku,189,813468
love solfege,BABEL (2019Remix Ver.),96,2377183
ZUN,Guuzou ni Sekai o Yudanete ~ Idoratrize World,170,1813899
kors k,Insane Techniques (Extended),146,456691
"Teknian, Disprove & Ordure",Lockheed,172,641496
Megpoid GUMI,Rubik's Cube,280,42061
Sakuzyo,Lantagraph,155,1762881
ELECTROCUTICA feat. yanaginagi,Illusionika,116,1145494
stellatram,EXEC_HYMME_TRUEBLUE/.,156,1319334
Camellia,Tojita Sekai,205,2354986
PUP,Kids,157,1289187
ELECTROCUTICA feat. EVO+,Moon Seeker,172,1235544
Yuzion,Jealousy,160,1588771
PinocchioP,Tonchinkan Feast feat. Hatsune Miku,145,2406963
Peter Gabriel,Big Time,116.23,2139563
Street,Hacking Code,174,584527
POLKADOT STINGRAY,Telecaster Stripe,142,969845
Blacklolita,Praeteritum,150,651006
Slam Bamboo,House on Fire,136.28,2005589
Lifetheory,Daisy,180,2217644
F9,Kagaribito,220,925536
Batory,Touhou Koumakyou Zenkyoku Arrange Medley,160,2437036
underscores,Cops and robbers,170,2151866
Sad Keyboard Guy & Gardens,Waking Shadows feat. eili,190,2257442
KOAN Sound & Asa,Tetsuo's Redemption (Billain Remix),172,354022
Radiohead,Airbag,167.94,2122619
sakuraburst,forest of the spirits,186,595796
Tsukuyomi,Tsuki ga Michiru,140,1843924
BlackY,PANAGIA,185,2475368
Camellia,"Feelin Sky (Camellia's ""200step"" Self-remix)",200,1280853
DJ Noriken,NIGHTWAVE FRAGMENTS,190,1702067
PSYQUI,Still in my heart feat. Punipuni Denki,172,2000038
Yamamoto Mineko,Cadena,100,1214274
TRUSTRICK,Recall THE END (TV Size),184,2002401
YURiCa/Hanatan,Cat Food,174,670558
"Suzuki Konomi, Okui Masami",Absolute Soul-blade-,188,289376
Masarada,Outlaws,135,2208906
Akiyama Uni,Chikurin in Flames,180,599272
Koichi Morita feat. Shiho,Shining Star,158,2182036
M2U,A Bella! (feat. Lucy),160,849369
HUMBREADERS,COLORS (TV Size),194,1707303
Riya,Over,136,9840
Banzai,Zodiac,107,4118
ALiCE'S EMOTiON,Tag (Hardbeat Remix),170,28991
Faye Wong,Eyes On Me (Almighty Mix),134,10510
Natsukawa Aika (CV: Suzumoto Akiho),#Yume wa Mijikashi Koiseyo Otome (TV Size),136,2091538
B0UNC3,Paradise on Earth,143,14218
Kalafina,believe,156,940417
Leah,Calling,130,1179
Tianshi & YAMI,Miki Miki Romantic Night (Short Ver.),164,59567
KOTOKO,Absurd,132.03,11141
GojimajiP feat. Kasane Teto,Ochame Kinou -Full ver.-,150,2089081
"Haruko Torii, Takuhiro Honda",Survival Bowling Round 1 - Game (Spectating),210,2315683
"Suzuki Keiichi, Tanaka Hirokazu",Giygas is Wounded!,185.55,897790
Hideyuki Fukasawa,Theme of Hulk,170,296157
KOTOKO,Re-sublimity (TV Size),135,2352385
II-L,LEVEL-DOWN,170,2501884
MisoilePunch,VVelcome!!,265,1235627
Trey Parker,Let's Fighting Love,160,3917
Toby Fox,Berdly,196,2421344
Ricky Montgomery,This December,140,1356004
"3L, mariapolo",WARNING!,164,92435
Shinomiya Kaguya (CV: Koga Aoi),Kotae Awase,153,1381386
zts,resurrectedreplayer,140,304672
gmtn. (witch's slave),trappola bewitching,190,1616894
Diao Ye Zong feat. Meramipop,Take no Hana,154,1318877
Boney M.,Rasputin,127,1809333
Shimotsuki Haruka,Secret Liqueur,120,751178
Sangatsu no Phantasia,Rubicon (TV Size),165,881189
Minase Inori,Yakusoku no Asterism,190,1269340
HAG,Shoujotachi no Owaranai Yoru,186,1094649
One Direction,Diana,172,156698
Futuristik,Little Bit (feat. Sethh),174,1390908
PIKASONIC & nakotanmaru,Heroine (nakotanmaru ver.),176,2367230
kamome sano,dawn(ginkiha hardcore remix),181,185766
senya,Tsuki ni Murakumo Hana ni Kaze (PV ver.),160,218633
ALiCE'S EMOTiON,Ghostly Parapara Ship (Hardcore Edit),175,27914
Slipknot,Psychosocial,135,31179
NOMELON NOLEMON,SAYONARA MAYBE,169,2477200
my sound life,Endroll,130,2287933
Ludicin,Bismuth,240,2495583
saradisk,183 - yo-kai disco,200,2310516
Emiliana Torrini,Jungle Drum,118.5,2313151
Syrufit feat. Mei Ayakura,Wheel of Fortune,132,2027922
MIMI,Marshmary,182,1195899
Lil Deuce Deuce,I Like Trains,185,40322
Noah,Glacial white,165,2224575
Kosaka Riyu,Danzai no Hana ~Guilty Sky~,180,4806
Meiko Nakamura,Emotional Rule,175,15777
Houshou Marine,Ahoy!! Warera Houshou Kaizokudan*,170,1235807
Takatsuki Yayoi,Kirame Kirari,180,26249
Kotera Kanako,Aoi Kiseki -Opening size-,178,39735
Outer,Bullshit!! Hard problem!!,210,26721
Ankou Team,Enter Enter MISSION! (TV size),159,692559
IOSYS,Princess Party ~Seishun Kinshi Rei~,180.05,48189
Tommy heavenly6,PAPERMOON (TV Size),164,1063645
Young Kee,Muteki (TV Size),204,2173752
Aqu3ra / Runami Yachiyo (CV: Hayami Saori),Hoshi Furu Umi,101,2500998
Minagu feat. Aitsuki Nakuru,Enamel no Butoukai,220,1929891
Otoydi poblizhe,Mechty romantikov (Nightcore & Cut Ver.),180,2457757
Sasaki Sayaka,Golden Mission,146,1680621
supercell,Hero,177,776932
JIN feat. LiSA & MARiA from GARNiDELiA,Yobanashi Deceive,256,952047
Zeami feat. Ayane,Senpuu no Mai (CS ver.),160,19013
SOUND HOLIC,Scarlet Eyes,158,14954
BlackY,Sakura Ranman Cleopatra,150,1595193
Annyy,Pick Me Up In The Dance Hall,136,17046
Kirsty Hawkshaw,Fine Day (Mike Koglin Mix),137,10879
Mutsuhiko Izumi,Jet World,138,4357
EXID,LADY,107,777894
Neru feat. Kagamine Rin,Tokyo Teddy Bear,204,2313885
minimum electric design,Hoshikuzu no Shoumei,165,1395697
MYUKKE.,BUNA*SYNERGY!!!,150,1294640
yuki,Itsuka no Hakuchuumu,112,1077578
Perfume,Future Pop,180,1519638
ASCA,Gyakkyou Spectrum,187,1633799
siinamota,sasameku (remodel for alpa),180,1674914
Enterprise (CV: Ishikawa Yui),Pledge of liberation,180,1830432
Liz Triangle,Immortal Philosophy,188,941212
Sangatsu no Phantasia,Collage (TV Size),138,2130996
MyGO!!!!!,Namonaki,190,1989773
KOTOKO,"Sakura Mau Saka o, Kimi to Aruku",164,163434
Tonasa,RAINBOW GIRL,175,44728
Zektbach,"Blind Justice ~Torn souls, Hurt Faiths~",165,64252
Megpoid GUMI,Iede Shounen to Maigo Shoujo (Short Ver.),165,41757
SAMString,Sakura's Fall,125,1449832
Inori Minase,TRUST IN ETERNITY (Cut Ver.),184,2130536
Blue Oyster Cult,Burnin' for You,134.5,2063036
solfa feat. Chata,hot splash!,153,1612969
Duca,Clover (Short Ver.),142,1055787
Haru,Flowering Night x Outkast (B.O.B.),154,17824
TRUE,ReCoda (TV Size),142,2163971
dj TAKA feat.AiMEE,True Blue,164,424743
DJ YOSHITAKA feat. A/I,CaptivAte ~Sabaki~,180,1656289
dj MAX STEROID,[E],152,42308
yu_tokiwa.djw,murmur twins,174,71856
ALiCE'S EMOTiON,Lorelei,172,16437
MEMAI SIREN,Nijimu Sabiiro,200,1050914
MyGO!!!!!,Silhouette Dance,166,2066973
Akiyama Uni,Azakeri no Yuugi,128,1589006
Kuba Oms,My Love (Redside Remix) (feat. Hatsune Miku),128,1388993
Hideyuki Fukasawa,Manifestation / The Great Three,136,2424744
Various Artists,Darling in the FRANXX Compilation,173,1173065
NormalM feat. Usagi Denki,Luminous Entities Lost Heart,200,2359701
FELT,Sounding Beat & pulse,198,2444992
Akatsuki Records,Taiyou no Hana -Eternal Summer-,157,1084144
Duca,Growing (Cut Ver.),161,635826
Azaleh x Stasys x Alydian,Slide,140,1784434
Kanpyohgo,Mannen Okigasa ni Gochui o -Festive Extended-,145,1985153
Kotoha,Yuki wa Naniiro,179,1996067
Dolly Dolci,Ryuusei Romance,130,1882857
Konohana-tei Nakai no Kai,"Haru Urara, Kimi to Sakihokoru",180,712869
Krewella,Killin' It (Sped Up Ver.),176,1029940
Tamura Yukari,Oshiete A to Z (TV Size),170,1846356
Shimotsuki Haruka,EXEC_LINCA/.,186,686464
Jimmy Weckl,Get Happy,150,359580
otetsu feat.Megurine Luka,umbrella,190,186340
LMFAO,"Party Rock Anthem feat. Lauren Bennett, GoonRock",130,1940198
Skillet,Hero,142,1224099
Steve Wood,Pooh Bear (Main Theme) (TV Size),138.25,2254272
"Iris Freyja(CV:Rina Hidaka), Mitsuki Mononobe(CV:Manami Numakura)",Ray of bullet,185,628968
Rita,Adabana Yumeutsutsu,115,1427657
mito,white lies (TV Size),161,817394
nonoc,Memento,125,1853174
kors k,Insane Techniques,146,1783252
Asano Ruri x Inui Toko x Shirakami Fubuki x Higuchi Kaede x Houshou Marine,MOON PRIDE,172.6,1247813
Primary,Kage,170,962325
Inakamono,ametrin,83,748416
HMNK feat. TechniKen,Greatest Memories (Full Version),137,1101757
Minato Aqua,Kaisou Ressha,164,1545061
Prico,Tomodachi kara Koibito e,191,1960919
supercell feat. Hatsune Miku,World is Mine,165,1320333
nao,Komorebi Fresnel (Game Ver.),202,1816705
Mrs. GREEN APPLE,On My MiND (TV Size),187,1502590
Hatsune Miku,Kagerou Days (Short Ver.),200,45095
Hazel Fernandes,Number One (vocal ver.),138,1884411
ORESAMA,Gimmme!,133,2114113
MYUKKE.,Beta Snow,190,2223271
Kano,Koyoi Dance ~ Hanabi ya nen,146,1923104
RADWIMPS,Sparkle [original ver.],124,1685602
Black Crown Initiate,Belie The Machine,235,1127009
KOTOKO,U (Short Ver.),180,68129
Pastel*Palettes x Minato Aqua,Fansa,176,2110794
Daisy x Daisy,Aoi Tsuki,183,968777
Rise Against,Audience Of One,162,44743
Hyper Potions & MYLK,Jelly,100,1192586
Pile,Lost Paradise (TV Size),212,2193563
Johnny Deluxe,Elskovspony,195,1609768
Elroy,ANGEL 9,100,1802486
Kajiura Yuki,Run!Cat!Run!,170,144338
Coco Jones,Holla at the DJ (The DJ Mike D Remix),178,1709601
treepside feat. Sqwore,mezhdu mirami,200,2221475
Alexandra Burke,Start Without You (feat. Laza Morgan),92,1785234
Perfume,Future Pop,180,1500361
S-C-U,heron,182,165202
Barbarian On The Groove feat. Chata,Guruppo (Short Ver.),180,1824682
pyrokinesis,Sakharnaya vata,100,1781912
Linkin Park,Breaking The Habit,200.06,173468
Yuyoyuppe,Prologue / Draw,200,1497675
bo en,My Time,199,1826975
Camellia,N.O.,150,2302416
"Tyler, The Creator",Ring Ring Ring,116,2445097
Camellia,Looking for Edge of Ground,174,2011170
Kageyama Shota,Sentou! Denshousha Higana,179,803934
Shimotsuki Haruka,Rengoku,172,2488440
Kumada Akane & Masui Yuuka,Naze? Nazo?! ANSWER (TV Size),166,2501931
Yamajet feat. Hiura Masako,Sunglow,180,712172
happy30,You spin my world,196,1933822
Zekk,Duplication,202,1667482
Shura,What's It Gonna Be?,172,2003500
EGOIST,KABANERI OF THE IRON FORTRESS (TV Edit),175,440897
cosMo@BousouP,For UltraPlayers,201,1062625
Ice Nine Kills,Hip To Be Scared feat. Jacoby Shaddix,182,1515810
Nakahara Mai,Anemone,138,9983
"Tamura Yukari, Kanai Mika & Horie Yui",Happy! Lucky! Dochy!,117.5,32116
verynezumi,Sound Test in Touhou,120,8955
MUCC,Nirvana (TV Size),180,1057449
ALI PROJECT,Yuukyou Seishunka (TV Size),126,10532
P4koo,Nick of Time,175,1262594
Jefferson Airplane,Somebody To Love,133,1888186
Okazaki Taiiku feat. Beverly,Koko,140,1394375
Inori Minase,Snow White,155,1633475
Kishida Kyoudan,Natsuiro Straight!,180,41716
AZURE FACTORY,Tsukinari -moonlit urge- Evidence ver,175,1716635
Luna,Toki to Uta (Short Ver.),178,2468125
Liz Triangle,Who Killed U.N.Owen,127,363033
Sasaki Sayaka,Innocent Princess,178,1348210
MY FIRST STORY feat. chelly (EGOIST),"1,000,000 TIMES",200,1516633
N.W.A.,Fuck Tha Police,98.63,2351370
Pratanallis feat. Meramipop,Last Letter,175,2502489
EXID,Ah Yeah,118,315323
tofubeats,CANDYYYLAND feat. LIZ (Pa's Lam System Remix),160,1045741
hololive IDOL PROJECT,BLUE CLAPPER,145,1332740
irucaice x Ichinose LUPO x Twinfield x Capchii,kiraful chain (Club Edit),178,2139428
WhiteSakata,R(eiterat)e:,188,2407278
Sakuzyo feat. Nikki Simmons,Destr0yer [Afterwar],90,1820879
AAAA,carnation,160,1967974
seatrus,V!rtuaresort,160,1575193
UVERworld,Touch off,200,1368062
Sasaki Sayaka,Exceed the Destiny (short ver.),183,650655
Dark PHOENiX,The Dark Side of Fate,145,100997
Nomizu Iori,miele paradiso (TV Size),176,1874842
Deftones,Change (In the House of Flies),141.3,1899659
Irodorimidori,Snow Colored Score,164,2091066
mothy,Itsuki no Otome ~Sennen no Wiegenlied~,200,767434
Zwei,Lyra,150,853034
xi,Mirage Garden,156,1663184
Liella!,Mirai Yohou Hallelujah! (TV Size),178,1520131
Nakasu Kasumi (CV: Sagara Mayu),Diamond,175,901878
Seia (CV: Tanezaki Atsumi),Romantic Seaside,130,2451616
Printemps,Puwa Puwa-O!,165,298138
Mischievous*Straight,To the Shining MiLie,160,1732966
HTT,Singing! (TV Size),180,127143
Aqours,Koi ni Naritai AQUARIUM,139,1382230
Suzuki Konomi,DAYS of DASH,160,66221
Atoguru,Hana no Sadame,140,169848
Shimotsuki Haruka,Kibou no Sora,169,2096572
TRUE,ensemble,80,2038918
Big Time Rush,Worldwide,80,1248347
"Shibuya Kanon (CV: Date Sayuri), Tang Keke (CV: Liyuu)",Tiny Stars,140,1857073
Sagara Kokoro,Hoshizora no Ima,185,880854
Ghetto Smosh,LEGEND OF THE PLUG!!! (Cut Ver.),74,2031425
Iguchi Yuka,UNLOCK (TV Size),186,788865
Mili,Prologue,113,1940082
Savlonic,Electro Gypsy,157,14328
Gunther,Songs Compilation,132,509075
JUN,HAPPY ANGEL,180,9177
REDALiCE,Taboo Tears You Up,180,4316
Yamajet,Over The Ocean,174,11135
Yoko Shimomura,Doctor Kokino,159.95,1669033
Sakai Kanako,Cheer! ~Makkana Kimochi~ (Full ver.),200.2,11521
NicoNicoDouga,Moruze Senshinkoku ToraDora!,158.6,4782
Crispy,The Game,138,7983
Castlevania,Heart of Fire,127.89,3906
Hatsune Miku,Happy Fruit!,192,13387
Ayumi Fujimura,Kyouran Senki ~Nichijo no Kami-sama~,175.1,8551
Kawasaki Yasuhiro,Let's!,182,1100779
Shihori,Heisei Kappa Lords,170,30841
t+pazolite,Luv-Lab-Poison 22ate!,228,9029
Shanice and Tonex,Living One on One (TV Size),99,1650332
IOSYS,Heartful Necromancer,127,12377
Kyah,Sweet Lay,140.11,27277
ALI PROJECT,Baragoku Otome (TV Size),160,9978
Yousei Teikoku,Tsuioku no Hahen -Arrange-,98,10544
Nico Nico Douga,Misaka Racing,147,10348
CommanderGwonam,Super Sky High Man,176.2,13397
Hideyuki Fukasawa,Theme of Taskmaster,148,62720
IOSYS,Marisa Tanked My Score With an Incredible Hand,170,23987
The Gregory Brothers,Auto-Tune the News #5,184,8034
Kenet & Rez,Unreal Superhero 3,128,23078
SawanoHiroyuki[nZk]:Tielle,Cage,83,1070841
toby fox,"Bring It In, Guys! & Last Goodbye",175,455403
Darren Korb,Forecast,185,705741
L.E.D.-G + Qrispy Joybox + ARM feat. Nanahira,Dokkin * Summer Adventure,180,2263875
69 de 74 feat. Komiya Mao,Stand Up!! Stand Up!!,161,2528791
Crevasse Lamp,Ichiru no Nozomi,192,1018772
Sasaki Sayaka,Will of Adamant,198,1794173
Noah,Gentiana,205,1633640
Miraidempa,"Shiru Mono wa Konomu Mono ni Shikazu, Konomu Mono wa Tanoshimu Mono ni Shikazu.",206,2320116
Rita,Aka no Sora,138,1662322
Sakakibara Yui,Scarlet (Game Ver.),175,1156235
A.SAKA,Nanatsu Myoukakitsubata,168,1598631
KISIDA KYODAN & THE AKEBOSI ROCKETS,Akebosi Rocket,163,34459
Sota Fujimori,ACCELERATE,153,852493
Yousei Teikoku,Kuraki Sekai no Doukoku (Short Ver.),160,71200
lapix,Nexta,160,1050635
Rin,Eientewi set 06 ~ Plain Asia,138,993507
YOASOBI,Yasashii Suisei (TV Size),90,1407774
HoneyWorks,"Ima, Koi ga Hajimare. feat. Mochizuki Azuki (CV: Takahashi Rie)",190,2435247
HujuniseikouyuuP,Sayonara Lechenaultia,195,65747
Kagamine Rin,Abstract Nonsense,208,39580
ginkiha,EOS -Long Version-,175,160493
Couch,What Were You Thinking,130,2414390
Ian Taylor,Scape Santa,85,688987
Ichigaya Arisa (CV: Itou Ayasa),Su-Suki Nanka Janai!,166,1689357
Yamamoto Mineko,Rinne,179,2142997
Mamoru Miyano,Identity,127,610758
Vokrug fonarnogo stolba,Cliche,180,1075017
Feint,Starseed (feat. Leah Rye),174,1868339
Mrs. GREEN APPLE,Hajimari feat. Kiyosaku from MONGOL800,245,1116729
Inori Minase,Arpeggio,133,2553543
Nekomata Master+,chaos eater -IIDX edition-,210,1248923
P4koo(Vocal.rerone),Fly High,142,490172
Ishida Youko & 501st JOINT FIGHTER WING (+Shizuka),Yakusoku no Sora e ~Watashi no Ita Basho~ (Soleily Remix),178,953239
Shimotsuki Haruka,Byakuya Gensoutan,200,667097
Falcom Sound Team jdk feat. Sazaka Megumi,Ashita e no Kiseki,184,939488
TRakker,Rootus,178,159325
Vaundy,Hadaka no Yuusha (TV Size),163,1703137
Jun Senoue,Egg Fleet,180,2639
Babe,Oh My Little Baby Boy (Cut Ver.),134,2354325
seiya-murai feat. ALT,8bit Princess,150,97932
Uchu Conbini,Compass,113,1349881
Camellia,"Chirality (""Dissymmetric"" Long ver.)",201,753501
Kami Nomi zo Shiri-tai,Ai no Yokan,160,37615
Camellia,Towards The Horizon,154.38,636393
AAAA,Houseki no Furu Yoru ni,118,1847694
Trial & Error,Ashita e tobutameni (Short Ver.),168,2461797
Dark PHOENiX,Locked Girl - Shoujo Misshitsu,206,310687
NOAH,Bintang di Surga,75,1955456
Kanzaki Elza starring ReoNa,"step, step",140,1337889
D-51,BRAND NEW WORLD (TV Size),160,1131498
Satoshi Terashima,GO GET'EM,146,1860990
xi,Zauberkugel,153.5,554892
ZUN,Shinkou wa Hakanaki Ningen no Tame ni,165,2235405
Sasaki Sayaka,Koi Saku Mirai,168,2140079
ULYTAU,Teriskakpai,145,752470
Enako feat. Pmarusama.,Iden Tei Tei Meltdown (TV Size),155,1910726
Amamiya Sora,PARADOX (TV Size),166,1132121
STEREO DIVE FOUNDATION,Renegade,135,329657
Mami Kawada,sense,168,325638
Empty Peperoncino,Hoshifuru Yoru ni,230,1417164
Onishi Aguri,Elder flower (TV Size),120,1511491
PSYQUI,Hype feat. Such,172,792606
San-Z,Burning Desires,128,2271680
EastNewSound feat. nayuta,"Hiiro Gekka, Kyoushou no Zetsu -1st Anniversary Remix-",150,1483410
Okazaki Taiiku feat. Beverly,KOKO -ENG Ver.-,140,1845027
yanaginagi,Tokohana (TV Size),169,1059162
SHISHAMO,Kimi no Tonari ni Itai kara,166,1262608
IOSYS,"Madoite Kitare, Yuuda na Kamikakushi ~ Border of Death",160,1233973
Yazawa Nico (CV.Tokui Sora),Nicopuri Joshidou,200,358420
KAF feat. KAFU,phony,170,1654426
Leo/need,Asu no Yozora Shoukaihan,185,1640622
Hanyuu Miina,Koi Dayori,135,1966286
Ayane,Close Your Eyes,150,1190434
07th Expansion,dreamenddischarger,140,16258
EastNewSound,I Wish You Would Die,142,20068
Mikami Shiori & Ookubo Rumi,Onna to Onna no Yuri-Game,175,45316
scop,Keppekishou,190,70115
Sakakibara Yui,Koi no Honoo,200,8511
Sheena Ringo,Kabuki-chou no Joou,134.1,2131563
Sumire Uesaka,Bon Kyu Bon wa Kare no Mono,154,1728916
TERRA,Hana Ranman -Flowers-,160,114993
3L,Extend Ash ~ Hourai Victim,170,8593
_yoc,Crescendo,172,10033
Amane,"Snow, White, Echo",145,34365
Zeami feat. Ayane,Senpuu no Mai (AC ver.),160.04,21691
Toromaru,Shounen wa Sora o Tadoru Prog Piano Remix,140,1197597
vivid undress,HAYARU YOROHIYA,147,1829285
Sho Fish,Koi to Shuumatsu Ryokou,190,1796899
Children Of Bodom,Tie My Rope,132,1073487
Yoko Takahashi,Zankoku na Tenshi no These,128.84,769703
Gekidan Hitotose,Curtain Call!!!!!,205,633693
Hanayori Girls' Dormitory,"Koko kara, Koko kara",175,1129434
Little Non,bloooomin',178,2395518
solfa feat. Ceui,brand new day,169,825760
Kanon Wakeshima,Sakura Meikyuu,170,746205
project-ALCA-,Neoage Dreamers feat. yanaginagi,163,325259
Silver Forest,"Sora ni Mae, Sumizome no Sakura (Cut Ver.)",150,2039084
Suzuki Konomi,Realize (TV Size),206,1191103
ONE OK ROCK,Jibun ROCK (Cut Ver.),166,1219488
Roselia,Ringing Bloom,195,928615
Asaka,Wayawayawa-! (TV Size),134,2156286
"kweetee, maryy",milyy khrust,159,2523832
yanaginagi,Yukitoki (TV Size),164.5,2280043
GROOVE DEALERS,Escape (feat. Xirou),170,2078948
Camellia feat. Nanahira,Touhiron,244,884977
Beyond Creation,Omnipresent Perception,137,1249121
Camellia,[BLEED BLOOD],165,1021338
System Of A Down,Sugar,132,2361010
Utsu-P,ATARI FRONT PROGRAM feat. KAFU,85,1443188
Rameses B,With You,174,336921
Lil Skies,Falling Backwards,190,2426394
Various Artists,HUNTER X HUNTER COMPILATION,160,907491
Marmalade butcher,Mirage Age,154,1624087
Tatsuya Kitani feat. BABYMETAL,Kasuka na Hana (TV Size),184,2491906
100 gecs,Torture Me (feat. Skrillex),157,1900485
Myu,Panorama chime (Short Ver.),175,80200
Miqz,Sound of My Dream,140,825507
Rameses B,Prometheus,174,1795606
Various Artists,Isekai Girls Talk (TV Size),170,991516
Yamamoto Mineko,Rinne,179,951409
HyuN,White Aura,200,996898
Kim Leoni,Emergency (Nightcore Mix),174,45791
bbn,Perpetual Trauma,174,1056233
Tsuneki Hikari (CV: Sakura Ayane),Shunkan Happening (TV Size),187,1431667
Taketatsu Ayana,Little * Lion * Heart,178,1553037
solfa feat. nao,Love Love Sensation (Short Ver.),187,1684879
supercell feat. Hatsune Miku,Black*Rock Shooter 2M MIX,165,1774653
MYTH & ROID,L.L.L.,208,908637
Children of Bodom,Downfall,199,1123806
ZUN,Magus Night,167,44435
Sengoku Nadeko (CV: Hanazawa Kana),Mousou Express,101,1034108
SYNC.ART'S feat. Misato,The Deep Flame of Autumn Sky,168,16642
Rin,Mythic set ~ Heart-Stirring Urban Legends,128,676064
Diao Ye Zong feat. Meramipop,Kirisame Eversion,141,867426
Tu Tu Wan,Wo Ge Zai Guang Dian,150,2334923
KIM SEJEONG,Warning (feat. lIlBOI),90,2009093
Marcioz,Mate Um Bonito Hoje Mesmo!,138.22,2445935
Electric Six,Gay Bar,172,9550
Kumiko Noma,Lilium (Haz Remix),146,16582
Maverick,Shironaga Star Jet -aquamarine mix-,170,1012634
44teru-k remixed wa.,Isetsu Higanbana Daini -Shuusei no Lycoris-,175,2457665
yuchaP,Pokerface,184,1703042
chano & 40mP,Natsukoi Hanabi,158,1801638
L.E.D.,THE LAST STRIKER,185,1085929
SCANDAL,Platform Syndrome,210,741975
Kaarija,Cha Cha Cha,155,1956893
Twenty One Pilots,Snap Back,140,2293344
Mr. Funky,Break!,167,44222
T.M.Revolution,resonance (TV Size),165,1194877
Roselia,ZEAL of proud (Game Ver.),195,2384732
La Oreja de Van Gogh,Dulce Locura,132,1241389
E-Type,If Heaven Were to Fall (Nightcore Mix),157.55,30244
Three,Kuuchuu Bunkai,200,1644447
Froggy Mix,"No Nagging (Na-Na, Na, Na, Na)",134,76315
TRUE,Soundscape (TV Size),186,549322
Hana,Eden's Song (Game Ver.),162,2315051
Oishi Masayoshi,Otomodachi Film,158,2154278
RO-KYU-BU!,Rolling! Rolling! (TV Size),175,103588
Mrs. GREEN APPLE,lulu. (TV Size),175,2494133
DragonForce,Razorblade Meltdown,180,2361710
James Landino,Aresene's Bazaar,155,1971987
Receptor & K.I.R.A,Lullaby (Cut Ver.),173,1221743
Suisougurashi,"Ameagari, Natsu no Kyori.",128,1792895
the peggies,Ashiato (TV Size),164,1694381
Shakira,"Suerte (Whenever, Wherever)",109,1348326
Suzuki Aina,Etonyanran (TV Size),143,1743860
Official HIGE DANdism,Mixed Nuts (TV Size),150,1743778
Giga,CH4NGE feat. KAFU,115,1826534
Native Construct,Come Hell or High Water,150,1298401
Ogura Yui,Himitsu <3 Melody,174,2260533
Inori Minase,Fragum (TV Size),151,2286962
Megumi Nakajima,Watashi no Sekai,170,559644
petit milady,Seishun wa Tabemono desu,185,663138
SIDxRAM,RAMSING,174,1137778
Sayuri,Koukai no Uta,180,1105767
TK from Ling tosite sigure,first death (TV Size),164,1894662
nano,KEMURIKUSA (TV Size),143,912993
DA PUMP,No! No! Satisfaction! (TV Size),145,1796008
"Tyler, The Creator",I Ain't Got Time!,109,1844850
Black Eyed Peas,Pump It,153.62,1955553
Xanthochroid,Toward Truth and Reconciliation,160,1474871
American Football,Never Meant,143,930569
yumemidoll,Lyrith -Meikyuu Lyrith-,177,757681
Puru,Homura,180,837924
Euchaeta,Sono Iro,94,1590203
Susumu Hirasawa,Pacific Rim Imitation Network,79,31119
Kalafina,Kimi no Gin no Niwa,148,132044
Isekai Joucho,Anagura-gurashi,96.5,1414646
GHOST & Vane feat. Kevin,Reckless Battery Burns,126,1922542
pazi,Shoujorei,150,1769050
Kendrick Lamar,m.A.A.d city (feat. MC Eiht),91,1879010
Megpoid GUMI,Poker Face,184,24782
Joost,Filthy Dog,172,2272606
Natsume Itsuki,Checkmate,170,2359730
QUOK,Bezhim,172,2347553
Amehurashi,Kimi Sketch,174,1582517
"lily, sayonara.",Haru no Yuki,132,1297978
UNDEAD CORPORATION,Datura,140,1020613
meiko,AOI-IRO STEP,190,262411
Will Stetson,Rainy Boots,144,1557729
Diao Ye Zong feat. nayuta,Akumu no Hate ni Miru Yume,140,1039388
SYNC.ART'S,"Mienai kara, Mieru Mono.",148,725159
halyosy,Snowman,127,688590
Asakura Momo,Hana ni Akai Ito,170,979061
Shimotsuki Haruka,Konpeitou Retrotica - Another Flower ver. -,82,401324
Shirogane Miyuki (CV: Furukawa Makoto) & Fujiwara Chika (CV: Kohara Konomi),My Nonfiction (TV Size),155,1759891
My Chemical Romance,All I Want For Christmas Is You,164.5,208736
Mr.Kitty,Resurrection,130,1057847
Ricky Montgomery,Dont Know How,125,1298909
Haloweak,Narwhal,138,1173876
yanaginagi,Vidro Moyou,131,1202515
Shimamiya Eiko,Naraku no Hana (TV Size),109,1713658
loadcode,save me fox girl!!,123,2267190
Monster Siren Records,Ambiguous Morality,133,2279556
Harumaki Gohan feat. Hatsune Miku,Melty Land Nightmare,140,1029792
NoAki,Eleven Night,123,2412694
Hoshimachi Suisei,I don't care (TV Size),134,2352925
ESTi,Fly Away,166,2130056
Ricky Montgomery,Snow,150,1086534
kakeyan,Sounds sound. (feat. Nenne),174,1655740
Suzuki Konomi,Reweave (TV Size),183,2255535
Fujita Kotone (CV: Iida Hikaru),Sekaiichi Kawaii Watashi,176,2181276
Seth Everman,"how to create billie eilish's ""bad guy""",135,955816
KikuoHana,Kami Ningyou,240,1486223
*namirin,Songs Compilation,180,588370
Asaki,Sorasumi no Hiyo to,230,2399337
smileY inc.,Hanayuki (TV Size),146,1055752
mimimemeMIMI,Sayonara Usotsuki (TV Size),182,1558261
Tsubaki = Yayoi (CV: Imai Asami),Shinsou,244,579130
Lorien Testard feat. Alice Duport-Percier and Victor Borba,Une vie a t'aimer,180,2504431
Chi Guo (CV: Ke Ke Wei),Liu Guang Zhi Yu,175,1095417
Pastel*Palettes,Baby Sweet Berry Love,170,934858
Koko,Angelic*Sensation,180,661476
LEMiao feat. YooSanHyakurei,Sink into Nightmare,145,925924
CORO MACHIKADO,YOIKAGEN TETRAGON (TV Size),166,1740159
BRIGHT,Ichinen Nikagetsu Hatsuka (Cut Ver.),119,1580730
Ouse Akira,Hiyoku no Sakura (Cut Ver.),178,1656553
BRIGHT,Ichinen Nikagetsu Hatsuka,119,1652328
JANK,Versace Summer (Cut Ver.),188,1719491
Yukinoshita Yukino (CV: Hayami Saori) & Yuigahama Yui (CV: Touyama Nao),Kimi to Merry Christmas,145,694550
Demob Happy,Autoportrait,149,2236457
Yousei Teikoku,Mischievous of Alice,185,1901796
Go Ichinose,Shitennou Toujou!,133.45,338333
Aoi Eir,Hoshi ga Furu Yume (TV Size),123,1053771
OutputP,Negai Hana,148,119990
NIGHTMARE,Alumina (TV Size),185,831192
Stamper,6 in a Row [MATURE CONTENT],95,933
Phoenix Wright - Sugimori Masakazu,Compilation,134,2085
BACK-ON,Flyaway,186.04,7662
Katakiri Rekka,Moe Ochiru Hokori -Counter raid Another D-,244,817967
Nagase Mana (CV: Sayaka Kanda),Hoshi no Umi no Kioku,175,1664742
Fireflight,Unbreakable (Sped Up & Cut Ver.),111.4,2115460
Demetori,Furuki Yuanxian,200,2434263
yuikonnu,Souzou Forest,180,304871
Tha Trickaz,LGND,175,670373
Kon (CV: Hondo Kaede),Deaete Yokatta,188,1962656
Orphaned Land,The Cave,196,1282925
lapix,Day by day (PSYQUI Remix),170,1318545
Igorrr,Opus Brain,175,918706
Camellia,"d:for the DELTA (Camellia's ""PLANETARY//DUBSTEP"" Remix)",150,2377403
OSTER project,piano x forte,140,1296249
Diao Ye Zong feat. Meramipop,Saifu 'Kamiasobi no Uta',154,767154
Eban'ko,Landyshi,136.77,1719629
HATSUBOSHI GAKUEN,White Night! White Wish!,175,2287936
Shigure Ui,Ui Mugibatake de Tsukamaete,168,2268913
Kano,Platonic Love,190,1122706
(K)NoW_NAME,crepuscular rays,180,642706
Aya Hirano,Bouken De-show De-show?,150,531426
the GazettE,CLEVER MONKEY,130,2015824
Yumeji Ayumu,Somnidiscotheque,115,2084864
Schwank,OPEN YOUR 3RD EYE,233,2014288
Machico,Korekara (TV Size),162,770524
TK from Ling tosite sigure,White Out,141,670872
Kalafina,red moon,166,729156
Alisa Takigawa,Sayonara no Yukue ~TV size~,170,727098
WALK THE MOON,Shut Up and Dance,128,421156
Duca,Naisho no Honto,150,768075
Kokoro (CV: Hayami Saori),Darling (TV Size),173,1533460
Linkin Park,Guilty All The Same (feat. Rakim),200,1590600
aki,Starting Days!!,192,1884565
Culprate,Beast (Vorso Remix),172,1552826
Demetori,Fall of Fall ~ The Door Into Summer,180,574853
yoshiki*lisa,Destin Histoire (TV Size),166,1713118
"ginkiha, Shiki",Once in a life,171,1364885
Kido Ibuki & Yamazaki Erii,pupa,240,691223
Hiromi Sato,Jiyuu no Hane,96,703718
Yorushika,Deep Indigo,210,1069182
Yuzuki Tina,Egaiteta Yume,144,1756422
JINDOU,Kaisei Joushou Hallelujah (TV Size),230,2328493
ParagonX9,Infinity,190,1166022
Cafune,Tek It,147,1802533
Function Phantom,Euclid,175,419614
Kanbaru Suruga (CV: Sawashiro Miyuki),the last day of my adolescence,177,1838686
Imy,Nostalgic Finder (feat. Kotoha),154,2375259
Pierce The Veil,Hold On Till May (feat. Lindsey Stamey),146,1988187
Symholic,Ginpatsu no Miko,145,1000676
Diao Ye Zong feat. Kushi,Yuumeikyou o Wakatsu Koto,151,730355
Boys Like Girls,Holiday,120,2336268
Nelga,Ideal -tRuE blooD-,182,437014
HoneyWorks feat. sana,Ima Suki ni Naru.,170,2176437
Hanekawa Tsubasa (CV: Horie Yui),sugar sweet nightmare (TV Size),166,2279298
Oosuki Mamako (CV: Kayano Ai),Tsuujou Kougeki ga Zentai Kougeki de Nikai Kougeki Mama (TV Size),161,1676017
ave;new feat. Sakura Saori,Graceful Anomaly (Short Ver.),164,2177559
Tomatsu Haruka & Iguchi Yuka,Kiss(and)Love (TV Size),160,148249
KikuoHana,Soko ni wa Mata Meikyou,140,1581399
Ryo to Kirin(Satou Rina to Oogame Asuka),Shiawase Graffiti,133,293233
Frank Klepacki,Hell March 2,100,28650
Kraus,Bum,158,1693773
Hatsune Miku,Falldown,200,17118
TOMOSUKE,Ergosphere,170,53547
ziki_7,Mjolnir,168,695292
DJ Okawari,Flower Dance (Short Ver.),200,34469
Tamura Yukari,Himitsu no Door kara Ai ni Kite,184,153141
gle6,"smile, sweet, sister, sosister",152,759957
Ceui,Finest Sky,176,433506
Bring Me The Horizon,sTraNgeRs,183,1807389
Lie and a Chameleon,Paradigm 4210,188,2265109
Kawada Mami,Serment,212,1759055
kanemiko feat. usagidenki,Impermanence,194,2491162
Thaehan,Angry Birds Epic (Remix),195,2536001
Susumu Hirasawa,Switched-On Lotus,230,10977
illumination STARS,Spread the Wings!! (illumination STARS Ver.),170,1060694
Function Phantom,Index (feat. Thinktec),172,1551112
765PRO ALLSTARS,READY!!,174,41121
solfa feat. Shimotsuki Haruka,leap in your mind,105,1376340
kors k,SigSig,179,23291
B0UNC3,Paradise on E,143,2177857
Saki Cast,Netsuretsu Kangei Wonderland (TV Size),180,2347250
PSY,GANGNAM STYLE,132,1822759
Ether,Selnfra,120,2274929
Monster Siren Records,Under Tides,240,1768186
Diao Ye Zong feat. Meramipop,Kaeruhime,108,2503873
NEGOTO,Synchromanica,148,673290
Asaka,Sun Is Coming Up (Movie Edit),104,1801304
Luis Fonsi feat. Stefflon Don,Calypso,110,802789
Shin Sakiura feat. AAAMYYY,NIGHT RUNNING (TV Size),117,1204304
xaev,the elon musk soundcloud acquisition,142,1964791
Kamiyama Yoh,bunny,128,1070206
dj-Nate,Clubstep,128,1857624
HOYO-MiX,Blossoms of Summer Night,145,1810591
Central Cee,Doja,140,1879212
Nekomata Master feat. *spiLa*,Clumsy thoughts,153,2149382
Soushi Sakiyama,Uso Janai,84.5,1572017
Duca,Brightest star,161,1670126
Aya Hirayama,Sayonara Rolling Star,164,731892
mochiutsune,Hayari no Ice,145,2176099
LeaF,Evanescent,190,227126
HOYO-MiX feat. Mika Kobayashi,Honkai World Diva (Movie Ver.),160,2229069
MitiS,Living Color (Dezpot Remix),174,533518
Memme,Pandemonium,210,734190
Aries,DITTO,93,1474180
DJ SNAKE & LIL JON,TURN DOWN FOR WHAT,100,444877
"Toko Inui, Hibari Watarai",World Lampshade,193,2306228
Laica,timecapsule,192,2074414
U-ske,High-School QUEEN!!! (feat. Suzushiro),200,2337848
Various Artists,Anime Songs Compilation,180,343728
Poppin'Party,STAR BEAT!~Hoshi no Kodou~,195,650607
Yukinoshita Yukino (CV.Hayami Saori) & Yuigahama Yui (CV.Touyama Nao),Kimi to Merry Christmas,145,395496
Crazy Loop,Famikon,140,4594
HHH (Ryu & Dai),So Fabulous!!,149,15977
"Hiroshi Yamaguchi, Masami Ueda",Ushiwaka's Dance,150,4738
Blue Stahli,Bulletproof,130,23411
MAXIMUM THE HORMONE,Zetsubou Billy (TV Size),180,1040265
Hatsune Miku,Dou Iu Koto Nano!?,175,36198
9nine,SHINING STAR (TV Size),136,28932
Ito Kashitaro,Kyouhansha,155,751956
Hanatan,Kokoronashi,168.16,1984028
fiend,2DF2,155,1797340
Suzuki Konomi,Reweave (TV Size),183,2261867
Meg & Dia,"Are There Giants Too, in the Dance?",120,34666
Foreground Eclipse,Last Liar Standing,158,2119262
Ren Kagamine,Aku no Meshitsukai,120,9357
Gunther,Christmas Song,128,11096
Murakawa Rie,Distance,177,2081505
Kawai Sprite,Ugh,160,1514399
Yumeno Yuki,THE APPLE IS CAST!,197,879244
Mediks,Doomsday,172,545677
Kano,Toy-toi,194,389777
Sasaki Sayaka,Marine Blue ni Sotte,180,111121
Ariabl'eyeS,Arcadia,200,2010809
Natsume Itsuki,Alteregoism,180,2209565
Jessie J,Do It Like A Dude,140,2366986
wotoha,TESHiKANi,175,2019216
ShinRa-Bansho x COOL&CREATE,Saishuu Kichiku Ze~nbu! ShinRa-Bansho,200,2098437
Ryokuoushoku Shakai,Hana ni Natte,192,2148734
Kawada Mami,Wings of Courage -Sora o Koete-,160,185572
Kageyama Hironobu,Kishin Douji ZENKI (TV Size),152.08,1067620
Aether Realm,Guardian,77,1273712
otetsu feat. Megurine Luka,"Minamo no Sakura, Yume wa Sakayume (Cut Ver.)",200,2326920
Jane Remover,JRJRJR,153.34,2303788
Reflection of Glory,The Hound of Heaven,170,1754631
Protolizard & ColBreakz,Nevermind,155,2282978
KEiNA,Karen Setsugetsuka (Short Ver.),180,1921678
Tonon,Shirayuki ~sirayuki~,89,429316
Hoshimachi Suisei,Pieces,83,1715146
Primary,Brand-new color!!,160,1486843
Camellia,Kimi ga Shinu no o Nagamete Iru yo,178,945476
nano,"No pain, No game",190,178029
G4lvatron,Walking In Style,160,1650085
KIRISAWA TAKT (CV: MIYANO MAMORU) & MUTSUKI HIJIRI (CV: KENN),STARDUST LOVERS,87,914940
King Gnu,Sanmon Shousetsu,88,2144704
OxT,GO CRY GO,202,1896294
Nothing But Thieves,Amsterdam,168,703956
Watahana Ame,Yurushite Neko!!,166,2147198
solfa feat. Ceui,brand new day (game ver.),169,2307727
onoken,F-mine,172,1614761
MuryokuP,Overture,192,122520
glass beach,glass beach,150,1908090
Reid Speed & Ahee,Overtaken (feat. Heartwurkz),174,898881
ClariS,Luminous -movie MIX-,173,265805
Rin,Kishinjou set 10 ~ Reverse Ideology,128,1019506
M2U,Velocity,160,593985
Tsukino,Phalaenopsis-reaction,165,2000926
ALiCE'S EMOTiON,Colors,160,29254
TERRA,HANA RANMAN (Flowers),160,449
ALI PROJECT,Seishoujo Ryouiki (TV size),137,8962
u's,Sore wa Bokutachi no Kiseki,180,167252
Genkaku Aria,Velvet Romancer,190,1557663
Team dmp*,Happy Happy! Christmas,184,371895
fhana,The Color to Gray World,108,525663
Panic! At The Disco,Don't Threaten Me With A Good Time,91.88,456755
Gaho,Running,140,1297488
"Daisuke Ishiwatari, Koichi Seiyama",AWE OF SHE ~Dizzy's Theme~,240,59370
Rigel Theatre,L'Equinoxe,132,2193835
Warak,Un Final Feliz,160,678444
Sangatsu no Phantasia,Hanabie Ressha,137,1713487
Imy,Just believe,190,1237988
Kawada Mami,as x sist ~Amae Beta na Watashi Nari ni~ (Short Ver.),168,1807404
Taneda Risa,Wareta Ringo,120,106498
Kawada Mami,Serment (TV Size),212,43162
Acid Black Cherry,Pistol,190,1898062
solfa feat. Chata,Miracle infinity,180,104315
Fetty Wap,Trap Queen,148,433076
eufonius,Ornis (Short Ver.),160,2306081
USAO,Extra Mode,195,811948
Kawada Mami,Serment,212,1125776
"Aqua (CV: Amamiya Sora), Megumin (CV: Takahashi Rie), Darkness (CV: Kayano Ai)",Ouchi ni Kaeritai,91.25,2024081
M2U,Wicked Fate,140,2172441
Ayano Mashiro,Shoudou (TV Size),135,895595
Phao,SU NGHIEP CHUONG,127,2351431
Kano,Keppekishou,190,2108343
Kotoha,Yuki wa Naniiro,179,2055179
CIEL,Kuuchuu Sanpo,168,2311937
Imy,Seimei no Tomoshibi,202,2042767
SHIKI,Mercury Lamp,147,23169
Shimotsuki Haruka & Yamamoto Mineko,Masterpiece!,178,1259704
Ken Hirai,Pop Star,139.86,8641
Olivia Rodrigo,drop dead,130,2589764
Shoji Meguro feat. Lyn,Life Will Change (Cut Ver.),132,2208058
Sound Online,Hydrangea,146,16768
Rita,Little Busters! -TV animation ver.-,151,60697
Such,Salvador,180,1547326
HyuN,Quicksilver,195,2244538
ROUND TABLE feat. Nino,Let Me Be With You (TV Size),132.25,1355292
Liella!,START!! True dreams,178,1703724
Isekaijoucho,To the endless sky (PV Ver.),128,2453440
Marilyn Manson,This Is Halloween,168,2410816
ROUND TABLE feat. Nino,Let Me Be With You (TV Size),132.21,1173237
ONGEKI SHOOTERS,HEADLINER,128,2563834
AKIAKANE,Sayoko,133,2295132
Wotamin,Cat Food,174,35258
KiRaRe,Akogare Future Sign,181,1119975
Mizuki Nana,STARTING NOW!,182,1628548
Rocket Start,Sushi Blast,128,2069690
BUMP OF CHICKEN,Answer,133,1149108
ASTERISM,Cocoriyell (Game Ver.),194,2543624
GARNiDELiA,SPEED STAR,188,1330359
Kola Kid,can't hide your love,200,39732
Sakamoto Maaya,Gyakkou,169,957192
jun,KIMONO <3 PRINCESS,190,19691
MYTH & ROID,HYDRA (TV Size),166,2330837
mafumafu,Kaibutsu (Cut Ver.),170,1952603
Good Game,Latitudes,199,1907943
Blink 182,The Rock Show,193.15,15476
Ellie Goulding,Salt Skin,172,26745
"Eri Kumagai(cv, Asami Seto)",Back to Marie,178,665175
Primary,Sweets Weekend,180,878348
ESTi,Ray of Illuminati,150,21566
Kanae Asaba,Endless Starlight ~Inochi no Kirameki~ (OP ver.),181,518021
Stan SB,Dead,175,1172256
tomspicy,petal blizzard,176,2487754
Mutato Muzika,Pirates And Waverunners,164.5,19847
Deftones,Hole In The Earth,206,2181389
PEOPLE 1,DOGLAND (TV Size),140,2279612
u's,"Natsuiro Egao de 1, 2, Jump!",170.01,57762
Ricky Montgomery,Line Without a Hook,190,1410719
satella feat. Sennzai,Thophia,165,1691110
Innocent Key,Touhou School,165,29904
NEGOTO,Synchromanica (TV Size),148,788795
40mP,Cocoro Palette,154,134079
Takamitsu Yoko,Angel Dream,180,17902
Rita,CRISIS BEAT,145,22748
Nobuo Uematsu,FFIX Battle Theme,160.05,3511
5050,Jungle P (TV Size),145,2443268
Yonekura Chihiro,Smiling-Swinging!! (Game Ver.),200,1452790
Nekomata Master feat. Mayumi Morinaga,Sleepless Days,188,1502048
Togo Project feat. Sana,Sana Mollete Ne Ente,180,3839
DCX (D-Tune),Flying High,140,12713
zts,lastendconductor,139,685558
Michael Cera Palin,Laughing Makes It Worse,170,1513357
Hanatan,My True Love,145.02,34728
Nanahira & Nayu & Irodori,Bakunyuondo,170,61080
ALI PROJECT,Watashi no Bara o Haminasai (TV Size),133,102949
Sasaki Sayaka,Atlantico Blue,177,2508797
QWER,REBOUND,180,2384836
"LAVINIA, Ely Oaks, Betsy, Mariya Yankovskaya",Sigma Boy,140,2320142
JUNNA,Here,72,760100
Tetsuya Kakihara,String of pain (TV Size),175,76224
Miranda!,El Profe,171,21276
Omoinotake,Ubugoe (TV Size),139,2511935
Erwin Beekveld,They're Taking the Hobbits to Isengard,137.98,2077991
Kitamura Eri,Happy Girl (TV Size),145,42605
Satori-san,Hari no Sora,126,290262
Latino,Selinho Na Boca (feat. Perlla),97,2363320
sakuzyo,diving,175,44072
keshi,2 soon,87,1954877
Silent Siren,Koi Yuki,128,1079241
ALTIMA,Burst The Gravity (TV Size),148,54824
Smooth J,"Haru yo, Koi",95,295880
lapix,Siren feat. Hiyori Nara (Cut Ver.),170,2168699
Hashimoto Miyuki,Aozora no Yakusoku (Short Ver.),157,34551
Dzeko & Torres,2015 in 10 minutes,128,408612
Suzuki Konomi,"Mirror,Mirror,Mirror",186,1662462
Touyama Nao,Tsuki ga Kirei,73,940089
Oikura Sodachi (CV: Inoue Marina),Yuudachi Houteishiki,128,941228
Sephid,Cross-D Skyline,180,2145826
u's,Sayounara e Sayonara!,130,425105
Bangsili,Ah! Salvia (DJ Cheori Remix Ver.),138.41,20403
Suzuki Minori,FEELING AROUND (TV Size),150,717752
Nor feat. Natsume Itsuki,LOVEHOLIC,180,2366774
Joji,YUKON (INTERLUDE),165,1910391
Yellow Zebra,Darling Star,130,9273
IOSYS,Hatate no Bakkoi Satsujin Jiken,160,1838808
culenasm,Hanabira,85,1173647
The Smiths,There Is A Light That Never Goes Out,135.5,2309331
Akira Kushida,Kouya ni Sake yo Boukensha-tachi (TV Size),142,2211398
Gresby Nash,Fan Forever,130,175846
leroy,snare of a lifetime,183,2389155
Entertainment System,Starfox Rock Mix,175.1,7675
XX:me,Darling (TV Size),173,1267711
Eri Sasaki,Ring of Fortune,158,306164
fripSide,precious time (Short Ver.),139,1723218
Ohara Yuiko,Zero Centimeters,154,1001496
Sakakibara Yui,Love Comp! (Short Ver.),165,41610
mafumafu,Yasou to Hakuchumu (Short Ver.),184,2430620
SHK,Identity Part 4,140,2497402
Yorushika,Say It.,180,2279965
Camellia feat. Nanahira,Mathematics <3 MA+MA = Magic!,192,2315116
RURUTIA,Phronesis (Game Ver.),180,1967538
Suara,Kimi ga Tame,80,387232
Rita,Little Busters! -Ecstacy Short Ver.-,151,15496
Miku Sawai,"Gomen ne, Iiko ja Irarenai.",155,1670488
Yuki Yumeno,Minority,130,581584
riya,Over,136,2081340
Litku Klemetti,Jaakuningatar (Cut Ver.),147,1421834
"Fear, and Loathing in Las Vegas",Stray in Chaos,197,574129
Ohashi Ayaka,START DASH,166,1736638
"POLMATERI, neksyusha",my protiv seksa,180,2578340
Atarayo,Shoutsuki,196,2049473
Kuraki Mai,Kaze no Lalala -TV on air version-,129,169410
ACRYLICSTAB,Kawaki no Rinkaku,188,1624989
Ogura Yui,Doki Doki Labyrinth,146,1500350
Sano Nobuyoshi,Duration,180,1369545
MOB CHOIR,1 (TV Size),168,2021839
Peter Crowley Fantasy Dream,The Ancient Forest Of Light,175,323314
Gloria * Snow,KIRA * LIRA,178,2434575
Cafune,Tek It,147,2245243
Eri Sasaki,Ring of Fortune (TV Size),158,2137596
Perfume,Kasuka na Kaori,117,935244
Konfuz,Kayf ty poymala (Cut Ver.),174,1351339
Underoath,Coming Down Is Calming Down,190,487559
S3RL x LIDA,My Girlfriend is a Raver,175,1340834
Boys Like Girls,The Great Escape,150,36290
Rinjinbu,Be My Friend (TV Size),145,73436
MY FIRST STORY,LEADER,180,1378278
Kajiura Yuki,Sis puella magica!,148,322061
oesterreich,guide beacon,131,2091655
Asaka,Eternal Star,166,1972862
Universe Nekoko,Virgin Suicide,118,1614261
Dayte tank (!),Krepost',130,1827765
C-Show,AImee feat. Aitsuki Nakuru,170,2307973
Kate Alexa,No Ordinary Girl (TV Size),156,2312665
Ryu,Second Heaven,149,6763
Maayan,Yuuoumaishin,123,31246
SawanoHiroyuki[nZk]:Tielle & Gemie,sh0ut,106,763099
Set It Off,Kill The Lights (Cut Ver.),160,2271860
TK from Ling tosite sigure,Signal,83.5,612419
Infinite Stratos Cast,BEAUTIFUL SKY,180,196241
Riryka,Hashiru Sekai to Bokura no Mirai (Short Ver.),150,2153960
KISIDA KYODAN & THE AKEBOSI ROCKETS,Tensei Shitara Ken Deshita (TV Size),200,1908393
Guns N' Roses,Sweet Child O' Mine,130.25,22690
Ted Poley & Tony Harnell,Escape From The City (Classic Remix),130,47633
Snail's House,Biscuit Funk,110,1751172
Ryokuoushoku Shakai,Shout Baby (TV Size),180,1966260
nano.RIPE,Fault Finder,190,241464
Neru feat. Kagamine Len,Justitia of Life,156,761424
Nekomata Master feat. Misawa Aki,chrono diver -fragment-,185,1656851
NateWantsToBattle,Re:Re:,155,1893664
Clover x Clover,POSSIBLE (TV Size),232,1093093
YOASOBI,Ano Yume o Nazotte,180,1128515
FELT,Prayer Blue,159,426018
Kanon Wakeshima,Foul Play ni Kurari (TV Size),163,66460
Rie Kugimiya,Suki? Kirai!? Suki!!! (TV Size),168,34874
DJ TOTTO feat. 3L,Youkakushi -Ayakashi Kakushi- (Game Ver.),169.93,2374413
Mami Kawada,Sky is the limit (1 Chorus ver.),76,354111
HoneyWorks,Daikirai na Hazu Datta.,170,1813910
Good Kid,Atlas,208,2354913
Wiklund,Billy Boogie,170,22082
07th Expansion,Nakanaide,210,41807
Amane (CV: Minami Tanaka),The Purge March,138,2058105
Girls' Generation,Boyfriend,124,17536
Depeche Mode,Never Let Me Down Again,106.34,1804117
HEAD PHONES PRESIDENT,Until I Die,167,1692553
Ceui,Mirai Circuit,160,221388
Nekomata Master,Sayonara Heaven,111,989775
"AZKi, Omaru Polka",Kimi Dake no Princess,180,1685906
passchooo,chooo2023_1,200,1981957
KOTOKO,Teller of World,135,2149988
Sonic The Hedgehog,Carnival Night Zone Act 1,109.98,1461
tochi,Ascension (feat. Yoko Kanno),178,1267316
Ice Nine Kills,Your Number's Up,158,1476788
Sakakibara Yui,share the thoughts (OP size),165,156688
riya(eufonius),Traveler's tale,140,465669
Mrs. GREEN APPLE,I'm Invincible,192,1899284
Ito Kashitaro,Ginga Tetsudou no Yoru,173,979407
Jake Kaufman,Arctic Justice (Frostbite Island),140,373347
fripSide,Last Fortune (Short Ver.),134,41756
fripSide,floral summer,146,2091912
King Kong & D. Jungle Girls,BOOM BOOM DOLLAR,135.11,273
Gummibar,Gummy Bear Song,128,913
Magical Trick Society,Examination ~ Allegro,161,129
ChouCho,Yasashisa no Riyuu (TV Size),177,49387
Hideyuki Fukasawa,Theme of Haggar ~ Slum Alleyway,160,50311
Sawai Miku,Colorful.(AnimeVer.),153,337298
NewJeans,Super Shy,150,2196882
nonet,Now On Stage!!,170,1563733
Maon Kurosaki,Afterglow,82,347967
Minase Inori,Hoshikuzu no Contrail,190,1462993
kaeru x chiying,Trick and Treat,135,41178
Rank 1,Airwave (Aaron Static Remix),130,321556
Boxplot,We Lose It All (feat. Voicians),178,1973085
SECONDWALL,Natsu no Owari (Cut Ver.),180,1365122
Yonder Voice,Sougetsu no Zangeshi ~ Universal Nemesis,170,2006943
Boxplot,First Blush,175,2453179
Foals,Wash Off,210,2335986
Eisyo-kobu,Myrtle,190,1583168
Camellia,dreamless wanderer,174,376075
Roselia,Sanctuary (Game Ver.),91,2179030
SawanoHiroyuki[nZk]:mizuki,&Z (TV size),158,275507
Asaka,Place of promise,125,1002461
Qverktett:||,OVERLAPPERS,146,236280
"Hirokawa Nanase, Hiiragi Yuka, R!N",Ring Dong Dang!,134,897000
Eminence & Soulero,Invisible (feat. Mari-Anna),128,374094
oukaitou,Princess,146,69781
Hatsune Miku,Lovely Day,120,22534
asmi feat. Chinozo,Dokimeki Diary (TV Size),185,2029081
Sayuri,Heikousen (TV Size & ED Ver.),191,2293735
ENHYPEN,Drunk-Dazed,133,2197248
HyuN feat. Aerial,Exodus,140,1069611
u's,Korekara no Someday,240,335711
Aoba Ringo,Innocence,187,155130
ryo (supercell) x yanaginagi,Melt 10th ANNIVERSARY MIX,170,817695
Mori Calliope & Camellia,HUGE W,152,1960877
FantasticPlanets,Jekyll & Hyde,188,368678
Golden Darkness (CV: Misato Fukuen),GOLDEN TRANCER,187,2338266
Taishi feat. mintea,Defect of Memoria,178,719518
IMANU x VISLA x YAANO x Tudor,Life Like This,172,2507874
Nanashi Mumei,A New Start,120,1705429
Imperial Circus Dead Decadence,"Yomi yori Kikoyu, Koukoku no Tou to Honoo no Shoujo.",220,2418829
ClariS,Blue Canvas,134,2041719
isle,ultimate breaKING,132,1930137
mafumafu,Envy Baby,171,1412697
Suzuki Konomi,BE THE ONE,182,1593407
Tenshi (CV: Matsumoto Tamaki),Tenshi-teki Kenpou Yonjou,130,2237490
Aimer,Torches,82,1545741
Asuka Sakai feat. Lori Fine,Forward Motion,130,2071223
WALK THE MOON,Shut Up and Dance,128,359987
Se-U-Ra,Utsushi Gi no Shoujo Lix (Traveler Edit),195,1447575
Kitamura Eri,Shirushi,160,42861
Onishi Aguri,Hajimaru Welcome (TV Size),142,1988411
Sayaka Yamamoto,Blue Star (TV Size),81,2163049
Tomatsu Haruka,courage,196,244476
U,the first the last,139.86,64407
LeaF,Alice in Misanthrope -Ensei Alice-,172,782989
UVERworld,ROB THE FRONTIER,220,1067794
sajou no hana,Evergreen,182,1821834
Yu-Peng Chen @HOYO-MiX,The Ever-Victorious Pointy-Eared General (tnbee mix),190,1648099
Aso Natsuko,MoonRise Romance (TV Size),148,148964
Chata,SKIP,138.01,175655
World of Wandag,Winky Face,136,439220
Barbarian On The Groove feat. Chata,Guruppo (Short Ver.),180,30101
ClariS,Anemone -TV MIX-,140,393754
"Lute (CV: Jessica Vosk), Adam (CV: Alex Brightman)",Gravity (TV Size),77,2470853
Ayane,Analogy (TV Size),136,1509873
Berryz Koubou,Koi no Jubaku,143,13413
Kuribayashi Minami,ZERO!! (TV Size),182,166027
Tomofumi Tanizawa,Kimi ni Todoke (TV Size),126.03,1967031
Makou,Hamsin,150,16913
MellSher,Fanera (Cut Ver.),90,2325539
Feint,We Won't Be Alone (feat. Laura Brehm) (Cut Ver.),175,2554523
Alya (CV: Uesaka Sumire),Omoide ga Ippai (TV Size),75,2216310
Hirano Aya,OPEN THE GATE,128,35338
petit milady,360-Do Hoshi no Orchestra,172,1947850
Aqours,Yume Kataru yori Yume Utaou (TV Size),159,1519952
Three,Kuuchuu Bunkai,200,1731357
fhana,Wonder Stella,193,668202
BiBi,Love Novels,135,111150
Sangatsu no Phantasia,PINK LEMONADE (TV Size),191,963445
Isekaijoucho x KOKO,Kokuin,215,2308129
MY FIRST STORY,Kaikai Kitan (Cut Ver.),185,1649494
blue drops,Heart no Kakuritsu (TV Size),157,76865
Disco da gama feat. R.Cena,sakura,144,22719
Galileo Galilei,Aoi Shiori (TV Size),132,1180303
petit milady,A or A!?,182.2,764785
nano feat. MY FIRST STORY,SAVIOR OF SONG,192,150491
Rita,Girl's spirit -Otome no Kimochi-,168,1824077
LIP x LIP,Hitsuyou Fukaketsu,185,730369
Avril Lavigne,Wish You Were Here,83,2327736
Taylor Swift,Cruel Summer,85,1830679
Chiya (CV: Satou Satomi),Iroha Oshinagaki,135,901899
"Minami Tsuda, Yoshimura Haruka, Iida Yuko",Twintail no Kaze (Game Ver.),170,2287562
Kano,World on Color,166,1987097
Duca,Futari Iro (Short Ver.),170,53530
TRUE,Blast!,179,2242341
TRUSTRICK,Miraikei Answer (TV Size),166,2222784
ReoNa,ANIMA,193,1213659
Good Kid,Osmosis,190,2346433
DiGiTAL WiNG,Land of Snow & Little Traveler,137,673138
The Tachibanazu,Let's Go! Atashinchi,174.01,390867
Amemori Sayo x Kudou Chitose,White Lily,170,1034381
Mikoi Sasaki,Bokura no Seiza,200,539139
Paledusk,HUGs (TV Size),185,2409175
Stromae,Papaoutai (Cut Ver.),116,2367548
tayori,Withered Flower,150,2199435
Hatsune Miku & Kagamine Rin,Promise,138,43175
Sharlo,Fukujusou feat.Zero__wind,128.5,364373
Kitamura Eri,Happy Girl (TV Size),145,44360
BUMP OF CHICKEN,Gekkou (TV Size),200,1432620
fripSide,sister's noise (TV Size),144,88185
archie,The shack gone,120,2371026
Tiesto ft. Tegan & Sara,Feel It In My Bones,130,12733
Ray,lull ~Soshite Bokura wa~ (TV Size),133,176187
Kitamura Eri,Happy Girl,145,49759
senya,Little Ringo,138,150112
Dance Gavin Dance,Untitled / And I Told Them I Invented Times New Roman,84,2112047
nfs podzemel'ye,no ono real'no na sts,105,2106460
Ohashi Chippoke,Soliste,180,2224178
Kicco,Get the Freedom (Game Ver.),175,2306825
Wakeshima Kanon,"World's End, Girl's Rondo (Asterisk DnB Remix)",175,853375
fripSide,future gazer (TV Size),138,57370
All Levels at Once,Changeling,130,68169
DJ YOSHITAKA,ALBIDA,185,19561
Rin,Spring of Dreams,128,119739
Itou Kanako,The Moon is Not Alone (Short Ver.),163,44187
3R2,Adventure Starts Here,143,2471883
fripSide,sister's noise,144,87903
yozurino*,Mirai Melody,125,598911
ClariS,Irony (TV Size),134,21582
WANDS,RAISE INSIGHT (TV Size),185,1980599
Tsuzuri,NAME,183,2037307
Hagumi Nishizawa,Monobeno no Uta,129,723411
you feat. nayuta,Color (2019 Reworks),170,2421045
ginkiha,EOS,175,2151567
ryo (supercell) feat.chelly,Great Distance,197,452409
SisterS,Hidamari Days,134,342893
IAHN,Candy Luv,130,491033
Becky(CV:Saitou Chiwa),Ponytail no Shijuu ~TV Size~,160,184420
Kotoha,Yuki wa Naniiro,179,2212717
Dan Balan,Crazy Loop (Mm-Ma-Ma) (Cut Ver.),133,1931221
Ogura Yui,Kimiiro no Kiseki (TV Size),168,2164478
Taylor Swift,august,180,1506415
Rie Kugimiya & Eri Kitamura,Holy Night,110,34835
Piko,Koto no Ha (TV Size),145,93568
Bo Burnham,Unpaid Intern,170,1760177
ClariS,Hitorigoto -TV MIX-,165,727251
Aimi,Tenshi no CLOVER (TV Size),160,28819
Riko Sakurauchi (CV.Rikako Aida),Pianoforte Monologue,95,719315
Lia,Bravely You (TV Size),150,334239
Dory-Loup,Niwaka Ame ni mo Makezu,186,1940294
"Azumaya Junta (CV: Ono Yuki), Saijo Takato (CV: Takahashi Hiroki)",Chuntaka! (TV Size),140,1010876
Haruna Luna,Kimiiro Signal-TV size ver.-,164,322689
IOSYS,Alice Dere,128,34030
Tomari Mari,Mari <3 Age (Short Ver.),158,2303560
litterzy,Guan Shi Yi Zhan,178,2377956
LukHash,GLITCH,175,785774
ZUN,Night Sakura of Dead Spirits,147,29183
PinkiePieSwear,Flutterwonder,136,42494
Duca,Kokoro No Tane (Short Ver.),119,104654
solfa feat. Ceui,Natsuiro Yakimochi Koi Moyou,193,1931882
Giga & KIRA,GETCHA! feat. Hatsune Miku & GUMI,132,1905384
Ray,secret arms,137,331946
mafumafu,Sacrifice (TV Size),192,1564631
Fujii Kaze,Seishun Sick,108,2102184
TRUSTRICK,Recall THE END (Anime ED Version),184,511989
Direct Hit!,Paid in Brains,160,1317146
Tephe,Neppa feat. Butter,180,1789854
PassCode,Ray (TV Size),196,793436
Antiserum & Mayhem,Cry Baby,100,565136
Lovejoy,It's All Futile! It's All Pointless!,165,1704968
Porno Graffitti,Hitori no Yoru (TV Size),176.08,10824
solfa feat.nao,"Love Love Sensation short ver,",187,565367
Usher ft. Will.I.Am,OMG,130,22431
KOTOKO,Re-Sublimity (TV Size),135,22428
KOTOKO,Presto,118,142433
marble,Mebae Drive (TV Size),142,65138
"25-ji, Nightcord de.",Bitter Choco Decoration,174,1538879
Yunomi & Nakanojojo,Honeyginger (feat. Kuishinboakachan & Azuki),130,980047
KOTOKO,Sociometry,142,335356
Silent Siren,Koi Yuki (Short Ver.),128,2096745
Yasuda Rei,I&U (Speed Up Ver.),152.1,300360
Three feat. Kagamine Len,Telecaster B-boy (Long Ver.),182,1661612
Sushi Killer,Zora,177,205107
glass beach,bedroom community,135,1080104
Gunther,I'm Not Justin Bieber B**ch,132.12,139605
ALTIMA,Burst The Gravity (TV Size),148.02,54839
RADWIMPS,Yume Tourou,178,2305191
ALTIMA,I'll believe (TV Size),142,38191
android52,the incredible food groove (Cut Ver.),128,1913761
"Anthony Sorbello, Danny McCarthy",For The Team,128,327164
Tsubaki,Aijou Pandemic,140,40166
YOASOBI,Love Letter,100,1585863
Potap & Nastya Kamenskih,Chumachechaya Vesna,140,44135
Friends,Nisemono,170,667449
Nishizawa Shiena,Light and Shadow (Cut Ver.),186,1183865
Kola Kid,the Earth is counting on you,210,673494
"Volk (CV: Anatoliy Papanov), Zayats (CV: Klara Rumyanova)",Novogodnyaya pesenka (TV Size),149,1995023
ELISA,Kikai Jikake no Cinderella,180,324590
ClariS,Andante (TV Size),111,2160147
Various Artists,NAGI NO ASUKARA Songs Compilation,129,325141
HARU NEMURI,NIGHT SWIMMING,102,1101254
"Mirani, lIlBOI, GroovyRoom",Can't Slow Me Down,122,1703183
Xiao Qiong (CV: KSP),Xia Yi Zhan. Yu Ni,136,344228
Nakanoke no Itsutsugo,Gotoubun no Mirai (TV Size),163,2244377
FZMZ feat. icy,Danger Danger (TV Size),206,2282081
Suzuyu,Mezameta Asa ni wa Kimi ga Tonari ni (TV Size),140,154334
IOSYS,Chanteikku Sanyousei no Itazura Daisensou,185,29307
KIYO,Flyable Heart (Short Ver.),131,92387
Serj Tankian,Sky Is Over,105,46304
Alya (CV: Uesaka Sumire),Ichiban Kagayaku Hoshi (TV Size),182,2209059
shallm,futaribun (tv size),170,2456940
Idol College,Ichizu Recipe (TV Size),170,823918
The Adventures of Duane & BrandO,DUCK HUNT,112.7,2514786
ntyn,"We Love Idol, and Master! (Chiptune)",195,2258940
Given,Fuyu no Hanashi,135,1188243
NANA,Taiyou no Promia (Game Ver.),175,2395003
xaev,cookie of a lifetime,140,2366758
Kazami Gakuen Shinbun-bu,Sakura Happy Innovation,162,2507734
fripSide,magicaride,170,24452
KINEMA106,Rekka no Suiryoku,185,1524363
u's,Natte Shimatta! (Game Ver.),170,2231781
kamome sano,A Day in the S.I.O.U.,176,300616
yama,Mahi (TV Size),200,1365314
inabakumori,Post Shelter,152,1686916
Kon Natsumi,Niji no Kakera-TV size ver.-,132,166240
sakuzyo,Scheol,200,114392
Kirsten Price,We Will Be Heroes (TV Size),145,70073
ssshhhiiittt!,noch',110,1898559
7!!,Orange (Anime Ver.),86,260797
SawanoHiroyuki[nZk]:LiSA,narrative,83,970758
School Food Punishment,RPG,175,1393720
nasuo*,Honey Jet Coaster (TV Size),175,1945158
Nakimushi,Tokyo Wonder.,138,1524658
ZAQ,Alteration (TV Size),160,73390
Kamiyama Yoh,journey,200,1328811
Tommy heavenly6,PAPERMOON (TV Size),164,2257930
Andromedik,Don't Say (osu! edit),174,1568040
KINEMA106,Nightmare Party (Short Ver.),200,2499356
Minase Inori,TRUST IN ETERNITY,184,1087675
Empty old City,Buffer,174,2486774
DJ Genki,Opening,170,2142885
Rise Against,Prayer of the Refugee,196,181689
shallm,Massakasa Magic! (TV Size),180,2241529
MYUKKE.,The 89's Momentum,128,2106075
Kasane Teto,Ochame Kinou,150,18775
At the Garret,Ishi no Hana,168,1317044
Marina and The Diamonds,Primadonna,128,88981
T-ara,Apple Is A,136,312328
Takigawa Alisa,Sayonara no Yukue (TV Size),170,362129
Natsuiro Matsuri & Rikka,Hakujitsu,93,1092562
Duca,Ironna Katachi (Short Ver.),117,62532
ClariS,reunion (TV Size),135,87131
ReoNa,ANIMA (TV Size),193,1632476
Maeshima Mayu,Long shot (TV Size),135,1345977
Wolpis Carter,Deichuu ni Saku,85,2096755
angela,Aoi Haru (TV Size),179,42357
Dave Cooke,ChuckleVision (TV Size),180.18,1359965
Avicii,Waiting For Love,128,942506
"Houkiboshi Hikari (CV: Moka Choko), Amanogawa Saya (CV: Yukina Meguri)",Summer Triangle,166,1509332
Gao Shan,Hai Lan Se,140,2522428
Ryokuoushoku Shakai,Kesshou,100,1369270
Spira Spica,Koi wa Miracle (TV Size),175,951674
solfa feat. Chata,I will (Game Ver.),86,2527733
NakamuraEmi,Kakatte Koi yo,113,766410
fripSide,Love with You (TV Size),171,1003489
sammy rash,smile more,88,2054827
Brad Breeck,Lucky Me (feat. Courtney Fortune),174,1861324
Expander,Honey Trap,160,1403412
"Morikubo Syoutarou, Kakihara Tetsuya",ONLY YOUR STARS!,186,675185
cYsmix,triangles,160,1842041
Hadise,Dum Tek Tek,115,25363
NateWantsToBattle,Haruka Mirai,182,1549104
CLIFF EDGE,Endless Tears feat. Nakamura Maiko,99,818406
YuugouP,Denpa CANDY,166,1144409
Chiho feat. majiko,Egao no Kanata (TV Size),185,907927
angela,Otome no Route wa Hitotsu ja Nai! (TV Size),192,1157063
ZUN,The Road of the Apotropaic God ~ Dark Road,156,31310
Hatsuki Yura,TRICK or TREAT,106,364741
TiA,Ryuusei,102,10960
Hatsune Miku,Moon,150,17218
Clairo,Bags,105,1356338
ALTIMA,Fight 4 Real (TV Size),148,143761
TUYU,Dorei Janai nara Nan Desu ka?,117,1519920
Renard,Sinisterrrrrrrr,220,20709
Renard,TU4AR,240,82802
Orange Lounge,pot-pourri d'orange,172,7607
Jewel,What Child Is This? (Speed Up Ver.),178.5,534016
Sukima Switch,Golden Time Lover (TV Size),125,12082
Kyaru (CV: Tachibana Rika),Absolute Secret (ED Ver.),188,1169535
Imagine Dragons,Believer,125,1112670
Kajiura Yuki,Decretum,160,402915
Tomatsu Haruka,Yume Sekai (TV Size),81,1421537
dora,Doradura,120.04,1135418
Nightcore,Pinball,173.76,7930
mikitoP,"1, 2 Fan Club",145,58736
Marina Rios,Fukashigi no Karte,96,919348
Creepy Nuts,Mirage (TV Size),118,2398378
Adri Ane,Jun's Song {Music Box - Original},90,301402
Akiko Shikata,Ricordando Il Passato,78,148579
Aso Natsuko,More-more LOVERS!! (TV Size),182,24650
MIMI feat. Kasane Teto SV,Encore Dance,132,2488771
angel vox,Vozvrashchaysya,110,2405483
Jason Paige,Pokemon Theme (TV Size),145,807345
Toyosaki Aki,GO! GO! MANIAC (TV Size),125,14702
David Rolfe,Born to Be a Winner (TV Size),145,5410
Oratorio The World God Only Knows,A Whole New World God Only Knows,153,30924
Kuribayashi Minami,Sora no Kotae,151,18153
Tatsuya Kitani,Preview of Me (TV Size),160,2164860
Shouta Kageyama,Relic Song,154,107009
bradbreeck,Girl Be Sellin' Sunshine,60,353665
Jamie Paige,Cadmium Colors,148,2416636
Stephen,Crossfire,78,1020800
James Landino & Kabuki,Birdsong,165,980826
fripSide,The Light of Darkness (Game Ver.),185,2578560
Altria Pendragon (Santa Alter) (CV : Ayako Kawasumi),Jingle Bells,111,689134
MIMI,Dakishimeru made.,94,2042163
Minami,Kawaki wo Ameku (TV Size),129,924551
Blend A,Bon Appetit S (TV Size ver),152,697961
senya,Iro wa Nioedo Chirinuru o (TV Size),138,1154290
"Team ""Hanayamata""",Hana wa Odore ya Irohaniho (TV Size),160,600010
toby fox,CORE,140,481511
Linked Horizon,Jiyuu no Tsubasa (TV Size),157.5,117170
Ikimonogakari,Netsujou no Spectrum (TV Size),160,1035667
Nico Nico Douga,Dr. KBC,164,31811
Alligatoah,Willst du,126,280801
Shihoko Hirata,"Heartbeat, Heartbreak",100,26908
100 gecs,money machine,198,1573241
Yeek,Freaky (RGB),145,1900514
BLACKPINK,Pink Venom,90,1831598
Age Pee,When The Rain Begins To Fall (Nightcore Mix),161,36147
Momiage Pudding,Champion no Ayaya,184,569620
KORDHELL,MURDER IN MY MIND,120,1949684
Laufey,From The Start,82,2079819
TOGENASHI TOGEARI,Hurtful & Painful,150,2396005
Cranky,"Feline, the White...",170,751773
"Shawn Mendes, Camila Cabello",Senorita,117,1012560
Aimer,Ref:rain,78,747490
LiSA,QUEEN (TV Size),140,2275779
JAM Project,THE HERO!! ~Ikareru Kobushi ni Hi o Tsukero~ (TV Size),260,398176
Lady Gaga,Applause,140,120704
BilliumMoto & Miyolophone,IX's Shadow,149,2421957
Yousei Teikoku,Kuusou Mesorogiwi (TV Size),230,38565
TOMOO,Contrast (TV Size),75,2303383
Suzuki Konomi,This game,147,462896
"yuju, kid sora, colton, & miraie",feelings,157.14,1345859
MIMI,What Call This Day ? (feat. ninzin from Rokudenashi),130,2285600
Uru,Kamihitoe (TV Size),68,1993425
Nitta Emi,Longing for! (TV Size),182,1802166
FictionJunction,Parallel Hearts (TV Size),165,2269030
Ohara Yuiko,Musubime (TV Size),78,2040401
MAK & SAK feat. XANA,Em Poses A 100 (Nightcore Mix),161.88,47388
Envy,Heaven,150,42038
Lerry Muller feat. Anetta Grant,Dreaming (Kristian Remix),140,45042
Alina Puscau,When You Leave (Numa Numa) (Nightcore Mix),162,39022
Yuduki,Dear You (Vocal Version),87,45043
Doja Cat,Say So,111,1096383
miraie,high school romance,174.75,1457191
Molly,Beneath The Lights (Darren Styles Remix),170,355065
Carly Rae Jepsen,I Really Like You,122,326748
The Wanted,Glad You Came,127,55491
FELT,Rendezvous,94,1852502
Shawn Mendes,Treat You Better,166,888649
Gavin G,Refresh,170,55968
Camellia,Towards The Horizon,154.4,578445
55x55,MUZYKA NE MUZYKANTA 2 (feat. Snailkick),110,627526
JVKE,golden hour,189,1882952
tyDi (Feat. RUNAGROUND),'Chase You Down',123,317273
Within Temptation,Stand My Ground,88,131682
EYE_XY feat. Yoneko,Knight of Firmament,155,317749
Official HIGE DANdism,Cry Baby (TV Size),100,1539801
Ramin Djawadi,Main Title,169.65,96186
MONORAL,kiri,91.35,333196
GWEEK BEETS,GGX GANG,160,950320
eufonius,Hiyoku no Hane (TV Size),148,74504
MindaRyn,Miracle soup (TV Size),96,2204717
Rat Boy & IBDY,WHO'S READY FOR TOMORROW,138,2107583
Dutch Melrose,RUNRUNRUN,133,2149602
ZUN,The Road of the Apotropaic God ~ Dark Road,156,58716
Takada Masafumi,Welcome DANGAN IsLand!!,175,1084533
Super Smash Bros. Brawl,Song of Ashley,130,909
Akiyama Kiro,Yugure ni Utsushite,220,1203114
Riya,Intruder,175,1712971
TK from Ling tosite sigure,unravel (TV Size),135,856627
HOYO-MiX feat. Lea Sirk,Interstellar Journey,140,1985095
Anamanaguchi,Miku,128,1839623
Ado,Nukegara,132,2366124
"MARRY ME, BELLAMY",GENSHIN IMPACT (Cut Ver.),124,1587242
Haruna Luna,Startear (TV Size),134,1750705
Trueno,DANCE CRIP,106,1784145
keshi,SOMEBODY,141,2057438
Maharajan,Kurae! Telepathy,184,1946612
HOYO-MiX feat. Jake Miller,WHITE NIGHT,120,2132107
Ikimonogakari,HANABI (TV Size),167,1462353
Hatsuki Yura,Yami no Kodomo tachi,115,48621
Yagi Kairi,know me... (TV Size),81.5,2097942
Ado,Odo,128,1450065
Bella Poarch,Build a Bitch,103,1499531
KINEMA106,Rend Ens,145,1599737
Tristam,Ruthless,135,1504441
Awedgoo,"With You (DJ Fortify ""SadBooty"" Flip) (Cut Ver.)",157,1181195
Yonezu Kenshi,Flamingo,114,1210565
monobright,Anata MAGIC (TV Size),158,1190128
Juanes,La Camisa Negra,97,1184848
Kanye West,Runaway feat. Pusha T (Cut Ver.),87,1701358
DJ THT meets Scarlet,Live 2 Dance (Nightcore Mix),177.1,79363
Kanon Wakeshima,Foul Play ni Kurari (TV Size),163,65114
The Living Tombstone,Die In A Fire (Feat. EileMonty and Orko),110,312887
Yaguchi Mari with Straw Hat,Kaze o Sagashite (TV Size),158,2472392
Rika Mayama,Liar Mask (TV Size),180,2333745
DJ TOTTO VS TOTTO,vajra,173,287377
Yonezu Kenshi,Lemon,87,861466
Carlito,Who's That Boy,120,31471
Chihara Minori,Kyoukai no Kanata (TV Size),184,2038619
Bosiyaw,Android Twerk (Whatsapp Car Remix),204.7,1790912
Ayanami Rei (CV: Hayashibara Megumi),FLY ME TO THE MOON <Rei (#5) (TV Size) Remix Version>,118,1364732
K/DA,"THE BADDEST feat. (G)I-DLE, Bea Miller, Wolftyla",150,1246447
Caramelos de Cianuro,"Rubia Sol, Morena Luna",141,171862
Against The Current,Dreaming Alone feat. Taka from ONE OK ROCK,145,683508
DEAN FUJIOKA,History Maker,67,536049
Poppin'Party,Hikaru Nara,160,611024