{"97.6":{"maxcombo":667,"statistics":{"count_100":5,"count_300":311,"count_50":3,"count_geki":556,"count_katu":30,"count_miss":6},"user_id":13237268,"score_id":436989138,"rank":"S","pp":15.1057},"99.7":{"maxcombo":1163,"statistics":{"count_100":1,"count_300":239,"count_50":0,"count_geki":667,"count_katu":3,"count_miss":1},"user_id":26508604,"score_id":536248061,"rank":"S","pp":17.8018},"78.9":{"maxcombo":192,"statistics":{"count_100":70,"count_300":334,"count_50":30,"count_geki":240,"count_katu":175,"count_miss":62},"user_id":16638604,"score_id":420842729,"rank":"C","pp":0},"89.5":{"maxcombo":788,"statistics":{"count_100":46,"count_300":370,"count_50":2,"count_geki":313,"count_katu":176,"count_miss":4},"user_id":25622919,"score_id":504852472,"rank":"B","pp":6.03634},"86.5":{"maxcombo":140,"statistics":{"count_100":31,"count_300":326,"count_50":15,"count_geki":358,"count_katu":137,"count_miss":44},"user_id":14124196,"score_id":501884777,"rank":"B","pp":3.51611},"96.4":{"maxcombo":1415,"statistics":{"count_100":1,"count_300":454,"count_50":0,"count_geki":384,"count_katu":60,"count_miss":12},"user_id":33621731,"score_id":544785499,"rank":"S","pp":12.8426},"88.4":{"maxcombo":169,"statistics":{"count_100":29,"count_300":377,"count_50":13,"count_geki":338,"count_katu":118,"count_miss":36},"user_id":34420063,"score_id":581118519,"rank":"B","pp":5.13988},"87.3":{"maxcombo":182,"statistics":{"count_100":50,"count_300":372,"count_50":8,"count_geki":294,"count_katu":167,"count_miss":20},"user_id":19108455,"score_id":503312943,"rank":"B","pp":3.81043},"91.7":{"maxcombo":389,"statistics":{"count_100":17,"count_300":359,"count_50":3,"count_geki":411,"count_katu":89,"count_miss":32},"user_id":13744257,"score_id":369853232,"rank":"A","pp":8.67833},"99.2":{"maxcombo":584,"statistics":{"count_100":0,"count_300":268,"count_50":1,"count_geki":628,"count_katu":12,"count_miss":2},"user_id":27503510,"score_id":561198743,"rank":"S","pp":17.1151},"86.8":{"maxcombo":200,"statistics":{"count_100":47,"count_300":363,"count_50":17,"count_geki":324,"count_katu":129,"count_miss":31},"user_id":29928103,"score_id":557336252,"rank":"B","pp":3.62436},"78.8":{"maxcombo":163,"statistics":{"count_100":90,"count_300":318,"count_50":17,"count_geki":264,"count_katu":155,"count_miss":67},"user_id":20752863,"score_id":510834010,"rank":"C","pp":0},"99.4":{"maxcombo":1491,"statistics":{"count_100":0,"count_300":268,"count_50":0,"count_geki":628,"count_katu":15,"count_miss":0},"user_id":32480650,"score_id":588240933,"rank":"S","pp":17.3012}}