{"99.7":{"maxcombo":1163,"statistics":{"count_100":1,"count_300":239,"count_50":0,"count_geki":667,"count_katu":3,"count_miss":1},"user_id":26508604,"score_id":536248061,"rank":"S","pp":17.8018},"78.9":{"maxcombo":192,"statistics":{"count_100":70,"count_300":334,"count_50":30,"count_geki":240,"count_katu":175,"count_miss":62},"user_id":16638604,"score_id":420842729,"rank":"C","pp":0},"89.5":{"maxcombo":788,"statistics":{"count_100":46,"count_300":370,"count_50":2,"count_geki":313,"count_katu":176,"count_miss":4},"user_id":25622919,"score_id":504852472,"rank":"B","pp":6.03634},"86.5":{"maxcombo":140,"statistics":{"count_100":31,"count_300":326,"count_50":15,"count_geki":358,"count_katu":137,"count_miss":44},"user_id":14124196,"score_id":501884777,"rank":"B","pp":3.51611},"87.3":{"maxcombo":182,"statistics":{"count_100":50,"count_300":372,"count_50":8,"count_geki":294,"count_katu":167,"count_miss":20},"user_id":19108455,"score_id":503312943,"rank":"B","pp":3.81043},"99.2":{"maxcombo":584,"statistics":{"count_100":0,"count_300":268,"count_50":1,"count_geki":628,"count_katu":12,"count_miss":2},"user_id":27503510,"score_id":561198743,"rank":"S","pp":17.1151},"78.8":{"maxcombo":163,"statistics":{"count_100":90,"count_300":318,"count_50":17,"count_geki":264,"count_katu":155,"count_miss":67},"user_id":20752863,"score_id":510834010,"rank":"C","pp":0},"86.8":{"maxcombo":200,"statistics":{"count_100":47,"count_300":363,"count_50":17,"count_geki":324,"count_katu":129,"count_miss":31},"user_id":29928103,"score_id":557336252,"rank":"B","pp":3.62436}}