{"91":{"maxcombo":178,"statistics":{"count_100":8,"count_300":165,"count_50":3,"count_geki":167,"count_katu":34,"count_miss":16},"user_id":19561659,"score_id":439718348,"rank":"A","pp":4.71854},"86.5":{"maxcombo":97,"statistics":{"count_100":22,"count_300":140,"count_50":2,"count_geki":142,"count_katu":76,"count_miss":11},"user_id":33592726,"score_id":537177290,"rank":"B","pp":2.02745},"88.4":{"maxcombo":278,"statistics":{"count_100":18,"count_300":188,"count_50":2,"count_geki":112,"count_katu":62,"count_miss":11},"user_id":29861360,"score_id":502376093,"rank":"B","pp":2.77627}}