{"93.4":{"maxcombo":1070,"statistics":{"count_100":7,"count_300":200,"count_50":2,"count_geki":176,"count_katu":57,"count_miss":4},"user_id":15304156,"score_id":342212926,"rank":"A","pp":11.2492},"89.4":{"maxcombo":333,"statistics":{"count_100":9,"count_300":230,"count_50":10,"count_geki":127,"count_katu":56,"count_miss":14},"user_id":12675890,"score_id":576307353,"rank":"B","pp":6.32413},"92.3":{"maxcombo":1072,"statistics":{"count_100":4,"count_300":273,"count_50":4,"count_geki":89,"count_katu":72,"count_miss":4},"user_id":14115216,"score_id":314252433,"rank":"A","pp":8.78666}}