{"95":{"maxcombo":346,"statistics":{"count_100":14,"count_300":474,"count_50":6,"count_geki":508,"count_katu":81,"count_miss":13},"user_id":8932761,"score_id":224295286,"rank":"S","pp":18.9542},"97":{"maxcombo":780,"statistics":{"count_100":8,"count_300":411,"count_50":1,"count_geki":599,"count_katu":76,"count_miss":1},"user_id":10642313,"score_id":329257281,"rank":"S","pp":22.724},"99":{"maxcombo":1320,"statistics":{"count_100":0,"count_300":378,"count_50":0,"count_geki":689,"count_katu":28,"count_miss":1},"user_id":31827167,"score_id":550384473,"rank":"S","pp":26.5298},"98.5":{"maxcombo":813,"statistics":{"count_100":0,"count_300":391,"count_50":0,"count_geki":669,"count_katu":30,"count_miss":6},"user_id":15009622,"score_id":338255383,"rank":"S","pp":25.584},"89.5":{"maxcombo":267,"statistics":{"count_100":50,"count_300":425,"count_50":9,"count_geki":422,"count_katu":175,"count_miss":15},"user_id":31002934,"score_id":533033775,"rank":"B","pp":10.0951},"88.3":{"maxcombo":364,"statistics":{"count_100":54,"count_300":418,"count_50":5,"count_geki":407,"count_katu":187,"count_miss":25},"user_id":30888446,"score_id":543001385,"rank":"B","pp":8.15837},"95.2":{"maxcombo":744,"statistics":{"count_100":16,"count_300":491,"count_50":0,"count_geki":469,"count_katu":118,"count_miss":2},"user_id":15694579,"score_id":463079656,"rank":"S","pp":18.9182},"86.8":{"maxcombo":197,"statistics":{"count_100":55,"count_300":417,"count_50":9,"count_geki":399,"count_katu":174,"count_miss":42},"user_id":26860268,"score_id":457255465,"rank":"B","pp":5.83435},"99.7":{"maxcombo":1455,"statistics":{"count_100":0,"count_300":273,"count_50":0,"count_geki":816,"count_katu":7,"count_miss":0},"user_id":25061359,"score_id":528489730,"rank":"S","pp":28.7547},"97.5":{"maxcombo":735,"statistics":{"count_100":5,"count_300":375,"count_50":2,"count_geki":652,"count_katu":61,"count_miss":1},"user_id":13407851,"score_id":356095473,"rank":"S","pp":24.0346},"87.2":{"maxcombo":260,"statistics":{"count_100":41,"count_300":479,"count_50":10,"count_geki":293,"count_katu":253,"count_miss":20},"user_id":29663202,"score_id":530063710,"rank":"B","pp":5.44252},"96.9":{"maxcombo":1460,"statistics":{"count_100":7,"count_300":483,"count_50":1,"count_geki":522,"count_katu":83,"count_miss":0},"user_id":23299614,"score_id":454947346,"rank":"S","pp":21.9403},"89.8":{"maxcombo":347,"statistics":{"count_100":35,"count_300":450,"count_50":7,"count_geki":394,"count_katu":192,"count_miss":18},"user_id":32268169,"score_id":531108993,"rank":"B","pp":10.2482},"92.1":{"maxcombo":219,"statistics":{"count_100":19,"count_300":404,"count_50":5,"count_geki":539,"count_katu":89,"count_miss":40},"user_id":18896667,"score_id":393730286,"rank":"A","pp":14.8872},"90.1":{"maxcombo":211,"statistics":{"count_100":35,"count_300":420,"count_50":7,"count_geki":440,"count_katu":173,"count_miss":21},"user_id":24196666,"score_id":453292187,"rank":"A","pp":11.1129},"95.4":{"maxcombo":393,"statistics":{"count_100":11,"count_300":470,"count_50":0,"count_geki":498,"count_katu":112,"count_miss":5},"user_id":11183960,"score_id":341973836,"rank":"S","pp":19.4947},"97.3":{"maxcombo":320,"statistics":{"count_100":7,"count_300":415,"count_50":6,"count_geki":623,"count_katu":38,"count_miss":7},"user_id":10309705,"score_id":238167400,"rank":"S","pp":23.3681},"89.3":{"maxcombo":299,"statistics":{"count_100":33,"count_300":445,"count_50":6,"count_geki":434,"count_katu":133,"count_miss":45},"user_id":6160306,"score_id":285965725,"rank":"B","pp":9.91039},"98.6":{"maxcombo":1483,"statistics":{"count_100":1,"count_300":443,"count_50":0,"count_geki":611,"count_katu":41,"count_miss":0},"user_id":12204147,"score_id":426723823,"rank":"S","pp":25.2867},"97.1":{"maxcombo":737,"statistics":{"count_100":4,"count_300":474,"count_50":0,"count_geki":535,"count_katu":81,"count_miss":2},"user_id":6727544,"score_id":500299775,"rank":"S","pp":22.2601},"98.3":{"maxcombo":1458,"statistics":{"count_100":3,"count_300":420,"count_50":0,"count_geki":625,"count_katu":48,"count_miss":0},"user_id":8758990,"score_id":232363523,"rank":"S","pp":24.9174},"99.1":{"maxcombo":815,"statistics":{"count_100":3,"count_300":274,"count_50":2,"count_geki":801,"count_katu":16,"count_miss":0},"user_id":6692273,"score_id":280677054,"rank":"S","pp":27.7188},"98.7":{"maxcombo":1105,"statistics":{"count_100":1,"count_300":414,"count_50":1,"count_geki":646,"count_katu":33,"count_miss":1},"user_id":11882241,"score_id":293287671,"rank":"S","pp":25.7146},"99.8":{"maxcombo":1458,"statistics":{"count_100":0,"count_300":259,"count_50":0,"count_geki":831,"count_katu":6,"count_miss":0},"user_id":21957292,"score_id":542954849,"rank":"S","pp":28.9349}}