{"84.3":{"maxcombo":131,"statistics":{"count_100":28,"count_300":179,"count_50":9,"count_geki":167,"count_katu":105,"count_miss":18},"user_id":26727699,"score_id":527256354,"rank":"B","pp":0.616839},"93.3":{"maxcombo":167,"statistics":{"count_100":17,"count_300":160,"count_50":1,"count_geki":278,"count_katu":43,"count_miss":7},"user_id":21824825,"score_id":496849238,"rank":"A","pp":5.91353},"94.7":{"maxcombo":523,"statistics":{"count_100":6,"count_300":217,"count_50":1,"count_geki":219,"count_katu":62,"count_miss":1},"user_id":29253987,"score_id":499787027,"rank":"A","pp":6.21962}}