{"87.4":{"maxcombo":292,"statistics":{"count_100":25,"count_300":242,"count_50":1,"count_geki":152,"count_katu":102,"count_miss":16},"user_id":19546626,"score_id":487316343,"rank":"B","pp":3.77216},"91.9":{"maxcombo":336,"statistics":{"count_100":15,"count_300":226,"count_50":2,"count_geki":216,"count_katu":71,"count_miss":8},"user_id":31002934,"score_id":584245737,"rank":"A","pp":8.75152},"90.1":{"maxcombo":306,"statistics":{"count_100":18,"count_300":235,"count_50":1,"count_geki":170,"count_katu":111,"count_miss":3},"user_id":33776001,"score_id":540460028,"rank":"A","pp":6.55079}}