{"82":{"maxcombo":318,"statistics":{"count_100":100,"count_300":395,"count_50":25,"count_geki":245,"count_katu":262,"count_miss":12},"user_id":17611108,"score_id":441343242,"rank":"B","pp":0},"87":{"maxcombo":355,"statistics":{"count_100":76,"count_300":399,"count_50":12,"count_geki":395,"count_katu":124,"count_miss":33},"user_id":16403693,"score_id":344664382,"rank":"B","pp":3.31119},"100":{"maxcombo":1962,"statistics":{"count_100":0,"count_300":125,"count_50":0,"count_geki":914,"count_katu":0,"count_miss":0},"user_id":19804607,"score_id":491149688,"rank":"S","pp":16.156},"73.2":{"maxcombo":149,"statistics":{"count_100":128,"count_300":347,"count_50":47,"count_geki":200,"count_katu":246,"count_miss":71},"user_id":32243800,"score_id":540033077,"rank":"C","pp":0},"80.1":{"maxcombo":323,"statistics":{"count_100":93,"count_300":350,"count_50":18,"count_geki":242,"count_katu":310,"count_miss":26},"user_id":24588101,"score_id":486367498,"rank":"B","pp":0},"92.8":{"maxcombo":546,"statistics":{"count_100":28,"count_300":384,"count_50":4,"count_geki":483,"count_katu":131,"count_miss":9},"user_id":29846350,"score_id":541902005,"rank":"A","pp":8.32492},"92.3":{"maxcombo":440,"statistics":{"count_100":21,"count_300":444,"count_50":12,"count_geki":442,"count_katu":97,"count_miss":23},"user_id":18896667,"score_id":393619536,"rank":"A","pp":7.76447},"96.9":{"maxcombo":1975,"statistics":{"count_100":5,"count_300":507,"count_50":1,"count_geki":442,"count_katu":84,"count_miss":0},"user_id":21953639,"score_id":496447334,"rank":"S","pp":11.3367},"97.9":{"maxcombo":1969,"statistics":{"count_100":2,"count_300":398,"count_50":0,"count_geki":579,"count_katu":60,"count_miss":0},"user_id":18484570,"score_id":497541655,"rank":"S","pp":12.8489}}