{"82":{"maxcombo":318,"statistics":{"count_100":100,"count_300":395,"count_50":25,"count_geki":245,"count_katu":262,"count_miss":12},"user_id":17611108,"score_id":441343242,"rank":"B","pp":0},"87":{"maxcombo":355,"statistics":{"count_100":76,"count_300":399,"count_50":12,"count_geki":395,"count_katu":124,"count_miss":33},"user_id":16403693,"score_id":344664382,"rank":"B","pp":3.31119},"95":{"maxcombo":952,"statistics":{"count_100":15,"count_300":418,"count_50":4,"count_geki":493,"count_katu":106,"count_miss":3},"user_id":32219896,"score_id":538906511,"rank":"S","pp":10.1173},"100":{"maxcombo":1962,"statistics":{"count_100":0,"count_300":125,"count_50":0,"count_geki":914,"count_katu":0,"count_miss":0},"user_id":19804607,"score_id":491149688,"rank":"X","pp":16.156},"92.7":{"maxcombo":298,"statistics":{"count_100":19,"count_300":458,"count_50":7,"count_geki":415,"count_katu":125,"count_miss":15},"user_id":11804717,"score_id":320904210,"rank":"A","pp":7.94371},"80.1":{"maxcombo":323,"statistics":{"count_100":93,"count_300":350,"count_50":18,"count_geki":242,"count_katu":310,"count_miss":26},"user_id":24588101,"score_id":486367498,"rank":"B","pp":0},"73.2":{"maxcombo":149,"statistics":{"count_100":128,"count_300":347,"count_50":47,"count_geki":200,"count_katu":246,"count_miss":71},"user_id":32243800,"score_id":540033077,"rank":"C","pp":0},"92.8":{"maxcombo":546,"statistics":{"count_100":28,"count_300":384,"count_50":4,"count_geki":483,"count_katu":131,"count_miss":9},"user_id":29846350,"score_id":541902005,"rank":"A","pp":8.32492},"92.3":{"maxcombo":440,"statistics":{"count_100":21,"count_300":444,"count_50":12,"count_geki":442,"count_katu":97,"count_miss":23},"user_id":18896667,"score_id":393619536,"rank":"A","pp":7.76447},"99.2":{"maxcombo":1895,"statistics":{"count_100":1,"count_300":378,"count_50":1,"count_geki":641,"count_katu":18,"count_miss":0},"user_id":27761033,"score_id":514829255,"rank":"S","pp":14.2096},"96.9":{"maxcombo":1975,"statistics":{"count_100":5,"count_300":507,"count_50":1,"count_geki":442,"count_katu":84,"count_miss":0},"user_id":21953639,"score_id":496447334,"rank":"S","pp":11.3367},"94.1":{"maxcombo":334,"statistics":{"count_100":15,"count_300":386,"count_50":10,"count_geki":517,"count_katu":103,"count_miss":8},"user_id":15366059,"score_id":386174802,"rank":"A","pp":9.55689},"91.1":{"maxcombo":237,"statistics":{"count_100":27,"count_300":362,"count_50":9,"count_geki":515,"count_katu":89,"count_miss":37},"user_id":17295816,"score_id":395563930,"rank":"A","pp":7.16111}}