{"100":{"maxcombo":1262,"statistics":{"count_100":0,"count_300":31,"count_50":0,"count_geki":547,"count_katu":0,"count_miss":0},"user_id":35095875,"score_id":587177901,"rank":"X","pp":38.2016},"91.7":{"maxcombo":528,"statistics":{"count_100":12,"count_300":252,"count_50":3,"count_geki":207,"count_katu":100,"count_miss":4},"user_id":25386066,"score_id":524277132,"rank":"A","pp":15.9877},"83.7":{"maxcombo":468,"statistics":{"count_100":49,"count_300":196,"count_50":1,"count_geki":205,"count_katu":100,"count_miss":27},"user_id":36648107,"score_id":591299433,"rank":"B","pp":1.45151},"87.5":{"maxcombo":401,"statistics":{"count_100":39,"count_300":218,"count_50":1,"count_geki":213,"count_katu":93,"count_miss":14},"user_id":30182109,"score_id":500877262,"rank":"B","pp":8.55156},"94.9":{"maxcombo":549,"statistics":{"count_100":8,"count_300":192,"count_50":0,"count_geki":330,"count_katu":36,"count_miss":12},"user_id":17401466,"score_id":469057209,"rank":"A","pp":24.4007},"78.8":{"maxcombo":145,"statistics":{"count_100":53,"count_300":196,"count_50":11,"count_geki":147,"count_katu":140,"count_miss":31},"user_id":30239945,"score_id":506982787,"rank":"C","pp":0}}