{"99.8":{"maxcombo":1056,"statistics":{"count_100":0,"count_300":172,"count_50":0,"count_geki":469,"count_katu":3,"count_miss":0},"user_id":36230138,"score_id":581479092,"rank":"S","pp":21.6539},"99.3":{"maxcombo":1063,"statistics":{"count_100":0,"count_300":201,"count_50":0,"count_geki":430,"count_katu":13,"count_miss":0},"user_id":12152652,"score_id":488374216,"rank":"S","pp":20.6237},"85.3":{"maxcombo":253,"statistics":{"count_100":47,"count_300":270,"count_50":7,"count_geki":176,"count_katu":130,"count_miss":14},"user_id":19175501,"score_id":429668819,"rank":"B","pp":2.02903},"91.5":{"maxcombo":399,"statistics":{"count_100":14,"count_300":296,"count_50":2,"count_geki":212,"count_katu":115,"count_miss":5},"user_id":20532853,"score_id":441312763,"rank":"A","pp":9.41945}}