{"86":{"maxcombo":151,"statistics":{"count_100":30,"count_300":199,"count_50":13,"count_geki":171,"count_katu":84,"count_miss":12},"user_id":11123321,"score_id":345204333,"rank":"B","pp":2.73352},"87":{"maxcombo":208,"statistics":{"count_100":24,"count_300":189,"count_50":5,"count_geki":181,"count_katu":96,"count_miss":14},"user_id":13038574,"score_id":358636006,"rank":"B","pp":3.69139},"85.8":{"maxcombo":206,"statistics":{"count_100":31,"count_300":189,"count_50":6,"count_geki":182,"count_katu":82,"count_miss":19},"user_id":30210425,"score_id":497328425,"rank":"B","pp":2.65569},"91.6":{"maxcombo":402,"statistics":{"count_100":15,"count_300":201,"count_50":0,"count_geki":218,"count_katu":64,"count_miss":11},"user_id":34501846,"score_id":555643850,"rank":"A","pp":8.41488},"99.9":{"maxcombo":890,"statistics":{"count_100":0,"count_300":70,"count_50":0,"count_geki":438,"count_katu":1,"count_miss":0},"user_id":26144040,"score_id":480878007,"rank":"S","pp":18.5922},"85.4":{"maxcombo":233,"statistics":{"count_100":16,"count_300":173,"count_50":7,"count_geki":221,"count_katu":52,"count_miss":40},"user_id":17295816,"score_id":361704805,"rank":"B","pp":2.79338}}