{"96.2":{"maxcombo":524,"statistics":{"count_100":17,"count_300":264,"count_50":0,"count_geki":452,"count_katu":45,"count_miss":3},"user_id":26979964,"score_id":469728118,"rank":"S","pp":17.5237},"95.1":{"maxcombo":354,"statistics":{"count_100":5,"count_300":379,"count_50":3,"count_geki":310,"count_katu":78,"count_miss":6},"user_id":23187282,"score_id":586012172,"rank":"S","pp":14.7942},"90.3":{"maxcombo":221,"statistics":{"count_100":22,"count_300":339,"count_50":4,"count_geki":278,"count_katu":121,"count_miss":17},"user_id":33941939,"score_id":560601188,"rank":"A","pp":8.77302},"99.8":{"maxcombo":738,"statistics":{"count_100":0,"count_300":187,"count_50":0,"count_geki":593,"count_katu":0,"count_miss":1},"user_id":30876627,"score_id":503501185,"rank":"S","pp":23.2563},"96.3":{"maxcombo":966,"statistics":{"count_100":7,"count_300":340,"count_50":1,"count_geki":369,"count_katu":62,"count_miss":2},"user_id":32219896,"score_id":579514503,"rank":"S","pp":16.8604},"95.5":{"maxcombo":349,"statistics":{"count_100":6,"count_300":316,"count_50":0,"count_geki":388,"count_katu":60,"count_miss":11},"user_id":19650988,"score_id":412805882,"rank":"S","pp":16.0146},"89.2":{"maxcombo":328,"statistics":{"count_100":35,"count_300":326,"count_50":4,"count_geki":255,"count_katu":155,"count_miss":6},"user_id":16292640,"score_id":559411051,"rank":"B","pp":7.17276},"98.4":{"maxcombo":1270,"statistics":{"count_100":0,"count_300":354,"count_50":0,"count_geki":390,"count_katu":37,"count_miss":0},"user_id":10187128,"score_id":382437327,"rank":"S","pp":19.4785}}