{"88.4":{"maxcombo":149,"statistics":{"count_100":26,"count_300":274,"count_50":4,"count_geki":222,"count_katu":127,"count_miss":14},"user_id":25386066,"score_id":508958986,"rank":"B","pp":8.39965},"87.3":{"maxcombo":232,"statistics":{"count_100":26,"count_300":278,"count_50":9,"count_geki":193,"count_katu":152,"count_miss":9},"user_id":31853177,"score_id":525851233,"rank":"B","pp":6.17556},"90.3":{"maxcombo":237,"statistics":{"count_100":27,"count_300":258,"count_50":7,"count_geki":282,"count_katu":79,"count_miss":14},"user_id":15694579,"score_id":446430774,"rank":"A","pp":12.3684},"89.5":{"maxcombo":515,"statistics":{"count_100":22,"count_300":281,"count_50":6,"count_geki":252,"count_katu":156,"count_miss":4},"user_id":36185644,"score_id":3050481869,"rank":"B","pp":10.2603},"99.8":{"maxcombo":979,"statistics":{"count_100":0,"count_300":132,"count_50":0,"count_geki":531,"count_katu":4,"count_miss":0},"user_id":33452647,"score_id":534584691,"rank":"S","pp":31.0963}}