{"93.8":{"maxcombo":998,"statistics":{"count_100":14,"count_300":353,"count_50":5,"count_geki":291,"count_katu":100,"count_miss":0},"user_id":15011184,"score_id":331823100,"rank":"A","pp":8.22776},"99.6":{"maxcombo":1415,"statistics":{"count_100":0,"count_300":246,"count_50":0,"count_geki":508,"count_katu":9,"count_miss":0},"user_id":34217721,"score_id":546973683,"rank":"S","pp":13.9062},"88.4":{"maxcombo":296,"statistics":{"count_100":35,"count_300":309,"count_50":3,"count_geki":272,"count_katu":122,"count_miss":22},"user_id":17965794,"score_id":488849414,"rank":"B","pp":4.04602}}