{"99.9":{"maxcombo":1751,"statistics":{"count_100":0,"count_300":312,"count_50":0,"count_geki":818,"count_katu":1,"count_miss":0},"user_id":32551268,"score_id":531168021,"rank":"S","pp":28.5455},"98.7":{"maxcombo":409,"statistics":{"count_100":1,"count_300":237,"count_50":7,"count_geki":870,"count_katu":12,"count_miss":4},"user_id":34420894,"score_id":551628511,"rank":"S","pp":27.1577},"88.6":{"maxcombo":592,"statistics":{"count_100":65,"count_300":437,"count_50":9,"count_geki":413,"count_katu":195,"count_miss":12},"user_id":29491215,"score_id":505070954,"rank":"B","pp":8.50607},"87.6":{"maxcombo":194,"statistics":{"count_100":49,"count_300":482,"count_50":15,"count_geki":377,"count_katu":170,"count_miss":38},"user_id":28151012,"score_id":541236427,"rank":"B","pp":6.63831},"94.4":{"maxcombo":577,"statistics":{"count_100":26,"count_300":439,"count_50":2,"count_geki":561,"count_katu":89,"count_miss":14},"user_id":17527329,"score_id":392833125,"rank":"A","pp":18.2383}}