{"86.2":{"maxcombo":463,"statistics":{"count_100":55,"count_300":305,"count_50":5,"count_geki":278,"count_katu":186,"count_miss":13},"user_id":29663202,"score_id":525203393,"rank":"B","pp":2.61714},"94.5":{"maxcombo":678,"statistics":{"count_100":8,"count_300":403,"count_50":1,"count_geki":322,"count_katu":102,"count_miss":6},"user_id":26770707,"score_id":458139405,"rank":"A","pp":9.87104},"93.3":{"maxcombo":686,"statistics":{"count_100":15,"count_300":382,"count_50":1,"count_geki":318,"count_katu":121,"count_miss":5},"user_id":3440584,"score_id":545386310,"rank":"A","pp":8.84523}}