{"91.2":{"maxcombo":599,"statistics":{"count_100":30,"count_300":361,"count_50":4,"count_geki":320,"count_katu":115,"count_miss":12},"user_id":11804717,"score_id":312642653,"rank":"A","pp":7.11002},"86.2":{"maxcombo":463,"statistics":{"count_100":55,"count_300":305,"count_50":5,"count_geki":278,"count_katu":186,"count_miss":13},"user_id":29663202,"score_id":525203393,"rank":"B","pp":2.61714},"94.5":{"maxcombo":678,"statistics":{"count_100":8,"count_300":403,"count_50":1,"count_geki":322,"count_katu":102,"count_miss":6},"user_id":26770707,"score_id":458139405,"rank":"A","pp":9.87104},"93.8":{"maxcombo":385,"statistics":{"count_100":10,"count_300":366,"count_50":3,"count_geki":350,"count_katu":105,"count_miss":8},"user_id":33941939,"score_id":560485504,"rank":"A","pp":9.45805},"93.3":{"maxcombo":686,"statistics":{"count_100":15,"count_300":382,"count_50":1,"count_geki":318,"count_katu":121,"count_miss":5},"user_id":3440584,"score_id":545386310,"rank":"A","pp":8.84523}}