{"89":{"maxcombo":317,"statistics":{"count_100":27,"count_300":225,"count_50":3,"count_geki":249,"count_katu":120,"count_miss":9},"user_id":29243096,"score_id":589688397,"rank":"B","pp":15.3425},"99":{"maxcombo":907,"statistics":{"count_100":0,"count_300":153,"count_50":0,"count_geki":332,"count_katu":14,"count_miss":0},"user_id":36767928,"score_id":589982858,"rank":"S","pp":26.8505},"83.8":{"maxcombo":82,"statistics":{"count_100":44,"count_300":254,"count_50":24,"count_geki":346,"count_katu":113,"count_miss":47},"user_id":23979444,"score_id":2520005232,"rank":"B","pp":3.12399},"85.1":{"maxcombo":253,"statistics":{"count_100":40,"count_300":195,"count_50":11,"count_geki":256,"count_katu":109,"count_miss":22},"user_id":36308744,"score_id":592688889,"rank":"B","pp":6.04634},"93.6":{"maxcombo":932,"statistics":{"count_100":9,"count_300":127,"count_50":0,"count_geki":286,"count_katu":77,"count_miss":0},"user_id":35797318,"score_id":573360939,"rank":"A","pp":17.9451}}