{"72":{"maxcombo":68,"statistics":{"count_100":46,"count_300":221,"count_50":43,"count_geki":118,"count_katu":112,"count_miss":65},"user_id":26856790,"score_id":479699162,"rank":"C","pp":0},"87":{"maxcombo":882,"statistics":{"count_100":11,"count_300":196,"count_50":4,"count_geki":196,"count_katu":193,"count_miss":3},"user_id":25054029,"score_id":457288122,"rank":"B","pp":4.31579},"96":{"maxcombo":833,"statistics":{"count_100":11,"count_300":293,"count_50":0,"count_geki":251,"count_katu":47,"count_miss":1},"user_id":13171104,"score_id":453869523,"rank":"S","pp":14.9033},"88.4":{"maxcombo":725,"statistics":{"count_100":40,"count_300":237,"count_50":1,"count_geki":202,"count_katu":121,"count_miss":2},"user_id":26175109,"score_id":451877778,"rank":"B","pp":5.88862},"94.9":{"maxcombo":450,"statistics":{"count_100":5,"count_300":296,"count_50":1,"count_geki":241,"count_katu":51,"count_miss":9},"user_id":19849117,"score_id":391959055,"rank":"A","pp":13.6487},"88.6":{"maxcombo":411,"statistics":{"count_100":27,"count_300":276,"count_50":10,"count_geki":179,"count_katu":103,"count_miss":8},"user_id":21081075,"score_id":400824303,"rank":"B","pp":5.82131},"86.6":{"maxcombo":325,"statistics":{"count_100":24,"count_300":259,"count_50":16,"count_geki":172,"count_katu":121,"count_miss":11},"user_id":25067200,"score_id":437013054,"rank":"B","pp":3.53244},"96.5":{"maxcombo":749,"statistics":{"count_100":5,"count_300":246,"count_50":1,"count_geki":305,"count_katu":44,"count_miss":2},"user_id":25006734,"score_id":452446667,"rank":"S","pp":16.1457},"91.2":{"maxcombo":474,"statistics":{"count_100":16,"count_300":234,"count_50":1,"count_geki":245,"count_katu":99,"count_miss":8},"user_id":26119096,"score_id":455445346,"rank":"A","pp":9.59731}}