{"83.9":{"maxcombo":182,"statistics":{"count_100":46,"count_300":176,"count_50":3,"count_geki":149,"count_katu":96,"count_miss":12},"user_id":30812952,"score_id":532818218,"rank":"B","pp":0.928108},"87.1":{"maxcombo":170,"statistics":{"count_100":31,"count_300":193,"count_50":2,"count_geki":163,"count_katu":80,"count_miss":13},"user_id":13038574,"score_id":473617919,"rank":"B","pp":5.24674}}