{"89.7":{"maxcombo":382,"statistics":{"count_100":20,"count_300":236,"count_50":6,"count_geki":140,"count_katu":75,"count_miss":6},"user_id":24317978,"score_id":428351780,"rank":"B","pp":7.06345},"80.1":{"maxcombo":425,"statistics":{"count_100":28,"count_300":187,"count_50":22,"count_geki":108,"count_katu":119,"count_miss":19},"user_id":28138179,"score_id":470799656,"rank":"B","pp":0},"85.7":{"maxcombo":299,"statistics":{"count_100":27,"count_300":211,"count_50":10,"count_geki":129,"count_katu":95,"count_miss":11},"user_id":22087386,"score_id":425750654,"rank":"B","pp":2.39113},"95.7":{"maxcombo":656,"statistics":{"count_100":1,"count_300":231,"count_50":0,"count_geki":200,"count_katu":47,"count_miss":4},"user_id":36013752,"score_id":578217157,"rank":"S","pp":14.6216},"89.9":{"maxcombo":492,"statistics":{"count_100":14,"count_300":232,"count_50":7,"count_geki":138,"count_katu":88,"count_miss":4},"user_id":14100530,"score_id":443384852,"rank":"B","pp":7.22378}}