{"89.1":{"maxcombo":454,"statistics":{"count_100":23,"count_300":254,"count_50":4,"count_geki":176,"count_katu":81,"count_miss":14},"user_id":26877616,"score_id":459087790,"rank":"B","pp":5.61951},"85.8":{"maxcombo":210,"statistics":{"count_100":23,"count_300":227,"count_50":6,"count_geki":149,"count_katu":134,"count_miss":13},"user_id":22271006,"score_id":408141413,"rank":"B","pp":2.19381}}