{"77":{"maxcombo":938,"statistics":{"count_100":71,"count_300":306,"count_50":30,"count_geki":76,"count_katu":210,"count_miss":22},"user_id":23806703,"score_id":423258565,"rank":"C","pp":0},"94":{"maxcombo":860,"statistics":{"count_100":3,"count_300":375,"count_50":2,"count_geki":224,"count_katu":108,"count_miss":3},"user_id":15499513,"score_id":431840313,"rank":"A","pp":16.7202},"86.6":{"maxcombo":1737,"statistics":{"count_100":7,"count_300":167,"count_50":0,"count_geki":268,"count_katu":273,"count_miss":0},"user_id":31059906,"score_id":505900486,"rank":"B","pp":5.86725},"98.9":{"maxcombo":1749,"statistics":{"count_100":0,"count_300":323,"count_50":0,"count_geki":369,"count_katu":23,"count_miss":0},"user_id":31207923,"score_id":507998141,"rank":"S","pp":26.4026},"92.8":{"maxcombo":914,"statistics":{"count_100":15,"count_300":361,"count_50":7,"count_geki":237,"count_katu":90,"count_miss":5},"user_id":31219637,"score_id":511234480,"rank":"A","pp":15.1378},"48.9":{"maxcombo":128,"statistics":{"count_100":124,"count_300":124,"count_50":184,"count_geki":40,"count_katu":171,"count_miss":72},"user_id":23607166,"score_id":419961948,"rank":"D","pp":0},"91.2":{"maxcombo":867,"statistics":{"count_100":22,"count_300":348,"count_50":6,"count_geki":234,"count_katu":93,"count_miss":12},"user_id":27515879,"score_id":514813844,"rank":"A","pp":12.5293},"99.3":{"maxcombo":727,"statistics":{"count_100":0,"count_300":281,"count_50":0,"count_geki":424,"count_katu":8,"count_miss":2},"user_id":31329401,"score_id":529083732,"rank":"S","pp":27.8478},"75.1":{"maxcombo":288,"statistics":{"count_100":74,"count_300":294,"count_50":48,"count_geki":103,"count_katu":162,"count_miss":34},"user_id":31511144,"score_id":514500078,"rank":"C","pp":0},"96.5":{"maxcombo":1694,"statistics":{"count_100":4,"count_300":456,"count_50":0,"count_geki":190,"count_katu":65,"count_miss":0},"user_id":23633385,"score_id":424790711,"rank":"S","pp":20.203},"85.4":{"maxcombo":931,"statistics":{"count_100":12,"count_300":228,"count_50":2,"count_geki":205,"count_katu":260,"count_miss":8},"user_id":23592710,"score_id":542380434,"rank":"B","pp":3.07814},"93.2":{"maxcombo":463,"statistics":{"count_100":10,"count_300":357,"count_50":4,"count_geki":251,"count_katu":82,"count_miss":11},"user_id":32044817,"score_id":521591849,"rank":"A","pp":15.8821},"92.9":{"maxcombo":788,"statistics":{"count_100":16,"count_300":359,"count_50":8,"count_geki":261,"count_katu":57,"count_miss":14},"user_id":31398094,"score_id":511736661,"rank":"A","pp":15.593},"96.3":{"maxcombo":1248,"statistics":{"count_100":8,"count_300":385,"count_50":0,"count_geki":264,"count_katu":56,"count_miss":2},"user_id":31553130,"score_id":515248948,"rank":"S","pp":20.9111}}