{"82.8":{"maxcombo":163,"statistics":{"count_100":23,"count_300":123,"count_50":13,"count_geki":184,"count_katu":75,"count_miss":25},"user_id":32561588,"score_id":528630502,"rank":"B","pp":0.149884},"95.1":{"maxcombo":211,"statistics":{"count_100":6,"count_300":216,"count_50":5,"count_geki":393,"count_katu":33,"count_miss":13},"user_id":22087386,"score_id":2284921834,"rank":"S","pp":8.64183}}