{"76":{"maxcombo":210,"statistics":{"count_100":108,"count_300":287,"count_50":20,"count_geki":167,"count_katu":219,"count_miss":40},"user_id":25134102,"score_id":437369193,"rank":"C","pp":0},"93":{"maxcombo":642,"statistics":{"count_100":18,"count_300":409,"count_50":4,"count_geki":288,"count_katu":118,"count_miss":4},"user_id":21415404,"score_id":466588084,"rank":"A","pp":12.57},"95":{"maxcombo":1636,"statistics":{"count_100":9,"count_300":487,"count_50":0,"count_geki":239,"count_katu":106,"count_miss":0},"user_id":31219637,"score_id":523547566,"rank":"S","pp":14.678},"84.5":{"maxcombo":383,"statistics":{"count_100":50,"count_300":376,"count_50":28,"count_geki":199,"count_katu":172,"count_miss":16},"user_id":30922942,"score_id":519578462,"rank":"B","pp":0.991059},"99.4":{"maxcombo":1644,"statistics":{"count_100":0,"count_300":363,"count_50":0,"count_geki":464,"count_katu":14,"count_miss":0},"user_id":27070088,"score_id":469704865,"rank":"S","pp":22.4207},"95.2":{"maxcombo":486,"statistics":{"count_100":23,"count_300":450,"count_50":3,"count_geki":597,"count_katu":99,"count_miss":5},"user_id":35224517,"score_id":2311580836,"rank":"S","pp":17.1233},"98.9":{"maxcombo":1033,"statistics":{"count_100":1,"count_300":315,"count_50":0,"count_geki":503,"count_katu":21,"count_miss":1},"user_id":21857785,"score_id":457057216,"rank":"S","pp":22.2109},"52.1":{"maxcombo":92,"statistics":{"count_100":137,"count_300":163,"count_50":70,"count_geki":91,"count_katu":191,"count_miss":189},"user_id":27796997,"score_id":467528690,"rank":"D","pp":0},"97.6":{"maxcombo":1424,"statistics":{"count_100":1,"count_300":278,"count_50":1,"count_geki":507,"count_katu":54,"count_miss":0},"user_id":25105589,"score_id":524183902,"rank":"S","pp":20.6274},"89.6":{"maxcombo":539,"statistics":{"count_100":37,"count_300":384,"count_50":4,"count_geki":256,"count_katu":152,"count_miss":8},"user_id":28120485,"score_id":470587353,"rank":"B","pp":8.05433},"91.3":{"maxcombo":446,"statistics":{"count_100":25,"count_300":462,"count_50":9,"count_geki":208,"count_katu":132,"count_miss":5},"user_id":17720445,"score_id":397993494,"rank":"A","pp":9.59787},"98.7":{"maxcombo":1651,"statistics":{"count_100":1,"count_300":339,"count_50":0,"count_geki":472,"count_katu":29,"count_miss":0},"user_id":23212270,"score_id":452282271,"rank":"S","pp":21.6514}}