{"95":{"maxcombo":297,"statistics":{"count_100":8,"count_300":195,"count_50":2,"count_geki":468,"count_katu":58,"count_miss":10},"user_id":14401004,"score_id":494087014,"rank":"S","pp":35.6379},"96":{"maxcombo":563,"statistics":{"count_100":4,"count_300":272,"count_50":0,"count_geki":390,"count_katu":73,"count_miss":2},"user_id":12779657,"score_id":548310726,"rank":"S","pp":36.3721},"94.8":{"maxcombo":287,"statistics":{"count_100":14,"count_300":209,"count_50":5,"count_geki":555,"count_katu":35,"count_miss":18},"user_id":32272776,"score_id":550244703,"rank":"A","pp":49.0099},"88.7":{"maxcombo":208,"statistics":{"count_100":26,"count_300":382,"count_50":11,"count_geki":244,"count_katu":158,"count_miss":15},"user_id":26508604,"score_id":557475905,"rank":"B","pp":18.8189},"99.6":{"maxcombo":1294,"statistics":{"count_100":0,"count_300":192,"count_50":0,"count_geki":541,"count_katu":8,"count_miss":0},"user_id":24745003,"score_id":468770467,"rank":"S","pp":48.9},"93.3":{"maxcombo":284,"statistics":{"count_100":19,"count_300":247,"count_50":4,"count_geki":471,"count_katu":65,"count_miss":17},"user_id":29454875,"score_id":493419271,"rank":"A","pp":37.0754},"82.9":{"maxcombo":229,"statistics":{"count_100":59,"count_300":228,"count_50":9,"count_geki":306,"count_katu":207,"count_miss":27},"user_id":24441695,"score_id":562328457,"rank":"B","pp":0.075737},"89.3":{"maxcombo":233,"statistics":{"count_100":18,"count_300":259,"count_50":15,"count_geki":418,"count_katu":92,"count_miss":34},"user_id":31124816,"score_id":538914162,"rank":"B","pp":25.8054},"97.2":{"maxcombo":1321,"statistics":{"count_100":5,"count_300":259,"count_50":0,"count_geki":425,"count_katu":52,"count_miss":0},"user_id":34970851,"score_id":565152093,"rank":"S","pp":40.0433},"96.8":{"maxcombo":1304,"statistics":{"count_100":6,"count_300":245,"count_50":0,"count_geki":432,"count_katu":58,"count_miss":0},"user_id":19873329,"score_id":486498640,"rank":"S","pp":39.2861},"86.9":{"maxcombo":318,"statistics":{"count_100":30,"count_300":242,"count_50":4,"count_geki":265,"count_katu":190,"count_miss":10},"user_id":25970917,"score_id":449429464,"rank":"B","pp":10.215},"84.3":{"maxcombo":182,"statistics":{"count_100":56,"count_300":231,"count_50":13,"count_geki":343,"count_katu":165,"count_miss":28},"user_id":33423002,"score_id":554995667,"rank":"B","pp":6.02416},"98.2":{"maxcombo":798,"statistics":{"count_100":0,"count_300":175,"count_50":0,"count_geki":528,"count_katu":37,"count_miss":1},"user_id":25977466,"score_id":507031320,"rank":"S","pp":44.9305},"97.5":{"maxcombo":1354,"statistics":{"count_100":2,"count_300":219,"count_50":1,"count_geki":526,"count_katu":53,"count_miss":0},"user_id":18820428,"score_id":537194309,"rank":"S","pp":49.1379},"96.9":{"maxcombo":747,"statistics":{"count_100":8,"count_300":251,"count_50":1,"count_geki":519,"count_katu":57,"count_miss":0},"user_id":26804301,"score_id":569951067,"rank":"S","pp":55.5756},"98.1":{"maxcombo":1283,"statistics":{"count_100":4,"count_300":227,"count_50":0,"count_geki":477,"count_katu":33,"count_miss":0},"user_id":18094140,"score_id":453299676,"rank":"S","pp":43.6456},"96.1":{"maxcombo":1310,"statistics":{"count_100":3,"count_300":261,"count_50":1,"count_geki":400,"count_katu":76,"count_miss":0},"user_id":11501670,"score_id":537615978,"rank":"S","pp":36.8884},"96.3":{"maxcombo":764,"statistics":{"count_100":8,"count_300":226,"count_50":3,"count_geki":449,"count_katu":54,"count_miss":1},"user_id":20268305,"score_id":567567914,"rank":"S","pp":38.4715},"84.9":{"maxcombo":171,"statistics":{"count_100":51,"count_300":239,"count_50":9,"count_geki":337,"count_katu":173,"count_miss":27},"user_id":35481304,"score_id":568488590,"rank":"B","pp":7.96021}}