{"83.9":{"maxcombo":342,"statistics":{"count_100":38,"count_300":204,"count_50":14,"count_geki":159,"count_katu":128,"count_miss":9},"user_id":34477809,"score_id":551530745,"rank":"B","pp":0.376383},"91.5":{"maxcombo":541,"statistics":{"count_100":14,"count_300":214,"count_50":7,"count_geki":245,"count_katu":61,"count_miss":11},"user_id":25638611,"score_id":445690347,"rank":"A","pp":6.60759}}