{"89.8":{"maxcombo":1565,"statistics":{"count_100":16,"count_300":252,"count_50":1,"count_geki":103,"count_katu":110,"count_miss":1},"user_id":15011184,"score_id":325055126,"rank":"B","pp":3.85979},"87.5":{"maxcombo":1199,"statistics":{"count_100":33,"count_300":227,"count_50":4,"count_geki":114,"count_katu":105,"count_miss":0},"user_id":11123321,"score_id":341467455,"rank":"B","pp":2.44877}}