{"93.2":{"maxcombo":372,"statistics":{"count_100":8,"count_300":215,"count_50":5,"count_geki":157,"count_katu":38,"count_miss":7},"user_id":11538804,"score_id":349349838,"rank":"A","pp":15.6813},"89.8":{"maxcombo":419,"statistics":{"count_100":23,"count_300":212,"count_50":3,"count_geki":128,"count_katu":57,"count_miss":7},"user_id":20719383,"score_id":431994701,"rank":"B","pp":9.81407},"98.6":{"maxcombo":1121,"statistics":{"count_100":1,"count_300":219,"count_50":0,"count_geki":194,"count_katu":16,"count_miss":0},"user_id":23246374,"score_id":463686555,"rank":"S","pp":24.7414},"85.4":{"maxcombo":204,"statistics":{"count_100":17,"count_300":171,"count_50":17,"count_geki":136,"count_katu":78,"count_miss":11},"user_id":20476221,"score_id":478479569,"rank":"B","pp":3.40488},"94.9":{"maxcombo":789,"statistics":{"count_100":5,"count_300":206,"count_50":1,"count_geki":165,"count_katu":53,"count_miss":0},"user_id":23851108,"score_id":479520988,"rank":"A","pp":18.4618},"95.2":{"maxcombo":316,"statistics":{"count_100":4,"count_300":212,"count_50":3,"count_geki":173,"count_katu":34,"count_miss":4},"user_id":18915276,"score_id":440816006,"rank":"S","pp":19.1215}}