{"93.8":{"maxcombo":403,"statistics":{"count_100":10,"count_300":178,"count_50":3,"count_geki":152,"count_katu":40,"count_miss":1},"user_id":17923496,"score_id":561037239,"rank":"A","pp":8.63325},"92.2":{"maxcombo":370,"statistics":{"count_100":16,"count_300":124,"count_50":2,"count_geki":202,"count_katu":34,"count_miss":6},"user_id":21824825,"score_id":496849816,"rank":"A","pp":8.06377}}