{"99.9":{"maxcombo":1020,"statistics":{"count_100":0,"count_300":108,"count_50":0,"count_geki":381,"count_katu":1,"count_miss":0},"user_id":34586376,"score_id":553407446,"rank":"S","pp":20.6057},"91.3":{"maxcombo":309,"statistics":{"count_100":9,"count_300":220,"count_50":5,"count_geki":176,"count_katu":72,"count_miss":8},"user_id":33803864,"score_id":555480291,"rank":"A","pp":8.80773},"85.5":{"maxcombo":312,"statistics":{"count_100":25,"count_300":221,"count_50":4,"count_geki":111,"count_katu":117,"count_miss":12},"user_id":29877755,"score_id":534154752,"rank":"B","pp":1.75729},"97.8":{"maxcombo":1012,"statistics":{"count_100":0,"count_300":267,"count_50":0,"count_geki":192,"count_katu":31,"count_miss":0},"user_id":32247358,"score_id":520233193,"rank":"S","pp":15.8015},"93.1":{"maxcombo":464,"statistics":{"count_100":14,"count_300":208,"count_50":1,"count_geki":203,"count_katu":61,"count_miss":3},"user_id":13799497,"score_id":460216384,"rank":"A","pp":11.0327},"96.3":{"maxcombo":502,"statistics":{"count_100":6,"count_300":177,"count_50":1,"count_geki":275,"count_katu":27,"count_miss":4},"user_id":23959245,"score_id":467060199,"rank":"S","pp":15.3834}}