{"87":{"maxcombo":312,"statistics":{"count_100":44,"count_300":322,"count_50":9,"count_geki":381,"count_katu":204,"count_miss":22},"user_id":16079075,"score_id":461648025,"rank":"B","pp":9.20506},"97":{"maxcombo":1941,"statistics":{"count_100":7,"count_300":337,"count_50":0,"count_geki":545,"count_katu":72,"count_miss":0},"user_id":15741089,"score_id":532329621,"rank":"S","pp":33.8538},"84.3":{"maxcombo":129,"statistics":{"count_100":20,"count_300":328,"count_50":11,"count_geki":339,"count_katu":229,"count_miss":55},"user_id":22883889,"score_id":503414177,"rank":"B","pp":2.76484},"60.3":{"maxcombo":277,"statistics":{"count_100":254,"count_300":168,"count_50":48,"count_geki":145,"count_katu":281,"count_miss":86},"user_id":28381829,"score_id":478508921,"rank":"D","pp":0},"95.2":{"maxcombo":1959,"statistics":{"count_100":11,"count_300":343,"count_50":0,"count_geki":492,"count_katu":115,"count_miss":0},"user_id":27651065,"score_id":476591532,"rank":"S","pp":29.1763},"97.9":{"maxcombo":891,"statistics":{"count_100":2,"count_300":211,"count_50":0,"count_geki":697,"count_katu":49,"count_miss":2},"user_id":12427604,"score_id":464148601,"rank":"S","pp":38.2123},"58.6":{"maxcombo":140,"statistics":{"count_100":339,"count_300":160,"count_50":27,"count_geki":119,"count_katu":269,"count_miss":68},"user_id":27293940,"score_id":461560697,"rank":"D","pp":0},"95.9":{"maxcombo":1014,"statistics":{"count_100":7,"count_300":356,"count_50":1,"count_geki":498,"count_katu":98,"count_miss":1},"user_id":17069507,"score_id":448145386,"rank":"S","pp":30.7482},"93.6":{"maxcombo":316,"statistics":{"count_100":23,"count_300":614,"count_50":8,"count_geki":622,"count_katu":197,"count_miss":6},"user_id":33735547,"score_id":3017191808,"rank":"A","pp":24.3105}}