{"96.3":{"maxcombo":364,"statistics":{"count_100":4,"count_300":321,"count_50":3,"count_geki":475,"count_katu":62,"count_miss":6},"user_id":1548388,"score_id":324792098,"rank":"S","pp":21.2045},"97.8":{"maxcombo":615,"statistics":{"count_100":3,"count_300":353,"count_50":2,"count_geki":471,"count_katu":41,"count_miss":1},"user_id":30443005,"score_id":533872922,"rank":"S","pp":23.404},"96.5":{"maxcombo":790,"statistics":{"count_100":11,"count_300":338,"count_50":1,"count_geki":462,"count_katu":56,"count_miss":3},"user_id":10015730,"score_id":448272693,"rank":"S","pp":21.3929},"87.1":{"maxcombo":136,"statistics":{"count_100":32,"count_300":300,"count_50":6,"count_geki":375,"count_katu":108,"count_miss":50},"user_id":22637703,"score_id":525187394,"rank":"B","pp":6.71692},"89.6":{"maxcombo":800,"statistics":{"count_100":32,"count_300":432,"count_50":2,"count_geki":204,"count_katu":201,"count_miss":0},"user_id":31747818,"score_id":550355921,"rank":"B","pp":8.53411},"94.3":{"maxcombo":227,"statistics":{"count_100":14,"count_300":347,"count_50":11,"count_geki":430,"count_katu":58,"count_miss":11},"user_id":33884665,"score_id":550192463,"rank":"A","pp":17.8804},"88.6":{"maxcombo":158,"statistics":{"count_100":32,"count_300":342,"count_50":14,"count_geki":320,"count_katu":146,"count_miss":17},"user_id":26179747,"score_id":474505493,"rank":"B","pp":8.37898},"94.1":{"maxcombo":379,"statistics":{"count_100":11,"count_300":350,"count_50":4,"count_geki":396,"count_katu":104,"count_miss":6},"user_id":12200863,"score_id":363868066,"rank":"A","pp":17.0882}}