{"79":{"maxcombo":253,"statistics":{"count_100":59,"count_300":271,"count_50":15,"count_geki":257,"count_katu":148,"count_miss":71},"user_id":28709999,"score_id":491723158,"rank":"C","pp":0},"85":{"maxcombo":171,"statistics":{"count_100":38,"count_300":279,"count_50":9,"count_geki":317,"count_katu":132,"count_miss":46},"user_id":28361311,"score_id":478730511,"rank":"B","pp":6.78734},"87":{"maxcombo":357,"statistics":{"count_100":38,"count_300":337,"count_50":12,"count_geki":266,"count_katu":145,"count_miss":23},"user_id":28921135,"score_id":517940627,"rank":"B","pp":11.4178},"93":{"maxcombo":431,"statistics":{"count_100":12,"count_300":343,"count_50":3,"count_geki":346,"count_katu":106,"count_miss":11},"user_id":25389280,"score_id":533675568,"rank":"A","pp":31.4267},"95":{"maxcombo":737,"statistics":{"count_100":16,"count_300":257,"count_50":2,"count_geki":478,"count_katu":59,"count_miss":9},"user_id":29973525,"score_id":503306483,"rank":"S","pp":40.3613},"96":{"maxcombo":740,"statistics":{"count_100":14,"count_300":322,"count_50":1,"count_geki":428,"count_katu":50,"count_miss":6},"user_id":15026100,"score_id":486103457,"rank":"S","pp":42.1143},"97":{"maxcombo":1126,"statistics":{"count_100":7,"count_300":316,"count_50":1,"count_geki":442,"count_katu":54,"count_miss":1},"user_id":4275934,"score_id":433278801,"rank":"S","pp":45.4753},"100":{"maxcombo":1367,"statistics":{"count_100":0,"count_300":129,"count_50":0,"count_geki":692,"count_katu":0,"count_miss":0},"user_id":27301297,"score_id":461636512,"rank":"S","pp":60.4065},"97.5":{"maxcombo":571,"statistics":{"count_100":5,"count_300":192,"count_50":1,"count_geki":586,"count_katu":31,"count_miss":6},"user_id":26457430,"score_id":540490485,"rank":"S","pp":50.408},"96.4":{"maxcombo":1069,"statistics":{"count_100":9,"count_300":338,"count_50":1,"count_geki":407,"count_katu":65,"count_miss":1},"user_id":23600546,"score_id":482962803,"rank":"S","pp":42.8155},"92.5":{"maxcombo":254,"statistics":{"count_100":16,"count_300":322,"count_50":6,"count_geki":374,"count_katu":86,"count_miss":17},"user_id":25955884,"score_id":485442985,"rank":"A","pp":30.4717},"84.3":{"maxcombo":134,"statistics":{"count_100":39,"count_300":310,"count_50":5,"count_geki":295,"count_katu":110,"count_miss":62},"user_id":32295192,"score_id":542033255,"rank":"B","pp":4.07916},"94.8":{"maxcombo":342,"statistics":{"count_100":11,"count_300":380,"count_50":6,"count_geki":355,"count_katu":59,"count_miss":10},"user_id":32009862,"score_id":526692193,"rank":"A","pp":37.0244},"84.5":{"maxcombo":80,"statistics":{"count_100":20,"count_300":266,"count_50":8,"count_geki":319,"count_katu":152,"count_miss":56},"user_id":30544378,"score_id":536679241,"rank":"B","pp":5.44534},"97.9":{"maxcombo":618,"statistics":{"count_100":2,"count_300":267,"count_50":1,"count_geki":516,"count_katu":30,"count_miss":5},"user_id":23200357,"score_id":529323823,"rank":"S","pp":49.9245},"96.8":{"maxcombo":464,"statistics":{"count_100":6,"count_300":262,"count_50":3,"count_geki":503,"count_katu":41,"count_miss":6},"user_id":22348470,"score_id":540941917,"rank":"S","pp":46.3458},"99.5":{"maxcombo":853,"statistics":{"count_100":2,"count_300":128,"count_50":0,"count_geki":687,"count_katu":3,"count_miss":1},"user_id":21365726,"score_id":519441433,"rank":"S","pp":59.0766},"95.6":{"maxcombo":726,"statistics":{"count_100":9,"count_300":346,"count_50":0,"count_geki":382,"count_katu":81,"count_miss":3},"user_id":28358742,"score_id":521110064,"rank":"S","pp":39.8535},"89.7":{"maxcombo":527,"statistics":{"count_100":15,"count_300":307,"count_50":4,"count_geki":363,"count_katu":92,"count_miss":40},"user_id":32657487,"score_id":569309689,"rank":"B","pp":21.9845},"91.4":{"maxcombo":240,"statistics":{"count_100":17,"count_300":336,"count_50":10,"count_geki":348,"count_katu":89,"count_miss":21},"user_id":31526751,"score_id":521272829,"rank":"A","pp":26.5787},"93.8":{"maxcombo":450,"statistics":{"count_100":14,"count_300":316,"count_50":3,"count_geki":407,"count_katu":63,"count_miss":18},"user_id":30476899,"score_id":501219768,"rank":"A","pp":35.0779},"92.2":{"maxcombo":397,"statistics":{"count_100":14,"count_300":269,"count_50":3,"count_geki":436,"count_katu":71,"count_miss":28},"user_id":32964049,"score_id":529263007,"rank":"A","pp":31.185},"99.6":{"maxcombo":1381,"statistics":{"count_100":0,"count_300":303,"count_50":1,"count_geki":510,"count_katu":7,"count_miss":0},"user_id":24039788,"score_id":424844315,"rank":"S","pp":54.8572},"94.6":{"maxcombo":488,"statistics":{"count_100":9,"count_300":275,"count_50":3,"count_geki":462,"count_katu":55,"count_miss":17},"user_id":24768510,"score_id":466215603,"rank":"A","pp":38.9467},"92.8":{"maxcombo":486,"statistics":{"count_100":14,"count_300":389,"count_50":4,"count_geki":292,"count_katu":114,"count_miss":8},"user_id":31182380,"score_id":508028440,"rank":"A","pp":29.4561},"89.4":{"maxcombo":161,"statistics":{"count_100":28,"count_300":389,"count_50":18,"count_geki":444,"count_katu":128,"count_miss":34},"user_id":34967720,"score_id":2292420181,"rank":"B","pp":20.8664},"91.1":{"maxcombo":540,"statistics":{"count_100":15,"count_300":282,"count_50":4,"count_geki":411,"count_katu":74,"count_miss":35},"user_id":33074383,"score_id":530914634,"rank":"A","pp":27.1348},"87.5":{"maxcombo":194,"statistics":{"count_100":32,"count_300":308,"count_50":11,"count_geki":314,"count_katu":127,"count_miss":29},"user_id":35007658,"score_id":560385282,"rank":"B","pp":14.3315},"89.1":{"maxcombo":127,"statistics":{"count_100":23,"count_300":260,"count_50":11,"count_geki":417,"count_katu":68,"count_miss":42},"user_id":27162188,"score_id":475105526,"rank":"B","pp":21.4162},"89.6":{"maxcombo":257,"statistics":{"count_100":22,"count_300":318,"count_50":4,"count_geki":361,"count_katu":74,"count_miss":42},"user_id":34569367,"score_id":558286694,"rank":"B","pp":21.6943},"94.7":{"maxcombo":808,"statistics":{"count_100":11,"count_300":325,"count_50":1,"count_geki":382,"count_katu":100,"count_miss":2},"user_id":10945842,"score_id":518344334,"rank":"A","pp":37.1332},"89.9":{"maxcombo":213,"statistics":{"count_100":17,"count_300":321,"count_50":3,"count_geki":347,"count_katu":96,"count_miss":37},"user_id":28551207,"score_id":569621872,"rank":"B","pp":22.0207},"99.3":{"maxcombo":1362,"statistics":{"count_100":0,"count_300":318,"count_50":0,"count_geki":486,"count_katu":17,"count_miss":0},"user_id":32707428,"score_id":528557330,"rank":"S","pp":53.3701},"97.2":{"maxcombo":786,"statistics":{"count_100":3,"count_300":322,"count_50":1,"count_geki":446,"count_katu":44,"count_miss":5},"user_id":1493953,"score_id":567478155,"rank":"S","pp":46.2975},"90.5":{"maxcombo":455,"statistics":{"count_100":18,"count_300":370,"count_50":4,"count_geki":298,"count_katu":103,"count_miss":28},"user_id":28390666,"score_id":561649853,"rank":"A","pp":22.7099},"88.6":{"maxcombo":247,"statistics":{"count_100":23,"count_300":316,"count_50":13,"count_geki":329,"count_katu":109,"count_miss":31},"user_id":24145739,"score_id":497620705,"rank":"B","pp":17.7167},"97.4":{"maxcombo":600,"statistics":{"count_100":8,"count_300":298,"count_50":3,"count_geki":474,"count_katu":37,"count_miss":1},"user_id":30698954,"score_id":549841337,"rank":"S","pp":47.4581},"91.9":{"maxcombo":401,"statistics":{"count_100":25,"count_300":360,"count_50":2,"count_geki":313,"count_katu":110,"count_miss":11},"user_id":33991405,"score_id":543890779,"rank":"A","pp":27.3041},"95.7":{"maxcombo":892,"statistics":{"count_100":10,"count_300":370,"count_50":4,"count_geki":373,"count_katu":59,"count_miss":5},"user_id":2625438,"score_id":351103991,"rank":"S","pp":40.1195},"77.1":{"maxcombo":185,"statistics":{"count_100":57,"count_300":284,"count_50":25,"count_geki":208,"count_katu":177,"count_miss":70},"user_id":27542079,"score_id":464637922,"rank":"C","pp":0},"95.8":{"maxcombo":475,"statistics":{"count_100":9,"count_300":336,"count_50":1,"count_geki":401,"count_katu":70,"count_miss":4},"user_id":22533513,"score_id":541417634,"rank":"S","pp":40.9779},