{"91":{"maxcombo":1008,"statistics":{"count_100":13,"count_300":378,"count_50":4,"count_geki":158,"count_katu":144,"count_miss":3},"user_id":7449793,"score_id":339169646,"rank":"A","pp":6.40931},"74.3":{"maxcombo":208,"statistics":{"count_100":62,"count_300":197,"count_50":28,"count_geki":129,"count_katu":253,"count_miss":30},"user_id":23575438,"score_id":435445623,"rank":"C","pp":0},"96.6":{"maxcombo":688,"statistics":{"count_100":0,"count_300":334,"count_50":3,"count_geki":305,"count_katu":56,"count_miss":2},"user_id":33232517,"score_id":544104715,"rank":"S","pp":12.7463},"86.7":{"maxcombo":491,"statistics":{"count_100":30,"count_300":340,"count_50":16,"count_geki":156,"count_katu":148,"count_miss":10},"user_id":31511144,"score_id":514881096,"rank":"B","pp":2.60458},"96.2":{"maxcombo":1933,"statistics":{"count_100":8,"count_300":406,"count_50":0,"count_geki":224,"count_katu":62,"count_miss":0},"user_id":18484570,"score_id":425033602,"rank":"S","pp":11.6951}}