{"86.7":{"maxcombo":408,"statistics":{"count_100":33,"count_300":298,"count_50":12,"count_geki":134,"count_katu":112,"count_miss":10},"user_id":21962460,"score_id":430556032,"rank":"B","pp":1.99173},"90.9":{"maxcombo":1575,"statistics":{"count_100":25,"count_300":272,"count_50":2,"count_geki":192,"count_katu":108,"count_miss":0},"user_id":26656013,"score_id":458162574,"rank":"A","pp":5.28592},"95.8":{"maxcombo":1719,"statistics":{"count_100":4,"count_300":293,"count_50":0,"count_geki":235,"count_katu":67,"count_miss":0},"user_id":16737481,"score_id":554190488,"rank":"S","pp":8.9605},"91.7":{"maxcombo":601,"statistics":{"count_100":10,"count_300":290,"count_50":8,"count_geki":189,"count_katu":99,"count_miss":3},"user_id":26112173,"score_id":450021830,"rank":"A","pp":5.83368},"65.4":{"maxcombo":297,"statistics":{"count_100":142,"count_300":137,"count_50":48,"count_geki":80,"count_katu":180,"count_miss":12},"user_id":34866226,"score_id":570259738,"rank":"D","pp":0},"96.6":{"maxcombo":1652,"statistics":{"count_100":2,"count_300":220,"count_50":0,"count_geki":322,"count_katu":54,"count_miss":1},"user_id":30809022,"score_id":517842777,"rank":"S","pp":10.1549}}