{"86.7":{"maxcombo":408,"statistics":{"count_100":33,"count_300":298,"count_50":12,"count_geki":134,"count_katu":112,"count_miss":10},"user_id":21962460,"score_id":430556032,"rank":"B","pp":1.99173},"90.9":{"maxcombo":1575,"statistics":{"count_100":25,"count_300":272,"count_50":2,"count_geki":192,"count_katu":108,"count_miss":0},"user_id":26656013,"score_id":458162574,"rank":"A","pp":5.28592},"95.8":{"maxcombo":1719,"statistics":{"count_100":4,"count_300":293,"count_50":0,"count_geki":235,"count_katu":67,"count_miss":0},"user_id":16737481,"score_id":554190488,"rank":"S","pp":8.9605}}