{"87":{"maxcombo":373,"statistics":{"count_100":86,"count_300":506,"count_50":10,"count_geki":466,"count_katu":257,"count_miss":24},"user_id":30158018,"score_id":512891751,"rank":"B","pp":9.57553},"94":{"maxcombo":418,"statistics":{"count_100":18,"count_300":523,"count_50":5,"count_geki":653,"count_katu":129,"count_miss":21},"user_id":32336245,"score_id":542867746,"rank":"A","pp":28.8088},"96":{"maxcombo":1042,"statistics":{"count_100":13,"count_300":558,"count_50":0,"count_geki":654,"count_katu":120,"count_miss":4},"user_id":18799449,"score_id":535115146,"rank":"S","pp":33.7347},"97":{"maxcombo":999,"statistics":{"count_100":17,"count_300":467,"count_50":1,"count_geki":788,"count_katu":72,"count_miss":4},"user_id":14490010,"score_id":508041434,"rank":"S","pp":37.5647},"98":{"maxcombo":793,"statistics":{"count_100":4,"count_300":482,"count_50":1,"count_geki":803,"count_katu":55,"count_miss":4},"user_id":10017644,"score_id":495569076,"rank":"S","pp":40.3046},"96.5":{"maxcombo":1997,"statistics":{"count_100":13,"count_300":765,"count_50":0,"count_geki":456,"count_katu":115,"count_miss":0},"user_id":25553801,"score_id":494439234,"rank":"S","pp":32.3886},"86.7":{"maxcombo":169,"statistics":{"count_100":52,"count_300":551,"count_50":8,"count_geki":423,"count_katu":266,"count_miss":49},"user_id":14124196,"score_id":564682650,"rank":"B","pp":8.40807},"99.2":{"maxcombo":618,"statistics":{"count_100":0,"count_300":524,"count_50":1,"count_geki":803,"count_katu":18,"count_miss":3},"user_id":33274197,"score_id":546259110,"rank":"S","pp":43.1637},"88.6":{"maxcombo":324,"statistics":{"count_100":56,"count_300":508,"count_50":7,"count_geki":532,"count_katu":205,"count_miss":41},"user_id":19624647,"score_id":533963737,"rank":"B","pp":14.4419},"91.1":{"maxcombo":268,"statistics":{"count_100":42,"count_300":529,"count_50":12,"count_geki":554,"count_katu":195,"count_miss":17},"user_id":25198557,"score_id":491628514,"rank":"A","pp":20.5115},"96.6":{"maxcombo":621,"statistics":{"count_100":11,"count_300":397,"count_50":2,"count_geki":840,"count_katu":94,"count_miss":5},"user_id":35571370,"score_id":569819492,"rank":"S","pp":37.2609},"99.5":{"maxcombo":2048,"statistics":{"count_100":0,"count_300":372,"count_50":0,"count_geki":961,"count_katu":15,"count_miss":1},"user_id":23612064,"score_id":544163539,"rank":"S","pp":45.7309},"99.1":{"maxcombo":974,"statistics":{"count_100":3,"count_300":367,"count_50":1,"count_geki":955,"count_katu":22,"count_miss":1},"user_id":29599197,"score_id":490931856,"rank":"S","pp":44.7362},"96.8":{"maxcombo":979,"statistics":{"count_100":11,"count_300":543,"count_50":3,"count_geki":700,"count_katu":89,"count_miss":3},"user_id":26142340,"score_id":486329196,"rank":"S","pp":36.0994},"98.3":{"maxcombo":1571,"statistics":{"count_100":1,"count_300":558,"count_50":3,"count_geki":941,"count_katu":68,"count_miss":0},"user_id":33704953,"score_id":2438474621,"rank":"S","pp":41.3957},"98.5":{"maxcombo":1113,"statistics":{"count_100":3,"count_300":522,"count_50":1,"count_geki":771,"count_katu":52,"count_miss":0},"user_id":33084885,"score_id":555679525,"rank":"S","pp":40.936},"98.6":{"maxcombo":988,"statistics":{"count_100":1,"count_300":381,"count_50":1,"count_geki":921,"count_katu":43,"count_miss":2},"user_id":18363971,"score_id":527011131,"rank":"S","pp":43.1399},"98.4":{"maxcombo":908,"statistics":{"count_100":3,"count_300":424,"count_50":1,"count_geki":875,"count_katu":42,"count_miss":4},"user_id":11690166,"score_id":498822493,"rank":"S","pp":42.0558},"97.8":{"maxcombo":568,"statistics":{"count_100":3,"count_300":445,"count_50":3,"count_geki":838,"count_katu":53,"count_miss":7},"user_id":28156975,"score_id":547792206,"rank":"S","pp":40.1259},"96.7":{"maxcombo":1603,"statistics":{"count_100":11,"count_300":555,"count_50":0,"count_geki":683,"count_katu":95,"count_miss":5},"user_id":25454673,"score_id":550271212,"rank":"S","pp":35.6289},"97.9":{"maxcombo":2022,"statistics":{"count_100":6,"count_300":577,"count_50":0,"count_geki":694,"count_katu":72,"count_miss":0},"user_id":23955908,"score_id":488404335,"rank":"S","pp":38.619},"97.1":{"maxcombo":1508,"statistics":{"count_100":6,"count_300":560,"count_50":2,"count_geki":894,"count_katu":104,"count_miss":5},"user_id":19404292,"score_id":2489944680,"rank":"S","pp":37.8907},"97.6":{"maxcombo":755,"statistics":{"count_100":4,"count_300":559,"count_50":0,"count_geki":704,"count_katu":80,"count_miss":2},"user_id":11220416,"score_id":558567968,"rank":"S","pp":38.1425},"95.2":{"maxcombo":1208,"statistics":{"count_100":24,"count_300":554,"count_50":1,"count_geki":638,"count_katu":128,"count_miss":4},"user_id":9625396,"score_id":534411394,"rank":"S","pp":31.6083},"97.4":{"maxcombo":1027,"statistics":{"count_100":6,"count_300":496,"count_50":1,"count_geki":763,"count_katu":81,"count_miss":2},"user_id":28636569,"score_id":497328047,"rank":"S","pp":38.3986},"96.2":{"maxcombo":769,"statistics":{"count_100":20,"count_300":522,"count_50":3,"count_geki":712,"count_katu":86,"count_miss":6},"user_id":8875744,"score_id":523864239,"rank":"S","pp":34.8128},"98.2":{"maxcombo":1930,"statistics":{"count_100":5,"count_300":459,"count_50":1,"count_geki":830,"count_katu":52,"count_miss":2},"user_id":23096413,"score_id":489682832,"rank":"S","pp":41.0432},"96.4":{"maxcombo":588,"statistics":{"count_100":7,"count_300":449,"count_50":1,"count_geki":798,"count_katu":78,"count_miss":16},"user_id":24007308,"score_id":520470433,"rank":"S","pp":36.3734},"95.6":{"maxcombo":1222,"statistics":{"count_100":18,"count_300":528,"count_50":1,"count_geki":676,"count_katu":120,"count_miss":6},"user_id":20744953,"score_id":516424677,"rank":"S","pp":32.8949},"80.3":{"maxcombo":202,"statistics":{"count_100":80,"count_300":467,"count_50":33,"count_geki":420,"count_katu":248,"count_miss":101},"user_id":27881822,"score_id":537069083,"rank":"B","pp":0},"94.1":{"maxcombo":1913,"statistics":{"count_100":23,"count_300":455,"count_50":2,"count_geki":693,"count_katu":172,"count_miss":4},"user_id":21274403,"score_id":550120538,"rank":"A","pp":29.6129},"96.1":{"maxcombo":1028,"statistics":{"count_100":15,"count_300":527,"count_50":2,"count_geki":695,"count_katu":105,"count_miss":5},"user_id":30937420,"score_id":522719395,"rank":"S","pp":34.4018},"96.9":{"maxcombo":703,"statistics":{"count_100":11,"count_300":445,"count_50":2,"count_geki":812,"count_katu":71,"count_miss":8},"user_id":12951462,"score_id":562968669,"rank":"S","pp":37.7612},"95.7":{"maxcombo":407,"statistics":{"count_100":18,"count_300":509,"count_50":4,"count_geki":720,"count_katu":83,"count_miss":15},"user_id":14020216,"score_id":508614349,"rank":"S","pp":33.5679},"94.7":{"maxcombo":610,"statistics":{"count_100":24,"count_300":482,"count_50":5,"count_geki":701,"count_katu":129,"count_miss":8},"user_id":5148759,"score_id":533927349,"rank":"A","pp":30.9888},"97.7":{"maxcombo":840,"statistics":{"count_100":4,"count_300":457,"count_50":0,"count_geki":814,"count_katu":69,"count_miss":5},"user_id":23393443,"score_id":563968519,"rank":"S","pp":39.572},"95.4":{"maxcombo":598,"statistics":{"count_100":16,"count_300":533,"count_50":5,"count_geki":661,"count_katu":132,"count_miss":2},"user_id":20426341,"score_id":490202180,"rank":"S","pp":32.3588}}