{"89.2":{"maxcombo":142,"statistics":{"count_100":24,"count_300":199,"count_50":6,"count_geki":199,"count_katu":63,"count_miss":12},"user_id":28715271,"score_id":494834604,"rank":"B","pp":8.97179},"85.5":{"maxcombo":228,"statistics":{"count_100":27,"count_300":208,"count_50":10,"count_geki":141,"count_katu":106,"count_miss":11},"user_id":28860865,"score_id":527111349,"rank":"B","pp":2.85302},"99.8":{"maxcombo":597,"statistics":{"count_100":0,"count_300":125,"count_50":0,"count_geki":375,"count_katu":3,"count_miss":0},"user_id":24595601,"score_id":494064837,"rank":"S","pp":26.5497}}