{"98":{"maxcombo":1339,"statistics":{"count_100":3,"count_300":336,"count_50":1,"count_geki":717,"count_katu":39,"count_miss":6},"user_id":18094877,"score_id":474125206,"rank":"S","pp":29.1243},"99":{"maxcombo":1460,"statistics":{"count_100":1,"count_300":322,"count_50":0,"count_geki":751,"count_katu":28,"count_miss":0},"user_id":20882798,"score_id":528571513,"rank":"S","pp":31.3133},"96.4":{"maxcombo":825,"statistics":{"count_100":5,"count_300":388,"count_50":1,"count_geki":604,"count_katu":103,"count_miss":1},"user_id":26298497,"score_id":529389603,"rank":"S","pp":25.2119},"85.3":{"maxcombo":498,"statistics":{"count_100":79,"count_300":416,"count_50":7,"count_geki":308,"count_katu":284,"count_miss":8},"user_id":32968428,"score_id":542893745,"rank":"B","pp":3.25926},"83.9":{"maxcombo":140,"statistics":{"count_100":64,"count_300":414,"count_50":17,"count_geki":320,"count_katu":250,"count_miss":37},"user_id":19433432,"score_id":385871960,"rank":"B","pp":0.899436},"92.2":{"maxcombo":933,"statistics":{"count_100":23,"count_300":493,"count_50":1,"count_geki":380,"count_katu":203,"count_miss":2},"user_id":16003154,"score_id":431012808,"rank":"A","pp":15.7001},"91.8":{"maxcombo":488,"statistics":{"count_100":38,"count_300":494,"count_50":4,"count_geki":403,"count_katu":152,"count_miss":11},"user_id":8497186,"score_id":499154861,"rank":"A","pp":15.2395},"85.2":{"maxcombo":201,"statistics":{"count_100":70,"count_300":407,"count_50":10,"count_geki":336,"count_katu":258,"count_miss":21},"user_id":13038574,"score_id":530232247,"rank":"B","pp":2.56476},"99.1":{"maxcombo":1463,"statistics":{"count_100":5,"count_300":291,"count_50":2,"count_geki":790,"count_katu":14,"count_miss":0},"user_id":13673007,"score_id":554632089,"rank":"S","pp":31.7687},"98.8":{"maxcombo":1463,"statistics":{"count_100":6,"count_300":357,"count_50":0,"count_geki":713,"count_katu":26,"count_miss":0},"user_id":30881970,"score_id":522288379,"rank":"S","pp":30.506},"98.9":{"maxcombo":1462,"statistics":{"count_100":3,"count_300":375,"count_50":0,"count_geki":694,"count_katu":30,"count_miss":0},"user_id":18801861,"score_id":444164603,"rank":"S","pp":30.4129},"98.7":{"maxcombo":1463,"statistics":{"count_100":3,"count_300":370,"count_50":0,"count_geki":695,"count_katu":34,"count_miss":0},"user_id":6148472,"score_id":562325723,"rank":"S","pp":30.2162},"98.4":{"maxcombo":1280,"statistics":{"count_100":5,"count_300":272,"count_50":0,"count_geki":786,"count_katu":38,"count_miss":1},"user_id":20580510,"score_id":555091702,"rank":"S","pp":30.5888},"97.4":{"maxcombo":1431,"statistics":{"count_100":4,"count_300":447,"count_50":0,"count_geki":576,"count_katu":75,"count_miss":0},"user_id":11611813,"score_id":501027411,"rank":"S","pp":26.7593},"97.6":{"maxcombo":923,"statistics":{"count_100":7,"count_300":367,"count_50":2,"count_geki":670,"count_katu":54,"count_miss":2},"user_id":13821440,"score_id":404388534,"rank":"S","pp":27.9392}}