{"88.3":{"maxcombo":390,"statistics":{"count_100":12,"count_300":157,"count_50":4,"count_geki":118,"count_katu":64,"count_miss":10},"user_id":17965794,"score_id":488718349,"rank":"B","pp":2.99367},"93.8":{"maxcombo":455,"statistics":{"count_100":11,"count_300":125,"count_50":2,"count_geki":191,"count_katu":34,"count_miss":2},"user_id":19544660,"score_id":430938671,"rank":"A","pp":7.02074}}