{"89.3":{"maxcombo":229,"statistics":{"count_100":35,"count_300":427,"count_50":1,"count_geki":389,"count_katu":149,"count_miss":37},"user_id":22795703,"score_id":413774826,"rank":"B","pp":6.20882},"91.5":{"maxcombo":408,"statistics":{"count_100":35,"count_300":417,"count_50":1,"count_geki":437,"count_katu":127,"count_miss":21},"user_id":8497186,"score_id":422701785,"rank":"A","pp":8.65523},"94.6":{"maxcombo":1038,"statistics":{"count_100":12,"count_300":420,"count_50":0,"count_geki":462,"count_katu":144,"count_miss":0},"user_id":29722244,"score_id":527594552,"rank":"A","pp":11.7132},"99.6":{"maxcombo":1038,"statistics":{"count_100":0,"count_300":284,"count_50":0,"count_geki":743,"count_katu":11,"count_miss":0},"user_id":35325289,"score_id":567452412,"rank":"S","pp":18.2657},"90.5":{"maxcombo":647,"statistics":{"count_100":30,"count_300":419,"count_50":5,"count_geki":369,"count_katu":212,"count_miss":3},"user_id":13038574,"score_id":473619591,"rank":"A","pp":7.2845},"99.2":{"maxcombo":1038,"statistics":{"count_100":0,"count_300":340,"count_50":0,"count_geki":676,"count_katu":22,"count_miss":0},"user_id":31301954,"score_id":510923291,"rank":"S","pp":17.5157},"95.8":{"maxcombo":642,"statistics":{"count_100":11,"count_300":487,"count_50":0,"count_geki":442,"count_katu":94,"count_miss":4},"user_id":34721977,"score_id":565511672,"rank":"S","pp":12.8196},"99.1":{"maxcombo":542,"statistics":{"count_100":2,"count_300":1026,"count_50":0,"count_geki":0,"count_katu":4,"count_miss":6},"user_id":31940105,"score_id":516101868,"rank":"S","pp":13.2376},"98.7":{"maxcombo":1038,"statistics":{"count_100":0,"count_300":484,"count_50":0,"count_geki":515,"count_katu":39,"count_miss":0},"user_id":24379695,"score_id":531288682,"rank":"S","pp":16.0037}}