{"91.1":{"maxcombo":385,"statistics":{"count_100":37,"count_300":406,"count_50":7,"count_geki":419,"count_katu":162,"count_miss":7},"user_id":36665766,"score_id":588758913,"rank":"A","pp":8.17578},"91.5":{"maxcombo":408,"statistics":{"count_100":35,"count_300":417,"count_50":1,"count_geki":437,"count_katu":127,"count_miss":21},"user_id":8497186,"score_id":422701785,"rank":"A","pp":8.65523},"94.6":{"maxcombo":1038,"statistics":{"count_100":12,"count_300":420,"count_50":0,"count_geki":462,"count_katu":144,"count_miss":0},"user_id":29722244,"score_id":527594552,"rank":"A","pp":11.7132},"90.5":{"maxcombo":647,"statistics":{"count_100":30,"count_300":419,"count_50":5,"count_geki":369,"count_katu":212,"count_miss":3},"user_id":13038574,"score_id":473619591,"rank":"A","pp":7.2845},"99.6":{"maxcombo":704,"statistics":{"count_100":0,"count_300":279,"count_50":1,"count_geki":753,"count_katu":4,"count_miss":1},"user_id":21915117,"score_id":585968747,"rank":"S","pp":18.3732},"98.7":{"maxcombo":1038,"statistics":{"count_100":0,"count_300":484,"count_50":0,"count_geki":515,"count_katu":39,"count_miss":0},"user_id":24379695,"score_id":531288682,"rank":"S","pp":16.0037},"99.1":{"maxcombo":542,"statistics":{"count_100":2,"count_300":1026,"count_50":0,"count_geki":0,"count_katu":4,"count_miss":6},"user_id":31940105,"score_id":516101868,"rank":"S","pp":13.2376}}