{"84.9":{"maxcombo":153,"statistics":{"count_100":44,"count_300":203,"count_50":7,"count_geki":179,"count_katu":107,"count_miss":12},"user_id":33733257,"score_id":564072642,"rank":"B","pp":1.61234},"89.1":{"maxcombo":198,"statistics":{"count_100":26,"count_300":225,"count_50":2,"count_geki":192,"count_katu":99,"count_miss":8},"user_id":31419457,"score_id":517597630,"rank":"B","pp":5.41077}}