{"97.5":{"maxcombo":568,"statistics":{"count_100":5,"count_300":291,"count_50":1,"count_geki":348,"count_katu":32,"count_miss":2},"user_id":15112892,"score_id":405620391,"rank":"S","pp":12.0365},"86.9":{"maxcombo":235,"statistics":{"count_100":37,"count_300":271,"count_50":1,"count_geki":216,"count_katu":136,"count_miss":18},"user_id":25950234,"score_id":476189542,"rank":"B","pp":2.85746},"99.5":{"maxcombo":1079,"statistics":{"count_100":0,"count_300":229,"count_50":0,"count_geki":440,"count_katu":10,"count_miss":0},"user_id":21264163,"score_id":527272558,"rank":"S","pp":14.2669},"86.6":{"maxcombo":224,"statistics":{"count_100":21,"count_300":303,"count_50":4,"count_geki":204,"count_katu":111,"count_miss":36},"user_id":29928103,"score_id":586066774,"rank":"B","pp":2.59618},"96.3":{"maxcombo":573,"statistics":{"count_100":3,"count_300":298,"count_50":1,"count_geki":325,"count_katu":45,"count_miss":7},"user_id":19544660,"score_id":475748495,"rank":"S","pp":10.9535},"96.2":{"maxcombo":607,"statistics":{"count_100":4,"count_300":282,"count_50":1,"count_geki":332,"count_katu":57,"count_miss":3},"user_id":31398094,"score_id":512674956,"rank":"S","pp":10.9308}}