{"84":{"maxcombo":301,"statistics":{"count_100":63,"count_300":303,"count_50":12,"count_geki":315,"count_katu":172,"count_miss":34},"user_id":18375060,"score_id":482394297,"rank":"B","pp":1.11075},"88.7":{"maxcombo":386,"statistics":{"count_100":42,"count_300":363,"count_50":2,"count_geki":306,"count_katu":172,"count_miss":14},"user_id":27087995,"score_id":468890300,"rank":"B","pp":5.97996},"95.4":{"maxcombo":461,"statistics":{"count_100":10,"count_300":379,"count_50":1,"count_geki":416,"count_katu":90,"count_miss":3},"user_id":33793413,"score_id":547886538,"rank":"S","pp":13.8944}}