{"99.3":{"maxcombo":695,"statistics":{"count_100":0,"count_300":193,"count_50":0,"count_geki":159,"count_katu":7,"count_miss":0},"user_id":31117642,"score_id":506666569,"rank":"S","pp":9.62059},"84.5":{"maxcombo":140,"statistics":{"count_100":18,"count_300":146,"count_50":10,"count_geki":102,"count_katu":72,"count_miss":11},"user_id":31417814,"score_id":547592511,"rank":"B","pp":0.650639}}