{"89.7":{"maxcombo":451,"statistics":{"count_100":28,"count_300":209,"count_50":1,"count_geki":205,"count_katu":101,"count_miss":3},"user_id":20810441,"score_id":432595897,"rank":"B","pp":7.23685},"83.6":{"maxcombo":190,"statistics":{"count_100":28,"count_300":173,"count_50":11,"count_geki":197,"count_katu":115,"count_miss":23},"user_id":18964589,"score_id":438903738,"rank":"B","pp":0.804374}}