{"92":{"maxcombo":280,"statistics":{"count_100":17,"count_300":334,"count_50":2,"count_geki":316,"count_katu":125,"count_miss":9},"user_id":25333943,"score_id":490273780,"rank":"A","pp":17.4644},"97":{"maxcombo":707,"statistics":{"count_100":12,"count_300":272,"count_50":0,"count_geki":475,"count_katu":43,"count_miss":1},"user_id":11463617,"score_id":439139803,"rank":"S","pp":29.2973},"98":{"maxcombo":1035,"statistics":{"count_100":3,"count_300":266,"count_50":0,"count_geki":494,"count_katu":40,"count_miss":0},"user_id":10362400,"score_id":444162644,"rank":"S","pp":31.4501},"99":{"maxcombo":1029,"statistics":{"count_100":0,"count_300":304,"count_50":0,"count_geki":476,"count_katu":23,"count_miss":0},"user_id":3449507,"score_id":553377180,"rank":"S","pp":32.9525},"92.4":{"maxcombo":274,"statistics":{"count_100":15,"count_300":323,"count_50":2,"count_geki":355,"count_katu":89,"count_miss":19},"user_id":10120332,"score_id":421825295,"rank":"A","pp":18.8428},"96.5":{"maxcombo":477,"statistics":{"count_100":7,"count_300":319,"count_50":2,"count_geki":415,"count_katu":58,"count_miss":2},"user_id":24521571,"score_id":481107010,"rank":"S","pp":27.3613},"93.1":{"maxcombo":774,"statistics":{"count_100":12,"count_300":400,"count_50":1,"count_geki":256,"count_katu":132,"count_miss":2},"user_id":24681723,"score_id":530257609,"rank":"A","pp":18.5873},"97.7":{"maxcombo":689,"statistics":{"count_100":2,"count_300":315,"count_50":0,"count_geki":443,"count_katu":40,"count_miss":3},"user_id":19260130,"score_id":454186730,"rank":"S","pp":30.1182},"87.9":{"maxcombo":261,"statistics":{"count_100":40,"count_300":323,"count_50":3,"count_geki":264,"count_katu":158,"count_miss":15},"user_id":31396753,"score_id":536390968,"rank":"B","pp":8.95367},"99.6":{"maxcombo":1027,"statistics":{"count_100":1,"count_300":206,"count_50":0,"count_geki":589,"count_katu":7,"count_miss":0},"user_id":5904083,"score_id":435190263,"rank":"S","pp":35.7868},"95.9":{"maxcombo":537,"statistics":{"count_100":10,"count_300":354,"count_50":1,"count_geki":369,"count_katu":66,"count_miss":3},"user_id":11669698,"score_id":467912595,"rank":"S","pp":25.526},"85.4":{"maxcombo":160,"statistics":{"count_100":46,"count_300":319,"count_50":7,"count_geki":227,"count_katu":186,"count_miss":18},"user_id":34327493,"score_id":552408925,"rank":"B","pp":3.81162},"95.8":{"maxcombo":434,"statistics":{"count_100":7,"count_300":343,"count_50":2,"count_geki":377,"count_katu":70,"count_miss":4},"user_id":30246253,"score_id":550702411,"rank":"S","pp":25.3788},"99.1":{"maxcombo":1034,"statistics":{"count_100":0,"count_300":283,"count_50":0,"count_geki":500,"count_katu":20,"count_miss":0},"user_id":17311415,"score_id":531889604,"rank":"S","pp":33.5565},"98.9":{"maxcombo":1034,"statistics":{"count_100":3,"count_300":269,"count_50":0,"count_geki":511,"count_katu":20,"count_miss":0},"user_id":16566960,"score_id":438465154,"rank":"S","pp":33.2623},"95.2":{"maxcombo":383,"statistics":{"count_100":13,"count_300":421,"count_50":0,"count_geki":291,"count_katu":73,"count_miss":5},"user_id":23253323,"score_id":462065682,"rank":"S","pp":23.0401},"99.4":{"maxcombo":1033,"statistics":{"count_100":0,"count_300":250,"count_50":0,"count_geki":539,"count_katu":14,"count_miss":0},"user_id":6265376,"score_id":527644020,"rank":"S","pp":34.6252},"98.8":{"maxcombo":1029,"statistics":{"count_100":1,"count_300":334,"count_50":0,"count_geki":442,"count_katu":26,"count_miss":0},"user_id":7787697,"score_id":541170619,"rank":"S","pp":32.0387},"99.3":{"maxcombo":1028,"statistics":{"count_100":0,"count_300":280,"count_50":0,"count_geki":508,"count_katu":15,"count_miss":0},"user_id":11421374,"score_id":524159610,"rank":"S","pp":34.0676},"94.6":{"maxcombo":487,"statistics":{"count_100":15,"count_300":287,"count_50":0,"count_geki":417,"count_katu":76,"count_miss":8},"user_id":20211116,"score_id":539106844,"rank":"A","pp":23.7526},"99.5":{"maxcombo":1024,"statistics":{"count_100":0,"count_300":253,"count_50":0,"count_geki":540,"count_katu":10,"count_miss":0},"user_id":17735206,"score_id":484188462,"rank":"S","pp":34.9505},"99.2":{"maxcombo":1033,"statistics":{"count_100":1,"count_300":273,"count_50":0,"count_geki":514,"count_katu":15,"count_miss":0},"user_id":3100167,"score_id":419958372,"rank":"S","pp":34.0057},"98.3":{"maxcombo":1034,"statistics":{"count_100":1,"count_300":261,"count_50":0,"count_geki":504,"count_katu":37,"count_miss":0},"user_id":13775816,"score_id":474780560,"rank":"S","pp":32.1471},"98.4":{"maxcombo":1033,"statistics":{"count_100":3,"count_300":250,"count_50":0,"count_geki":518,"count_katu":32,"count_miss":0},"user_id":18035640,"score_id":569571506,"rank":"S","pp":32.4414},"97.2":{"maxcombo":1037,"statistics":{"count_100":4,"count_300":313,"count_50":1,"count_geki":430,"count_katu":55,"count_miss":0},"user_id":15364270,"score_id":515966969,"rank":"S","pp":28.9488},"95.3":{"maxcombo":925,"statistics":{"count_100":31,"count_300":242,"count_50":0,"count_geki":481,"count_katu":48,"count_miss":1},"user_id":25154446,"score_id":558127164,"rank":"S","pp":26.0603},"98.7":{"maxcombo":1038,"statistics":{"count_100":2,"count_300":292,"count_50":0,"count_geki":483,"count_katu":26,"count_miss":0},"user_id":2872639,"score_id":446124915,"rank":"S","pp":32.5188},"97.4":{"maxcombo":1012,"statistics":{"count_100":3,"count_300":350,"count_50":0,"count_geki":398,"count_katu":50,"count_miss":2},"user_id":26365740,"score_id":481748751,"rank":"S","pp":28.7242},"97.9":{"maxcombo":387,"statistics":{"count_100":3,"count_300":307,"count_50":1,"count_geki":456,"count_katu":34,"count_miss":2},"user_id":7222291,"score_id":576046202,"rank":"S","pp":30.668},"98.5":{"maxcombo":1036,"statistics":{"count_100":4,"count_300":308,"count_50":0,"count_geki":463,"count_katu":28,"count_miss":0},"user_id":17779597,"score_id":581761830,"rank":"S","pp":31.7444},"97.5":{"maxcombo":1038,"statistics":{"count_100":1,"count_300":350,"count_50":0,"count_geki":395,"count_katu":57,"count_miss":0},"user_id":23435627,"score_id":517863630,"rank":"S","pp":28.9101},"98.2":{"maxcombo":761,"statistics":{"count_100":1,"count_300":314,"count_50":0,"count_geki":450,"count_katu":37,"count_miss":1},"user_id":11012379,"score_id":470395499,"rank":"S","pp":31.0784},"97.1":{"maxcombo":479,"statistics":{"count_100":5,"count_300":333,"count_50":1,"count_geki":496,"count_katu":57,"count_miss":2},"user_id":35888873,"score_id":3554015506,"rank":"S","pp":29.1769},"98.6":{"maxcombo":1032,"statistics":{"count_100":4,"count_300":257,"count_50":0,"count_geki":517,"count_katu":25,"count_miss":0},"user_id":28384868,"score_id":473340904,"rank":"S","pp":32.8131},"98.1":{"maxcombo":1027,"statistics":{"count_100":4,"count_300":276,"count_50":0,"count_geki":486,"count_katu":37,"count_miss":0},"user_id":14897547,"score_id":460261588,"rank":"S","pp":31.4037},"96.8":{"maxcombo":1033,"statistics":{"count_100":3,"count_300":333,"count_50":0,"count_geki":398,"count_katu":69,"count_miss":0},"user_id":24091385,"score_id":474742595,"rank":"S","pp":27.7175},"96.7":{"maxcombo":393,"statistics":{"count_100":3,"count_300":323,"count_50":0,"count_geki":410,"count_katu":64,"count_miss":3},"user_id":12075038,"score_id":500284917,"rank":"S","pp":27.5936},"97.3":{"maxcombo":381,"statistics":{"count_100":10,"count_300":266,"count_50":0,"count_geki":489,"count_katu":35,"count_miss":3},"user_id":16771215,"score_id":459487474,"rank":"S","pp":29.9788},"95.1":{"maxcombo":494,"statistics":{"count_100":16,"count_300":315,"count_50":1,"count_geki":393,"count_katu":76,"count_miss":2},"user_id":12876111,"score_id":447568688,"rank":"S","pp":24.4263}}