{"89":{"maxcombo":176,"statistics":{"count_100":22,"count_300":209,"count_50":4,"count_geki":188,"count_katu":98,"count_miss":7},"user_id":34327493,"score_id":549102349,"rank":"B","pp":8.44532},"84.1":{"maxcombo":263,"statistics":{"count_100":32,"count_300":215,"count_50":3,"count_geki":148,"count_katu":105,"count_miss":25},"user_id":26433480,"score_id":453263933,"rank":"B","pp":0.907966},"94.1":{"maxcombo":442,"statistics":{"count_100":9,"count_300":242,"count_50":0,"count_geki":217,"count_katu":53,"count_miss":7},"user_id":32268169,"score_id":538336929,"rank":"A","pp":16.0088},"98.8":{"maxcombo":618,"statistics":{"count_100":1,"count_300":177,"count_50":0,"count_geki":334,"count_katu":16,"count_miss":0},"user_id":16702543,"score_id":447533292,"rank":"S","pp":24.496}}