{"100":{"maxcombo":598,"statistics":{"count_100":0,"count_300":36,"count_50":0,"count_geki":359,"count_katu":0,"count_miss":0},"user_id":34533234,"score_id":565378090,"rank":"X","pp":14.0816},"86.8":{"maxcombo":270,"statistics":{"count_100":22,"count_300":145,"count_50":1,"count_geki":138,"count_katu":79,"count_miss":10},"user_id":30990566,"score_id":590704556,"rank":"B","pp":2.63171},"84.8":{"maxcombo":124,"statistics":{"count_100":13,"count_300":130,"count_50":4,"count_geki":172,"count_katu":42,"count_miss":34},"user_id":29257036,"score_id":542430522,"rank":"B","pp":1.61687}}