{"92.1":{"maxcombo":223,"statistics":{"count_100":8,"count_300":231,"count_50":10,"count_geki":247,"count_katu":71,"count_miss":8},"user_id":20104741,"score_id":415335720,"rank":"A","pp":8.67162},"89.5":{"maxcombo":224,"statistics":{"count_100":25,"count_300":231,"count_50":2,"count_geki":202,"count_katu":110,"count_miss":5},"user_id":34327493,"score_id":549208025,"rank":"B","pp":5.90962},"90.7":{"maxcombo":252,"statistics":{"count_100":16,"count_300":233,"count_50":0,"count_geki":211,"count_katu":109,"count_miss":6},"user_id":23915590,"score_id":430710442,"rank":"A","pp":7.0978}}