{"83.6":{"maxcombo":131,"statistics":{"count_100":44,"count_300":263,"count_50":8,"count_geki":229,"count_katu":168,"count_miss":29},"user_id":31396753,"score_id":511850758,"rank":"B","pp":0.617726},"87.3":{"maxcombo":188,"statistics":{"count_100":31,"count_300":292,"count_50":4,"count_geki":245,"count_katu":149,"count_miss":20},"user_id":30097892,"score_id":493816006,"rank":"B","pp":6.57149},"96.3":{"maxcombo":880,"statistics":{"count_100":4,"count_300":246,"count_50":1,"count_geki":423,"count_katu":65,"count_miss":2},"user_id":18919855,"score_id":479195510,"rank":"S","pp":23.0002},"97.7":{"maxcombo":986,"statistics":{"count_100":4,"count_300":265,"count_50":0,"count_geki":435,"count_katu":35,"count_miss":2},"user_id":26390707,"score_id":573253215,"rank":"S","pp":25.439},"98.3":{"maxcombo":1000,"statistics":{"count_100":3,"count_300":269,"count_50":0,"count_geki":439,"count_katu":30,"count_miss":0},"user_id":17726817,"score_id":463889061,"rank":"S","pp":26.4033},"85.1":{"maxcombo":196,"statistics":{"count_100":39,"count_300":272,"count_50":9,"count_geki":257,"count_katu":131,"count_miss":33},"user_id":20576403,"score_id":479457175,"rank":"B","pp":3.28015},"95.9":{"maxcombo":443,"statistics":{"count_100":13,"count_300":248,"count_50":1,"count_geki":425,"count_katu":50,"count_miss":4},"user_id":16702543,"score_id":446861634,"rank":"S","pp":22.3992}}