{"84.8":{"maxcombo":127,"statistics":{"count_100":48,"count_300":324,"count_50":19,"count_geki":318,"count_katu":152,"count_miss":38},"user_id":36618214,"score_id":3703154796,"rank":"B","pp":4.89649},"83.6":{"maxcombo":94,"statistics":{"count_100":40,"count_300":378,"count_50":25,"count_geki":325,"count_katu":163,"count_miss":60},"user_id":36497795,"score_id":3434558982,"rank":"B","pp":1.73295}}