{"88":{"maxcombo":418,"statistics":{"count_100":14,"count_300":215,"count_50":0,"count_geki":109,"count_katu":132,"count_miss":3},"user_id":29294813,"score_id":483400946,"rank":"B","pp":2.64593},"90.8":{"maxcombo":226,"statistics":{"count_100":16,"count_300":191,"count_50":3,"count_geki":188,"count_katu":67,"count_miss":8},"user_id":19561659,"score_id":534231483,"rank":"A","pp":5.00433}}