{"61.2":{"maxcombo":124,"statistics":{"count_100":42,"count_300":46,"count_50":23,"count_geki":27,"count_katu":64,"count_miss":16},"user_id":10878715,"score_id":239255730,"rank":"D","pp":0.000009},"59.3":{"maxcombo":64,"statistics":{"count_100":24,"count_300":62,"count_50":40,"count_geki":22,"count_katu":46,"count_miss":24},"user_id":7887924,"score_id":201214659,"rank":"D","pp":0.000004},"62.9":{"maxcombo":237,"statistics":{"count_100":38,"count_300":30,"count_50":13,"count_geki":31,"count_katu":92,"count_miss":14},"user_id":11918756,"score_id":262237783,"rank":"D","pp":0.00002}}