{"91.2":{"maxcombo":130,"statistics":{"count_100":6,"count_300":336,"count_50":0,"count_geki":348,"count_katu":55,"count_miss":47},"user_id":4511495,"score_id":506343728,"rank":"A","pp":8.94349},"88.5":{"maxcombo":103,"statistics":{"count_100":11,"count_300":255,"count_50":0,"count_geki":421,"count_katu":33,"count_miss":72},"user_id":28026329,"score_id":555662479,"rank":"B","pp":6.88302},"89.8":{"maxcombo":144,"statistics":{"count_100":24,"count_300":300,"count_50":1,"count_geki":357,"count_katu":70,"count_miss":40},"user_id":17399962,"score_id":482396531,"rank":"B","pp":7.63653},"97.8":{"maxcombo":238,"statistics":{"count_100":4,"count_300":266,"count_50":0,"count_geki":498,"count_katu":14,"count_miss":10},"user_id":34569367,"score_id":570069518,"rank":"S","pp":16.8618}}