{"85.4":{"maxcombo":214,"statistics":{"count_100":16,"count_300":110,"count_50":1,"count_geki":67,"count_katu":48,"count_miss":9},"user_id":30715973,"score_id":513394690,"rank":"B","pp":0.854244},"85.3":{"maxcombo":526,"statistics":{"count_100":20,"count_300":108,"count_50":0,"count_geki":53,"count_katu":70,"count_miss":0},"user_id":30812952,"score_id":532823786,"rank":"B","pp":0.657663}}