{"91.2":{"maxcombo":183,"statistics":{"count_100":11,"count_300":245,"count_50":0,"count_geki":234,"count_katu":55,"count_miss":24},"user_id":34014789,"score_id":543515431,"rank":"A","pp":8.59077},"84.8":{"maxcombo":56,"statistics":{"count_100":17,"count_300":160,"count_50":4,"count_geki":286,"count_katu":46,"count_miss":56},"user_id":30621251,"score_id":502904577,"rank":"B","pp":2.87364},"94.4":{"maxcombo":209,"statistics":{"count_100":5,"count_300":163,"count_50":0,"count_geki":355,"count_katu":27,"count_miss":19},"user_id":26862263,"score_id":487046317,"rank":"A","pp":13.183},"94.5":{"maxcombo":493,"statistics":{"count_100":8,"count_300":225,"count_50":1,"count_geki":275,"count_katu":53,"count_miss":7},"user_id":26874473,"score_id":476440529,"rank":"A","pp":12.3423},"96.1":{"maxcombo":185,"statistics":{"count_100":5,"count_300":185,"count_50":1,"count_geki":346,"count_katu":21,"count_miss":11},"user_id":34875401,"score_id":558071049,"rank":"S","pp":14.6732}}