{"95.1":{"maxcombo":348,"statistics":{"count_100":10,"count_300":239,"count_50":2,"count_geki":190,"count_katu":35,"count_miss":3},"user_id":34128938,"score_id":545805370,"rank":"S","pp":8.76964},"87.7":{"maxcombo":303,"statistics":{"count_100":29,"count_300":200,"count_50":3,"count_geki":151,"count_katu":89,"count_miss":7},"user_id":22981523,"score_id":530702048,"rank":"B","pp":3.19348}}