{"87.8":{"maxcombo":98,"statistics":{"count_100":14,"count_300":263,"count_50":7,"count_geki":161,"count_katu":64,"count_miss":29},"user_id":23009715,"score_id":469156802,"rank":"B","pp":9.19582},"85.1":{"maxcombo":203,"statistics":{"count_100":26,"count_300":191,"count_50":12,"count_geki":205,"count_katu":77,"count_miss":27},"user_id":18513894,"score_id":455988089,"rank":"B","pp":4.78964},"94.6":{"maxcombo":293,"statistics":{"count_100":14,"count_300":200,"count_50":3,"count_geki":278,"count_katu":39,"count_miss":4},"user_id":5253426,"score_id":121491153,"rank":"A","pp":26.1348},"96.3":{"maxcombo":461,"statistics":{"count_100":4,"count_300":222,"count_50":0,"count_geki":267,"count_katu":42,"count_miss":3},"user_id":4837882,"score_id":328484422,"rank":"S","pp":29.3474}}