{"84.1":{"maxcombo":406,"statistics":{"count_100":45,"count_300":184,"count_50":4,"count_geki":130,"count_katu":106,"count_miss":7},"user_id":34297488,"score_id":558422099,"rank":"B","pp":0.242857},"96.2":{"maxcombo":828,"statistics":{"count_100":2,"count_300":201,"count_50":0,"count_geki":227,"count_katu":44,"count_miss":2},"user_id":35568943,"score_id":569711910,"rank":"S","pp":7.70547}}