{"91.2":{"maxcombo":259,"statistics":{"count_100":26,"count_300":322,"count_50":2,"count_geki":340,"count_katu":112,"count_miss":15},"user_id":34797195,"score_id":557905955,"rank":"A","pp":8.1529},"87.4":{"maxcombo":162,"statistics":{"count_100":38,"count_300":344,"count_50":6,"count_geki":269,"count_katu":132,"count_miss":28},"user_id":28045080,"score_id":558131055,"rank":"B","pp":4.05887},"71.9":{"maxcombo":89,"statistics":{"count_100":91,"count_300":256,"count_50":34,"count_geki":185,"count_katu":166,"count_miss":85},"user_id":24822737,"score_id":551579681,"rank":"C","pp":0},"91.7":{"maxcombo":181,"statistics":{"count_100":23,"count_300":316,"count_50":3,"count_geki":369,"count_katu":85,"count_miss":21},"user_id":34283053,"score_id":580347790,"rank":"A","pp":8.85177}}