{"84.5":{"maxcombo":152,"statistics":{"count_100":52,"count_300":257,"count_50":3,"count_geki":204,"count_katu":145,"count_miss":20},"user_id":33733257,"score_id":564074135,"rank":"B","pp":1.02891},"96.6":{"maxcombo":601,"statistics":{"count_100":8,"count_300":285,"count_50":2,"count_geki":343,"count_katu":41,"count_miss":2},"user_id":34266403,"score_id":562645763,"rank":"S","pp":12.9039},"94.5":{"maxcombo":859,"statistics":{"count_100":10,"count_300":319,"count_50":3,"count_geki":265,"count_katu":84,"count_miss":0},"user_id":36376744,"score_id":588949941,"rank":"A","pp":10.3639},"93.7":{"maxcombo":312,"statistics":{"count_100":14,"count_300":288,"count_50":1,"count_geki":291,"count_katu":82,"count_miss":5},"user_id":33513707,"score_id":547814883,"rank":"A","pp":9.8997},"92.2":{"maxcombo":662,"statistics":{"count_100":19,"count_300":306,"count_50":1,"count_geki":240,"count_katu":114,"count_miss":1},"user_id":28860865,"score_id":527110632,"rank":"A","pp":8.17196},"95.3":{"maxcombo":479,"statistics":{"count_100":15,"count_300":292,"count_50":0,"count_geki":314,"count_katu":58,"count_miss":2},"user_id":32268169,"score_id":540406599,"rank":"S","pp":11.5372},"89.5":{"maxcombo":292,"statistics":{"count_100":18,"count_300":282,"count_50":3,"count_geki":235,"count_katu":130,"count_miss":13},"user_id":19561659,"score_id":535781593,"rank":"B","pp":5.76516}}