{"92.7":{"maxcombo":255,"statistics":{"count_100":8,"count_300":154,"count_50":1,"count_geki":177,"count_katu":46,"count_miss":7},"user_id":31836685,"score_id":530179968,"rank":"A","pp":9.98307},"88.7":{"maxcombo":169,"statistics":{"count_100":18,"count_300":168,"count_50":3,"count_geki":139,"count_katu":53,"count_miss":12},"user_id":22637703,"score_id":525186974,"rank":"B","pp":5.54507}}