{"95.5":{"maxcombo":444,"statistics":{"count_100":4,"count_300":189,"count_50":0,"count_geki":160,"count_katu":29,"count_miss":5},"user_id":33621731,"score_id":544785119,"rank":"S","pp":8.36627},"90.2":{"maxcombo":146,"statistics":{"count_100":13,"count_300":176,"count_50":4,"count_geki":131,"count_katu":56,"count_miss":7},"user_id":25647191,"score_id":539771620,"rank":"A","pp":4.64744},"96.2":{"maxcombo":580,"statistics":{"count_100":7,"count_300":173,"count_50":0,"count_geki":178,"count_katu":29,"count_miss":0},"user_id":11740485,"score_id":358394966,"rank":"S","pp":9.06774},"90.8":{"maxcombo":139,"statistics":{"count_100":12,"count_300":168,"count_50":1,"count_geki":148,"count_katu":47,"count_miss":11},"user_id":20576403,"score_id":519583962,"rank":"A","pp":5.19859}}