{"88.9":{"maxcombo":233,"statistics":{"count_100":21,"count_300":381,"count_50":4,"count_geki":317,"count_katu":147,"count_miss":33},"user_id":33329481,"score_id":533783799,"rank":"B","pp":9.78655},"98.9":{"maxcombo":546,"statistics":{"count_100":3,"count_300":341,"count_50":0,"count_geki":538,"count_katu":20,"count_miss":1},"user_id":31548113,"score_id":544296527,"rank":"S","pp":28.6235},"98.8":{"maxcombo":1149,"statistics":{"count_100":4,"count_300":320,"count_50":0,"count_geki":556,"count_katu":23,"count_miss":0},"user_id":14695305,"score_id":564759478,"rank":"S","pp":28.7197},"88.1":{"maxcombo":160,"statistics":{"count_100":33,"count_300":392,"count_50":11,"count_geki":286,"count_katu":158,"count_miss":23},"user_id":32905953,"score_id":538903474,"rank":"B","pp":8.06044}}