{"88.7":{"maxcombo":299,"statistics":{"count_100":12,"count_300":180,"count_50":5,"count_geki":194,"count_katu":52,"count_miss":23},"user_id":35241605,"score_id":563925250,"rank":"B","pp":4.43858},"94.7":{"maxcombo":426,"statistics":{"count_100":4,"count_300":230,"count_50":0,"count_geki":176,"count_katu":51,"count_miss":5},"user_id":33560740,"score_id":561841255,"rank":"A","pp":8.54609}}