{"92":{"maxcombo":853,"statistics":{"count_100":19,"count_300":342,"count_50":1,"count_geki":255,"count_katu":128,"count_miss":3},"user_id":19561659,"score_id":570733590,"rank":"A","pp":7.15537},"91.6":{"maxcombo":379,"statistics":{"count_100":25,"count_300":344,"count_50":2,"count_geki":250,"count_katu":124,"count_miss":3},"user_id":29562872,"score_id":570100546,"rank":"A","pp":6.74926},"87.4":{"maxcombo":349,"statistics":{"count_100":27,"count_300":322,"count_50":5,"count_geki":221,"count_katu":152,"count_miss":21},"user_id":25276198,"score_id":572198667,"rank":"B","pp":3.24255},"93.3":{"maxcombo":1378,"statistics":{"count_100":14,"count_300":312,"count_50":4,"count_geki":307,"count_katu":111,"count_miss":0},"user_id":20498826,"score_id":543302690,"rank":"A","pp":8.52909}}