{"98":{"maxcombo":440,"statistics":{"count_100":1,"count_300":197,"count_50":1,"count_geki":256,"count_katu":20,"count_miss":1},"user_id":23081993,"score_id":572993119,"rank":"S","pp":26.5877},"90.9":{"maxcombo":307,"statistics":{"count_100":17,"count_300":198,"count_50":2,"count_geki":179,"count_katu":75,"count_miss":5},"user_id":34918610,"score_id":583271590,"rank":"A","pp":13.2562},"87.8":{"maxcombo":207,"statistics":{"count_100":22,"count_300":230,"count_50":5,"count_geki":212,"count_katu":114,"count_miss":16},"user_id":34969131,"score_id":2415583048,"rank":"B","pp":7.98897},"95.1":{"maxcombo":382,"statistics":{"count_100":6,"count_300":192,"count_50":4,"count_geki":237,"count_katu":32,"count_miss":5},"user_id":23187282,"score_id":592391939,"rank":"S","pp":21.4216},"86.3":{"maxcombo":262,"statistics":{"count_100":29,"count_300":211,"count_50":1,"count_geki":116,"count_katu":111,"count_miss":8},"user_id":28045080,"score_id":552409547,"rank":"B","pp":4.23551},"95.5":{"maxcombo":420,"statistics":{"count_100":6,"count_300":171,"count_50":0,"count_geki":249,"count_katu":49,"count_miss":1},"user_id":28210171,"score_id":577309380,"rank":"S","pp":22.2655},"94.8":{"maxcombo":181,"statistics":{"count_100":2,"count_300":225,"count_50":3,"count_geki":196,"count_katu":44,"count_miss":6},"user_id":29805632,"score_id":579507666,"rank":"A","pp":19.9733},"96.6":{"maxcombo":807,"statistics":{"count_100":7,"count_300":176,"count_50":1,"count_geki":261,"count_katu":31,"count_miss":0},"user_id":30276993,"score_id":566478353,"rank":"S","pp":24.4209}}