{"92.2":{"maxcombo":313,"statistics":{"count_100":17,"count_300":301,"count_50":1,"count_geki":328,"count_katu":124,"count_miss":7},"user_id":23424176,"score_id":556503124,"rank":"A","pp":5.68053},"91.6":{"maxcombo":336,"statistics":{"count_100":19,"count_300":326,"count_50":3,"count_geki":306,"count_katu":111,"count_miss":13},"user_id":31792630,"score_id":588907271,"rank":"A","pp":5.21891},"89.1":{"maxcombo":417,"statistics":{"count_100":29,"count_300":312,"count_50":8,"count_geki":265,"count_katu":158,"count_miss":6},"user_id":17578716,"score_id":452568884,"rank":"B","pp":3.54551}}