{"92.2":{"maxcombo":313,"statistics":{"count_100":17,"count_300":301,"count_50":1,"count_geki":328,"count_katu":124,"count_miss":7},"user_id":23424176,"score_id":556503124,"rank":"A","pp":5.68053},"94.9":{"maxcombo":1116,"statistics":{"count_100":9,"count_300":333,"count_50":1,"count_geki":338,"count_katu":97,"count_miss":0},"user_id":30443005,"score_id":533751662,"rank":"A","pp":7.33638},"89.1":{"maxcombo":417,"statistics":{"count_100":29,"count_300":312,"count_50":8,"count_geki":265,"count_katu":158,"count_miss":6},"user_id":17578716,"score_id":452568884,"rank":"B","pp":3.54551}}