{"91.7":{"maxcombo":709,"statistics":{"count_100":10,"count_300":180,"count_50":3,"count_geki":143,"count_katu":67,"count_miss":2},"user_id":22168146,"score_id":500765441,"rank":"A","pp":7.56378},"88.5":{"maxcombo":290,"statistics":{"count_100":15,"count_300":162,"count_50":5,"count_geki":150,"count_katu":61,"count_miss":12},"user_id":5128944,"score_id":252721821,"rank":"B","pp":4.88836}}