{"83.6":{"maxcombo":249,"statistics":{"count_100":50,"count_300":157,"count_50":8,"count_geki":302,"count_katu":147,"count_miss":23},"user_id":22236084,"score_id":421499653,"rank":"B","pp":1.90088},"88.4":{"maxcombo":223,"statistics":{"count_100":34,"count_300":181,"count_50":5,"count_geki":351,"count_katu":95,"count_miss":21},"user_id":24224398,"score_id":531581938,"rank":"B","pp":9.54578}}