{"93.2":{"maxcombo":246,"statistics":{"count_100":17,"count_300":274,"count_50":0,"count_geki":281,"count_katu":77,"count_miss":7},"user_id":33517573,"score_id":535509165,"rank":"A","pp":8.0591},"92.3":{"maxcombo":234,"statistics":{"count_100":15,"count_300":288,"count_50":1,"count_geki":251,"count_katu":92,"count_miss":9},"user_id":26902614,"score_id":495136408,"rank":"A","pp":7.09355},"93.5":{"maxcombo":519,"statistics":{"count_100":19,"count_300":309,"count_50":1,"count_geki":246,"count_katu":78,"count_miss":3},"user_id":20418875,"score_id":497929128,"rank":"A","pp":7.96444},"99.5":{"maxcombo":782,"statistics":{"count_100":0,"count_300":278,"count_50":0,"count_geki":369,"count_katu":9,"count_miss":0},"user_id":31028193,"score_id":508929070,"rank":"S","pp":13.3829},"95.5":{"maxcombo":475,"statistics":{"count_100":0,"count_300":400,"count_50":1,"count_geki":201,"count_katu":38,"count_miss":16},"user_id":32496633,"score_id":574801511,"rank":"S","pp":9.10038},"98.7":{"maxcombo":786,"statistics":{"count_100":0,"count_300":267,"count_50":0,"count_geki":365,"count_katu":24,"count_miss":0},"user_id":16174308,"score_id":401532011,"rank":"S","pp":12.7846},"92.6":{"maxcombo":151,"statistics":{"count_100":16,"count_300":276,"count_50":2,"count_geki":269,"count_katu":86,"count_miss":7},"user_id":15031858,"score_id":502965098,"rank":"A","pp":7.51385},"84.5":{"maxcombo":109,"statistics":{"count_100":33,"count_300":252,"count_50":7,"count_geki":192,"count_katu":148,"count_miss":24},"user_id":23258921,"score_id":438117981,"rank":"B","pp":0.891332},"70.8":{"maxcombo":69,"statistics":{"count_100":59,"count_300":236,"count_50":11,"count_geki":134,"count_katu":110,"count_miss":106},"user_id":30876607,"score_id":522821815,"rank":"C","pp":0},"91.3":{"maxcombo":161,"statistics":{"count_100":18,"count_300":268,"count_50":1,"count_geki":255,"count_katu":105,"count_miss":9},"user_id":32905953,"score_id":539251459,"rank":"A","pp":6.40442}}