{"100":{"maxcombo":1112,"statistics":{"count_100":0,"count_300":120,"count_50":0,"count_geki":479,"count_katu":0,"count_miss":0},"user_id":27884477,"score_id":541733705,"rank":"S","pp":26.7954},"99.4":{"maxcombo":1091,"statistics":{"count_100":0,"count_300":144,"count_50":0,"count_geki":445,"count_katu":10,"count_miss":0},"user_id":32372419,"score_id":533219686,"rank":"S","pp":25.5427},"95.6":{"maxcombo":926,"statistics":{"count_100":5,"count_300":278,"count_50":1,"count_geki":251,"count_katu":63,"count_miss":1},"user_id":29830056,"score_id":490192736,"rank":"S","pp":17.542},"90.4":{"maxcombo":399,"statistics":{"count_100":40,"count_300":222,"count_50":0,"count_geki":256,"count_katu":76,"count_miss":5},"user_id":30182109,"score_id":500590277,"rank":"A","pp":10.7194},"60.5":{"maxcombo":257,"statistics":{"count_100":146,"count_300":137,"count_50":53,"count_geki":46,"count_katu":183,"count_miss":34},"user_id":32962319,"score_id":552406413,"rank":"D","pp":0},"94.6":{"maxcombo":1085,"statistics":{"count_100":7,"count_300":238,"count_50":1,"count_geki":273,"count_katu":80,"count_miss":0},"user_id":21282856,"score_id":440071153,"rank":"A","pp":16.5279},"88.6":{"maxcombo":1065,"statistics":{"count_100":31,"count_300":242,"count_50":1,"count_geki":186,"count_katu":139,"count_miss":0},"user_id":18964094,"score_id":386741417,"rank":"B","pp":7.25212},"98.8":{"maxcombo":1093,"statistics":{"count_100":1,"count_300":182,"count_50":0,"count_geki":398,"count_katu":18,"count_miss":0},"user_id":33232517,"score_id":544087333,"rank":"S","pp":24.0962},"93.9":{"maxcombo":1081,"statistics":{"count_100":16,"count_300":204,"count_50":0,"count_geki":305,"count_katu":73,"count_miss":1},"user_id":24454846,"score_id":475552362,"rank":"A","pp":16.1476},"91.5":{"maxcombo":579,"statistics":{"count_100":20,"count_300":253,"count_50":3,"count_geki":229,"count_katu":89,"count_miss":5},"user_id":31747818,"score_id":552551088,"rank":"A","pp":11.7707},"95.3":{"maxcombo":952,"statistics":{"count_100":5,"count_300":253,"count_50":0,"count_geki":270,"count_katu":70,"count_miss":1},"user_id":32493930,"score_id":523243079,"rank":"S","pp":17.4898},"90.6":{"maxcombo":456,"statistics":{"count_100":17,"count_300":297,"count_50":2,"count_geki":164,"count_katu":114,"count_miss":5},"user_id":16784664,"score_id":438191562,"rank":"A","pp":9.57107}}