{"68":{"maxcombo":83,"statistics":{"count_100":104,"count_300":163,"count_50":29,"count_geki":122,"count_katu":125,"count_miss":56},"user_id":36124906,"score_id":583280436,"rank":"D","pp":0},"100":{"maxcombo":1112,"statistics":{"count_100":0,"count_300":120,"count_50":0,"count_geki":479,"count_katu":0,"count_miss":0},"user_id":27884477,"score_id":541733705,"rank":"X","pp":26.7954},"95.6":{"maxcombo":926,"statistics":{"count_100":5,"count_300":278,"count_50":1,"count_geki":251,"count_katu":63,"count_miss":1},"user_id":29830056,"score_id":490192736,"rank":"S","pp":17.542},"99.5":{"maxcombo":718,"statistics":{"count_100":0,"count_300":180,"count_50":1,"count_geki":413,"count_katu":5,"count_miss":0},"user_id":36266893,"score_id":580862508,"rank":"S","pp":25.2519},"90.4":{"maxcombo":399,"statistics":{"count_100":40,"count_300":222,"count_50":0,"count_geki":256,"count_katu":76,"count_miss":5},"user_id":30182109,"score_id":500590277,"rank":"A","pp":10.7194},"60.5":{"maxcombo":257,"statistics":{"count_100":146,"count_300":137,"count_50":53,"count_geki":46,"count_katu":183,"count_miss":34},"user_id":32962319,"score_id":552406413,"rank":"D","pp":0},"94.6":{"maxcombo":1085,"statistics":{"count_100":7,"count_300":238,"count_50":1,"count_geki":273,"count_katu":80,"count_miss":0},"user_id":21282856,"score_id":440071153,"rank":"A","pp":16.5279},"88.6":{"maxcombo":1065,"statistics":{"count_100":31,"count_300":242,"count_50":1,"count_geki":186,"count_katu":139,"count_miss":0},"user_id":18964094,"score_id":386741417,"rank":"B","pp":7.25212},"86.9":{"maxcombo":415,"statistics":{"count_100":35,"count_300":267,"count_50":8,"count_geki":245,"count_katu":187,"count_miss":5},"user_id":14708267,"score_id":2761327611,"rank":"B","pp":5.17151},"93.9":{"maxcombo":1081,"statistics":{"count_100":16,"count_300":204,"count_50":0,"count_geki":305,"count_katu":73,"count_miss":1},"user_id":24454846,"score_id":475552362,"rank":"A","pp":16.1476},"95.3":{"maxcombo":952,"statistics":{"count_100":5,"count_300":253,"count_50":0,"count_geki":270,"count_katu":70,"count_miss":1},"user_id":32493930,"score_id":523243079,"rank":"S","pp":17.4898},"90.6":{"maxcombo":456,"statistics":{"count_100":17,"count_300":297,"count_50":2,"count_geki":164,"count_katu":114,"count_miss":5},"user_id":16784664,"score_id":438191562,"rank":"A","pp":9.57107},"98.6":{"maxcombo":482,"statistics":{"count_100":3,"count_300":220,"count_50":2,"count_geki":360,"count_katu":14,"count_miss":0},"user_id":32052449,"score_id":589589413,"rank":"S","pp":23.1567}}