{"86.1":{"maxcombo":131,"statistics":{"count_100":15,"count_300":124,"count_50":3,"count_geki":102,"count_katu":56,"count_miss":12},"user_id":23690638,"score_id":483158329,"rank":"B","pp":1.13914},"84.1":{"maxcombo":148,"statistics":{"count_100":14,"count_300":123,"count_50":2,"count_geki":88,"count_katu":70,"count_miss":15},"user_id":32848419,"score_id":527736686,"rank":"B","pp":0.278118}}