{"88":{"maxcombo":201,"statistics":{"count_100":12,"count_300":159,"count_50":7,"count_geki":168,"count_katu":83,"count_miss":11},"user_id":15324761,"score_id":364101948,"rank":"B","pp":3.88773},"91.5":{"maxcombo":532,"statistics":{"count_100":19,"count_300":174,"count_50":2,"count_geki":183,"count_katu":59,"count_miss":3},"user_id":8818726,"score_id":227109342,"rank":"A","pp":6.64875},"86.7":{"maxcombo":332,"statistics":{"count_100":22,"count_300":184,"count_50":2,"count_geki":122,"count_katu":102,"count_miss":8},"user_id":29861360,"score_id":491030188,"rank":"B","pp":2.39846}}