{"86.4":{"maxcombo":1205,"statistics":{"count_100":20,"count_300":176,"count_50":4,"count_geki":56,"count_katu":83,"count_miss":2},"user_id":19610396,"score_id":515560493,"rank":"B","pp":0.614082},"88.7":{"maxcombo":907,"statistics":{"count_100":15,"count_300":182,"count_50":6,"count_geki":72,"count_katu":64,"count_miss":2},"user_id":10087945,"score_id":255196422,"rank":"B","pp":1.36512}}