{"100":{"maxcombo":866,"statistics":{"count_100":0,"count_300":138,"count_50":0,"count_geki":519,"count_katu":0,"count_miss":0},"user_id":25500460,"score_id":457426516,"rank":"X","pp":22.2265},"86.4":{"maxcombo":179,"statistics":{"count_100":44,"count_300":286,"count_50":4,"count_geki":181,"count_katu":128,"count_miss":14},"user_id":29630698,"score_id":488205318,"rank":"B","pp":3.24051},"92.9":{"maxcombo":875,"statistics":{"count_100":8,"count_300":292,"count_50":0,"count_geki":235,"count_katu":122,"count_miss":0},"user_id":17663737,"score_id":399688043,"rank":"A","pp":11.206},"85.8":{"maxcombo":575,"statistics":{"count_100":57,"count_300":244,"count_50":10,"count_geki":209,"count_katu":136,"count_miss":1},"user_id":32548727,"score_id":524651376,"rank":"B","pp":2.99159},"92.7":{"maxcombo":235,"statistics":{"count_100":16,"count_300":255,"count_50":2,"count_geki":299,"count_katu":75,"count_miss":10},"user_id":23258921,"score_id":454655159,"rank":"A","pp":11.7039}}