{"88.4":{"maxcombo":552,"statistics":{"count_100":17,"count_300":246,"count_50":4,"count_geki":85,"count_katu":90,"count_miss":7},"user_id":15011184,"score_id":325053987,"rank":"B","pp":2.42705},"84.2":{"maxcombo":432,"statistics":{"count_100":25,"count_300":214,"count_50":11,"count_geki":77,"count_katu":116,"count_miss":6},"user_id":19278156,"score_id":458287154,"rank":"B","pp":0.059494}}