{"99":{"maxcombo":1023,"statistics":{"count_100":4,"count_300":198,"count_50":0,"count_geki":618,"count_katu":17,"count_miss":0},"user_id":31219160,"score_id":513907615,"rank":"S","pp":20.8869},"98.1":{"maxcombo":1020,"statistics":{"count_100":5,"count_300":307,"count_50":1,"count_geki":490,"count_katu":34,"count_miss":0},"user_id":32271535,"score_id":565545154,"rank":"S","pp":18.7798},"91.4":{"maxcombo":416,"statistics":{"count_100":25,"count_300":349,"count_50":4,"count_geki":324,"count_katu":125,"count_miss":10},"user_id":21960719,"score_id":562903720,"rank":"A","pp":9.75628},"90.4":{"maxcombo":730,"statistics":{"count_100":38,"count_300":342,"count_50":3,"count_geki":308,"count_katu":141,"count_miss":5},"user_id":30760826,"score_id":540289026,"rank":"A","pp":8.51705}}