id,name,ppOld,ppNew,ppDiff,minuteUpdated
7562902,mrekk,32138.7,31844.87,2744,29789839
15406985,Ivaxa,29226,29478.52,2628,29789839
14715160,cryshina,29962.3,29081.89,2058,29789839
9269034,Akolibed,28108.2,27950.39,3074,29789839
10549880,NINERIK,27135.2,26919.82,2491,29789839
13108233,milosz,26633.6,26367.52,2675,29789839
11367222,lifeline,25757.3,25629.24,2202,29789839
4175698,sytho,24583.2,24228.21,921,29789839
13211727,NyanPotato,24408.6,23866.11,362,29789839
12779141,gnahus,24056.8,23683.46,1181,29789839
5033077,Zylice,24023.4,23470.75,1360,29789839
8251785,killer2007,23431.2,23257.79,1355,29789839
7341183,ASecretBox,22907.5,23206.72,1068,29789839
5199332,Chicony,22710.7,23037.51,3638,29789839
21207816,bored yes,23363.8,22587.89,102,29789839
6404583,PLOXARU,22724.9,22493.85,1737,29789839
12137295,jahkon,23540,22416.62,-1149,29789839
8640970,enri,22201.4,22225.97,1494,29789839
19851850,cloppit,22748.2,22043.59,-237,29789839
17235399,superi0r,22005,21993.76,-468,29789839
11496364,JappaDeKappa,22629.6,21897.68,476,29789839
6725771,ferret irl,21862.2,21720.34,1958,29789839
11626318,reused,21588.3,21282.69,1574,29789839
16817965,Kamensh1k,21351.2,21060.64,1520,29789839
25444680,androgenic,22080.7,21053.68,-1627,29789839
12834269,roaz,21609,20995.31,1778,29789839
13767572,Saiyku,21288.7,20982.46,565,29789839
12952320,aimbotcone,20910.9,20950.53,3387,29789839
13962152,creator,21638,20943.33,-36,29789839
12408961,MALISZEWSKI,20466.6,20941.22,3064,29789839
10077431,plambob,21255.5,20780.79,863,29789839
8856806,ChocoPafe,20793.2,20719.89,624,29789839
6600930,yamss,20267.7,20620.15,3930,29789839
15296720,freezes,20595.3,20604.30,261,29789839
4108547,WindowLife,20379.3,20507.70,3007,29789839
9642774,milktea0019,21248.3,20501.53,-19,29789839
8816345,Vudek,21244.2,20387.71,-575,29789839
9938943,aknzx,21217,20369.58,-1102,29789839
12873118,smozhen,21039,20359.39,442,29789839
13051015,Zoxeim,20985.2,20307.09,49,29789839
9074780,atlas,20772.3,20281.70,1294,29789839
12258658,Tsfury,21032.2,20178.93,-262,29789839
17707250,aspen,19372.2,20166.61,5777,29789840
9224078,FlyingTuna,20554.1,20114.48,343,29789839
17730661,OnlyHadley,21076,20033.99,-452,29789839
5339515,Mathi,19281.1,19958.02,3940,29789840
4209965,Bonk,19030.9,19933.98,7569,29789840
4504101,WhiteCat,20065.8,19827.70,2070,29789839
13609904,PinkEyeFan2013,19912.7,19794.77,1947,29789839
3717598,xootynator,19587.8,19776.75,3177,29789839
13057699,z9a,19732.3,19736.82,1474,29789839
14106450,worst hr player,20040,19712.80,1805,29789839
7525949,shimon,20167.8,19629.12,1417,29789839
10651184,MINHOCA LOKA,20025.3,19599.46,-132,29789839
10323184,Flaro,19863.1,19559.47,1202,29789839
10933605,haxor,20147.9,19456.66,-439,29789839
8007528,Raikouhou,19736.5,19455.82,847,29789839
2546001,Intercambing,19638.1,19405.86,966,29789839
8356568,femkitty,20085.5,19314.01,-1328,29789839
11592896,budge,18825.9,19300.08,1357,29789840
7813296,rektygon,19520.6,19295.54,1873,29789839
7918057,Shyot73,19396.4,19262.74,1638,29789840
13300203,yary,19724.5,19247.83,-1115,29789839
12169267,315,18395.7,19206.85,4569,29789840
2291265,Arnold24x24,19287.9,19179.58,1843,29789840
11885405,xan_ly,19445.9,19130.28,1422,29789840
124493,chocomint,18670.2,19128.70,5548,29789840
4882979,Dereban,18651.1,19124.65,4484,29789840
6304246,puppy,18753.8,19110.44,3178,29789840
2675255,hqshe,19901,19104.76,-176,29789839
14215850,bunnylikemoney,19720.2,19042.79,-884,29789839
11443437,[Karcher],19840.3,19022.19,-412,29789839
8868635,Egor,19553.6,19006.48,-437,29789839
6937470,kazamabc,18786.7,18967.99,2950,29789840
8799923,Suyong_,19537.7,18958.49,-260,29789839
7512553,Utami,19245.8,18860.15,908,29789840
11806306,Zyntex,19085.4,18847.72,824,29789840
19072684,nehemiah,19549.2,18830.11,367,29789839
7627844,Mahmood,18207.9,18827.06,3416,29789840
15119977,MouseR1ez,19349.4,18825.47,1040,29789840
16320893,Dever,19018.7,18822.14,897,29789840
2558286,Rafis,19008.9,18817.80,1552,29789840
1419095,Aricin,18422.4,18778.66,3529,29789840
14097024,thank you,18506.1,18770.13,1942,29789840
13216706,gwb,19667.7,18761.05,-519,29789839
2165650,mcy4,19146.3,18740.94,289,29789840
11829390,sakuraskip,18492.9,18712.97,2855,29789840
9849451,NaPiii_,19362,18710.22,-1218,29789840
14676719,TTv_UFO,19032.6,18694.84,1042,29789840
11415687,Kurumiw,19167.3,18691.58,-40,29789840
7342622,Freddie Benson,19286.8,18662.44,-511,29789840
10092099,Pablohh,17550.7,18612.46,7182,29789840
11552867,Welter,18814,18588.30,980,29789840
12130906,[ Master ],19144.8,18588.24,104,29789840
11604978,luciano,18365.5,18571.01,1442,29789840
7959222,majoreh,18621.9,18550.66,2847,29789840
1719471,EZChamp,19051.7,18537.33,1071,29789840
10760701,hexi,18815.7,18458.15,-631,29789840
11159039,Yseri,19204.4,18413.41,115,29789840
12434652,Gonzah,18247.1,18326.37,3096,29789840
5645231,decaten,17985.1,18325.32,3131,29789840
6114695,ciru,18759.8,18301.74,348,29789840
17104779,-bouingue,18808.3,18251.67,-628,29789840
4256461,Riot,18149,18220.64,2138,29789840
4787150,Vaxei,18594.3,18219.01,2118,29789840
5218178,MALTESER,18225.1,18214.70,2193,29789840
9993348,ur cute,18849.8,18197.50,-1400,29789840
5981005,gamer228666,18805.8,18176.31,-811,29789840
20120615,Pipipupu997,18734.9,18174.41,-955,29789840
10916561,coda,18520.8,18111.74,619,29789840
5182050,Bubbleman,17675.8,18073.74,2787,29789840
10613549,Shirosora,17434.1,18071.70,4763,29789840
8472976,Suyung_,18249.8,18055.31,-231,29789840
8075782,ratcho,18620.7,18030.55,-77,29789840
3498155,Zaqqy,17798.1,18028.75,3399,29789840
9896317,RyooYamada,18706.9,18023.29,159,29789840
24409289,Choofy,19133.8,17997.78,-1693,29789840
16616677,CyberOni,17575.3,17976.74,1214,29789840
30751112,bibero,18676.9,17935.86,840,29789840
15780777,big_tatik,18361.7,17902.71,804,29789840
14733798,Zeaqk,18157,17860.89,1634,29789840
22082286,Weetab,18569.7,17860.70,85,29789840
16900233,awesome sauce,18174.3,17822.23,1331,29789840
21619075,def,18660.1,17774.50,-1184,29789840
17446380,bananachi,18135.8,17748.00,-360,29789840
10743390,RafaMat,18742.3,17747.85,-1544,29789840
2932510,wuhua,18494.6,17733.21,-455,29789840
13204938,Lolu,17853.6,17727.31,1700,29789840
10903510,trumpatino69,18089.6,17705.58,-119,29789840
2766034,Umbre,17904,17655.11,-126,29789840
10083084,Librarian,17947.1,17644.96,1106,29789840
11243772,reimia,17881.3,17638.68,591,29789840
9072586,Andros,17701.2,17622.83,1808,29789840
18903701,Dreamz,17898.5,17609.58,956,29789840
11375105,lolol233,18177.6,17605.94,-56,29789840
15293080,clafrelys,18019.9,17605.92,-270,29789840
7075211,tekkito,17303,17601.97,2762,29789840
12155780,vixylium,17157.3,17587.95,3479,29789840
16800870,alexsandll,18195.9,17573.78,-304,29789840
6788821,Dempsey,17500.3,17564.11,86,29789840
10145045,Juh,17990.5,17550.17,232,29789840
7280590,InBefore,17926.5,17495.36,-119,29789840
8660293,willy0214,18149.9,17482.42,-479,29789840
13470496,9I DePeBO,17847.1,17359.78,741,29789840
13065919,R1cho,17336.1,17356.79,1780,29789840
7892320,Zeisen Udongein,17246.3,17355.69,2332,29789840
11930908,AdrianLabubu67,17734.6,17344.34,782,29789840
11269055,Swiq,17545.3,17309.57,409,29789840
23179637,ozbert,17560.1,17292.75,1026,29789840
6524092,VoProSSoFF,17915.1,17282.06,-310,29789840
8116659,criller,17484.3,17275.36,1448,29789840
12159899,MineFrostID,17536.6,17251.73,1456,29789840
10188022,-Hirata,17796.4,17208.97,-458,29789840
9902255,Apostol,17237.4,17205.97,2269,29789840
2511839,NeliNyan,16991.6,17200.35,2770,29789840
1860489,_Shield,16667.9,17192.65,4981,29789841
18659783,Kwal1976,17391.1,17188.28,1264,29789840
10717635,Hakui Koyori,17424.1,17180.17,1379,29789840
15816872,Ledeau_Fox,17824.5,17169.99,-719,29789840
9712285,desuqe,17302.4,17146.05,811,29789840
12204079,Blah,17884,17140.37,-1058,29789840
2012453,PikaPwn,17104.3,17128.15,1365,29789840
14503423,misha awa,16993,17091.25,1939,29789840
7780605,Fleh,17944.4,17087.60,-780,29789840
17202789,YMD,17375.2,17073.32,688,29789840
8082362,TrickyPugster,17546.7,17067.29,-132,29789840
17663097,KappaMarz,16589,17042.81,3953,29789841
15587374,ULTRABAYMAX1562,17250.3,17023.53,1644,29789840
24371637,Thornnn,17778.8,17008.70,-1217,29789840
10354591,saraune,17305.5,16996.69,1347,29789840
2590257,wudci,17434.3,16985.73,434,29789840
15428284,nase,17081.5,16966.41,1291,29789840
18441629,aim1trick,17581.7,16965.10,-192,29789840
5774823,Rupertion,17395.9,16961.07,148,29789840
12632867,Neinja,16743.4,16960.40,2470,29789841
11383358,Drxvmik,17873,16954.71,-1169,29789840
12353810,papercandle,17392.4,16934.60,-420,29789840
1876565,Mastasz,17362,16925.30,752,29789840
7027766,Chipori,17207.7,16924.23,863,29789840
6142837,NoSin,16969.2,16915.08,1975,29789840
1334384,T A K A O,17238.8,16903.26,852,29789840
13380270,Kama,16525.6,16896.00,4100,29789841
13705417,Rafugapu,17050.7,16891.93,1089,29789840
9414229,Pinguinzi,16444.1,16878.78,3557,29789841
14573462,leancat,17521.4,16851.00,-1168,29789840
14992852,lil bread,17613.6,16829.21,-629,29789840
16139008,sharytory,16388.5,16824.98,3673,29789841
11399348,fragranceofpage,16799.2,16819.12,2789,29789840
4581069,etn,17155.1,16809.54,552,29789840
22274174,CUPSIZEFAN,17599.8,16807.37,-937,29789840
10333154,synoxa,17524.1,16806.20,92,29789840
3345902,Varvalian,17108.9,16804.70,-47,29789840
7883418,WakaiYuki,17167.3,16795.45,464,29789840
15339747,runnysunny,17846.7,16779.91,-1707,29789840
1473890,badeu,17016.3,16777.33,1207,29789840
18351160,Stixe,16835.4,16751.88,1074,29789840
18604347,Chamqp,17340,16735.68,-365,29789840
3765989,okinamo,16838.5,16732.28,2052,29789840
8133880,_fefe,16647.6,16722.67,1622,29789841
14970132,SaintSFT,17032.1,16716.11,556,29789840
8181420,big snag,16225.2,16711.47,4713,29789841
9459674,maxim,17058.8,16710.24,1189,29789840
7724148,John Aim,17330.5,16685.23,-608,29789840
10809844,xymbii,16891.9,16645.90,1149,29789840
6574823,haga1115,16362,16638.96,3692,29789841
9747255,Fobxx,17390.9,16617.93,-491,29789840
8481621,gabyyy,16748.3,16611.12,1580,29789841
7068158,JapWhite,17288.5,16610.98,28,29789840
6387149,kiirochii,16709.1,16609.32,2174,29789841
16864309,Sheena Ringo,17167.9,16607.15,553,29789840
4511522,Doomsday fanboy,16405.6,16584.22,2266,29789841
15095811,origin_,16482.4,16582.78,-1091,29789841
11663882,Jorikawa,16420.6,16576.82,2765,29789841
2572468,Nongsa,16963.4,16576.63,675,29789840
12118967,Zentoro,16980.9,16564.38,-332,29789840
5527745,Abyssal,17098.8,16548.22,-349,29789840
3328742,Trail Mix,16290.4,16545.07,2394,29789841
18802561,Zoomeree,17028.3,16524.30,-633,29789840
10380158,jabahh,17036.4,16523.42,609,29789840
12366071,bsm,16775,16513.93,962,29789840
7025429,MyAngelMiku,17016.2,16493.89,313,29789840
10890712,Tonnisdk,16591.4,16491.26,1296,29789841
21958501,fuzzyu,16744.5,16486.65,710,29789841
16085078,hsk_z,16600.4,16446.32,821,29789841
16270893,kyojaku,17352,16438.11,-1877,29789840
7972980,-Din-,16585.4,16429.99,1706,29789841
14764185,Mike Tyson,17317.4,16414.35,-823,29789840
6806754,Ashdoll,16734.8,16411.45,385,29789841
15225729,Exxotl,17192.7,16404.99,-993,29789840
17117482,Pabloniichan,17455.2,16402.14,-1293,29789840
11553627,Jemzsee,16586.3,16382.32,998,29789841
23417038,Arash,17223.5,16363.16,-1138,29789840
3149577,Coreanmaluco,16201.8,16354.59,2569,29789841
11652827,jixxi,16352.9,16335.62,2320,29789841
17724014,alfiu,16774.4,16330.61,183,29789841
10077132,monte,17393,16329.57,-831,29789840
9067591,MightyDoc,15699.5,16329.54,4695,29789842
5447609,Demonical,16979.7,16305.54,461,29789840
21811804,Akuma no Tenshi,17249.6,16305.35,-1774,29789840
3893786,Tofunim,16913.8,16300.67,-441,29789840
12052880,Jorlando,15957.5,16298.08,2863,29789841
20263707,bob man,17021.7,16292.41,-1877,29789840
4959454,A]],16787.2,16264.95,1512,29789840
31144837,Meow mao,16718.8,16244.53,-862,29789841
6800152,lPogonyuto,16409.8,16234.86,1426,29789841
9227895,LordGabriel,17454.4,16230.07,-1391,29789840
14385814,Tim Kackner,16623.8,16224.02,6,29789841
9508109,onetabby,16141.1,16207.21,2184,29789841
9694263,Skrowell,16447.1,16185.22,-199,29789841
10162611,cedru,16538.9,16184.79,-164,29789841
8335950,Reedkatt,16572,16184.47,771,29789841
4787223,queue,16282,16180.47,1410,29789841
18946207,nekore,16831.7,16179.46,239,29789840
11684622,Sh4rq_,16840.9,16173.51,-212,29789840
13287112,Salikuu,17293.7,16153.73,-1434,29789840
11828209,Aerodite,16633.5,16148.30,-1342,29789841
15574234,Might,15773.2,16133.62,3581,29789841
6646269,1v9,16795.2,16130.05,-668,29789840
12482926,zoomiee,17029,16113.94,-1653,29789840
10073635,dench,16624.8,16110.37,148,29789841
7351448,fedotoff,16707.2,16084.24,-705,29789841
18153252,z10a,16827.2,16069.98,-1178,29789840
9942252,Paraqeet,15966.6,16067.55,2147,29789841
7613309,matcha,16645.1,16056.92,416,29789841
8901306,C-L,16501.2,16055.83,258,29789841
4170932,Red_Pixel,15603.6,16041.62,3976,29789842
8581210,8581210,16747.1,16038.56,198,29789841
612898,nicki1324,16655.8,16030.77,-462,29789841
11518376,HaSappy,16460.9,16020.20,1416,29789841
4650315,idke,16145.9,16019.15,2196,29789841
8696866,nicebroccoli,16479.6,16007.28,79,29789841
2204373,moon2k,16529.9,15975.97,951,29789841
12637617,sylriu,16864.9,15974.57,-1370,29789840
2768421,BlancPur,15851.1,15973.48,2455,29789841
13214651,Cellinia,16288.8,15970.56,1105,29789841
12958376,EXTERNALIZATION,16339.8,15964.42,56,29789841
13286326,yukarimybeloved,16602.9,15947.36,153,29789841
7178423,Teacchyyy,16235,15937.69,76,29789841
18284065,Oscar con boina,16096.3,15931.24,345,29789841
10634348,EthantrixV3,15220.1,15927.10,5043,29789842
9313951,Tsuwagi,16326.9,15926.64,522,29789841
6360447,jop,16394.3,15924.00,132,29789841
12699987,cxyd_n,16382.7,15922.56,-1042,29789841
11307733,nemroz,16254.5,15920.72,1065,29789841
2562987,azr8,16116.1,15919.90,1924,29789841
28071599,hqze,16818.7,15916.23,-1281,29789840
6123428,Vamhi,16383.5,15916.18,430,29789841
7341471,Seiong,16399.2,15902.69,-377,29789841
3171691,BTMC,16401.4,15902.19,99,29789841
7216681,RAMTIN,16203.4,15889.11,1158,29789841
6735738,AAAAHHHH,16432.2,15878.37,-435,29789841
22710559,Sp1cyy,15784.4,15870.77,2550,29789841
8359561,ronipan,16554,15870.49,-1191,29789841
15493529,XxJoeSwag727xX,15638.9,15860.50,2553,29789842
12686213,Reimu Hakurei,16381.6,15854.93,-615,29789841
9561644,AllyrD,16369.1,15850.47,213,29789841
13016277,iryl,16393.4,15842.06,-197,29789841
4734703,NathanRam1918,16138.6,15838.32,1187,29789841
8443945,FlasTEH,16543.5,15834.86,-487,29789841
9820878,Kotsik,16741.6,15829.27,-871,29789841
12667143,Rykic,16688.1,15828.09,-1266,29789841
14272451,Juztan,16629.3,15803.32,-1147,29789841
11113213,Alyra,16448.6,15790.52,-793,29789841
12976255,NYASH,16555.6,15781.64,-966,29789841
11584669,marzey,16298.3,15770.64,-286,29789841
1492995,zonelouise,16489.3,15765.50,-951,29789841
9211924,Melvr,16083.1,15764.68,-466,29789841
13735210,TheKusoAimer,16414.1,15748.56,-1087,29789841
4196808,Karthy,16050.2,15739.30,909,29789841
11405263,Fametime,16376.5,15732.55,-802,29789841
25927812,anmear,16443.6,15711.76,-638,29789841
6787940,Cole Cassidy,16332.2,15688.53,-819,29789841
15908405,My Angle Okayu,15574.6,15686.06,2541,29789842
4301976,Hifkil,16411.9,15667.92,-760,29789841
12389546,eloj,15915.2,15664.31,857,29789841
8975836,Snowy LP,15871.1,15658.42,737,29789841
9650310,Asckar,16622.3,15654.34,-922,29789841
11948617,Saymel,16192.9,15649.71,-719,29789841
8788058,Jakson,15736.2,15646.09,1517,29789842
15556397,yodeston,16032.7,15636.90,-341,29789841
7440783,Aerora,16055.9,15635.64,409,29789841
6404488,bocchicookie,15690.1,15632.75,535,29789842
15843402,blobnom,16241.7,15631.77,-868,29789841
11198996,A21,16121.7,15626.26,1226,29789841
3126596,Mlaw,16018.4,15605.09,15,29789841
14897088,wooting,15988.6,15594.98,1269,29789841
1336437,gusrua123,15631.8,15591.39,1035,29789842
7784120,Sodor,16397,15589.36,-960,29789841
11195861,GodRoPoNiKa,16590.1,15585.38,-690,29789841
14249222,Ethan2222,15970,15562.10,-646,29789841
13618032,815,16318.7,15561.14,-1459,29789841
4682646,maxbireo,16192.5,15555.56,-868,29789841
15567583,MYKEYBOARD,16405.5,15554.04,-1202,29789841
16866418,resha,15684.3,15545.32,1189,29789842
15885344,nooneloves,16099.9,15545.06,863,29789841
13304804,sarboggly,16321.6,15539.18,-920,29789841
11310423,ozy,16452,15529.02,-740,29789841
14494895,tonaltwister,15258.8,15524.12,2505,29789842
12378737,Ryugia,15974.3,15520.61,93,29789841
8769858,Yonannas,15485.4,15505.48,1969,29789842
12048368,Hy_Ping,15068.8,15504.62,2968,29789842
3995630,Rampax,15151.9,15504.15,3443,29789842
18827585,Loosay,15945.5,15500.43,1177,29789841
8105138,nejzha,16141.2,15492.42,-227,29789841
9052194,Allegrissimo,15697.6,15489.91,155,29789842
6567297,woojungx4,15917.8,15473.45,399,29789841
6619303,Cracento,16004.8,15461.22,80,29789841
19256705,Cymango,16340.3,15455.48,-664,29789841
12479148,shiroude,15977.8,15439.99,1959,29789841
9513980,Tartis,15321.6,15431.02,2388,29789842
20092579,MoJIHu9I_MaKcuM,15864.3,15430.74,412,29789841
17673584,Skillertvv,16335.5,15414.82,-1552,29789841
4637369,Petit,15867.7,15407.47,947,29789841
4908650,im a fancy lad,15598,15406.25,2293,29789842
3409977,TheKushVanMan,14836.4,15406.23,5052,29789843
10240089,Kelathis,15229.6,15405.75,72,29789842
13207763,Flameztear,15800.8,15405.59,1327,29789841
33389301,Xyhara,16158.6,15404.25,-568,29789841
33197849,Anolikaru,15860.4,15394.74,-309,29789841
4064661,whiteceiling,15726.8,15393.59,473,29789842
14869187,RektNova,14958,15386.88,861,29789843
3673698,redbaby,15688,15377.79,1538,29789842
7961288,Kluchen,15810.4,15369.61,-55,29789841
5371497,Alumetri,15653.5,15367.15,531,29789842
14277157,Nailer,15946.4,15366.79,411,29789841
11596326,imissher,16197.8,15358.49,-729,29789841
3145033,HUNDUR,15663.4,15355.54,1403,29789842
4916057,Stoof,15744.1,15353.41,749,29789841
12736534,treyarch,15706.1,15341.06,1172,29789842
11509631,Hagawobla,15912.7,15339.56,707,29789841
4141918,Thundur,15842.5,15338.62,47,29789841
7959945,calebshucks,15638.7,15330.33,671,29789842
7818990,Cheyne,16539.2,15328.39,-2247,29789841
10199538,SL1PER,16108.4,15322.45,311,29789841
9254536,khz,15575.9,15321.09,1110,29789842
10651106,Pezz,15275.2,15320.89,2206,29789842
26368668,xolotyy,16302.2,15309.47,-466,29789841
8655635,Homutan,16281.2,15306.53,-1318,29789841
11375251,Amasetic,14885.4,15293.03,4626,29789843
13872272,Sobu,15903,15280.56,-129,29789841
8195473,cyo,15439.8,15279.55,1170,29789842
7333471,everless,15196.2,15277.80,2241,29789842
2323131,fedoragoose,16086.6,15273.94,-285,29789841
13266755,Xiel,15836.3,15266.50,-790,29789841
11410238,me slow,15969.8,15265.80,-837,29789841
10702366,Vagabond,15268.6,15261.71,1781,29789842
754565,Dustice,15328.8,15260.43,1401,29789842
12970596,Gurbzy,15706.7,15250.86,-91,29789842
11919665,Hatted,15183.3,15250.26,2165,29789842
3506793,Viveliam,15347.7,15247.06,1364,29789842
8382196,kodama,14940.8,15244.83,3391,29789843
19526828,Icarussy,15608.4,15243.86,193,29789842
1650010,Aireu,15638.2,15242.30,382,29789842
7806847,suly,16026.5,15238.53,-568,29789841
15537476,k4rnu1,16152.8,15233.56,-1649,29789841
8935379,Slenderman,15290.1,15231.29,2029,29789842
12701607,noncycle,15245.1,15230.35,2474,29789842
5155973,Rizer,15952.9,15226.94,-1214,29789841
30947671,ecca,14512.5,15213.67,3819,29789843
20250190,orngoos,15860.1,15192.38,-559,29789841
18131614,polski1,15762.1,15191.90,-92,29789841
18014081,meridian,15520.7,15167.13,517,29789842
14176480,Raspigaous,15697,15164.67,-97,29789842
13006426,hearts,15964.9,15154.97,-1700,29789841
10913538,ryunic,15606.4,15154.07,-515,29789842
10954912,Seviade,15669.4,15143.50,349,29789842
5477343,kurtis-,15504.9,15139.37,1301,29789842
19401270,ocraska,15057.4,15138.37,1094,29789842
11351654,Epes,15778.5,15134.77,-278,29789841
16756305,judah1224,15621,15133.53,194,29789842
9099771,freed0my,15828.4,15128.52,-773,29789841
13872859,SheDiK YT,15798.7,15126.40,-583,29789841
4852013,Monko2k,15096.5,15119.26,2074,29789842
7587734,Failing,15699,15116.60,-715,29789842
4928776,AxewB,15346.5,15115.60,1072,29789842
6404027,Bartek22830,15259.5,15112.86,521,29789842
19618102,-hanyi,15812.8,15110.28,-559,29789841
6591496,SadnessWillSear,15616.4,15105.64,264,29789842
18897621,Xemtin,15544.1,15097.44,214,29789842
31507014,kemsi,15609.2,15089.18,-561,29789842
11417993,Jarran,16196,15087.24,-2182,29789841
11141578,NichoIas,15547.6,15084.81,116,29789842
11226645,JackPaX,15311.5,15084.18,503,29789842
19776980,Willy William,16102.1,15076.44,-1261,29789841
7410343,Xaver,16083.7,15076.37,-1623,29789841
10196805,angelkanna,15511.9,15067.28,635,29789842
11345690,velcro shoes,15058.8,15064.73,3160,29789842
11424586,nixie,15822.4,15059.09,-491,29789841
16359045,Vayge,15537.9,15037.92,-750,29789842
16870029,vljoy209,16080.5,15035.28,-1910,29789841
18922516,Gaspi,15596.3,15030.58,9,29789842
13510304,hamster tables,15555,15025.61,-190,29789842
6668666,elsi,15674.9,15019.11,610,29789842
11875189,-L U C K Y-,15903.3,15009.65,-1053,29789841
7371294,WhatSkill,15168.8,14997.99,994,29789842
13783044,Gulbang,15192.9,14989.52,331,29789842
10748631,Tommy315,14824,14979.65,2462,29789843
11490085,Rail,15232.6,14970.07,200,29789842
9509358,termi,15030.6,14966.97,1489,29789842
17462509,MiMiTooU,15661.4,14959.42,-790,29789842
14633196,r_kt,15299.8,14954.98,554,29789842
2155578,Azer,14408.1,14945.18,4903,29789844
5575135,jan glin,14821.3,14936.05,1524,29789843
15135237,xvy,15446.7,14918.89,-310,29789842
7969090,SkunkPunk,15211.8,14918.41,746,29789842
23925029,Kyros_,15815.1,14908.68,-1143,29789841
18373966,Okinari,15025,14898.97,602,29789842
11398156,Luszer,15634.3,14897.61,-975,29789842
9797230,Gameroft,15286.4,14895.50,831,29789842
15743842,ILX,15492.1,14894.34,-221,29789842
6303313,Mathyu,14427.1,14884.68,3213,29789844
13596160,gheanfoil,15157.2,14879.61,231,29789842
13062430,marcel7,15247.8,14867.55,-166,29789842
12111972,pluk,15551.1,14866.43,-509,29789842
6922333,yadon,15824.8,14866.24,-1379,29789841
12739835,villix,15563.6,14865.93,-979,29789842
20963631,Dumb-Andy,14727.7,14856.66,1943,29789843
18323396,golem de caca,15286.9,14854.50,401,29789842
10270787,Mekeyo,15505.5,14853.06,-888,29789842
11800154,Sherbet,15240.2,14841.96,278,29789842
14361133,Spacus,15707.4,14836.81,-1226,29789842
6942259,Rebo,15867.8,14834.08,-1232,29789841
18414466,CosmoXR,15420.9,14832.57,-539,29789842
9203793,xep,15380.2,14832.27,162,29789842
5403374,dasdwqdf,14433.3,14831.85,3421,29789844
8523723,delta,15047.5,14831.83,1300,29789842
7657831,justman,15212,14822.15,565,29789842
9256803,waifaii,14897.9,14821.48,1678,29789843
10051720,Saryi,14569.7,14811.64,3395,29789843
19887342,Hober38,15361.8,14807.90,-307,29789842
284905,Ekoro,14361.1,14804.91,3804,29789844
12420904,gakuw,15522.8,14802.26,-904,29789842
8267599,hinder,14833.3,14792.69,1711,29789843
11120124,Xqeer,15426.8,14790.92,565,29789842
10958852,lifetime,14752.2,14788.48,2935,29789843
24486749,AstroVnz,15617,14785.37,-1378,29789842
10223298,NOUMEN BREAK,15405.5,14780.86,-322,29789842
10145502,WooperFan1,15578.1,14772.58,-1307,29789842
8682683,Stunar,15055.7,14769.60,636,29789842
19827029,fallenbtw,15347.4,14769.25,-774,29789842
20511373,pauldeegee,15675.9,14768.22,-1581,29789842
7108275,i love manosaba,14912.4,14764.12,1331,29789843
11558207,shime,15188.3,14758.40,596,29789842
12252724,honque,14811.4,14745.97,2032,29789843
13571078,Pullout Couch,15201.7,14739.18,189,29789842
16529875,Wanderio,14737,14738.84,2048,29789843
11113067,Tofy,15442.6,14736.04,704,29789842
11481765,RAFUNA,15378.8,14730.24,-228,29789842
24868424,WhiteDoable,15162.6,14720.03,-707,29789842
6824840,rebella,15330.5,14719.53,-89,29789842
11811792,Sorae,15319,14716.75,-519,29789842
4830687,BoshyMan741,14948.9,14715.69,857,29789843
9265990,rng_,14871.2,14710.94,1389,29789843
24482708,Gl1tcher,15708.9,14701.31,-789,29789842
18371932,-aico,15395.7,14698.39,-863,29789842
14919428,Aheo,15059.2,14697.77,1136,29789842
31849423,auteaism,15522.7,14695.32,-1595,29789842
11403899,SanyaVsunya,15076,14676.32,6,29789842
9915885,xafi666,15191,14675.67,748,29789842
7081596,Bomilk,15062.2,14670.58,130,29789842
15818398,Yoo Da Hee,15210.6,14667.88,-241,29789842
8861058,Lonky,14424.5,14664.14,2705,29789844
14035338,Evernight,15018.7,14654.17,-661,29789842
6951444,Fjell,15102.7,14652.37,-47,29789842
11580377,aidinth,15084.2,14644.62,614,29789842
11410595,Niali,15102.2,14635.65,-193,29789842
16083856,F3n1X,15131.9,14630.51,346,29789842
3533958,fieryrage,14764.1,14628.83,1731,29789843
27758743,Remirakk,15295.9,14626.31,-1022,29789842
5423872,ruirui,15333.9,14624.99,-651,29789842
5496627,Mac,15010,14619.93,327,29789843
11548737,Yezman,15040,14617.34,-463,29789842
13056953,Toy0Ta,15659.7,14616.53,-2065,29789842
21764744,[ Krat ],14911.9,14613.92,926,29789843
22396092,Jerma985,14732.5,14607.98,280,29789843
9331403,karomi,15351,14604.10,-1467,29789842
2553519,Camberos,15256.4,14602.77,160,29789842
8275006,-pare,14885.6,14601.87,873,29789843
9682576,Tonttu81,14934,14589.84,1499,29789843
9704802,zekk,15321.8,14579.55,-355,29789842
12179012,Rinnu,14939.8,14576.97,-452,29789843
8117238,Kaibi,14141.5,14573.99,4867,29789844
9719351,minefieldsurfer,15265,14552.94,817,29789842
12069464,Woolly mammoth,14727.1,14552.94,1024,29789843
7010761,Kingling,14266.9,14551.12,3177,29789844
12024659,RuHo,14964.6,14545.99,1148,29789843
13586618,taro,14716.1,14537.93,1521,29789843
3942535,wusa,15314.7,14517.64,-1017,29789842
18092331,Lesperry,15148.2,14512.46,-360,29789842
3876402,FlySlime,15328.5,14504.66,-969,29789842
4687701,Dropinx,14872.8,14503.62,468,29789843
7728757,-ZooM-,15022,14503.53,-324,29789842
17649390,pupusa,15292.2,14500.15,-1126,29789842
8454773,MegaMK,14400.6,14498.79,1991,29789844
4945688,rairiku,14823.7,14498.16,1042,29789843
10320157,BaconPug,14529.2,14498.00,1338,29789843
15734664,Sirboks,14740.6,14495.99,-1137,29789843
9405745,scylla,14407.6,14493.82,3235,29789844
13858963,_Chonker,15179.7,14492.17,9,29789842
11547643,pawb,14678,14491.49,895,29789843
12147277,-Kedama,15017.9,14490.07,-352,29789843
20328948,tayko,14892,14487.64,-301,29789843
12133744,Warpscon,14334.8,14482.63,2614,29789844
6341977,kasuwa,15073,14481.47,120,29789842
18112324,riwoto,15097,14478.15,-683,29789842
15541726,RandomerZ,15000.9,14465.00,164,29789843
9256771,gilraen,14646.6,14460.78,474,29789843
3792472,Woey,14383.6,14455.65,2156,29789844
14865000,nyaaapurrrrr,14855.3,14454.44,481,29789843
2802727,DarthInvaderZim,14636.1,14452.82,1492,29789843
11922986,sriracha rice,14165.9,14442.91,3390,29789844
9980174,sophills,14934.6,14441.98,985,29789843
11584075,ganjanov,15042.6,14436.29,-366,29789842
19892110,Beneqt,14902.8,14435.16,293,29789843
15429006,palr,14536.4,14431.88,2048,29789843
7611178,coughing baby,15001.6,14426.84,-66,29789843
29076626,octik,14893.8,14423.08,504,29789843
18111541,kure,14538.2,14421.92,1810,29789843
5783061,-Spartan,15189.2,14418.72,-397,29789842
7341081,Tikkanen,15122.7,14412.89,-587,29789842
12288389,Petirabi,14925.5,14407.21,804,29789843
2944449,marwin,15009.1,14402.31,-365,29789843
16257749,Zero blue,14356.5,14398.88,1287,29789844
15423958,veirakk,14863,14395.58,229,29789843
17381728,Toji_fushiguro_,15033.5,14393.22,-330,29789842
10841911,meowioos,14629.2,14388.65,929,29789843
3068044,Dumii,14190.5,14384.81,2457,29789844
1545563,Anze,14113.4,14379.47,3796,29789845
3614356,baishanjun,14354.9,14375.04,2617,29789844
4896825,My Angel Anzu,14804,14372.80,285,29789843
4458239,ampy,15107,14368.72,1081,29789842
10806437,FlipRopiik,15140.5,14366.61,-1669,29789842
4470775,razorfruit,15160.6,14361.26,-1365,29789842
13068741,LyeRR,14765.7,14359.73,-340,29789843
15431748,hidensryz,14489.9,14344.12,651,29789843
7908994,dlwlrma-,14961.1,14340.77,-459,29789843
3595282,Jyuifty,14343.1,14339.02,1970,29789844
12145220,Nekkid,14509.5,14331.27,2084,29789843
11426160,v i n i,14959.2,14323.12,-1036,29789843
12620773,Dercani,14302.7,14322.43,1692,29789844
11538636,nbob,15002.6,14321.99,-702,29789843
10567112,Alfrah,14820.8,14318.30,-640,29789843
7540631,virtuoso,14986.3,14314.33,-747,29789843
8698024,defii,14558.7,14312.87,501,29789843
7940696,pundice,14995.2,14304.58,-803,29789843
12040280,Xyloz,14387.2,14304.48,1032,29789844
9578404,roliy,14783.9,14303.46,102,29789843
10572078,WEEEEEEEIIIIIII,14904.2,14303.43,-489,29789843
11254108,RuconChikk,14765.5,14302.59,-913,29789843
17274052,TheMagicAnimals,14524.9,14296.99,840,29789843
7806753,chicken_10,13751.9,14295.01,4475,29789846
20315228,elituqinn,14548.7,14283.06,374,29789843
25643883,dsa,14746.5,14280.46,1182,29789843
7469192,nobully,14834.1,14276.13,577,29789843
8957338,Hyun2,14796.6,14267.73,208,29789843
9501251,ChillierPear,14495.5,14267.62,1220,29789843
3771576,Flami,14312.3,14267.15,-280,29789844
8329753,yukin1014,14293.7,14260.37,1467,29789844
14059423,baliiii,14192.6,14259.43,2120,29789844
4309566,Drox,14760.9,14258.99,-858,29789843
7774197,Endura,14165,14258.45,1794,29789844
12211248,Hana buys milk,14775.6,14256.86,49,29789843
8768850,napadenie somov,14545,14246.41,1169,29789843
10662278,NameLuux,14225.7,14244.27,699,29789844
9524966,thebossmax,15172.8,14243.32,-1077,29789842
16095174,elixirio,14412.2,14243.13,1287,29789844
15803185,disperagioia,14748.1,14241.08,542,29789843
15599273,LighScrap,14180,14240.62,1840,29789844
12296128,junamat,14310.1,14233.97,608,29789844
2303856,Wieran,14541.1,14233.91,949,29789843
9276293,EzChock,15097.1,14229.63,-758,29789842
16348690,Adomeium,15180.8,14218.39,-1292,29789842
8441074,Lunacy_,14572.4,14215.88,1,29789843
4497582,-Wolfy-,14506,14214.81,-62,29789843
12855946,saewon,14644.5,14204.75,-107,29789843
6437601,LoidKun,14132.3,14202.36,1917,29789845
8766780,Hera_,14893.1,14197.39,-1253,29789843
12362243,chapter,14284.4,14196.09,1269,29789844
7929698,Sharpsight,14899.9,14195.75,141,29789843
10069909,tsunagite,14708.7,14194.09,-456,29789843
11079968,eiry,14272.8,14188.80,784,29789844
19026367,Cossin,14486.1,14186.67,496,29789843
16436446,Lunasa,14357.8,14182.84,852,29789844
4250296,thaibuy,15008.7,14182.56,-840,29789843
11819046,WhiteWoofWoolf,14915.2,14180.31,-510,29789843
11983229,Norlain,14837.6,14176.96,-498,29789843
18537231,hurbruh,14414,14176.81,1152,29789844
12911800,Toara,13816.1,14175.80,3573,29789845
4550695,Ukase,13777.7,14173.58,4467,29789846
20501126,6Nusu9,13736.6,14172.85,4844,29789846
10652837,Rammu,14196.4,14166.22,1504,29789844
11476432,lorenzo101122,14034.7,14160.72,1624,29789845
17999723,infinity,14556.2,14157.31,113,29789843
11553201,SLOVAKTRUCKER,15410.2,14152.82,-1784,29789842
18835943,lemontree,15144,14148.07,-1417,29789842
8925266,Haadez,14547.3,14145.13,685,29789843
7825971,Firiiu,14136.2,14144.73,1897,29789844
12571145,120-cell,15000.5,14142.23,1082,29789843
14162213,luxeray,14813,14132.64,-376,29789843
9723127,ChaiPhukChep,14463,14127.34,889,29789844
11692680,lolowyo,14769,14124.39,-824,29789843
14358922,blench,14115.8,14123.44,1401,29789845
13518421,Jxir,14884.7,14121.94,-840,29789843
14282987,szedis,14289.2,14119.28,2175,29789844
3517706,[ Zane ],14999.3,14118.71,-306,29789843
10359706,rezendeevil,14038.9,14117.13,2171,29789845
9125830,Chakrami,14392.3,14112.30,482,29789844
9217468,Aseridan,14872.6,14108.67,-1149,29789843
8865297,senya-,14760.3,14102.27,728,29789843
12563874,sacril,14618.4,14092.46,219,29789843
5009715,Doga,13558.6,14085.70,2201,29789846
5724445,Jesse Pinkman,14676.1,14084.79,298,29789843
8780223,VtuberVoiceASMR,14371.9,14083.61,349,29789844
12985528,Six Sevenek,14343.3,14080.78,63,29789844
11426332,Vilensi,14527,14078.26,-849,29789843
14547194,Azertyran,14780.5,14077.03,-1055,29789843
28536811,Comlol,14346.3,14071.21,1025,29789844
14017762,ywd,15137.4,14063.43,-1879,29789842
14264961,iisobeyan,13703.7,14062.18,4160,29789846
8708697,oceanman,14779.3,14057.83,-1202,29789843
15346564,Bairechuu,14643.1,14055.49,-173,29789843
10486062,Sunwraith,14599.7,14053.62,190,29789843
4432408,Toesu,15034.8,14049.63,-1316,29789842
14035920,Rikuima,14693.7,14048.79,-886,29789843
10829419,shion,14261.5,14044.68,933,29789844
14945721,Raidd,15083.1,14042.53,-1561,29789842
16564766,zhunque,15048.2,14039.68,-1663,29789842
22623201,Rui is bad,14386.1,14031.81,816,29789844
9505131,Dezku,14734.4,14027.26,-616,29789843
10056419,PaintedKoala,13950.8,14020.92,1816,29789845
9088637,fireblaze3028,14910.3,14020.60,-1094,29789843
13959253,Zucchiniii,13392.7,14020.25,4305,29789847
10826957,escace,13663.7,14020.13,4543,29789846
4100604,Area,13688.6,14019.74,3618,29789846
13212181,Zanzabar,15132.1,14017.11,-1072,29789842
6407282,helvetia,14280.5,14013.08,22,29789844
16338421,Relixto,14794.3,14013.05,-1208,29789843
9523661,Tabletti,13371.1,14012.73,2346,29789847
15640483,viniosu5654,14474.7,14007.14,108,29789843
5919819,Woofel,14686,14003.59,-166,29789843
10909049,Crestive,14325.5,14002.24,-406,29789844
13865320,milosz kitten,14246.3,13998.49,791,29789844
7774709,Gigi8974,14585.9,13997.78,-681,29789843
9818947,Zpinxx,14171.9,13996.89,683,29789844
9508600,wukioh,14523.4,13993.35,-260,29789843
19514891,BOSNIATRUCKER13,14907.3,13991.10,-1905,29789843
11533034,Timpower,14458.6,13990.77,43,29789844
25626082,Satsukiiii,14123.5,13990.46,1062,29789845
12796317,oPixay,14179.1,13989.01,859,29789844
8702650,Isak-,14996.3,13985.79,-1583,29789843
12346126,iwi,14988.1,13982.72,-1275,29789843
10343292,mint breeze,13802.4,13962.82,2691,29789846
8218797,Mitake,14332.2,13960.89,906,29789844
11388931,sniperelite,14544.5,13959.97,-346,29789843
17213856,huyanh68,14425.2,13958.45,-450,29789844
13674788,kaguno sora,14359.7,13951.00,-86,29789844
3641404,uyghti,14307.4,13950.15,487,29789844
5798349,Jageko,14334.9,13948.00,-272,29789844
8429128,-Karu,14200.8,13947.14,1096,29789844
8671241,rip fc,14390.3,13943.57,-87,29789844
11456186,nevergrace,14457.6,13941.40,575,29789844
16512684,towny1,14597.9,13936.65,-1341,29789843
9665206,kirby mix,14111.1,13935.39,1321,29789845
15802126,Nederland,14303,13934.74,253,29789844
7477458,Jordan The Bear,14102.5,13933.48,1070,29789845
9961301,Daisuke Narotan,14459.5,13925.57,371,29789844
16509171,uatzap,14586.3,13924.21,-470,29789843
16227745,F2X,14114.1,13923.53,756,29789845
7422021,Lane,13886,13923.15,2123,29789845
8629003,Good Boyy,14778.3,13921.18,-1317,29789843
9633734,Mihato Kano,13901,13920.77,1928,29789845
7344333,afe,14690.4,13918.50,-589,29789843
11478426,Dri3x,14354.3,13916.95,-61,29789844
13469141,iamconsistent,13776.7,13915.51,2098,29789846
10630304,mental illness,14082.7,13915.27,2269,29789845
14689295,Misaka Mikoto,13945.8,13911.39,1706,29789845
25964641,xadrr,14846.1,13908.38,-1389,29789843
16774872,skia1,13738,13905.47,2657,29789846
9106690,-Petar,14438.4,13902.06,-698,29789844
9494931,Julla,14441.2,13901.89,-247,29789844
11836334,Nev-,14759,13901.88,-422,29789843
7790974,Ryzeren,14529,13892.88,-628,29789843
1987591,Rosemi Lovelock,13474.4,13892.61,3696,29789847
10126088,zaguh,13687.8,13892.33,1831,29789846
895581,-GN,13536.9,13887.26,3426,29789846
25417051,-hayni,14497.1,13886.74,-699,29789843
29182741,_Fabulous_,13995.6,13885.74,1038,29789845
3189069,dnfd,14423.6,13879.68,-267,29789844
15537480,VIaddex,14658,13879.34,-804,29789843
9138046,Tokii,13654.2,13877.13,3399,29789846
9961743,-Mikeyy,14346.5,13860.87,31,29789844
11959709,CallMeRed,13635.2,13856.21,3422,29789846
5593865,ninjavis,14345.8,13854.70,-288,29789844
12482253,Danini,13980.8,13846.31,1206,29789845
12063160,ren george,13959.5,13846.23,1817,29789845
11320627,Bouquetdor,13990.6,13845.79,647,29789845
17468193,sinawys,14276.9,13840.96,930,29789844
19605558,zonamu,14635.4,13840.38,-910,29789843
25491754,tas123,14505.5,13839.59,-436,29789843
12403742,what about me,14379.8,13830.70,-169,29789844
21966174,NAYROK_,13825,13828.66,2119,29789845
9768274,Zralf,13997,13827.95,1225,29789845
11758404,nowaylife,15087.7,13824.92,-1832,29789842
7165477,Ryuzaki,14275.8,13822.53,-322,29789844
10704796,Kayrem,14330.6,13822.41,-583,29789844
16416081,Rinko Shirokane,14875.9,13821.84,-1731,29789843
16263219,[Eclipse],14101.9,13820.45,290,29789845
23886866,will smith,14375.5,13819.96,-1426,29789844
12309147,Mizeree,14665.7,13818.83,-846,29789843
5326197,Invoker,13828.3,13818.29,2909,29789845
14534809,Evie_,14452.4,13817.33,-441,29789844
17676662,paulthebest,14817.8,13817.01,-1306,29789843
6292501,Possu,14317.3,13815.29,96,29789844
1429071,LolForest,13829.1,13814.62,1363,29789845
11703792,CYREZ,14611.4,13812.71,-1026,29789843
4641332,HiyoYukino,14531,13808.60,420,29789843
4112304,FINGERLOCK,14488.6,13806.11,-562,29789843
15841970,ISh0wSpeed,14346,13805.51,264,29789844
18361419,Slimey26532,14366.6,13802.86,-24,29789844
7438459,ricoel,14504.4,13802.04,-821,29789843
9397144,[RyuTell],14138.5,13798.61,632,29789844
25511941,72X,14567.3,13797.29,-1501,29789843
23913323,werkzu,14405.7,13795.97,-779,29789844
10345787,obkatiekat,14425.1,13793.01,-230,29789844
11572692,Sun Tzu,14424.7,13790.33,-699,29789844
10398348,-Puyu,14139.8,13789.99,-277,29789844
22536015,shwq,14379.3,13789.21,-678,29789844
1460263,Pain,14514.9,13788.27,-165,29789843
4253615,zubs,14006.5,13784.20,1591,29789845
15525103,cr4shz1,14798.5,13782.21,-1834,29789843
11207004,tfge,13207.1,13781.88,5166,29789848
17281367,yes king,13929.4,13780.88,1583,29789845
6499896,Winkero,14899.7,13773.92,-1964,29789843
17917574,eddy,14331.8,13771.22,-477,29789844
15122186,apollothehybrid,14469,13771.08,-870,29789843
12110337,Binninja,14658.2,13768.89,-800,29789843
10794815,Nerimaki,14134.5,13765.32,1067,29789844
11661576,OldSecreT,14479.1,13764.81,-793,29789843
11759640,kontener,14352.1,13762.44,-699,29789844
10121815,Deeline,15022.7,13760.33,-1827,29789842
20549600,Speedy Gonzales,14446.7,13757.50,349,29789844
6571991,Arz3,14533.1,13756.12,-658,29789843
11940767,Carlosflow,13912.5,13752.72,1771,29789845
18687807,mxu,14413.6,13751.11,-1012,29789844
8529128,Victoor,14929.6,13749.03,-1517,29789843
12529846,Oxvenn,14530.4,13748.93,-1415,29789843
12088216,Lewis Hamilton,14300.6,13746.17,-177,29789844
4760888,DT_Abuser_,13638.3,13746.15,2575,29789846
18973222,saykk,14046.9,13738.35,723,29789845
6235225,launch_,14600.6,13735.78,-1262,29789843
17067266,Midarna,14614.5,13735.52,-1084,29789843
16617297,BiggestAknzxFan,14096.9,13733.84,179,29789845
19528093,Termthegoat,14310.6,13729.49,-413,29789844
26087021,Robeesz,14105.2,13729.25,227,29789845
8749563,sliderbreak234,14027.7,13726.12,1371,29789845
10778261,Razei,14169,13725.90,294,29789844
11234706,ZeitFrost,13710.3,13722.86,2623,29789846
7680559,Areox,14258.8,13721.16,-217,29789844
5645667,YaMaDarknesss,14273,13720.46,323,29789844
19974935,Hadi,14374.7,13717.82,-224,29789844
11736936,varau,14237.7,13716.75,-108,29789844
12776754,Joyi,14065.4,13715.83,-208,29789845
10951913,fleuphy,14277.9,13714.90,-837,29789844
18111064,eruhar,14383,13714.11,-862,29789844
29545680,kr__,14386.2,13706.19,-1082,29789844
13452017,thebeastjona,14145.2,13696.57,-299,29789844
9923423,RageMuffin,14004.5,13695.98,626,29789845
7447249,zin,14142.4,13695.31,195,29789844
7211425,Frane,14302.9,13694.89,-198,29789844
11987104,Eagle5324,14552.2,13694.72,-1404,29789843
14787295,Meower,14405.2,13694.11,-889,29789844
13623476,koyo,14341.6,13693.18,-710,29789844
13484596,Impowster,14398.7,13692.39,-870,29789844
15954602,Kiskai,14518.5,13688.04,-1593,29789843
22316482,i suck LMAO,14352.2,13685.78,-618,29789844
5563397,chaotic_turtle,14576.3,13684.06,-372,29789843
29055863,M1nTe4,14205.3,13682.03,-861,29789844
9888266,HikkaSka,14181.5,13680.31,-279,29789844
17699028,socity,14151.2,13674.40,279,29789844
11479551,[Q],14010.5,13671.68,817,29789845
18357552,Nuni,14315.8,13667.83,-682,29789844
11078815,CRIMEA,13974.3,13665.62,475,29789845
2537924,DazzLE_Wind,13948.8,13664.34,698,29789845
11377894,-hiro,14449.4,13662.37,-1093,29789844
12563077,02171,13735.3,13661.93,1148,29789846
4277702,Mystia,13214.9,13660.84,3376,29789848
6236248,witchi,13227.9,13655.92,4450,29789848
7242804,Shogetsu,13876.9,13655.90,502,29789845
9303599,MrNobady,14293,13654.99,-605,29789844
10507706,young leosia,14717.8,13651.70,-1497,29789843
6479616,Mornis,13715,13647.62,1166,29789846
14067834,n0 head,13800.4,13646.59,1914,29789846
13467691,Naiwo,14253.1,13645.20,-808,29789844
2757689,Toy,13403.7,13643.65,2836,29789847
14457718,wuk,14358.2,13643.48,-679,29789844
14731375,Untold,13427.9,13642.86,2833,29789847
9099301,Yamada Ryo,13804.6,13641.11,1094,29789846
16779690,Exalon,14558.2,13640.87,-1228,29789843
14246856,guh,14207.1,13640.24,-77,29789844
9516156,Xelvion,13702.7,13638.29,1149,29789846
6765641,heikneuter,14151.7,13633.28,50,29789844
2882231,-Gab-,13964.6,13631.49,988,29789845
2110845,Rlsc,13639.1,13629.85,2027,29789846
17207739,Yully,14056.3,13622.05,-260,29789845
18217876,ESCRUPULILLO,13840,13616.70,610,29789845
8573172,Lightedd,14324.5,13614.55,-713,29789844
3043603,kablaze,14079.7,13613.49,511,29789845
15173918,DuduxrZ,13960.7,13611.57,1874,29789845
21574224,Weeder,14430.5,13609.60,-1614,29789844
14100781,hav,13142.8,13608.80,3512,29789848
9086565,Kosiarek,13936.5,13608.03,364,29789845
14848176,Yellow cat,14575.6,13606.21,-1556,29789843
11072084,Atsacity,14133.3,13605.95,-350,29789844
10239034,Azali,13944.4,13602.77,153,29789845
11684952,VineOpoly,14141.8,13601.72,106,29789844
10463344,Marjus,14329.6,13597.29,-844,29789844
2848604,toybot,14021.8,13596.02,422,29789845
6244066,HaruTachi-,13682.2,13595.28,2360,29789846
11786864,siiphs,13390.6,13593.68,3884,29789847
8980409,Jeermy,13902.3,13591.54,375,29789845
4664785,Demax,14185.7,13591.50,364,29789844
19028977,moonrocks,14180.6,13590.90,-482,29789844
7101953,MAKCOH,14130.9,13589.61,118,29789845
4571123,Mighty Paws,13658,13589.30,1401,29789846
18323282,Goobie,14386.7,13587.40,-1112,29789844
11461426,XenoitesBadPog,13398.5,13583.21,1907,29789847
11653711,1Max,13964.5,13577.87,1025,29789845
30160132,Comatose,13889.2,13575.94,-416,29789845
6950431,SparxieFan315,13715.3,13567.18,605,29789846
7777836,Sarah,12979.5,13565.65,3705,29789849
5425046,Vespirit,13598.9,13562.36,2523,29789846
19236903,Santa69,13654.6,13558.81,944,29789846
7246165,Kageno,13929.7,13557.77,504,29789845
12902737,my angel amuro,13404.3,13555.38,3020,29789847
4383303,Kokuban,13667,13555.32,1768,29789846
14024115,zivxare,13952.6,13554.81,261,29789845
6376672,4 Fun Gaymer,14108,13554.34,-493,29789845
20761790,YellowMonkey54,13963.7,13552.56,200,29789845
13673669,fuy,13911.6,13551.88,1802,29789845
9582556,NHarmonia,13581.5,13551.57,1423,29789846
13304756,Ethermeral,14325.1,13550.00,-1341,29789844
2644828,kafei,12904.4,13549.15,4149,29789850
10981997,Nekoyase,13942.1,13546.83,501,29789845
8666950,karate,13839.6,13546.26,845,29789845
17636394,JoshuaGC,13534.6,13544.06,1455,29789846
10625283,Enumi,13977.3,13543.88,-7,29789845
11921324,ILOVEISRAEL,13906.1,13541.15,-551,29789845
19341539,Meraxei,14281.4,13539.13,-889,29789844
8291141,egaSyeliR,13515.5,13533.68,2121,29789846
2454767,adyoz,13755.3,13531.52,1095,29789846
10325072,Oly9919,13411.8,13531.41,2014,29789847
14601125,-Polyrem-,13788.8,13528.22,403,29789846
3730848,mx10000,13303.1,13524.92,2325,29789847
24270105,-lion,14108.5,13524.06,166,29789845
15771173,puffonxe,13806.6,13523.22,395,29789845
24757304,Uzachi,14047.2,13523.06,-832,29789845
6195814,oni,14097.6,13520.05,-975,29789845
7606870,lru,14305.7,13516.44,-1423,29789844
8222366,leny,13747.5,13511.52,665,29789846
9956596,HyperPigeon,13924.3,13511.39,813,29789845
4981809,alimentaire,13917.2,13510.91,1536,29789845
1646397,Crystal,13811,13510.63,501,29789845
5783315,Carbone,14250.5,13509.93,-1075,29789844
12595640,Bajan Canadian,14270.4,13509.63,-1060,29789844
9053187,dirty sprite,13218,13505.79,3499,29789848
9187208,-K3RIM-,14219.7,13504.66,-794,29789844
10346185,Rev0,13905.9,13504.36,-19,29789845
14494717,BlueChinchompa,13679.6,13504.05,1239,29789846
14883110,KPOBYIIIKA,13729.6,13502.85,413,29789846
6667041,Dafonz,13723.7,13499.69,1524,29789846
19154954,Dice,13808.4,13499.41,-13,29789845
11607790,Chzaron,13275.8,13497.52,2197,29789848
14264625,- Fia -,14090.3,13495.61,-1044,29789845
13794249,Dinky,14262.3,13494.37,511,29789844
18818123,BELLOFIGO,13931.2,13492.75,152,29789845
7415910,Avenito,13844.2,13492.34,273,29789845
12247457,[MG]-Jugo-,14097,13491.82,-472,29789845
22080319,trigon,13678.7,13491.59,1434,29789846
10569381,Fading Reverie,14407.7,13491.42,-1252,29789844
10925451,Mitage,13967.8,13487.14,139,29789845
16867827,Noty,13419.8,13487.10,983,29789847
641155,John ethken,13194.9,13484.84,2715,29789848
27672816,Mqnster,14297.3,13484.58,-1612,29789844
17304335,raimu123,13225.5,13483.76,2432,29789848
11315329,tsunyoku,13783.6,13481.66,166,29789846
15887523,SinqHD,13876.6,13476.36,644,29789845
2734971,bango,13907.7,13474.89,202,29789845
12083446,cihp,13165,13473.33,3726,29789848
5106613,Ronk,14191.5,13471.81,-614,29789844
12128174,Fop,13668.9,13469.61,519,29789846
2064831,Optimism,14279.6,13465.13,-261,29789844
11144984,PodVox,13312.6,13456.65,2142,29789847
3099689,Xilver15,13212.3,13454.28,3036,29789848
3215487,Yellow-,13489.1,13454.02,1432,29789847
17192419,Lineu,13285.1,13448.19,3503,29789848
14247293,forza,13813.2,13447.37,371,29789845
16212569,wamu,13592.8,13445.76,1290,29789846
24745181,jeffreybot,13907,13445.24,394,29789845
14873904,Woodsiee,14120.5,13444.21,-993,29789845
10229405,G Eleven,13395,13438.54,1791,29789847
21818184,-sypr,13947.1,13437.73,-658,29789845
11919554,KeikoL,14209.6,13437.32,-954,29789844
10305944,huzek,14163.3,13434.80,-988,29789844
11617315,Syndi,14167.1,13432.73,-940,29789844
39828,WubWoofWolf,13068.7,13429.20,3929,29789849
14490563,manicmacho,14221.6,13429.08,-918,29789844
5426769,centrux,13814.3,13426.87,-380,29789845
6284683,Jagester,13667.5,13425.30,1467,29789846
7422161,tko,13425.4,13424.77,1737,29789847
4163860,Piggey,13102.4,13422.69,3122,29789848
7216556,durex,13976.3,13422.30,-474,29789845
14958380,Clutch,13863.8,13420.62,443,29789845
12339533,chido,13129.4,13417.75,3187,29789848
12215507,Moonlit111,13469.5,13417.06,2190,29789847
6888972,sdgfirjhk,13543.5,13416.58,1709,29789846
10975777,CutPaper,13313.8,13415.85,3219,29789847
251683,Musty,13953.8,13409.69,499,29789845
6920104,PotJohn Nutella,13318.5,13404.82,2725,29789847
3437592,CircleClick,13081.7,13403.97,3299,29789849
17949915,dados123,13508.5,13400.91,583,29789846
14671051,Furamun,14191.2,13400.72,-793,29789844
14959508,Lantis,13658.7,13399.26,591,29789846
18340710,estonia,14556,13398.74,-2210,29789843
23162589,DP285,14171,13394.08,-688,29789844
15507546,artlost,13796.7,13392.47,-176,29789846
21753287,Deshoou,13542.9,13387.29,-30,29789846
3274346,Blairzey,13290.8,13385.49,2802,29789848
2003326,emilia,12873.3,13385.42,3233,29789850
16036374,MR JEFFERY,13683.3,13377.06,472,29789846
11740484,Macatito,13308.8,13376.90,1202,29789847
11113490,Legend_OZ,13488.7,13376.53,1306,29789847
10878651,QAWSEDRFTGYHUJI,14176.4,13371.17,-599,29789844
8350931,cynth0ni,13872.7,13369.31,-134,29789845
12967997,swake,14172.1,13368.95,-899,29789844
15273964,turqqis,13276.6,13368.61,2452,29789848
20771110,Laithy,14298.2,13364.95,-1224,29789844
5309981,Mouse Player,13567.5,13363.71,1264,29789846
7192129,Gasha,13889.7,13361.63,-544,29789845
10527116,freaky player,13980.6,13361.37,-805,29789845
14287201,Purpol,13976.2,13361.24,-136,29789845
4915980,valera456,13600,13360.76,-31,29789846
14735944,Slde,13258.8,13357.23,1512,29789848
10028762,jpjtyld,13739.9,13357.02,1770,29789846
11222067,Shijuni,14236.4,13353.93,-1157,29789844
16940378,Jitterish,13748.4,13353.74,890,29789846
6046526,IcyBoat,13513.4,13346.77,1267,29789846
13206785,Antaanar,13468.8,13345.47,1326,29789847
25211165,Ralmbry,14263.6,13345.34,-1503,29789844
3219026,Rohulk,13245,13340.88,2920,29789848
4361729,Wario,13925.8,13338.33,-702,29789845
11655886,Basensorex,13775.4,13337.50,-209,29789846
16691293,Rushio,13997.6,13337.22,-455,29789845
12036243,dsaopi-kpal,13496.2,13336.83,1249,29789847
10852203,yencis,13430.8,13332.92,692,29789847
16620877,Zever,14279,13331.23,-1165,29789844
757783,Garalulu,13577.5,13327.89,1073,29789846
11750028,Thuya,14017.3,13326.61,-680,29789845
16555513,Nature angel,13802.7,13325.72,-224,29789846
11973981,lightwine,13737.7,13324.30,296,29789846
14662944,Berinjela Chan,13720.9,13323.46,-123,29789846
14201221,synchromic,14142.3,13322.70,-1062,29789844
22857058,ValzFPS,13883.2,13321.25,-681,29789845
10531825,Lawndred,14390.1,13316.61,-1481,29789844
15247939,fisskill,13728.9,13316.19,216,29789846
10592853,Hayasaka Ai,12950.8,13313.30,2957,29789849
11469447,arbusion,13493.4,13312.27,1654,29789847
9668674,Yoshologist,13772.3,13310.47,168,29789846
11883736,towren,13994.4,13310.22,-816,29789845
7166622,NiN,13328.9,13308.54,2528,29789847
21101642,My Angel Kita,13839.8,13307.97,-244,29789845
13334336,xayoto,14033.8,13306.47,374,29789845
16952010,raffytaffy,13407.2,13305.78,1975,29789847
17465075,[dekori],13925.6,13305.16,-179,29789845
11990235,Duatoxy,13914.9,13304.79,-267,29789845
24090961,toon_Z,13888.6,13304.77,-381,29789845
19309181,Indicolite,13994.3,13301.14,-726,29789845
6134777,Laissez faire,13795.8,13297.86,125,29789846
10917620,vana,13454.6,13297.78,1002,29789847
4750008,Skydiver,13749.9,13296.40,69,29789846
11671398,The Roundtable,13800.6,13296.15,-261,29789846
10918320,Bloodworm,13764.7,13283.55,-156,29789846
16750823,spray-,13468.4,13275.97,2190,29789847
26653673,BananaGamer1235,14243.1,13274.28,-1626,29789844
6090175,lolol235,13787.6,13270.68,-55,29789846
18191076,Firev11,13174.6,13270.58,1809,29789848
22621284,Chariot Du Nord,13969.1,13269.55,-665,29789845
11466630,xoxyl,14008.8,13269.19,-356,29789845
16762558,Peterbot,14452.9,13268.87,-1726,29789844
17548061,ikuyokita,13876.1,13263.92,-1360,29789845
4991273,Chheng,13650.8,13261.14,558,29789846
6375834,Enns,13583.7,13260.45,1554,29789846
7115794,Auge,13999.9,13259.97,-1500,29789845
10792185,Rykaii,14259.2,13253.55,-1554,29789844
17652842,Caboozled_Pie,13946.6,13253.04,-1246,29789845
17064861,Srr,13439.8,13251.11,860,29789847
1629553,choke enough,14009.5,13250.23,78,29789845
14544683,bob leponge,13475,13249.59,1504,29789847
13033798,mads,13821.5,13249.09,890,29789845
14095512,Piotre13,13836.2,13247.94,38,29789845
4389490,Alice Carroll,13914.2,13245.36,-370,29789845
21877230,Darnix,13230.3,13244.57,1757,29789848
24387999,-Mahiro,13812.9,13244.50,-663,29789845
4734244,Informous,13119.7,13238.76,2507,29789848
13588932,pii,14051.3,13237.36,-1669,29789845
12231397,plee,13704.2,13236.07,-582,29789846
12284608,RJbyM,13794.6,13233.55,-709,29789846
6267851,Yuuzinho,13104.6,13233.01,2096,29789848
8688804,-Hideki-,13337.3,13232.73,1522,29789847
21785256,-Tuo,13811.3,13231.29,-752,29789845
1818279,NeruNeru,13365.3,13230.39,724,29789847
12265149,xceller,13475.3,13229.06,1216,29789847
24419335,Zubitt,13568.9,13228.83,1048,29789846
14061950,The Hassle,13791,13228.16,-208,29789846
18187685,vyie,13977.6,13222.43,-773,29789845
23280447,hosesan1020,13865.3,13221.72,-820,29789845
4857328,KagaSumire,13364.4,13221.16,1072,29789847
12209670,konfi,13936.3,13220.34,-1169,29789845
13867749,Sunix-,13939.9,13220.12,-785,29789845
24002550,Revamp,14013.7,13214.99,-1165,29789845
8962361,TheErset,13549.1,13214.66,686,29789846
14992372,escudeiro,13802.2,13213.91,-1121,29789846
12264918,El Milanga,13404.7,13213.47,536,29789847
2395405,MAREK MARUCHA,13815.9,13212.77,535,29789845
10662111,VerreDeCafe,13839.2,13212.23,-343,29789845
11794209,POMAH,13226.5,13207.94,1782,29789848
21467110,Fadi,13794.3,13205.61,-847,29789846
17135381,Riley-,13742.6,13203.54,100,29789846
4540667,Another Guy,12877.8,13202.44,3441,29789850
4014850,__unnamed__,13069.2,13198.48,2965,29789849
8775024,Karuna,13249.1,13192.56,1816,29789848
18256895,Malgranda,13908.5,13189.46,108,29789845
2507306,Calcium,12961.7,13187.64,2267,29789849
15223165,Frxggie,14045.3,13187.59,-808,29789845
13831265,WhitePixel_,13879.4,13187.44,-189,29789845
6133101,Arakii,13973.9,13186.79,-1128,29789845
10064064,Majewski,13891.7,13185.02,-908,29789845
10404968,akcell,13902.8,13183.60,-1265,29789845
15660357,mats on osu,13360.4,13180.02,1176,29789847
4279650,5joshi,13321.8,13177.29,1844,29789847
15213139,gecseboti,13198.7,13174.17,1702,29789848
16593233,cam the tree,13520.2,13171.45,-429,29789846
1355695,z980838928,13255.8,13167.02,1951,29789848
4548264,Ayla,13679.5,13166.35,-470,29789846
17851835,bern1sh,14201.9,13163.51,-1652,29789844
27898904,Fixsci_,13669.2,13156.00,-249,29789846
3543130,Michni,13176.3,13154.39,1610,29789848
6450765,nava,13633.4,13154.05,611,29789846
18047920,Froinks,14244.4,13152.02,-1743,29789844
11804019,Christiaaan,13621,13151.09,-293,29789846
12263141,-cy,13507.1,13149.47,46,29789846
18275201,xside365,13624.8,13149.24,313,29789846
10902307,UselessJohn,13265.7,13148.61,960,29789848
8432708,uminekl,13390.2,13147.14,868,29789847
9114796,tommi,13715.8,13144.53,863,29789846
9049630,Lefy,13496.6,13140.34,230,29789847
6744123,Burning John,13058.8,13136.73,2615,29789849
5201225,ItsKevZii,13332.6,13136.40,721,29789847
4780986,Smarteyy,13508.6,13135.41,651,29789846
12352050,aurora on osu,13702.3,13129.02,-430,29789846
15085171,vandyl,13952.9,13128.62,-953,29789845
12324702,Hidoi,13672.7,13126.42,143,29789846
13041722,benji8080,13653.5,13126.14,-62,29789846
7673764,six seven,14088.9,13125.82,-1229,29789845
13284882,Name94,13154,13124.54,320,29789848
11124266,Emelk,13285.6,13122.45,1678,29789848
2629013,Poto,13221.9,13122.42,1143,29789848
18507628,cantgeta700pp,13533.4,13121.30,-19,29789846
8655960,VizerX,13169,13118.27,1804,29789848
9031871,Azerite8,13566.5,13117.41,159,29789846
10596572,Omeguii,13749,13116.95,777,29789846
17491893,litl,13505.9,13116.58,864,29789847
13003230,bobiak,13709.8,13114.68,-563,29789846
4497691,Fangzy,12996.2,13110.96,3351,29789849
12068522,MumeiLover,13868.5,13107.59,-723,29789845
10481416,ianski,13524,13105.82,-341,29789846
4705732,eran,13480.1,13104.27,949,29789847
1389663,talala,13649.9,13102.34,-705,29789846
14390731,G e n g a o z o,13141.2,13101.99,1700,29789848
12004902,lagoyo,13740.2,13101.63,423,29789846
11971304,JeadIng,13300.3,13099.58,-1030,29789847
10111132,capybaras,13884.4,13099.06,-581,29789845
11034873,Menoji,13895.5,13097.23,-1162,29789845
18917618,lukaszguwno,13766.1,13096.37,-1016,29789846
6293325,minatoaqua1,13354.2,13095.41,370,29789847
5155680,VilaZ,13952.3,13095.27,-1127,29789845
12932016,Yuichi,13706.9,13094.91,-454,29789846
3621226,-Kamy,12808.2,13094.46,1572,29789850
5963637,Jazzercize,13484.2,13092.73,119,29789847
18619681,fishyes,13836.7,13092.68,-1719,29789845
21653406,hihihaha142,13202.2,13089.40,1549,29789848
7448448,Takaga,13122.3,13088.67,1736,29789848
11414693,Le Duck,13525.2,13085.27,743,29789846
22986777,shouponpon,13848.8,13080.11,-322,29789845
7701428,Eunha,13467.1,13075.16,608,29789847
4585186,Nopekjk,12767.6,13073.77,2366,29789850
17552959,bonekeyl,13344.9,13071.00,955,29789847
7785655,Hungry Jacks,13331.5,13068.19,1544,29789847
8642737,fartMONSTER5000,13844.6,13064.13,-477,29789845
6502403,Lilily,13576.6,13062.76,65,29789846
16806613,andr3kk,13839.4,13062.65,-1681,29789845
15907318,freaktomi,13227.2,13062.21,1375,29789848
6297102,Derin,13452.3,13060.14,44,29789847
3163649,GfMRT,12657.9,13053.04,3053,29789851
17299415,s3Dat1VvV,14156,13052.37,-1334,29789844
15427342,Starbucks Pepsi,13205.1,13051.59,543,29789848
9920144,Kryterion,13711.6,13049.33,-289,29789846
12048359,PEAC 3,13391.9,13049.00,342,29789847
3872987,-raizen-,13362.5,13047.48,1052,29789847
2922853,suffix,12920.4,13047.28,2754,29789849
22696977,sheard,12966.4,13046.53,864,29789849
11569142,shNzg0d,13723.5,13044.90,-352,29789846
11869374,Medicals,13334.7,13044.62,680,29789847
6830745,DaHuJka,13445.9,13042.20,453,29789847
10626955,hidden on osu,13151.7,13040.88,2133,29789848
14289060,Warinn,13512.9,13038.82,-118,29789846
11740168,yeahbennou,13203.8,13038.34,574,29789848
20725292,Garglockumesh,13407.1,13035.32,410,29789847
16702873,distant_waves,13773,13031.45,-676,29789846
14139392,Bazingasdead,13382.1,13030.82,-295,29789847
12632210,OceanMan28,13843.6,13028.90,-327,29789845
7205256,TheNexusGamer,13783.9,13027.92,-896,29789846
7467327,Alue,13710.6,13026.14,-813,29789846
9783155,NieTheDie,13534.1,13023.80,188,29789846
14436159,kt09-,12938.8,13023.38,2097,29789849
18207356,fish barcode,13168.2,13023.08,1334,29789848
11749569,Grippeh,12842.5,13022.07,2902,29789850
11437615,Raidz,13551,13020.67,-895,29789846
15288904,32kb,13819.7,13020.15,-1305,29789845
17265355,H O R I Z,13591.7,13019.38,-529,29789846
5144534,Dawnwing,13435.4,13017.47,538,29789847
8937001,ZDzero,13458.6,13017.46,868,29789847
18472391,Gulerod,14049.1,13016.52,-1404,29789845
8880920,ruyu,12888.5,13015.99,3462,29789850
11715109,AlmightyDoor,13073.5,13014.93,1671,29789849
19359793,Persona John,13851.5,13014.49,-548,29789845
13437800,Kevlo,13936.4,13014.11,-877,29789845
13407873,Ex Merami,13158.2,13014.08,879,29789848
6896883,Hugofrost,13593.6,13013.06,-545,29789846
10807597,-Ke15,13275,13012.35,740,29789848
15484172,BMM,13411.7,13011.70,177,29789847
1818573,Anroyz,13259.4,13009.19,1622,29789848
32487032,gxsty,13630.6,13007.08,-955,29789846
9767342,Flyer,13191.2,13006.19,50,29789848
27993601,miina,13356.6,13002.88,-30,29789847
20212288,nyxuu,13143,13001.94,1459,29789848
16349058,Chechill,13786,13000.43,-1234,29789846
11749789,samuele,13530,12999.07,-346,29789846
6017901,netnesanya,13368.4,12998.35,1900,29789847
8445602,Suzuha,13085.3,12995.05,1417,29789849
10827686,Ditzy Doo,13841.1,12990.26,-1532,29789845
10937890,yukinasimp,13523,12990.09,-494,29789846
2694475,kyle,13027.2,12988.29,1999,29789849
22862042,joan flowaim,13806.9,12982.85,-738,29789845
9039174,Def3nderFV,13945.1,12982.70,-703,29789845
7888030,Lixarious,12820,12982.04,3599,29789850
11016805,- PPKM -,13590.3,12979.21,-567,29789846
9091312,sztywny,13070.3,12978.73,2012,29789849
17440191,Equidimensional,13881.3,12976.71,-1242,29789845
6216284,aokana,13051.8,12976.28,1082,29789849
5965797,osu shallah,13499.9,12975.10,31,29789847
7799629,Galog,13603.6,12972.88,-415,29789846
84841,CXu,13548.5,12970.31,-51,29789846
11042418,lystia,12935.5,12970.12,1656,29789849
16536519,mitya,13309.7,12969.46,-29,29789847
4755314,FlashoFoSho,13332.7,12968.10,498,29789847
9024016,evill,13937.2,12966.42,-1079,29789845
17485776,L1ssak,13385.2,12964.57,316,29789847
16314022,MithiChang,13513.3,12963.69,417,29789846
26190981,grog on osu,13292.6,12961.41,-318,29789847
8170186,TWOJA STARA,13152,12960.08,1364,29789848
7630971,VROUM CV VITE,12389.2,12959.18,4825,29789853
6661913,AstroFP,13018,12957.44,1496,29789849
1787027,Recia,12752.8,12957.06,2424,29789850
16485917,verfex,13583,12952.63,-304,29789846
5392289,kent,13686.7,12952.20,-630,29789846
27243450,playthroughpain,13545.7,12952.02,-550,29789846
19490846,JSwitch,13286.9,12951.48,2673,29789848
15454062,-Hatsune Miku,13879.8,12949.71,-1372,29789845
15389454,tyty5180,13058.5,12949.19,1192,29789849
11635349,JohnPersona,13301.1,12948.37,629,29789847
4248481,Meniwa,13096.1,12947.40,1182,29789849
9987634,carbon dioxide,13437.3,12947.36,-154,29789847
7781914,Rikiya,12975.6,12946.51,1684,29789849
126144,Nezzar,13192.3,12945.12,1058,29789848
4856562,minus,13476.1,12944.87,175,29789847
12510753,qrd,12936.4,12944.06,2442,29789849
9975427,Dwagon,13343.6,12942.29,631,29789847
6215032,Aoi Kiseki,13172.3,12942.22,1565,29789848
11376152,HandsomeMe,13182.9,12941.85,502,29789848
12484908,Traz,13519.3,12941.19,-578,29789846
15263047,Nitrine,13412.3,12941.08,-175,29789847
10290012,ssubinism,13281.2,12938.89,206,29789848
15104181,-Gavin,13217.8,12935.90,914,29789848
9043957,Coal,13237,12934.64,1328,29789848
10424717,ka1rskiy,13023.4,12931.81,1642,29789849
15910288,hubbawubba,12975.8,12931.31,2040,29789849
3521482,Willy,13619.3,12929.71,-326,29789846
14165027,viet soin tech,13743.1,12927.63,-1053,29789846
5221616,Astrovia,12842.8,12922.92,3206,29789850
11967146,Hunter Thompson,13443.8,12919.78,680,29789847
9377901,REFANTAZIO,13739.6,12913.10,-661,29789846
20089142,Kemae,13431.5,12912.76,-615,29789847
9984244,garab1k,13071.6,12911.61,1129,29789849
6266914,Abran,13327.9,12911.20,-397,29789847
6159669,daanit,12915.8,12908.96,2448,29789849
20276851,wr8th,13293.8,12905.19,1623,29789847
3869519,Ideal,12663.1,12904.98,3073,29789851
16048250,CIash of Clans,12812.2,12904.62,2541,29789850
13353696,tortelliniii,13760.9,12904.51,-1428,29789846
1184175,Reira,13806.4,12904.48,-1362,29789846
17597862,Guyan,13310.6,12903.97,-466,29789847
13995156,UserPidoa,13625.5,12902.82,-765,29789846
13158972,Pinto,13700.5,12902.00,-697,29789846
19943037,SSD,13627.2,12901.54,-854,29789846
4533168,StripedGoose,13086.8,12900.93,2192,29789849
6583827,Delete,12750.8,12894.88,1650,29789850
4819811,NinjaFish,12492.7,12894.58,4032,29789852
13020346,AbdulPlaysYT,13736.5,12893.28,-1295,29789846
16178978,Anirium,13604.1,12891.86,-707,29789846
13348829,-Okkotsu-,13418,12890.18,-991,29789847
17196487,n i,13688.4,12889.99,-999,29789846
14438574,Ravexi,13388.9,12884.14,-1092,29789847
6879408,Yasen,12533.6,12883.92,3086,29789852
13729153,maexxe,13440,12881.45,-809,29789847
12904237,stupid dog,12936.5,12878.43,2311,29789849
31803318,dnomoreu,13755.9,12877.59,-1222,29789846
14582697,HeyCat_,13441.7,12876.63,-182,29789847
11790672,zados,13586,12870.21,-358,29789846
8045604,RomanTheFUKER,13253,12870.14,584,29789848
11317547,Luccachu,13090.9,12870.06,716,29789849
19485895,unhappykuro,13314.8,12867.20,701,29789847
25306176,owoMaxx,13290.2,12866.75,972,29789848
18296748,NAVY,12530,12866.27,3006,29789852
4752123,Remyuu,13666.2,12865.68,-710,29789846
4142572,Math God,13276.7,12863.88,659,29789848
8128670,Mysamine,13566.8,12862.02,-186,29789846
4653583,NO37,12403.9,12858.15,4381,29789853
3213239,FLAVEN,12788.4,12857.26,2291,29789850
10394538,kamaris1337,13238.9,12856.58,-73,29789848
2984074,ming0328ming,13121.5,12856.04,839,29789848
11172360,she gon pay me,13699.3,12854.98,-982,29789846
12329989,[MG]-iky-,13153.5,12853.34,1747,29789848
6440158,Misumena,13328.8,12851.82,318,29789847
26399562,DEVOROBOSTAXD,13580.3,12849.11,-879,29789846
6213643,astonish,13186.8,12839.49,668,29789848
32029785,Don t forget me,13372.5,12836.98,34,29789847
10097956,vx1t,13380.4,12834.88,349,29789847
4796794,Vento,13306.6,12834.82,475,29789847
15803625,twennity,13199,12834.77,1034,29789848
20534843,DONCARLITOS,13847,12832.27,-1718,29789845
8987016,FDX,12973,12831.65,1165,29789849
14880483,robotonic,13372,12831.52,-340,29789847
12032130,Sepid,13187.5,12831.37,1003,29789848
6596066,Ice Angel,13877.1,12831.35,-947,29789845
7948169,Altrax,13231.8,12830.56,569,29789848
18688473,Mayuri,13067.8,12820.75,821,29789849
11285958,Biroche,13042,12820.35,427,29789849
10349559,melwem,13170.3,12819.52,397,29789848
6371395,Mariano,13212.9,12819.11,980,29789848
7399696,jolt,13478,12817.37,-538,29789847
8252592,Ragezeus,13282.3,12816.66,523,29789848
11048151,apisedo,12976.3,12814.30,646,29789849
1504556,L4plus1,12889.2,12813.22,2196,29789850
9895270,Approach Rate,13523.8,12812.75,30,29789846
5177569,yip,13094.1,12811.82,1647,29789849
9917785,Kouka,13023.1,12809.70,1055,29789849
11091594,Thatnoobguy,13229.3,12809.00,316,29789848
10507407,Nymphe,13078.1,12808.71,628,29789849
6772064,relikOS,13384.9,12806.99,-733,29789847
11415230,Gambler,12776.8,12806.17,1826,29789850
3115283,Freak Fantome,12834.7,12804.59,1307,29789850
14269506,nevqr,13671.5,12803.05,-1368,29789846
4012086,Monk Gyatso,12700.5,12800.64,1559,29789851
3360947,_WinRAWR,13094.7,12799.15,913,29789849
13375030,HeIIoBro,13013,12797.74,1052,29789849
8250297,teffek,13339.6,12797.22,-548,29789847
14592820,Daf0nz,12683.5,12793.35,2390,29789851
11021073,baoo,13440.5,12789.94,-183,29789847
12762744,Toilet Player,13393.7,12788.01,225,29789847
11843859,TacosCordoba,12752.6,12785.33,2270,29789850
13939418,Jayzx53,13364.9,12785.27,-976,29789847
11999777,shartgaming34,13798.9,12783.46,-1964,29789846
5754859,pewdekz,12185.6,12781.17,4859,29789854
13204059,_brugh,13219,12780.70,-1072,29789848
4185400,-Nenu-,13451.9,12778.02,-393,29789847
19006618,connorr,13492.7,12776.26,-430,29789847
6824358,nomaiza,13345.3,12774.58,-139,29789847
4607565,Zavarka,12928.1,12774.48,1705,29789849
21164746,IVIrBlaze,13290.9,12770.92,-1074,29789848
7443498,RRR Winner,13436.3,12769.50,-465,29789847
12000193,Murzikk,13133.7,12768.33,126,29789848
1600432,Zyph,12700.4,12768.31,2397,29789851
6033065,MadLad,12824.2,12763.39,1108,29789850
6955722,mati12xxl,13560.4,12762.30,-1322,29789846
5413624,Hibiki,12919.4,12761.14,1649,29789849
7274010,Chiharu,12608.5,12760.99,2498,29789851
3375842,Nayro,13209.8,12760.97,1296,29789848
718454,ThePooN,13120.8,12760.32,1567,29789848
20037221,Fump,13080.3,12759.96,42,29789849
4733185,KonKonKinakoN,13004.2,12759.66,953,29789849
12967296,Indiana,13097.8,12759.03,1346,29789849
10067974,RICH CHIGGA,13491.5,12758.87,-944,29789847
10872882,tobuux,13147.7,12757.98,-152,29789848
8850293,Glock,13229.1,12756.73,85,29789848
16912047,navalo,13193.3,12753.24,-576,29789848
6024502,Negaces,12992.5,12750.49,625,29789849
3545323,steamyhotbun,13316.5,12746.44,-498,29789847
11213429,kiwoth,13035.2,12745.24,1756,29789849
2490770,hime,13022.7,12744.85,1363,29789849
15422323,-Legoshi-,13311.6,12744.21,-543,29789847
2199427,MioMilo,13041.7,12743.67,612,29789849
14175052,AdrianMaster,13032.5,12742.87,-12,29789849
9781008,Masaato,13296.7,12740.75,-86,29789847
17378216,Elitebunny,13014.9,12739.61,923,29789849
3673083,Felrion,12417.8,12739.48,3192,29789852
15100415,pr1mary,13372.7,12737.14,-408,29789847
15658574,ratbutbuff,13092.6,12736.99,370,29789849
3504692,Chorus,12576.7,12736.06,2863,29789851
4114438,Torment,12841.8,12734.10,774,29789850
13510394,Shima Rin Dango,13398,12732.66,-722,29789847
9988174,bung wung,13173.3,12729.74,239,29789848
9869794,BabyScylla,13106.4,12726.30,867,29789848
13744487,Goold,12106.7,12725.42,3828,29789855
14777405,phugun9,13515.4,12723.58,-1400,29789846
14272234,Hide in room,13299.4,12723.34,-871,29789847
4295736,Nunti,12677.4,12721.98,2127,29789851
1041943,hina,12821.1,12721.89,1085,29789850
16420295,Jairofrancaso,13771,12721.61,-1265,29789846
7141342,Kippz,13428,12719.10,-893,29789847
3175955,Kris-,12798.8,12718.70,1937,29789850
18150572,Mr Wang,13077.2,12716.95,1063,29789849
6736936,ThisIsGod,13467.4,12716.52,-1061,29789847
1887616,Lexalia,13247.9,12716.01,265,29789848
13652059,MietteDePain_,13402.6,12715.09,-712,29789847
13954392,ValueOrBluff,13280.4,12712.97,-773,29789848
15173952,BATBALL,12341.3,12712.04,3707,29789853
4797389,Abraham,12945.9,12710.03,994,29789849
9322480,distantmemory,13240.7,12709.97,-415,29789848
21754368,tigukala,13703.4,12709.66,-1241,29789846
11854343,shoyeu,13157,12709.02,167,29789848
7817539,maciek,13027.1,12708.76,734,29789849
19477321,sakurano uta,12526.2,12707.25,2283,29789852
33054184,kohlegg,13082.9,12706.60,397,29789849
9184161,Wawillo,13019.3,12706.59,995,29789849
9830628,gusniki,13280.6,12706.39,-99,29789848
11731667,KEKW_,13331.8,12706.10,-342,29789847
7858823,DoIon,12744.1,12704.61,1691,29789850
11170841,-Wum-,13505.3,12700.41,-891,29789847
10997601,peter-kun,13426.6,12700.39,-831,29789847
20270243,Lorax,13263.3,12698.86,-446,29789848
11053358,Garage du Lac,13009.2,12698.21,754,29789849
8576721,Alparabel,12653.1,12697.95,1423,29789851
13339229,Ginga,13400.8,12697.56,-628,29789847
3556891,_demo,12724,12697.41,1495,29789851
14188713,TIPICOSCHEIN,13658.5,12696.02,-1408,29789846
15475797,FUNKYKONG,13375.9,12695.22,-11,29789847
32904329,Prodigal,13652.8,12690.98,-1198,29789846
15063171,miorn,12911.9,12685.35,318,29789850
21893727,maidkedi,13330.2,12683.50,-1002,29789847
6523879,LLIaBKa,13315.1,12683.20,-929,29789847
11984937,RafaelXDP,12983.8,12682.87,235,29789849
7427847,Fruril,12624.3,12681.56,1670,29789851
11921815,korzei,13137.1,12680.69,976,29789848
9323821,luzny,13070.5,12680.21,1054,29789849
27650266,fihe,13322.4,12678.42,-1207,29789847
13122754,WhiteAfrican,13190.7,12678.39,-624,29789848
11129034,Spektre,12813.1,12677.71,1241,29789850
11380644,sephy,12709.9,12675.46,1723,29789851
30769142,nextway,13218.7,12674.70,-327,29789848
8369887,fruit cup,13438.4,12672.54,-662,29789847
3820683,KC Snorlaax,13035.1,12672.52,256,29789849
13105816,- torito,12521.3,12672.04,1081,29789852
9184180,iblue,12738.8,12671.13,413,29789851
9218026,flag,13296.5,12669.76,-1143,29789847
8040245,Skellers,12755.5,12668.93,1168,29789850
26027222,Misono MikaXD,12805.6,12663.57,1771,29789850
16789458,bubblesimpi,13352.9,12662.92,-943,29789847
16380723,Ivanix,13461.5,12661.65,5,29789847
24018272,BlaakCat,13685,12660.76,-1424,29789846
11137273,qyzex,13447.2,12656.07,-915,29789847
139670,Vendemmia,12994.6,12654.84,729,29789849
6916642,Maiaz,12815.4,12651.81,1692,29789850
11220343,EXPLODINGCOLA,13561.6,12651.21,-1675,29789846
3929529,mniminwoo,13086.5,12651.00,352,29789849
15360778,Offhandmango00,12865.4,12649.47,1850,29789850
13857674,tenzin,13165.5,12646.48,-29,29789848
9498428,trushpack,12755.3,12644.25,1077,29789850
16485572,IternaI,13327,12638.11,-887,29789847
6107872,MACKGEE,12596,12636.47,1204,29789851
9321674,Orkay,12896.2,12636.11,787,29789850
16288992,Ruyaya,12791,12635.48,1514,29789850
20761711,chicken_67,13003.1,12635.23,455,29789849
6528747,13roil,13146.5,12632.34,429,29789848
16370707,irohari,12981.1,12631.18,1124,29789849
10822717,Accelerator,12430.7,12627.56,1611,29789852
4772715,LUq,13114.9,12625.00,230,29789848
7689631,KAMUU,12810,12623.80,796,29789850
14709263,manosaba,12852.3,12622.49,1426,29789850
3048222,Wakson,13192,12622.46,-25,29789848
13330123,mizto,13511.8,12621.34,-1243,29789846
14084387,asheq8,13292.2,12618.43,-756,29789847
4355380,nobuchi,13082.7,12618.36,8,29789849
10302933,Luluwalilith,13377.3,12614.72,-930,29789847
4194445,reflection,12328.8,12614.52,2830,29789853
24903888,Ayden2008k,13281.6,12613.93,-538,29789848
9401816,Ole,13160.6,12612.42,-729,29789848
16780708,ahmet,12536.5,12611.12,2027,29789852
11673059,DonnieGG,13176.4,12608.64,-449,29789848
5175726,Calideon,12746.3,12603.68,1656,29789850
9820792,nightlywind,12865.5,12603.65,1023,29789850
14661718,Stinkster,12524.4,12598.37,3002,29789852
13583469,Uzer,13191.9,12596.15,625,29789848
5287410,Wucki,12422.8,12595.70,3451,29789852
10809086,Xpxp,13504.4,12595.21,-2089,29789847
11951896,bol,12969.7,12595.18,-192,29789849
14452800,demiurge,13224.2,12590.34,73,29789848
3493804,Eirra,12116.3,12588.54,3948,29789854
17962280,linkay,13374.8,12587.38,-593,29789847
7461231,robloxxa,12853.2,12587.30,1064,29789850
11027465,femse,12758.8,12587.01,1167,29789850
1837989,MrBooM,12807.7,12586.60,1646,29789850
9948625,Mag,12856.3,12585.60,444,29789850
16329318,Furudo Erika,12899.6,12584.01,253,29789850
1093361,Kynan,12429.9,12582.79,2727,29789852
2321050,kanocchi,12541.6,12581.64,1756,29789852
13628898,Jacob3,13006.7,12580.82,604,29789849
11331829,Loriax,13047.8,12578.89,-349,29789849
32504969,pixiv Player,12758.4,12578.17,853,29789850
7428814,Sezari,12577.9,12577.90,1329,29789851
17857268,[MG]Luciano,13176.1,12577.63,-856,29789848
15673307,larpbob yes-019,12357.5,12576.47,-376,29789853
14223286,sakura no uta,13081.3,12571.94,-310,29789849
16414360,autumntheninth,13313.7,12570.75,-756,29789847
13097638,Juicy,12808.8,12570.69,724,29789850
13228917,oslash,12525,12565.97,2877,29789852
11231432,Juros,13306.3,12565.94,-1295,29789847
12437546,le pauvre bil,13391,12565.25,-1171,29789847
22512149,Phantom-101,13030.4,12563.09,318,29789849
20034541,Plosmo,13176,12561.69,-510,29789848
10778848,cheeeeto,13168.4,12561.60,-641,29789848
754792,koral,13196.6,12559.35,-327,29789848
20651092,Scope Crow,13234.9,12558.86,-1079,29789848
12131713,Altamiko,13376.8,12558.80,-1150,29789847
6237416,-Snowy-,12728.9,12558.80,980,29789851
5400349,Netsuz,13199.5,12556.32,-682,29789848
5364823,kannyaws,13122.8,12555.50,-647,29789848
15504921,reptier,13306.4,12555.36,-363,29789847
13472074,Lee Chong Wei,12330.7,12555.27,2001,29789853
14466424,ionn,11895.9,12554.53,5278,29789856
4121149,czumpi,12427.1,12553.72,3006,29789852
11141678,KevDawg,12961.1,12553.27,546,29789849
7005392,vingolobuna,12937,12552.68,540,29789849
23303515,Dugyy,12833.9,12551.29,493,29789850
10665363,JGLF,13044.8,12550.78,59,29789849
4357340,Konam,12726.7,12549.17,1697,29789851
16538717,Daitaku Helios,12894.1,12548.73,1492,29789850
5570115,Chubery,13357.5,12548.62,-1150,29789847
12769209,Johto,12868.8,12548.49,482,29789850
7096642,WiggleCalt,12681.1,12548.33,1133,29789851
12177182,Ken,12985.1,12546.30,-129,29789849
12049234,Spase,13256.1,12541.12,-1235,29789848
15995105,HowlPleb,12961,12540.56,248,29789849
18798061,Antlia,12843.7,12539.03,353,29789850
20811939,iweezz,13243.8,12536.26,-285,29789848
4448118,Koba,12645.2,12533.57,1084,29789851
11962818,flowering,12666.8,12533.29,1091,29789851
20840121,francisqueso,12873.1,12533.17,831,29789850
1218895,Athanasia-,12673.1,12533.16,1024,29789851
12420896,Xluxic,12444.2,12532.15,2220,29789852
2758279,Rumyndra,12817.2,12531.58,958,29789850
4415285,El Condor Pasa,13106.2,12531.49,-347,29789848
10970649,Drowzy-,13404.9,12531.35,-1087,29789847
8853876,Reyete,13218.4,12529.70,-633,29789848
4863639,FreezeBlaster,12549.1,12529.31,2033,29789851
12080544,Eevert,12948.2,12529.25,-613,29789849
12450422,Riquiria,12697.9,12528.05,932,29789851
9246648,AmaoTchoupi,13158.8,12526.21,-106,29789848
9498216,Recvee,12207.1,12526.05,3482,29789854
10504596,temka na,13580.2,12524.25,-1196,29789846
11590631,nbss,13249.3,12523.41,-893,29789848
7225339,fybeth,12955.1,12522.80,-224,29789849
2538125,Yazone,12229,12522.11,2926,29789854
18345293,Dessiderium,12824,12521.95,1108,29789850
10814480,Ends,13058.1,12521.70,-340,29789849
11324949,_kioshi,13143.2,12521.10,-952,29789848
11021779,JORMU9GAND,12512.1,12520.99,806,29789852
18287680,Futoi_,13303.2,12519.40,-1251,29789847
15919161,abku stupid,13174.4,12517.43,188,29789848
6014327,lovetap,12876.2,12516.80,720,29789850
14695064,Loom,13226.3,12515.56,-867,29789848
13666516,MlCAH,13236,12515.28,-1321,29789848
18520897,CvXS,13110.9,12515.02,-204,29789848
3062998,rollpan,12664.8,12514.88,1573,29789851
17099895,humane_007,13457.7,12514.51,-623,29789847
15195364,hollowknees,12285.9,12514.40,2334,29789853
8758104,Stravez0r,12675,12514.06,1995,29789851
35745799,Tenjun,13328.5,12513.35,-1294,29789847
9192260,Belfast,12104.4,12510.92,3665,29789855
11380904,the gloomist,12574.3,12510.73,1800,29789851
14218988,catgirlmaid,13093.8,12510.60,-64,29789849
6145220,AngelNamirin,12647.7,12510.59,1106,29789851
5713535,aiyzun,13034.1,12507.29,-390,29789849
4317480,Malolat,12997.5,12505.82,1698,29789849
4215381,Seat Ibiza TDI,12794.4,12504.36,635,29789850
2212941,Pein,12899.5,12503.92,737,29789850
17789059,ExspyredMilk,12443.7,12502.86,1440,29789852
16555504,ProPlaysForMe,12751.8,12502.28,288,29789850
10643875,Taterazay,12902.8,12500.37,920,29789850
7154358,Cuckweezy,12963,12500.35,-194,29789849
14977562,no homo,12649.5,12499.27,764,29789851
3522512,Kita Ikuyo,12328.5,12499.07,2697,29789853
35727307,cis,13310.7,12498.70,-1441,29789847
11275181,Mangekyoo,13163.9,12498.63,-1243,29789848
11961979,Sleya,13102,12497.71,-170,29789848
10502781,matteo,12574,12496.45,1694,29789851
6703655,PandaCattle,12680.9,12494.89,999,29789851
3256299,Epiphany,12532,12493.74,2641,29789852
5992551,[Bau],13174.5,12492.73,-29,29789848
11895642,Zooble,13101.6,12492.27,-486,29789848
16024604,Janryc,13390.5,12491.87,-998,29789847
11025519,Oguri Cap,13076.4,12489.66,-54,29789849
12777806,Vivaru,12928.4,12486.44,-209,29789849
21536854,Steerius,13151.9,12484.73,-754,29789848
12015003,zfire,13262,12483.31,-562,29789848
10317540,plop294,13101.4,12479.40,-349,29789849
18262862,jammxin,12774.2,12474.69,478,29789850
30515363,AlexusChristus,13060.6,12473.24,-206,29789849
4479041,Ancenthe,12522.9,12472.48,1908,29789852
9863870,Sieu Phan Dong,12928.8,12469.42,-33,29789849
7329095,Surite,13184.6,12468.69,-642,29789848
10045291,Tsundoge,12872.4,12467.06,32,29789850
5791401,lolol234,12804.3,12465.34,930,29789850
6225096,Seamie,12416.2,12465.24,1808,29789852
14896848,Haruhikage,12864.8,12464.18,782,29789850
18736170,ifox,12871.7,12462.73,199,29789850
7836718,katalashka boy,12824.4,12461.07,-47,29789850
3542416,- Nikliu -,12424.2,12460.53,1566,29789852
12534498,geuse,11831.5,12458.36,4424,29789857
14475188,luxcks,13051.3,12456.84,-627,29789849
12041303,Rideru,13013.3,12456.84,-609,29789849
12226691,Saskatchewan,12983.4,12453.91,1682,29789849
11752694,Bitiksquid,12780,12453.24,1223,29789850
11094869,Tolic,12365.2,12453.01,2134,29789853
13935409,Hardstcukc,12946.1,12451.72,40,29789849
12005630,Lewiz,12461.8,12449.08,1653,29789852
19016280,zluks,13236.9,12447.22,-1467,29789848
15760163,Falnt,12734.7,12443.88,676,29789851
10724221,cir,12957.8,12440.47,181,29789849
8059468,savilju,13354.7,12439.92,-1308,29789847
3441616,Clarity,13113.8,12439.84,-535,29789848
4460587,Edviskrc,12959.9,12439.80,-81,29789849
5426640,nanawo,12281.1,12432.26,2280,29789853
34387101,halowy,12986.6,12431.60,-534,29789849
10656864,Nessy,12490.9,12428.83,1597,29789852
4859699,[ Blue ],13320.3,12427.79,-1296,29789847
12563182,Threegs,12861.9,12425.95,-340,29789850
12629552,Zerkq,13112.4,12425.60,-265,29789848
1266166,Dsan,12135,12425.42,3260,29789854
4740837,godzilla,11906,12423.60,4486,29789856
4279228,Hungah,12849.6,12422.29,917,29789850
13407259,WashSucks,12650,12421.55,516,29789851
13539892,meramin,13341.4,12421.52,-1839,29789847
8508931,stellasu,12008.1,12421.18,3834,29789856
8631281,azaz08967565,12762.2,12419.91,350,29789850
28694077,agheloyll,12747.9,12418.97,-1072,29789850
11357147,akinami,12255.9,12418.57,2352,29789853
1501956,Fuma,12477,12418.46,2280,29789852
2217753,watun,12597.2,12418.07,907,29789851
20461077,MidC,12954.9,12417.57,-529,29789849
29734709,Meto,13418.4,12414.41,-1052,29789847
9124764,kunevi,12607.6,12413.45,260,29789851
28201901,6otomakas,12750.7,12412.36,197,29789850
14442548,Rimor,12653.9,12410.69,2228,29789851
14937031,Fast asleep,12384.9,12409.70,2093,29789853
12622447,Adrastea,12378.1,12408.15,1816,29789853
18413177,Bonc,13204.8,12406.24,-508,29789848
10384194,somethingcooll,12998.4,12403.81,-604,29789849
12109316,Sigewinne,12764.2,12401.26,237,29789850
11906249,Yuhuyo,13093.5,12401.12,413,29789849
4595465,lespi6,12452,12399.73,1741,29789852
15837148,Habbie,12886.6,12399.51,-118,29789850
7181285,jecka,13080.7,12398.90,-542,29789849
13254832,- TSF -,12480.9,12396.92,1639,29789852
11865009,Akiyama-Mizuki,13161,12396.82,-688,29789848
5014197,Dizick,12187.5,12393.12,2562,29789854
4360718,shineroo,12529.6,12391.51,1630,29789852
13820821,Jmeeeh,13148.6,12391.22,-1085,29789848
13560194,CharlioM9,13074.9,12391.00,-653,29789849
12242149,bruhby,12927.9,12390.41,-502,29789849
5717619,stubbie,13527.1,12387.38,-1305,29789846
13041927,Rasukiii,12843.9,12386.64,-70,29789850
9904093,J1x,12902.4,12386.04,-7,29789850
10557561,twink,13347,12381.61,-1893,29789847
11485313,ragnarok1706,12373.8,12380.93,1983,29789853
20963698,choklatte,13166.9,12380.88,-1380,29789848
13412012,Heatslash,13176.9,12380.32,-1462,29789848
7119659,Amuro,12277.7,12379.19,2476,29789853
9737589,Sk8ter,12336.8,12375.93,1188,29789853
9211305,OctopuSSX,12892.4,12375.88,-650,29789850
15923056,Cowonoscopy,12287.3,12373.72,1506,29789853
17493476,Karai,12785.8,12371.99,-182,29789850
12315498,DataUser,13065.7,12371.48,-798,29789849
12882466,Artsy,13079,12371.42,-932,29789849
12857925,Jordan2090,12537.7,12370.91,932,29789852
8907852,Luxzy,13055.2,12370.54,-1228,29789849
15169131,Selaph,12747.5,12369.01,1437,29789850
1715441,Veth,12554.8,12369.00,1498,29789851
7587763,EVIL BALNER,12588.3,12367.92,818,29789851
17663011,rabbit w,12590.9,12367.56,507,29789851
19084209,Lysao,13155.2,12366.36,-1405,29789848
7279141,stacker,12536.9,12364.27,1129,29789852
7009485,BadAimBoi,12735.8,12363.97,611,29789851
11584657,KvbaS_,13020.7,12362.46,-754,29789849
10738766,TOCTEP,12941.2,12361.75,-745,29789849
11371245,aahoff,11963.2,12357.16,3373,29789856
2571893,sharpnel,12807.9,12355.81,477,29789850
9843825,Arav,12688.1,12354.46,72,29789851
13218204,Polle,12202.2,12353.35,2763,29789854
6584831,-Solar-,12708.5,12352.19,223,29789851
10508659,kevenmusic,12371.5,12352.17,1517,29789853
22202067,ijik,13218.1,12351.68,-1585,29789848
7749064,Zur4x,12830.3,12347.07,109,29789850
19110609,IcyTrip,12904.5,12343.66,-391,29789850
6315784,Dylson,13211.2,12343.16,-107,29789848
8275270,Shahmeer,12809.3,12342.31,399,29789850
7748893,Diamux,12275.6,12340.53,1464,29789853
16420404,Helfy0,13065.1,12340.46,-546,29789849
4696315,Skyrovania,12799.9,12339.46,740,29789850
10322186,Sheldon C,12466.6,12338.20,1486,29789852
11267857,Jimarrah,12548,12336.84,1367,29789852
23350068,-Rigel-,13133.9,12336.34,-1122,29789848
10119845,cute boyfailure,13105.1,12336.27,-1401,29789848
14518295,Oxxxymiron,12686.4,12336.09,1667,29789851
3893420,trevrasher,12023.1,12335.54,3159,29789855
26352046,lilybannanas9,12266,12335.16,810,29789853
20458221,Valhallan,12604.2,12333.94,451,29789851
2035254,Kalanluu,12336.9,12333.67,1929,29789853
19037363,mihidayo,12133.2,12332.15,2049,29789854
12805967,Lukiii,12953,12332.02,95,29789849
17022896,-NyX,12989.3,12330.03,-571,29789849
2569683,MblLO,12463.8,12329.48,1779,29789852
9330240,Rellay,13079.5,12329.07,-262,29789849
11608083,I Love Debirun,12409.2,12327.40,-359,29789852
35798411,oyuii5460,12738.6,12326.97,274,29789851
13030453,k0gan,12694.6,12324.98,299,29789851
13571846,Yukina Minato,12883,12322.98,354,29789850
13342143,Pezudos,12371.1,12322.97,1461,29789853
6717207,nty1,12791.8,12322.44,983,29789850
14388839,GabberSS,12360.2,12322.21,1695,29789853
15478142,nrbi,12549,12320.69,544,29789851
8617810,Reimedd,12510,12319.13,1229,29789852
12931502,Juska,12787.4,12318.67,-150,29789850
17008453,shinomontaj,13031.5,12317.46,-1190,29789849
13080423,seki,13080.4,12317.17,-963,29789849
13856394,Angle_NorFy,13044.9,12316.96,-1187,29789849
6596134,Zonii,13073.6,12316.53,-270,29789849
12016150,meru105,12264.5,12315.72,1952,29789853
16304009,Psy Fly,12880.8,12314.92,-595,29789850
3968495,mylifeforyou,12198.2,12311.14,1728,29789854
14522031,V0The,12947.7,12310.21,-774,29789849
2787415,MrPotato,12521.9,12307.41,1627,29789852
5712451,tomadoi,12616.1,12306.01,940,29789851
3987661,kaminogi,12618.3,12305.95,231,29789851
21664323,avhormauk,12958.1,12303.12,-394,29789849
14487712,Fiftyppee,12818.3,12300.58,-595,29789850
7166246,axon da gangsta,13096.3,12300.47,-564,29789849
4519494,Spinesnight,12717.1,12300.29,577,29789851
13926983,Cloremon,12943.3,12299.93,-454,29789849
7341086,Jalepers,12710.8,12299.93,652,29789851
11921197,Shiox,12249.6,12299.45,2192,29789854
17411830,SIDETRACKEDDAY,13414.7,12296.28,-1606,29789847
4611418,Xevyyy,12509.9,12294.90,1105,29789852
18571230,Salcido,12489.9,12294.77,355,29789852
9336886,zeta,12690.5,12294.26,708,29789851
16775763,northsign,12885.5,12294.04,-188,29789850
14447878,Lujeol,12524,12293.37,855,29789852
12609743,[ReiKo_Relax],12320.4,12291.91,1708,29789853
34275921,ossiiii,12406.6,12291.30,405,29789853
959763,Flask,12237.2,12287.17,2428,29789854
11994396,EugeneRbao,12518.9,12284.63,1094,29789852
12086452,Tile,12596.7,12283.51,1005,29789851
9402526,Ghossert,12729.7,12283.27,-142,29789851
21527894,Darthh,13089.1,12282.59,-1285,29789849
15284469,konjihi,13244.6,12281.60,-835,29789848
17764528,shejz,12948.3,12281.53,-322,29789849
6094894,Snakeq,12901.4,12280.41,-303,29789850
3245028,DudsonZ,12684.2,12276.86,998,29789851
1810239,CrtReXn,12817,12275.37,-118,29789850
7764237,csaba21123,12654.9,12274.72,874,29789851
10735379,SHEKERANDO,13010.5,12274.25,-1207,29789849
16006274,joelcool,12971.2,12273.73,-690,29789849
16006269,Neatral,12275.8,12273.42,1330,29789853
23387365,diceypoo69,12601,12272.07,690,29789851
3915122,Woffel,12299.9,12272.04,1019,29789853
19048,Blue Dragon,12115.9,12271.13,2190,29789854
12585048,SurvivorX4,12718.1,12269.73,351,29789851
2008827,goyang,12569.6,12266.74,815,29789851
10964155,Nsn,12873.2,12266.54,-301,29789850
12429401,Nuzz,12572.1,12263.90,554,29789851
8861374,Sognametal,12576.8,12262.02,803,29789851
16772736,Divava,12652.6,12261.45,-90,29789851
34967662,insane,12839.8,12256.39,-460,29789850
8502512,unranked,12589.4,12256.03,1130,29789851
8236827,Fumatsu,12588.8,12255.36,766,29789851
12717375,NashiKari,12212.2,12254.73,2104,29789854
12762980,Namotzu,12946.5,12253.63,-744,29789849
17408955,rch,12434.3,12253.28,1699,29789852
11659029,Destros,12945.6,12252.89,-1159,29789849
8195972,kwotaq,12108.8,12251.32,1589,29789855
19756484,plastic angel,12693.1,12250.54,-294,29789851
12260184,-Koda,12544.8,12249.80,591,29789852
10941055,Suchodolsky,12578.8,12248.52,-17,29789851
15004178,rtx,13102.6,12248.49,-1574,29789848
12009458,gogos,13055.3,12247.21,-631,29789849
12677757,EPIC GAMBLING,13336.7,12242.88,-1155,29789847
12778865,Thewrecker32,12082,12242.47,2675,29789855
1052349,AlfredTheSalmon,12680.6,12240.81,625,29789851
10929247,hongtongbong,13042.2,12236.36,-1157,29789849
11495128,Ji2zie,12735.7,12235.22,-11,29789851
22069365,Magnetic_,13010.2,12235.06,-1514,29789849
2367495,Hellbeak,12182.7,12233.37,2051,29789854
24151883,sfshw,12312.4,12229.68,-445,29789853
5189431,Hardstuck 2,12360.4,12229.39,886,29789853
15408480,le gentleman,12895.9,12229.36,-340,29789850
8071686,Albanian Man,12953.4,12227.76,-265,29789849
10989649,Jymer,12784.1,12227.57,-189,29789850
9513144,zyanishu,12813.5,12226.46,-699,29789850
10115494,NeoUser,12916.6,12226.13,-1215,29789849
14110513,robinnnson,12431.7,12224.75,544,29789852
1023489,respektive,12934.4,12222.59,-1155,29789849
5240155,ria,12242.9,12222.00,1686,29789854
11461810,kagiura,12108.7,12220.95,1708,29789855
9599681,kaenen,13090.1,12220.83,-1007,29789849
3909656,Nalian,12516,12220.64,618,29789852
10759664,xtremeities,12123.4,12218.74,1847,29789854
14768482,permashredder,12807.5,12215.58,179,29789850
11357673,MarcelSvK,12872.7,12214.72,-391,29789850
9836316,-Danon,13165.9,12213.33,-1268,29789848
16791995,dewy,12617.4,12212.74,60,29789851
24564585,aoofbop,12584.6,12212.18,-785,29789851
9317938,soft bunny,12977.9,12211.58,-613,29789849
9604150,mindblock,12130,12210.69,2247,29789854
12031584,juujep,11783.4,12207.44,3519,29789857
13132990,Whitekiezi,12816.3,12206.53,-207,29789850
7050754,Vandabe,12139.7,12201.25,1466,29789854
4539930,KoiFishu,12557.7,12199.89,771,29789851
5038956,Minecraft s,12923.8,12197.97,-1516,29789849
9890815,Ch0baNN,12272.2,12197.87,1435,29789853
15980513,Duckyzie,12418.1,12195.48,1505,29789852
11322583,_Nova,12539.6,12195.34,643,29789852
4252812,Kitsaer,12944.6,12188.49,-560,29789849
13310147,Uzumaki,12685.9,12188.46,437,29789851
14579151,Turles,13024.9,12187.69,-1135,29789849
16951468,paraoka,12751.9,12185.98,-638,29789850
10876953,_NeXuL_,12544.1,12185.28,446,29789852
4324550,Desecration,12768.7,12183.33,-570,29789850
14623152,stumphole145,13091.8,12182.68,-1220,29789849
7629976,asta is cute,12890.7,12179.72,-779,29789850
13788492,ThanosPortal,12128.4,12179.06,2408,29789854
7126981,Amazing,12469.6,12178.86,1474,29789852
15435703,pengwin,12795.7,12178.78,-889,29789850
16091285,rig,12631.4,12177.54,-394,29789851
11641164,Hemmid,12012.4,12177.13,3595,29789856
3478883,Aristia,12419.7,12174.96,2156,29789852
30754555,DamjanLenc,12814.1,12174.80,-767,29789850
11858763,PoYuTo,11677.2,12173.93,4106,29789858
16082512,nyachik,12684.9,12171.74,-1229,29789851
15997508,getenrou,12272.3,12170.44,1895,29789853
15565196,xewth,12715.6,12167.32,-1140,29789851
3053599,Zakura,12462.1,12166.80,841,29789852
11067353,SoonLive,12342.8,12166.36,1492,29789853
10691605,evil yencis,12944.1,12164.66,-679,29789849
19882119,BloxyYogurt,12761,12164.41,-489,29789850
7861779,cillian,12778.3,12164.30,-376,29789850
17603580,Frenklee,13181.5,12164.28,-1785,29789848
9283132,iferq,12619.5,12164.21,-174,29789851
988503,QonQuest,12031.3,12163.76,2366,29789855
5079282,Ahrome,12740.3,12163.59,-792,29789850
14006878,desxd,13143.3,12162.49,-1243,29789848
8949504,bag103,12487,12162.14,450,29789852
2845904,dectopia,12458.3,12162.02,1240,29789852
7918953,Paskuin,12212.7,12161.67,2298,29789854
7449632,lacto,12376.3,12161.35,1569,29789853
11795963,Kuromueina,12861.4,12160.89,-1126,29789850
15358896,AliceThymefield,12948,12159.87,-1110,29789849
8165181,revoh,12739.1,12159.25,485,29789851
7863082,piklopedia,12202.9,12158.73,1699,29789854
13709281,Paracat,11709,12157.25,4731,29789858
1234432,[RanYakumo],12823.5,12155.55,-537,29789850
15844515,Zelths,12914.2,12153.95,-1163,29789850
13806702,-shinsha,13107.6,12152.59,-1107,29789848
8511505,Jalomus,12352.3,12152.52,567,29789853
9698177,Korua,12858.2,12149.70,106,29789850
8876153,amea,12361.5,12149.04,1193,29789853
8274648,Alarielle,12736,12149.00,-853,29789851
6864181,Hanabi Shira,12477.7,12147.12,-287,29789852
3733455,[TAKA],12071.5,12146.90,1899,29789855
20336659,Luuon,12573.4,12146.82,94,29789851
17655830,10mi10,13132.9,12146.69,-1371,29789848
13739096,Ebutenim,12565.9,12145.86,-52,29789851
8533847,rykr,12837.5,12143.44,69,29789850
8644272,snailsmcgee,12160.2,12141.88,1612,29789854
13911889,Yetiga,12974,12141.00,419,29789849
8961683,Doja Cat,12566,12139.84,225,29789851
4047696,KingOKarma,12079.3,12138.22,2966,29789855
12280957,ofek,12376.7,12137.28,1221,29789853
1622883,Ilmeria,11969.5,12135.02,3007,29789856
15720216,Jay12310,12897,12132.50,-917,29789850
3204677,Vvn,12718.7,12132.01,-105,29789851
2272413,Esemoka,12364.4,12131.39,587,29789853
3999831,_ Freedom _,12076.5,12131.36,1594,29789855
18163163,- Yuuki -,12895.6,12130.69,-647,29789850
4601608,Sparkxei,12976.4,12130.26,-1198,29789849
4787843,Koltay,12217.6,12129.76,1418,29789854
10817550,Toma 2,12797.6,12128.04,-538,29789850
5286213,Deppyforce,12210.4,12128.02,2452,29789854
12902063,Francois,12181.7,12126.73,1251,29789854
11005307,sangoose,12065.5,12126.49,1667,29789855
11854446,Markrum,11626,12126.03,4554,29789859
14885765,trite,12383.2,12124.07,956,29789853
12930001,Pixelz,11926.1,12123.46,1595,29789856
15051132,FaultlessPink,12470.4,12122.50,59,29789852
13175328,Bertilly,12810.2,12122.12,-736,29789850
32024097,bwoha,13070.7,12121.03,-1149,29789849
14711593,doxxsan_,12704.1,12120.77,259,29789851
18504521,ncrohawk,11839.8,12120.77,2354,29789857
10096496,Dim0ND,12661.9,12120.38,-253,29789851
12272964,THORWAVE,12012.7,12120.27,2821,29789856
2946504,Latale,12163.2,12120.15,1887,29789854
17761366,kirills06,12774.4,12119.72,-210,29789850
8603987,flopper727,12576.4,12118.46,20,29789851
31406901,3uma,12813.4,12116.70,-472,29789850
11955716,ArmaniDilbo,12417.4,12113.13,857,29789852
8147403,Knalli,12422.2,12112.19,951,29789852
21011325,mihail pikulev,12441.2,12111.36,-77,29789852
15839912,Keaem,12381.8,12110.04,762,29789853
14950357,sky_is_god,12751.2,12107.17,-766,29789850
13094694,Neirami,12257.8,12107.12,1407,29789853
26576878,zane-,12379.5,12106.38,211,29789853
7827207,free cookies,12318.5,12104.33,1320,29789853
36568466,vduLLya_,12655.8,12102.87,-524,29789851
15831826,SmoothyCloud,12619.3,12102.86,-474,29789851
11011403,kirves,12721.4,12097.96,-470,29789851
5642779,heyronii,12747.7,12097.46,-267,29789850
12554876,Gloww,12658.3,12096.52,-115,29789851
33015746,Pont4,12651.3,12096.46,-700,29789851
7321790,Asatopskii,12733.6,12095.15,-1021,29789851
19906166,Asio_,12480.7,12092.38,-356,29789852
8497340,Jet-,12436.4,12088.77,950,29789852
10098758,fiqa,13005.6,12088.23,-739,29789849
22603358,Carlos Alcaraz,12027,12087.58,1973,29789855
10647287,screewy,12373.5,12087.39,831,29789853
6158076,-YoYo-,12315.8,12086.23,934,29789853
1341421,Shizuru-,12583.2,12084.97,530,29789851
18098965,vboob,12801.4,12083.92,-670,29789850
14844399,Nazuna Nanakusa,12449.6,12082.54,-273,29789852
5132353,[ Nano ],11855.6,12082.06,2075,29789857
9883985,1Neir,12398.4,12081.73,874,29789853
15180662,tgnalice,12660.6,12081.68,-712,29789851
13223964,vin,12003.4,12080.99,2411,29789856
2451651,Kafuu Chino,11991.1,12080.83,2254,29789856
11969374,deit,12342,12080.64,1028,29789853
7314046,alkalde,12482.6,12077.65,-139,29789852
9203015,Tooqie,12506.2,12077.07,-59,29789852
10909373,vetoed,12753,12076.84,-574,29789850
6145000,Kehest,12063.7,12076.28,2489,29789855
9248622,Logia_Fruit,12460.1,12075.81,1,29789852
13323039,Shiroshika,11744,12075.77,1961,29789858
24879119,LittleFede,13198.2,12075.40,-1877,29789848
948713,Reimu-Desu,12076.8,12074.99,2936,29789855
4527762,Javen,12497.4,12074.24,260,29789852
10997010,TEQUILA BABY,12468.7,12071.07,865,29789852
15353325,_TheEmptyOne_,12752.5,12070.21,-914,29789850
2705430,Mooha,12280.8,12068.71,940,29789853
13910645,RoboTronix,12501.9,12066.92,-651,29789852
11568732,Eat Natto,12207.2,12066.79,1023,29789854
1616533,Riviclia,11853.9,12065.69,3281,29789857
11472811,Uchirrod,12185.1,12063.36,1513,29789854
11184264,Applett,12756.6,12058.83,-529,29789850
14094422,Chreetle,12498.6,12058.45,373,29789852
7588393,Juandissimo,12343.8,12056.70,769,29789853
10569535,Nitram,12304.2,12056.18,756,29789853
10858131,-Shrek,12759.7,12055.58,-160,29789850
8826833,Id Beat Gojo,12268.8,12050.86,645,29789853
23360966,cheeseball87,12951.7,12048.53,-1118,29789849
6327638,Twilight,12406,12046.60,870,29789853
114017,KRZY,12023.9,12044.62,2172,29789855
2021758,Wilchq,12418.4,12041.71,370,29789852
19039261,-Kaii,12421.3,12040.96,273,29789852
22414780,Raiwww,12726,12040.53,-906,29789851
19577872,Reisen-Desu,12543.1,12039.46,-166,29789852
12811905,mukii,12439.4,12038.24,412,29789852
2198995,Minecraft570,11790.1,12037.96,3858,29789857
13062107,Calipso,12902.2,12037.92,111,29789850
652457,_index,12190.9,12033.23,1370,29789854
19435868,biricaseb,12763.6,12032.52,-14,29789850
15427656,MyAimPeeps,12451.1,12031.65,-333,29789852
31744272,Trepsed,12315,12030.54,717,29789853
3257847,MyzeJD,11646.1,12027.98,4454,29789859
4628473,tones,12377.8,12027.63,194,29789853
12566632,OmegaOrigins,12527.8,12027.41,195,29789852
16668979,slashu,12788.8,12027.29,-981,29789850
7869036,TomoChen,12259,12027.28,1441,29789853
29098220,klappy1,12561.2,12027.21,-562,29789851
9053619,DJ EBAN,12536.6,12025.30,331,29789852
9037054,Hasaki,12176.5,12025.24,2106,29789854
14227558,calKU,12078.6,12025.06,1747,29789855
2515289,Hamza,11770,12024.88,2822,29789858
12790250,dokitori,12837.4,12024.54,-1141,29789850
9330930,Zealis,12733.7,12023.30,-898,29789851
14936897,-Hiikari-,13184.1,12023.14,-1490,29789848
12522447,1ncert,12207,12022.46,2749,29789854
4399129,mokia-,12796.3,12021.66,-526,29789850
13672885,Smaragt,12198.6,12021.40,1322,29789854
7138565,Enzan,12570.7,12019.37,-531,29789851
8364754,waste-,11760.6,12017.79,3545,29789858
13689626,Tempest lol,12721.6,12016.81,-1145,29789851
24611854,Aminati,12670.6,12014.19,-268,29789851
24137259,irdios,12056.3,12011.93,936,29789855
10027725,haranka,12379.7,12011.83,766,29789853
10891105,NiZY,11672.2,12011.27,3217,29789858
12620242,Kyulke,12155,12009.22,1482,29789854
20061564,jaaypeg,12607.1,12008.58,-287,29789851
6036351,M I L E S,11956.1,12007.77,2399,29789856
8513384,kippy,12496.7,12004.37,-1194,29789852
19483487,nybia,12092.1,12003.40,702,29789855
12862150,brayan56,12029.8,12001.90,1690,29789855
12816196,Ruby_xy,13006.9,12000.25,-1082,29789849
21745086,xysuki,12533.8,11998.40,-199,29789852
5154946,GAY BALNER,12358.7,11997.86,353,29789853
15594602,Dextrol,12884.6,11997.82,-821,29789850
848961,_Kasaezic,12335.2,11996.06,295,29789853
6974470,PemiX,12147.9,11995.71,1354,29789854
12974032,hoodmoneyswag,12585.7,11995.15,-125,29789851
19504729,Kevin Hart,12579,11994.07,-666,29789851
3996548,blastyW,12858.1,11992.11,-729,29789850
3673575,4a463a77de8f1b5,12197.9,11992.11,1200,29789854
13323488,BIackMouse,12300.8,11991.49,296,29789853
15895318,shimeji,12543.9,11987.94,-470,29789852
3674590,septembre-02,11529,11987.72,3429,29789860
11257548,Mikah,11835.6,11987.45,3011,29789857
1778530,marco123x,12512.5,11987.29,544,29789852
9155429,Nethersonic,12906.9,11986.62,-1065,29789850
4291505,TheRainHome,12682.3,11986.01,-423,29789851
9803745,rumii,12471.4,11985.50,-131,29789852
12949673,CharlesGNS,12241.9,11985.23,247,29789854
12675397,Domino on osu,12741.9,11984.41,-585,29789850
2184751,Maxe191,11787.7,11983.91,2443,29789857
3417469,Spork Lover,11834,11983.67,2482,29789857
9585479,FlojoCosmico,12815.2,11981.24,-1296,29789850
7077648,Junjou,12230.6,11978.12,697,29789854
14476231,Akume-,12908.9,11978.09,-1348,29789850
4495871,Mizuru,12253.4,11977.89,1258,29789854
4644354,Iliekwaffles,12114.7,11976.83,985,29789855
6155320,KomachiBaka,11774.2,11974.59,2599,29789858
2533400,Cerkie,12241.4,11974.18,520,29789854
6264600,WantPrinzThighs,11756,11971.84,3238,29789858
4733121,Kariyu,12484,11971.13,-40,29789852
4585205,akiyama,12570,11971.12,342,29789851
7924600,Sil,12496.9,11968.95,636,29789852
5465827,Headache,12301.9,11968.57,302,29789853
13323630,Losorto,12336.6,11963.89,251,29789853
12208695,the creature,12717.6,11962.50,-1069,29789851
11624101,hxovc,12200.1,11961.92,452,29789854
6282195,Aether Realm,12895.8,11961.77,-1041,29789850
16716753,Typeddiamond,12703.1,11961.28,-946,29789851
18224888,Clash of Clans,12642.5,11961.19,-184,29789851
6695155,Ankay,12766.7,11960.90,-19,29789850
5386106,deruz,12275.2,11959.62,291,29789853
8591929,permiss,12898.4,11959.44,-1636,29789850
4166621,awawa,12378.7,11958.57,-201,29789853
3692940,slushy,11830.9,11957.58,1793,29789857
7630067,slxxpyarisa,12739.3,11956.71,-1353,29789851
10493607,KarozRose,12271.6,11955.24,1206,29789853
685188,FujiwaraNoMokou,12594.2,11955.16,577,29789851
5306709,Never4Ever,12204.3,11955.09,1016,29789854
13966527,Ant -w-,12787.8,11954.25,-972,29789850
10963480,N I K I T A,12992.7,11954.21,-1415,29789849
5407620,Bronya,12648.5,11953.14,12,29789851
19346741,[ KUHKI ],12565.3,11953.05,-744,29789851
16967966,MrNeasel,12393.8,11952.35,61,29789853
33563170,Cafea_,12636.6,11951.35,-1366,29789851
10520757,WARABIMON,12244.1,11949.06,497,29789854
4099626,-NeBu-,12619.1,11947.01,90,29789851
18916962,oiva,11883.1,11946.35,1490,29789857
10399339,Latina,12180.6,11945.35,620,29789854
8598602,shde-,12703,11944.02,-994,29789851
15676983,Uma Rice Shower,12639.3,11941.90,-453,29789851
13717099,uyaz,12368.9,11938.90,-40,29789853
5724103,Cocada,11920.8,11938.08,1854,29789856
19430137,AlexBelea,12442.3,11937.61,508,29789852
7133185,ABERON,12497.1,11937.31,-1077,29789852
9034470,Hypp1s,12221.5,11937.24,624,29789854
21049273,dorimeha,12683.6,11936.27,-629,29789851
13456514,anizaka,12477.2,11936.03,-353,29789852
22285296,ano,12455.5,11935.69,-121,29789852
10549159,DzashikiVarashi,12464.5,11934.72,-530,29789852
2762603,Fixr,11913.4,11933.95,1338,29789856
2197482,Twintail,12222.3,11932.60,762,29789854
13865782,ishtar24,12557.6,11932.27,-512,29789851
7402486,Noobnari,12182.3,11930.24,1117,29789854
7078544,lychee boba,12517.8,11928.74,-200,29789852
20741077,Duklet,12846.5,11927.13,-692,29789850
6685958,M4T1K,12582.1,11926.54,-639,29789851
9393446,Zydan,12428.5,11925.02,-36,29789852
16203563,Kysonn,12168.3,11923.70,674,29789854
11272510,Anhydrous,12335.9,11923.16,260,29789853
10371365,falu,12047.9,11922.61,904,29789855
3072921,Callionet,11714.5,11921.52,3566,29789858
10853073,Puyui,12262.6,11920.92,-126,29789853
9558549,moonpoint,12424.3,11919.17,-391,29789852
15241788,Ref,12316.3,11919.15,52,29789853
5870453,waywern2012,12478.5,11918.93,-156,29789852
8064699,Tiller,12621.8,11916.34,-838,29789851
9521392,YungVenuz,12364.8,11915.90,-311,29789853
15753356,[12],12331.5,11914.90,-212,29789853
21338717,Yesew,12388.9,11914.54,-117,29789853
11191150,Ekoms,12333.3,11911.23,-135,29789853
9014203,KyZzo,12211.8,11910.50,344,29789854
6358249,MeNamJon,12483.4,11909.27,68,29789852
11305398,Pancho,12011.4,11908.64,1154,29789856
3895969,Zmatureeno,12152,11905.90,1304,29789854
21155414,BinkPP,12382.9,11904.93,1034,29789853
12538598,Cohue,11935.7,11904.89,1597,29789856
10133455,Basherman,11807.8,11903.92,2290,29789857
4185921,Ceja,12112.2,11903.66,1442,29789855
11470408,Soldat101134,12172,11902.99,529,29789854
18802053,WhatsApp,12236.8,11900.78,619,29789854
14386534,younomi,12304.5,11900.69,-305,29789853
16277597,laughy,12678.5,11899.26,-1351,29789851
9551773,NotHans,11919.9,11897.66,3000,29789856
34887927,onokari123,12331.2,11897.08,696,29789853
18740749,Dathian,12647.5,11896.49,-1044,29789851
8832359,GameDragon36,12611.1,11896.19,-275,29789851
12801181,GLORYHAM,12661.8,11893.63,-1230,29789851
22416744,dashit,12123.1,11893.53,453,29789854
17159280,Masheny,12528.2,11893.44,-448,29789852
14953642,Ho Quang Hieu,12520.7,11891.76,-1075,29789852
9294147,howtoplay,12009.3,11891.34,2446,29789856
6585939,KOCT9H,12609.9,11890.21,-725,29789851
7417094,James-,12127.5,11888.28,299,29789854
11918602,mabayu,12412.3,11887.99,466,29789852
17599268,Romspeed,12587,11880.35,-689,29789851
17841979,NoWifi,12581.4,11876.83,-364,29789851
16228128,TheSGGovernment,12391.3,11874.67,-424,29789853
20460272,-Spec,12402.8,11872.95,-521,29789853
9157301,syuq,11775.1,11872.51,2285,29789858
11245184,-Atour-,11856.2,11871.77,1978,29789857
14664996,Blemishki,12440.6,11871.49,-287,29789852
18702228,BEEnard,12593.8,11870.96,-817,29789851
15213233,tsuniko,12370,11869.40,-140,29789853
17195113,nieudas,12407.1,11867.58,-184,29789853
12386702,horrible kids,12622.8,11864.44,-1041,29789851
15520572,TetraDoge,12643.5,11863.25,-1044,29789851
4095562,bze,12451,11862.24,706,29789852
7804244,Myp4uk,12265.8,11862.24,1397,29789853
22394320,Mqfuyu,11967,11861.41,1243,29789856
12981253,In Rainbows,11958.8,11859.15,1797,29789856
4346274,Vitya1437,11711.1,11856.98,1922,29789858
12064024,E3kun,12613.7,11856.94,-1267,29789851
9441106,Ajax Tachyon,12390.4,11856.87,1128,29789853
22000167,Hlias,12693.3,11856.26,-1714,29789851
10278329,impossa,12439.2,11856.12,-1155,29789852
29044372,Smoyy,12093,11854.93,725,29789855
4304495,----,12366.5,11853.53,37,29789853
17387300,songpyeon,12376.5,11853.43,-203,29789853
11168760,DCCXXVII,12336,11851.83,-356,29789853
11311597,Viridin,12359.9,11851.12,-111,29789853
12824058,Hristo Botev,12291.7,11848.72,473,29789853
1986262,Ventus,12231.7,11847.19,584,29789854
29019225,skuth,12483.6,11845.50,-1316,29789852
14019207,evankkk,12840.9,11843.43,-1445,29789850
12585714,fuzzy paws,12425,11841.66,-971,29789852
5315077,vdc,11900.3,11840.08,802,29789856
7817891,King Lizard,12102.5,11838.84,1150,29789855
14123257,MococoAbyssgard,12483.8,11838.45,-375,29789852
14216942,makux777,12321.4,11838.06,65,29789853
2629756,Ageha,11783,11837.76,1773,29789857
9809910,Firo_SF,12301.3,11836.82,358,29789853
712923,Jaysin,12371.6,11836.60,-106,29789853
2916294,Nevik,12090.9,11834.94,1586,29789855
11843685,hifu,12418.5,11833.83,-492,29789852
6659116,Vordi,11816.1,11833.63,462,29789857
1545019,-Archangel-,12024.3,11833.24,1166,29789855
14783866,Forsit,12134.3,11829.02,-608,29789854
15923034,iDestiny_,11620.2,11827.49,3089,29789859
6076529,Chitogod,12185.2,11825.08,1728,29789854
14774102,L9 MATEIUT,12299.1,11824.96,-389,29789853
10000899,shdewz,12078,11824.87,1644,29789855
11893325,Frinode,12442.6,11824.13,-576,29789852
9047729,Spev,12172.4,11823.71,1205,29789854
14458567,holdenie,12518.5,11823.49,-516,29789852
8064649,CutoNaito,12221.7,11821.07,131,29789854
27877737,Minh Dang Grape,12573.6,11818.59,-1389,29789851
9657922,combi,12656.2,11817.99,-1284,29789851
20804484,Fishii,12122.1,11817.92,496,29789854
12601823,Gage,12633.7,11817.88,-661,29789851
12538308,marcelo,12285.4,11816.89,362,29789853
2946481,Vanilla,12762.6,11815.80,-1253,29789850
7679917,-[Kurihara]-,12031.9,11813.46,428,29789855
10472784,Prime,11533,11812.61,3551,29789860
648462,Raydric,12116.2,11812.00,742,29789854
7400150,MarianCap [AR],12014.5,11810.00,1604,29789855
10754758,Crazy_RU,12143.4,11809.79,1510,29789854
10335625,LogiDASH,12485,11809.02,-937,29789852
12885506,krzzt,12392,11806.28,-265,29789853
17031854,BJIADOC,12194.1,11805.25,585,29789854
29560433,Ditre,12556.9,11803.45,-1311,29789851
10434787,CharleLee,11367.7,11801.26,3766,29789862
24708254,sh_TORTIK,11260.2,11801.15,4298,29789863
8975823,solid12398,12029.2,11800.54,305,29789855
18179814,So_pro,12803.6,11800.01,-1152,29789850
5536431,FengShen,12358,11798.10,14,29789853
10589216,Tanfy,12423.8,11797.01,-899,29789852
21709356,duke,12476.2,11794.74,-779,29789852
6069002,Ush,12402.3,11791.90,-743,29789853
8926244,Yeong Yuseong,12333.7,11790.89,194,29789853
6283858,tan-,12117.3,11790.44,877,29789854
10170668,EyesNeverOpen,11933.9,11789.04,1278,29789856
19241975,GamerPro3000,12142.6,11788.20,788,29789854
14165370,Vasteri,11839.3,11787.13,1041,29789857
4281350,up44,11956.4,11784.00,739,29789856
6752520,- Flandre -,11975.1,11783.85,1062,29789856
3794345,Lysine,11661.8,11783.40,2900,29789859
7642841,thinking,11311.2,11782.55,4185,29789862
3417494,1th Grader,12069.6,11782.41,1369,29789855
17666664,[SHK]Mriyu,12339.6,11782.35,-699,29789853
6111086,IonJ,11374.4,11781.37,3892,29789862
4858747,Blucanillo,11768.1,11780.76,2376,29789858
19666163,Scyfyyy,12445.4,11779.85,-809,29789852
3619583,Blendra,11881.8,11776.63,1071,29789857
6764293,Frostwizard,11943.7,11776.25,844,29789856
18195677,esq,12251.8,11775.28,591,29789854
13805949,Suzune Miyama,12232.6,11774.29,84,29789854
17013392,femboy feet,12476.9,11773.88,-371,29789852
16849454,Lyeli,12406.4,11773.74,-1060,29789853
2317789,Diaostrophism,12033.7,11771.90,1031,29789855
19364028,Stormur,11957.8,11771.90,1504,29789856
8004317,wick,11991.8,11770.55,1346,29789856
1603923,Delis,11561,11767.35,2925,29789860
16011130,nayshi,12571.5,11766.88,-1250,29789851
7824063,Sergeev,12030.7,11766.51,1052,29789855
30479068,autibun,12598.6,11765.20,-1794,29789851
13398631,JustTaka,12058.7,11764.94,846,29789855
14230259,Tayco,12626.4,11764.72,-1031,29789851
13315922,ROBOTRIP,12088.9,11762.77,1644,29789855
12441836,xd Muslim,12248.1,11762.48,-104,29789854
11238108,THE IDOLMASTER,12028,11761.54,727,29789855
19971762,gossytenfour,12540.3,11760.62,-675,29789852
11203242,-QYOURTX-,12454.2,11759.33,-1233,29789852
17086658,Fmi,12480.8,11758.70,-809,29789852
11600629,Sidi,12272,11758.58,-864,29789853
7461619,Azun,11991,11757.91,1687,29789856
7730792,CuStOm2eK,12299.6,11757.57,-11,29789853
2845588,XVoIR,12259.3,11757.02,154,29789853
8803611,OsuGamingYT,12464.9,11756.05,-574,29789852
7673411,cove,12851.5,11755.43,-1447,29789850
9589295,Notpyon,12232.3,11755.31,444,29789854
10460148,-Mack-,12413.8,11754.96,-409,29789852
11482346,Chiffa,12511.7,11754.82,-323,29789852
24077615,My mom Junko,12407.2,11754.38,-390,29789852
11644972,nemq,12092.8,11753.33,611,29789855
20241831,dracoria,11876,11752.34,2855,29789857
6673284,chileno,11839.9,11750.35,1536,29789857
11934348,Tong Zi,12060,11750.19,699,29789855
14231641,SparxieFan059,12040.8,11749.73,411,29789855
15939193,apzyxx,12438.2,11749.00,-580,29789852
10870272,QwQ,11925.3,11748.44,856,29789856
7810180,calangi,11669.4,11747.64,3369,29789859
14382553,Xuma,12316.1,11747.18,-957,29789853
8806469,Luck3r,11821,11746.21,1059,29789857
15085098,Finloge,11797.2,11744.89,1072,29789857
15019357,arda,12360.1,11743.11,31,29789853
2813864,Girl,11571.5,11740.48,2715,29789859
18036760,paxyh,11767,11740.10,2290,29789858
7280649,suicedek,12035.6,11739.93,995,29789855
3675733,Hina-san,12162,11739.39,162,29789854
8226107,Chiyuu,12430.5,11738.46,-458,29789852
14040600,Infeno,11492.8,11737.75,3596,29789860
10360109,neymar,12074.7,11735.50,613,29789855
9776626,module,11945.1,11735.27,1107,29789856
12802076,rigellroy,11951.8,11733.04,1021,29789856
243917,val0108,11899.2,11732.38,1422,29789856
12791087,Misono Mika-,12288.7,11731.94,291,29789853
12045254,XenoPenguino,12450.5,11731.16,-1679,29789852
9571473,-TheImpossible-,12250.4,11729.49,407,29789854
16203859,- Maelly,12332.6,11729.13,100,29789853
15213299,igrokpepe,12168,11728.81,285,29789854
4316633,soik,12141.3,11728.55,822,29789854
4739655,Dario,12245.2,11727.46,81,29789854
5116930,ShotgunApe,12102.8,11727.32,193,29789855
8605890,Piti,12432.4,11726.02,-624,29789852
15271985,AHotDawg,11860.4,11725.27,752,29789857
5765583,sxl,11096.4,11725.19,4990,29789865
10648025,Testeron,12519.6,11723.50,-897,29789852
7066867,YEAR OF INDIA,12289,11721.63,-749,29789853
1712195,Shizaki Kanon,12261.4,11721.41,197,29789853
10415929,SER PERFEITO,11885.6,11719.99,776,29789856
10650901,Marco Poio,11537.3,11719.12,3048,29789860
16366461,Saumon,12120.6,11717.88,332,29789854
4520477,egemenbsrms,11579.9,11717.82,2461,29789859
20285591,rlsc1109,12391,11717.39,-87,29789853
10676573,Birchman,11671.6,11715.40,2883,29789859
7844452,pepe996,11743.4,11715.14,1674,29789858
15040925,Nighter47,12382.8,11715.13,-219,29789853
8086685,DocSak,11871.5,11714.86,1160,29789857
7748891,xXChokgamerXx,11204.7,11714.50,4334,29789863
7301725,Huntdn,12016.3,11714.43,941,29789855
1548322,SoundBoomer,11428.5,11713.83,2633,29789861
20705797,Megidy,12613.8,11712.69,-1146,29789851
6612642,mikatsu,12143.3,11712.43,308,29789854
9900694,CancerPatient,12486.2,11712.30,-1412,29789852
5710809,Sakurauchi Riko,11782.2,11711.93,1747,29789857
9099075,NoikkaX,12158,11710.43,251,29789854
3526708,Zabijaka,12349.4,11710.20,-868,29789853
22133808,dnomyar,12309.9,11709.52,-242,29789853
16311807,Tlain,12027.9,11708.87,-279,29789855
9901731,Handrees,12042.5,11708.06,33,29789855
16051221,Dripster1,12447.5,11707.68,-1072,29789852
10224126,Letcore,11937.6,11707.68,888,29789856
22301284,OneApplause,12317.2,11707.46,-997,29789853
7544766,kamehameha0,12481.7,11706.37,-1082,29789852
20272827,Erick71208,12382.5,11706.05,-792,29789853
10979305,Recent,12677.5,11705.77,-1691,29789851
8578614,LonixOSU,12253,11705.17,-566,29789854
12204360,mimitaya,12303,11703.78,-230,29789853
16644505,Vojo,12580.9,11703.59,-886,29789851
20647957,RafaFachero,11868.9,11703.03,1379,29789857
14033569,dantedel221,12491.2,11702.65,-1351,29789852
15646924,wjddjs,12064,11701.52,670,29789855
6673790,Tuon,12296,11701.32,32,29789853
14324460,sulamg,12501.4,11700.54,-1156,29789852
6757587,Opeth,11510.2,11700.00,2539,29789860
12329311,zerkala,11730.6,11699.90,1225,29789858
15610348,lindo2,12214.3,11699.29,311,29789854
23205272,scug,12550.2,11696.90,-1831,29789851
10458639,Sandron,12177.2,11696.80,292,29789854
13139356,xtal,12018.1,11695.80,869,29789855
2909663,MarthXT,12257.7,11694.92,-134,29789853
4773094,daw9801,11314.1,11693.72,3982,29789862
22940118,Amaori,11979.1,11691.13,987,29789856
12274213,PCMK,12035.5,11690.29,474,29789855
11507406,DecoysIsBored,12253.8,11688.75,-15,29789853
19622020,Areumi,12458.6,11688.57,-1368,29789852
9892525,craizer,12359.4,11686.12,-803,29789853
6591577,MinerZeta,12471.9,11685.84,-874,29789852
8317465,gj[eq,12009.8,11685.52,306,29789856
1561659,[Mashiro],12061.4,11683.93,422,29789855
6951719,Pure Ruby,11753,11683.21,1382,29789858
3537182,SiNon,11528,11682.75,2299,29789860
6264206,kemdaosa,12095,11682.19,646,29789855
11409634,gatosi,11876.5,11680.97,614,29789857
10174567,STLNR,12413.4,11680.42,-766,29789852
12639928,blueliner,11717.4,11679.56,1016,29789858
30025253,nael2709,11969.8,11677.07,314,29789856
21706207,gionuaS,11807.9,11676.95,1550,29789857
3249839,Strecka,12578.5,11676.39,341,29789851
2748187,Danidesu,11752.8,11676.26,1702,29789858
8354698,_tottoko_,11612.3,11675.71,1579,29789859
3272902,juliancala,11730.7,11673.79,1690,29789858
9834997,Elyxr,11786.3,11672.86,1034,29789857
12165651,-Christy-,12074.6,11672.02,-455,29789855
6584220,SynchroHD,12238.5,11668.77,-76,29789854
13653909,GLASSY,12320.5,11668.75,-268,29789853
12871335,Rubydear,12172.1,11667.03,-569,29789854
10013791,micne,11942.7,11666.78,491,29789856
11711340,axiey,11938.4,11666.13,659,29789856
7537133,Mami,11989.8,11664.21,628,29789856
3608846,FastoFreezu,12201.3,11663.40,403,29789854
21592138,h4w1f,12277.4,11663.08,-217,29789853
29365787,GotOverIt777,12433.7,11660.92,-1258,29789852
6717106,stimix,11962.4,11660.65,637,29789856
12407531,D4rgZ,11914.1,11658.89,467,29789856
4622337,Nordkild,11686.2,11658.80,1407,29789858
2614511,Axarious,11643.1,11657.99,2473,29789859
12350960,xractiv,12436.9,11657.47,-685,29789852
20828655,Disposable,12248.3,11657.43,-255,29789854
18567604,Kuchiki Rukia,12230.9,11655.64,690,29789854
9182389,bibidibabidiboo,11645,11652.34,2019,29789859
9474976,honbae,11964.9,11652.08,434,29789856
7739540,Justice,11985.4,11651.68,365,29789856
10440699,reunion,12076.4,11651.14,-463,29789855
4149140,kallax,12014.3,11649.68,247,29789856
18565654,venose,12199.3,11648.67,190,29789854
756068,Serena,11352,11647.90,3817,29789862
8914317,shiyumi,12225.6,11646.88,-315,29789854
8210988,flapczek,12126.8,11646.85,-143,29789854
3516334,fukushima,11566.8,11646.21,2649,29789860
9507985,dyl,11919.7,11646.18,721,29789856
13253069,BobrowyDealer,12427.5,11645.61,-1021,29789852
6179267,CrunchyTooth,11985.8,11644.13,352,29789856
6702666,still bummed,11762,11644.07,1370,29789858
7547563,Sebby,12468.6,11643.86,-789,29789852
12883611,catgirlflowers,12276.2,11643.34,-365,29789853
10630191,AwesomeBrewski,12049.8,11641.35,160,29789855
9924464,Sordruther,12086.8,11641.12,21,29789855
18618717,shimon fan,12082.3,11640.51,-68,29789855
22372931,exen47,11924.3,11639.85,156,29789856
16385977,CBarAM06uJlb,12258.7,11639.50,-695,29789853
5509809,Jumbo,12044.3,11638.51,-39,29789855
17965342,Boned,12108.9,11638.01,164,29789855
10771232,mento,12176.2,11637.42,470,29789854
8525223,Sympli,11793.7,11636.55,1242,29789857
8529932,wowitsdoge,12597.5,11636.44,-967,29789851
13246442,Casper,11885.5,11632.92,325,29789856
14963905,Read Horimiya,11832.7,11631.84,839,29789857
6399568,YokesPai,11538.3,11630.95,2514,29789860
14337890,JackG,12219.9,11629.87,-435,29789854
5472693,Agent5d,11210.9,11629.86,4438,29789863
18003450,slapshot,12521.2,11629.78,-1167,29789852
12172227,Sakupen Circles,12224.2,11629.40,-483,29789854
34673818,XeoS1T43,12399.9,11629.05,-1160,29789853
11737265,masik55,12202.5,11627.66,328,29789854
8734825,mashed potatoes,12184.2,11626.84,-331,29789854
5821537,Yuri Fanservice,11784.2,11625.39,1035,29789857
8802914,-Arko,12108,11622.69,395,29789855
9356954,Liswiera,10742.7,11620.99,4280,29789870
3353661,Garch,12151.4,11619.52,-580,29789854
5910601,Ayya Novak,11484.2,11618.21,2395,29789860
8105655,-Vid,11967.7,11617.83,348,29789856
3853840,LaBron Jayms,12109.5,11617.51,107,29789855
15182629,DuZGLOL,12322.6,11616.68,-1113,29789853
6421116,ProAtBeingANoob,11793.8,11616.36,1021,29789857
799218,Big Yikes,11991.2,11615.75,1609,29789856
3741162,WAR THUNDER,12045.8,11615.11,180,29789855
12008908,Wikki,11820.2,11613.36,1637,29789857
26138009,Hu2y,12105.4,11608.60,80,29789855
12306404,Astrozilian,11536.5,11608.46,2198,29789860
7388142,its0ver,11765.9,11606.74,1286,29789858
10830974,RESU,11969.9,11606.51,203,29789856
11221025,MintBlue_,11988,11606.02,427,29789856
8601970,FishySquidMan,11978.6,11605.99,-145,29789856
14827172,twinsys,12417.7,11605.78,-1243,29789852
13282075,kaiser1337,12184,11604.22,-1203,29789854
11830831,PEAC 10,11775.5,11603.11,-240,29789857
4837303,cowew,11487,11602.90,2294,29789860
14826877,rhatson,11432,11602.60,2681,29789861
1073575,Rekens,11769.7,11601.86,1103,29789858
12290117,chantat,11847,11601.64,343,29789857
10903895,RaiN0,12229.2,11601.02,-831,29789854
21225796,eXistans,12454.9,11600.08,-760,29789852
8861593,Venpris,12128.3,11598.91,304,29789854
17707354,-AJ,11771.3,11598.33,689,29789858
20085097,sreal,12255.2,11597.62,-638,29789853
18327624,Aa077,11669.3,11597.33,1621,29789859
13869127,kinon,11620.8,11596.70,2121,29789859
18657692,RaviNurul,12373.6,11594.86,-1312,29789853
17900906,W1lde,12456.7,11592.44,-1835,29789852
6391852,Ignas,11730.4,11591.93,1059,29789858
11572207,wideBoink,12312.8,11590.81,-996,29789853
14339830,Mimari,12293.3,11589.66,-1264,29789853
15585234,Maxmus,12136.7,11589.58,-680,29789854
17954628,spooooooon,12294.4,11589.09,-833,29789853
7406009,[ Hyung ],11669.7,11588.71,1249,29789859
7754026,snile,12195.2,11588.42,-822,29789854
13798356,atsukow,12048.9,11587.17,39,29789855
32036751,JabuKa,12155.5,11586.73,-1128,29789854
34627842,Takamiya Rion,11275,11585.36,3651,29789862
19106512,minkes,12182.9,11585.22,-308,29789854
11119010,lizzzil,11979.3,11585.04,417,29789856
13237989,worst th player,12154.9,11584.98,-350,29789854
8215374,yumenoshima,12149.4,11584.87,-222,29789854
14208826,NeuRoNoWa,12426.8,11584.18,-84,29789852
7802232,oGod111o,11899.7,11582.29,741,29789856
11274086,Endless Tilt,11916.1,11582.10,972,29789856
24622222,benny blarb,12235.4,11581.92,-143,29789854
13121209,Skirk,11900.9,11581.36,593,29789856
7188614,Leevi,11555.5,11580.93,1883,29789860
4435332,Kurogami,11958.4,11580.71,257,29789856
4983894,Nadir,12101.8,11578.06,123,29789855
16543623,Horyl,11714.4,11577.64,-272,29789858
9930573,CircIes,12031.4,11577.14,398,29789855
18803427,sleumuel,11349.6,11575.39,2805,29789862
16258642,Code-Antithese,11911.6,11574.75,33,29789856
8964050,GAO HAO,11061,11571.33,4280,29789865
15595513,okayokay,12109.6,11570.91,-994,29789855
6292234,Sharqosity,12088.4,11570.46,231,29789855
11356031,vlad0808,11118.3,11570.45,3967,29789864
17817105,PUCHUM,12265.7,11569.78,-916,29789853
15931063,Fubuki-Ch,11506.6,11569.76,2181,29789860
7236907,MGM,11772,11568.16,693,29789858
1068829,Mikayla,11627.7,11566.23,1276,29789859
12995368,bing bong,12159,11565.94,-689,29789854
25224927,Cpk - The Wolf,12310,11564.77,-595,29789853
16640072,Lysitea,12229.8,11562.44,3,29789854
9283403,KarliXon,11684.1,11561.84,1281,29789858
2295787,scuoa,12023.5,11561.64,880,29789855
12101240,lazy,11719.4,11561.59,1049,29789858
6717956,Nabil,12235.8,11561.46,-1121,29789854
18386465,David Seymour,11976,11559.45,127,29789856
30790527,Databyte,11746.4,11558.92,-93,29789858
11913287,Plubplet,12205.3,11558.40,156,29789854
10825812,Yasui,11577.8,11558.11,1564,29789859
947742,parlophone,11336.4,11557.72,3058,29789862
20538221,tomin,12133.3,11557.35,-126,29789854
8801364,Seina,12099.1,11557.23,-150,29789855
5770189,Usadereh,12158.8,11556.95,595,29789854
11393715,Walter Frosch,12039.9,11551.01,114,29789855
6592512,Devon,11934,11550.55,107,29789856
12249104,Myonpaku,12034.9,11549.08,-91,29789855
12329222,bimmy,12444.7,11548.86,-1622,29789852
22240981,dre4mxsu,12033.3,11547.43,-324,29789855
11195133,Jake Boii,11719.3,11547.32,743,29789858
14531430,birria,12244,11546.63,-922,29789854
17636323,farsighted,11836.4,11541.33,536,29789857
30553857,1 star enjoyer,12018.4,11541.32,-9,29789855
4470553,Estopa,11782.9,11541.29,996,29789857
7177201,Denk,11753.5,11540.72,1209,29789858
1306161,yykkrr,11146.5,11540.00,3807,29789864
11433313,SAPIN_,12106.9,11539.74,-538,29789855
8654652,Stonedawg,11297.3,11538.08,2436,29789862
3547290,Mitchi,11619.1,11537.84,1612,29789859
10906834,aquaDOR_,11827.3,11537.48,50,29789857
10731834,merase,12203.2,11536.07,-857,29789854
17098619,muwuffel,12133.4,11535.80,-533,29789854
6603836,tpa_,11909.8,11535.64,1085,29789856
7852852,vo_ine,12209.3,11534.67,-215,29789854
2438122,Beafowl,11617.3,11530.31,1865,29789859
21254711,lucee6,12109.4,11529.95,-783,29789855
6701656,chiv,11642.7,11529.31,1229,29789859
11115071,Lantic,12446.6,11527.63,-964,29789852
9717848,Ted,11771,11525.59,715,29789858
11786359,Bry,12446.8,11525.23,-1361,29789852
8211340,flubb,11910.4,11524.78,-41,29789856
14473721,mustifafifax,11575.6,11524.46,1102,29789859
13944382,LN-Larks,11774.9,11523.85,1363,29789858
13481549,NelicMies322,12260.8,11522.58,-495,29789853
10790692,Makaron,11916.9,11522.07,1055,29789856
6411122,Willi,12109.3,11521.18,268,29789855
6185335,y0c,11449.5,11520.34,2165,29789861
11545620,nuke employee,12313.8,11520.29,-1041,29789853
13202574,psychology,11850.9,11520.14,395,29789857
17211525,katalashka son,12745.9,11519.99,-690,29789850
5442931,glass2wave7,11856.6,11519.66,409,29789857
13645205,ChocLitxCake,12019.8,11517.93,-322,29789855
8787512,Sengio,11951,11517.46,-430,29789856
10598476,Philly Cheese,11912.2,11517.16,543,29789856
16473262,Skyri,11796.2,11517.14,654,29789857
15775945,zNublao,11981.8,11516.34,-205,29789856
8358987,MioYamazaki,11998.6,11515.41,-250,29789856
17145270,player03,12115.3,11514.80,-849,29789854
10601725,Senzek,11796.9,11514.66,1111,29789857
10772373,Shio,12030.9,11514.49,-184,29789855
3256745,Netizz,11417.2,11512.04,1684,29789861
14060103,NASRALUS,12008.2,11511.37,-528,29789856
8404990,Sonmi,12012.6,11511.13,21,29789856
33332497,Luvias,11809,11509.97,1207,29789857
29834922,ojjjij,12154.7,11508.94,-512,29789854
8637714,ccr-,10836.1,11508.87,5588,29789868
13441412,Ireina,12118.4,11508.15,-401,29789854
14070961,AA_Raiden_MK,11388.8,11506.47,1978,29789861
27055,Astar,11534.9,11505.84,1523,29789860
6966835,9iq,11668.3,11504.47,1349,29789859
7802400,steamhappy,10917.2,11503.31,5396,29789867
37058634,Jriceon,12263.9,11503.28,-607,29789853
7948627,BAKKALO,11763.7,11503.12,787,29789858
15008806,TheSkum,11845,11502.80,661,29789857
4314559,Somay 287,12039.6,11502.54,-186,29789855
9208576,Izuko,11790.3,11502.35,728,29789857
28639080,Kytw,11923.3,11500.16,-123,29789856
16104885,VANILLA KISSES,12217.1,11498.29,-829,29789854
34535589,CantThonk,12078.2,11497.93,-208,29789855
14719475,beaver,11820.3,11497.69,482,29789857
30074705,Bbriant,11758.9,11497.35,329,29789858
2415008,Grapheon,11513.7,11496.34,2133,29789860
7912447,The Fart Lord,11640.6,11496.25,353,29789859
7387395,Martair,12035,11494.65,31,29789855
1545031,NerO,11858.2,11494.07,862,29789857
9082096,inspector titek,12027.4,11493.50,255,29789855
7865570,Cassiel,12251.3,11493.34,-478,29789854
17496335,Saruei,11853.6,11492.29,162,29789857
11975464,- Logic -,12018.7,11492.18,233,29789855
11491079,sagiiT,12059.5,11490.95,-467,29789855
10018881,pineqpple,12185.8,11490.74,-737,29789854
25121506,Chris Griffin,12152.2,11490.57,-1387,29789854
11430617,LynaR,12009,11490.16,-357,29789856
7941423,chezbananas,11969.1,11489.97,134,29789856
15769572,Dae,12067.8,11489.66,-312,29789855
2317382,Passara,10846.7,11487.61,4755,29789868
18839185,Kirbo,12146.6,11487.54,-631,29789854
10036253,Kyril,11819.6,11487.37,1052,29789857
6916774,Blobby3000,11531.5,11486.51,914,29789860
10740345,Normal333,11957.2,11485.80,-220,29789856
4843831,TheKid217,11747.4,11485.26,833,29789858
11144443,ItsAlveolarZ,11096,11485.24,3430,29789865
2148231,kuu01,11240.3,11484.49,3083,29789863
6016867,Luciphelo,11453.4,11484.17,2449,29789861
15452023,Lexarh,11864.8,11481.21,-23,29789857
26342680,love katagiri,11490.9,11480.57,453,29789860
14073932,TUYU,12044.7,11479.66,-18,29789855
10270238,Cafenoo,11484.3,11478.76,1871,29789860
9004931,-Makishi-,12587.8,11478.70,-1465,29789851
12395831,creepy pasta,12046.3,11478.05,-1025,29789855
13988100,ungsuhan,12081.2,11477.73,-439,29789855
12075659,-Saint1337,12271,11477.48,-1042,29789853
2539010,ReusoL,11587.5,11476.75,1296,29789859
8715276,MiguisXD,12358.8,11475.91,-1229,29789853
11234616,KEYNOT,11560.4,11475.75,1478,29789860
17331224,EPILEFii,12117.4,11475.57,-925,29789854
5377364,Bthan,12000.9,11475.00,94,29789856
11106929,Wispy,11517.3,11474.68,1529,29789860
8165685,shadevr,11134.3,11474.64,3663,29789864
7535045,The Cube,11255.8,11473.95,3244,29789863
9972513,squiblers,12104.2,11473.47,529,29789855
33627259,WestJR_Rin,11407.3,11473.09,881,29789861
16196404,- Hideyuki -,11859.7,11471.91,610,29789857
21462598,ToastSan,12107,11471.69,-780,29789855
9832308,Pashanim,11958.7,11470.60,129,29789856
7979597,KirbyTwister,11869.6,11470.30,30,29789857
10854237,SenkuuS,12440.4,11469.38,-1360,29789852
15317621,Blasy,12055.8,11466.53,-218,29789855
14031664,lys,11486.5,11464.92,2014,29789860
13295340,Shiviel,12020.8,11464.54,-157,29789855
17451885,femboys,12019.1,11460.32,-863,29789855
11445862,Nyuchikin,12098.5,11458.45,-393,29789855
15483026,JLC314,12216.5,11458.31,-1329,29789854
903978,waaiiru,11534.5,11457.67,2157,29789860
15478941,Huo,12064.2,11457.54,-400,29789855
10003472,Bob Swaggit,11830.6,11457.25,516,29789857
17912384,- gerrard -,12086.6,11456.53,-851,29789855
6371865,Tokori,11561.4,11455.50,1319,29789860
12890066,jnao,12081.5,11453.94,-841,29789855
15471618,weatherrr,11965,11452.08,-500,29789856
10369295,Not DT Farmer,12466.9,11451.56,164,29789852
15555817,AimSlayer,11964.3,11450.02,-398,29789856
16361813,ChaseFox,11983,11449.00,-766,29789856
20734702,cfunkyy,12255.1,11448.34,-1201,29789853
14733542,Syqzei,11863.9,11445.72,970,29789857
14110760,Farbel_Fabio,11954.7,11445.09,-425,29789856
31793093,nitystarex,11916.7,11444.73,-289,29789856
3046750,[SHK]oliwakami,11883,11442.37,-41,29789857
17722532,-BenZ,12142.4,11441.87,-1109,29789854
14058676,Lawso,12032,11441.17,-703,29789855
13644863,Slyrie,12062.5,11439.78,-679,29789855
16396426,Alphairy,12076.2,11438.57,-802,29789855
8928890,Stylante,12089.3,11438.26,-58,29789855
10751810,CTRosen,11223.2,11437.33,2818,29789863
7017724,Ninjaadrian009,12128.9,11436.86,-744,29789854
10281594,iberius,11397.4,11435.65,2205,29789861
6194820,laroxPL NoForm,11492,11435.44,1493,29789860
10773960,Jompa Tormann,11348.7,11435.41,1713,29789862
4980135,Behwall,11087.3,11434.46,3164,29789865
13540434,Meramipop,11042.3,11433.99,3372,29789865
10869615,Osage-chan,11829.6,11433.06,-114,29789857
6534062,Fex,12105,11430.28,-565,29789855
17305334,meisho,12079.9,11427.66,-859,29789855
19277857,RominusJ,11504.8,11427.19,2068,29789860
12401523,yasuha,11982.7,11426.77,24,29789856
14715031,Lithian,12115.5,11424.29,-371,29789854
11012589,juststrx,12134.8,11423.99,-753,29789854
8157498,lewkiss_,12282.4,11423.47,-1417,29789853
13979958,Gonza,11433.8,11423.47,2430,29789861
10459580,smashcae,11996.6,11423.06,1349,29789856
4582149,CamperLt,11942.4,11421.14,518,29789856
9805089,Spandelier,12091.1,11420.47,-648,29789855
18781432,EPEMA,11742.3,11420.15,454,29789858
6093148,Shinkiro,11649.6,11419.42,948,29789859
9477396,JayKeyS,11158.5,11418.80,2722,29789864
11108655,Arosami,11849.3,11418.52,555,29789857
26569177,Satoruc97,11547.7,11417.91,229,29789860
8151359,DivineRose,11669.5,11417.85,661,29789859
16882856,Tenyusha,12244.6,11417.19,-1527,29789854
4596400,Poteha,11740.9,11416.91,-36,29789858
11161613,rozukke,11627.4,11416.50,1174,29789859
10164681,Shirotorii,11613.5,11416.33,1087,29789859
8362084,Noiire,12014.7,11415.41,-597,29789855
4162662,Jerekek,11461,11415.17,1261,29789861
17877956,SuperNordestino,12184.1,11414.89,-1194,29789854
18015979,oranjus,11634.2,11414.73,1103,29789859
6752116,Arraxey,11619.7,11413.05,1019,29789859
11582986,Kyube,11875.9,11412.53,401,29789857
12325162,wariyas,11681.8,11411.90,18,29789858
21369935,whca,12304.3,11410.24,-1552,29789853
713266,sayonara-bye,11451.5,11409.83,2147,29789861
12483067,zhighoulewski,11994.6,11409.50,173,29789856
15086625,Antolions,11583.5,11408.25,1322,29789859
20708618,NAYROK_MyMommy,11779.5,11407.42,46,29789857
9606373,133cm,11444.4,11406.03,1351,29789861
3122948,Ignite,11229,11405.55,2439,29789863
7807935,kaoshii,11765.1,11404.37,461,29789858
14832855,cocos,11849,11402.17,479,29789857
18844052,Alkoholproblem,12006.1,11401.97,-608,29789856
14325899,freddie-,12252,11401.81,-1431,29789854
11399181,AVICE AURA,11822.3,11401.35,16,29789857
2052847,FeriOP,11294.3,11400.98,2639,29789862
11389321,wordle,11600.7,11400.92,1337,29789859
16616672,BiaHaNoi,11857.4,11399.32,402,29789857
4673649,LUNAISTABBY,11312.5,11398.27,1591,29789862
13331292,hambolama,11573.2,11396.03,689,29789859
17755357,kigashin,12272.8,11395.52,-737,29789853
10042684,-naomi,11943.5,11392.15,-49,29789856
6933773,-spookster-,11844.3,11392.13,-423,29789857
7795194,Crul-,11544.9,11391.44,520,29789860
9261505,KingScrub,11647.7,11389.85,503,29789859
18539503,Doyatify,11978.5,11389.56,-931,29789856
1958549,uNable,11796.6,11387.82,1424,29789857
9365664,dia23,11842.3,11387.47,1206,29789857
13297978,Plapa,12131.4,11385.37,-687,29789854
1225459,Kenny,11375,11385.37,2417,29789862
1595370,Touhou Project,11651.1,11382.65,994,29789859
7449949,Vivlos,11776.3,11381.50,-58,29789857
11996187,Kagu_,11778.9,11381.24,1004,29789857
8355263,Mandelion,11594.2,11380.84,1024,29789859
10504284,Wolfey-,12010.3,11380.04,-781,29789856
21695905,sorinica,11621.1,11379.52,739,29789859
13602620,Loupio,12025.1,11378.81,355,29789855
12628968,Himea,11721,11378.07,523,29789858
12164864,melancholia,11773.1,11377.98,1349,29789858
1285945,PeteX,11960.9,11375.33,-205,29789856
25479104,Big Jeon,11931.9,11375.29,423,29789856
12257950,lazydoll,12008.9,11374.36,-536,29789856
6210840,Magical Blossom,11308.3,11374.00,2384,29789862
15279191,darvv,12290.5,11373.69,-1253,29789853
12100617,konri,11495.9,11373.36,1136,29789860
14368011,Miloshka,11927.5,11371.93,488,29789856
1825928,OXIA,11601.4,11371.79,466,29789859
2283137,kiethao,11536.6,11370.21,759,29789860
10673626,SunFesta,11840.3,11369.56,-165,29789857
673549,flansl,11464.2,11368.88,2060,29789861
2051389,FunOrange,11753.6,11368.08,825,29789858
6465995,naaar,11570.9,11367.46,1106,29789859
7737438,Veron,11972.1,11367.25,-426,29789856
31953238,denicdddddddd,12051.5,11366.13,-1143,29789855
13760562,Fo_Ka,11644.5,11365.30,1375,29789859
5281485,iFakeRz,11816.9,11363.36,394,29789857
15334533,Daldor,12204.8,11360.30,-1062,29789854
7001293,Explosion007,11689.5,11359.28,915,29789858
16202372,cirno on osu,12034.6,11358.98,-758,29789855
4348782,Dallie,11010.1,11358.70,3243,29789866
18374171,kioxu,12066.1,11358.49,-1018,29789855
14610681,xeb,11702.3,11357.72,712,29789858
6313643,semaphore,11386.6,11357.12,830,29789861
14547816,ckoj,11766,11355.25,-9,29789858
16129459,Squid Game,11872.6,11354.89,-380,29789857
9975554,KvadroZombi,11692.7,11354.22,30,29789858
14580577,NotZyliss,12172.3,11352.77,-1589,29789854
15885448,erothique,12017.8,11352.65,-582,29789855
18959144,Fingerly,11127.4,11352.56,2557,29789864
10413310,i love yachiyo,12007.9,11351.62,-1261,29789856
5266983,5266983,11460.7,11350.68,1906,29789861
7756403,EfrainGMiD2,11359.9,11349.91,2385,29789862
12913767,__chokemaster__,11583.9,11348.87,1092,29789859
11310668,Froster23,11800.4,11347.77,168,29789857
6625422,sho,12023.4,11347.53,263,29789855
8194992,Saionji Sarasa,11352.6,11347.00,2099,29789862
8889392,yukc,11413.9,11345.33,1881,29789861
4580287,mode,11726.3,11345.01,665,29789858
15100005,-Whitedog-,12094.6,11344.70,-1070,29789855
9748303,Mattay,11929.4,11344.23,-425,29789856
14971594,Prhyin,12052,11343.57,-1368,29789855
13480145,movement,12205.9,11343.31,-992,29789854
8602787,frozyxd,11368.3,11340.65,-407,29789862
31290575,MarShy2,11904.3,11340.17,-607,29789856
6602580,Daichi,11561.7,11339.62,1328,29789860
12178286,-NS,12202.6,11339.49,-983,29789854
4832514,Kushper,12019.5,11339.33,254,29789855
16044967,mayreel,11933.4,11339.22,-477,29789856
5911299,Valtz,11434.6,11338.77,2173,29789861
8840846,Exumk,11817.3,11338.37,56,29789857
11894596,nekorezka,11198,11338.18,2379,29789863
20751098,ciano,11987.3,11336.55,-889,29789856
3373422,skylewl,11532.4,11335.65,738,29789860
16816141,GabiBoltZ,11635,11335.38,267,29789859
22693832,megalodon151,11961.1,11335.13,145,29789856
12598411,Donny,12087.1,11334.06,-1042,29789855
5052899,Matrix,10741.9,11333.63,4686,29789870
15731161,Aqrilla,12043,11332.31,-724,29789855
10709486,qw1nss,11320.5,11331.43,1625,29789862
5841333,nCarinae,11593.2,11329.92,1314,29789859
14698985,klapkigronia,12036.9,11329.43,-1192,29789855
6961543,Yuri Enjoyer,11649.8,11328.00,501,29789859
13843628,Souls_u,11908.9,11327.42,-623,29789856
15393915,towerofheaven,12026.3,11326.19,-103,29789855
5394601,- Best,11862.7,11324.01,150,29789857
18154174,Atasan,11638.4,11323.89,295,29789859
7563700,SparrowRan,12133.9,11320.73,-899,29789854
2128311,ftg,11574.2,11318.77,1272,29789859
8749553,shxde,11863.7,11318.71,-110,29789857
11992434,skerg,11694.2,11316.68,105,29789858
2556958,ReaL motion,11262.6,11315.42,2043,29789863
7421437,Moist,12045.4,11315.13,-721,29789855
17229617,White Gengar,11525.4,11314.87,785,29789860
26776016,lol-ok,11211.7,11314.55,2145,29789863
7325012,Sepe,11321,11314.05,1340,29789862
15995866,Haelstrom,11533.6,11312.64,1082,29789860
12598951,dimchik,11621.6,11312.63,1057,29789859
12476276,mrshmary,12102.7,11312.51,-723,29789855
15630936,chantarazu,11912.5,11311.75,-277,29789856
8848902,cycle hit,11071.1,11310.92,3061,29789865
13394515,Done,11950.5,11309.63,-984,29789856
6607682,Dry_Noodle,11939.5,11308.33,68,29789856
11539145,sane,11817.8,11308.14,577,29789857
22969330,PogName,11479.7,11307.91,1157,29789861
20885646,everennae,12195.7,11307.46,-1205,29789854
10992972,mips,11726.2,11307.40,88,29789858
3512112,callmebatya,11816,11307.30,289,29789857
11441941,Brainage,11218.7,11303.62,2337,29789863
22316235,ItzKedner,11802.8,11303.28,77,29789857
2339542,Blue-Fox,11667.3,11302.36,241,29789859
926614,rinkon,11155.5,11301.73,2483,29789864
4394718,Jace,11527.7,11301.04,1114,29789860
19964108,Atirta,11585.6,11298.73,788,29789859
15421908,Lee Zii Jia,11968.9,11297.87,-822,29789856
7064509,Refrum,12039.5,11297.84,-924,29789855
3959582,kiiro127,11564.6,11297.19,1204,29789860
8645133,pedeko,11736.1,11297.16,315,29789858
7626092,Tatsua,11429.4,11296.83,1289,29789861
7060968,Gyrados,11699.3,11296.78,323,29789858
9197540,LuRing,11538.4,11296.78,287,29789860
8607968,Akamatsu,11424.9,11296.43,1364,29789861
10783597,kettoph,11780.9,11294.80,-60,29789857
8953955,Zelq,11499.8,11294.48,607,29789860
10603576,xfortheworld,11952.3,11294.16,-1133,29789856
21415142,D1ND1NZ,11869.8,11293.88,-466,29789857
16601998,harumachi vlad,11655,11293.43,635,29789859
14288068,aspect9,11798.5,11293.24,-503,29789857
33003183,asphyxiate,12198,11293.20,-1504,29789854
25160074,Thoqi,11691.6,11292.93,-330,29789858
11847973,coolnuck210,12054.2,11292.30,-1163,29789855
23284560,Realiz,11484.8,11291.63,330,29789860
3121234,nitrom,11784.6,11291.61,326,29789857
11394074,mafias,11704.4,11290.59,-95,29789858
5271371,Lexion,11567.6,11290.28,901,29789860
10429510,yah,11562,11289.90,474,29789860
16223553,Yoomsi,11789,11289.45,-144,29789857
18994682,aoweq,10960.7,11288.42,-330,29789866
14828870,Cherpi,11554.4,11287.83,955,29789860
20879846,rftftutfgyiktgy,11487.9,11287.50,1064,29789860
13319616,kaver,11787.1,11286.83,421,29789857
18178958,stariy bog,11736.9,11285.94,-182,29789858
17454289,podlu,11923.7,11284.18,-736,29789856
13353087,Anti Kevin,11873,11283.78,-248,29789857
12055929,kinchin,11551.4,11283.15,917,29789860
3016611,[ baka 3b ],11206.5,11283.10,2070,29789863
20401067,aiien,11694,11281.69,286,29789858
106269,Elysion,11065.2,11280.60,2968,29789865
13331114,Yamiezi,11943.8,11280.13,-855,29789856
6073492,OsuSeulgiDragon,11976.5,11279.42,-1001,29789856
15526534,speedkittymeowm,11608.1,11279.39,907,29789859
17847877,Yukixo,11332.7,11278.82,1865,29789862
12003834,_oskar,10852.3,11277.77,3130,29789868
9436126,Cocoamallows,11506.3,11277.56,-35,29789860
6355416,noami_,11653.7,11276.30,-31,29789859
12368925,Fiert,11764.3,11276.05,-465,29789858
19013217,Armada,11632.7,11274.82,-66,29789859
3578303,Shinkei,11247.4,11274.58,2213,29789863
11579591,Viperbiter,11958.1,11274.48,-886,29789856
6673228,amax,12004.2,11274.33,-522,29789856
3660954,Jaguar,11250.7,11274.08,1521,29789863
11753154,Skybee,11680,11274.06,295,29789858
22437223,suiss,11802.9,11273.64,-262,29789857
16943673,Furyfish,11793.3,11272.73,-70,29789857
5312766,mosvannen,10971.8,11270.35,3359,29789866
13026591,AceMasteRX,11664,11270.33,406,29789859
21489103,khyda,11532.7,11270.26,98,29789860
27345161,Ahshi,11708,11270.24,278,29789858
12789853,RiceShower,12073.5,11269.82,-1315,29789855
11310892,RIPMETOSHREDS,11842.7,11269.22,-219,29789857
12714574,Aphrodi,11056.5,11269.10,2456,29789865
16270736,GuIbang,12138.4,11267.79,-1113,29789854
4604369,KC Aqua,11638,11267.69,656,29789859
14243234,Himeri,11543.3,11267.62,758,29789860
14774230,lili404,11770.8,11267.58,-454,29789858
5263422,Dragonite,11766.3,11266.94,-116,29789858
7221207,Getsuyoubi,11553.6,11266.09,509,29789860
7302146,Ansol,11319.5,11265.44,1222,29789862
29873531,maybl,11881,11264.93,-529,29789857
2688581,Luscent,11032.5,11263.12,3368,29789865
20508179,Andutu,12078.1,11262.77,-570,29789855
7776967,relrel,11840.1,11262.62,-483,29789857
10023225,GodHacc,11805.1,11262.25,-563,29789857
3723568,Kujinn,11599.8,11260.06,-158,29789859
18276291,Enek,11574.9,11258.36,555,29789859
15878601,legenda,11884.2,11257.93,-1063,29789856
4454330,Narrower,11746.9,11257.85,-196,29789858
3356299,Malrite,10835.8,11256.42,3688,29789868
9775435,akin123,11796.4,11255.94,-277,29789857
13609867,Siffrin,11790.2,11254.52,-302,29789857
6431200,-AndzeN Desu-,11267.2,11254.31,1395,29789863
8433636,Kalal331,11755.1,11254.05,311,29789858
13263768,Afordiumsx,11887.9,11253.72,-323,29789856
9322954,eldrejko,11720.3,11253.72,-1041,29789858
13021820,nikpp,12091.3,11251.10,-1476,29789855
15005802,Shaqz,11613.9,11251.03,1238,29789859
11860256,amefuri,11897.8,11251.02,-482,29789856
7315668,Vertarix,11263.8,11250.52,1810,29789863
3624526,Grey-,11271.2,11249.58,2015,29789863
9602606,Skysign,11596.8,11249.27,-206,29789859
22735739,Ultimeuhhhh,11393.8,11248.71,1284,29789861
11716599,Addam,11540.6,11246.87,470,29789860
18463966,Crakelet,11851.6,11245.04,-404,29789857
15042219,pxws,11945.4,11244.24,-692,29789856
13550988,Quincy_,12041.1,11244.22,-1368,29789855
15274893,Lirumin,11639.5,11243.38,756,29789859
11395298,patos,11867.9,11242.53,-758,29789857
7361767,Woodzy,11689.8,11242.11,-116,29789858
18928540,ShellyKing,11806.1,11240.90,-444,29789857
7731995,its going up,11790.7,11240.31,-155,29789857
15270447,XStellar,11903.9,11240.15,-1001,29789856
16626263,mintfantome fan,11524,11239.77,636,29789860
10243433,Inflictives,11714.9,11239.19,-324,29789858
10395879,Mewtz,11992.4,11238.65,-1164,29789856
5394346,Joaco777,11266.1,11238.19,1832,29789863
12880093,aaronvtran,11699.2,11238.03,-105,29789858
7034846,Grin,11688.2,11236.00,-56,29789858
18340818,toay,11908.2,11235.84,-466,29789856
5391728,Inverse,11807,11235.58,-595,29789857
30472080,tysatte,11647.5,11235.37,208,29789859
18952505,SHONGLIFAN,11923.4,11235.21,-944,29789856
12028437,Miggie,11996.4,11235.08,-1203,29789856
11068701,BoredBlaby,12193.1,11235.05,-1364,29789854
11638527,Dagoth Ur,11430.4,11234.14,802,29789861
15991664,meowpressYS,11558.5,11233.79,1444,29789860
20115738,Z1_,11713.5,11233.58,-19,29789858
10166961,- Ciel -,11128.6,11233.00,2012,29789864
9951177,Wisut,11054.6,11231.85,3065,29789865
15670735,ILLKID13,12014.2,11231.77,-62,29789856
10912688,lucker,12104.6,11231.62,-1613,29789855
20151572,scathe,11143.7,11231.13,2384,29789864
22751439,Ayoukiro,11394.8,11230.90,701,29789861
6652874,Hazuki-,11573.8,11230.70,972,29789859
6338477,yutro,11776.4,11230.05,374,29789857
11047722,FarFrain,12246.3,11229.14,-2073,29789854
8183049,UrQty2,11547.2,11229.05,623,29789860
11367352,bumbaclaatjohn,11233.2,11228.38,2439,29789863
4904410,Charles Leclerc,11594.9,11228.34,380,29789859
12387359,Legitted,11428,11227.82,872,29789861
23828729,technofox,11937.8,11227.70,-890,29789856
19538784,willbegforegg,12014.4,11227.06,-1512,29789855
8840177,Martinplior,11901.8,11226.89,-1269,29789856
7338010,nyrino,11633.3,11226.38,713,29789859
15041136,Bomas,11481.3,11225.74,546,29789860
17075834,YuCie,11779.2,11225.53,-150,29789857
11904722,Usada Pekomama,12174.5,11224.64,600,29789854
3997580,GranDSenpai,11389.5,11223.85,848,29789861
13147189,AARONGAMER1,11865.1,11222.17,-484,29789857
8552735,TwintailEnjoyer,11925.9,11221.18,-675,29789856
19672313,Relicx,11554.6,11219.91,-47,29789860
18436034,soyruz,11845.3,11219.69,-890,29789857
6600809,Walfrid,11841.3,11219.31,-831,29789857
9541819,Mudflap,11135.6,11217.58,2631,29789864
14404023,setriol,12007.5,11216.32,-976,29789856
4478491,ErikSu,11834.5,11215.50,408,29789857
6952125,Beatrix,12131.2,11215.48,-138,29789854
13249394,Rinyeki,11688.5,11215.26,446,29789858
6119147,SlimeDrippy,11414.4,11214.84,1053,29789861
29236406,N1kks,11641.3,11213.88,-192,29789859
12484318,Collin,11625.9,11213.34,-155,29789859
629717,GGBY,11931.6,11212.60,-686,29789856
15406170,shikano,11677.7,11212.04,-113,29789858
22467883,shriper,11547.3,11210.78,811,29789860
4665746,Leftoverss,10903.8,11210.76,3363,29789867
11223044,oTs-Joaka,11875.5,11210.28,-205,29789857
4576295,Fudy,11639.2,11210.11,228,29789859
18271627,grillroasted,11976.4,11209.88,-1010,29789856
12941954,Sabakan,11163.1,11209.36,2043,29789864
12991016,hypir,11794.1,11209.03,-431,29789857
18673485,ItzZeroIce,11644.1,11208.72,-106,29789859
2671317,[ ZhengS ],10988.3,11208.15,2771,29789866
7127366,Shaun,11112.8,11207.17,1652,29789864
16844249,Wassu,11705.9,11206.46,-1406,29789858
14516622,terrax,11453.1,11206.30,182,29789861
9374894,rhyy,12097.6,11204.19,-1196,29789855
26836385,Arrna,11849.2,11203.83,-991,29789857
13272520,Vinore,11580.4,11203.80,405,29789859
17352850,Wavewy,11536.9,11203.59,1530,29789860
21020474,Seraf,10988.2,11202.68,2939,29789866
25794530,Xansad,11862.6,11202.20,-953,29789857
9422204,Masox,11503.6,11201.74,216,29789860
10953457,larper2,11541,11201.10,1099,29789860
12609022,Sdot,11391.2,11201.00,1745,29789861
10748381,sladkoru,11818.9,11200.29,-783,29789857
12959983,antonyw,10777.5,11200.14,4098,29789869
25198721,Cityyy,11237.5,11199.54,1117,29789863
9082441,Pieris,10911.6,11198.87,2637,29789867
7063083,-Aurora,10987.8,11198.40,2645,29789866
3513687,kittenrequiem,10746.8,11197.06,4152,29789870
10134900,Saftohr,11759.7,11196.83,-766,29789858
16227480,Bqq,12023.7,11195.42,-1206,29789855
16928887,tohkan,11876.6,11194.44,-959,29789857
14480201,alsper05,11934.6,11192.63,-982,29789856
2709574,saiyo,10996.6,11192.53,2686,29789866
10571662,Jadekick,11554.7,11192.52,508,29789860
32196076,demohooo,11888.9,11192.47,-499,29789856
11740799,seether,11577.2,11191.94,139,29789859
9906834,Yinchiko,11881.4,11190.99,-1121,29789857
19108592,perhap,11049.3,11190.96,2512,29789865
12569938,stinkbutt727,11734.1,11190.87,-305,29789858
14916935,rwnd_,11568.3,11189.64,-318,29789859
12537417,Hydrole,11049.6,11189.20,1967,29789865
5449433,Ui chan,11347.5,11189.08,902,29789862
14935208,Kailler,11477.8,11188.78,38,29789861
10913486,YriPlays,11564,11188.74,220,29789860
26827897,endfighter555,11805.7,11187.42,-560,29789857
5981363,Disappear,11228.9,11186.48,791,29789863
14824153,Hatori Chise,11884.6,11185.83,-824,29789856
13349049,okeaoska,11276.6,11185.54,2095,29789862
15484456,7ony,11840.6,11185.29,-804,29789857
4338923,Syncro,11335.5,11185.18,1244,29789862
846038,Splinter572,11235.5,11185.14,1479,29789863
7311057,YesTak,11357.2,11184.79,1011,29789862
4039773,TinyPark,11190.5,11184.61,1126,29789864
12985377,rakod,11938.2,11183.26,-1375,29789856
13617153,WhiteCookies,11339.4,11182.71,1786,29789862
16515549,burningtrup,11552.1,11182.57,-515,29789860
16358749,HiHallo124,12030.2,11182.13,-688,29789855
18047677,Chloe_Kitten,11609.9,11181.91,148,29789859
10351515,Burst Farmer,12060.3,11181.61,-1337,29789855
15251627,Wished for you,11522.8,11179.57,525,29789860
13119417,PawlosXpl,11818.8,11179.47,-272,29789857
9563993,Willo,11603.6,11176.68,255,29789859
27693515,Kiellee,11860.5,11175.25,-933,29789857
18733683,Mr C B,11333.9,11174.39,1794,29789862
27837822,OxurcusOSU,11800.3,11174.16,-899,29789857
7125675,Ev1dent,11884.5,11172.38,-708,29789856
14449536,psos,11331.3,11172.38,697,29789862
4495099,ponaar,10958.4,11171.64,1399,29789866
4388347,striFE36,10989.2,11170.69,2540,29789866
15569114,CheeseCat,11688.4,11170.67,178,29789858
4942030,Gonya_,11553.9,11166.43,262,29789860
6716499,ShaneLiang,11547.9,11166.30,268,29789860
8816844,omphen,11052.4,11165.56,1771,29789865
9973047,intenseGoat,11109.9,11164.66,1204,29789864
23139001,penguinplay,11806.5,11163.99,-597,29789857
14898728,-sliderbreak,11440.6,11163.74,1090,29789861
9475159,umineko,11089,11162.34,1662,29789865
14188385,miru,10908.2,11162.29,3235,29789867
11651035,potaterz,11172.1,11162.25,1916,29789864
5997261,643,11824.9,11161.91,-1079,29789857
12628271,pizdunzaebal,11551.1,11161.08,-12,29789860
4909212,Muzkat,11459.4,11160.56,684,29789861
8541186,-Milky,11732.7,11160.34,-659,29789858
8656273,Chiya1001,11561.5,11159.89,10,29789860
6808434,drunk bass lady,11490,11159.44,-557,29789860
10081838,OwOuser,11825.5,11158.49,-489,29789857
17219661,-4EPHbILLI-,10778.8,11157.74,3231,29789869
14514262,Djn,11292.4,11157.57,1141,29789862
14352824,ItzZolker,11834.2,11157.16,335,29789857
17187437,DEPRIW,11974.3,11156.79,-1134,29789856
7177233,nekz,11391,11156.39,1294,29789861
2286528,GIDZ,11072.5,11156.15,1824,29789865
14147492,Kueelizzz,12093.8,11155.07,-1461,29789855
8530809,Delchoran,11346.6,11154.08,1009,29789862
13730417,Merit,11476.3,11153.72,908,29789861
13985346,MossL,11727.2,11153.23,-491,29789858
12113848,lunarleaf,12020.3,11152.81,-1051,29789855
24717776,HAWAzin,12095.3,11151.76,-795,29789855
7374212,Dream Journey,11167.8,11151.08,1550,29789864
8750042,moosh,12233.7,11151.00,-1770,29789854
19217851,sndy,11683.9,11150.82,-876,29789858
12654242,DanFi,11996.3,11150.36,48,29789856
17199271,ZetsuboX,11896.1,11148.83,-1008,29789856
17663666,flyond,11082.1,11146.96,1589,29789865
11178235,Akihakira,11720.6,11146.54,-876,29789858
8976451,andyisaweeb,11299,11146.05,948,29789862
3738010,Tazkiz,11858,11145.84,-77,29789857
9850229,AlasMO,11649.1,11145.40,-58,29789859
12362447,noctave,11989.4,11145.03,-1183,29789856
19130169,Lemuze,12060.8,11144.66,-1431,29789855
11921584,EatingPanda,11261.6,11144.39,1687,29789863
10653742,KazakhstanTop1,10944.1,11142.75,3192,29789867
20726353,JonusBonus,11770.1,11142.33,-486,29789858
7000209,bieganie,11833.5,11142.13,-1146,29789857
1693176,Averator,10680.5,11141.54,2792,29789871
5245584,Dudsunz,11319.1,11141.53,1124,29789862
4675441,mahjong,10782.4,11141.28,3094,29789869
15186220,Axim2,11866.9,11140.79,-710,29789857
17041914,Nabbie,11765.4,11140.04,-748,29789858
9653938,tateyama,11253.9,11137.82,1381,29789863
6754712,Cappu,11171.6,11137.63,2257,29789864
5220933,DualAkira,11929.6,11137.58,-1081,29789856
10714308,blackpoint675,11602.6,11137.34,-67,29789859
16386550,W0rstPassPlayer,11575.8,11137.09,-254,29789859
19696026,Ndrea,12013.2,11136.55,-1543,29789856
21447640,Lecky,11545.7,11135.58,-478,29789860
18866647,Snep,11744.8,11134.90,-990,29789858
9223001,RedCool34,11342.1,11134.21,861,29789862
17166609,adia,11105,11133.86,2268,29789865
13798649,Ben_Kir,11550.6,11133.43,668,29789860
10941887,Braincell,12098.8,11133.38,-1453,29789855
3863347,HAFTBEFEHL,11685.5,11132.93,-464,29789858
8335721,_jeff,11659.7,11131.51,-802,29789859
15675302,Tenkotataii,11840.2,11131.49,-1186,29789857
11903030,Rejax,11616.7,11131.36,-605,29789859
12736841,Fox_,11722.4,11131.26,-836,29789858
11409111,giulio,11362.7,11130.58,1206,29789862
16423150,Jeykow,11611.8,11130.49,-32,29789859
11554464,MintyDude,11398.3,11130.26,766,29789861
14231431,Anphans,11753.3,11130.13,-330,29789858
16701374,Nafn,11799.2,11128.81,-1193,29789857
36839964,K4I1228,11541.2,11128.63,714,29789860
14102544,Eugoon,11761.9,11126.76,-1003,29789858
20384244,sfetonic,11625.4,11125.84,-992,29789859
5054798,DutchTacoNL,11314.4,11124.49,333,29789862
8123308,FeeDyy,11379.7,11124.10,675,29789861
14252935,astrin,11775.3,11124.01,-710,29789858
16278499,oliwierguwno,11966.8,11123.76,-1219,29789856
20651497,noncicredo32,11064.9,11123.73,969,29789865
8662706,Tokora,11507.8,11121.80,248,29789860
35308757,duerpv4,11496.2,11121.36,-200,29789860
13660340,Argxn,11540.2,11120.13,-149,29789860
10599032,raxoo_,11689.2,11119.70,-570,29789858
27635595,Ryo Mizoguchi,11837.3,11119.30,-1302,29789857
5334695,Purps,11486.9,11118.75,469,29789860
13190161,Limu,11651.5,11117.99,-736,29789859
2696838,Emilek,11874.1,11117.63,-440,29789857
12844341,EmilisSux,11681,11117.45,-250,29789858
7249644,SilenceSuzuka,11650.4,11117.28,-299,29789859
15888502,ph1x,12069.5,11117.04,-1805,29789855
25861903,apsidalsnow,11288.9,11116.77,494,29789862
8030546,Nayto,11679.7,11116.01,-394,29789858
11632955,Zyng,11627.6,11114.20,-23,29789859
11262442,tayon,11523.2,11113.53,200,29789860
11255340,FlatPaper,11222,11111.72,1786,29789863
7552300,cristi2708,11435.6,11111.47,917,29789861
8563039,Mqte,11735.1,11110.18,-81,29789858
14338955,anjroo,11460.5,11110.12,514,29789861
6088971,Jonz,11729,11109.33,-848,29789858
19927331,nero1kami,11468.2,11108.23,546,29789861
4223392,123123eric,11283.8,11107.36,746,29789862
8574531,Hallsu,11483,11107.05,151,29789860
10965714,Kong Qiu,11568.1,11105.53,111,29789860
11541409,000557A,11443.5,11105.09,485,29789861
7082242,Caution,11671.9,11104.95,155,29789858
15826805,azureon,11657.1,11104.89,-646,29789859
3611422,Moshu,10538.7,11103.94,4874,29789873
19571548,-duwoop-,11823.3,11103.33,-1395,29789857
17620910,genixar,11856.7,11101.83,-625,29789857
17092838,Nanano,11218,11100.63,1694,29789863
17060569,viktor8290,11662.8,11099.66,-612,29789859
14476889,huncho,11439.3,11099.65,67,29789861
7103078,Spyrosh,11632.4,11098.77,58,29789859
9683186,-Peachii,11211.3,11097.72,2080,29789863
15362197,-Cold-,11523.4,11097.03,-1,29789860
20132305,-cyber,11344.3,11096.59,1104,29789862
7283528,Zee,11606,11095.35,-123,29789859
15764802,Yukarle,11854.3,11093.58,-1197,29789857
8812062,Vratical,11661.9,11093.02,-427,29789859
10364112,hesseninho,11607.3,11092.93,-198,29789859
15113620,lilrocky,12069.9,11091.35,-1017,29789855
32877308,L1mefps,11656.6,11091.07,-807,29789859
5368855,xCrazy,11353.1,11090.74,244,29789862
10998824,Twi Telescopium,11926.5,11090.20,-1154,29789856
3580864,Narita Brian,11635.4,11090.09,-142,29789859
19376680,ThonyTD,11752.5,11089.17,147,29789858
16275395,Vertiz,11798.8,11087.35,-692,29789857
13956957,prima,11894.4,11087.03,-1113,29789856
16197865,Supernye,10746.9,11086.50,3872,29789870
7047218,riwu,11680.7,11085.77,-228,29789858
17163314,Slowpoke415,11493.4,11084.98,155,29789860
17526642,Aim_control_osu,11520.3,11082.85,-24,29789860
10973116,Miguen,11704.5,11082.62,226,29789858
10269508,Yone No Yuno,11115.6,11082.56,419,29789864
9469293,Machinations A,11592.5,11080.42,-225,29789859
11189453,lepinja77,10899.7,11080.14,3662,29789867
7667846,Thelock,11617.7,11079.92,-749,29789859
13924333,thu4der,11625.8,11079.56,-1073,29789859
8094220,Blue Archive,11257.5,11079.13,1154,29789863
11710853,Neuling1842,11726.7,11078.95,-402,29789858
15858332,Steak Beef,11541.3,11078.92,120,29789860
10925847,Rinne Ohara,11169.1,11078.44,1506,29789864
18419720,Owpack,11767.5,11078.30,-624,29789858
9093634,Eskalade,11387.8,11077.67,247,29789861
4663676,Wildberries,11628.2,11077.24,46,29789859
23235560,RedMunch,10745.7,11077.03,2909,29789870
25314868,- void,11594,11076.73,-623,29789859
9906300,Snuce,12028.3,11076.50,-1151,29789855
7060756,winz,11165.6,11075.70,1453,29789864
20485391,Remedyy,11666.7,11075.36,-662,29789859
14505035,-DPJ-,11652.3,11075.28,-205,29789859
4695683,[ Apashe ],11628.5,11074.74,-13,29789859
6137858,GLORYHAMMER,11746.8,11074.53,-467,29789858
12083933,Stale_Human,11373.7,11072.45,458,29789862
17473622,Xepitaph,11718.3,11071.32,-1021,29789858
12352926,Demegozi,11348.2,11071.30,745,29789862
11186709,Rijrya,11706.7,11070.37,-776,29789858
17033632,Tsumikiri,11685.3,11068.68,-441,29789858
537084,DoKito,11175.7,11068.04,1734,29789864
25317000,qoofbop,11538.6,11067.49,315,29789860
6660546,Kyori,11437.2,11066.96,144,29789861
23963818,noyur,10992.6,11066.68,2452,29789866
12728507,Daddy yankee,11491.4,11066.38,461,29789860
9557171,RYPSON,11701,11066.00,-630,29789858
17598977,chaniibak,11260.4,11065.92,742,29789863
13276741,_Kaczek_,11418.4,11065.29,685,29789861
7050679,Sturvos,11754.5,11065.21,-386,29789858
10414827,SpidiMun,11085.7,11063.71,1381,29789865
12949657,Alu,10730.2,11063.54,4169,29789870
24190290,walcart,11772.5,11063.08,-353,29789858
14888479,Yukari Yakumo,11024.5,11062.65,2480,29789866
8944472,Vandexior,11282.9,11061.79,989,29789862
10976672,frutiger aero,11542.3,11061.69,102,29789860
5585377,Chibi Maruko,11503.4,11061.58,366,29789860
16511599,Enderlegend87,11679.1,11060.36,-896,29789858
26243771,xotix,11803.4,11059.21,-591,29789857
30453456,Doctor Sylveon,11690.8,11058.90,-1097,29789858
14315987,Babnos,11758.5,11058.89,-953,29789858
13917798,Nostriah,11435.9,11058.40,473,29789861
1549620,r0ck,10938.4,11056.21,2042,29789867
17192433,averybadnoob,11764.9,11056.13,-839,29789858
25950535,Mrkotikgg,11533.5,11054.72,412,29789860
5293630,Toyota Wellman,11075.6,11053.80,1926,29789865
14220857,cloudinn,11565.7,11053.27,-393,29789860
15095654,oTwinkle,11413.5,11052.40,655,29789861
5104320,SeeL,11458.6,11051.86,294,29789861
3450654,AlfonsPL,10799.4,11051.58,2828,29789869
6868602,Street,11482.1,11051.38,202,29789860
9833112,reisa,10943.7,11051.00,3027,29789867
4794808,Purson,11178.7,11048.70,1339,29789864
2814070,FelixNy,11253.5,11048.23,833,29789863
6002735,enscribe,11770.3,11047.11,-512,29789858
14106178,KillomTry,11557,11046.73,-84,29789860
11345692,Eribetra,11714.6,11046.62,-403,29789858
13919811,pelsta,11088,11046.41,1655,29789865
11893703,bisbo,11262.4,11042.96,948,29789863
35331553,parkrat,11753.1,11042.40,-1075,29789858
15120705,Stogdy,11728.7,11040.61,-940,29789858
30771147,Izuumi,11515.4,11039.44,202,29789860
32142392,2012 messi,11368.9,11039.19,523,29789862
7062642,PoMAH nuBoBAPoB,11173.8,11039.08,1433,29789864
8991722,Natori Sana,11556.6,11038.59,650,29789860
9548473,darkyn,11853.2,11038.06,-1098,29789857
12744458,Viraelia,11527,11037.17,-604,29789860
13422451,ghost princess,11635.5,11035.63,-845,29789859
24807888,Zeabass,11589.6,11035.32,-698,29789859
10092945,Invii,11611.5,11033.30,-925,29789859
13234370,calista,11739.2,11032.81,-1016,29789858
10609949,MaypleFlower,11518.1,11032.39,-633,29789860
4430263,Just2Gud,11165.9,11030.88,1393,29789864
4913598,Shaiden,11456,11030.39,719,29789861
10690857,stum,11380.8,11028.85,173,29789861
7926288,Cokirius,11216.8,11028.37,889,29789863
6839526,altairdj12,11130.1,11028.30,1548,29789864
13046713,fni,11826.7,11026.10,-1000,29789857
12186880,TheCrow,11766.5,11025.91,-790,29789858
6405477,luis10barbo,11356,11025.57,482,29789862
6889400,Checkmate,11715.1,11025.52,-7,29789858
7928122,KekKeroNi,11586.5,11025.32,-230,29789859
22336550,PenguiN_zi,11679.5,11024.67,-728,29789858
23635008,darknessofUwU,10620.1,11023.43,4097,29789872
9300080,misaa,11274.9,11022.20,122,29789863
7431496,X2N_,11224.8,11022.10,71,29789863
1644514,hshs,11062.7,11022.02,830,29789865
1285637,Shiina Noriko,11037.8,11021.78,2357,29789865
16425951,Lu2nar,11371.2,11021.66,1371,29789862
10975425,RickAyy,11480.6,11020.59,-189,29789860
12602934,kittywake,11401.2,11019.74,217,29789861
12928847,Pamu,11455.5,11019.57,212,29789861
6385683,spreadnuts,11250.9,11016.12,576,29789863
4829231,Exai,10736.9,11015.54,3545,29789870
11798249,skibidi_ohio1,11426.3,11014.87,-221,29789861
10229925,enji,11539.7,11014.71,-444,29789860
26277369,Maron,11284.9,11013.21,1983,29789862
25541603,Cute Chicken,11833.2,11013.14,-677,29789857
3634152,Ryo Yamada,11305.7,11012.35,-19,29789862
11773944,BigBlack,11485.6,11011.32,-110,29789860
7686708,DK_,11083.1,11009.74,802,29789865
11070577,FAW,10858.8,11009.61,2007,29789868
11077136,Babakoon,11002.1,11009.14,1214,29789866
11172237,emile-,11064.2,11009.09,1811,29789865
17880075,-Volt,11909.5,11008.89,-1427,29789856
19795821,Rommix,11688.8,11008.36,-403,29789858
7263852,Kienaay,11592.1,11006.99,102,29789859
8044267,Chaoticy,11726,11005.96,-752,29789858
7943819,Mommy,11344,11005.10,210,29789862
15554489,SuperCZ,11816.2,11005.02,-987,29789857
1371974,Teppi,11113.5,11004.48,1162,29789864
12731071,vianca,10916.1,11003.81,43,29789867
7986499,Kasuga Ichiban,11217.6,11003.34,1375,29789863
3495610,Zhen Ji,11607,11003.26,88,29789859
9634394,balner,11284.8,11003.25,932,29789862
26249841,Wqlfing,11575.3,11002.80,-565,29789859
17684905,Swayzeee,11579.8,11001.03,-31,29789859
13786042,Bonnet,11674.8,11000.67,-1096,29789858
11058776,breadd-,11544.5,11000.61,-469,29789860
21443063,66socks,11375.3,10996.24,-581,29789862
6773017,Tapok1322,11050.8,10996.07,1743,29789865
16046372,RigorousHD,11855.8,10995.94,-950,29789857
6812094,ieu-,10965.6,10995.89,1961,29789866
13648653,GSDark,11598.3,10995.65,-732,29789859
11022258,[ kamiu ],11163.4,10994.83,1213,29789864
13256822,Chama_,11100.9,10994.52,862,29789865
19887890,ThatBoat,11743.3,10994.12,-877,29789858
1613663,Yunsmi,11362.1,10993.17,1193,29789862
14153669,Limidits,11672.3,10992.99,-302,29789858
4151585,cmnk,10832.4,10991.98,2491,29789868
15485742,N5tty,11344.5,10991.95,740,29789862
15844264,GRINDFICTION,11635.6,10990.56,-688,29789859
4674054,byfar,11256.3,10990.39,1979,29789863
18126732,joaoxw77,11916.4,10989.63,-691,29789856
4751678,Ichor,11254.2,10989.38,666,29789863
14931645,X1ANGLING,11552,10988.40,-443,29789860
15639107,Ares Stark,11421.4,10987.51,-478,29789861
16430553,- Sprite -,11036.9,10986.09,1204,29789865
15737631,frierenfan1337,11598.4,10985.40,-699,29789859
9313220,TamJai3Gor,10975.3,10985.00,1728,29789866
9096716,Ooi,11814,10984.66,-1264,29789857
11414953,Eryth,11247.6,10984.56,628,29789863
11698296,sandon,11612.9,10983.91,-707,29789859
17304640,intervalent,11560.9,10983.03,-637,29789860
12898016,Rui Kamishiro,11725.2,10982.73,-800,29789858
692042,DarkGuy,10839.1,10982.66,2092,29789868
12815341,Shinobu,11237.7,10982.25,170,29789863
526851,Qu1z,11222.7,10981.02,795,29789863
4571336,Floaddy,11617.8,10980.61,-726,29789859
2425779,Penoreri-,11292.2,10980.43,329,29789862
15568125,Lutfiann,11213,10979.39,1123,29789863
15453319,Furistic,10960.6,10979.31,1496,29789866
23863342,Neavako,11540.9,10978.37,-482,29789860
17284206,Jipoman,11255,10978.06,358,29789863
16228252,iamfishgiver,11456.2,10977.90,-8,29789861
12314341,Donksities,11359.8,10976.35,-112,29789862
8608327,Resh,11496.1,10973.72,-535,29789860
11508042,Ravene,11786.4,10973.26,-533,29789857
7624067,temporag,11313.2,10972.99,334,29789862
12201098,Watanabe Akari,11701.9,10971.90,-711,29789858
9476042,idiothoved,11372.3,10971.88,560,29789862
11377412,nutel,11405.3,10970.32,-81,29789861
13778459,Buriaku,11161.5,10970.09,1181,29789864
15767298,Pinossaur,11841.6,10969.85,-1032,29789857
17224381,-buhn,11540.5,10969.30,-546,29789860
5325213,KevstracK,11380.4,10967.27,191,29789861
16963997,Aston Machan,11757.9,10967.25,-1252,29789858
15897699,Tonhao,11241.6,10966.17,1461,29789863
4498616,MBmasher,11447.9,10965.74,-192,29789861
25899767,yallasm,11234.3,10965.65,757,29789863
17517577,karolasd,11622.5,10965.56,-268,29789859
8984272,Vozinha,11729.8,10965.43,-523,29789858
5156564,Bubba TK,11075.5,10963.55,1440,29789865
34610195,Trae Young,11920.6,10962.84,-1338,29789856
5586567,Distracted,11307.6,10961.57,207,29789862
13709605,Suzumiya,11648.7,10960.78,-491,29789859
8847379,snk,11376.3,10959.59,442,29789861
5256529,Nitroz,10591,10959.13,3710,29789872
11718327,onegan,11163,10958.85,1279,29789864
4241054,TheOmyNomy,11090.5,10956.56,1317,29789865
9387696,Goose King,11068.4,10956.47,397,29789865
13449586,BluJellu,11553.5,10956.42,-592,29789860
18567756,Husion,11310.6,10956.01,504,29789862
19563871,makkara,11215.6,10955.34,2107,29789863
29551679,solasi,11649.4,10953.48,-875,29789859
20558282,Ssseeebbbaaa,11843.2,10953.05,-1650,29789857
14925692,dxky,11708.7,10952.78,-1148,29789858
23179934,sacratus,11852.7,10952.29,-998,29789857
11671761,chromw,11624.1,10952.00,-409,29789859
16269640,Poshito,11307.4,10951.74,308,29789862
11488178,veryasian,11002.2,10950.90,1437,29789866
6566312,Niphora,11105.9,10949.71,1160,29789865
15908646,soopie,11062.6,10949.10,537,29789865
32825049,riichi,11599.2,10948.40,-623,29789859
8945180,molneya,10611.4,10947.38,3571,29789872
13999629,Cheriatric,11582.6,10946.97,-738,29789859
9924405,Raoul,11135.1,10946.80,1069,29789864
7426706,Have,10942,10944.90,1900,29789867
2911062,---Mikoto,10897.7,10944.34,1996,29789867
8828875,chikato,10447.3,10944.26,3795,29789875
6674408,Metalproz,11760.9,10944.23,-1149,29789858
10821032,That6Digit,11692.2,10943.63,-1066,29789858
5785607,Zenvio,11410.1,10943.23,-502,29789861
10258042,Hallucinogen,11352.7,10942.81,273,29789862
8759374,mahloola,10937.9,10941.53,1616,29789867
12073669,c1em,11362.5,10940.84,42,29789862
22104570,Eurenel,11503.2,10940.48,-317,29789860
18818598,_Pawpie45_,11695.8,10940.45,-908,29789858
11662013,Kakoto,11706.8,10940.19,-871,29789858
11050853,Evilhamster,11791.9,10937.91,-762,29789857
16087303,Karins,11670.2,10937.78,-792,29789859
10649224,greenyoshiyt,11193,10937.73,250,29789864
25278225,Paracetamol,11311.4,10937.43,204,29789862
8182461,Sayara,11555.1,10936.95,-52,29789860
3516728,Massimo99,10971.4,10934.69,1721,29789866
11563191,Haniche,11463.8,10933.02,-167,29789861
10475420,Ditroon,11708.5,10931.76,-861,29789858
5799627,v4rch,11319.6,10931.40,-249,29789862
6253995,hollaps,11767.9,10931.17,-2,29789858
10779632,heroiskawaii,11473.1,10929.33,5,29789861
14617688,niveria,11302,10928.93,316,29789862
21229598,Stereos,11697.1,10928.34,-1118,29789858
4772382,Aricin Fanboy,10598.6,10927.79,3030,29789872
11739831,Zigzy,11511.1,10927.48,-853,29789860
21344890,Kafelek123,11744.1,10927.43,-1316,29789858
11330344,k0alcj,11511.4,10927.29,-208,29789860
2242883,inya,11497.2,10926.72,-746,29789860
14041375,yenator07,11539.4,10926.48,-126,29789860
20427987,hazutora,10801.9,10926.19,2297,29789869
24076470,new low,11535.5,10925.82,-466,29789860
13811916,Chloe Pr1ce,11580.2,10924.41,-1106,29789859
9791892,hurty,10976.4,10923.65,1067,29789866
12876216,HIBRI54,11383.4,10923.58,120,29789861
11476355,barny228,11538.7,10922.38,-180,29789860
14578826,Kasuzu,11530.5,10921.52,-449,29789860
16314111,harunn,11426,10921.31,206,29789861
23339768,Flun,11457.2,10920.19,-134,29789861
8479655,playerosu,11563.4,10919.08,-351,29789860
11793115,Nerdoff,11075.8,10918.73,1247,29789865
16219419,Kayxo_,11513.1,10918.56,-1092,29789860
18773346,saarland gaming,11672.6,10918.35,-685,29789858
9149213,Tikef,11134.2,10918.31,879,29789864
4982095,Sakke,11224.4,10918.28,935,29789863
7260014,Korilak,11119.1,10916.60,1139,29789864
13752814,See,11200.6,10916.42,661,29789863
6938249,ParkourWizard,11211.5,10915.58,399,29789863
6300910,Nagi Seishiro,11208,10915.31,775,29789863
16922747,kateri_,10889.5,10915.16,1486,29789867
7851281,Pillows,11133.1,10915.08,1213,29789864
13165721,aokigahara_owo,11283.2,10914.31,-158,29789862
11124422,neimon,11595.6,10913.98,-698,29789859
15721637,PawzMyGame,11235.4,10913.01,53,29789863
15469516,doddack,11177.6,10911.69,-926,29789864
12106778,Gold Ship,11425.7,10910.39,558,29789861
5312102,-Shouta-Kun-,11378.6,10910.16,197,29789861
4907760,Roni484,11151.2,10910.15,1505,29789864
5309780,freemyswag,10777.4,10909.34,2566,29789869
12476432,Krazy_Corgi,11619,10909.27,-421,29789859
10304774,Ilmay,11238,10909.12,328,29789863
7223163,CrimsonDonger,11097,10907.94,409,29789865
15216246,Marie Leroux,11208.8,10907.69,639,29789863
10509043,P r a h,11041.7,10907.26,1263,29789865
7633130,Sagisawa Arisa,11125.5,10907.18,1188,29789864
10722016,m_iqbal_21,11120.2,10906.71,554,29789864
3316977,fea,10844.8,10906.62,2528,29789868
10920975,Komi Shouko,11725.3,10906.24,-697,29789858
35623832,Cool,11557.4,10906.13,-697,29789860
14491673,avascik,11380.3,10905.60,125,29789861
10736772,3614N,11711.5,10905.40,-513,29789858
12100938,[ Demo ],11457.4,10904.94,77,29789861
15960090,marty916,11341.2,10904.76,-297,29789862
10254249,Misagi,11405.1,10904.74,-647,29789861
2142966,TeRiRi,10963.6,10904.24,2457,29789866
5414124,Curren Bouquet,11074.8,10904.08,1425,29789865
18068748,SprlSllt,11862,10901.75,-1689,29789857
29147986,totiruocco0,11574.5,10899.95,-424,29789859
12947159,Tigerek386,11579.2,10899.37,-678,29789859
14758501,jellium,10646.2,10899.18,3360,29789871
12616850,Miisted,10933.4,10897.73,2058,29789867
1328939,Tobu,11395.8,10896.89,254,29789861
16016295,HyunminBak,11340.7,10896.82,-212,29789862
13104657,Katzae,11650.5,10896.41,-1187,29789859
31352024,Rur1n4,11411.4,10895.33,-289,29789861
16043684,Danyuu,11445.6,10894.70,-279,29789861
10053936,FietsAapje,11612.7,10893.18,-225,29789859
15815864,Certual,11011,10892.62,392,29789866
12309380,Shirushi,11402.5,10891.83,382,29789861
8257675,Vararaup,11212.4,10891.54,1218,29789863
12603952,mxie,10656.6,10891.45,2300,29789871
10172044,Mokha,11235.1,10891.33,218,29789863
12074432,crackhead,11457,10890.93,-783,29789861
7839397,vita,11036.6,10890.36,341,29789865
9723388,Ween wao,10755.9,10890.14,2332,29789869
11127365,Phix,11261,10889.76,-134,29789863
8935682,almond,11381.4,10888.88,-226,29789861
4989519,Luris,11494.9,10887.80,443,29789860
4483660,Sky_Delta,11107.5,10886.71,798,29789865
7795892,Jayden Daniels,11178.3,10885.65,327,29789864
11680959,Choksad,11192.4,10885.53,644,29789864
147515,Rucker,10808.2,10885.48,2169,29789869
8609496,AkiraSSG,10995.8,10885.16,1034,29789866
16750017,Sentralbuster,11599.7,10884.27,-1165,29789859
4291334,Jared on osu,11207.7,10884.21,190,29789863
10329976,hexaxp,11818.1,10883.82,-1294,29789857
1471889,Airis,11038.4,10882.64,1550,29789865
16361079,ElperroMX,10907.9,10882.46,1543,29789867
11473805,GLBETA,11091.7,10881.95,741,29789865
16155325,jem888,11668.6,10881.48,-989,29789859
7184934,capnjazzy,11406.7,10878.42,-352,29789861
12718783,DrHyper03,11078.6,10876.94,1815,29789865
15379548,- Mayumi -,11308.5,10876.89,39,29789862
13626946,CFGiel,11497.5,10876.81,-352,29789860
19863652,MeguminNoah,11524.3,10876.05,-379,29789860
10184191,Andrew osu,10975.9,10876.04,1354,29789866
15050718,Kanabis,11448.2,10875.68,419,29789861
4745025,Luminance,11432.6,10874.40,115,29789861
11504423,TrU,11339.5,10874.25,-327,29789862
8646059,UberFazz,11010.6,10872.16,883,29789866
29861470,najzer,11182.2,10871.87,458,29789864
9732417,Redzy,10932.6,10871.75,1342,29789867
2022445,imagaK,11368.1,10870.53,234,29789862
9900873,zamzi,11079.6,10870.32,792,29789865
11308471,Asriel,11100,10870.09,954,29789865
14398471,Rhetoric,11696,10868.43,-941,29789858
7640581,Teirin,11103.5,10868.43,466,29789865
5182623,Ontoryran,11400.2,10868.05,82,29789861
9915026,rootxh4rt,11544.6,10867.66,-773,29789860
12823156,[ viro ],11427,10866.96,-216,29789861
11111361,hubbard,10572.6,10866.54,3867,29789873
14367771,gadzzaa,11511.2,10865.52,-601,29789860
14348847,vozte,11143.3,10865.51,514,29789864
23462368,nijikaijichi,11557.8,10865.18,-1093,29789860
12967587,Swizzy,10979.5,10864.87,-261,29789866
7207725,Wew,11474.8,10864.76,-864,29789861
14318898,Onyon,11388.3,10864.56,-443,29789861
14943002,lersad,11367.5,10864.33,-1051,29789862
20276787,FyreV4,11430.2,10863.93,-463,29789861
4704608,Daren,10903,10863.31,1915,29789867
9507565,N1ghtbeat,10966.6,10863.07,2121,29789866
21706431,man gaming,11325,10863.00,269,29789862
3898396,Seol Yoona,10911.3,10862.68,1767,29789867
10613132,Patto,10966,10861.66,1576,29789866
1638369,GoDoFDeath,11388.2,10861.43,-231,29789861
9409116,Damin,11358.6,10861.31,-239,29789862
3687489,ChronoTrig,11248.5,10860.98,85,29789863
18517514,Zalur,11251.6,10857.56,264,29789863
14000950,Surtur,11147.2,10857.48,597,29789864
8812593,RemyKo,10974.8,10856.75,1100,29789866
12061914,Mistermotus,11370.2,10856.49,-40,29789862
25946047,sixp,11610.4,10856.44,-1058,29789859
3577226,ZumzertoZan B18,11579.6,10855.45,-481,29789859
6796557,Samoyed,11320.9,10854.98,432,29789862
3188703,Zaqlev,10983.2,10854.58,1429,29789866
11941402,lalu,10672.9,10854.43,2121,29789871
15184464,zaizai,11350.5,10854.39,-813,29789862
10678919,CubeixID200,11123.8,10854.36,1324,29789864
15651535,JaumApenas,11546.6,10854.05,-602,29789860
13490353,THElegendPLL,11712.8,10853.74,-736,29789858
15811852,merm,11086.9,10853.70,305,29789865
13926341,- Sasori,11607.6,10853.42,-733,29789859
25489493,extraMRX,11498.4,10853.30,-417,29789860
16149159,hippocripp,11457.3,10852.87,-847,29789861
3222676,zzzbored,10574.3,10852.64,2855,29789873
18693500,Elphelt,11182.3,10851.96,361,29789864
13669412,Pakku-,11412.6,10851.92,-847,29789861
14263023,hein on osu,10909.6,10851.02,1408,29789867
12553985,BusinessGoose05,10694.8,10849.73,2285,29789871
19871654,desmii,10899.9,10849.40,1909,29789867
12844734,suz,11725.6,10849.22,-1524,29789858
5179043,-Hikku-,11260.1,10844.08,-110,29789863
4535785,Saimonea,10761.9,10843.16,2717,29789869
7233543,I love Emilia,11017.5,10842.95,161,29789866
10038930,Kucheryavyy,11520.7,10842.87,-881,29789860
12536000,albazz,11449.2,10842.76,-873,29789861
11815714,Seabird,11331.7,10842.48,541,29789862
12274556,Stiffu,11562.7,10842.07,-536,29789860
14258421,[ JP ],10940.3,10841.64,1430,29789867
2165622,Agnes Digital,11376,10840.81,-408,29789861
14364703,samuuurott,11387.5,10840.33,71,29789861
4651270,tutur2224,11370.1,10840.16,-451,29789862
7153533,onkar,10683.8,10838.78,2620,29789871
5207524,zeekrrr,10918.5,10838.62,1345,29789867
11243637,r3verie,11164.6,10838.30,1305,29789864
8576234,kaiyuu,11603.5,10837.94,-1350,29789859
9324510,MinsterDA,11811.9,10837.86,-1068,29789857
36619522,gummyyyworm,11460.8,10835.84,-997,29789861
13109448,Humberto-tan,10830.4,10834.79,2683,29789868
18583259,Caprilol,11196.6,10834.26,561,29789863
15342657,sainai,11252.9,10832.47,-881,29789863
25742181,iiigopnik,10870.5,10832.19,268,29789868
6837242,Glenn,11486,10831.85,-730,29789860
14929183,mamba mentality,11522.5,10829.53,-847,29789860
13643180,Wedge,11500.1,10827.98,-225,29789860
18646411,MDPY,11467.4,10827.69,-170,29789861
6311605,meersu,11221.2,10827.01,760,29789863
8158518,Illegal,10867,10826.86,1174,29789868
17278260,axol,11454.9,10826.22,-872,29789861
7060243,Vell Durn,11230.2,10825.07,-11,29789863
14776812,[-Pure Ruby-],10880.8,10825.05,2475,29789868
18488472,kioalne,10750.8,10824.95,2035,29789870
11048625,[sledge],11203,10824.74,-93,29789863
21644645,Shrikyun,11258.8,10824.71,-215,29789863
25068514,kosyak,11396.9,10824.69,-559,29789861
7745755,Slonlk,11148.4,10823.15,1008,29789864
12948391,quit www,10976.3,10822.85,1197,29789866
12853728,Halation,10753.7,10822.63,2170,29789870
20190942,site0121,11456.6,10822.20,-210,29789861
20778568,Useless Can,11625.5,10821.72,-1438,29789859
10179274,Vasaman,11493.7,10820.83,-696,29789860
17706086,reshamen,11189.9,10820.67,55,29789864
10065568,LoonW,11478.3,10820.53,-1133,29789861
19911567,slepingcookiegi,11521.8,10819.41,-168,29789860
10025733,Totoo,11004.7,10817.26,542,29789866
9536345,Cinnamon Twist,10966.5,10817.20,1610,29789866
13241206,Loopes,11456.9,10817.12,-701,29789861
11255713,zKiyoko,11213.7,10815.87,-300,29789863
20864743,ThuNguyen Grape,11162.2,10815.09,1093,29789864
16196228,AlexGreeningham,11539.8,10815.01,-997,29789860
6141826,Azxrni,10980.5,10814.97,891,29789866
7429772,Megii,11409.3,10814.83,-380,29789861
9002264,Suva,11658.6,10814.80,-1202,29789859
10979654,elim,11251.8,10814.75,-79,29789863
18195548,hypher47,11446.9,10814.66,-674,29789861
11506555,suenzy,11284.6,10813.41,-236,29789862
10557529,saomi,10808.4,10813.12,1578,29789869
7902390,avon,11644.2,10812.27,-1278,29789859
14387525,_Apollyon,10833.9,10811.41,1745,29789868
8779938,Voltronn,11202.4,10811.16,990,29789863
15806578,oekward,11124,10810.00,-86,29789864
6200807,karott90,11298.9,10809.92,287,29789862
22946491,cryshina79,10806.3,10809.56,1654,29789869
2803031,Vinswag,10674.8,10809.27,1784,29789871
6437445,Fichi,11206.4,10809.11,54,29789863
13670830,keiha,10994.4,10808.80,1184,29789866
32506052,Mdar,11609.2,10808.79,-725,29789859
10199656,Jo Yuri,10940.1,10808.74,1427,29789867
8112504,Stressed,11448.5,10808.70,-849,29789861
13686468,Dr Skill Issue,10739.2,10807.15,2143,29789870
18255105,imgrandmaster,11529.4,10806.67,-1124,29789860
11353707,HomingLesi,11185,10806.38,184,29789864
13255567,Fightly,11389.7,10805.33,-782,29789861
7427035,Chompy,10603.2,10805.08,2957,29789872
10552613,unmei,11602.3,10804.91,-1193,29789859
19547995,kilkanerch,11420.9,10804.64,-606,29789861
10517248,_leif,11125.9,10803.50,300,29789864
16205029,_EpicEnder,11381,10803.15,104,29789861
14462140,tyr6,11203.6,10802.85,-527,29789863
15270835,-[ YasuoMain ]-,11589.2,10802.35,-635,29789859
16677013,myangel Yoshino,11290.1,10801.83,-160,29789862
10249166,namirin1,11436.2,10801.31,14,29789861
7503114,Sampo,10882.2,10801.11,1931,29789868
11693401,ImReallyMonika,11093,10801.10,170,29789865
16186403,Nakrobsayhi,11417.3,10800.49,-184,29789861
7326548,[Soju_Desu],11069.1,10800.06,21,29789865
3394696,Salvotore,11023.3,10799.52,808,29789866
10225573,Fiplz,11516.5,10799.24,-969,29789860
9550257,ToshiroKen,11080.4,10798.75,1118,29789865
12327038,Usamii,10894.3,10798.62,1880,29789867
11545816,tsunyun,11008.5,10798.12,1171,29789866
2086138,_AfterWind,10842.8,10797.68,1170,29789868
4555814,ahmad,10893.5,10797.21,1443,29789867
17593408,PleBoi,11323.3,10797.10,-312,29789862
15564660,Emjae,11469.6,10796.88,-717,29789861
18649076,AWhitePhoenix,10424.6,10796.37,3670,29789875
10839845,-Alby-,11264.8,10795.24,-298,29789863
9240491,JiggyChrono,11473,10794.84,-1022,29789861
13981291,Chan-tal Janzen,11297.6,10794.15,-33,29789862
5958063,eerie,10813,10794.09,1709,29789869
9531007,fishing license,11535.4,10794.05,-1034,29789860
27122738,the woke left,10797.1,10793.07,2020,29789869
4138879,Audiosurfer,10593.7,10792.53,3028,29789872
18670625,Takeless,11332.3,10791.69,-597,29789862
11373038,JC77,11400.5,10790.82,-616,29789861
14407708,guardian angel,10909.9,10790.39,1636,29789867
9919528,Mohammad s,11441.4,10790.36,-948,29789861
18343607,Freezay8,10972.5,10788.63,874,29789866
11287956,MyAngelToushi,11374.9,10788.61,-418,29789862
15442713,Artena,11190.6,10786.92,211,29789864
10665265,chxkyqqe,11523,10786.07,-570,29789860
14302513,Zedehz,10703.6,10785.49,1419,29789870
13199059,Quackerz,10816.1,10784.57,2338,29789869
9936804,N i c o,11082.3,10784.06,890,29789865
16386592,Jeon,11373.4,10783.85,-457,29789862
12023323,Balma,11375.8,10783.48,274,29789862
11776467,steam667,11620.1,10782.30,-342,29789859
3079214,Hare_,10472.1,10781.91,3170,29789874
19065152,Stoast,11313.9,10781.84,-870,29789862
2353581,Tanaka Hime,11289.3,10781.76,-162,29789862
9738202,Spok,10551.5,10781.24,2826,29789873
11533741,beep,11306.7,10781.04,-269,29789862
9050766,Foerster,11246.9,10780.58,-259,29789863
4911870,[SHK]Shamiko,11337.3,10779.81,-782,29789862
4899393,PAJWOJ,10795.3,10779.81,1554,29789869
19823287,Muhlebushka,10613.9,10778.94,2908,29789872
16396650,Ayamaki,10843.2,10778.07,1955,29789868
16323116,slim shady,11586,10777.76,-1623,29789859
9832900,Suunr1ze,11250.3,10777.72,-235,29789863
12586452,Chyruti,11459.1,10776.50,-817,29789861
1049999,Lilia,11031.4,10776.38,1346,29789866
9531903,FrenZ,11364.6,10776.02,-177,29789862
3389195,Leiv,10865.8,10773.61,1061,29789868
30220752,aeros,11418.6,10773.44,-204,29789861
13406067,Ethannu,10994.8,10772.76,505,29789866
3638962,-Tynamo,10803.5,10770.92,2055,29789869
9547561,Mema,11265.1,10769.29,-99,29789863
11688228,Long,11317.7,10769.24,575,29789862
11740073,846553767646068,11039.4,10766.68,881,29789865
8110821,polkip,10926.4,10766.55,2209,29789867
9369130,nytou,11410.6,10764.98,-652,29789861
14878652,AlefGdxD,10625.9,10764.63,2878,29789872
2014867,Alevari,11216.4,10764.61,-137,29789863
12681578,bluezenithgames,10924.6,10764.47,1110,29789867
8150535,Fejlan,10608.6,10763.01,2486,29789872
4996910,Playzify,11426.5,10762.87,-386,29789861
9412127,moar,10666.4,10762.26,2262,29789871
6069540,Chemistry,10490.8,10761.99,3254,29789874
12474947,falaa,11384.4,10761.78,-406,29789861
13250784,ayakalover123,11572.4,10761.72,-1115,29789859
12968924,vinnyx04,11282.1,10761.53,443,29789862
14969539,tysoning,11355.9,10761.42,-515,29789862
11120341,moeka,10831.1,10758.78,2175,29789868
13025254,dazz,10748.9,10758.75,2146,29789870
6749564,Ak1ra,11511,10758.46,-884,29789860
11645243,[-HONORIN-],11294.5,10757.46,-482,29789862
9737185,ch0co,10610.9,10757.21,3481,29789872
9697769,TiRa,10949.8,10757.10,2007,29789867
5784075,[ Larssen ],11049.7,10757.08,636,29789865
8755469,Sotarx,10803.3,10756.84,1345,29789869
15406353,Nuwo,11316.7,10756.82,-271,29789862
8352298,CosmicWolf,11057.4,10756.07,689,29789865
10728620,Nyura,10822.3,10755.91,1688,29789868
5791467,-Kiichirou-,11103.2,10755.79,247,29789865
9342760,TheSVONOX,11152.5,10754.91,230,29789864
14293540,Yuyuope,10808.3,10754.25,1964,29789869
7316639,Metridium,11522,10754.05,-989,29789860
7668715,Gamanoid,11346.3,10754.01,-337,29789862
419954,Regou,11050.2,10753.83,135,29789865
12133987,jayson92,11498.8,10753.72,-780,29789860
18442062,Boh,11508,10753.23,-1261,29789860
4681410,jms8721,11019.4,10752.15,791,29789866
14300067,Wish_,11081.2,10752.12,727,29789865
15243998,LusciousPotato,11166.6,10750.81,-746,29789864
16287466,nonce,11346.5,10750.38,-432,29789862
8686982,Toochags,11285.4,10750.06,-380,29789862
2060046,Sieela,10871.5,10749.88,731,29789868
6559190,Zacil,11314.5,10749.45,-754,29789862
14726718,YeLing,11471.7,10748.44,-533,29789861
13986379,Galahad80,11124.6,10748.11,204,29789864
10502370,Soyarin,11399.4,10747.92,-520,29789861
14044852,ilusha1908,11537.8,10747.21,-1122,29789860
13090928,frankovv,10803.9,10746.51,1518,29789869
5889285,mario5,11414.1,10745.97,-478,29789861
7524649,FakeToy,10784,10745.81,1626,29789869
3492649,sk0,10784.1,10744.04,1633,29789869
6433183,silly me,10939.5,10743.35,947,29789867
12892636,Alcadia,10401.8,10743.14,3769,29789876
14283437,R2cubika,11274.4,10742.32,-58,29789863
6068543,UltimaticCatz,11108.5,10741.94,611,29789864
9618380,Ertay,11345.1,10741.91,-619,29789862
9501845,kirei_,10858.6,10740.47,1455,29789868
21367671,[Levi],11274.8,10740.41,-451,29789863
4746949,Dasvidaniya,10909.2,10739.94,1181,29789867
6902020,Hecarione,11193.4,10739.57,49,29789864
10315628,Nezunyan,11085.2,10738.38,639,29789865
17558867,B4rISka,10677.5,10737.14,2728,29789871
13103667,Chiicco,11360.3,10736.54,186,29789862
6373382,AmericanPenguin,10562.5,10735.83,3668,29789873
12203997,Diiiooon,10687.3,10735.82,2185,29789871
28337530,Creampan,11443.3,10735.25,-1023,29789861
14257184,Hakuruq,11290.7,10734.74,-102,29789862
14674958,FROWN PLAYER,10879.8,10734.08,1153,29789868
4087422,Cornfield,11063.7,10733.70,321,29789865
15372871,MyAngelfulltilt,11400.9,10732.68,-697,29789861
7339984,diam0ndeyesz,10915.3,10732.26,927,29789867
19991687,Lunaten,11134.9,10730.75,528,29789864
11252188,Rezh,10671.3,10729.18,2057,29789871
11406480,-Tamamo-,11569.8,10728.72,-587,29789859
27911379,Crops,11267.4,10728.50,-339,29789863
10886314,Snorlax,11552.4,10728.31,-1343,29789860
4075655,970,10804.8,10727.83,1651,29789869
11858088,lokikaos,11140,10727.42,-28,29789864
7563435,PCBetaphish,11174.9,10726.98,71,29789864
7165344,Kughxy,11132.5,10726.18,275,29789864
15720097,_SushiTy,11050.4,10725.97,237,29789865
14660679,julinko,11709.8,10725.88,-1382,29789858
30269264,drq1_,10962.2,10724.76,17,29789866
18628943,Screamzy,11282.2,10724.69,-187,29789862
9448758,hoshinatera,11487.5,10724.33,-1162,29789860
10559833,PowerAge,10501.6,10724.33,3296,29789874
19009151,Saud,11490.7,10723.92,-638,29789860
18212788,RAiMEi_BOTTliUM,10897.8,10722.70,1747,29789867
4803900,ArkShadow,10886.5,10721.96,881,29789868
6906789,Tedda,10952.7,10720.97,682,29789867
18841145,Lancelott,11430.6,10720.88,-1045,29789861
11636611,Icecream,10882.3,10720.70,1105,29789868
15842178,Guillr,11289.4,10720.66,-1000,29789862
7890434,tranqui,10809.1,10720.26,1571,29789869
6595616,Mirek,10715.3,10716.72,1258,29789870
11102760,Redhair,11019.9,10715.52,618,29789866
15761757,Vaychi,11044.3,10715.11,764,29789865
8842142,yawarakai,11283.1,10714.86,-12,29789862
15053936,a_zachem43,11383.3,10714.19,-80,29789861
8178552,WayLand,11060.4,10713.93,423,29789865
5245251,Mankey,10944.7,10713.67,908,29789867
7460347,sojh,11216.2,10713.00,181,29789863
18978627,NickBezKonca,11004.3,10712.92,1086,29789866
6102099,petr,10979.9,10712.59,725,29789866
3665047,Roman_Pokora,10707.5,10712.42,1873,29789870
5281857,Rushy,10902.9,10711.40,660,29789867
9596684,adiguwno,11218.4,10711.32,-643,29789863
4939107,z0mbir,10622.7,10710.70,2219,29789872
16042959,wantoon,10633.5,10710.52,2096,29789872
16133097,Paraca405,11475.5,10710.48,-1208,29789861
6043627,cahsun,11013.8,10710.39,1201,29789866
29752093,zxbchess,11315.7,10709.84,-878,29789862
7465156,THEMASKMAKER,11228.2,10706.94,-158,29789863
5252968,mocaccino,11035,10706.00,1138,29789865
17785686,Awushii,10730.9,10705.64,1942,29789870
8503380,KRISSSSSCHHHHH,11532.5,10705.55,-1476,29789860
7696512,Hoaq,11329.5,10705.44,-885,29789862
10426355,-warb-,11165.2,10704.87,-638,29789864
14742447,GDKicaj,11293,10704.44,-1270,29789862
11638561,baconelsker,11324.9,10704.26,-486,29789862
13161995,-rixia-,10781.6,10704.15,980,29789869
9317883,Leehai,11478.9,10703.65,-1061,29789861
17557184,ShamiruKi,11430.5,10703.62,-1601,29789861
4375125,Nowitskey,11060.9,10703.33,-118,29789865
16003487,psychoku,10721.3,10702.25,1711,29789870
11236555,ordinary,11187.6,10702.23,-447,29789864
14706828,Mito,11244.8,10702.16,-777,29789863
234788,NaRiTA TaiShiN,11104.5,10701.97,251,29789865
32390879,turbo_igor_777,10363.9,10701.68,4204,29789877
29845395,zmops,11423.2,10699.71,-1261,29789861
16069829,Honma Misuzu,11231.1,10699.56,-313,29789863
16799786,Freqing,11451,10699.21,-1257,29789861
9921139,floccina,11218.5,10699.11,260,29789863
11026386,Valentz,11000,10698.23,799,29789866
7020670,Omgurafi,11363.4,10697.26,-616,29789862
6995685,Margo,11283.5,10696.65,360,29789862
9462202,Ronaldinho,11354.2,10696.60,-437,29789862
21395295,_BLue,11104.7,10696.49,181,29789865
9406725,meddle,11328.5,10696.20,-911,29789862
14932209,skitsu,11079.3,10695.20,449,29789865
2440191,-LucidDream-,10840.9,10695.11,1088,29789868
10728046,Buzdygan,10915.2,10691.85,768,29789867
5917917,art,11143,10691.29,638,29789864
10304296,mvrrko,11279.3,10689.99,-599,29789862
10795251,eita porra,11504.5,10689.90,-1208,29789860
11231410,UserSeif,11406.3,10689.55,-964,29789861
11390568,Viviene,10794.3,10689.39,752,29789869
14514778,Akzk,11181.3,10689.12,-507,29789864
8189611,Cupid2,10707.8,10688.74,1382,29789870
1208858,Vettel,10840.7,10688.63,1332,29789868
8707087,datveno,11072.2,10688.60,31,29789865
34326936,Sanvie,11112.9,10688.36,-170,29789864
6988796,E-why,10588.2,10688.16,2327,29789872
2984823,onyaga,11033,10688.15,723,29789865
15893458,P A D O R U,11141,10687.51,47,29789864
17720771,angeIo,11386.3,10686.66,-570,29789861
6857843,cIementine,11204.6,10685.75,-738,29789863
4759050,Mortal,10584.2,10685.49,1426,29789873
7521804,parkinsonboy,11239.6,10685.21,62,29789863
8566660,MokkoriRyo,10606.3,10684.28,2891,29789872
11476143,bgm16,10819.6,10684.17,1725,29789869
10659233,BTG4,10136.5,10684.17,4342,29789882
11516061,Keyend,11005.1,10684.16,519,29789866
12034589,Mandea,11160.4,10684.11,-900,29789864
6223734,Sifonez,11344.7,10683.23,-754,29789862
2644700,Fenrir,10741.3,10682.83,2131,29789870
17287370,atou,11445.8,10682.51,-903,29789861
12782279,StellaBun,11399.9,10682.46,-869,29789861
10554568,--k,11068,10682.27,87,29789865
2472609,Imokora,10951.2,10681.80,1393,29789867
7266197,Chyrubi,11099.1,10680.72,14,29789865
18911970,_Bruh,11491.5,10680.11,-1021,29789860
3494615,PieFlavours,10394.3,10679.31,3433,29789876
13999216,Lily Chou-Chou,11151.6,10679.05,319,29789864
9539163,Barometz,10826.2,10677.67,1349,29789868
7385724,ForksInTrees,10739.8,10676.85,2009,29789870
10301769,ibce,11358.7,10674.84,-470,29789862
12181599,Zebahlinni,11414.5,10673.27,-1432,29789861
6129995,boblint,11137.8,10673.00,-48,29789864
24970933,Mika1211,11015.1,10672.91,-389,29789866
4003979,konawiki,10859.6,10672.83,1200,29789868
27099972,Henry2,11387.2,10672.76,-859,29789861
10789720,DerpyFox,11242.7,10671.86,-639,29789863
15000319,Syles,10940.5,10671.65,735,29789867
12622111,Josee is my luv,11177.7,10671.11,214,29789864
15302347,W1nn1e,10914.3,10670.83,751,29789867
18373250,Astrial,11091.9,10670.79,-719,29789865
11138242,Xi Flashlight,11010.9,10670.76,322,29789866
22067837,boxboy,11116.8,10670.05,105,29789864
5691595,-ploo,11048.8,10669.91,206,29789865
10344994,Hanetsu,10841.9,10669.24,1328,29789868
9749695,skylily,10819.3,10669.04,958,29789869
13241562,DarkScrap,11020,10668.43,571,29789866
15010335,Klee_Torru,11392.6,10668.41,-1230,29789861
6761714,Harpy,11107.2,10668.03,154,29789865
15177293,Nesus,11162,10668.02,-1048,29789864
13687646,ganja995,11442.2,10666.90,-1290,29789861
4280886,Terrmmy,10691.1,10666.74,1213,29789871
7329820,-Tao,11069.2,10665.12,60,29789865
16631623,Spectrier,11440.4,10665.03,-1512,29789861
4172839,CPUGeek,10772.5,10664.01,1924,29789869
8617078,Sapph,11188.8,10663.89,-229,29789864
34710359,Enley,10802.8,10663.66,-909,29789869
13704513,akaisha,11192,10663.48,-764,29789864
8077696,Bikkofollower,11235.8,10662.40,-477,29789863
14180303,FubukiShirakami,11198.2,10661.72,-284,29789863
4700864,Razekon,10695.6,10659.55,1712,29789871
17010088,AsianEnd,11089.7,10658.28,104,29789865
6507634,NEOBLAZER23,10827.9,10658.26,1053,29789868
4539107,mq_,10749.4,10658.21,1717,29789870
12908955,-_-WeiWei-_-,10638.2,10657.23,1546,29789872
24658561,ikigatsumaru,11466.5,10656.76,-1497,29789861
7942443,Everywhere,10659.1,10655.81,481,29789871
32843072,jamoji,10920,10655.79,358,29789867
11673691,junsu1,11426.4,10655.73,500,29789861
13721982,Keep Grinding,11091.8,10654.93,379,29789865
14332949,now89,10967.8,10653.80,-248,29789866
19271890,NotKiru,11477.4,10653.39,-1419,29789861
5946601,ranlore,10747.4,10653.19,969,29789870
5554231,brahm,11089.6,10653.07,162,29789865
12379868,Lex_Al,10959.3,10652.27,623,29789866
10333896,Hyper0cube,10976.1,10652.18,504,29789866
12303351,jajajajp,10733.3,10651.92,1171,29789870
15226762,madeinkr,11209.1,10651.76,-491,29789863
13860274,Valor1248,11315.9,10651.71,-1099,29789862
15387556,Mike Hawk,11279,10651.26,-602,29789862
11989198,Lotus,11279.2,10650.22,-633,29789862
7141372,Dip,11125.4,10650.12,-389,29789864
8503743,Izzeee,11164.8,10649.41,-388,29789864
8911965,krio,11174.7,10648.75,-82,29789864
16100669,Darkxide,10729.3,10648.56,1075,29789870
19052463,Jehn,10891.4,10646.85,1391,29789867
14714301,Juampus,11219.6,10646.06,-899,29789863
3213430,Graguan,10666.1,10645.20,1201,29789871
18272338,Geometryville,11090.8,10644.92,332,29789865
32213343,invokerk1d,11252.7,10643.98,-667,29789863
2575976,Lua,10360.8,10643.57,3093,29789877
3937562,SoraElohim,10855.5,10643.24,978,29789868
10864040,Heipharambe,11267.9,10642.06,-369,29789863
20527339,Blasta,11452.2,10641.58,-1049,29789861
6544807,Empyreal,11354.3,10640.90,-443,29789862
15928509,sugaku,11025.3,10640.84,-36,29789866
5286833,Fr0zen,11094.2,10640.12,92,29789865
15087914,torrac,11377.5,10639.58,-463,29789861
17175586,Lollipo0p443,11328.6,10639.12,-739,29789862
15825922,Akairi,11200.5,10638.93,166,29789863
13961404,c1aymore,10466.1,10638.31,2803,29789875
4468765,KABA,11034,10638.21,394,29789865
10369473,Cute Femboy,11006.5,10638.12,239,29789866
16111920,Necodesu,11232.9,10636.82,-754,29789863
13580960,InvincibleToe,10908.5,10635.49,538,29789867
13597647,Referee,10852.9,10634.81,-68,29789868
18133003,believer_i,11238.5,10634.20,-794,29789863
2770796,w1sp,11067.4,10632.94,467,29789865
13293254,Chalks,11156.9,10632.49,-657,29789864
29627547,pretty kitten,11221.1,10632.41,-418,29789863
16686839,MrAvocadoTHX,11271.5,10632.18,-760,29789863
11128641,CJD Simplex,10964.2,10631.94,-151,29789866
29460766,Filizanowski,11074,10631.69,177,29789865
1856829,Firstus,11067.1,10630.81,499,29789865
21623337,demon munter,11379.3,10629.03,-1411,29789861
8567485,[ Skylak3 ],10477.7,10628.99,2584,29789874
14408373,aim trainer,11347.6,10628.90,-906,29789862
17779288,SoStari,10732.5,10627.82,1265,29789870
12072320,Shozu,10572.4,10627.59,2211,29789873
6990066,R3m,10913.7,10627.54,432,29789867
10925506,SirPingu,10586,10626.61,1550,29789872
9911501,parkmin123,10618.7,10626.38,1689,29789872
12342214,Phaniss,10928.2,10626.16,377,29789867
13036140,brujconqueror71,10883,10625.88,418,29789868
6142472,Literal Garbage,10873.8,10625.76,310,29789868
16644385,MaxClap,11394.9,10625.31,-1009,29789861
4922584,Kites,10700.3,10622.82,1391,29789871
3181083,AJT,10516.7,10622.62,2256,29789874
8934294,FoLZer,10861.2,10622.29,1136,29789868
14285691,TerriblyGood,10984.6,10622.26,-562,29789866
3683323,Kosmonautas,10973.8,10621.79,763,29789866
12004023,Austinsanity,10842.9,10621.62,724,29789868
8788898,mannheim,10813.8,10620.31,1217,29789869
16932984,arz67mangos,11327.7,10619.53,-1138,29789862
9657324,Mia-,11252.1,10619.01,-953,29789863
13676120,Etfard,10494.8,10618.43,2063,29789874
6989615,UC2,10156.8,10618.42,4075,29789881
12581533,Mahiru-Shiina,10713.4,10618.36,1238,29789870
9739455,fuyumiria,10725.1,10617.87,1287,29789870
3870420,YomiO,11280.4,10617.80,-136,29789862
15907157,Murkano,11326.8,10617.60,-1068,29789862
3714994,CookieClicker,11260.3,10617.49,-700,29789863
16814997,ChunkyGoatMilk,10930.5,10617.23,50,29789867
21344699,Pogoclick,11076.4,10616.39,-371,29789865
6411190,Ntikakis,11097.6,10614.43,-446,29789865
21006823,Planomai,11606.3,10613.35,-1659,29789859
2351439,Kotor1,11156.2,10613.23,-174,29789864
1981187,Santeri,10802.5,10612.39,1088,29789869
18378273,DanzyZ,11288.1,10611.62,-470,29789862
22771682,cristo153,11562.6,10611.52,-1410,29789860
12585858,Laplus Darkness,10840,10611.38,485,29789868
20070193,Icedean,10859.7,10610.46,-1124,29789868
17133127,UnwaryTuba77,10921.4,10609.98,509,29789867
19162925,Lama2,11206,10609.31,-284,29789863
22906442,Genkai,10576.6,10609.31,2045,29789873
14504308,cyrosiax,11285.9,10608.42,-1149,29789862
18378326,oihix,10598.3,10608.26,2131,29789872
18076009,i was here pogu,11490.2,10606.92,-1098,29789860
14341330,75sam,10579.4,10606.55,2223,29789873
21180640,Hayakou,11072.9,10606.53,93,29789865
20705496,WolfBoi,10022.7,10604.89,4622,29789884
7237798,-nekodeath,11323.8,10604.42,-614,29789862
8676747,Anaether,10874.8,10604.11,940,29789868
23277031,komalister2,11350.7,10604.02,-1232,29789862
6473092,kbwaaablya,10936.4,10603.15,943,29789867
30179040,stickphone,10955.9,10602.25,-377,29789866
10683628,PFFFFFFFFFFFFFT,10218.6,10601.89,4194,29789880
18321104,walmart palr,11147.3,10601.62,-54,29789864
12045020,_Salt,11159.6,10600.71,-730,29789864
19384155,szoszimo-50,10997.8,10600.52,-680,29789866
13005943,Lighttt,11063.5,10599.63,-297,29789865
13645689,Photonics,10311.2,10598.40,3779,29789878
14080825,Apollo685,11476.2,10597.71,-1792,29789861
9426712,browiec,11189.3,10597.14,709,29789864
17337686,Marlintuna,10948.7,10597.06,345,29789867
9010492,Val,10892.8,10596.18,763,29789867
6545695,Rasea,10720.2,10594.24,1352,29789870
4346550,Yuuthi,10821.9,10594.13,895,29789868
35691338,Danoninoplayer,11234.8,10594.03,-1074,29789863
9912591,Nameless,10577.9,10594.01,1891,29789873
16624525,celest,11400.8,10593.99,-1350,29789861
16339761,himeka,10931.8,10593.73,182,29789867
5394938,Pigssaymoo,10747.1,10593.23,1399,29789870
17958667,FelixSosa,10974.9,10593.01,-64,29789866
10504604,Wapiesh,10836.8,10592.77,1387,29789868
13902231,zachboi,11153.6,10592.73,-207,29789864
8414284,Markus,10643.7,10592.33,1913,29789871
20074056,Akanat,11267.6,10592.08,-1411,29789863
12671619,Namtsuu,10860.1,10591.72,30,29789868
12336674,Squams,10894.9,10591.25,587,29789867
5559643,Murakoi,10732.7,10590.24,1205,29789870
19709801,scuri,10997.7,10589.74,692,29789866
12345641,Kuzuha,10699.7,10588.95,915,29789871
6073841,Yuiop,10853.1,10587.70,917,29789868
13327696,LeBron R James,11338.4,10586.89,-727,29789862
30577346,Pixlyst,10459.3,10586.31,2657,29789875
2574658,Yura Rin,10644.1,10586.20,1559,29789871
4889617,kransee,10604.9,10585.70,1749,29789872
9517052,Fiilip,11062.5,10585.63,277,29789865
10266275,AnyaShy,11268.4,10585.60,-417,29789863
7752498,iDant,10837.8,10585.59,376,29789868
5200499,ExImperia,10606.6,10585.39,1558,29789872
8796550,PXZz,11062,10584.92,-29,29789865
4748791,Cla,10374.7,10584.83,2486,29789876
7564205,rusher_808,11018.1,10584.23,253,29789866
4930467,James Doakes,10741.1,10583.34,743,29789870
14336423,ReviaKung,11013.5,10582.77,178,29789866
11260324,Dazylele,11266.4,10582.62,-954,29789863
16018790,taronado,11151.4,10582.27,-636,29789864
12552777,9mahiru,10865.1,10581.68,247,29789868
11210229,Eniujqd,11138.6,10580.85,-93,29789864
12559963,Beasttrollmc2,10912.6,10580.48,-146,29789867
12647024,anagor,11269.6,10579.96,-770,29789863
12323971,milim,11070,10579.28,-365,29789865
7946003,Duts,11147.6,10579.03,-47,29789864
7963246,Blackmoderm10,10898.8,10578.75,332,29789867
4282963,vitoco,10616.7,10577.51,1742,29789872
4710482,EndingNote,10926.5,10576.49,607,29789867
13187450,Caruma,10687.6,10576.39,677,29789871
56917,fartownik,10724.8,10575.85,1747,29789870
8204345,RMEfan,10980.6,10575.02,213,29789866
20831930,mandelbiskvi,10618.3,10574.64,1672,29789872
26812902,MakuRust,10617.9,10574.60,-788,29789872
28569876,zeroly,11556.7,10574.50,-1341,29789860
15252736,Unibrick,10783.8,10573.81,892,29789869
4096563,Hopeful,11186,10573.61,-240,29789864
12600499,TheLBGovernment,11202.9,10572.77,-297,29789863
3973474,follon,10938.7,10572.68,960,29789867
8248026,Vellana,10824.3,10572.63,928,29789868
10224047,Emerald Ages,10439.5,10571.77,2833,29789875
19215908,Lord Megatron,11326.5,10571.47,-1094,29789862
4566259,Narang,10728.8,10571.39,1226,29789870
17720805,hayley,10857.5,10569.46,1393,29789868
19135423,- Koshiin -,10720.6,10568.59,1069,29789870
10804195,Solar722,11068.2,10568.20,-214,29789865
4531917,prox666,11397,10567.40,-550,29789861
13016823,baIls,10488,10566.39,2844,29789874
11871006,arm foot,10707.2,10565.84,1137,29789870
11222585,Antiel,10910.6,10565.65,902,29789867
5174602,OldEclipse,11445.4,10565.49,297,29789861
20630250,Jeon Wife,10663.2,10564.49,1778,29789871
9014938,Feulonn,11135.8,10564.26,123,29789864
15592469,Tymoteusz,11257.1,10563.44,-693,29789863
7225922,Baluhga,10822.9,10563.34,843,29789868
15179339,banjo,10450.4,10563.15,2646,29789875
10375612,Geon,10877.2,10562.55,406,29789868
22873482,Lonelynez,10992,10562.00,-204,29789866
24541211,BadussyHD,10650.3,10561.97,2380,29789871
11598332,gwyn,11172.8,10561.77,-409,29789864
22664788,Kaixan,11055.2,10561.25,-463,29789865
12375176,oribkens,10879.2,10560.96,424,29789868
10247344,i am speed,10352.5,10560.86,2519,29789877
11706350,Tuco,10585.4,10560.69,1681,29789872
658494,oh brother,10537.6,10560.29,277,29789873
17348937,Voisync,11157.2,10560.15,-189,29789864
9860566,Sprigatito,10943.9,10559.25,946,29789867
10227144,bogdanski,10963.5,10558.91,-108,29789866
23273220,Zayenn,11317.1,10558.36,-1355,29789862
20865714,Navalus,10816.5,10557.43,858,29789869
15838689,sigmatapper,10322.3,10556.85,1045,29789878
6085929,Sliimex3,10963.7,10554.66,6,29789866
19305077,Voizma,11061.6,10554.49,555,29789865
2127620,SakiMint,10866,10553.88,318,29789868
23199063,lebron mode,10917.7,10553.36,-1047,29789867
15202380,- Harehi -,10577.1,10553.34,1201,29789873
10558012,Nourios,10935.8,10552.51,346,29789867
13036362,Angy,10980.9,10552.32,203,29789866
13626098,soyorin,10996.4,10552.24,659,29789866
5968633,Daffy,10865.5,10552.05,811,29789868
20591653,Kakoly,11064.1,10550.59,-257,29789865
280147,Noname0,10977.2,10550.36,634,29789866
10472558,Yuans,10396.3,10549.91,2338,29789876
10228325,dark on osu,10973.7,10549.65,-46,29789866
12959435,Eowish,10963,10549.43,39,29789866
16335215,Rozeolifant13,11227.1,10548.70,-281,29789863
2127640,Miseration,10970,10547.96,-13,29789866
3976650,DraguinZZ,10572,10547.86,1960,29789873
20269375,Rudolf1,11196.5,10547.10,-829,29789863
23386640,Akirox_,11185.3,10546.12,-521,29789864
3891439,moyamoyano_sa,10228.2,10545.36,2722,29789880
22726534,_Shark_,10694.7,10543.99,708,29789871
14506326,Pittinger,10789.6,10543.75,958,29789869
14165168,Shadowtrail123,10999,10543.46,-842,29789866
10785605,REVENGESEEKER,11058.4,10543.00,-109,29789865
9300085,LightNemesis,10847.8,10542.48,356,29789868
3892088,Bertel,10671.5,10541.81,-155,29789871
6628559,El Hombre,11260,10541.33,-1215,29789863
32887144,femboykisser,11343.6,10540.80,-1458,29789862
35991013,M2O,11215.4,10540.31,-691,29789863
16324135,Spaek,10833.7,10540.06,695,29789868
14737818,bleachy,11097.5,10539.86,-319,29789865
1379576,Poruteri,10565.2,10538.98,2295,29789873
8408501,Bread_Instead,10778.2,10538.02,1355,29789869
21775888,PP grind,11115,10537.70,479,29789864
34070616,xzeshnick,11058.7,10537.37,-735,29789865
8752034,AMR17,11179.6,10537.33,-805,29789864
6690981,Spotify,11091,10537.29,-492,29789865
6934358,ningalu,11195.9,10536.88,-542,29789863
22308658,Caiden,11466,10536.71,-1716,29789861
15885856,Malverst,11155.2,10535.79,-954,29789864
6488891,Tecnosh Gordao,10716.6,10535.51,1093,29789870
13294300,Uranium,11234.4,10534.46,-123,29789863
8161613,Yurachka,10780.9,10534.30,481,29789869
5276218,Shuezi,11126.5,10534.07,-946,29789864
18225595,AttardeMental,11158.4,10533.91,-544,29789864
18263846,ZevpacX,10603.4,10533.57,1643,29789872
9419611,BoxTrox,10764.7,10533.55,774,29789869
5282664,Nucifera,10417.3,10533.28,2000,29789876
15120913,VadimVAC,10175,10532.93,3551,29789881
16361801,MikoIreina,10525.2,10532.19,1939,29789874
9519127,Remalia,10657.1,10532.10,669,29789871
16552216,Dacoma,10995,10531.55,26,29789866
13300963,KpoJ1_MoHctp,11153.3,10531.29,-519,29789864
8066805,Flancat,11007.2,10529.86,233,29789866
4772172,GalacticLightN,10022.5,10528.82,4340,29789884
17089708,nevi,10920.6,10528.65,-12,29789867
4309174,Nauvar,10518.9,10527.44,1898,29789874
2308676,Fatfan Kolek,10142.3,10527.37,3486,29789882
12849730,Miinn_,10730,10527.28,1116,29789870
34482399,kolic,10383.7,10525.82,1704,29789876
14677848,[LS]Treeman,10601.5,10525.32,1645,29789872
4474167,getpower3,10132.7,10524.63,3852,29789882
6637049,SSaturday,10658.6,10524.59,1472,29789871
467010,4RTRAID,10795.4,10524.26,516,29789869
1594767,Hunteriwi,10618.2,10524.10,1444,29789872
8308723,Borson,10453.5,10523.83,1892,29789875
1027645,- Asriel -,10662.7,10523.16,1266,29789871
17829732,Kasztanoo,11029,10523.10,-486,29789866
7636779,Leebs,10718.2,10520.50,1039,29789870
11787038,incarnate,11085.5,10520.19,-828,29789865
8622353,1337 Yutio,11367.8,10520.00,-760,29789862
3832571,Kiss of Life,10621.3,10519.36,1386,29789872
18312525,Tfx Nexus,11351.5,10519.30,-1276,29789862
18155390,Satsv,10953,10519.24,141,29789867
9176031,tSUNdereSLAYER,10638,10519.02,2040,29789872
14185211,backchan,10844,10518.86,649,29789868
17318650,ZOOM_30,11242.8,10518.71,-1119,29789863
6272853,Polaris,10608.3,10518.67,1406,29789872
34479574,Aimsell,11257.6,10518.38,-634,29789863
10612546,Iketani,10701.5,10517.52,288,29789871
4405666,Der,10970.2,10517.46,30,29789866
11996209,Mike Wazowski,11111.1,10517.02,-583,29789864
20758820,triplesssiixx,10625.5,10516.50,547,29789872
11346868,Cloofers,10803,10516.41,375,29789869
3989017,Miko,10573.4,10516.32,1727,29789873
4991744,chokma,10680.8,10515.97,935,29789871
11555612,Mejiro McQueen,11090.4,10515.53,657,29789865
5312461,Tyrfin,10980.7,10515.32,-382,29789866
8606533,r_kimmyyy,10672.7,10514.64,1070,29789871
9815056,KawaiiBoiiNiels,11163.5,10514.63,-848,29789864
2823991,quickly die,10742,10514.46,1127,29789870
8562135,TheFifouSlain,11025.9,10512.93,-312,29789866
13483559,ZeMiRiTE,11028.5,10512.47,-265,29789866
9679517,voidd,11007.8,10512.47,-409,29789866
10635942,fhasl,11186.3,10512.17,-1139,29789864
7111118,Anya Maki,10781.9,10511.46,818,29789869
11815008,AbQuT,10591.7,10511.19,1092,29789872
4502238,zelda101,10398.3,10511.15,2161,29789876
3993236,Zuness,10662.1,10510.68,734,29789871
6402779,Flamiror,10774.5,10510.46,847,29789869
4152967,Rekaru,10818.8,10510.42,779,29789869
16215318,Skysiax,11110.1,10510.16,-601,29789864
8563062,Eaves,10472.6,10509.67,2282,29789874
12968362,hnrkk,11007.3,10509.61,-272,29789866
11524456,Henning Jasorka,10418.6,10509.43,2237,29789876
11222462,MAKC0H,10831,10509.41,665,29789868
10135888,Yumo,10891.2,10508.48,441,29789867
11256729,Bjorrkin,10953.3,10508.35,1213,29789867
9512538,zeris,11212.1,10507.60,-840,29789863
4927755,r33k0lol,11060.6,10506.74,286,29789865
19034045,emrepkrr,11078.3,10506.35,142,29789865
8600599,Snakiez,10874.1,10506.06,498,29789868
1638293,Texats,10871.6,10504.92,404,29789868
13532769,Stunpy,11324.7,10504.82,-1345,29789862
12780497,ViktorSMG,11267.8,10504.78,-1340,29789863
13554384,CraZYGhost505,11085.9,10504.60,-367,29789865
4380106,nonpro22,10689.8,10503.21,795,29789871
4574482,KOOOOOOOOOOOOOR,10847.7,10502.73,277,29789868
12034632,-Miu-,10705.7,10500.69,1134,29789870
6293158,ConsumerOfBean,10625.2,10500.43,1720,29789872
4294599,summer love,10564.8,10499.93,1361,29789873
15491329,ARTEMKA205,11231,10499.91,-1390,29789863
5071378,Godfrey,11425.1,10499.62,-992,29789861
15609104,MlgEpicBanana69,11125.2,10499.54,8,29789864
10995655,8xia,11173.9,10498.81,-1177,29789864
4168086,[ Horishi ],10626.9,10498.68,1346,29789872
6479192,SadnessTrain,10719.2,10498.58,1061,29789870
6658802,core98k,10857.8,10498.37,287,29789868
16765314,sami__,10960.3,10498.16,561,29789866
12502593,Schwarze,10750.5,10497.72,1019,29789870
8484778,kohuni,10712.2,10497.49,762,29789870
6703291,Kootek,10958.2,10496.05,-65,29789866
10571200,chill guy,11167,10495.68,-643,29789864
1666355,Damnjelly,10399.1,10495.56,2663,29789876
10029926,Sidders,10967.1,10494.53,117,29789866
1572405,My Not,10544.4,10494.09,1678,29789873
9350560,LynVA,10912.4,10493.99,59,29789867
11446599,zeruma,11257,10493.88,650,29789863
12344576,Fun Fact,11080.8,10493.37,-616,29789865
15929865,bottomhottom,11388.1,10493.14,-1607,29789861
30438290,idc,10742.6,10492.95,488,29789870
13650508,App,10633.2,10492.69,1026,29789872
9694973,olamin,10877.8,10492.30,243,29789868
5243536,etterna in osu,10425.8,10491.14,2697,29789875
13170169,VoiD_Matterr,11081.9,10491.12,-573,29789865
16178903,pastaman,11051.6,10489.85,-360,29789865
17226323,akacz,11278,10489.09,-1182,29789862
21179733,Kury83,11270.7,10488.65,-1379,29789863
6708955,milk tea,10969.2,10488.61,-275,29789866
1861823,Ezius,10662.5,10488.58,1251,29789871
15881187,Jeans,10642.9,10488.18,833,29789871
676188,wavezz,10645.9,10488.11,1411,29789871
12584270,RelaxedNate,10870.7,10487.75,75,29789868
5623529,Grantorio,10516.9,10487.22,1469,29789874
10271407,heineken,10960.8,10487.01,24,29789866
13435594,Jusstain-,11004.1,10486.81,7,29789866
11548479,ZestyTea,10771.5,10486.27,562,29789869
17557823,RandomNameBTW,10906.2,10486.20,551,29789867
10466844,Kristine,10828.2,10484.90,1314,29789868
12159681,KriO-O,10372.8,10484.48,1964,29789877
18467846,Stythiii,10748.3,10484.14,691,29789870
16764402,rubrub,11117.9,10483.83,-84,29789864
11913657,defreeyay,10921.8,10482.85,138,29789867
10624295,MajesticW,11053.1,10482.58,-307,29789865
5387798,Shiorii,11100.6,10480.79,61,29789865
19618754,Viagruh,10735,10480.77,519,29789870
13011078,-K4rimw-,10784.3,10478.16,491,29789869
17476576,Xillerini,11067.9,10478.11,-675,29789865
7812798,Vyshus,10975.7,10477.80,33,29789866
17709391,twisted tea,10888.5,10477.32,669,29789867
4949405,kth180591,10683.5,10476.67,1472,29789871
6957262,juan736,10570.7,10476.38,1123,29789873
2468971,Anpan dayo,10729,10476.12,779,29789870
3715823,ChaosRaidz,10556.6,10475.94,1527,29789873
19780631,Airainn,11169.4,10475.79,-1099,29789864
7198979,pogi,10414.2,10475.29,2124,29789876
18948749,t4hN,11018.2,10474.23,239,29789866
18302773,Zayn08,11257.7,10473.29,-871,29789863
12067831,MC_Conqueror,11007.9,10473.26,25,29789866
12601090,Celestialer,10976,10473.17,-315,29789866
22898343,TheuS,11229.4,10473.15,-1137,29789863
2367544,Meiph,10672.3,10472.39,1157,29789871
11932556,Pop the osu god,11031.7,10471.68,-105,29789866
19526504,Enjouji,10871.7,10470.11,582,29789868
7348524,qtz,10804.3,10470.05,338,29789869
10137131,BlankTap,10606.8,10469.92,1764,29789872
26146752,alnix,10965.4,10469.66,15,29789866
22279729,Nezukaii,11176.4,10469.54,-1068,29789864
13806692,ThatG0y,11033.7,10469.16,-868,29789865
10718731,rower123,11049.9,10468.26,-386,29789865
21122087,Distant,10878.5,10467.96,-162,29789868
9449165,_Chaewon,10812.2,10467.80,220,29789869
10937269,chairisnotme,11211,10467.78,-716,29789863
844815,AmaiHachimitsu,10554.5,10467.39,1887,29789873
10422029,1zumi,10782.5,10467.07,-23,29789869
26091203,whitebook,10978.3,10466.80,-545,29789866
14313743,renya,10972.4,10466.77,-453,29789866
14278738,Cheezeisgone,10921.7,10466.65,-32,29789867
4369636,Hiagg,11117.3,10465.89,-632,29789864
20431422,-Joser-,11201.5,10465.66,-727,29789863
9045908,Blaesus,11102,10465.59,-560,29789865
6541404,Aus,11359.3,10464.58,-1333,29789862
6234836,nicas,10840.8,10464.47,83,29789868
11041380,SpiritYuki,11116.5,10464.03,-137,29789864
5039582,Soltia,10696.5,10462.16,502,29789871
6173856,Astris,10634.6,10461.61,1332,29789872
10018531,Garnet27,10867.6,10459.96,359,29789868
16652552,king_duckling,11203.3,10459.27,-641,29789863
20636251,uhm_,10819.5,10459.03,579,29789869
34023330,-misha,10810.8,10457.86,263,29789869
11028698,sclapple,10781.2,10457.14,319,29789869
9979916,CertifiedTurtle,10951.1,10456.99,-618,29789867
27008933,tokumei321,10852.7,10456.80,-203,29789868
14258938,radicallad,10861.4,10456.36,7,29789868
9615704,D6vman,10155.3,10456.05,3367,29789881
15516626,Hukata,10968,10456.02,-554,29789866
3167182,shavit,10584,10455.93,956,29789873
7384072,Kelawesome,10976.8,10455.18,-70,29789866
9131844,Sanch-KK,10504.2,10454.93,1860,29789874
13153873,TOMMASO,10847.9,10454.54,0,29789868
17358554,Mitsukai Dokuro,10103.9,10454.14,423,29789883
4688997,Nemuidesu,10984.1,10453.31,-227,29789866
18001330,CalCulqtor,11319.4,10453.29,-1716,29789862
16138333,hawnig,11013.1,10453.24,-619,29789866
13985364,Ruki,10856.1,10452.79,433,29789868
13277528,Vagouuu,10947,10452.36,-222,29789867
9083495,PASHTET,10559.4,10451.92,-295,29789873
16099958,JAWACHAN,11143.4,10450.56,-385,29789864
14942902,Francesco Totti,10624,10450.38,1305,29789872
14096230,danukz,10623.1,10450.35,1386,29789872
15287003,BTMC_Junior,10995.7,10449.29,-156,29789866
17588510,purpnode,11296.8,10448.37,-1685,29789862
3022974,DXM,10685.3,10448.24,1215,29789871
1499997,9ami,10951.5,10447.19,-169,29789867
9838579,Perru,10289.6,10447.17,2403,29789878
15576439,Jesu,10500.1,10446.60,2680,29789874
24428669,surreal_,11084.2,10446.48,-807,29789865
29038392,YuuRiWa,10830.1,10445.69,973,29789868
6372800,pro,10856.4,10445.60,215,29789868
30061150,RuntZ,10880.3,10445.59,163,29789868
20198150,Meierr,11042,10445.07,-1113,29789865
4473506,Tinaasha,10309.7,10444.82,1623,29789878
8568291,Azeczek,10928.5,10444.35,18,29789867
12176606,dank daruni,10954.9,10444.18,-725,29789867
10584780,Hachune Miku,11000.3,10443.67,-607,29789866
5210561,Roba,10755.7,10441.77,833,29789869
16240623,[Steven],10488.2,10441.21,1287,29789874
9199901,BR00KLYN,10679.6,10440.54,854,29789871
12157233,Ajteh_,11161.7,10440.51,-723,29789864
4581715,dunois,10761.8,10440.25,155,29789869
14881422,yifflord_UwU,10897.6,10437.47,-162,29789867
11028972,_Aren,10492,10437.28,1492,29789874
23247867,PinkEyeFan2025,11122.9,10437.27,-845,29789864
23274166,friutsnacks,11226.6,10436.14,-1334,29789863
7495053,Xichun,10702.3,10435.79,723,29789871
11917642,wEeSnAw-xP,10853.7,10435.04,192,29789868
7627061,Akbo,10281.8,10434.41,2359,29789878
12961781,Thomas Kench,11036.7,10434.39,-394,29789865
14165914,sidlacinagy,10454.1,10434.24,2553,29789875
17192549,DamoGui,11210,10434.22,-1096,29789863
15099365,Tom Brady,10877.4,10433.32,-993,29789868
28714500,Mason-_-,11159.1,10432.77,-489,29789864
21929263,nabari,10646.6,10432.15,593,29789871
10355002,lKepler,10647.2,10431.42,1375,29789871
33136209,oryble,11297.8,10431.17,-1539,29789862
13312393,[-massimoty-],10961.8,10430.80,-250,29789866
18382786,Orincotrinco,10912.8,10429.09,-49,29789867
5427223,leggings,10630.8,10425.56,758,29789872
6529833,Riobener,10722.4,10424.70,743,29789870
23077335,Liuah,10897.1,10424.12,752,29789867
14140875,OldBread,11086.8,10422.95,-543,29789865
9967929,Tutturu,10893.3,10422.87,54,29789867
9369622,rubi,10849.9,10422.63,258,29789868
14926300,-Skadi-,11120.8,10422.52,-1158,29789864
22567919,Boshyxd,11050.1,10422.42,-191,29789865
11118720,36R,10968.8,10422.27,-202,29789866
7080240,aim nothyng,11161.4,10422.15,-561,29789864
20741898,superr-,11250.6,10421.68,-1462,29789863
12968821,Esperanzo435,10569.5,10421.66,807,29789873
2000416,miComet,10931.4,10421.64,164,29789867
13670753,Asula,10839.7,10421.01,75,29789868
16053632,darfler,10933.3,10420.82,-332,29789867
4924094,Herbayse,10820.9,10420.34,194,29789868
12807415,Tuffynut Latte,10905.4,10420.26,-534,29789867
4280363,x3Lydiia,10447.1,10420.18,1514,29789875
20235010,looof,10712.9,10419.08,89,29789870
9141484,Chario,11213.6,10418.78,-1079,29789863
14945389,Xukany,10733.5,10418.18,1448,29789870
17635064,rver,11339.2,10416.51,-1070,29789862
22003653,hepbep,11134.4,10416.33,-853,29789864
5429513,Mano Aloe,10945.9,10416.05,-329,29789867
8717773,poppasanas,10881.8,10415.20,290,29789868
8119579,Shagero,10773,10414.96,514,29789869
14232033,AC_,10726,10414.74,113,29789870
11364016,ShadowMeff,10947.5,10414.07,-198,29789867
11191508,jhoop,10427.7,10413.90,1310,29789875
17523465,Sadredstone,11109,10413.60,-656,29789864
7780382,nemoest,11184.1,10413.58,-546,29789864
16970612,Asstolfo,10806.1,10411.80,434,29789869
20589414,xishen,10702.4,10411.31,1296,29789871
5384286,oskaras,11133.9,10410.59,-936,29789864
16346145,Skyworld,10638.5,10410.56,1010,29789872
29956435,booby3d,11024.2,10410.31,-593,29789866
22329551,HYUNG JOO,10852.6,10410.05,170,29789868
9110150,hah,9833.22,10409.46,803,29789889
6129402,Doomsday is Hot,10593.3,10408.98,415,29789872
895393,Crumbling,10554,10408.74,1679,29789873
34226059,aguacateh_,11108.2,10408.31,-1150,29789864
4507179,Asunamaru,10552.6,10406.63,974,29789873
7092367,toom,10874.3,10406.59,-133,29789868
11701290,nekojiru,10999.3,10406.56,-434,29789866
4710974,LosingCrayon,10164.5,10405.57,2987,29789881
2593280,Lolzep,10794.6,10405.06,177,29789869
9012075,Stezii,11083.7,10404.89,-408,29789865
15441612,Th1,10259.2,10404.75,2453,29789879
10383440,ChaeY_Milk,10932,10404.74,-291,29789867
17256469,TotemOfOsu,11145.1,10404.73,-844,29789864
11499384,[EU],10612.5,10404.15,1140,29789872
4881251,Lasseh,11048.6,10404.10,-113,29789865
4514114,Riffo,10484.8,10403.84,996,29789874
10949152,Johannes,11024.7,10403.78,-364,29789866
11921527,[ - Kev - ],10555.3,10403.20,1086,29789873
8840382,jempio,10858.9,10402.90,-250,29789868
5085555,Irithyll,10538.1,10402.56,952,29789873
13213412,wolfminater,10588.1,10402.05,945,29789872
8696282,Monkyee,10786.2,10401.35,77,29789869
13925698,ILBOSSDELPOPPIN,10915,10399.57,712,29789867
10258021,Sprinq,11052.6,10399.43,-968,29789865
16905329,Mariskiy Modnik,10822.2,10399.25,629,29789868
8636448,MaWa-7 0-0 AI,10706.6,10399.12,747,29789870
21179703,LeChuga420,10330.1,10399.00,1584,29789877
18683734,dazbee fc,10631.3,10398.57,220,29789872
14205958,Undertaker121,11185.2,10398.46,-1469,29789864
5420232,N Y Q A,10713.1,10398.17,779,29789870
15392570,Musa,10506.5,10397.74,2219,29789874
27269342,FFA,11160.2,10397.59,-1271,29789864
20349365,Raynerpo,10922.1,10397.28,-142,29789867
22613611,yellowbadbeast,10731.6,10396.34,613,29789870
10313502,Maxkem,10527,10395.67,1474,29789873
10770003,lon,10667.5,10395.10,488,29789871
6758975,Nelli,10710.1,10394.96,312,29789870
22710186,vier,11122,10394.58,-956,29789864
18593290,Azukami,11106.4,10394.51,-1137,29789865
12220376,Umar,10260.5,10394.39,2711,29789879
20121951,gavot,11229.3,10394.37,-1378,29789863
16451375,9xx,10946.7,10393.74,-710,29789867
16417954,pizzouilleee,11120.7,10393.54,-838,29789864
6498951,Save Me,10854.9,10393.42,-12,29789868
10488437,Queen,11131.7,10392.30,-1432,29789864
24579870,Bototo,10968.6,10392.25,-336,29789866
6123557,Molo,10356,10392.15,2058,29789877
11612720,glyph nyan osu,10617.5,10391.87,628,29789872
13307748,-esfuerzo-,10739,10391.83,368,29789870
22159265,- Kombo -,10750.6,10390.72,-571,29789870
8174211,wumalu,10571.3,10389.71,898,29789873
24133683,grow a garden,10961.5,10389.15,-578,29789866
9992484,[Juan],10724.7,10388.10,109,29789870
6747917,S Cantoniensis,10957.7,10387.73,-90,29789866
7270089,Gangnam Style,10851.9,10386.67,-149,29789868
6675716,ReGmo,10755.6,10386.18,282,29789869
24470395,qaur,10447.6,10386.08,1291,29789875
11688596,RazorLily,10712.6,10385.71,176,29789870
15101114,Freire,11083.5,10385.12,-1199,29789865
14672586,MrCookis,11211.2,10384.98,-1350,29789863
9398750,elyssa,10812.6,10384.97,-548,29789869
9489603,pohoenx,11258.3,10384.90,-1081,29789863
14860270,Prevozmogatel,10367,10384.02,1952,29789877
11776859,quickscope yuri,10145,10381.89,2952,29789882
28214037,Matalis,11058.2,10381.35,-685,29789865
10840806,Seamob,10690.3,10381.17,589,29789871
14039811,KingFreak,10929.1,10380.66,40,29789867
20308425,Kros,10550.9,10380.65,1951,29789873
16331492,MariannE,10932.5,10380.09,-303,29789867
13511325,[ R J M ],11129.7,10378.88,-296,29789864
8500011,Dianth,10733.4,10378.60,-103,29789870
9676459,_-_-_-_-_-_-_-_,10541.2,10378.51,1759,29789873
7433533,gissirianko,10409.7,10377.95,1395,29789876
4717408,Predasura,10815.9,10377.81,-185,29789869
10748529,maksimo4ka92,10808.9,10377.81,-548,29789869
17505130,OSUSHALLAH ARC,10705.9,10376.78,35,29789870
12346561,Goliiaht,10461.6,10376.61,1757,29789875
17639865,KatySad,10780.8,10375.49,-610,29789869
2865291,Saya-Honmei,10640.2,10374.83,523,29789871
7839596,Xydiap,10682.2,10374.16,361,29789871
3932796,E-tan,10579.5,10374.12,531,29789873
10771238,skyfield_,11260.7,10373.62,-1163,29789863
2949928,Jxrdan,10948.8,10373.50,-42,29789867
22211117,sixsixsixx,11030.2,10373.14,-1339,29789866
10627616,Dogacado,10867.4,10373.05,-320,29789868
10525148,anime girl,10345.3,10372.95,2348,29789877
21799783,Molt3n,10750.3,10372.82,559,29789870
11949980,zadiak,10704.9,10372.79,295,29789870
7403461,ArFunG,10532,10372.70,1033,29789873
22475513,Dayysw,11022.5,10371.47,-677,29789866
8954633,Gonito,10589.6,10370.97,615,29789872
7910282,ddm,10185.8,10370.36,2952,29789881
9823042,Heilia,10683.4,10369.87,879,29789871
11428662,nomod enjoyer,10506.3,10369.12,1203,29789874
10273749,sha1k,11150.9,10368.28,-534,29789864
17310248,Greenmario8,10789.7,10368.12,1151,29789869
22715312,TibO123,10962.4,10367.69,-449,29789866
10881261,WorthyA,11232.7,10367.53,-1566,29789863
15427776,Deniee,10699.1,10367.22,313,29789871
7421808,BadGadgetStew,10683.7,10365.61,505,29789871
16725049,AgorelL,11096.5,10364.12,-65,29789865
13301492,yakusoku,10986.2,10363.85,-378,29789866
24847514,Wintxrr,10901.1,10363.34,-754,29789867
6191548,N A R X I S,10854.4,10363.26,-151,29789868
8217695,bunnings snag,11026.2,10362.79,-1135,29789866
5470299,-TwiHD,10362.2,10362.63,2163,29789877
27067566,Blazing5028,10743.6,10361.23,-1582,29789870
5522259,Astralet,10422,10361.22,1352,29789875
15611258,YumeYuki,10841.7,10360.92,-15,29789868
16429735,Wooting 60HE,10711.9,10360.62,247,29789870
12797668,nfs,10682.3,10359.50,895,29789871
2538695,umii,10270.8,10359.35,2358,29789879
14481646,Min,11047.4,10359.27,-926,29789865
17671153,- ice -,10770.8,10358.17,551,29789869
11858741,Rasterize,10397,10357.93,1575,29789876
10955397,pepega69,11032.4,10357.65,-6,29789866
7031074,Roni,10476.1,10356.40,1082,29789874
10690473,mli,11152.9,10355.90,-955,29789864
23012280,MILEQSUS,11170.8,10355.20,-1435,29789864
2253511,Elscar,10587.9,10354.52,1505,29789872
2281719,minuie,9968.29,10354.50,4094,29789886
7726147,ipod,10293.3,10353.45,2214,29789878
18739838,bigkade,10993.8,10353.11,-605,29789866
23475824,strm11,10712,10352.85,277,29789870
10567347,Focuss,10871.8,10352.59,-179,29789868
17516318,richarCTM,10797.9,10352.51,-159,29789869
10976433,AccNome,10519.6,10352.49,1029,29789874
18674427,Tewyy,11094,10351.74,-966,29789865
18296925,RemIscute07,10802,10350.93,158,29789869
2609349,Weed,10549.5,10350.88,1289,29789873
12728145,chuunii-,10835.5,10350.58,534,29789868
13072209,AkaiSenpai,11093.3,10348.69,-1050,29789865
14455763,TripDaWhip,10746.6,10347.60,-129,29789870
12980773,FilyushaKrolina,11177,10346.32,-541,29789864
10395167,McNonal,11080.3,10346.32,-101,29789865
21177947,Ben Man56,10972.1,10346.14,-426,29789866
23240740,type 174,10911.1,10345.88,-730,29789867
12975612,My Angel Bawe,10808.7,10344.23,-267,29789869
10745774,2391,10707.6,10344.17,506,29789870
10868788,Noa Himesaka,11168.4,10343.31,-1363,29789864
24383718,jiban,10733,10342.60,-198,29789870
4411538,Teardrops,10350.5,10342.59,1587,29789877
12232109,Black Jesus,10667.9,10342.26,917,29789871
4192956,Kmg,10435.7,10340.29,1124,29789875
8537228,Maru,10881.3,10340.00,219,29789868
11706972,maTT4132,10467.5,10339.95,1129,29789875
10094345,dzikush,10735.6,10339.77,385,29789870
3725269,mikeybx,10736.4,10339.43,-177,29789870
14520419,shred,10295.9,10338.83,1715,29789878
14047737,Stemuu,10497.8,10338.14,800,29789874
9628825,koomeko,10726.5,10336.26,-556,29789870
6637202,MatvikFX,10744.5,10336.03,687,29789870
15677511,[Peace],11028.8,10335.97,-858,29789866
5554619,Macinstein,10654.2,10335.17,607,29789871
13936023,Limitiym,10906.1,10334.48,-306,29789867
5571953,Kubunikusi,10933.9,10334.46,-564,29789867
6633574,Shiho desu,10430.9,10334.37,1562,29789875
6336555,aiau,10736.1,10334.31,348,29789870
3100669,[ Valex ],10606.2,10334.07,652,29789872
13285229,zPotato,11033.8,10333.96,-948,29789865
14800198,stone_bream,10250,10333.59,3095,29789879
7417838,tutula,10725.7,10333.53,247,29789870
19579091,HDD,11019.3,10333.04,-874,29789866
6638044,Yuume,10915.6,10332.96,49,29789867
10941438,Spiderz,11060.7,10331.57,-154,29789865
14319205,IsAmUxPompa,10982.1,10331.27,-681,29789866
4605548,zabloink,10833.5,10331.27,9,29789868
14182936,CrystalNugget,9878.97,10330.74,3494,29789888
13870405,MyAngelYona,11253.7,10330.59,-843,29789863
10277415,Tonusniy Nagib,10887.7,10329.77,-826,29789867
29414358,DaniPlay9,10908.8,10329.25,-330,29789867
8136525,elki,10646.9,10328.88,647,29789871
7388568,ever17,10986.4,10328.55,-787,29789866
24568472,AhmedPlaysYT,11087.2,10326.56,-594,29789865
9805331,-Noel-,10654.9,10326.18,372,29789871
16932616,NM1,10245.5,10325.92,1382,29789879
23910823,9_7,10486,10325.27,1442,29789874
5015561,[ Tetris ],10818.6,10324.54,325,29789869
16067346,Locas1000,11274.1,10324.19,-1390,29789863
30134194,puqrin,10793.1,10323.60,-424,29789869
11945286,Zenith,10134.7,10322.93,2471,29789882
17635536,WarsawPact,11080.5,10322.28,-929,29789865
20508412,i hate nm,10590.7,10322.02,468,29789872
11915154,i hate osu,10777.8,10321.69,516,29789869
28290392,Umeri,10677.7,10321.65,602,29789871
2323137,Akani,10495.7,10321.23,1243,29789874
9406171,Apteka,10404.9,10321.22,374,29789876
18004953,Goofster,10477.2,10321.07,618,29789874
9397193,-digital,10765.7,10321.04,-151,29789869
17392582,fshlasanoob,10734.4,10320.91,-349,29789870
15206560,viiolet_wasp,10165.5,10320.33,2133,29789881
12713674,very silly,9973.07,10320.21,3242,29789886
8867698,M4X_,10767.7,10320.06,732,29789869
10590261,kikuczio,10838.4,10319.72,-53,29789868
7873319,Khass,10277.6,10319.47,1713,29789879
10588479,Kukson,11017,10319.38,-669,29789866
17550018,Ynreeq,11035.8,10318.84,-1279,29789865
9462763,nebula4k,10902.6,10318.69,-729,29789867
14346053,ShapesAreCool,10828.7,10318.37,-540,29789868
6999957,Glitchy,10835.3,10318.24,117,29789868
1968481,borgir,10782.6,10317.80,-313,29789869
15056040,dimavh,10687.1,10317.55,284,29789871
14488445,Cant Even FC,11107.9,10317.05,-1294,29789864
7819479,Kuman,10758.2,10316.82,-213,29789869
11671064,Rin Tezuka,10827.4,10316.54,-165,29789868
21017633,kaewily,10766.1,10315.92,82,29789869
18556796,victoire pisa,10536.6,10315.87,1738,29789873
9662535,HikawaHina,10392.7,10315.72,666,29789876
7342312,jpg,10438.3,10315.16,1480,29789875
3291562,Ninther4,10402,10315.04,1610,29789876
11362857,MyrVan3,10763.2,10314.92,-153,29789869
13985016,zeemo,10721.5,10314.88,663,29789870
675132,[ Yozzied ],10769.6,10314.78,102,29789869
9499753,Teejay,10627.2,10313.60,730,29789872
32398630,Dogio,10942.8,10313.55,-1072,29789867
10762622,Tashigi,10880.2,10313.13,-247,29789868
16522589,lamenting alice,10271.9,10313.08,2031,29789879
7070424,pel,10262.1,10312.00,2072,29789879
6979693,Snoop Frogg,10891.8,10311.51,-25,29789867
11165450,anothr,10840.3,10310.59,-141,29789868
4664714,Mikini,9858.85,10310.59,4105,29789888
15860861,TommeX,10761.1,10310.56,-284,29789869
18857412,lightskin jesus,10799.8,10310.41,-141,29789869
12213730,mavie,10751.2,10310.22,-291,29789870
2032353,Sutherland,10668,10309.20,-10,29789871
6888206,wooz,10407.3,10308.21,1556,29789876
6221425,Peti,10758,10307.79,108,29789869
7908542,Demenos,11194.8,10307.58,-1434,29789863
38539373,Boua3hlem,10960,10307.47,-503,29789866
8232998,God Only Knows,10775.8,10307.44,-151,29789869
6827277,Xapyion,10912.2,10306.54,-501,29789867
22352542,M3ts1s,11169.9,10306.06,-849,29789864
12478889,osu_tryhard64,10544.6,10305.26,877,29789873
12525297,LIZ Fanboy,10770.5,10304.93,-202,29789869
3801459,Carretto,10373.8,10304.81,1695,29789877
10042306,darke,10491.8,10304.10,1218,29789874
180488,H i S a G i,10673.1,10303.80,97,29789871
13329905,guram azula,10832.7,10303.76,-249,29789868
11413336,zaoDayo,10693.5,10303.69,228,29789871
6314059,Bredzeus,10352.9,10303.69,1616,29789877
20069787,mwari,10944.2,10303.65,-764,29789867
10757301,Heimin,10965.1,10302.89,-723,29789866
14024170,-Graigory-,10605.1,10302.82,459,29789872
17640839,thegamergoat,10943.5,10302.76,-770,29789867
13133907,Gigatn,10825,10302.26,-792,29789868
12067984,Zetako,10464,10301.76,1133,29789875
7031287,Yuuki-chan,10370.3,10301.58,1202,29789877
4881593,Regi,10348.6,10301.11,1940,29789877
14997406,Cikooooo,11098.8,10300.87,-1220,29789865
12298435,Ryclic,10504.4,10300.60,586,29789874
15021398,Neuro sama,10802.6,10300.54,561,29789869
12301297,Redap,10469.2,10300.12,775,29789875
18376528,kousinncu,10306.2,10299.67,1359,29789878
3958814,Suome,10309.1,10299.62,1156,29789878
3101063,datlizad,10702.8,10299.50,651,29789871
11464364,Dantes [L9],11072.4,10298.55,-1217,29789865
15636237,ryujik,10748.2,10298.42,-522,29789870
29218105,ink of soul,10700.7,10298.05,791,29789871
2377692,Chubique,10982.2,10297.88,-51,29789866
20476733,PolariaV2,11059.4,10297.48,-519,29789865
26527329,Pisslow,10874.9,10297.30,63,29789868
15093527,celine,10526.8,10296.96,1358,29789873
21637829,Nimo_,10466.3,10296.91,542,29789875
10681880,Kaffu-,10275,10296.37,1589,29789879
16861790,Weoweet,10556.1,10295.98,657,29789873
9652066,Vasleria,10533.1,10295.65,625,29789873
10908786,Haydosu,10435.8,10294.63,1336,29789875
12727907,Diabolikhaa,10131.1,10294.25,2429,29789882
6433319,ImMyyrh,10196.1,10293.89,3009,29789880
20034824,GIMPLY,11189.5,10293.66,-1530,29789864
15901783,RaidzCon,10781.8,10292.71,-535,29789869
6809637,McKenny,10788.4,10291.79,-245,29789869
2522197,DuNai,10524.3,10291.46,804,29789874
17383450,BABA-YAGA,10500.7,10290.86,934,29789874
4784772,Nuage,10459.4,10290.65,1171,29789875
10823029,-Kuirso-,10580.1,10289.66,522,29789873
16110636,saidaking,10434.4,10289.39,1054,29789875
10914535,10720,10680.2,10289.06,333,29789871
6423292,r o o k i e,10411.3,10288.57,1578,29789876
7662338,-Nino Nakano,10340.9,10286.69,1314,29789877
9125328,Zeezus,10863.4,10286.29,-238,29789868
6124459,Musket,10169,10286.14,2408,29789881
10568168,dem1nez,10837.4,10286.12,110,29789868
25540750,ACLFT,10620.4,10286.12,589,29789872
14871877,Deynoy,10770.2,10285.35,683,29789869
3545579,eclessia,10363.2,10285.26,1570,29789877
15929896,BoinkyDoinker,10223.5,10284.07,3201,29789880
9043058,-Inui Sana-,10855.4,10283.92,-472,29789868
7474718,Shanghai,11033.3,10283.90,-912,29789865
8511882,_Silvian,10281.6,10283.66,1823,29789878
8857034,preston on osu,10826.9,10283.55,-692,29789868
6898948,Watr,10365.1,10283.30,1502,29789877
9300673,Risk of Rain 2,10682.4,10283.22,978,29789871
8133117,Oliver Aiku,10514.5,10283.21,1729,29789874
13238121,Vo Hieu Grape,10676.4,10282.95,745,29789871
13826890,grkn7,10721.2,10282.73,727,29789870
18124611,NinerikJR,10863.6,10282.66,-227,29789868
10722756,-Adood,11000.9,10282.36,-1004,29789866
10451063,Punkysteria,10146.2,10281.82,2823,29789882
8509247,Aya Shameimaru,10694.5,10281.42,135,29789871
15214826,Virex-,10773.9,10281.30,33,29789869
12995101,nChup,10997.1,10279.78,-1005,29789866
6907627,Azakt,9988.17,10279.20,2972,29789885
15950574,Resort,10018.9,10277.97,2700,29789884
19735721,garlicbreadjr,10869.8,10276.14,-1032,29789868
18063551,_wafflez_,10546.4,10276.03,-56,29789873
7243224,azaloaf,10490.2,10275.20,1107,29789874
19112966,Sinner_G,10984.5,10274.76,-1050,29789866
6319189,FreeZeR,10769,10274.69,-190,29789869
10371493,NicoZombL,10899.3,10274.45,-736,29789867
13351654,Anime,11037.9,10274.29,-436,29789865
11526714,william burgers,10448.2,10274.25,1147,29789875
10229945,Corruptyouth,10703.4,10274.14,-46,29789870
19000852,Potato be like,10760.4,10273.25,-614,29789869
3861234,Eldera,10727.7,10273.09,-451,29789870
17058928,Lil Jeon,11065.4,10272.97,-1163,29789865
23112721,this is so sad,10710.5,10272.87,0,29789870
17994125,kulerbruh,9986.06,10272.75,2406,29789885
10054643,Toma 1,10638.9,10272.67,-335,29789872
9658809,GoldenRipper,11162.1,10272.51,-965,29789864
13418038,Pissezi,10359.3,10272.07,1121,29789877
17958775,karta,11042.5,10271.49,-1161,29789865
6646204,Paka,10947.4,10270.35,-736,29789867
10831582,Ganyu1,10621.2,10269.49,-14,29789872
11832058,Aya Bunbunmaru,10396.6,10269.43,1194,29789876
13828005,Sakilein,10539,10269.36,263,29789873
1823296,Shimo,10552.8,10269.22,180,29789873
21620514,Woaw,10387.2,10269.21,846,29789876
3328676,Seouless,10528.5,10269.14,988,29789873
5286218,Yorocchi,10519.1,10269.05,720,29789874
915319,IasiS,10339.4,10268.71,1250,29789877
12422365,Faithhosu,10928.1,10267.71,-808,29789867
23350186,UNMUSIQUE,11048.5,10267.55,-719,29789865
22956580,tyu,10849.6,10267.18,-23,29789868
356730,591,10603.6,10266.77,636,29789872
14215411,Brian Griffin,10725.8,10266.49,-210,29789870
2223696,Tenko Shibuki,10646.4,10265.92,53,29789871
12615304,bouross,11142.8,10265.47,-1645,29789864
689997,captin1,10407.8,10265.29,919,29789876
12675978,ImagineDragons-,10633,10264.74,282,29789872
19369403,-Ryze,10489.2,10263.78,1128,29789874
13364099,agnel,10437.1,10263.59,984,29789875
8401905,Ramon,10237.1,10263.29,2865,29789879
1884516,-HERO-,10385.6,10263.20,1746,29789876
5133150,-Shizuru,10422.8,10262.57,996,29789875
8629221,Aaro-_-,10230.5,10262.47,1959,29789880
4999119,RussianVaxei,10477.8,10262.43,1749,29789874
13652797,Razi7s,10859.1,10262.18,-788,29789868
9824686,Rootynator,10679,10262.16,5,29789871
11888616,Acetylene,11154.7,10260.84,-1176,29789864
7093124,Slay,10792.7,10259.24,-93,29789869
9307769,ODVB,10754.3,10259.08,-387,29789870
8914929,luvouva,10580.9,10257.39,650,29789873
8430283,Yumu,10727.8,10257.20,19,29789870
35341591,Furusato,11028.3,10257.17,-328,29789866
13077279,Daxtur,10456.9,10256.86,979,29789875
14597369,-Kayen,10982.5,10256.24,-809,29789866
14843371,TESTERPIWA,10813.7,10256.00,-351,29789869
14629934,Schribble,10885.2,10255.61,-518,29789868
10251854,Feriosu,10779.5,10254.28,5,29789869
21886355,ksawuus,10838.6,10254.10,-349,29789868
4579136,Shinei,10552.7,10253.18,582,29789873
7052349,[ Senji ],10753.4,10253.03,-238,29789870
1713861,Saix,10313.4,10252.31,2117,29789878
33452559,KermitNuggies,11093.8,10252.00,-1574,29789865
9314052,Tontiary,10931,10251.80,-705,29789867
12894333,Dodick,10371.7,10251.54,717,29789877
10476092,rimerca,10368.5,10250.18,11,29789877
4873409,Sqweeblord,10864.9,10249.80,-115,29789868
20421127,Vitorg,10737.2,10249.64,-337,29789870
14139569,Nermi,10374.8,10248.66,821,29789876
10969267,GamaKurisu,11106.6,10247.46,-1106,29789865
28842412,Esuk,10940.6,10246.83,-168,29789867
10091878,DebilPL,10806.8,10246.44,-304,29789869
11295944,Aosoru,10944.5,10246.23,-791,29789867
13928194,rtd_,10939.1,10246.13,-1272,29789867
37619913,VoidFalling,10846.6,10245.03,-683,29789868
10499827,Oosha,10421.1,10244.51,1043,29789875
14582633,679,10755.5,10244.34,134,29789869
24232404,YRScarlet,10482.8,10243.54,583,29789874
2463971,younited,10656.1,10243.31,94,29789871
14817468,stllok,9924.78,10243.28,3206,29789887
3925167,BLooDBuRSTiNG,10377.3,10242.74,997,29789876
5538617,Yamaan,10455.1,10242.65,1261,29789875
16716683,taze,10728,10241.10,-576,29789870
14099175,Abdulmalik,10908.4,10241.00,-1057,29789867
30507169,Saranghae,11053.8,10240.86,-1597,29789865
4475957,Fextem,10294.2,10240.80,1815,29789878
9625749,animeizer,10945.6,10239.99,-912,29789867
17369297,HealNas,10972,10239.49,-1120,29789866
13125775,CKboss1,10901.4,10239.11,-755,29789867
15839321,autmn,10622.2,10238.58,-63,29789872
12203192,Teya,10981.9,10238.08,-1454,29789866
13188716,pruKD,10168.5,10237.79,2254,29789881
14189361,wafflewild,10403.6,10237.42,1399,29789876
28415471,Mahiro_,11018.9,10236.32,-832,29789866
11557281,aeong,10849.1,10236.15,-466,29789868
10079662,Rotrix,10664.6,10235.68,-157,29789871
10819779,Warex,10651.4,10235.53,-107,29789871
12030070,ngonk,10659,10235.48,39,29789871
24625655,SytHam,10956.2,10235.06,-1006,29789866
14107836,FrozenWaterr,10511.5,10235.02,719,29789874
7289538,Suki,10499.7,10234.64,315,29789874
13080428,Scraw,10535.7,10234.24,514,29789873
12536790,Kiss My Choke,11120.5,10233.88,-874,29789864
2841744,Warrock,10155.7,10233.66,2079,29789881
14899675,DaNILMaZ1,10714.1,10232.80,-257,29789870
15510594,[Mitch],10595.3,10232.74,82,29789872
13236584,-Jalter,10589.8,10232.29,-830,29789872
13680339,tsura,10738,10232.05,934,29789870
2245830,[cat],10656.4,10232.03,146,29789871
8580419,Vanti,10823.4,10231.67,-296,29789868
6065432,Einja,10454.4,10231.67,1078,29789875
27921023,ultravioletRS,11146,10231.66,-1408,29789864
9507660,Dabo,10387.9,10231.11,822,29789876
15830382,- Sushi -,10775.9,10231.03,-61,29789869
9203230,zen peak,10887.4,10230.90,-927,29789868
20896676,ARSche,10517.2,10230.71,397,29789874
7645948,Nyang,10431.2,10230.53,1071,29789875
13072881,Violet Rose,10557,10229.37,787,29789873
22564933,Senju Akashi,10735.2,10229.17,-206,29789870
13129237,Aluk,10155.1,10229.08,1808,29789881
17864722,souland3,10965.7,10228.36,-1141,29789866
9893021,Syocola,10477.6,10228.04,664,29789874
15086959,MadDdDio,10883.8,10227.66,-833,29789868
3830512,Fixelkey,10619.5,10226.59,490,29789872
30556536,avtori,9945.27,10226.41,3457,29789886
14449630,swankitydankity,10513.2,10226.34,519,29789874
2589649,_Degenerate,10161.2,10226.02,1954,29789881
2749481,MatchaPizza,10591.2,10225.82,390,29789872
9924126,chaselyons,10413.9,10225.28,1027,29789876
15465726,cil,10689.3,10225.22,-186,29789871
4170037,Astana,10676.7,10225.01,-198,29789871
13763759,weekheal,10423.3,10224.96,432,29789875
18683691,YaBoiFreddy,10948.5,10224.92,-1154,29789867
9399268,cringe enjoyer,10736.8,10224.19,-337,29789870
15282798,SmallAncie,10767.2,10223.55,-419,29789869
10132876,M4ch1n3,10614.8,10223.36,41,29789872
12961837,Zedrikk,10706.9,10221.88,160,29789870
14571477,PIANOAPOLOGIST6,10418.2,10221.51,2020,29789876
2558163,-Myhra,10457.4,10218.68,948,29789875
2642824,Moria Ruruka,10467.4,10218.62,285,29789875
24762347,GeneSiz2309,10784.7,10218.46,-245,29789869
17020313,F34RF4,11111.7,10218.12,-1388,29789864
13650761,dubugon,10627.1,10217.96,-52,29789872
11094254,tektek,10766.3,10217.57,-501,29789869
9370189,vFlan,10508.7,10217.42,395,29789874
20299701,goga89,10487.9,10217.40,754,29789874
12036175,hideri,10679.7,10216.58,-375,29789871
12345118,itanimullI,10690.4,10215.79,-258,29789871
6023322,-kai-,10629.2,10215.64,44,29789872
13684802,frouggh,10956.1,10215.35,-533,29789866
13915613,Aezhin,10858.4,10214.54,-465,29789868
11700482,La Place,10881.6,10213.79,-716,29789868
8821715,Fluttershee2,10685.7,10213.70,-398,29789871
2232928,spook,10273.7,10213.59,1927,29789879
10931846,weed machine,10387.7,10213.42,556,29789876
34837309,clowii,10855.8,10213.14,-599,29789868
18120010,RelowDust,10687.8,10212.60,28,29789871
14488518,-w-,11054,10212.41,-1217,29789865
13411698,bweedon,10906.7,10212.35,-552,29789867
3785103,Igor Cabra,10343.7,10211.57,1062,29789877
10882967,moyo,10613.7,10211.11,397,29789872
4060366,WhiteLily,10381.8,10210.52,512,29789876
9828300,Liliana,10508.6,10210.26,837,29789874
12459068,Nigel,10734.3,10210.16,649,29789870
16084413,nyaarin,10711.7,10209.85,-342,29789870
18302480,MountViper,10807.8,10209.36,-310,29789869
21887928,spicy_wels,10929.6,10209.31,-1011,29789867
13562520,HyperSushi,10416.4,10208.76,735,29789876
8952423,kareh,10521.4,10208.55,603,29789874
6543371,Viyomi,10460.7,10208.54,-125,29789875
7248687,atom78,10386.4,10207.36,1059,29789876
23982501,WinnerPov,10645.7,10206.93,-92,29789871
4381959,GanyUwU,10653.4,10206.78,40,29789871
10544536,lucalopada,10317,10206.07,1394,29789878
3545547,Tetla,9871.23,10205.86,1954,29789888
11767391,Lukez,10805.5,10205.73,-805,29789869
6232896,Aloendi,10670,10205.56,309,29789871
22845738,flaw01,10618.6,10205.48,-788,29789872
11397072,pottomotto22,10453,10205.30,514,29789875
7366415,FrostiDrinks,10161.8,10205.28,1793,29789881
9960898,lueu,10866.1,10203.87,-665,29789868
5229124,-Miky-,10807.6,10203.85,-744,29789869
25706159,Chaayl,10584.1,10203.39,-71,29789873
9526124,Haru Urara,10062,10203.22,3041,29789883
15240424,Sfoolei,10949.7,10202.91,-795,29789867
7588992,hjkjhsghgjknkk,10576.5,10201.67,298,29789873
7299737,KimBot,10211,10201.62,1831,29789880
13480282,Bryaby,10700.9,10201.02,-700,29789871
7416569,Nokamu,10695.5,10200.73,-562,29789871
27233852,ViniTran357,10951.7,10200.22,-845,29789867
37492319,eminemuu,10311.1,10200.04,1516,29789878
8589120,Lilian,10312.6,10199.70,1132,29789878
17125008,FARTPOO,10234.8,10199.56,241,29789880
13248978,Emeraude,10437.8,10199.31,1625,29789875
12425801,korewasora,10763.7,10198.88,-299,29789869
19684581,FeatherStorm,10884.9,10198.84,-1129,29789868
12054043,Levesile,10541.3,10198.78,628,29789873
34677709,Georgee,10900.7,10198.05,-1136,29789867
22592572,Donbass_Mrekk,10629.9,10197.96,-849,29789872
11877992,riot1133,10768.7,10197.90,-530,29789869
15969659,opensand,10342,10197.78,1136,29789877
18381453,Schmaddl,10724.5,10196.88,-210,29789870
21277712,asrieI,10566.2,10196.67,-641,29789873
6373863,X rated,10644.2,10196.07,13,29789871
12422480,Joon_,10480.5,10195.89,972,29789874
5510197,TemaZpro,10197.5,10195.53,2360,29789880
24569891,alarise,10888.4,10195.50,-759,29789867
13664116,AuroraPhasmata,10520.7,10194.35,905,29789874
33651310,Kagkag1,10474.9,10193.73,439,29789874
30262913,HD2,10851.7,10193.57,-440,29789868
13994760,Cross,10288.1,10193.49,1408,29789878
21562589,sekito,10965.8,10193.24,-1085,29789866
20008016,MasterMattLigit,10559.7,10193.02,91,29789873
11212698,mazdak,10756.2,10192.67,-295,29789869
17018032,M4rti_,10778.1,10192.04,-715,29789869
17485562,Kripseuh,10533.4,10191.76,288,29789873
9430158,silvershake,10458.6,10191.49,492,29789875
6355579,sabbiN,10738.5,10191.41,-307,29789870
3055278,Pupper,10224.4,10191.41,1293,29789880
11648117,Lesocheck,10849,10191.37,-623,29789868
14434221,littleguy397658,10605.2,10191.01,-71,29789872
3623805,kjuszino,10211.7,10190.52,1451,29789880
19843454,Nemanja,10762.6,10190.01,-830,29789869
21967,Adrean,10501,10188.95,758,29789874
10792962,deuwus,10632.2,10188.37,203,29789872
28248109,CaiderGatorz,10827.5,10188.32,-246,29789868
4275820,kokiton,10230.6,10188.12,1486,29789880
14393452,VLADYUSHYA,10647.8,10187.93,-380,29789871
14133096,Ecun,10254,10187.87,2401,29789879
557197,Totoki,10264.8,10187.71,1587,29789879
4126437,suni,10041,10187.29,2484,29789884
15892637,fartfartfart,10105.3,10186.79,583,29789882
8590032,OhRLY,10548.9,10185.82,995,29789873
7789573,AwakenD2,10862.7,10185.66,-439,29789868
13529248,John Stamina,10478.9,10185.64,1081,29789874
13033301,Lunarine,10813.3,10183.93,-507,29789869
9833890,HappyDan,10843.1,10183.30,-612,29789868
6875907,morix,10231.7,10183.08,2006,29789880
7410369,TheRealAman,10314.5,10183.00,1707,29789878
53378,ktgster,9730.26,10182.95,4341,29789892
13608111,Ostikowy,10760.1,10182.86,-715,29789869
487985,gasanww,10631.6,10182.72,362,29789872
8248762,Fzechen,10563.5,10182.57,258,29789873
23083968,wastami,10944.9,10182.26,-1030,29789867
11395961,jstyn,10432.8,10182.19,845,29789875
8296269,fixedbyglue,10276.9,10182.03,857,29789879
7516954,ZephyrCo,10627.3,10181.94,266,29789872
5170001,HubuCakes,10370.1,10181.84,462,29789877
606544,My Angel Haruna,9981.87,10181.28,2924,29789885
17374947,hoodmei,10663,10181.15,16,29789871
32559505,Sh1d1k,10733.2,10181.13,-463,29789870
21232469,DoremyCTM,10386.6,10180.96,1171,29789876
21391459,fish k1ng,10574.4,10180.73,217,29789873
17082379,dongdongben,10952.1,10180.60,-1075,29789867
5775709,Futile,10165.8,10180.10,1715,29789881
7639453,sofuraabu,10097,10178.90,3038,29789883
18242031,Akaze,10265.4,10178.56,1125,29789879
20410097,k3soju,10786.7,10176.66,31,29789869
19923362,ftqx,10899.8,10176.33,-1206,29789867
18256124,wizale,10750,10176.18,-901,29789870
11505804,Aeden,10758.1,10175.81,-576,29789869
3837380,Kamusta,10530.7,10175.59,263,29789873
11865105,Sentha,10913.6,10174.90,-993,29789867
10854139,drmunter,10478.1,10174.12,586,29789874
11757852,Kinor,10296.1,10173.96,957,29789878
13389574,isqqcle,10832.1,10173.88,-902,29789868
9327220,Zhamso,10563.8,10173.83,266,29789873
7941208,ogey rrat,10498.4,10173.19,925,29789874
13594332,YukiTanuki,10595.6,10173.00,493,29789872
10390336,encate,10629,10172.94,-477,29789872
17715605,Jabkubi,10664.7,10172.40,-229,29789871
24010320,Mimosa M,10811.2,10170.05,-939,29789869
16205171,iMaple,10677.3,10170.04,-487,29789871
8160290,depressedclouds,10529.1,10169.97,318,29789873
8152276,biograft,10930.2,10169.83,-238,29789867
14514680,ChubbyDubby,10753.6,10169.55,-308,29789870
3440388,houjuu,10337.2,10169.15,1055,29789877
15296550,FetherFall,10210.8,10168.89,2228,29789880
12720214,Sektor050,10249.5,10168.87,1265,29789879
4823070,Akatsuyo,10468.9,10168.33,298,29789875
10065690,Toji Fushiguro,9700.62,10168.32,3026,29789892
5950845,Wooting Farmer,10718.5,10168.21,-616,29789870
3722715,My Aim Zogs,10469.1,10168.00,971,29789875
6258472,vindit,10704.7,10167.92,-258,29789870
12353050,mis,10316.6,10167.77,1054,29789878
12883519,quaccking,10744.3,10167.57,-340,29789870
11325529,Wryze,10601.8,10167.32,-149,29789872
3635214,VRainbow,9969.62,10167.08,3132,29789886
9730925,Euryalle,10445.9,10166.33,837,29789875
6088976,Tzero,10288.7,10166.31,1254,29789878
15227187,Kaanfickels,10654.6,10166.19,-400,29789871
11517980,Shaazz,10817.3,10165.61,-653,29789869
24253656,[Coru],10901.6,10164.94,-826,29789867
22349440,Vetole,10355,10163.71,827,29789877
5184445,Fairy Peak,10336.8,10163.50,952,29789877
4117912,Raiin,10315.6,10163.50,956,29789878
29409169,Ratlovecheese,10910.2,10163.44,-1256,29789867
11770940,Greeen,10401.3,10163.20,970,29789876
16921135,Azvameth,10189.2,10163.12,1637,29789881
19012828,kiyomii,10662.4,10162.90,-8,29789871
7809099,Lemurz,10956.5,10162.17,-1284,29789866
25360601,setoh_,11589.1,10162.16,-952,29789859
12160788,sucat,10753.8,10161.10,122,29789870
3648831,alicerawr,10099.9,10160.44,1652,29789883
13535189,Adam Security,10545.5,10160.37,-378,29789873
15129514,- ItzDanZ -,10080.7,10160.18,2089,29789883
4489666,Retixia,10591.8,10159.41,293,29789872
6842477,Verneo,10515.6,10159.26,48,29789874
13681632,boonyansama,10149.3,10158.87,1872,29789881
13611061,[Andy],10804.5,10158.85,-357,29789869
14162590,hetamaaj,10784.8,10158.77,-276,29789869
6744452,Koppe,10340.4,10158.39,1487,29789877
11537692,SKY9487,10333.7,10157.57,642,29789877
19245562,Miinyxx,10318.7,10157.00,1102,29789878
4422457,Duskyui,10055.3,10156.99,2871,29789884
15183843,PinkFart,10797.5,10156.97,-668,29789869
9991156,antoniken,10938.5,10156.82,-1379,29789867
20055642,KevTheStickman,10641.4,10156.59,-308,29789871
8696849,mahk,10627.9,10156.40,-154,29789872
15191304,Leex,10743.5,10156.04,-886,29789870
11940631,YAMADAAAAAAAAAA,9955.59,10155.59,2264,29789886
23545876,Baguetti,10417.9,10154.95,1324,29789876
345516,Yentis,10659.6,10154.87,86,29789871
12652456,LAZER DANYA 700,10855.3,10153.98,-707,29789868
14528133,mags,10547.2,10153.45,519,29789873
13192231,bobstevenson,10415.3,10153.38,1002,29789876
6981924,wojexe,10452.4,10153.01,596,29789875
18269356,rubell,10991.3,10152.91,-1043,29789866
13972931,duckie momo,10697.8,10152.85,-575,29789871
16790203,krencior__,10870.8,10152.68,-917,29789868
12801054,THE GOAT,10020,10152.16,2246,29789884
7658011,JAPRON,10582.7,10151.64,-353,29789873
11704176,Holy Vincent,10474.6,10151.32,546,29789874
4065138,Lee Jung Hyun,10057.1,10150.94,2225,29789884
12372473,eztar,10447.2,10148.72,248,29789875
21426134,PowR_,10962.1,10148.27,-1201,29789866
7183739,Galedrifter,9926.09,10148.26,3228,29789887
9377682,srajo,10541.6,10148.18,176,29789873
11999904,Blokser,10953.9,10147.99,-754,29789867
10966302,JoanaBob,10535.3,10147.95,344,29789873
35295655,risui,10545.1,10147.55,441,29789873
10254842,darkmmon,10353.2,10146.91,708,29789877
8751833,CAP8136,10807,10146.80,-833,29789869
11108658,Nacrus,10384.7,10146.78,839,29789876
461720,Dungeon,10294.7,10146.15,1544,29789878
20062634,kigsters,10596.6,10146.01,275,29789872
13164311,lkjhfgdsawkrbtj,10614.2,10145.21,-1193,29789872
15044350,[ RoneKu ],9842.35,10144.95,2522,29789889
10811107,vitalik777,10757.8,10144.79,-665,29789869
15941175,reeze,10826.6,10144.60,-733,29789868
10857703,Rop,10418.7,10144.52,551,29789876
16338779,gay women kiss,10751,10144.29,-574,29789870
8121281,nekoneko_1027,10640.1,10143.93,-191,29789872
13198856,BibleThumpGuyy,10666.9,10142.92,-172,29789871
1901534,0120,10002,10142.58,2959,29789885
10870989,Alpama,10554.6,10142.47,-36,29789873
18484610,Purest,10623.7,10142.21,502,29789872
8087710,Kioku,10820.1,10141.24,-652,29789869
3475579,5252,10232,10141.02,1628,29789880
8894316,Crane-,10335.2,10141.01,-594,29789877
3242450,Death,9847.26,10139.92,2993,29789889
17605090,parcel,10267.2,10139.33,964,29789879
14497087,phamtoni,10195.8,10139.21,2465,29789880
15977117,thepersonwhodie,10443.3,10138.30,514,29789875
10081218,Alan,10700,10137.57,-159,29789871
4263943,Leotic,10272.9,10137.39,1276,29789879
14905291,qek,10643.9,10137.38,-84,29789871
14402477,l Akemi l,9883.43,10136.35,2984,29789888
17633983,Dazzle,10378.3,10136.03,255,29789876
18120465,asamto,10769.3,10135.77,-123,29789869
3765834,Klaut,9919.24,10134.29,2433,29789887
9971506,Sorlat,9600.99,10134.17,4763,29789895
18235797,staupid,10503.2,10133.84,710,29789874
17272840,Nutricula,9889.48,10133.61,3698,29789888
29676811,danib0k,10660.5,10133.45,73,29789871
14643634,tsyNya,10437.7,10133.27,345,29789875
3753204,Lumina-,10630.9,10131.88,-173,29789872
11133864,Rekkke,10595,10131.85,2,29789872
13983315,Govno11223,10784.6,10131.55,-726,29789869
17656316,matmatmatmat,10898.5,10131.29,-1670,29789867
4059978,Zereliq,10445.2,10131.13,410,29789875
16468838,glag,10573.2,10131.07,560,29789873
16008848,soft kisses,10442.6,10129.92,-128,29789875
14256364,PineFugger,10554.9,10129.45,-391,29789873
6867478,Buszek,9429.82,10129.34,3048,29789900
2260613,Syga,10281.4,10128.93,1085,29789878
9767572,eternal-,10922.3,10128.76,-463,29789867
21457864,_RockMen,10900.6,10127.65,-519,29789867
13457440,OnlyJacob,10115.9,10127.55,1306,29789882
15526826,edytzaler,10499.6,10126.95,167,29789874
17888941,vSanctum,10489.4,10126.89,188,29789874
15660923,MyAngelAsagiri,10099.7,10126.43,1718,29789883
22971505,Main Flex,10619.9,10126.19,-764,29789872
8701569,Alfredo--,10572.8,10126.16,-245,29789873
14459532,RedKatt,10768,10125.80,78,29789869
16029256,L E O N I D,10558.8,10125.57,-323,29789873
32364013,ddline,10368.4,10125.57,-454,29789877
21722012,SPR3,10763.9,10125.00,-806,29789869
7849945,Kei Yonagi,10339.9,10124.69,648,29789877
5087744,Meteo L-Drago,10566.3,10124.17,47,29789873
5176984,Tmunken,10567.5,10124.12,269,29789873
2408278,unberlin,10103.3,10123.83,2215,29789883
14252355,Okayu,10667.7,10123.51,-292,29789871
18419037,breezyendymion,10842.4,10122.80,-1168,29789868
26174908,abiabuabiabu,10355.7,10122.44,623,29789877
14933193,winmaxd,10310.1,10122.40,832,29789878
17777269,Concasse,10552,10122.33,7,29789873
10157694,-felicia,10136.9,10122.04,1930,29789882
3868653,waefwerf,10472.9,10121.94,1282,29789874
20847125,halfdoog,10950.6,10121.89,-1597,29789867
5779181,gilmat,10561.2,10121.57,165,29789873
17904412,Vertexisty,10707.4,10121.54,-154,29789870
5299539,ThaBooVX,10911.5,10121.06,-1141,29789867
13754277,Sophistoriate,10530.8,10121.01,-85,29789873
7498203,SecretlyShiro,10035.9,10120.62,1227,29789884
11386570,Flamburior,10024.8,10120.49,2332,29789884
19510722,neraise,10766.8,10120.16,-958,29789869
20252460,fewf,10588.5,10119.44,-186,29789872
18345830,kedama,10488.6,10119.38,478,29789874
809983,Slizzer,10257.9,10118.97,1202,29789879
8501631,wit117,10247.1,10118.89,994,29789879
13077790,EZDT,10226.9,10118.76,1415,29789880
13502575,Nockae,10784.5,10118.51,-433,29789869
18817625,Blxncc,10387.5,10117.90,1113,29789876
18353322,Clexed,10750.7,10117.89,-623,29789870
8304907,gloverlover,10533.3,10117.87,225,29789873
9298590,tani,10522.1,10117.35,683,29789874
31728717,Yunawa,10500.8,10117.24,446,29789874
11836632,kinaterme,10460.9,10117.22,560,29789875
11379592,Zavier,10516,10117.18,-49,29789874
7684497,GokuLook,10868.5,10117.11,-724,29789868
15202755,Adumi,10079.5,10117.03,2385,29789883
11332899,VoidLord0,10466.2,10116.91,287,29789875
1590461,schlafen,10307.7,10116.81,1093,29789878
24116664,Pau,10417.2,10116.38,1078,29789876
14198537,Kenase,10355.4,10115.94,683,29789877
14663983,kneshio,10440.4,10114.88,391,29789875
12059873,Tr00p,10229.7,10114.43,1543,29789880
14100784,eljangus,10655.9,10114.13,75,29789871
6333166,AlvaroYL,10205.2,10113.11,2058,29789880
12049607,Melons,10916.4,10112.81,-1109,29789867
4973669,SrMicke,10263.8,10112.79,1335,29789879
23363143,SpwarkZ07,10654.1,10112.45,-649,29789871
8992059,braveHeat,10582.5,10112.41,-3,29789873
15112350,THXKBAI,11032.2,10112.39,-1422,29789866
8645257,Kurisu,10350.3,10112.28,1101,29789877
4545563,Vantos,10601.9,10111.23,-403,29789872
5879559,Pyrocks,10404.8,10111.14,963,29789876
10504155,OG Merami,10620.2,10110.20,-41,29789872
8987236,Vecana,10742.4,10109.89,-312,29789870
4439343,Empax,10209.7,10109.82,971,29789880
1899986,- Akira Len -,10232.6,10109.65,1589,29789880
7601598,domplayer,9738.29,10109.45,3769,29789891
2933416,uvrv,10278.7,10109.35,1200,29789879
18430353,ia1235,10606.5,10109.32,-427,29789872
939213,NuHaru,10428.1,10108.98,326,29789875
26025472,Shinitaii,10551.1,10108.23,-52,29789873
11924228,HODYU,10671.7,10108.12,-18,29789871
18708470,MilkyBio,10232.7,10107.81,-198,29789880
9701942,Lucas1,10551.9,10107.73,-233,29789873
11031122,Yato Kukuru,10215.4,10107.61,1198,29789880
18601638,_Una_,10855.1,10107.49,-917,29789868
19617065,VVeizen,10875,10107.30,-986,29789868
9212147,Frogsi,10371.3,10106.53,564,29789877
13395679,Texnoment123,10811.7,10106.30,-1097,29789869
20199297,GoopSaber,10034.9,10106.30,2138,29789884
23591524,timurkazz,10914.1,10106.24,-1068,29789867
8535398,Aporia,10119.4,10106.03,2087,29789882
11672693,pigeonistic,10258.4,10105.28,648,29789879
15815159,c4w,10610.3,10104.75,-469,29789872
21750771,Daz,10265.8,10104.70,801,29789879
7712676,perfectfree,9966.29,10104.54,2040,29789886
9978880,AgarSanik,10714.6,10104.45,-103,29789870
10474988,Mashima Himeko,10227,10104.43,1346,29789880
19673211,ass,10482,10104.35,75,29789874
10583679,distinct,9840.48,10103.58,3408,29789889
15451071,MySQI,10483.6,10103.24,304,29789874
787576,Goruku,10162.5,10103.19,1566,29789881
12078117,FaltoS,10604.6,10103.18,110,29789872
9921400,bebraozo,10570.5,10102.86,-212,29789873
5250173,wuwedver,10659.5,10102.57,-603,29789871
2593058,KirbyTemplar,10498,10102.37,-100,29789874
13087358,-mox,10759.7,10102.07,-575,29789869
11880487,phaj,10431.8,10101.43,765,29789875
11719766,puckyu poi,10755.3,10100.31,-545,29789869
12274488,ebn5,10704,10099.37,-413,29789870
11191540,iRodZz,10593.4,10099.34,-956,29789872
13083042,rew,10353.4,10099.22,711,29789877
2341034,Mangcha,10561.5,10099.08,-438,29789873
17367989,Shibuya Kanon,10731,10098.93,-799,29789870
36446203,Faizze,10768.8,10098.57,-1135,29789869
14010215,silii,10764.5,10098.51,-1013,29789869
11085122,prowo,10386.5,10098.03,152,29789876
2077692,-Yuno_,10049.5,10097.48,1970,29789884
22907823,credible1,10503.6,10097.35,-113,29789874
7474075,cute princess,10750.4,10096.55,-833,29789870
26073893,Rolhalovich,10565.6,10095.31,-136,29789873
2639159,Shelbis,10089,10095.29,1939,29789883
18131090,YNUMI,10531.2,10094.99,53,29789873
2197711,Sonoda-Umi,10352.4,10094.97,906,29789877
31682960,i suck at hd,9981.33,10094.34,2774,29789885
5111479,kaypooma,10245.3,10094.17,1968,29789879
12739777,DarkSm1le,10791.8,10094.01,-722,29789869
360552,Sinch,10023.8,10094.01,1015,29789884
14208375,Soyuha,10960.9,10093.92,-1528,29789866
10938185,Jeff Fuchsional,10425.3,10093.53,224,29789875
11238426,Godlyy-,10732.9,10093.25,-99,29789870
13627503,leozinhoo,10537.3,10092.85,241,29789873
7488089,Eminem,10465,10092.46,-6,29789875
12571327,Tridecahedron,10751.1,10092.10,-1430,29789870
17973890,TryingOsuNow,10470.3,10091.87,500,29789875
6662773,Keenzo,10334.6,10091.59,686,29789877
7304106,[Rem-Desu],10613.4,10091.55,-126,29789872
35758909,Ciari,10850.4,10091.50,-862,29789868
11374306,Zeralis,10326.8,10091.22,571,29789877
13165910,_Crimsyn_,10323.4,10091.20,336,29789878
10817280,kerex123,10614,10090.87,-616,29789872
12961654,kitaikuyo,10649.7,10090.50,-595,29789871
9480633,Alexc99xd,10435,10090.42,744,29789875
16665828,Hat Dog,10726.4,10090.03,-810,29789870
12821713,-Chiaki Nanami,10009.7,10090.00,2211,29789885
3149395,richp2k,9796.66,10089.85,3132,29789890
933020,Rinsa,9638.38,10089.77,4513,29789894
14505580,cuna,10312.9,10089.28,674,29789878
33500124,S1nder,10723.7,10088.65,-1207,29789870
12713821,snowfort,9819.1,10088.52,1188,29789889
20678455,hendrqk,10324.3,10088.44,951,29789878
12658914,Allo,10864.3,10087.57,-528,29789868
6810571,Kido-Desu,10357.3,10087.57,669,29789877
9784305,shiori fangirl,10699.6,10087.42,-562,29789871
15869987,jelq,10569.1,10087.15,-563,29789873
8821737,Suzuori,10159.2,10087.12,1189,29789881
1843469,little Agile,10322.6,10086.91,1117,29789878
6213076,kipp,10620.3,10086.78,307,29789872
17068591,jsu,10861.3,10086.48,-1224,29789868
22549481,snydye,10780.1,10086.05,-728,29789869
19806098,rushia6,10876.3,10085.36,-1257,29789868
14211662,Dunkie,10229.4,10084.56,1342,29789880
14185739,gay nerd,10503.5,10084.35,-114,29789874
24583869,jangusso1,10877.6,10084.30,-1171,29789868
11815623,Pawlok,10263.7,10084.04,1887,29789879
12172073,Dabbe_01,10222.5,10083.55,1079,29789880
4692344,Haganenno,10300.4,10083.00,1036,29789878
18127943,Kagami,10691.9,10082.65,-676,29789871
28525958,PjXbox0,10493,10082.64,976,29789874
29779659,Maevis,10439.3,10082.30,684,29789875
8521804,Dainsleif,10405.7,10081.74,610,29789876
3996331,ShinysArc,10708.7,10081.24,-391,29789870
10405343,AimNotFound,10671.1,10079.98,-841,29789871
13672955,G1org1o,10430.8,10079.77,243,29789875
18343133,Pokuo,10448.3,10079.69,49,29789875
19972720,octi,10178.7,10079.57,2183,29789881
6545407,spaceman,10790,10079.42,-1048,29789869
35082798,zettai,10735.8,10078.73,-1064,29789870
3115903,Miidelz,10571.6,10078.38,-322,29789873
15382060,OOOooOOooO931,10156.4,10078.33,1448,29789881
16306031,kottEy,10446.1,10077.07,721,29789875
5907911,Ichinose Rika,10236.9,10076.39,1608,29789879
14251395,ImAhox,10451.2,10075.83,-141,29789875
13498737,Giovanni,10566.6,10074.69,-7,29789873
17488103,WEED CAT,10530,10074.66,103,29789873
2660065,- Kataomoi -,10152.6,10074.23,1455,29789881
11877830,verth,10216.3,10074.22,-1394,29789880
17002199,yashaaa,10643.5,10073.98,-394,29789871
15030466,Pager,10639.1,10073.92,-359,29789872
6826036,Squapple,10667.6,10073.90,-217,29789871
8688777,a hotdog,10287.9,10073.86,1359,29789878
7486123,Arasaka,10367.6,10073.79,442,29789877
8006029,realshin,10215.1,10073.46,1441,29789880
12164110,okapi,10314.6,10072.94,632,29789878
70863,La Valse,10003.9,10072.81,1386,29789885
20841815,_mori,10510.7,10072.65,-115,29789874
13484344,Nakano,10503.9,10072.44,464,29789874
13819107,spencer,10718.8,10072.38,-252,29789870
11675732,aszhes,9947.63,10072.37,2014,29789886
9625245,Nesnen,10297.8,10072.28,1216,29789878
11023021,Luxariah,10255.9,10072.07,862,29789879
4560592,NoGari,10388.7,10071.13,774,29789876
10686650,reptain,10296,10070.88,823,29789878
3322597,helix,10249.7,10070.48,886,29789879
7573580,DylanNB,10353.1,10070.44,242,29789877
12106552,slollv,10414.8,10070.37,-72,29789876
11241816,hexiture,10365.5,10069.97,781,29789877
10226302,DanielaFanBoy,10502.2,10069.96,314,29789874
19249802,chuu,10573.9,10069.55,-401,29789873
7335222,recow,10507.3,10068.92,317,29789874
10442993,Hinatsuru Ai,10359.7,10068.55,663,29789877
684433,taku,9995.09,10068.27,1636,29789885
11721736,MouseSupremacy,10033.7,10067.62,1300,29789884
8550292,Scooby-Doo,9758.44,10067.59,3526,29789891
10662566,rwinzzz,10442,10067.51,204,29789875
13863006,pascall,10523.9,10067.42,200,29789874
4815930,Applequestria,10346,10067.40,365,29789877
4742068,- e - v - b-,10579.1,10066.75,-149,29789873
11359320,Godmode Jr,10844.6,10066.65,-984,29789868
3184860,Rabb,10368.2,10066.37,656,29789877
32146529,Rezi1,10233.3,10065.99,293,29789880
11533588,Jurrii,10867.7,10065.56,-1144,29789868
15529550,careIess,10377.2,10065.04,152,29789876
7488088,leina,10287.8,10064.35,586,29789878
34442556,Day Breaker,10296.3,10064.19,1426,29789878
23313664,Imaginator,10339.1,10064.07,467,29789877
16268087,Bleck,10450.7,10063.09,-37,29789875
16638472,effyl,10593.2,10062.96,-594,29789872
13419174,Runayy,10625.6,10062.48,-293,29789872
14188203,worldlampshade,10178.6,10062.21,1283,29789881
15984509,Kanare,9901.38,10061.25,2352,29789887
3343488,-Levi-,10383.9,10061.17,402,29789876
11324759,Lit xd,10904.8,10060.84,-1321,29789867
12530511,TALLBROSKI,10325.5,10060.56,1421,29789878
4764671,AlexXerox,10400.4,10060.50,36,29789876
14141887,HAZE ON OSU,10757.3,10059.80,-884,29789869
12667791,sheraton,10530.4,10059.12,-389,29789873
9424885,raidyhd,10244.1,10058.94,673,29789879
11734452,Maidenlesx,9959.11,10058.77,2615,29789886
15383484,Joungko,10661.3,10058.64,-774,29789871
14779203,Rriandy,10791.1,10058.31,-105,29789869
21322180,ROMIPOG,10248.1,10057.71,-433,29789879
34898887,KigurumiSungeki,10553.5,10057.66,-455,29789873
6966624,Hub3r,10439.6,10057.40,986,29789875
8145297,gullibi,10207.4,10057.09,1038,29789880
14017843,zaul,10432.5,10057.04,400,29789875
11405431,Letor,10404,10056.60,726,29789876
14311083,DesuX,10416.1,10056.32,131,29789876
4137401,Neet Sama,9861.22,10056.24,3047,29789888
14477332,RocketeerRover,9879.95,10055.88,2616,29789888
7633389,Unholy57,10757.1,10055.83,-698,29789869
5981443,Davidozzo,10312.5,10055.41,-247,29789878
5626209,heybeyo,10904.5,10054.50,-1496,29789867
25562661,greatgmx,10502.5,10054.29,361,29789874
18966501,Vimots,11063.2,10052.70,-1485,29789865
4722369,Lupa,10236.1,10052.34,1316,29789880
1629165,-Cherry-,10633.8,10051.22,-147,29789872
20926283,f l 4 r e,10809.8,10050.68,-1097,29789869
2719307,Rivastyx,10264.5,10050.68,672,29789879
11976076,td0,10388.8,10050.34,314,29789876
2840499,elii,9954.92,10050.10,2178,29789886
4009916,go525,10111.6,10049.28,1666,29789882
15038240,Oliaulin,10568.2,10049.04,-237,29789873
15622181,KickedSoda,10603,10048.14,-673,29789872
26030045,ustkost,10423.7,10048.01,355,29789875
12463047,judor,9928.83,10047.90,1827,29789887
9388258,boy thighs,10752.8,10046.99,-1283,29789870
13939555,volkswagen,10446.2,10046.75,981,29789875
8682827,haha silly car,10480.4,10046.72,246,29789874
14265708,_singularity,10837.1,10046.38,-831,29789868
10431586,SeinTIA,10298.8,10046.33,825,29789878
3825470,K22,10604.7,10045.96,-463,29789872
31313159,kenman224,10225.2,10045.93,1101,29789880
14445810,Regrettable,10346.4,10045.53,434,29789877
21030712,sharpe,10408.4,10045.20,1318,29789876
8269841,RinAmagiFanGirl,10630.7,10045.19,285,29789872
20138434,tutvta,10585,10045.02,-550,29789872
3181676,Identical,10452.6,10044.41,140,29789875
15095203,ahlluvinoooo,10942.6,10044.32,59,29789867
8626190,wendy,10000.3,10044.31,2272,29789885
12265391,RafisJr,10072.7,10043.77,1431,29789883
12858572,Aze x3,10199,10043.47,667,29789880
9135454,-Typhlo-,10060.3,10043.43,2232,29789883
14695197,maez,10600.8,10043.28,-620,29789872
8473665,don_chan,10567.8,10043.08,78,29789873
791477,Benton,10004.1,10042.57,1013,29789885
18729392,Mattri,10367.9,10041.57,618,29789877
11132582,mellowskies,10498.1,10040.98,98,29789874
10772015,sinvix,10469.3,10040.93,23,29789875
6763434,Neina,10278.2,10040.90,469,29789879
19778889,D1ddles,10257.2,10040.86,513,29789879
14988029,-Remington-,10651.1,10040.76,-622,29789871
1451811,Sooki,10060.1,10040.60,1934,29789883
9961436,Surpy,9999.12,10040.49,2565,29789885
18385524,cat noir,10116.5,10039.77,1272,29789882
12342038,Rhabdomilowo,10448.6,10038.95,398,29789875
12143654,Umee,10331.9,10038.83,778,29789877
19113014,Lync007,10638.4,10038.52,-308,29789872
6966043,ReviT,10491.7,10038.16,-85,29789874
4224060,Tosino Kyoko,10144.7,10038.14,1400,29789882
11590922,DaunT,10823.5,10038.06,-1475,29789868
2477387,Tabris,10596,10036.53,-577,29789872
14773345,I use HDDT,10709.7,10036.26,-808,29789870
15163416,Entelechia7,10331.2,10035.90,439,29789877
10653881,rifumo,10646,10035.79,-394,29789871
15609644,NetroxTV,10559.5,10035.71,-556,29789873
15841801,Chakerski,10655.6,10034.63,-1083,29789871
9529511,WOJT,10091.2,10034.60,2259,29789883
17943599,wood veneer,10952,10034.28,-1147,29789867
3095685,wohooooooo,10283.2,10034.11,1277,29789878
26705942,DaCh1,10415,10034.05,-116,29789876
18750002,-koreangod1111,10333.5,10033.02,748,29789877
9053638,Aesc the Savior,10671,10032.37,-784,29789871
4866962,Memento Mori-,10247.2,10032.36,1009,29789879
9854138,muis speler,10924.3,10032.34,-1553,29789867
13947361,AYOMY,10472.4,10032.30,-217,29789874
1274825,Sadolution,10235.5,10032.06,1262,29789880
8401548,SowAA,10418.9,10030.43,499,29789876
21842761,Charlyppauhs,10127.9,10030.35,1241,29789882
18423390,piealien,10590.6,10030.19,-41,29789872
25721168,Zhabka123,10238.7,10029.80,307,29789879
3381441,ZeCryptic,10109.9,10029.35,851,29789882
2036685,Fortuner,10235.1,10028.79,872,29789880
8500409,Adrien,10406.4,10028.64,438,29789876
32575982,akryllix,10900.9,10028.13,-1354,29789867
7660383,455-38B,10576,10028.12,18,29789873
18415252,SiroTTTTT,10440.9,10027.92,-209,29789875
18863133,Skiddy07,10758.6,10027.62,-996,29789869
25602812,Neutromint,10011.2,10027.39,2327,29789885
9870985,ToyBreak,10240.5,10027.30,1263,29789879
10665622,bartez0,10219.7,10027.19,761,29789880
8982518,GooGarog,10618.1,10025.65,-576,29789872
20367144,citrous,9753.96,10025.20,-543,29789891
21911882,Tsubaban,10220.6,10025.13,956,29789880
12227804,awozy,10448.4,10025.07,-642,29789875
5381631,Hayai-try,9969.21,10024.74,2218,29789886
10950731,Askehraz,10660.7,10024.03,-693,29789871
14783137,Kriatix,10774.6,10023.42,-1194,29789869
4796838,Hellstorm,10257,10023.30,1176,29789879
4902995,seojaewon,10444,10023.23,-245,29789875
22429949,YuukiAim,10624.4,10023.20,-466,29789872
16368250,ADoorNob,10120.7,10022.53,744,29789882
17561841,VLADYSLAV,10426.4,10022.25,183,29789875
27236744,delioru,10731.4,10022.03,-1358,29789870
18241233,Katoteshi,9625.86,10021.73,1894,29789894
12900463,Gramma,10683.2,10021.70,-848,29789871
12212180,kafumii,10407.6,10020.85,490,29789876
14908072,darkkowo_,10722.5,10020.53,-1253,29789870
12986120,Ayase,10287.6,10020.51,538,29789878
9760363,ukasoh,10159.9,10020.48,1356,29789881
21282552,nomox,10085.3,10019.23,1451,29789883
18018436,Darktra,10363.8,10019.22,-92,29789877
13269506,SourMongoose,10043.8,10019.09,1442,29789884
12516887,Kawakaze,10312.4,10018.97,1013,29789878
16015086,Thorlion,10740.9,10018.75,-838,29789870
16072104,Sleppie,10280,10018.71,459,29789878
12392236,zingini52,10562,10018.68,127,29789873
14169740,kakminn,10090.5,10018.11,1731,29789883
16614190,Promooooooo,10522.2,10018.04,-190,29789874
33496954,kirishima114514,10519.3,10017.85,-786,29789874
9876301,-Sophia,10337.8,10017.55,57,29789877
18319920,WorstRUplayer,10691,10017.02,-829,29789871
9590557,Firika,9881.17,10016.87,2177,29789888
6386735,nuthing,10473.4,10016.25,-238,29789874
32954989,kyskyskys,10540,10016.04,-1423,29789873
10701001,Ghsed,10364.8,10014.71,260,29789877
16829517,Mikumin,10302.7,10014.46,753,29789878
11925217,beiba,10508.3,10013.80,-224,29789874
10502278,Calenn,10526.2,10013.58,-373,29789874
7412848,Alfginnar,10418.3,10013.17,-57,29789876
21168144,Ivan136rus,10380.7,10012.79,-2,29789876
1197481,NyanTa,10379.5,10012.67,449,29789876
3461251,conebone69,10070.1,10012.63,1446,29789883
16572162,ReoThePrank,10778.4,10012.35,-1486,29789869
18579521,ImPPT,10399.8,10011.95,330,29789876
8186536,Qualifiers,10015.5,10011.27,2450,29789884
4911460,Dinilsu,10168.7,10011.22,1163,29789881
11107847,rnrekk,10719.3,10010.84,-594,29789870
25828470,stackima,10391.8,10010.44,-1354,29789876
18029220,FlancyE,10492.1,10010.35,194,29789874
14087972,Dahee,10740.8,10010.26,-965,29789870
9002704,Shubingson,10616,10010.01,-602,29789872
15025654,Gordon Ramsey,10130.3,10009.98,1197,29789882
16322618,IRONMOUSE,10321.6,10008.95,942,29789878
13392346,Miteze,10542.7,10008.89,-998,29789873
13917358,Kryz,10628.7,10008.74,-721,29789872
10891435,tachyonexpress,10427.3,10008.65,-15,29789875
19957490,Leeoch,10518.5,10008.22,-561,29789874
1163931,FllareA,10184.1,10008.21,1224,29789881
3618773,gilherme boulos,10311.7,10007.88,470,29789878
8009988,Sunao Shiroko,10774.1,10007.53,-964,29789869
7286850,Iambosszie,10529.2,10006.96,-261,29789873
32448304,TYF,10549.8,10005.99,-949,29789873
18558763,sopok,10794.8,10005.48,-1192,29789869
5211886,BULD,10302.1,10005.10,454,29789878
10456643,RainingDance,10363.4,10004.01,533,29789877
23426539,fragile alice,10467.9,10003.48,-96,29789875
8705500,Eggi,10168.8,10002.31,977,29789881
13577537,RayZero,10266.5,10002.16,790,29789879
13627426,mort,10100.2,10001.82,2384,29789883
6023950,Kumatetsu,10421.5,10001.61,-266,29789875
18347666,Azasapag,10326.9,10000.61,790,29789877
32290754,TheVodkaDog,10152.4,10000.28,891,29789881
24362499,Javin,10709.9,9999.96,-288,29789870
7479564,Sever,10085.9,9999.52,2240,29789883
2222447,RyuuBei,9630.46,9999.21,2788,29789894
17918199,Frederick,10383.1,9998.56,-346,29789876
8941856,laserdik,10491.5,9998.35,-312,29789874
12507970,pytong,10692,9997.23,-1219,29789871
18119016,Piromuti,10068,9997.18,2127,29789883
12812722,rosmo,9976.62,9996.83,623,29789885
22447609,gugahu,10749.6,9996.21,-871,29789870
12130363,Wiggler,9935.34,9996.04,1842,29789886
14956740,hinkal,10776.6,9996.00,-1153,29789869
12482781,Wisoven,10395.1,9995.74,153,29789876
19176750,im a magic girl,10003.2,9995.40,1926,29789885
12577894,Storm_AT,10370.8,9995.10,394,29789877
12445254,Hlebushek31,9803.74,9993.94,2869,29789890
11983880,Haj,10594.4,9993.57,-557,29789872
6390912,Timowoof,10296.5,9993.14,691,29789878
12827459,OceanGuy3,10408,9993.09,-1104,29789876
12209338,kanto,10576.2,9992.91,-571,29789873
15597328,KAPACb,10471.2,9992.81,-122,29789875
11262921,Pollo Loco,10064.9,9992.74,1669,29789883
18563131,meias,10590.8,9992.04,-431,29789872
8525220,rinny,10547.1,9992.01,-325,29789873
15447339,Craneo,10543,9991.58,-15,29789873
5297955,Niven,10315.5,9990.69,1327,29789878
2932923,harunaruna,10231,9990.04,1178,29789880
17524565,LatvianAhmed,10731.9,9989.87,-1049,29789870
35752703,OONGOANG,10559.1,9989.37,-927,29789873
35972875,Innepped,10478.8,9989.10,-5,29789874
17382566,HaiTien,10401.4,9989.09,-772,29789876
1125647,Sakurai Miyo,10402.6,9988.71,925,29789876
24183460,Pells,10241.4,9988.36,437,29789879
2061326,oitaN,10441,9988.09,292,29789875
5433546,Yuumi,10523.1,9987.09,338,29789874
3942820,Fukkatsu,10685.4,9986.94,1446,29789871
10664708,Luciderized,10344.4,9986.86,62,29789877
23999802,IrregularSpe,10376.4,9986.36,-27,29789876
12490173,Yqno,10806.7,9985.67,-1577,29789869
17416394,Oudi,10505.4,9985.33,-26,29789874
4820468,Octagon,10259.6,9984.66,298,29789879
8929394,Ariu,9989.84,9984.61,1373,29789885
23136225,Justpezzo,10428.5,9984.47,258,29789875
4453555,Gbomb2215,10246.8,9984.09,710,29789879
13197547,Mclovin2012,10326.5,9983.06,106,29789878
12130373,Phan Dinh Tung,9928.59,9982.90,2146,29789887
10021506,mqno,10516.2,9982.56,-319,29789874
4825589,hail,9996.8,9982.49,1538,29789885
1823626,ajboston123,10400.3,9982.22,320,29789876
12185883,Nightfall,10376.2,9981.92,233,29789876
6911521,Einzb3rn,10066.1,9981.92,1484,29789883
11618525,Hctbi,10520.9,9981.85,-552,29789874
9728880,Gore_,10121.8,9981.76,1635,29789882
18601735,RedTheren,10674,9980.55,-576,29789871
14772779,nagicha au lait,10534.5,9980.40,-466,29789873
16986237,verify,10351.9,9980.28,12,29789877
14190902,N00BxKING,10656.9,9979.99,-624,29789871
20987963,LYouGotSniped,10538.9,9979.72,-1197,29789873
3574945,femboy irl,10374,9978.88,-155,29789877
9340773,stanol,9961.75,9977.68,2860,29789886
4259824,Bepis,10346.1,9977.52,416,29789877
16858397,kanagava,10497.3,9977.21,-245,29789874
9074446,shiuw,10373,9977.21,53,29789877
9232635,deenooo,9906.89,9976.78,1866,29789887
11463070,jekalave,10298,9976.42,652,29789878
12862939,SeregaSkull,10214.6,9976.24,1018,29789880
8728357,Matiko,10439.9,9976.09,330,29789875
2368744,LeaPhant,10315.3,9975.50,120,29789878
10756457,Rothaar,10612.6,9975.49,-831,29789872
25237935,Takumj,10699.3,9975.34,-1135,29789871
9948665,vyper,9774.56,9975.29,3079,29789890
119933,Kert,9891.14,9975.19,2184,29789888
8379270,Reddd,10377.1,9975.10,-271,29789876
12074524,Plave,10568.8,9974.83,-541,29789873
10290641,EulaFootEnjoyer,10046.6,9974.82,1495,29789884
6552632,_lesu,10448.8,9973.70,317,29789875
14567097,Fubaki,10280.4,9973.54,618,29789878
17604898,Deloyrs,10435.5,9972.59,378,29789875
34698455,Mach 84,10563.6,9972.46,-730,29789873
13215820,johnnn,10558.1,9972.14,-319,29789873
7382171,BogxD,10412.4,9971.92,119,29789876
5069873,Vampirina,9751.98,9971.80,2850,29789891
17003994,francobmg,10405.4,9971.37,122,29789876
2714158,Nicklous,10181.3,9971.02,1524,29789881
14085870,Wacom CTL-472,9796.14,9970.30,1296,29789890
23066207,-sakuu-,10569.6,9970.27,-693,29789873
9850011,-Mirai-,10489.7,9970.25,388,29789874
19605423,Lame,10408.1,9969.97,-26,29789876
13729815,YoungShini,9984.75,9969.09,920,29789885
17750094,Kulakk,10692.6,9968.77,-1000,29789871
16786480,- Yuuu -,10518.4,9968.64,-454,29789874
22617290,iamtangerine,10664.2,9968.46,-1144,29789871
16589867,Ashpoo,10479.5,9968.40,-309,29789874
5833709,- Koaly -,10550.6,9967.55,-829,29789873
29571053,Axeternal,10657.6,9967.27,-667,29789871
29123903,Nobule,10385.3,9966.51,77,29789876
12199398,Atri -,10054.4,9966.34,2003,29789884
11740219,Takane,10417.4,9966.22,0,29789876
12772652,zxkr1608,10284.2,9966.05,267,29789878
980294,makarupa,10252.8,9965.66,606,29789879
13764890,Jupiterium,10083.7,9965.18,259,29789883
16931920,purplemint,10597.9,9964.74,-641,29789872
9959494,wurden,9915.73,9964.43,2648,29789887
12128420,Caparezza,10067.5,9963.37,1615,29789883
17978570,-[ Dreepy ]-,10222.9,9963.32,120,29789880
2882221,Dinh,10211.4,9962.39,524,29789880
24595935,fuyuv,10495.1,9962.28,-193,29789874
15779400,Meursault,10609.7,9962.18,-516,29789872
12326522,ALVAS,10754.5,9961.72,-997,29789869
12404995,-Agent,10223.3,9961.35,-231,29789880
33757687,Nightmarish,10428.9,9960.99,-1244,29789875
492699,Yarissa,9893.07,9960.68,2501,29789887
4991464,acia,10300.5,9960.30,977,29789878
4881051,tkn,10449.3,9959.77,297,29789875
12798171,Taciturn,9948.26,9959.08,1629,29789886
8579877,-Yamato-,10128.6,9958.69,934,29789882
9453325,DeMSKii,10164.8,9958.39,947,29789881
11097925,vikikle,10756.5,9957.98,-1062,29789869
11480050,Dahmen,10004.3,9957.74,1923,29789885
15413621,pregnant,10103.7,9957.52,862,29789883
10394693,KaczkaLodowka,10476.3,9957.48,-164,29789874
9291448,Nairda_,10237.7,9956.55,630,29789879
12139352,NeoPixel201,10480.8,9956.35,639,29789874
10212942,Katharsis,10013.2,9956.17,1859,29789885
7358639,Igor156,10261.9,9955.95,314,29789879
9231256,newbieqwert0000,10493.2,9955.73,467,29789874
12503463,BruhKakashi,10508.9,9955.70,-56,29789874
20382815,shezmu,10597.8,9955.60,-202,29789872
7339759,LAST DANCE,10556.2,9954.13,-418,29789873
20158281,fyrefly,10637.8,9954.05,-855,29789872
9562117,Aranel,10461.9,9953.37,449,29789875
6521659,Dinoxe,10401.7,9953.24,-226,29789876
20344609,znerwill,10663.3,9952.43,-1062,29789871
9376321,Haroe,10474.5,9952.17,-52,29789874
19859185,ROKSANA WEGIEL,10297.3,9951.31,-234,29789878
8114571,fragrances,10045.3,9951.10,1052,29789884
9548970,TRBananaman,10325.1,9950.97,61,29789878
34742400,Izunamori,10656.3,9950.55,-875,29789871
18174357,remora,10246.9,9950.28,223,29789879
12634710,Kexrus,10506.2,9950.02,-310,29789874
16534808,-JustCallMeMK-,10605.5,9949.91,-946,29789872
28930794,Bluegaytion,10661,9949.79,-820,29789871
17216184,ER666666,10354.3,9949.15,-237,29789877
8874346,kairoun,10245.8,9948.54,167,29789879
29954613,kinimay,10211.2,9948.38,532,29789880
11835551,icetones,9592.52,9948.34,3828,29789895
12444196,Wisenty,10591.4,9947.77,-801,29789872
13279483,awouff,9769.05,9947.69,2065,29789891
4039647,SkyArrow,10110.8,9947.54,1714,29789882
10350809,iamanewb,9813.9,9947.54,3281,29789890
8202626,PtoIsPe,10428,9946.39,-210,29789875
12805556,AnimeIsKey,10346.2,9946.34,56,29789877
18046157,Gmlord,10504.9,9945.08,90,29789874
5296112,san-lotso,10297.5,9944.37,371,29789878
5101306,Quinten,10293.4,9944.16,332,29789878
9680907,Hades,10411.7,9943.97,392,29789876
8801931,LayZxD,10421.8,9943.61,-267,29789875
10332253,Rozemyne,10319,9943.52,717,29789878
4020506,-TM,10193,9943.43,763,29789881
19803457,hygeo,9684.69,9943.34,3413,29789893
16437178,Chiller,10460.3,9943.18,154,29789875
5282004,luuuser,10616.1,9943.02,-746,29789872
592971,AdveNt,10101.7,9942.60,1292,29789883
34247441,suzarumi,10213.6,9941.69,360,29789880
24648774,laststar,10705.2,9941.41,-887,29789870
13857284,Mizly,10612.2,9940.72,-452,29789872
3453558,Roberto,10259.5,9940.44,402,29789879
23731093,P_F_C_PRO,10464.1,9940.17,-437,29789875
12905443,Clubby,10315.2,9940.10,216,29789878
7847997,yun,10195.2,9939.38,405,29789880
12319251,zhigul,10329.6,9939.23,387,29789877
11685498,011010119,9575.23,9938.97,4143,29789896
15606032,Locz3k,10674.9,9938.93,-860,29789871
15037230,mochu24,10271,9938.82,1100,29789879
8268124,NeTsune,9966.88,9938.58,1394,29789886
12330474,Ren-kun,10338.6,9938.39,288,29789877
11503939,abbye,10043.6,9938.18,1825,29789884
8149705,Stardust,10194.5,9937.60,418,29789881
12265313,AS701F0,10613.3,9937.40,-576,29789872
8440154,Ratro,10500,9936.47,-755,29789874
14523068,Akuuuuuukin,9763.4,9935.90,2201,29789891
17156265,revokr,10346.8,9934.92,502,29789877
6068934,Jabba,10295.3,9934.23,1099,29789878
4287296,Ren_,9956.56,9933.45,1201,29789886
14443032,LickWidFyre,10274.6,9932.34,12,29789879
17249008,nakk_o,10485.1,9932.24,-685,29789874
16222567,_kurayami,10733.6,9931.73,-1145,29789870
19244792,[SHK]Wuxin,10285.6,9931.61,583,29789878
8996652,xCypherr,10411,9930.68,-92,29789876
12481728,Ephedrine,10597.4,9930.29,-597,29789872
15422961,Lucy Bedr0que,10257.6,9929.34,353,29789879
9149167,Fluffy91021,10445.8,9928.26,-418,29789875
20217139,crcvuy,10351.6,9928.00,-343,29789877
36631973,w0l,10807.2,9927.96,-1678,29789869
6530182,Qrestu,9931.13,9926.97,1640,29789887
10248601,Panda Bear,10220.1,9926.93,773,29789880
9506425,Tsumetai Tenshi,10295.1,9926.59,408,29789878
23403742,Laydau,10187.6,9926.04,104,29789881
19585749,Zynkx,10282.2,9925.82,-134,29789878
10260284,RABBIT2,10433.2,9925.75,-228,29789875
1722835,elchxyrlia,10091.3,9925.61,1586,29789883
15657769,C I KSTER129,10242.1,9925.33,815,29789879
12741052,Mechi,10519.5,9925.09,-490,29789874
24574181,iddk,10564.5,9924.82,-831,29789873
17421393,Albatrauz,9995.7,9923.72,1202,29789885
17953700,demura,10457.1,9923.16,-345,29789875
17952568,California,10720.4,9923.13,-1331,29789870
9008423,Gexie,10311.9,9921.18,507,29789878
11076938,Mavs,10099.1,9921.17,1228,29789883
6643007,Toonmasta,10358.9,9921.00,127,29789877
19071972,J6idot,10111.8,9920.97,337,29789882
35188955,2NDINCOMMAND,10485.4,9920.82,-1227,29789874
10069015,Phirse,10410.4,9920.63,-278,29789876
32611089,FriedToaster00,10610.7,9920.61,-1114,29789872
15761373,twaiszy,10385.8,9920.45,8,29789876
23272743,povar,10493.6,9919.02,-635,29789874
9632132,ScholasticOG,10151.7,9919.00,731,29789881
17836051,ezgi,10076.2,9918.86,501,29789883
12660302,jdfIag,10738.9,9917.57,-1238,29789870
16195397,chata-,9748.41,9916.21,3204,29789891
16587033,Kylain,10441.4,9915.86,31,29789875
6779549,BobbyZlich,10263.3,9915.85,94,29789879
9908612,SharkB,10069.9,9915.56,1730,29789883
14383823,YotGun,10021.7,9915.18,1250,29789884
15146816,aksenas,10354.2,9914.75,-131,29789877
12714485,Akashantara,10355.5,9914.36,-151,29789877
6764156,Ayase Eli,10034.7,9913.78,1171,29789884
5894953,Asion,10169.2,9913.57,730,29789881
1890143,-Trigger,9892,9913.51,2232,29789888
14954732,wxyz,10289.9,9913.18,835,29789878
21541003,masuu,10587,9912.89,-996,29789872
28639698,polyphia,10170.9,9912.53,420,29789881
15522483,Rover,10159.4,9912.41,720,29789881
2282145,Jiuchu,9359.84,9912.30,4815,29789902
5932021,Hidemi,10138.2,9911.95,333,29789882
10528604,Asa_,10442.3,9911.46,-45,29789875
2706715,GitahMuttan,9875.33,9911.26,1909,29789888
13378004,Karameru,10340.5,9909.82,52,29789877
5347360,Mark Napkin,10327.7,9909.65,-270,29789877
15261991,Hydrangea_,10155.6,9909.50,497,29789881
12781341,ItsPulse,10339.2,9909.29,20,29789877
13588563,IlI,10453.1,9908.96,-160,29789875
25483854,goldy1337,10541.9,9908.47,-1204,29789873
14305707,MyAimTocype,10453.8,9908.25,-361,29789875
18431006,12Lizak,10511,9907.93,-486,29789874
11050517,WITSCHIEEE,10260.4,9907.63,-95,29789879
12033812,Loganoss,10051.2,9906.98,1391,29789884
7513426,futomomo,10661.5,9906.95,-1262,29789871
6334009,celen,10016.1,9906.95,1462,29789884
9614523,furryfemboy,10524.5,9906.90,-777,29789874
26005698,konnyakuexpert,10173.4,9906.21,352,29789881
31478790,saniT,10416.9,9906.11,59,29789876
15558397,WheaThley,10597.1,9905.24,-934,29789872
16818802,Miguel Mella,10101,9905.06,1013,29789883
5176406,Kelhoy,10365.4,9904.93,-79,29789877
20347829,drainsoup,10434.7,9904.65,-433,29789875
10516802,Jotmo,10353,9904.46,161,29789877
13245208,netraena,9984.35,9904.44,1830,29789885
11883100,XimperiaL,10352.8,9904.29,315,29789877
27913336,Spirito,10597.2,9904.18,-618,29789872
3339073,- kouyuu -,10131.5,9903.91,722,29789882
15530617,Zkyler,10031.2,9903.84,1299,29789884
28580233,Lizzyard,10010.7,9903.42,1451,29789885
19248632,ThugXY28,10750.9,9903.34,-1037,29789870
9080029,Awex9000,10072.3,9903.05,944,29789883
13335554,MaMiruku,10710.8,9903.00,-1152,29789870
8522809,Rub1nchik,10077.3,9902.39,822,29789883
10818171,DH02,10365,9901.87,201,29789877
14598269,Shane-sama,10657.9,9901.80,-1325,29789871
8474535,OPSEC DEMON,10664.3,9901.70,-542,29789871
17817251,thinkerer,10205.5,9901.35,1025,29789880
16660532,Guhh,10578.5,9900.86,-481,29789873
7719207,Mini Gaunt,10243.7,9900.75,262,29789879
10485191,Crankii,10094.7,9900.16,1274,29789883
6263574,Hixia,10070.7,9900.00,1093,29789883
8823871,[Radzio],10426.3,9899.56,-245,29789875
22882868,peytopot,10608.2,9899.40,-1098,29789872
9060966,Puskevit,10087.7,9899.40,771,29789883
10647381,i cant aim dt,10281.9,9899.32,389,29789878
15475788,Doma,10333.1,9899.17,-356,29789877
21977496,Ichinose-Honami,10433.5,9898.62,-205,29789875
11026046,MickeyPL,10695.2,9898.56,-1457,29789871
9918331,firsw,10420,9898.32,26,29789876
16601838,Grayy-,9768.4,9898.12,1810,29789891
4984843,Endu,10269.3,9898.11,595,29789879
15865757,emilio12l,10340.8,9897.58,73,29789877
15466366,Jwshy,10705.6,9896.87,-1011,29789870
16795367,WXP,10251.3,9896.71,135,29789879
18598040,micro,10190.6,9896.64,888,29789881
11095290,Trash Bag,10598.8,9895.86,-554,29789872
29064461,Tuyoponu,10578.2,9895.74,-1239,29789873
12200180,cozyin,10420.7,9895.13,-103,29789875
11113661,malvon,10203.7,9895.03,577,29789880
7686883,- Nishina -,10681.8,9894.39,-1103,29789871
1507666,dezodor,10284.8,9894.32,779,29789878
12788217,Mechanical_X,10416.2,9892.83,-91,29789876
11455156,Eroi,10514,9892.36,-479,29789874
33656775,[Cheng-Yu],10450.9,9892.06,-1154,29789875
16572025,harpzon,10325.9,9891.97,43,29789878
26033554,asim,10839.9,9891.92,-1188,29789868
9307945,Nio-,9941.62,9889.69,1351,29789886
28985625,[Firefly],10482.5,9889.50,-863,29789874
7451956,Intex,10404.2,9889.36,-289,29789876
660311,Kiwisama,10457.3,9889.05,60,29789875
849161,Saezuri,10188.4,9888.91,458,29789881
31803228,pato14123,10004.8,9888.89,609,29789885
14491327,Norwexy,10626.5,9888.51,-1024,29789872
14920004,Houndasaur,10434.5,9888.51,-337,29789875
8476191,[Astro],10151.1,9888.34,1175,29789881
13283426,IRamos,10202,9886.75,860,29789880
13353897,literally a cat,10256.7,9886.31,-527,29789879
4408727,shawn,10044.1,9885.47,1025,29789884
11243503,Juunas,10344.3,9885.23,-282,29789877
8706541,SomeMelGuy,10096.9,9884.74,1484,29789883
30998918,narwal,10262.4,9884.68,137,29789879
17249530,Wineikoo,10171,9884.50,733,29789881
15564576,huy,10130.8,9884.12,-98,29789882
9927431,Mayorawq,10537.8,9883.93,-716,29789873
9765470,iHotaru,10309.8,9883.57,103,29789878
13029015,_WangKi_,10494.4,9883.25,-361,29789874
6393126,Desew,10203.2,9882.76,969,29789880
19399473,OinkerPoinker,10610.6,9881.19,-672,29789872
15572272,- kayu,10203.4,9880.56,174,29789880
8100277,Haruseki,10492.9,9880.50,298,29789874
6381153,ItsWinter,10376.8,9880.23,-442,29789876
3527075,JJSNET,10032.4,9880.13,1729,29789884
13211728,NogardEci,10053.4,9880.04,678,29789884
18564015,geiboi77,10018.3,9880.04,1170,29789884
24170797,ps1 hagrid,10211.6,9879.90,169,29789880
9848513,Shiromi,10090.2,9879.44,562,29789883
4695299,skyapple,10568.6,9879.11,-527,29789873
15904908,Zarkyi,9812.35,9878.86,2917,29789890
9621202,apeach,9980.86,9878.59,1377,29789885
10048544,Rykerov,10569.9,9878.54,-811,29789873
13818201,I AM MUSIC,10682.5,9878.50,-1428,29789871
21692963,Xandar,10436.3,9878.29,-447,29789875
11701669,sejkacek72,10532.9,9877.87,-681,29789873
11705938,Mahlzeit,10629.1,9877.74,-100,29789872
21285251,awhi,10317.2,9877.07,29,29789878
10783239,Axeslayer,10037.1,9875.98,820,29789884
17711382,rosemary,10116,9875.93,325,29789882
15542071,shoey,10025.1,9875.88,878,29789884
21521707,supercurls,10308.3,9874.66,527,29789878
27679241,hxunted,10267,9874.58,3,29789879
14003547,Andrews,10198.5,9874.53,-32,29789880
7875811,pedri,10403.2,9874.07,-206,29789876
2846779,Macho,10182.2,9874.05,536,29789881
9364696,Malach,10325.7,9873.96,-84,29789878
9347980,ShiroRNG,10370.9,9873.75,-442,29789877
9491900,MyAngelNino,10522.4,9872.91,-612,29789874
17023454,Plexo,9948.48,9872.91,1282,29789886
11293951,Abratexz,10165.9,9872.57,1130,29789881
6501392,Phowl,10292,9872.48,20,29789878
12143973,Mezpils Enjoyer,10650.5,9872.38,-508,29789871
14063097,Rane_,10466.8,9872.25,-784,29789875
29375561,Whyok,10427.8,9872.17,-104,29789875
5283210,ThePonite,10164.1,9871.77,612,29789881
8882362,Shiriai_l,10575.6,9871.33,-994,29789873
7904667,xidorn,9789.82,9871.26,2133,29789890
448316,hard to freeze,9742.2,9871.08,2526,29789891
5328923,Shook,10381.4,9871.07,-309,29789876
19140641,Klollina,10368.3,9870.52,-207,29789877
7864787,LordKirb,10405.9,9869.79,-339,29789876
34912079,057bodyaga,10324.8,9868.88,467,29789878
7302148,False Nine,9875.97,9868.52,2304,29789888
14022785,Niimi Sora,10078.5,9868.24,701,29789883
12344332,Gun,10364.1,9867.62,-792,29789877
12964646,Soupmio,9946.43,9867.06,-682,29789886
14452737,riveren,10492.8,9866.80,-885,29789874
34464750,Jahy-sama,10505.9,9865.92,-1192,29789874
7866161,uberlegen,9637.31,9865.88,2516,29789894
8125731,GreLyy_,10201.4,9865.79,169,29789880
3530678,[ G h o s t ],9388.21,9865.70,2227,29789902
16401033,michallll,10474.3,9865.38,-594,29789874
4073756,juuu,10291.6,9865.31,-61,29789878
14157577,BossKungZ,10225.1,9865.18,577,29789880
9819240,NN4,10476,9865.07,-115,29789874
408088,Snepif,9945.93,9865.00,1501,29789886
23320102,clyi,10119.8,9864.95,1784,29789882
13134250,sneplover,10059.8,9864.94,1122,29789883
11470095,pierat,10586.7,9864.83,-881,29789872
9364590,KSI,9904.4,9864.62,1835,29789887
13307832,Ganove,10220.4,9864.19,10,29789880
10102221,Dabble,9741.12,9863.77,2492,29789891
4960893,Djulus,10197.2,9863.76,918,29789880
4808281,gerom,10134.5,9862.64,417,29789882
23495979,PrefiroAimLab,10538.5,9861.40,-137,29789873
9217626,Maklovitz,9809.3,9860.78,1942,29789890
9184197,ShadowZIggY,10637.4,9860.25,-1257,29789872
11636332,-Yeji,10328.9,9860.20,-607,29789877
5964035,Miracle,10306.7,9859.58,50,29789878
18952889,PenSlip,10640.7,9858.98,-1285,29789871
34448754,Nekoyato,10705.8,9858.36,-1186,29789870
2896273,FarQ_,10147,9858.35,875,29789881
7119715,J u a N,10279.3,9857.61,-223,29789879
7315928,Python,9900.91,9857.42,1249,29789887
6469394,honnijs,10352.6,9857.31,-171,29789877
2171847,Illyamywife,10057,9856.89,592,29789884
7501925,NotNoah,10301.9,9856.58,221,29789878
13049161,minico,10636.1,9856.33,-1257,29789872
18878393,OhohStinky,10267.3,9855.99,-99,29789879
14186645,claux,10419.8,9855.81,-461,29789876
8202998,Frostium,10451.1,9855.76,-274,29789875
28066609,Nojousse,10664.8,9855.57,-665,29789871
10429799,Shootnik,10360.5,9855.02,-135,29789877
25547269,Xyrexx,10582.8,9854.32,-1124,29789873
15872038,awesom cool guy,10423.2,9854.28,-499,29789875
4569594,Insidiouss,10014.8,9853.92,971,29789885
2927048,EEEEEEEEEEEEEEE,9906.02,9853.31,1204,29789887
12174041,PaladinofIceTea,10705.1,9853.06,-970,29789870
35583455,Amatsu,10369.9,9853.02,-609,29789877
8410490,Ashen,10325.2,9852.83,-134,29789878
3388082,ThunderBird2678,9730.83,9852.76,2127,29789892
12697530,RyanRockhard,10011.4,9852.71,1000,29789885
18552049,pwel,9942.59,9852.00,853,29789886
6324845,Ilormo,9946.07,9851.74,1255,29789886
11558742,JAKUB FORTNITE,10498.3,9851.50,-678,29789874
8902981,Ace4896,10270.1,9850.69,433,29789879
29103059,Swipe,10662.2,9850.11,-1268,29789871
16194429,TheGoHan,10326.3,9849.70,-238,29789878
11083194,501312,10075.6,9849.27,1063,29789883
10884314,Mingi,10121.4,9849.05,1091,29789882
13072772,KingArt,9947.47,9849.01,1475,29789886
7249324,ReexFX,10118.5,9848.40,648,29789882
12404210,Kekai,9943.39,9848.39,1267,29789886
786579,Normal,9614.06,9848.09,3071,29789895
8596945,matyk0,10202.3,9847.21,321,29789880
7301672,VowsTheFool,9932.42,9847.19,1777,29789887
18871116,DalChae,9829.08,9847.05,1849,29789889
14429830,Anderwear,9829.49,9847.04,1795,29789889
12934429,AltheaFran,10475.7,9846.91,-697,29789874
4115537,Krosis,9837.41,9846.89,1388,29789889
9233457,LegenDarius13,9755.19,9846.89,2394,29789891
15375044,Naimicles,10536.4,9846.86,-820,29789873
35360353,unilinsi,10196.5,9845.83,356,29789880
13811573,anxiwia,10080.4,9845.01,749,29789883
35344595,Mordk,10374.5,9844.95,-519,29789876
12311109,z12a,10307.6,9843.16,-423,29789878
11677190,Atero,10392.9,9842.90,-595,29789876
18792902,Irkutsk,10064.7,9842.78,853,29789883
11979159,TeNept,10329.5,9842.16,-179,29789877
19031441,Onmichi,10517.5,9842.05,-505,29789874
12185332,vAgue57,9927.27,9841.87,1165,29789887
31466384,defaultBBL,10532.7,9839.92,-104,29789873
9147264,AngelKiller,10558.9,9839.89,-733,29789873
1868745,moosepi,9975.36,9839.62,777,29789885
3540294,katatakatata,10143.4,9839.57,743,29789882
7835962,0w0raiZen,10100.3,9839.15,1065,29789883
10330059,Blu3Kay,9913.13,9838.67,1356,29789887
14257870,Chubby Lung,10038.4,9838.02,680,29789884
10795296,krb,10340.7,9837.31,-44,29789877
9426809,SinCrone,10250.9,9836.94,535,29789879
6560835,tryhard1337,10380.2,9836.90,223,29789876
13943427,Mirindai,9756.05,9836.73,1809,29789891
18736120,Smellvin,10210.7,9836.67,490,29789880
21820389,doryoK,10358.7,9836.28,-398,29789877
17150061,Smoggy,10343.6,9836.23,-158,29789877
9986972,-Flii-,10381,9836.19,-389,29789876
12792005,[sonny],10358.6,9835.29,166,29789877
24174901,im a fancy jr,9935.95,9835.28,1773,29789886
9915240,Headdesking1,10118.9,9835.15,853,29789882
21274228,Devolter,10395.8,9834.58,-501,29789876
21505584,vikaIa,9777.51,9834.51,1912,29789890
2259709,No01,10112.9,9834.34,325,29789882
13803164,- rat,10416.7,9833.62,-707,29789876
12999285,ohshitweeb,9999.32,9833.42,1157,29789885
34853210,This_is_LiVeR,9556.2,9833.21,-875,29789897
4198283,Snowslide,10148.3,9832.92,714,29789881
11073948,Tomoo-,10589.7,9832.89,-1166,29789872
8070299,Khang4,10500.6,9832.46,-664,29789874
10527954,whisper,10251.2,9832.33,403,29789879
35297900,jorjss,9680.55,9832.06,-768,29789893
34116215,mnemoniq,10510.3,9830.92,-836,29789874
14867164,Salty-Water,10171.5,9830.63,601,29789881
2243452,Nakatoru,9946.24,9830.47,1480,29789886
10696953,Pixeltof,9777.73,9830.20,1482,29789890
30815455,nilce,10251.8,9828.84,650,29789879
18068913,nuts,10298.7,9828.73,-139,29789878
4938344,Fake Neeko,10377.9,9828.24,-696,29789876
14445724,Mankichiro,9889.9,9827.90,1718,29789888
6629116,Dunklescrape,10149.1,9827.81,982,29789881
15934382,NoRandy,10148.2,9827.56,510,29789881
12289371,xXMigs24Xx,10388,9827.36,-213,29789876
12289719,Alvar_Bunny,10146.4,9827.25,457,29789882
9812963,piopollo,10182.4,9826.85,613,29789881
22104304,O g g y,10396.4,9826.82,-361,29789876
33451441,ild,10278,9826.53,357,29789879
17299878,NonCyclone,10217.8,9826.51,-243,29789880
14948456,AziimaN,9723.25,9826.01,2399,29789892
10901058,uoop,10445,9825.61,-1280,29789875
13156985,nekoflask,9804.42,9824.70,2007,29789890
6621540,Seguri,9631.47,9824.46,2542,29789894
9671919,ShiroPenguin,10483.3,9824.00,-988,29789874
9562010,RealBruceU,10268,9823.94,641,29789879
14501041,yeetr4d,10204.6,9823.81,97,29789880
12346522,Oreonator,10299.9,9823.64,2,29789878
26324375,Mikiami,10142.6,9823.64,456,29789882
11791103,danic228,10304.7,9823.32,7,29789878
8485861,dogeosu,10193.5,9823.25,253,29789881
8157492,Hobbes2,10005.4,9822.68,1416,29789885
2765201,R Y A N,10097.7,9822.66,506,29789883
17013085,redgames,10354.6,9821.95,-186,29789877
4464845,Aimseky,10228.8,9821.40,384,29789880
17865925,itsGabee,10611.3,9821.06,-986,29789872
14590106,Sakorii,9869.83,9820.93,1329,29789888
17271528,zJorge Aim,10476.4,9820.25,-775,29789874
9804008,WildApe,9976.68,9819.12,1054,29789885
14436630,Sakuya Izayoi,10165.2,9819.03,128,29789881
19641527,Amber397,10216.4,9818.57,610,29789880
9568065,Jesse103,9934.03,9818.08,797,29789887
18391582,aoma,10362.3,9817.91,102,29789877
12000538,Allah,10136.4,9817.87,160,29789882
4785308,arcteryx,10083.3,9817.14,830,29789883
3168085,Fblade,9970.95,9817.01,1678,29789886
3793938,Seox,10180.4,9816.89,111,29789881
33762217,mama2,10256,9816.14,-617,29789879
10500832,[Crz]xz1z1z,9946.82,9816.14,1718,29789886
12456082,Ritz,10098.2,9815.51,1038,29789883
12054510,Koenig_Michi,9930.35,9815.26,1234,29789887
21870555,seven17500,10066,9815.25,291,29789883
5338466,Hmai Achimitsu,10309.2,9815.12,249,29789878
8953709,lord_dabber_76,10605.9,9814.16,-1200,29789872
11215996,SvenJing,10166.9,9813.49,671,29789881
10631294,buttcakes29,10364.5,9811.52,-368,29789877
14380410,Capriccio,10357.9,9811.45,-526,29789877
8181950,Nykke,10342.8,9811.31,-140,29789877
6137723,NiuCriu,10366,9810.99,-356,29789877
4178797,Josh123uaJ,10060,9810.91,1675,29789883
18245934,fazrfn,10239.7,9810.88,131,29789879
20456583,who,10437,9810.77,-554,29789875
10289331,Leo Alvarez,9616.51,9810.18,3097,29789895
4566107,zaverk,9976.5,9810.01,894,29789885
11129041,Draxarta,9536.3,9809.65,3932,29789897
8893772,Molli,10338.4,9809.45,-476,29789877
6862265,_Hornet,10093,9809.21,519,29789883
18047706,EViLseeeen11l1,9651.88,9809.13,3568,29789894
27433593,Meanane,10365.6,9808.18,-382,29789877
11760440,-benzo,10332.7,9806.99,-96,29789877
10000720,Jophes,10188.2,9806.98,-14,29789881
9049614,_Neko_,10462.2,9806.80,-881,29789875
12390637,feaz1e,9782.51,9806.52,2388,29789890
17152964,auko,10193.1,9806.27,1118,29789881
4956099,doman,10208.7,9805.80,37,29789880
3003839,Senjuro,10269.6,9805.49,533,29789879
15167613,Nyco,10209.1,9805.31,-155,29789880
22201438,voidynator,10349.4,9805.10,60,29789877
2527887,RasmusCactus,10234.5,9805.09,39,29789880
13383053,THchelo21,9737.42,9805.03,1736,29789891
17594074,comandocYT,10255.2,9804.98,-145,29789879
1461481,Gshp_Szk,10392.6,9804.50,-424,29789876
12794121,AR8,10547.9,9803.92,-916,29789873
22350832,mochiCoochi,10543.2,9803.75,-890,29789873
6250960,creepypastawiki,10528.8,9803.73,-400,29789873
8576853,Timberly,10034.6,9803.68,480,29789884
19919032,Azul_0,9936.39,9803.23,1609,29789886
9810297,-Fay,10365.7,9802.81,-524,29789877
9186316,Shii,10405.1,9802.02,-562,29789876
12645099,okrem,10461.3,9801.84,-679,29789875
17230387,Apolifer,10456.6,9801.70,-415,29789875
11001039,GuardiaN,10032.9,9801.44,892,29789884
11289457,Leks,10222.4,9801.28,320,29789880
17244207,CrispyUltra,10517.3,9801.12,-837,29789874
21091931,FellaTickia,10355.1,9800.98,-237,29789877
4196943,pp447576,10197.7,9800.90,99,29789880
7844066,Usagi Ushio,10301.5,9800.18,-238,29789878
11628790,Harumiii,10218,9799.99,106,29789880
6443786,Letrix,10610.4,9799.63,-1326,29789872
26709836,-Yukii,10347.5,9799.49,-334,29789877
14038207,kiriyu,10369.6,9799.39,-259,29789877
7646182,hide_1,9989.77,9798.95,934,29789885
2327285,quaternary,9715.55,9798.61,2159,29789892
17838957,Passters,10214.7,9798.56,-276,29789880
6245906,Furina-,10076.7,9798.48,967,29789883
17877742,YesntMesnt,10547.6,9798.39,-1054,29789873
15985404,Sam the wam,10446.8,9797.55,-871,29789875
15262961,damidoo,10102.3,9797.52,619,29789883
17437361,World Designer,10342.7,9797.45,-351,29789877
6141330,CapoeiraDoMorte,10073.9,9797.38,831,29789883
5033522,Soldat101133,10644,9796.94,-1162,29789871
31167130,Freaky Jane,10390.5,9796.48,-607,29789876
9389164,-UniRain-,10091,9796.24,487,29789883
8834203,cyno,10027.6,9795.87,337,29789884
11506816,TropfenGames,10311.4,9794.46,-247,29789878
18102646,why_n0t,10407.7,9794.30,-187,29789876
8750694,[Sony],9719.38,9793.87,1734,29789892
7309946,w1nEss,10156.3,9793.79,117,29789881
13167772,QuekkeN,10312.8,9793.71,-119,29789878
20825025,bwgged,10560.1,9793.01,-1097,29789873
7603448,Total Danage,10186.2,9793.01,236,29789881
30301166,_Rango_,10415.8,9792.77,-408,29789876
13278225,estrel,10131.7,9791.75,120,29789882
12819153,almondeye,9777.79,9791.67,2812,29789890
20184770,thibavt,10239.1,9791.62,-35,29789879
17543308,swflowa,10204.4,9791.44,-862,29789880
14206627,default,10437.5,9791.17,-471,29789875
24769754,qoa,10401.9,9790.86,-728,29789876
29266009,lllchanmanlll,10198.7,9789.78,408,29789880
648613,randomizer89,9775.66,9789.61,1210,29789890
2752589,Ryuti,10215.6,9788.94,303,29789880
6699829,Jona7117,10150.1,9788.92,702,29789881
13858681,wanderloop,9523.32,9788.89,3724,29789898
17869240,Glynn,10458.2,9788.85,-992,29789875
14506856,triggerzc,10263,9788.07,68,29789879
6795168,kyniia,10123,9787.79,766,29789882
8473417,11dvaN00lya,9717.54,9787.67,2418,29789892
19281043,Kipnir,10212.7,9787.52,716,29789880
17170406,dirty wet snow,10423.6,9787.13,-573,29789875
16474268,minn,10411.9,9786.76,-569,29789876
33961708,Raphy92,10463.4,9786.60,-1004,29789875
2263910,xClusion,10113.8,9786.25,-112,29789882
6096166,TheBlueEight,9907.19,9785.98,1178,29789887
15064536,Dendyz,10137,9785.27,798,29789882
12379394,ShyBus,10208.5,9785.17,400,29789880
11673347,Haena-,9922.07,9785.11,817,29789887
17728349,rely,10173.1,9785.07,-143,29789881
4404918,Chilluno,9912.17,9784.92,668,29789887
14864854,Minaryu,10032.7,9784.78,469,29789884
11131367,javacafe,10492.3,9783.80,-968,29789874
8616876,EMVASU,10146.8,9783.54,159,29789882
13078293,Bana,10316.3,9783.25,-734,29789878
15189392,StalkerHUN,10190.1,9782.83,-37,29789881
26735014,unseen,9828.88,9782.53,452,29789889
7941706,LeeJung,9874.48,9781.98,1407,29789888
3423454,Leftie,9958.91,9781.94,1134,29789886
26210405,Jibril is Hot,9950.1,9781.78,1679,29789886
7977252,osulonger1337,10117.7,9781.77,125,29789882
5049250,neverlasting,10096.1,9781.22,285,29789883
14897115,innatedream,10290.9,9779.52,384,29789878
11362783,123123,9956.04,9779.10,1071,29789886
3833980,yellowy246,10043.1,9778.66,1461,29789884
17299001,Wikip3dia,10463.3,9777.49,-747,29789875
1443338,punikidesu-,9986.93,9777.47,1003,29789885
8068756,mewea,10461.1,9777.32,-145,29789875
14596595,61mgb,10029.5,9776.69,205,29789884
12919410,Zerint,10223.9,9776.38,109,29789880
15112329,Miranix,10424.5,9775.83,-862,29789875
8692164,tung,9868.28,9775.74,1047,29789888
5071434,Hellion,9922.56,9775.73,1432,29789887
3317151,xl Nyan caxX lx,10227.5,9775.02,633,29789880
2225267,COOKIEZECKY,10072,9774.88,982,29789883
8648178,Raburauza,10285.9,9774.70,-223,29789878
10928446,Gehrman,9943.65,9774.08,601,29789886
23124445,meowmeowmmeowme,10253.4,9774.04,198,29789879
28468140,chrisybray,10536.5,9773.94,-1411,29789873
18614817,Gregg Lee,10399.6,9773.67,-755,29789876
12500084,empi-,10626.7,9772.45,-1310,29789872
6981590,Ai Hayasaka,10101.8,9772.26,276,29789883
34820414,Minzawa,10507.9,9771.68,-1051,29789874
14290988,Banner,9947.78,9771.64,2001,29789886
13617114,Mystikewl,10429.8,9771.46,-1122,29789875
10730313,woukiez,10455.5,9771.33,-543,29789875
14365832,JamesIsConfuse,10127.8,9771.11,395,29789882
7104673,Zac Efron,10161.6,9771.06,367,29789881
10845985,xSnejx,10083.4,9770.58,493,29789883
4751054,_Hikaru_,10383.3,9770.48,-439,29789876
6953695,KingBranBran,9882.01,9769.90,1337,29789888
5206423,WinterTiger,9991.09,9769.61,578,29789885
13017880,morgun,10354.4,9769.57,-545,29789877
5904961,FlasvinhoxD,9974.95,9768.91,995,29789885
14111178,Mergos,10140.7,9768.54,720,29789882
6307496,LukasBobeax,10079.6,9768.36,1651,29789883
36370172,mrdesleep,10385.9,9767.71,-1209,29789876
8065765,Haxwill,9840.81,9767.54,1649,29789889
8932920,Zexylian,9824.45,9767.51,1308,29789889
10425453,Larsey,10298.1,9767.39,478,29789878
2374950,GaaL,9963.7,9767.33,947,29789886
25137003,Node09,10244.6,9767.28,393,29789879
19865695,Mlle Kelly,10384.9,9767.01,-842,29789876
6594309,Calm Guzzler,10320.5,9767.00,-362,29789878
9147909,LTN,10222,9766.78,48,29789880
10038631,Geanyl,10476.5,9766.00,-741,29789874
17950866,Kreo Lzz,10162.8,9765.37,102,29789881
11042554,nana7shi,10117.6,9764.54,168,29789882
8838127,h1satomi,10315,9764.38,71,29789878
11523326,-pineapple-,10264.1,9764.31,-63,29789879
8624512,Gazzzaa,10206.5,9763.97,-281,29789880
11923800,[ Luka ],9785.21,9763.67,2036,29789890
12984931,Wittepoes,10493.7,9763.07,-1263,29789874
16708940,PiggyChop,9666.36,9763.02,1964,29789893
15601286,lefray,9665.57,9762.05,2295,29789893
4858573,Syph,9936.21,9761.94,1277,29789886
10696501,Worsl,10203.1,9761.44,649,29789880
2118945,Lunirs,9980.18,9761.00,1139,29789885
17205720,jpek1209,10168.4,9760.79,663,29789881
5980661,Renamon,10160.8,9760.63,227,29789881
13622509,CreepCS,10189.8,9760.36,52,29789881
12645016,Benji_Hero33,10213.4,9760.27,-255,29789880
14054383,Bingo6,10308.5,9760.13,-507,29789878
15343392,ImJustRobb,9620.66,9759.54,2001,29789894
18979378,dognut1,10532.1,9759.24,-1060,29789873
6676684,shyntk,10326,9759.22,-413,29789878
4382588,TheWaterBottle,9729.22,9759.15,2059,29789892
19184382,M L,10018.7,9759.14,976,29789884
13858369,Dild0Main,10272.8,9758.72,-595,29789879
9974314,NaFish,10143.3,9758.57,86,29789882
12446142,hansung2383,10481.6,9758.55,-882,29789874
18750228,270D,10584.9,9756.57,-1461,29789872
9371150,Nooovic,10360.7,9755.55,-610,29789877
20159549,mocafishy,10199.6,9755.15,-34,29789880
23265884,waqaqa,10260.8,9755.00,-195,29789879
8680224,OkayuMyMommy,10470.2,9754.76,-1249,29789875
7201269,gygy,9985.1,9754.76,1022,29789885
12298304,anaxiphilia,10240.6,9754.72,-234,29789879
4335279,Trolloli,9813.19,9753.89,1568,29789890
20512411,micqaal,10418.8,9753.72,-930,29789876
18056535,Riruka,10495.3,9753.53,-1299,29789874
10622808,zebedee,9635.62,9753.52,2723,29789894
13251405,Rover Black,10398.9,9753.36,-693,29789876
9014487,spector15155,9964.38,9753.13,857,29789886
10936856,[dragonz],9534.71,9752.82,2581,29789897
15313853,ErwinCarbone,10349.6,9752.68,-605,29789877
10391882,YoYu,9863.17,9752.52,1167,29789888
10780587,cosmospice,10330.9,9752.28,-717,29789877
13140949,held,9865.17,9751.85,1604,29789888
16825848,Jollyms,10409.3,9751.71,-905,29789876
9814507,Karetsi,10113.3,9751.56,272,29789882
14575641,zhuqing,10333.9,9751.44,-648,29789877
19026015,OneEyed,10703.8,9750.15,-1688,29789870
11646616,G4rdevoir,9835.91,9750.14,1798,29789889
8776083,speir,10122.2,9749.94,-61,29789882
12404447,Muff1nkat,10120.5,9749.92,337,29789882
9119519,DrDelirio,10115.1,9749.75,461,29789882
7994487,ylitkas,9914.2,9749.64,220,29789887
1435470,- C o z -,10205.9,9749.60,-165,29789880
4909088,Will Stetson,9437.75,9749.54,2901,29789900
3833105,The Monk,9934.91,9748.28,1178,29789886
16230024,whalee,9841.55,9747.74,1594,29789889
9141946,Doctor Pyro,10231.5,9747.48,-112,29789880
16725317,fynn__,10362.1,9747.01,-738,29789877
11717014,Lynua,10055.8,9746.99,801,29789884
3074650,ChristieBell,9706,9746.99,2236,29789892
6147964,Dragon20942,9662.84,9746.93,2749,29789893
18427225,8man_,10146.6,9745.88,235,29789882
12962786,[SHK]yourenegg,9778.49,9745.02,1292,29789890
4805243,Shye,10064.2,9744.69,477,29789883
7185916,Kchay91,10314,9744.59,-93,29789878
17348593,Rose Quartz,10216.2,9744.22,528,29789880
430959,Fuwawa,10199.2,9743.90,732,29789880
6892711,LoPij,9626.5,9743.42,2342,29789894
5248337,Hippo,10206.1,9743.37,119,29789880
10496223,cai0,9705.87,9743.25,1429,29789892
19994316,bossuromaniei,9871.5,9743.17,2099,29789888
15309295,ZenithFlare,9735.74,9741.41,1459,29789891
18741163,ButterMackrel,10294.8,9740.84,-831,29789878
12096642,MissOne,10248.6,9740.49,-347,29789879
19869325,Ahrilngmalakas,10081,9740.37,61,29789883
20638747,RinchikHD,10370.7,9739.47,-622,29789877
33163631,hoax,10324.9,9739.47,-295,29789878
6877456,Mentalol,9861.66,9739.30,1825,29789888
6234945,Edythator,9984.92,9738.67,1198,29789885
13471227,JalePelato,10286.2,9738.63,-256,29789878
14830728,SaffronCarp1106,10079.7,9738.41,480,29789883
7217249,Kinoro,9957.92,9738.36,1671,29789886
12013731,falsee,10109.1,9738.35,682,29789882
3084902,Afalowna,9932.01,9738.14,783,29789887
11076829,RodrihBruh,9647.92,9738.09,2331,29789894
3621552,Chaoslitz,9701.14,9737.63,1568,29789892
6411479,W A R P A T H,10034.3,9737.54,951,29789884
13122856,fozide,10251.1,9737.48,-448,29789879
12979758,Fishic,10268.6,9736.52,-599,29789879
18593653,ming_en,10282.8,9736.29,-502,29789878
15410025,Rifujin,10389.3,9736.24,-265,29789876
19326540,tarra,10336.6,9736.08,-893,29789877
8397266,Regedit,9786.35,9735.77,1411,29789890
13323980,Hoex,10276.5,9734.41,235,29789879
19647381,tRas0na,10100,9733.97,680,29789883
21229240,Golibert,10118.4,9733.23,55,29789882
16804164,JSpiriT,9933.4,9733.09,966,29789887
1164526,BDDav,9807.49,9732.16,2244,29789890
20660835,Lanskyy,10061.3,9732.08,550,29789883
16687470,[Mew],10275.2,9731.79,-609,29789879
18364870,Seelline,10252.1,9731.76,102,29789879
13241518,rowler,10221.9,9731.22,-44,29789880
8473081,JungspylieSushi,10062.1,9730.53,645,29789883
22978466,Preston-,10136.2,9730.42,278,29789882
18084868,Lwy,10488.3,9729.95,-1268,29789874
1832711,Applause,10019.7,9729.72,760,29789884
3045895,[Hatsune Miku],9913.83,9728.82,1261,29789887
14964618,Asore,10497.1,9728.80,-512,29789874
15098660,Rehzii,10314.2,9728.58,-763,29789878
613953,Cien,9677.84,9728.20,2857,29789893
7593520,Aplumate,10206.8,9728.18,-107,29789880
6081024,Coreyellow,10124.5,9728.11,576,29789882
10935960,Ketsui,9567.49,9727.84,2747,29789896
15625172,sareemaa,10177.2,9727.66,153,29789881
10155208,[-Nico-],9280.8,9727.42,3307,29789905
14762989,Sydnergi,10232.2,9727.38,-293,29789880
10842759,Naan-E,9842.92,9727.37,1321,29789889
9575369,osu suck,10310.5,9727.31,-803,29789878
10609299,Gray Light,10381.2,9726.97,163,29789876
14253622,Eat celery,10284.9,9726.58,4,29789878
20963649,Lois griffin,9892.81,9726.58,1207,29789888
14683678,uftuok,10492.5,9726.29,-1328,29789874
7982410,Quirkay,10335.8,9726.14,-755,29789877
3692187,My Angel Somnus,10017.7,9726.02,596,29789884
14778656,[ Re-AL ],10144.4,9725.79,-29,29789882
17918582,niveoh,10526.1,9725.68,-766,29789874
12875343,AkakiKN,9962.25,9725.38,1460,29789886
16748549,HuanRoseVN,10076.4,9724.58,-119,29789883
11791503,_Xed,9914.55,9723.76,921,29789887
12866078,WeirdCatt,10276.4,9723.70,-514,29789879
9884255,Iight,10519.9,9723.55,-1253,29789874
4688735,neko ds,9992.42,9723.50,1188,29789885
14148759,SosoBurger,9615.74,9723.33,2122,29789895
13688990,Lunar_,9714.33,9723.16,1721,29789892
6362900,mook,9825.61,9722.51,2027,29789889
12638592,bajungasam,10123.3,9722.43,646,29789882
10119033,sini,9996.71,9721.97,733,29789885
23545266,Siu Phan Dong 2,10101.2,9721.86,509,29789883
12577108,woofus,9776.77,9721.54,1422,29789890
11995334,PaTetO_dlic,10184.9,9720.94,269,29789881
1231180,Ezoda,9987.01,9719.96,571,29789885
14501491,PVTKANDAHAR,10249.4,9719.92,-240,29789879
37385270,golubboks,9937.37,9719.86,-715,29789886
3547310,l4uke,10181.4,9719.14,167,29789881
13504695,Wassr,10445.5,9718.92,-1123,29789875
8068903,LINKI,10128.2,9718.86,186,29789882
27524141,Vivy,9891.8,9718.48,382,29789888
22074452,MiniMatheus,10422.6,9717.99,-1176,29789875
9915626,mochipuni force,9993.49,9717.83,629,29789885
2920127,Not Mage,10495.2,9717.82,-1204,29789874
31117102,socaT,10216,9717.48,-498,29789880
5152999,ricecustomer,10270,9717.39,-271,29789879
3366658,MiyazonoKuma,10033.9,9716.96,327,29789884
5038837,Arua,10071,9716.25,79,29789883
8703269,Scroof,9959.91,9715.85,945,29789886
9523358,Fadeaway,10016.3,9715.59,635,29789884
22453980,zeni,10199.8,9715.54,-83,29789880
9690571,Eliaasi,10274.9,9715.53,-392,29789879
16438017,Walmart Umbre,9993.75,9715.51,1422,29789885
3664087,Bot,9721.79,9715.46,1637,29789892
22160315,KaXSiTe,10158.9,9715.16,-14,29789881
12419257,Egao,9979.17,9714.44,497,29789885
28514186,[maux],9868.47,9714.37,361,29789888
25431679,nantokasaaan,10500.9,9713.98,-1000,29789874
26700353,Illllll,9476.7,9713.94,3400,29789899
7923732,Ryclix,10251.4,9713.92,-579,29789879
16303970,Ethan Jeon,9994.96,9713.79,1217,29789885
11610643,KAAAL,9848.23,9712.88,1067,29789889
16587646,Zoat,10275.7,9712.82,-515,29789879
20401761,myangelanzu,10407,9712.77,-1027,29789876
11613023,MeteorCrasher,10401.6,9712.58,-604,29789876
16375174,asianphil,9828.52,9711.75,1826,29789889
14016618,aiyu,9928.38,9711.45,843,29789887
18011413,Paul Varelans,10180.7,9711.43,322,29789881
27858341,fluvry,9796.33,9711.43,1102,29789890
11650613,v1cks,9875.57,9710.98,364,29789888
10969631,Instagator,10047.8,9710.79,355,29789884
8528454,throatdozer,9236.85,9710.53,4552,29789906
10617530,Akayume,9888.4,9710.32,234,29789888
23213839,Smolcats Freak,10132.6,9709.44,-782,29789882
14198297,Saito but worse,10274.3,9708.84,-505,29789879
11502740,Cors,10053.3,9708.23,387,29789884
16190702,CacoJuse,10055.7,9708.09,260,29789884
16591391,IL Pinciatore,9848.82,9708.09,711,29789889
10074260,Floki,10060.5,9707.49,670,29789883
8686869,sweatily,9985.79,9707.26,730,29789885
12579786,bappoes,10279.9,9706.51,-470,29789878
3315137,ratcvnt_,9724.49,9705.84,2169,29789892
19554117,ash plays osu,10274.2,9705.74,-774,29789879
3065571,sunui,9828.07,9705.54,1493,29789889
13864975,ferom,10384.6,9705.18,-502,29789876
3976494,incredi,10063,9704.30,513,29789883
10822220,travis_ba,9584.38,9703.90,2237,29789896
13644689,palette gamma,10387.3,9703.41,-926,29789876
3216875,Arcadeas,9861.53,9702.82,1476,29789888
11014844,weh,10194.9,9702.71,307,29789881
1572956,Syfou,9846,9702.65,1379,29789889
12431039,WindImpulse,10446.4,9702.63,-1285,29789875
7369323,Lothjon,9408.97,9702.26,3088,29789901
12010050,Novern,9950.63,9702.25,636,29789886
19201675,MyAngelNoelle,10455.9,9702.24,-1119,29789875
3714693,Tisshu,9656.06,9702.21,2149,29789893
15099058,Bamema,9914.89,9701.89,1041,29789887
11098225,larpline,10384.2,9701.75,-816,29789876
27385289,romeo tempest,10224.7,9701.67,-553,29789880
4464941,Dozom,9622.83,9701.44,2213,29789894
4643576,veke,10257.5,9701.24,-453,29789879
24162245,Doiloin,9339.67,9701.03,3313,29789903
33206872,MACJIEHbIU DUMA,10460.8,9700.87,-935,29789875
17285999,ImaginaryDream,10516.3,9700.82,-1287,29789874
3426414,Dain,10213.5,9700.75,30,29789880
19198695,mazarin,10403.9,9700.70,-739,29789876
9197419,Haxe,9603.02,9700.38,1673,29789895
35749549,WasuKowaKuzu,10415.6,9700.13,-1459,29789876
38346129,ezumel,9764.58,9700.11,1480,29789891
12859570,Cthuluzero,10357.6,9699.78,-451,29789877
15011632,kpopbobo,9982.62,9699.40,355,29789885
11398814,FiXww,9566.91,9699.14,2241,29789896
13764838,Lele_san,10312.1,9698.47,-652,29789878
12046321,bbalrae,10269.5,9697.92,-848,29789879
17935501,xinow,10130.9,9697.60,18,29789882
13166433,jaren damian,9902.91,9697.54,502,29789887
10281083,Sujimu,10747.7,9696.51,19,29789870
6608019,sovaponevole,9971.08,9695.89,523,29789886
15139283,Sakinom,10187,9695.80,-134,29789881
10732832,nairuzu,10029.3,9695.75,711,29789884
4984199,Grappoz,10160,9695.14,-19,29789881
7573380,fumes,10174,9694.75,-130,29789881
5932555,oqwnM,9994.73,9694.75,823,29789885
5289722,Salazarino,10089.6,9694.74,736,29789883
3737401,neuro,9583.92,9694.51,2448,29789896
18070510,Heroclim,10113.1,9694.12,70,29789882
5580117,FizzcalSS,9936.66,9693.41,1204,29789886
11954090,an3,9740.75,9693.39,1420,29789891
17522260,Zhenox,10233.2,9693.30,-258,29789880
12322985,Pasha Berserk,10373.3,9693.10,-951,29789877
8982848,-Matko-,10319.8,9693.09,-784,29789878
31411669,yunoforever,10240.2,9692.66,-447,29789879
9583809,Shyloo,10020.5,9692.55,170,29789884
18365259,-- Waffle --,9889.22,9692.25,631,29789888
13556691,inca_,10235.6,9691.92,-294,29789880
6357267,synFIYA,10180.6,9691.60,169,29789881
7509340,Bayleaf,10347.4,9691.28,-558,29789877
12612018,-Doki,9995.26,9691.16,1121,29789885
14255887,bashou,10122.9,9690.82,630,29789882
5410051,Hichinoro,10056,9690.64,464,29789884
12180296,NaeMoney,10402.9,9690.39,-138,29789876
12557550,Janis_,10320.7,9690.03,-625,29789878
15837114,Shinigamo,10297.4,9689.99,-699,29789878
10852557,JayAreEee,9713.95,9689.73,1689,29789892
14912108,koutya_,9881.75,9689.68,1296,29789888
10876026,Seam,10088.3,9689.66,-293,29789883
7462111,Tyco,9714.81,9689.14,1396,29789892
11844244,-Kie,10341.2,9688.66,-682,29789877
30931017,Drgnkng,10275.1,9687.40,-327,29789879
909745,Takaichi,9558.56,9687.03,2197,29789896
8002409,Pioter00000,9880.31,9686.92,619,29789888
6618659,rendaru,10097.4,9686.64,431,29789883
19073990,Skhyze,10164.2,9685.78,-267,29789881
19090617,square,10238.9,9685.54,-109,29789879
19599089,vinicius,9860.12,9685.36,1292,29789888
1405558,Cres,9904.75,9685.24,998,29789887
14850852,Melodous_,9812.65,9685.01,660,29789890
4932456,yoshi-mk2,9611.21,9684.65,2827,29789895
35808289,tettii0515,10128.4,9684.63,-343,29789882
20965526,SIRKA,10323.7,9684.30,-432,29789878
11835742,Luk4sz,10447.7,9684.29,-1081,29789875
7804712,Necro,10292.6,9684.10,-589,29789878
16125019,lowlier,9612.25,9683.93,2267,29789895
15787738,Avias_,10273.6,9683.88,-548,29789879
23039385,Dolilozzz,9985.59,9683.11,-117,29789885
3341040,TobiGH3,10174.2,9682.90,-173,29789881
8033383,Xtralis,10088,9682.88,176,29789883
18317610,whao,10499.9,9682.65,-997,29789874
9122645,Mifu,10163.9,9682.54,-480,29789881
7772622,TamamoLover,9805.21,9682.43,928,29789890
18751028,mcvf,10161.4,9682.38,-691,29789881
15048281,rushialove,10417.5,9682.37,-1175,29789876
9323312,miageto,9904.64,9682.29,1353,29789887
6585952,Kitichu,9786.93,9682.17,1620,29789890
15099092,rhythm champion,9739.05,9681.48,1483,29789891
8236477,Cyrzai,9368.94,9681.09,3443,29789902
11809340,Seven,9674.86,9681.08,1639,29789893
14220975,Yuuka,9596.11,9681.08,2608,29789895
8111613,hykeu,10229,9680.98,-457,29789880
6390281,Hane,10132.9,9680.50,280,29789882
6785380,HoshimiyaIchigo,9894.27,9680.10,1737,29789887
21244860,Jofox,10368.8,9679.96,-1136,29789877
2819728,Same,9997.11,9679.64,410,29789885
13095643,awesome edgebug,10251.9,9679.58,-458,29789879
10040931,J P,10234.3,9679.13,-185,29789880
12383040,Katr7ne,9931.61,9679.12,310,29789887
18286074,[SHK]-SaikiSA-,10346.9,9678.99,-796,29789877
17782643,Jokupoika24,10172.1,9678.84,-132,29789881
9596942,Yuryy,10248.3,9678.71,-760,29789879
16238252,321angrybirds,10326.1,9678.31,-393,29789878
18356886,555gostosinho,10305.4,9678.16,-912,29789878
12151936,RafaaHS,9652.98,9677.67,1502,29789893
11574928,cloroxbleach53,10211.5,9677.65,-512,29789880
8526030,sullivan_Ronn,9854.45,9677.60,1522,29789888
33713626,Lavke,10295.6,9677.21,-722,29789878
8462804,SurviveD,9503.38,9676.11,697,29789898
17376896,Fexicon,10204.9,9675.44,-227,29789880
7594544,maqueroon,9414.47,9674.84,2839,29789901
15555492,Wolffzinho,10189.5,9674.51,-248,29789881
5707541,mixmg,10323.6,9673.60,-784,29789878
10788959,Zvezdaa,10017.1,9672.38,347,29789884
4356955,Somu,10239.9,9672.19,-641,29789879
3806724,munchychips,9884.75,9671.97,860,29789888
21881839,Syuu-,10202.6,9671.72,-66,29789880
11038395,TheRealLuu,9878.33,9671.40,291,29789888
12722558,[Bea],10007,9671.03,784,29789885
13144229,fentanyl tester,10329.8,9670.94,-524,29789877
7274550,henpai472,9452.16,9670.77,2512,29789900
10532426,MagnarWiecki,10094.8,9670.76,39,29789883
6099745,Homete,9522.12,9670.76,2229,29789898
16836665,_Ran,10236,9670.24,-753,29789880
23297527,No Life,10133.7,9669.90,157,29789882
14849808,catmoc,10175.2,9669.37,95,29789881
34916884,PleinAir99,9697.38,9668.88,1623,29789892
26553992,-Talon-,10031.1,9668.72,1195,29789884
16161318,VonaAteSandwich,9737.1,9668.69,1711,29789891
8567991,sonic231,10376.3,9668.62,-804,29789876
12944109,makipan,9626.27,9668.61,2214,29789894
12286567,Villee,10036,9668.40,754,29789884
14798338,Anxel,9900.03,9668.12,750,29789887
14475963,collie,9681.54,9667.99,1384,29789893
5773633,delitta,10071.9,9667.66,288,29789883
19034752,marcell0,9699.12,9667.59,1493,29789892
12663221,Froag,9864.41,9667.40,1172,29789888
18816405,Eggawii,10157.1,9666.48,-331,29789881
3979506,Cyber Wizard,9859.65,9666.18,626,29789888
3602620,Herkkupala,9555.41,9666.11,3066,29789897
12604372,DouGGlas,10135.7,9665.99,-537,29789882
16072892,Setsuna Yamada,10228.3,9665.94,-430,29789880
19829661,Rabusu,10248.5,9665.58,-586,29789879
20141370,laot,10256.4,9664.93,-496,29789879
32789512,kyoukei,10151.9,9664.70,-444,29789881
16969775,riu,10401.2,9664.68,-1279,29789876
14617228,Ch3mson,10291.1,9663.39,-352,29789878
16755693,Wendy Williams,10176.3,9663.28,-277,29789881
6779915,Antony,10284.5,9662.71,-507,29789878
5364272,Bujebus,10197.9,9662.63,-350,29789880
21128167,loob,9641.29,9662.14,1516,29789894
35206361,KABN,10162.4,9662.01,-136,29789881
13625884,suksa,10126.2,9661.98,-36,29789882
26901172,ZanderIsBae,10223,9661.97,-819,29789880
5141180,Vega-,9540.45,9661.93,2160,29789897
15131035,4tm,10229.6,9661.77,-907,29789880
17342347,MANOCRIS,10003.1,9661.77,0,29789885
29371923,altruism,10214.5,9661.70,-617,29789880
7932874,Jeg er kreativ,10115,9661.67,820,29789882
5104632,Elektro,10306.1,9661.54,-704,29789878
14742314,Dazy on Osu,10246.4,9661.01,-174,29789879
7536633,MyAngelAnton,10169.9,9660.98,-19,29789881
22116676,Ruka Kayamori,9461.3,9660.69,2479,29789899
5218320,Raby,9799.79,9660.66,741,29789890
33843286,Toshino Kyouko,9656.93,9659.74,2364,29789893
16841352,JXRIZZ,10409.9,9659.71,-987,29789876
4950052,AstraCynth,10172,9659.60,-189,29789881
4793716,Zamorak,9685.93,9659.03,1074,29789893
20128601,tales77,10379.1,9658.66,-1187,29789876
15718186,Shidox,10242.9,9658.42,-606,29789879
9360417,qqqq,10262.7,9658.37,-183,29789879
21627415,hotbread,9725.88,9658.32,1603,29789892
30974393,Dream777777777,10241.2,9657.78,-960,29789879
3750999,Bipen,9976.22,9657.12,584,29789885
12360313,SharovarDudoner,9843.05,9656.98,1261,29789889
10356181,Slexer,10415.5,9656.57,-1407,29789876
12446262,badplayer817,9709.32,9656.39,1032,29789892
2262143,MoorE,10070.3,9656.10,-41,29789883
6358293,Big Gulp,9860.05,9655.70,967,29789888
29302505,cwutchy,10163.4,9655.40,-345,29789881
5252004,kage,9999.49,9655.10,96,29789885
5805029,yli,10038.6,9655.09,911,29789884
11271329,iamamb,9571.84,9655.08,803,29789896
19903338,Jurgen Klopp,10190.8,9654.23,-472,29789881
4277118,Yukino,9593.24,9653.59,2190,29789895
11132237,cant play,10268.5,9653.52,-520,29789879
12335354,Nue Houjuu,9952.71,9653.11,847,29789886
1759558,Corn-Din,9674.18,9652.69,2681,29789893
4700252,Rustyy,9940.04,9652.15,766,29789886
18366689,0cantaim,10071.1,9651.65,123,29789883
7202604,Allison,9982.75,9651.44,424,29789885
6202111,cilia,9407.29,9651.22,3381,29789901
15480986,[Fembook],9939.03,9650.49,442,29789886
18999790,ToppingsPlease,10292.7,9650.18,-571,29789878
19595035,Insible,10114.9,9650.01,-208,29789882
18436829,Lifestyle,10415.4,9649.70,-72,29789876
11467086,yumyums00,10041.2,9649.48,158,29789884
6254839,Biocode,10005.5,9649.38,570,29789885
21048722,ciz,10407.9,9649.23,-936,29789876
16106689,chocominty,10026.5,9648.90,-142,29789884
4261405,Picala,9993.81,9648.88,256,29789885
4773855,Maffe,9984.28,9648.60,477,29789885
13221230,little reddit,10179,9648.53,-299,29789881
20022931,LaplusMyMommy,10394.4,9647.34,-1238,29789876
7845894,Article,10043.2,9646.93,-155,29789884
15346244,Bobikun,9571.5,9646.85,1844,29789896
13658988,BenTheBen,10359.6,9646.70,-1003,29789877
30221183,hellenirket,10152.8,9646.52,-191,29789881
12027472,Ace on osu,10440.5,9645.74,-1238,29789875
13228763,Pcioafk,10056.1,9645.72,-717,29789884
4641477,aaront,10131.6,9645.44,-29,29789882
12300185,liliya,9769.86,9645.19,1918,29789891
9774896,Kaemo-,10109.8,9644.62,35,29789882
23222996,osunoobpp,10279.8,9644.00,-1202,29789878
17889373,shamiil,10364.2,9643.29,-1034,29789877
12636953,Ruhtray,10442.5,9642.67,-1060,29789875
2736959,WWCD,9443.69,9642.65,2873,29789900
4664968,cicrye,9987.24,9642.49,1070,29789885
9282017,Forw3n,9695.12,9642.28,884,29789892
35233559,gcm1,10147.8,9642.13,344,29789881
25300323,_-Astra-_,10245.1,9641.68,-942,29789879
20392794,pupochek128,10268.8,9641.43,-623,29789879
14220963,snagov,10209.6,9640.79,-286,29789880
10495781,Chibi,9790.37,9640.76,1565,29789890
12873055,sw243,10180.3,9640.35,-280,29789881
12487726,Neia,9733.9,9640.12,1546,29789891
13538530,Loreriv,9757.45,9639.58,1167,29789891
16575519,SpaghetCat,10030.4,9639.51,31,29789884
15978984,anthony321x,10183.3,9638.95,-408,29789881
7306698,1103,10061,9638.90,197,29789883
5285044,Kusiu,9300.84,9638.52,3764,29789904
21022130,pixxeL enjoyer,10167.1,9638.37,-411,29789881
20223571,Fmooo,9898.53,9637.77,714,29789887
3886466,ARTIZIA,9959.65,9637.52,761,29789886
13766265,Exen,10237.8,9637.17,-259,29789879
23747618,JERSON_,10389.6,9637.14,-520,29789876
6258070,Umaruuuu,9987.92,9636.64,321,29789885
14679805,Zexsch,10288.3,9636.59,-400,29789878
1482110,Juharo,9235.48,9636.20,4133,29789906
8010739,Gris,9897.33,9635.81,553,29789887
14346344,Technofan,9912.47,9635.16,171,29789887
5701369,diciestaking,10075,9635.07,281,29789883
14294775,Lensee,9965.4,9635.02,709,29789886
15925142,Vaeri_,10441.7,9634.88,-336,29789875
16053235,Icuke,9935.84,9634.70,463,29789886
19545903,- KORRA,10370.4,9634.54,-959,29789877
15874063,Sendona,10211.8,9634.00,-375,29789880
8561273,Lixchi,10093.6,9633.22,34,29789883
21186386,tori4643,9640.79,9633.22,1900,29789894
11194338,xSonny,10419,9632.71,-1342,29789876
9199948,Chayokkofeyok,9806.31,9632.68,1043,29789890
17325691,NoaLeGamer,9723.72,9632.45,1008,29789892
19156534,MikoMax,10371.1,9631.67,-1176,29789877
12133117,Riffee,10108.4,9631.66,9,29789882
15662099,Shinnya,9792.36,9631.49,314,29789890
6936942,Kelbastus,9683.85,9631.31,1591,29789893
28005210,varmapelaaja,10302.8,9631.26,-958,29789878
13993365,ComfyTom,9573.96,9630.97,1847,29789896
20866062,nisenaiimor,10199.1,9630.80,-791,29789880
8319501,The Spectre,10214.1,9630.42,-324,29789880
9587466,ishiharatakeshi,10016.2,9630.15,-33,29789884
8084370,Poke714,9403.06,9629.10,3080,29789901
18694364,katharsisz,10177.8,9628.38,-467,29789881
6528275,Haralil,9884.44,9628.02,813,29789888
7455508,Jinpe,9989.28,9627.60,130,29789885
11140740,My Angel Amogus,9662.97,9627.31,1305,29789893
21990799,Lolosaurus,9975.46,9626.66,-163,29789885
7363221,GoreshitEnjoyer,9933.46,9626.42,-31,29789887
10050538,Matzsaku,10168.2,9626.24,-125,29789881
11034669,sangmin0599,9590.57,9625.74,2097,29789895
13115642,Senjharu,10165.4,9625.54,588,29789881
4743803,Lulzees,9539.13,9625.53,2036,29789897
37876237,- Fluorescent -,10304,9625.09,-515,29789878
1285403,OppaiSuki,9830.08,9625.03,1003,29789889
10021516,MarkGS,10117.9,9624.25,-276,29789882
2167433,Pittigbaasje,9965.61,9624.20,1087,29789886
15983782,Zerfax,9608.53,9623.87,1137,29789895
14459224,G a b i,10207.8,9623.03,-665,29789880
4485933,milr_,9597.15,9622.94,2593,29789895
17233837,Sora Niimi,10225.7,9622.90,-525,29789880
12789408,Tadol,10249.8,9622.81,-943,29789879
6755332,Nokie-,10051.5,9622.57,113,29789884
17637650,Ha3ar,10380.6,9622.36,-1050,29789876
7909109,Mirinae-,10225,9622.35,-382,29789880
7586334,StreamKey,9578.2,9622.27,2531,29789896
2667239,Cione,10134.2,9622.17,-370,29789882
7952192,SaturnSolar,9733.5,9622.10,1317,29789891
10113012,Seikosei,10181.6,9622.00,-581,29789881
6135452,Enigmatic,9860.54,9621.75,1095,29789888
7975452,shinxL,10135,9620.21,-747,29789882
19952365,Cursive,10243.9,9619.66,-496,29789879
8106988,XxCheesesteak,10066.4,9619.60,253,29789883
7856299,nebuduplakat,9920.34,9619.50,519,29789887
20184516,multi account 5,9996.63,9618.64,78,29789885
11531528,-Osamu,9960.97,9618.63,428,29789886
16889219,FroTerna,10240.9,9618.22,-631,29789879
27072070,mangoee,10536.2,9618.00,-1295,29789873
15262479,IsThatDecay,10026.7,9617.19,-131,29789884
14040540,kiri_,10106.7,9616.99,-327,29789882
17710610,ubah,10088.9,9616.63,-264,29789883
10453489,netive,10320.3,9616.43,-682,29789878
17412344,zyxecloud,10369.1,9616.10,-1165,29789877
18136910,Hakuju,10190.7,9615.35,-1053,29789881
17799404,hopesfall,9882.83,9615.13,553,29789888
19766893,[Droo],10327.6,9615.12,-1205,29789877
12886328,ingain,10349.5,9615.00,-153,29789877
8281276,sakiyi,10327.1,9614.70,-533,29789877
11024425,Ulzzang Boy,10136.1,9614.56,-306,29789882
13345935,Julle,10050.2,9614.06,158,29789884
5513765,lirua,9434.11,9613.88,2844,29789900
24695161,Amaewa,10040.6,9613.60,-44,29789884
14736743,Aekhloria,10360.9,9613.25,-1096,29789877
11239094,ShuPLe,9797.88,9613.23,1332,29789890
24323283,malayszewski,9835.11,9613.20,890,29789889
5897889,-Rushi-,9849.26,9613.14,1068,29789889
12962464,lolboatz,9475.16,9612.86,2648,29789899
16707308,_akami,10170.8,9612.60,-554,29789881
36019096,CALEN,10098.6,9612.45,-356,29789883
17795498,petalouda,9576.99,9611.72,1507,29789896
8948585,InfinityJelly,10019.2,9611.14,870,29789884
14629123,zaki,9878.45,9610.98,600,29789888
13838082,leaasd,10021,9610.72,325,29789884
4160699,Yoari,9728.69,9610.64,1858,29789892
10690527,cr00k,10037.3,9610.57,390,29789884
1376983,Kaplan,10142.1,9609.74,-252,29789882
12201636,rety,10140.4,9609.27,-354,29789882
4334976,Aeril,10208.3,9609.06,-282,29789880
25649413,K1eteo 452,10145.9,9607.76,-504,29789882
7596181,Valsora,9864.51,9607.65,958,29789888
4869601,Planatek,10077.2,9607.61,-221,29789883
12660895,Pivix,10135.4,9607.59,23,29789882
6487888,Res0lut10n,10399.4,9607.56,-1194,29789876
24429788,V I R I S A,10125.9,9607.45,-59,29789882
9213524,MattyGee,10118.8,9606.91,-195,29789882
11477811,Vernus,10266.1,9606.23,-792,29789879
13359670,juckport,10141.8,9606.21,-398,29789882
10100417,Chuwy,10196.4,9606.04,-607,29789880
13103909,-Kameliy-,9666.68,9605.01,1222,29789893
2749019,Fizim,9497.69,9604.99,2555,29789898
5718575,Shiv,10249.2,9604.72,-774,29789879
11574286,WaferDaily,10138.6,9604.44,-163,29789882
13449760,stupid-dummy,9618.08,9603.88,-271,29789895
15331607,Weaknessez,10239.6,9603.61,-827,29789879
2330112,-Akky,9580.23,9603.61,2382,29789896
13493232,cleareggs,10193.9,9603.59,-465,29789881
13289342,DankCloudXD,10008.4,9603.23,149,29789885
16711298,BasicBeez,10198.8,9603.00,-1386,29789880
2316517,Duftende Pizza,9882.21,9602.68,713,29789888
12363937,Ur Waifu Bad,10073.4,9602.42,-285,29789883
20138171,GummyGuy,9766.04,9602.34,1383,29789891
7644691,Pangetism,9427.11,9602.17,3077,29789900
17709282,-Toketsu,10128.9,9602.13,-476,29789882
6960914,932,9658.85,9602.01,2139,29789893
11183809,Ascinei,9748.66,9601.97,814,29789891
7702011,-Nori,10398,9601.74,-1091,29789876
7813327,TheDarkLord_300,10294.6,9601.24,-1181,29789878
6259042,Starmuri,9968.49,9600.97,108,29789886
10394866,Mizurii 2,10012.1,9599.81,279,29789885
24542250,Miguel 4 Digito,10084.7,9599.39,-706,29789883
20066159,- Sr Paiku -,9642.22,9598.97,405,29789894
36223061,4k1,10346.6,9598.76,-1070,29789877
11678104,DxIsu7,10314.3,9598.49,-1277,29789878
17483831,GNEOGA,10056.5,9597.96,420,29789884
15875362,geomjeong,10108.5,9597.54,-229,29789882
11907239,akameLOL,10094.5,9597.30,418,29789883
1695989,Aerolustly,9856.72,9596.33,645,29789888
9389429,szubi-,10307.2,9596.18,-393,29789878
12978865,Diggdador,10250.5,9595.83,-908,29789879
3396496,Reegi,10051.4,9595.16,302,29789884
13951105,damo,9912.38,9595.02,494,29789887
10650475,h4nabi,9895.33,9594.79,124,29789887
18683125,Aizuuya,9782.24,9594.07,142,29789890
10720892,gdubs,9960.58,9593.92,259,29789886
2536580,Daiguh,9796.53,9593.39,787,29789890
3288107,zuchima,9827.9,9593.36,1553,29789889
9325602,samdaman,10213.2,9593.12,-682,29789880
9103549,IN YOUR WALLS,9953.14,9592.61,566,29789886
13088536,- BankSLZ -,9597.54,9592.34,2007,29789895
9246123,s0und,9925.52,9592.19,929,29789887
8548434,LERLPA,10397.1,9592.08,-1211,29789876
17178066,Reialia,10137.7,9591.83,-573,29789882
20586695,LeivanTZH,9938.03,9591.30,-718,29789886
7652852,Kenzol,9494.26,9591.26,2786,29789898
13107284,frayzis,10117.4,9590.76,-902,29789882
4147680,Vovan,10054.3,9590.76,157,29789884
15783504,CjWrecks,10176.2,9590.52,-506,29789881
2539253,Fear Kubrick,9780.71,9590.37,1121,29789890
5612303,nomokona,9495.77,9588.48,2129,29789898
22445565,crynisana,10085.1,9588.27,-792,29789883
10999079,Veltlion,9392.67,9587.99,2710,29789901
9453854,makoto,10106.8,9587.77,-293,29789882
12623324,dskylh,9945.74,9587.69,477,29789886
8984473,aTaco,9808.76,9587.69,699,29789890
11547582,Verm1llion,10002.3,9587.51,1494,29789885
16102396,-BruTus,9943.71,9587.47,112,29789886
19322319,LaserGreen,10110.9,9587.44,-66,29789882
14289401,matej,9398.16,9586.57,235,29789901
12234942,GlefaSPQ,9666.01,9586.37,79,29789893
13733969,spark-,10124.9,9585.39,-663,29789882
6480112,Ice-v-,9558.19,9585.18,2537,29789896
10826337,axa,9778.43,9584.42,601,29789890
9540169,-Nemek-,10323.2,9584.34,-1288,29789878
11107508,Flamu,10451.7,9584.24,-1400,29789875
13343696,MmmushroomTz,9754.12,9584.17,979,29789891
4227257,Ivychan,9777.4,9583.92,981,29789890
13097386,Creepz21,10322.9,9583.35,-1151,29789878
7141760,-Mudkip-,9725.94,9583.05,1409,29789892
7236909,Forse,9994.26,9582.33,260,29789885
11962846,Useless95,9879.61,9582.32,48,29789888
9375317,not_aweeb,9747.04,9581.90,1202,29789891
17480237,Hwangindahood,10030,9581.83,351,29789884
7145125,PhxR,9963.97,9581.30,505,29789886
20752007,Meyomi,10337.7,9580.95,-1052,29789877
7774326,Luadih,10088.4,9580.90,-104,29789883
10677562,[ 65 ],9702.43,9580.25,1667,29789892
14696361,Nordwjick,10146.9,9579.79,-478,29789881
13729492,KingBrutix,10174.3,9579.53,-119,29789881
7977447,avolt,10089.9,9579.22,-314,29789883
15011165,[ATOC],9792.82,9579.00,522,29789890
9315365,Martin23,10036.3,9578.50,150,29789884
29761159,NikoN1nja,9588.46,9578.43,1721,29789896
10313695,-Christopher-,9574.7,9578.35,1885,29789896
5538115,[KOR]Rem,10026.3,9578.31,-85,29789884
9126943,Twiggykun,9789.7,9578.06,556,29789890
5336065,ryufeseed,9447.29,9577.78,2647,29789900
11279792,Sondank,10155.2,9577.26,-65,29789881
23302049,DLF_ferozz,9929.67,9576.81,-1273,29789887
9766508,AquaRua,9893.17,9576.52,252,29789887
20197329,Matt [fr],10235.7,9575.59,-763,29789880
11582348,Quppy,10189.3,9575.53,-573,29789881
17660359,-tori,10051.3,9575.47,-599,29789884
15499869,KhoiH,9861.83,9575.45,1058,29789888
10058490,Calichin,10273.2,9575.11,-635,29789879
17159061,Zysen,9753.63,9574.85,786,29789891
11632682,AlexxxFisher,10015.4,9574.66,-336,29789884
14738020,puab,9991.34,9574.46,-188,29789885
15772899,Omega2816,9998.46,9574.09,-303,29789885
31840773,ShAlaPaiOn,10092.2,9573.89,-1224,29789883
14392174,WillyJulio,10048.2,9573.69,-272,29789884
7941258,Benedict02,9720.47,9572.70,1594,29789892
12022722,Zova,9783.33,9572.62,981,29789890
760389,Manasoy,9578.47,9572.25,1857,29789896
9636252,Unq,9906.28,9572.24,202,29789887
21150434,tatenashi,9800.59,9571.63,723,29789890
15372986,vexxosu,10408.5,9571.34,-1312,29789876
10053599,revolutionttv,9545.51,9571.01,809,29789897
10663205,Orfanlaund,10201.8,9570.99,-657,29789880
10061664,BriqueDeThon,9897.62,9569.76,1311,29789887
10611301,LilCorks10,10215,9569.29,-940,29789880
13706157,Glowez,10054.2,9568.03,-275,29789884
25780399,Taiki Shuttle,10370,9567.17,-1043,29789877
11818222,Jafeto_99,9687.4,9567.06,1736,29789893
5057172,_ojiisan,10133.6,9567.04,-827,29789882
16383529,eringiRa,9850.37,9566.69,739,29789889
19389342,Atsorko,9768.51,9566.60,187,29789891
9190726,-iamme,9343.39,9566.53,2672,29789903
17910044,hyrn,10265.9,9566.30,-950,29789879
22841474,yuris,9693.31,9566.10,1152,29789892
3221705,Satori_TL,9442.09,9565.90,2517,29789900
11942259,Suwa,9806.69,9565.83,845,29789890
7594571,Ultinin,10213,9564.69,-647,29789880
3204246,teashoe,9724.99,9564.00,1355,29789892
13263918,Layendan,9690.66,9563.49,1445,29789892
2811909,[- Wolfy -],9637.16,9563.04,1721,29789894
29442284,Frieren_,9783.2,9562.81,889,29789890
11788735,ferOo_,10303.6,9561.06,-1313,29789878
11500584,Arokomi,9761.56,9560.73,833,29789891
13619305,lpn,10081.4,9560.17,-420,29789883
17753122,invadey,10241.3,9560.07,-563,29789879
9758343,ksertz,10030.7,9560.06,35,29789884
14040810,gilgamesh815,9616.19,9559.74,2696,29789895
10424993,renifed,9621.97,9559.21,1448,29789894
7736410,Triojo,9691.8,9559.02,1463,29789892
15799999,angryfarmer727,10087,9558.72,-473,29789883
20509214,Loathed,10222.8,9558.50,-650,29789880
19533669,The Hurricane,10148.4,9557.68,39,29789881
12052145,lolztehtroll,10227.2,9557.64,-287,29789880
12715057,Mothra,9938.24,9557.35,267,29789886
9814770,eisuke0530,9379.27,9557.33,2141,29789902
4169322,Rapunzel,9846.69,9557.20,232,29789889
12218432,kenzokadr,9934.83,9556.11,8,29789886
8140462,ItsJpex,9979.02,9555.76,27,29789885
4940222,Lenzo,10033.6,9555.23,-181,29789884
6075822,ELNabhan,9891.63,9555.09,612,29789888
12157809,Resident Cat,9935.47,9554.95,330,29789886
9471214,RenaRyuugu,9571.17,9554.77,899,29789896
19783488,AmazingBacon,9903.04,9553.92,-1458,29789887
9315355,Skroutz,9984.52,9553.84,-370,29789885
10456246,PinkiePieQ,9917.46,9552.57,418,29789887
9578995,ArturBestia69PL,9402.42,9552.30,1906,29789901
24420054,RAGINGDASHIEje,9465.17,9552.06,1927,29789899
11743273,Circulo,9607.54,9551.97,2055,29789895
9119507,Dada,9624.66,9551.44,1688,29789894
20930322,chlo,10285.5,9550.68,-842,29789878
25003136,Borzilla,9711.9,9550.28,1443,29789892
18983862,finalevening,9911.82,9550.02,810,29789887
11297583,mihyang,10265.1,9549.58,-929,29789879
23738997,dasher1505,9971.17,9549.39,-13,29789886
9390417,Paato,9533.93,9549.32,1705,29789897
4308499,- Kyuji -,9721.87,9549.08,939,29789892
6484243,snowin,9895.46,9548.45,672,29789887
3878133,xLePhantom,9559.13,9548.10,2580,29789896
2069595,Zerg,9865.97,9547.71,1024,29789888
12006447,MANi,10135.2,9547.54,-130,29789882
12170185,Quora,9399.78,9547.37,2762,29789901
11265621,phonk,10192.8,9546.98,-845,29789881
5522789,Athenai,9535.8,9546.88,1585,29789897
10728481,Graffitist,10009.5,9546.73,-73,29789885
31313849,Zenn,10054.5,9546.60,-374,29789884
9531431,Beanii,9341.9,9546.24,1964,29789903
18755966,_Kurookami_,10033.2,9545.45,-453,29789884
17273090,AshJAM,10122.6,9545.37,-377,29789882
11830924,Kevelia,9812.81,9545.00,583,29789890
20508752,RuubiSetter,9658.1,9543.02,1348,29789893
11625767,DiamondMaker,9705.48,9542.77,1206,29789892
22096000,Ztocker,9521.01,9542.69,1567,29789898
13116234,fatalitygem,10434.8,9542.29,-1018,29789875
11136714,aer0_,10212.2,9542.19,-957,29789880
14933602,nawras,10352.2,9542.02,-1480,29789877
14912774,Timix,9617.14,9541.95,1167,29789895
9480404,WorstTechPlayer,9785.86,9541.62,605,29789890
2105981,Gian,9876.44,9541.48,497,29789888
16369587,Siwarha,9751.72,9541.23,396,29789891
24104394,scarlet,10286,9540.14,-1184,29789878
35168104,Hugo327,10294.9,9540.09,-1349,29789878
13498632,Ciiell,9949.81,9539.74,-71,29789886
11941937,pure2568,9961.16,9539.67,301,29789886
6731135,llunaco,9882.33,9539.13,104,29789888
13966927,Weywot,9926.24,9539.02,-423,29789887
4215187,Pengzy,9554.5,9537.80,2284,29789897
15410533,yarouxx,9711.2,9537.65,259,29789892
20262926,silly kitty,10124.2,9537.47,-337,29789882
9632125,Ravac5,9950.49,9537.19,272,29789886
10420493,aknazar,10000.1,9537.13,-329,29789885
12029639,Imuya,10005.6,9537.09,-405,29789885
13205755,Potato9756,10275.3,9536.23,-1228,29789879
1709406,MCNortrom,10009.8,9535.98,158,29789885
14674726,boizzu,10221.1,9535.82,-1022,29789880
15071261,Alina Gray,10035.7,9535.73,-121,29789884
5533261,Sharfik,9877.78,9535.52,730,29789888
3946607,Zigzagoon,9383.31,9535.52,2847,29789902
11955275,axopti,10002.8,9534.53,-227,29789885
14262149,Night-_-,10058,9534.24,-106,29789884
13380038,Inari One,10014.9,9533.21,-353,29789885
31410948,Steany,10320.6,9533.12,-1169,29789878
13955247,Michael0509,10099.3,9532.52,-768,29789883
18107421,vayne168,10413.7,9531.92,-1360,29789876
13799103,ICallHerMommy,10073.3,9531.67,149,29789883
13063692,Yoiminya,10030.9,9531.54,17,29789884
4392909,- Menma-,9758.3,9531.32,549,29789891
16161470,Goyato,9824.28,9531.13,437,29789889
6825847,Niuex,9738.22,9531.13,656,29789891
13050074,faze-dank,9544.97,9530.33,2072,29789897
22933377,Celensto,9750.74,9530.31,708,29789891
15556878,DiiMeX,10158.8,9530.09,-409,29789881
10614643,domiarts,10140.5,9529.72,-440,29789882
14175644,TimeNow_,10016,9529.59,54,29789884
12800904,EdSyx,10175.6,9529.45,-191,29789881
452514,wanna be human,10090.9,9529.42,-357,29789883
17452439,Havenuking,10054.7,9529.32,-98,29789884
25785799,ctrli,10381.6,9529.11,-1778,29789876
11919660,PAcuTeMHAduLIIA,10139.7,9528.48,-410,29789882
24636387,SHEESH2,10133.3,9528.44,-744,29789882
12931543,Ramlethal,10006.1,9528.44,-602,29789885
14705260,Rap1d-Senpai,10093.8,9528.38,-648,29789883
19102700,Picul Rick,10106.2,9528.03,-911,29789882
9868040,Acksel,10143,9527.83,-451,29789882
15986874,-Alchemist-,10213.8,9527.39,-400,29789880
19883639,shinchikuhoe,10031.7,9527.19,-10,29789884
21592439,Bluwok,9994.62,9527.09,-138,29789885
10987564,Mr_DarkRainBow,10158.2,9526.91,-569,29789881
20817109,Kasumizawa Miyu,10006.9,9526.91,-211,29789885
32846243,squidwardlover7,10236.5,9526.68,-1037,29789880
13418221,Finmi,10038.8,9526.53,68,29789884
12336058,bowiepro,10054.9,9526.48,-477,29789884
20074187,FaunaMyBeloved,9643.34,9526.30,1470,29789894
17862043,VOREtheLORE,9502.28,9525.18,1665,29789898
8343533,autokini1,9970.1,9524.92,-74,29789886
18876061,sankhe,10206.6,9524.81,-1071,29789880
8840398,OneShotFox,9795.72,9524.69,359,29789890
17965404,Kiino,9406.31,9524.58,1923,29789901
11390112,Fastik2006,10183.5,9524.48,-805,29789881
18587902,Bubble998,10254.4,9523.98,-857,29789879
11551991,Liery,10003.3,9523.55,146,29789885
15184992,Summer_Ouo,9735.22,9523.55,1147,29789891
13471724,kryptictroll,10315.8,9523.31,-1146,29789878
10811597,Snaksiu,9829.88,9523.29,336,29789889
12710265,VictorSkull,9225.42,9523.16,2891,29789906
24810262,Tetragon,9868.82,9522.71,242,29789888
9501611,MENDES,9938.15,9522.48,484,29789886
21168873,Is1x,10104.4,9522.35,-756,29789883
10326338,TIo3oP Poccuu,10086.4,9522.25,-191,29789883
11803452,Sylis12,9955.77,9520.92,318,29789886
13671801,TheOtherBubble,9521.6,9520.70,1442,29789898
11766556,Akiraie,10133.9,9520.68,-684,29789882
15984185,niki612,10154.5,9520.67,-566,29789881
10401304,geczy,9884.02,9520.53,1544,29789888
23842054,shojan,9863.36,9520.41,697,29789888
6489078,Rayzent,9708.24,9519.75,1067,29789892
34506625,R3pr1se,10017.4,9519.68,112,29789884
33284323,[RitsuLover],10217.9,9519.53,-703,29789880
9684580,TheyTookAshe,10083.6,9519.19,-551,29789883
19775858,Messiah Benz,9857.37,9519.16,491,29789888
3872602,rafalbrew,9654.85,9519.15,1154,29789893
15811644,Z4RU,10162.1,9517.80,3,29789881
1347004,kotomori_,9451.62,9517.79,2456,29789900
11495339,pizzafart,9700.3,9517.67,931,29789892
14089530,rbk,9672.78,9517.50,1120,29789893
13541126,President,10231.9,9517.47,-850,29789880
803766,cr1mmy,9324.59,9517.26,3090,29789903
12090610,Tatze,9376.59,9517.16,2543,29789902
1203216,Yellow,9826.06,9516.94,1171,29789889
24490870,Valcsh,9646.39,9516.77,402,29789894
21268054,ItzZarON,10083.9,9516.68,260,29789883
8197994,CLOU57,10098.3,9516.63,-261,29789883
10275038,PayneTrain,9672.59,9516.26,1218,29789893
16543599,enolock1721,9696.54,9516.11,1061,29789892
20153787,Labari,9936.73,9516.03,359,29789886
10850740,jsKayy,9897.07,9515.89,333,29789887
11745515,Dovekei,9669.92,9515.83,705,29789893
11562375,JPNexus,9676.21,9515.73,854,29789893
14069730,Arisaka Mashiro,10087.2,9515.58,428,29789883
12245298,Sasii,9938.49,9514.95,-208,29789886
6149947,Hranolka,9667.8,9514.54,960,29789893
10479710,uadfb75t6hst,9824.01,9514.04,685,29789889
2715937,Ahmnesia,9844.53,9513.99,321,29789889
13947308,Rentolly,9953.73,9513.95,-192,29789886
4499123,Tamura Yukari,9932.96,9513.85,294,29789887
589550,Mercurius,9386.41,9513.77,2680,29789902
3797284,guitarhero,9774.21,9513.33,208,29789891
9470160,postmeridie,10267.1,9513.29,-1133,29789879
10210495,Siko,10195.6,9513.22,-772,29789880
16230011,Shadower,9969.47,9513.09,-127,29789886
16130091,gul-,10081.6,9513.00,-703,29789883
14826391,Stxrmy,10194.2,9512.94,-495,29789881
11301776,THaNK-You,10159.3,9512.47,-815,29789881
6054527,Magoon,10222.1,9511.51,-306,29789880
18628858,OCY 3HAETE,9924.87,9510.98,-368,29789887
25498955,Lemon Zest,9689.71,9510.97,551,29789892
8868144,SiYes,9757.78,9510.95,1361,29789891
3093139,Wrys,9740.63,9510.91,1052,29789891
7431143,kezo,9957.53,9510.87,677,29789886
6563760,_moth,9515.87,9510.87,1749,29789898
21500529,jUnDx,9617.75,9509.97,2046,29789895
22690359,Seija Kijin,9646.04,9509.54,1823,29789894
19446346,peroro,9832.59,9509.38,1061,29789889
7341396,[ScarletFang],9702.12,9508.68,1475,29789892
27336366,MASTERCLASS,10155.5,9507.97,-544,29789881
5338509,Tryptaphan,10254.2,9507.72,-897,29789879
16345670,wtfdoud,9728.49,9507.49,370,29789892
17611177,Zacky,10116.4,9507.24,-457,29789882
15657824,Isanekkk,10017.2,9507.19,-22,29789884
12213656,Superjonny64,9637.91,9507.06,743,29789894
3859506,DeadZoNeD,9728.63,9506.71,1026,29789892
7093373,papika,9826.48,9505.79,461,29789889
17081980,Farzex,10001.8,9505.65,-170,29789885
17970091,Throryzen,10276.1,9505.60,-1262,29789879
11363504,Cichal,10299.2,9504.91,-1345,29789878
6718427,Reedan12,9853.83,9504.13,333,29789889
6182439,Firebool,9559.19,9503.00,1527,29789896
3644289,norbertosnt3,9784.39,9502.71,796,29789890
7236082,Vesta,9578.04,9502.48,1117,29789896
6550389,Phx,10024.7,9502.20,2,29789884
9431286,rylee,10004.7,9501.67,-253,29789885
16391241,RyzenPP,10149.8,9501.57,-754,29789881
16802633,-database-,10019.8,9501.57,-222,29789884
10336501,Jan119,9919.43,9501.57,-125,29789887
17445139,zoommas,9680.97,9501.55,1058,29789893
17488247,Feroshi,9882.99,9500.76,128,29789888
12479773,WolfyXia,9737.05,9500.37,610,29789891
22617279,z14a,9754.22,9500.29,604,29789891
10601504,Thoorn,9644.97,9499.99,1755,29789894
14700019,sebnop,9985.03,9499.96,-510,29789885
5141675,iolight,9992.16,9499.83,23,29789885
15562303,Boba Cone,10001.1,9499.23,-133,29789885
17023432,pierrpro,9873.99,9499.13,172,29789888
17833333,Baaaabss,9492.75,9498.75,1459,29789898
17349142,-wait-,10145.3,9498.18,-790,29789882
9592236,TechnicalMaid,10267.5,9497.89,-524,29789879
14044322,Pandowo,10001,9496.97,-292,29789885
12246812,GabrielTr,9577.54,9496.93,1866,29789896
11840098,chamandoo,9910.14,9496.71,331,29789887
13264148,Magma,9660.03,9496.59,1305,29789893
14801826,NinoMyAngel,10044,9496.54,-505,29789884
16483102,dsdsdf,9898.36,9495.16,228,29789887
13915963,Buzzy,9867.45,9494.99,377,29789888
10869244,OMAAH4UK,9703.74,9494.94,420,29789892
1045281,BoT-Shirt,9378.16,9494.62,2267,29789902
4771050,mooningham,9033.61,9494.48,4197,29789912
18371035,AwfulMuffin,10142.7,9494.46,-710,29789882
16944319,Haladaes,9846.15,9494.39,-184,29789889
10941597,BOIIII_idk,9311.16,9494.31,3146,29789904
6499356,salkin,9836.07,9494.02,513,29789889
3117632,Aetheris,9813.76,9493.93,-495,29789890
17807215,pahota,9850.72,9493.65,94,29789889
16679145,Strinova,9361.14,9493.52,2302,29789902
11473414,Mirkt,9898.3,9493.47,-54,29789887
26253598,hmosha,10136.8,9493.44,67,29789882
9538245,rethinking,10042.4,9493.42,-427,29789884
23047653,Rixxze_,10223.8,9492.95,-1118,29789880
3297385,Terra,10024.6,9492.83,-401,29789884
5385297,sanoJ,9624.18,9492.83,716,29789894
13456982,some0ne_,9845.3,9492.71,-5,29789889
27631537,BanG Dream,10024.9,9492.38,-419,29789884
22769804,Kitslano,10334.5,9492.00,-1494,29789877
1920049,goink,9181.78,9491.89,3614,29789908
11966170,Hyytis,10033,9491.27,-1052,29789884
14429772,R176,9633.64,9491.13,1244,29789894
13624832,Tram1x,9719.47,9489.99,366,29789892
9285180,Mr Business,9635.18,9489.94,1097,29789894
10926707,PotjeNutella,9522.3,9489.88,1798,29789898
37664048,Hanon,10013.1,9489.87,-552,29789885
3969048,Mand,9412.19,9489.77,2089,29789901
3354985,Merloni,9412.07,9489.71,2820,29789901
19482629,RavxaL,10310.8,9489.58,-1435,29789878
19972788,Jerryyy,9519.52,9489.27,1843,29789898
17025950,Noelle Holiday,10047.5,9488.31,-904,29789884
14125627,tigiexe,9687.03,9487.97,846,29789893
4741293,sprkh,10147.6,9487.75,-1011,29789881
19294414,_Jamar,9925.88,9487.69,130,29789887
16388304,Clerics,10258.7,9487.62,-864,29789879
16129717,TomatoesGoBoom,9621.74,9487.46,1563,29789894
13627888,hitorisu,9989.13,9486.58,-366,29789885
7918664,LimeDimeNine,9416,9486.50,2271,29789901
6063342,Lotragon,9733.29,9486.24,326,29789892
20067383,Quatr0,10136.6,9485.61,-905,29789882
16276721,Iamcooked,9888.74,9485.55,-163,29789888
36185973,Styy,9755.47,9485.52,-951,29789891
27930314,M0GGER,10255.8,9485.16,-1092,29789879
7978142,SnowBluChubb,9999.22,9485.16,-361,29789885
16876548,livesixpluto,10010.5,9484.85,-470,29789885
10018872,CoisasFC,9614.99,9484.32,1222,29789895
15457184,KittyLikeme,9987.08,9484.28,247,29789885
13765127,iSniper,9594.87,9484.09,1121,29789895
9518222,Kuroky,9987.78,9483.74,-615,29789885
14225574,vovontin,10104.1,9483.51,-614,29789883
20507116,Jmade142,10198.6,9482.31,-529,29789880
12457381,XopK,9776.53,9482.20,348,29789890
13988393,Baechuu,9608.44,9482.07,2255,29789895
2938404,FA Q,9365.59,9481.82,2318,29789902
13065405,Hypnosis242,9919.37,9481.76,137,29789887
22989319,Glody,9957.63,9481.72,-609,29789886
13087094,kris on osu,9910.39,9481.69,-226,29789887
2528324,Moose,9801.15,9481.39,1044,29789890
8594847,Setollie,9798.41,9481.25,631,29789890
9013565,danielyi321,9893.86,9481.19,276,29789887
32972291,Torusama,9785.08,9480.13,835,29789890
11625048,Kawambiit,9526.26,9480.06,1798,29789897
11016385,Dozvoljeno,9830.96,9480.03,111,29789889
34182627,bodyguard,9543.83,9479.85,1199,29789897
17882943,lumana,10046.3,9479.72,-550,29789884
4088853,BakaChiChi,10026.8,9478.70,-306,29789884
11461632,Rei Sirose,10226.6,9478.17,-1001,29789880
28225519,ghous,9930.77,9477.97,732,29789887
17738889,piccolo,9869.14,9477.65,-140,29789888
11356954,maeve,9626.75,9477.65,1205,29789894
6360283,User XXII,9772.16,9477.57,400,29789891
11846534,NxGD,10071.8,9477.46,-241,29789883
4750140,Telta,9460.45,9477.21,1714,29789899
7600494,Norbi Gierczak,9834.65,9476.76,502,29789889
18393124,1dk dt jump,9890.11,9476.52,64,29789888
10627594,subahibi,9801.87,9476.48,613,29789890
10793061,Jazzert,10316.9,9476.16,-897,29789878
15441720,NEOBLAZER22,9632.25,9475.96,1406,29789894
11394199,flyingbeagle,9821.42,9475.62,259,29789889
27818688,Saki Ayase,9518.23,9474.81,1629,29789898
18735742,x_w,10128.8,9474.71,-676,29789882
15069567,Asurayu,10175.1,9472.90,-1059,29789881
12489717,Aisn,10118.1,9472.83,-868,29789882
20932320,Auxi,10307.5,9472.19,-1036,29789878
10663877,_aphantasia,10103.8,9471.49,-1001,29789883
11522758,-Washed up-,9589.47,9470.91,957,29789895
1819342,DPPt444444,9167.96,9470.55,3074,29789908
4662795,tzechi,9940.33,9470.00,-60,29789886
10526814,Luminiscental,9403.73,9469.20,2377,29789901
9447432,jaminclaw,9616.96,9469.12,1750,29789895
8675309,e1y,9687.19,9468.85,579,29789893
15408271,ItsHectic,9923.01,9468.59,-14,29789887
15486095,Pxscadito,9833.38,9467.85,-197,29789889
13805350,ohke,9921.39,9467.80,100,29789887
3468264,Megure,9391.14,9467.36,2195,29789901
12640839,_HappyCloud_,9906.14,9467.27,-168,29789887
6926438,spaklehat,10030.8,9467.15,-684,29789884
19698504,nontanyanaikai,10133.8,9467.06,-609,29789882
10621904,yaressi,9917.3,9466.63,-278,29789887
15802355,itadori_yuji46,9725.3,9465.85,513,29789892
15900803,zo_,10029.8,9465.40,-105,29789884
24398932,godmorgen,9920.06,9465.09,-720,29789887
25590021,-[Syazil]-,10178.5,9464.94,-1350,29789881
2114273,Mayoi Hachikuji,9554.36,9464.71,1520,29789897
8828420,MrTerror,10156.5,9464.64,-923,29789881
8590397,Nyarlat,9658.63,9464.38,434,29789893
10226717,Citrica,9840.32,9463.66,245,29789889
21643143,Billupwind,10122.4,9463.51,-817,29789882
19680480,xeladir,9408.51,9463.18,2125,29789901
385069,ruexia,9563.38,9463.01,1341,29789896
23880988,lolol237,10137.5,9462.76,-1300,29789882
13480292,Shirotsuki,9391.57,9462.32,2947,29789901
5159855,Harley Rizumu,9978.74,9462.28,-328,29789885
14568062,vipnice,10019.4,9461.76,-56,29789884
20604698,okuraionn,9655.12,9461.75,1328,29789893
7819319,LewisAlternate,9784.49,9461.51,-27,29789890
16004080,Tylerderp,9997.94,9460.81,-362,29789885
2997578,[ Guardian ],9266.6,9460.63,2930,29789905
8750887,Mamotto,9964.05,9460.54,-424,29789886
9320838,Darkreign,9818.97,9460.47,-946,29789889
6116759,BearZyo,9555.87,9460.45,1613,29789897
4608215,durashcka,10151.4,9460.29,-859,29789881
18097741,Coronel Igor,9964.91,9460.19,-377,29789886
7513711,Stylus,9805.27,9460.10,445,29789890
6884011,inahokaizuka16,9623.2,9459.33,1427,29789894
16013358,Shengn,10149,9459.21,-1261,29789881
17799545,Mijumaru,9989.39,9458.63,-768,29789885
2917990,jj986544591,9427.31,9457.80,1679,29789900
20914468,yuri propaganda,10262,9457.69,-867,29789879
3586792,Kix,9760.4,9457.63,521,29789891
22204617,bexysz,10111.4,9457.31,-809,29789882
20584384,Zhyich,10120.4,9456.81,-480,29789882
6935403,VinJin,10064.3,9456.50,-652,29789883
10961512,krh,9566.6,9456.44,1649,29789896
16967010,lurrzy,10084.6,9456.33,-616,29789883
22416435,HokageLean1337,10028.5,9456.19,-402,29789884
26515818,brainshocked,9885.01,9456.14,-292,29789888
18887065,footstrepsils,10104.7,9456.09,-387,29789882
24171531,BalliMurphy,10199.9,9455.98,-1178,29789880
9145029,GreatBanter,10027.9,9455.78,-499,29789884
17185283,Their Bozo,10027.1,9455.55,-307,29789884
9027651,kirndy,9462.79,9455.48,1838,29789899
3433893,Link135,9310.63,9455.27,3001,29789904
17713389,Hobeeyz,9612.69,9455.13,2179,29789895
4330511,dsco,9567.31,9454.93,1652,29789896
11184765,bengwranh,10070.4,9454.80,-779,29789883
11239237,Still in Love-,10137.4,9454.51,-880,29789882
14504091,BreadBoy_,10046.9,9454.42,-659,29789884
10406967,Taradaki,9647.45,9454.17,14,29789894
15910713,corvus-,10062.8,9453.85,-566,29789883
13800863,Huskiboi7,10142.5,9453.74,-591,29789882
21656861,moreulon,10179.5,9453.50,-1135,29789881
22490816,Styr3,10187.2,9453.24,-749,29789881
12847081,kannachi,9795.98,9453.14,-119,29789890
2893747,LegitKorea,9846.54,9453.03,371,29789889
6575153,yorumi,9539.83,9452.58,1502,29789897
14421248,tesi,9827.12,9452.55,-71,29789889
7104251,Warbreon,9849.66,9451.47,122,29789889
9629457,Kwstv,9813.47,9450.69,207,29789890
14332810,ADMUHUCTPATOP,9795.03,9450.34,148,29789890
12406844,maksym162bpm,9735.45,9450.25,320,29789891
10455848,Napoleon,9917.12,9450.23,-214,29789887
13425662,AccMoment,9806.18,9449.96,205,29789890
9390195,Fvbian,9890.61,9449.80,-220,29789888
6700474,RickaBoBR,9766.34,9449.80,558,29789891
7738212,Pobu,9871.69,9449.63,719,29789888
8894320,popo,9852.96,9449.49,-205,29789889
6903893,SP33DW33D,9904.93,9449.44,332,29789887
16096881,kasiisak,9838.48,9448.93,-53,29789889
3123488,synf,9878.63,9448.84,651,29789888
8787324,Alice Pi,9817.37,9448.75,345,29789889
10862447,icoudentthink,10056.8,9448.52,163,29789884
13900510,pizzastock111,9885.39,9448.44,140,29789888
5323280,Seoulsim,10226.5,9448.05,-1095,29789880
17857967,Lugpeat,10115.8,9447.88,-1057,29789882
18974182,Armadayeet,10018.2,9447.46,-714,29789884
21124978,Suigen,9858.69,9447.34,176,29789888
6876679,Bonkless,9551.47,9447.23,685,29789897
625429,Hiromu,9480.93,9447.17,1822,29789899
14326821,damn bro,9731.42,9447.07,326,29789892
17834696,Axitng,9788.43,9446.21,646,29789890
37091194,piiid,9606.96,9445.86,-641,29789895
8232475,Hollowfury7,9703.56,9445.38,587,29789892
18555631,PigglyNibbler67,10119.1,9445.27,-266,29789882
23128133,big_veon,10256.8,9445.06,-1409,29789879
11795868,Ecifircas,10121,9444.55,-446,29789882
10525121,Whenimazombie,9969.72,9444.52,368,29789886
16770581,tambet,10181.8,9443.89,-971,29789881
19268594,unwage,10243.3,9443.46,-1200,29789879
11760295,Charv,10059.3,9443.36,-715,29789884
13854489,skro,9951.06,9443.30,-40,29789886
26181225,Bigdaddy85,10022.1,9443.27,-838,29789884
2712080,Wedzy,9576.2,9443.11,1629,29789896
13514678,MordeyMay,9682.37,9442.97,512,29789893
16413871,DanTaF,9747.41,9442.76,359,29789891
8376885,dilget,9759.17,9442.69,662,29789891
723565,sAraShina,9342.45,9442.48,2505,29789903
18530293,Benux,10037.7,9442.30,-724,29789884
3106643,Shmeeblez,9836.95,9442.17,510,29789889
11694976,riolu,9773.57,9442.00,580,29789891
30763575,Spectral927,10195.1,9441.99,-1120,29789881
16984147,ayotzys,9684.06,9441.75,439,29789893
7777886,Kiyoflame,9819.57,9441.53,305,29789889
209664,fabriciorby,9463.7,9441.08,1568,29789899
9720334,itsgonnabemessy,9972.17,9440.00,-185,29789886
28575977,helsayko,10000.7,9439.50,-464,29789885
15193535,Lamp,9915.67,9439.26,-117,29789887
22041220,Utku,10022.2,9438.95,-116,29789884
24183711,fike,9881.57,9438.67,-268,29789888
15049671,Karausw,9957.12,9438.50,-335,29789886
16102492,PapaGunch,9618.6,9438.24,717,29789895
17490131,SilvDoge,10138.1,9438.19,-1002,29789882
11260710,schneggster,10013.6,9438.15,32,29789885
12600702,Cancle_me,9481.73,9438.11,1726,29789899
24157483,Tatko,10094.4,9438.02,-1327,29789883
19952951,Rekked,9830.55,9437.96,-166,29789889
18958787,DANCHOU,9655.51,9437.49,732,29789893
7751333,Tled,9560.26,9437.23,958,29789896
5207790,CSTVN,9685.49,9437.05,1308,29789893
29711126,BeesCheese,10055.4,9436.53,-289,29789884
16665666,vadoseks,10240.7,9435.38,-1356,29789879
9750432,LonelyMan,9906.57,9435.07,-387,29789887
12301388,PieIsTheBest,9851.15,9435.01,137,29789889
2491329,Krysha,9207.8,9434.95,3008,29789907
10839558,yorushika,9341.09,9434.04,1985,29789903
7855652,hdl,9892.93,9433.55,101,29789887
647309,WiMpN,9568.4,9433.25,1554,29789896
7760586,LunaFox,9704.31,9433.24,768,29789892
17279598,yorunoken,10051.1,9432.35,-438,29789884
12408784,ZiinHG,9709.22,9432.28,334,29789892
21365387,ILAL,9963.29,9432.15,-137,29789886
35105283,Math0u,10140.2,9431.81,-953,29789882
10617908,Acreams,10082.6,9431.16,-936,29789883
6032371,jiangshi,9601.79,9430.85,1266,29789895
11452852,FLDR,9739.91,9430.17,233,29789891
20447062,kellad,9975.21,9429.81,-251,29789885
11339614,Marcu,9441.5,9428.90,1820,29789900
7384721,m1kuno,10102.7,9428.88,-873,29789883
9833677,BZM,9455.08,9428.34,1888,29789900
13731001,AiNERiS,10268.2,9428.27,-487,29789879
16426425,Fiery J,9953.88,9427.96,-257,29789886
31444348,InkLyned,10139.1,9427.75,-738,29789882
13088265,[ BlackCat ],9918.23,9427.20,78,29789887
9836742,disquietude,9614.13,9426.71,1494,29789895
25291949,erik shun,10042.2,9426.31,-610,29789884
17857203,My Angel Bronya,10048.8,9425.90,-952,29789884
8995080,anirrech,9891.9,9425.76,97,29789888
11548654,KasaKnight,10002.6,9425.63,-128,29789885
7237180,Sakez,9297.01,9424.85,2291,29789904
4277601,Mamun,9684.31,9424.52,924,29789893
9918348,HammyALT,9439.98,9424.47,2054,29789900
13732755,Maun0,9550.71,9424.25,818,29789897
18906801,oufoufouf,9630.83,9423.52,530,29789894
15778198,undskyld,10085.4,9423.48,-1158,29789883
18410523,meefinfem,9914.77,9423.47,-204,29789887
21234876,FuryStir,9810.75,9423.35,303,29789890
14850638,ya Ruka,9781.8,9423.31,243,29789890
8986093,egg nog,9866.41,9423.28,382,29789888
3628613,Take no Hana,9602.5,9422.47,1760,29789895
2727625,ragezolida,9485.32,9422.47,1672,29789899
11921788,max667,9903.48,9422.42,-325,29789887
7114015,Vanted,9946.49,9422.16,-657,29789886
21281053,Sedr1um,10184.7,9421.85,-1027,29789881
14903528,Ovedy,9661.5,9421.82,1136,29789893
21389288,crave cute boys,10035.6,9420.97,-281,29789884
12867726,reowl,9337.78,9420.86,2532,29789903
20872152,pxa2,9961.81,9420.76,-317,29789886
13134688,IRADrftr,9968.7,9420.74,-330,29789886
17965268,mung mung,9786.55,9420.72,-218,29789890
16194997,timmoltommol,9687.69,9420.55,450,29789893
7304618,MyScoreSucks,9315.69,9420.49,2311,29789904
11109332,AwesomeAldine,9505.07,9420.13,1316,29789898
14316928,Harambenzo,10008,9419.80,-487,29789885
10057811,OGK_psyduck,9566.81,9419.31,691,29789896
2267960,Choiharu,9786.85,9419.14,-164,29789890
8128469,Mayla,10002.9,9418.88,-198,29789885
30209693,MahmoodPlaysYT,9788.86,9418.46,16,29789890
19414818,Alex4o,9944.34,9418.42,-537,29789886
13253502,knee co,9855.69,9418.40,128,29789888
11430561,Burval1337,9859.19,9418.27,433,29789888
14469959,misuzu,9829.62,9417.13,302,29789889
11926678,fizzest,9888.09,9417.12,312,29789888
4212018,Sirodaifuku,9843.73,9416.98,802,29789889
25257391,ABOBAst,9810.53,9416.98,-56,29789890
651307,Prophet,9114.36,9416.62,3342,29789910
15844439,tokei,9951.18,9416.21,-474,29789886
11773516,Borey,9526.64,9416.13,845,29789897
6818428,-Tempy-,9725.79,9415.74,407,29789892
6004937,Kynexiz,10104,9415.73,-616,29789883
16659309,Twiney,10033.5,9415.51,-565,29789884
31389664,Senkundao,9838.95,9415.37,14,29789889
8025454,Tensku,9615.34,9414.17,1338,29789895
14109405,moesode,9678.8,9413.96,888,29789893
9487692,Towleyyy,9897.83,9413.85,-457,29789887
16356611,f4mm,10109.5,9413.78,-1073,29789882
11244176,Tamsoot,9846.98,9412.71,-56,29789889
17137172,Scopzi,9969.28,9412.68,137,29789886
11680054,kevvy,9307.23,9412.27,2760,29789904
14025454,St3kiii,9766.7,9412.00,845,29789891
3812276,DDBOT,9631.94,9411.99,781,29789894
4700447,Poguin,9844.64,9411.70,104,29789889
6159910,My Angel Kyle,10048.4,9411.68,-452,29789884
13635433,Comyute,9502.9,9411.53,1499,29789898
3695504,YukihanaLamy1,9919.9,9411.48,-54,29789887
2522758,maikuroPoni,9608.12,9411.25,1853,29789895
6742421,- Jeem -,9712.66,9411.13,405,29789892
8382345,Nyanpantsu,9736.35,9411.05,549,29789891
24904796,Aesteri,9702.19,9410.91,182,29789892
15329469,kwak,9684.95,9410.90,810,29789893
10567803,LyXAsuna,9907.38,9410.11,-246,29789887
21609165,Afilthy6digit,9727.67,9409.86,111,29789892
14475307,Raana Kaname,9976.81,9409.64,-631,29789885
8159210,GirlInterrupted,9847.95,9409.41,296,29789889
13305487,Chrll,9907.81,9409.31,-149,29789887
7544086,Evyf,9696.93,9408.68,243,29789892
9079969,Koxiuuu,9756.41,9408.67,830,29789891
12591637,Kuragane,9923.31,9408.65,300,29789887
7753804,Stealer-kun,9637.85,9408.24,825,29789894
24500815,SYNT_BUBBLEMAN,9809.88,9407.86,240,29789890
3214513,Stajlsu,9186.34,9407.49,2836,29789908
5983495,-GriM-,9718.44,9407.28,645,29789892
16876156,LiteG,9770.54,9407.23,265,29789891
16770516,HDfarmer,9996.14,9405.92,-793,29789885
6364970,- Mashiro -,9808.4,9405.70,-356,29789890
10854945,Jedpool,9670.37,9405.68,1044,29789893
24025848,Worcester,9599.46,9405.60,799,29789895
2506715,-Deity-,9781.05,9405.29,648,29789890
16896211,Leta831254v2,9859.97,9405.18,467,29789888
14273176,newtype999,9806.44,9405.01,309,29789890
16368271,TalentIess,10008.6,9404.33,-766,29789885
20688138,Yume-,10178.4,9404.00,-1239,29789881
5011379,iPhone XVII,9753.78,9403.78,460,29789891
4587487,Mijn Aim Zuigt,9900.5,9403.57,-87,29789887
17996877,retot,9537.72,9402.63,1476,29789897
14094276,dips,9606.23,9402.51,1060,29789895
10938130,Shilostargo,9812.17,9402.03,271,29789890
4072703,riotbz,9788.96,9401.74,363,29789890
11629570,everstagnating,9510.21,9401.64,1872,29789898
10320180,kawaemon,9669.55,9401.52,723,29789893
32241999,Klyeri,9957.4,9401.34,-88,29789886
16678364,Phten02,9392.98,9401.21,2334,29789901
17649736,ecalos,9656.68,9400.92,910,29789893
12798259,mumen rider,9920.44,9400.79,-227,29789887
14756412,Myaroho,9483.05,9400.69,1634,29789899
23919507,nomirago,10041.3,9400.53,-399,29789884
30434616,Sploid,9384.62,9400.35,2225,29789902
3356256,honey,9677.46,9399.78,684,29789893
9942001,KenWayTheGod,10218.7,9399.73,-1332,29789880
13820921,cookie easy,9582.39,9399.16,624,29789896
12917798,s1lent_ven0m,9929.14,9399.03,-401,29789887
15628939,pupipetre,10123.1,9398.96,-1180,29789882
14299935,Miraijk,9977.9,9398.84,-376,29789885
13280804,Arvee,9942.33,9398.83,-268,29789886
5271554,Shomaev1ch,10104.2,9398.62,-623,29789883
11661929,Ruplexer,9852.73,9398.59,-465,29789889
7673608,lfg,10178.1,9398.45,-1253,29789881
8938287,Azzira,9856.22,9398.06,-290,29789888
2390581,funky enough,9660.64,9397.96,628,29789893
11209059,akyito,9961.22,9396.97,-286,29789886
8742225,AngelLupixFan,9492.86,9396.93,1435,29789898
13466442,ImBooshi,10160.6,9396.90,-901,29789881
14471463,Deleted_User401,9869.48,9396.83,222,29789888
12556610,endogz,9653.81,9396.83,820,29789893
34129837,jorchan,10206.2,9396.66,-1507,29789880
17127140,NeztPotato,10165.7,9396.49,-1137,29789881
14714486,shorion,9923.2,9396.25,-98,29789887
20259878,weaks,9823.28,9395.26,-50,29789889
16126087,Kaisuko,10066.9,9395.15,-922,29789883
16739709,Stormix,9901.73,9394.96,-235,29789887
14551370,Specter,9229.72,9394.96,2127,29789906
26405563,GalaxySloth,9547.41,9394.90,1161,29789897
4852557,Lumo,9926.56,9394.52,-521,29789887
21622033,Cangrani,10109.3,9394.25,-679,29789882
23743313,Mcflrry,9417.45,9394.10,1499,29789901
4929497,Lunai,9660.15,9394.06,1097,29789893
4701248,AZN-,9917.61,9393.79,-268,29789887
18984932,aryaoof,10050.7,9393.65,-715,29789884
9744249,-Skills,10197,9393.39,-1072,29789880
23231990,Reymexia,9531.84,9393.11,1346,29789897
15869723,Yuki5,9813.96,9393.06,-122,29789889
9178959,[ Cinoche ],9975.89,9392.49,-570,29789885
11658110,Monim,9795.81,9391.74,-2,29789890
12037673,Fiskpinne783,9827.79,9391.71,69,29789889
3609581,jaswon,9899.29,9391.31,-297,29789887
14109662,Qawsh,10136.7,9390.78,-1048,29789882
12646484,Karo,9033.05,9390.63,3633,29789913
3857985,Yel,9696.09,9390.52,382,29789892
18677587,ZeroTwo_02,10063.3,9389.71,-665,29789883
22668647,FIVE2SNOWBUNNY,9613.59,9389.69,583,29789895
11639139,Rewiin,9868.34,9389.40,-254,29789888
15569777,RaizeGear,9314.13,9389.34,1956,29789904
10999652,JILUNGIE,9544.47,9389.33,633,29789897
2629617,cezgru,9701.22,9389.31,702,29789892
26581944,_Soggy,9661.65,9389.28,-704,29789893
8888951,360,10006.7,9389.16,-796,29789885
6192633,Manu028,9889.64,9388.76,126,29789888
24730930,[-Omni-],10180.9,9388.70,-1349,29789881
13146407,Komodo Dragon,9646.92,9387.81,257,29789894
17734054,ExitDoorOSU,10122.8,9387.55,-851,29789882
13951141,dabman_yeet,9611.81,9387.52,1096,29789895
14019835,UnLuke,9935.54,9387.48,47,29789886
34258995,lostmedia,10049.8,9387.13,-1034,29789884
6602194,gro,9117.5,9386.93,3056,29789910
3395820,Moltenfury,9185.08,9386.62,2677,29789908
11163488,ReQu1337,9956.84,9386.02,-518,29789886
8085558,Serterd,9903.4,9384.89,-308,29789887
9853411,Sorenthy,9352.37,9384.79,2702,29789903
14699839,Unicorn Desu,9467.28,9384.58,1043,29789899
17373073,h1ngetu,10129,9384.05,-1149,29789882
10361007,Arutairu,9468.58,9383.84,1205,29789899
13232288,jomapisa,9658.78,9383.68,760,29789893
27298689,glixh_hunt3r,10104.6,9383.32,-807,29789882
8236176,Kevn,9441.64,9383.13,1822,29789900
6221637,allein,9666.96,9383.09,1115,29789893
27199342,nero1030,9830.47,9382.85,-572,29789889
7518843,DeZpair,9829.57,9382.81,96,29789889
17176614,akiramero1,10078.7,9382.71,-692,29789883
29834531,Sakura Migo,9529.42,9382.62,806,29789897
6231292,VI VII,9167.65,9382.44,3219,29789908
13033598,[Queencard],9921.78,9382.39,-533,29789887
17201929,Ramfie,9654.94,9381.60,135,29789893
12849376,Potato Orbit,9886.11,9381.44,-303,29789888
16039863,grassybat,9573.74,9381.39,-73,29789896
18482228,Splenden,9999.63,9381.24,-633,29789885
6291674,Koodia,10004,9381.00,-381,29789885
6162099,Yeel,9455.83,9380.92,1482,29789899
15527796,yutu,9892.16,9380.52,-591,29789888
18578632,Tenzouille,9955.41,9380.47,-489,29789886
20052432,Silorment,9538.17,9380.40,446,29789897
18182274,16544,9792.55,9380.08,131,29789890
10781075,Arumina_,9760.71,9380.04,464,29789891
4345032,OrangeOctagon,9878.57,9379.09,-73,29789888
26908506,Vaicai,10138.7,9378.88,-1473,29789882
9362704,maum2682,9883.49,9378.62,-126,29789888
12003612,teekq_,10041.5,9378.24,-1214,29789884
10764969,ChivaJam,9968.11,9378.24,-485,29789886
4513243,Trolleubyc,9844.02,9377.40,-375,29789889
32291902,Shamoui,9319.61,9377.33,2137,29789904
7485526,Gwaltosz,9551.63,9376.98,1414,29789897
15307789,Ryxody,9822.63,9376.61,-448,29789889
3664236,sipulijuusto,9524.48,9376.05,978,29789898
10411280,Filipuer,9718.27,9375.88,5,29789892
12748728,styIe,9840.16,9374.59,-432,29789889
9314367,yuiko122,9915.13,9374.56,201,29789887
7554753,-mira,9036.71,9374.23,3197,29789912
10250326,shynzlx,9774.48,9373.15,132,29789891
7103897,Peruna,9706.39,9373.14,722,29789892
18367099,[zeit],10006.2,9373.10,-607,29789885
18534838,Lil Loaded,10060.8,9372.73,-625,29789883
18771567,elis,9998.94,9372.72,-569,29789885
11533999,i_o,9151.03,9372.66,2859,29789909
8939857,ponbot,9609.6,9371.68,851,29789895
14915029,confusion,9347.67,9371.68,1662,29789903
6843383,YoshiLover456,9394.01,9371.48,2067,29789901
17833791,TobiMaster812,10057.5,9371.45,-667,29789884
17150996,Crooked,9905.65,9371.14,-314,29789887
17910867,guhilen,10050.5,9370.97,-866,29789884
21028016,Forstay,9669.01,9370.46,559,29789893
6474149,cuniculusartem,9638.04,9370.33,882,29789894
7054373,c1a0,9899.57,9369.95,-653,29789887
1715977,ArtBlnd,9138.55,9369.93,2938,29789909
11653915,Evgesh_ochka,9673.62,9369.89,633,29789893
4698952,Rayeku,9384.86,9369.88,1913,29789902
4888952,Sayama Kaede,9757.28,9369.18,414,29789891
16141283,PineappleJuice6,9624.29,9368.96,-10,29789894
15540464,carte navigo,9995.42,9368.31,-875,29789885
4423756,Destru,9692.72,9367.95,6,29789892
6064382,sawku,9534.21,9367.93,1236,29789897
17558889,yee001,9907.31,9367.72,-664,29789887
12111038,tisse,9299.15,9367.47,1800,29789904
20481946,Colby,9593.37,9367.28,539,29789895
11336798,_mfy,9698.5,9367.27,838,29789892
11499205,cookiekiller100,9775.47,9367.03,165,29789890
9227012,Gongo,9623.7,9366.92,965,29789894
8401053,Tangela Merkel,9385.27,9366.82,1958,29789902
7277586,Zainy,9770.12,9366.76,16,29789891
10743155,ManuPP,9739.8,9366.74,1049,29789891
12988907,Yamabuki Kasumi,9367.94,9366.71,1770,29789902
9853367,sevu,9221.46,9366.51,1959,29789906
12848188,jeebo,9999.92,9365.89,-630,29789885
13889062,RGRTG,10033.4,9365.30,-710,29789884
9640525,Aayn,9231.47,9364.89,2246,29789906
4025457,McK,9514.68,9363.98,1215,29789898
14550475,Feet12,9824.14,9363.80,273,29789889
7873602,TutriS,9820.76,9363.68,57,29789889
11658236,Setsukue,9925.21,9363.21,-499,29789887
15453279,dopht,9555.11,9362.26,930,29789897
6645815,Myonpasu,9658.2,9361.88,930,29789893
7081478,[GS]Teo,9514.53,9361.75,2199,29789898
13736543,anhtukgt,10015.2,9360.94,-389,29789885
11611550,-----------,9066.33,9360.58,3423,29789911
733878,B e N i,9552.71,9360.07,1222,29789897
21473925,chewn,9782.13,9359.90,-51,29789890
28234504,Snacey,9797.16,9359.69,-89,29789890
14423035,Cheesy,9263.31,9359.47,2033,29789905
7320249,fogsaturate,9617.69,9358.58,568,29789895
18023923,d7om,9753.24,9358.41,6,29789891
26108979,Arirret,9834.58,9357.76,-658,29789889
6178640,MagBlood,9086.88,9357.49,3154,29789911
3074897,Tew,9534.35,9357.45,1927,29789897
11058193,GodKnows,9707.96,9357.41,665,29789892
17645421,Lifiasty,10060.9,9357.28,-743,29789883
17771840,Earnny,9765.64,9356.84,-218,29789891
8894794,adioni,9549.26,9356.80,1508,29789897
16198340,Goryou Nagusa,9628.03,9356.70,686,29789894
3036203,Kano,9263.59,9356.58,2328,29789905
11773245,A_RankEnjoyer,9671.95,9356.17,555,29789893
7671076,QQ More,9793.99,9355.54,209,29789890
4973617,Kastellan,9569.89,9355.28,1619,29789896
10434581,ToastyPuffs,9677.35,9354.90,486,29789893
912627,blednak,9514.75,9354.74,754,29789898
6241302,Hallowa,9931.7,9354.23,-563,29789887
10662216,OtroPelotudoMas,9936.85,9353.91,-211,29789886
21515670,redgumm,10014,9353.86,-536,29789885
10548078,s j m n,9876.79,9353.61,-96,29789888
18248035,Torru,9790.66,9353.60,-94,29789890
7825227,FcEazy,9687.94,9353.56,772,29789893
10792516,Eyeonized,9979.23,9353.15,-602,29789885
16381157,De Arrascaeta,10113,9352.96,-1066,29789882
23379632,shiranai11,9500.74,9352.59,107,29789898
22161251,Amaroq,9904.21,9352.56,-621,29789887
12925812,453jake,10043.3,9351.68,-911,29789884
14264088,Willumina,9615.41,9351.50,893,29789895
8567121,Illuminatrix,9650.99,9351.47,430,29789894
11911615,Crazem,9826.97,9351.25,-312,29789889
24843883,sakamata07,10105.8,9350.58,-1278,29789882
12195391,CMeFly,9696.36,9350.17,64,29789892
17594371,LOLl,9452.69,9349.65,1758,29789900
10862128,n0 body,9206.76,9349.39,1953,29789907
8859799,constellation,9728.27,9349.33,491,29789892
31196215,Jonasen,9970.44,9348.61,-956,29789886
10657485,Applezause,9907.67,9348.39,-203,29789887
10339711,MovingDuck,9824.84,9348.12,192,29789889
2214908,Rekinaja,9436.28,9347.21,1405,29789900
9294554,BlonderDennis,9206.14,9347.17,2491,29789907
17033940,R e z e,9655.26,9346.90,-37,29789893
1978650,Sakurai Momoka,9617.88,9346.86,1360,29789895
8500951,Zixy9,9554.79,9346.67,1307,29789897
21966377,thanksook,9699.9,9346.30,-332,29789892
3972929,Ariizu,9857.84,9346.28,146,29789888
8192004,Y u w a n,9107.31,9346.28,2997,29789910
18015473,Atom_IX,9460.02,9345.59,1950,29789899
16583941,MisonoMika,9104.24,9345.33,2829,29789910
3323638,AllBlue,9649.67,9345.14,450,29789894
19336638,kepz,9508.41,9344.99,1080,29789898
20197457,Nektor,9843.21,9344.70,821,29789889
10710046,Kosetsu,9665.09,9344.46,517,29789893
14580788,Coldern,9987.54,9344.13,-471,29789885
4636461,ur mum,10001.5,9343.82,-926,29789885
14260747,Solk,9970.38,9343.65,-10,29789886
21943128,Tower Of Heaven,9965.73,9343.41,-366,29789886
15841840,Super Freak,9932.5,9343.29,-517,29789887
14303533,Cookize,9914.95,9342.74,-565,29789887
1023420,Commy,9478.25,9342.55,1278,29789899
17669042,Kaizzu,9691.07,9342.21,860,29789892
20763463,NiBiBi,9846.3,9342.18,-121,29789889
16086191,Linkshu1,9684.46,9341.96,604,29789893
24281255,KeinnYuu,10000.8,9341.14,-642,29789885
11781098,Chino Kafuu,9270.59,9340.66,2632,29789905
5082392,- Seen -,9914.62,9340.55,153,29789887
17842518,TjoeTjoewa,9546.62,9340.18,1145,29789897
16061365,YEYHA,9940.98,9339.91,-100,29789886
11557554,Cytusine,9778.73,9339.74,1292,29789890
29407824,Terratome,10083,9339.48,-1199,29789883
27890538,s1Gxyo,9683.04,9339.48,273,29789893
8630257,Kabonkers,9746.54,9339.09,-98,29789891
1506409,Ryieru,9776.08,9339.05,671,29789890
11661627,InkStyles,9507.79,9338.83,751,29789898
15158423,tofuman11,9205.38,9338.35,932,29789907
9917543,sirxxa,9794.14,9338.13,-817,29789890
9604289,ItsLights,9703.95,9337.42,690,29789892
14071070,[Reflection],9552.39,9337.16,912,29789897
17396116,727WYSI,10076.1,9337.14,-790,29789883
13903087,Repxic,9651.06,9337.11,250,29789894
7121520,VladFedot,9565.6,9337.10,1121,29789896
10516575,Itskerry,9546.46,9336.99,903,29789897
20718798,Drmz_,9890.97,9336.97,-688,29789888
9858651,jezzyhands,9863.45,9336.78,-407,29789888
7295276,_Suyong,9203.48,9335.78,2596,29789907
2374880,Ducks,9731.93,9335.65,69,29789892
9760913,AkenoOsu,9674.51,9335.65,123,29789893
13438851,accent,9742.82,9335.54,-253,29789891
14070682,RNG Lord,9780.58,9335.40,-237,29789890
11096890,SIivkiShow,10013.7,9334.93,-163,29789885
11115453,OldBo5,8931.02,9334.26,-587,29789916
9076871,EricTsutola,9030.17,9333.95,3302,29789913
1314251,Suo,9760.92,9333.83,-155,29789891
18526310,skipat,10149.9,9333.75,-1386,29789881
12308923,Sieun,9851.06,9333.12,-176,29789889
13095971,[-Chitoge-],9517.89,9333.11,1305,29789898
18647023,S1rka,9742.33,9332.38,-35,29789891
10341326,Jerp,9818.49,9332.22,100,29789889
11528345,Pekocambing,9515.95,9332.16,776,29789898
15055243,boblow,9968.01,9331.94,453,29789886
29532063,harryartz,9531.97,9331.91,740,29789897
21928232,melystial,9977.17,9331.90,-1167,29789885
371961,serea,9691.56,9331.76,696,29789892
7003644,owoKouoo,9569.24,9331.49,449,29789896
15461531,holub,9634.5,9331.34,1238,29789894
10577222,MakiBlank,9710.73,9331.03,204,29789892
6875638,Merakis,9780.29,9330.59,-410,29789890
16146884,Psywe,9373.34,9330.14,1417,29789902
18227942,Dr Manhattan,9615.27,9330.02,486,29789895
12483050,matttheseal,9787.41,9329.96,22,29789890
5914915,Keziah,9442.96,9329.39,1159,29789900
14758920,MrAlpacus,9743.7,9329.13,100,29789891
10702232,milo Penguin,9195.05,9328.98,2729,29789907
4268823,[ Descrow ],9991.18,9328.77,-522,29789885
3678808,FriendoFox,9343,9328.60,1976,29789903
22530168,-Aozora-,9862.22,9328.42,-690,29789888
8967382,woiester,9180.68,9328.09,1735,29789908
14125461,4us1on,9813.05,9327.98,-418,29789890
28436619,DerKekDesTages,9855.3,9327.88,-535,29789888
33687287,lilylvl,10005.2,9327.68,-1026,29789885
9231496,Gorefear,9802.29,9327.54,-459,29789890
10378405,babyvzzz,9860.33,9327.34,-230,29789888
14563346,Chuckasinbeef,9781.66,9327.23,447,29789890
14486230,Luner,9854.1,9327.19,-505,29789889
8582481,Worldstaar,9763.59,9326.56,377,29789891
14985813,Russ,9930.62,9326.55,-517,29789887
16082609,Ellie_W10,9908.74,9326.37,-900,29789887
11414940,Faeki,9911.97,9326.28,-600,29789887
6978421,- Paimon -,9858.26,9325.09,-432,29789888
15286829,Dawuski,9346.86,9324.99,1802,29789903
31659938,25 FPS,10082.8,9324.94,-839,29789883
7778293,Darkmaster,9433.49,9324.91,1611,29789900
10584713,Rumpowl,9604.81,9324.37,730,29789895
13471187,BlackHorse,10078,9324.17,-1193,29789883
24829756,dakelol07,9986.18,9324.06,-858,29789885
3076325,Nuggel,9706.76,9323.30,504,29789892
13441191,LZRV,10126.9,9323.24,-1492,29789882
22760408,RondoLeTi,9648.56,9323.21,139,29789894
4029593,5fish,9657.88,9323.19,707,29789893
11538640,electrostrike,9662.65,9323.11,755,29789893
2300853,Y o uY o u,9661.39,9322.30,735,29789893
28857632,VesixD,10059.9,9322.22,-669,29789883
15253439,feefoofaafaa123,9974.72,9322.18,-479,29789886
21776622,KLMNAT,9935.01,9321.98,-827,29789886
9984860,Ruvava,9278.5,9321.89,2055,29789905
12174984,Xeetah,9054,9321.77,3085,29789912
19968226,theater,9249.5,9321.50,1985,29789906
9951289,coli,9561.45,9321.42,1046,29789896
12115332,s e n,9967.55,9321.33,-903,29789886
6720784,Yuyuko,9463.31,9321.22,796,29789899
16026044,7oke,9851.4,9321.21,-585,29789889
21391362,Femboy Factory,10011.5,9320.65,-623,29789885
19135340,5c0p3d,10092.1,9320.12,-1128,29789883
10562449,nekosu,9337.72,9320.02,1325,29789903
17817255,Hiqcy,9732.47,9319.89,261,29789892
6327017,MemesicaI,10013.3,9319.87,-807,29789885
15841832,Caleb Williams,9473.06,9319.78,1257,29789899
13703215,darklordko,9877.59,9319.37,-435,29789888
35496240,forsen rwda,9921.86,9318.86,-629,29789887
20563483,Emabu4pf,9588.14,9318.67,894,29789896
20520064,-Milky Tea-,9806.96,9318.61,-74,29789890
12146746,SixDigits,9751.9,9317.26,-146,29789891
16834718,MindFreak,9859.04,9317.24,-581,29789888
28278413,Shiohri,9738.93,9317.07,831,29789891
14686415,ultramanjack,9892.75,9316.93,-439,29789888
12301910,mokumoku-,9320.24,9316.85,529,29789904
9511355,Aethus,9729,9316.36,82,29789892
21598428,BerryoftheYear,9810.66,9315.96,291,29789890
33593499,Kreepy,10020.3,9315.91,-978,29789884
36664939,Allizion,10063.6,9315.50,-1113,29789883
12732913,zwii,9507.57,9315.23,715,29789898
12240441,Lior4ik,9882.47,9314.75,-426,29789888
15434024,Errxr,9647.14,9314.27,487,29789894
9611797,Mocaca,9579.02,9314.21,985,29789896
10001710,tinspoon,9334.02,9314.04,2272,29789903
2246417,trancemegamix,9163.64,9314.01,2694,29789908
10664409,Boolin,8931.24,9313.97,3834,29789916
4174825,Mind,9544.71,9313.30,802,29789897
25598635,veefour,9918.31,9313.10,-891,29789887
9699160,-Chen,9515.17,9312.62,776,29789898
25206996,gantu,9061.58,9312.30,3301,29789912
11002480,MikoNub,10144.1,9312.27,-1107,29789882
14894783,zofto,10025.5,9312.20,-927,29789884
8866683,yiinel,9883.97,9312.19,-699,29789888
14153496,Alexis_xX,10085,9312.06,-824,29789883
31854829,Flick_Head_,9890.02,9311.95,-440,29789888
8644604,jdfs,9561.73,9311.73,406,29789896
7592805,ManhattanCafe,9208.11,9311.17,2163,29789907
14145757,-LP-,10166,9310.99,-880,29789881
13039629,Nemonen,9680.35,9310.96,245,29789893
14371411,Avmeth,9216.77,9310.38,1722,29789907
8111395,EIVO,9876.91,9310.31,-192,29789888
2285207,Crai,9561.33,9310.24,1459,29789896
12280995,RestInSlime,9438.37,9310.16,1318,29789900
26407710,paprunia,9553.56,9310.08,466,29789897
7338038,XFurY,9460.7,9309.92,1482,29789899
11153458,EndmyL,9553.18,9309.26,210,29789897
16363979,Korhyn,9418.63,9309.08,1311,29789901
6374979,apple_muncher4,9786,9308.86,209,29789890
15176638,vanza0204,10080,9308.75,204,29789883
1897445,0203okaT,9601.73,9308.54,964,29789895
13508273,ChengLingSan,9495.66,9308.43,738,29789898
12948001,Weebs Suck,9398.96,9308.22,1368,29789901
31840719,Spang,9680.04,9308.14,565,29789893
17222868,corpus vile,9860.65,9308.07,49,29789888
137441,Rakyero,9612.18,9307.99,902,29789895
12048270,Kaqwi,10052,9307.91,-1057,29789884
12405668,LaGIJay,9581.08,9307.52,-10,29789896
6549455,Kirisakionelove,9792.44,9307.46,-290,29789890
13334570,silver tail,9862,9307.02,-431,29789888
2056493,ShinRunner1st,9892.69,9306.56,-518,29789888
31409153,Aze1025,9577.3,9306.46,1155,29789896
7390726,LaiR,9697.99,9306.32,139,29789892
16030610,zejsember-sama,9833.91,9306.16,-235,29789889
12762020,MiningPie,9753.86,9306.14,98,29789891
8402040,MrXenox,9801.46,9305.79,-135,29789890
2987597,Calamityx7,9529.03,9305.42,1172,29789897
10204835,qera,9525.5,9305.42,-153,29789897
14340694,Cowbird,9879.71,9305.24,-96,29789888
8701669,tt1m,9612.75,9304.99,256,29789895
10918399,kaezen,9842.15,9304.98,-351,29789889
11960249,Seijaru,9690.19,9304.95,504,29789892
6884369,scarlettiramisu,9291.71,9304.66,2755,29789904
10487941,snckx,9704.18,9304.27,134,29789892
7399262,Desumond,9626.09,9304.11,512,29789894
9913021,Deathless,9879.25,9303.73,-124,29789888
11327626,carros tunados,9855.64,9302.97,-411,29789888
25757890,Mazapann,9582.96,9302.95,63,29789896
30324721,Willinity,10035.5,9302.86,-1121,29789884
12740278,Melon-,9486.37,9301.87,746,29789899
11874644,Arqued,9768.89,9301.66,18,29789891
10818834,loucasmitoo,9943.18,9301.09,-728,29789886
6502820,taterater,9384.36,9300.56,2538,29789902
11793976,Minii-nii,9571.04,9300.32,668,29789896
13610444,KirbyTemplar2,9722.43,9300.22,109,29789892
14737026,Swackwocker,9622.59,9299.80,323,29789894
14634323,- CatJAM -,9732.98,9299.73,121,29789892
11560783,SampIe,9991.77,9299.37,-766,29789885
3223044,Skymin,9358.16,9299.16,1445,29789902
13088831,My Angel Nino,8994.66,9298.71,2199,29789914
14310582,xerexuwu,9859.88,9298.63,-254,29789888
11732947,Prawidlowy,9306.55,9298.46,718,29789904
11590645,Tomas Holder,9971.93,9297.42,-892,29789886
18887018,Sausage Roll,10065.1,9297.38,-1195,29789883
20052295,SoonerLater,9898.7,9297.06,-497,29789887
9468744,rixope,9883.78,9296.92,-471,29789888
25512851,[Caveman],9607.48,9296.61,1236,29789895
7295426,KumoCat,9930,9296.45,-354,29789887
13720035,Gygs,9523.18,9296.19,489,29789898
6357144,bjlly,9831.72,9295.75,-68,29789889
732519,ishtar,9752.06,9295.15,-60,29789891
4508048,LaKnox,9701.91,9294.94,554,29789892
6867974,Banh Mi Monster,9775.39,9294.82,-146,29789890
25778339,thighhigh,9612.91,9294.78,1432,29789895
21329966,s o o k y,9776.33,9294.65,-393,29789890
24986129,Z00M,9560.74,9294.12,466,29789896
8070832,Spynx,9897.73,9293.90,-430,29789887
11277726,shibal,9598.45,9293.69,851,29789895
2526649,- Rosemary -,9383.49,9293.61,1137,29789902
1528000,Hisden,9135.74,9293.53,2605,29789909
22954002,LoomIsnt,9884.62,9293.42,-367,29789888
6707903,Pierse,9668.77,9293.42,329,29789893
1463343,Doma Umaru,9081.78,9293.06,2696,29789911
7559996,Plntote,9603.31,9292.87,919,29789895
13836777,RyeNO,9395.99,9292.84,905,29789901
11673536,JDM,9190.59,9292.55,2497,29789907
5039340,Ranked,9743.31,9292.17,101,29789891
10167542,vernonlim,9735.59,9292.10,415,29789891
36173988,D1veva,9787.8,9292.09,-139,29789890
13227631,Fujiwara,9802.49,9292.03,7,29789890
16354840,worst hd player,9635.99,9291.83,267,29789894
4209818,Skyzie,9136.11,9291.69,2585,29789909
8249686,Texyle,9607.18,9291.53,470,29789895
7225553,Ruslan_gamer,9414.25,9291.46,579,29789901
28656112,iscaleburte,10028.6,9291.25,-915,29789884
14175281,Reilia,9951,9290.52,-830,29789886
7223737,Euclid,9401.02,9290.41,1550,29789901
15672460,Galactic Shift,9755.41,9289.94,242,29789891
13698879,Uneedsummalk,9952.22,9289.72,-839,29789886
35557640,SebiHebi,10137.6,9289.13,-830,29789882
15258886,cloudiees,9949.92,9288.82,-1031,29789886
7266178,q1068,9306.18,9288.36,1538,29789904
7700683,Torishimua,9635.33,9287.94,379,29789894
4844496,Conyoh,9528.37,9287.92,1041,29789897
14533605,Ayaneruuu,9701.79,9287.68,315,29789892
6560408,rehalcool12,9459.07,9287.42,741,29789899
4572097,Kathalshame,9129.45,9287.36,2730,29789909
7088349,Kondou-Shinichi,9074.97,9286.94,2988,29789911
5249196,Virgo,9715.29,9286.90,256,29789892
7700831,mitragynine,9283.56,9286.81,2240,29789905
16616938,anton365pro,9895.04,9285.79,-261,29789887
4160714,pmv0211,9436.61,9285.28,778,29789900
12020720,[raz],9529.78,9284.86,718,29789897
17247932,SteIIa,9484.71,9284.60,1069,29789899
15540310,Fangly,9843.81,9284.52,-795,29789889
21438378,Danteero,10023.9,9284.01,-689,29789884
36680216,-Eiju-,9863.99,9283.87,-505,29789888
15355453,waltem,9966.03,9283.67,-738,29789886
10307622,BakmaUtaniyorum,9828.25,9283.55,-523,29789889
17911828,Lopakin,9924.02,9283.48,-41,29789887
6181819,nP9IMo B 6y6eH,9760.25,9283.05,-46,29789891
19423657,KokyoTokyo,9695.62,9282.65,-74,29789892
17513123,Viena,9376.45,9282.05,1334,29789902
10059676,tupoy bezdar,9896.35,9281.98,-87,29789887
10045132,rptl,9418.41,9281.92,483,29789901
3656589,Akane-Yuki,9743.95,9281.85,117,29789891
10447253,Goodie,9319.01,9281.75,1644,29789904
9871764,DestinysX,9786.63,9281.72,62,29789890
7137463,Jazzie,9861.06,9280.94,-425,29789888
35657248,tomar753,10051.7,9280.93,-1392,29789884
21728650,CocayKudasai,9315.54,9280.90,1903,29789904
1790189,nyouso,9182.74,9280.53,2404,29789908
21944272,Le Meger,9659.76,9279.97,-172,29789893
21106330,velikiy_slepoy,9875.39,9279.66,-439,29789888
5676259,steini,9363.38,9279.25,1620,29789902
6362553,Syre,9900.99,9278.98,-706,29789887
23725173,RickN300,9843.62,9278.89,-178,29789889
6607046,cubathorium,9894.99,9278.59,-564,29789887
10598763,fonze,9829.15,9278.59,-785,29789889
10903878,Sunda,9622.16,9278.20,513,29789894
19791176,AJasonT,9642.86,9278.00,81,29789894
11752167,fiyo,9627.02,9277.56,535,29789894
14633543,xShinitai,9433.3,9277.35,1476,29789900
8725585,Muetze,9669.8,9277.21,444,29789893
13506368,MyAim60FPS,9672.91,9277.10,-60,29789893
17100559,sdkim1223,9704.1,9276.98,-195,29789892
5887647,LilDoc,9224.93,9276.88,2135,29789906
14445292,__-,9498.17,9276.82,1817,29789898
1118341,Jonimay,9203.61,9276.37,2156,29789907
12674517,Fayar,9368.13,9276.20,1689,29789902
12757585,jiyeck,9839.75,9276.15,-197,29789889
18358918,kexhii,9978.05,9275.29,-671,29789885
16147771,XeptioN,9949.99,9274.11,-667,29789886
18655444,Mooyangon,9947.9,9273.93,-668,29789886
7434538,Zephow,9896.08,9273.88,-619,29789887
8549898,Jevex,9791.96,9273.75,-78,29789890
3353314,Skitzor,9524.34,9273.64,670,29789898
15169389,Fewze,9824.6,9273.62,-406,29789889
1661517,Van Darkholme,9545.22,9273.46,217,29789897
31325331,sangwoo,10033.1,9272.90,-1446,29789884
13361670,vames,9788.2,9272.79,-458,29789890
10564410,_extrapotato,9927.84,9271.96,-636,29789887
17174971,shuzei,9761.78,9271.80,-234,29789891
13805181,henq,9685.68,9271.14,-23,29789893
13604256,Konetto,9118.68,9271.08,2171,29789910
11522826,Kenta1000,9545.93,9271.07,566,29789897
3100799,LDerpy,9591.29,9271.03,430,29789895
9538536,udon337,9281.88,9270.89,1720,29789905
15312830,Zenox,9731.15,9270.43,233,29789892
10746769,Matach,9990.67,9270.35,-1105,29789885
15465923,nc5,9873.81,9269.97,-604,29789888
4342947,NANJO UMINEKO,9790.55,9269.84,-290,29789890
2070822,W3SON,9476.08,9269.67,1559,29789899
18480942,llchargell,10093.1,9269.61,-1150,29789883
23293113,evadorDI,9850.84,9269.43,-529,29789889
21025834,Xo s,9697.04,9269.16,244,29789892
11736285,euniz,9080.05,9268.55,3314,29789911
12360211,Caitywolfy,9554.24,9268.46,421,29789897
15578115,rassl,9584.67,9267.86,493,29789896
23082655,RainerD,9850.91,9267.81,-512,29789889
16299020,rokay,9676.81,9267.11,-1099,29789893
13232188,MrAKY,9822.09,9267.02,-558,29789889
13647769,ZoiBear,9742.87,9266.99,-162,29789891
2245807,PudiPudi,9073.34,9266.83,1428,29789911
11373528,Samsmas,9014.94,9266.77,2649,29789913
22215309,DM FOR MUTUAL,9769.79,9266.62,-329,29789891
12729123,TheMaster37,9736.69,9266.62,-244,29789891
5366898,2003max,9762.73,9266.55,777,29789891
18728357,WinfoStona,9846.63,9266.10,-236,29789889
4584973,Akariin,9278.23,9265.78,1284,29789905
21266355,Aim Control,9671.1,9265.59,169,29789893
6035803,himuy3,9110.51,9265.42,2864,29789910
7587015,d-_-b,9419.08,9265.34,1516,29789901
2488457,fripSide,9523.71,9265.28,668,29789898
10688946,-Yuumi-,9956.47,9264.97,-885,29789886
3144030,Mukou Aoi,9629.39,9264.86,287,29789894
8460976,DESERTEZ,9737.19,9264.67,-371,29789891
4531953,Kaguya_1096,9478.76,9264.63,899,29789899
32359811,marill,9645.86,9264.24,348,29789894
11545721,FragHop,9906.75,9264.08,-870,29789887
2331960,Sekiz,9385.39,9263.93,1633,29789902
7573708,Armpits,9720.89,9263.90,-163,29789892
16323346,Pad Tie,9767.75,9263.66,-761,29789891
10586042,- Shadou -,9588.32,9263.18,625,29789896
10204412,Sqlslammer_LV,9571.4,9263.16,465,29789896
9468278,harve,9837.77,9263.02,-751,29789889
16201107,hivno,9209.85,9262.91,1745,29789907
14202931,Keiko,9797.64,9262.79,-201,29789890
12517079,Cygni,9789.9,9262.62,-310,29789890
10080990,Falco,9009.8,9262.49,2163,29789913
18570691,Lightwaves,9916.17,9262.44,-912,29789887
10986865,zakolasty,9621.17,9261.94,422,29789894
16669841,amni sd,9775.56,9261.75,-35,29789890
1770700,Reimu-,9340.02,9260.52,1636,29789903
11950713,JimmyD3,9964.58,9260.42,-797,29789886
32095858,SillyU_U,9777.27,9260.16,-311,29789890
13525805,Hivan111,9574.56,9259.55,605,29789896
20745442,Stoochi,9923.93,9259.10,-384,29789887
686093,renoxz,9350.79,9258.93,1976,29789903
17112478,Moxytone,9113.2,9258.61,2721,29789910
15389158,Segmentum,9369.58,9258.58,853,29789902
6311630,Tuttelli,9572.31,9258.56,653,29789896
10069181,TenIdiotZTelky,9645.16,9258.22,254,29789894
5334278,Retoree,9331.92,9257.89,1485,29789903
6084216,foqu,9424.66,9257.83,1236,29789900
14576174,ice spice,9606.88,9257.76,98,29789895
33866060,Antrol,9883.14,9257.04,-781,29789888
16512269,Tsukimoon,9843.14,9257.04,-650,29789889
15442452,mvzxw2,10053.5,9257.01,-1022,29789884
17842988,hikAru,9869.04,9256.89,-601,29789888
15389223,aniii,9734.12,9255.92,148,29789891
11100809,Koga,9510.26,9255.75,436,29789898
24339238,Spookslol,10036.7,9255.01,-1312,29789884
16335316,imtiredfromthis,9421.9,9254.54,1131,29789901
10651409,enslow,9488.91,9254.12,327,29789899
10458474,TuRou,9629.05,9254.05,189,29789894
2881250,Amaiyun,9289.14,9253.55,1832,29789905
13721303,briek,9480.68,9253.12,926,29789899
12899427,WillofIzuku,9671.88,9252.94,3,29789893
19991521,Rolf Roland,9459.71,9252.68,903,29789899
12956010,Laksha,9941.06,9252.64,-901,29789886
18339367,nistr_X,9678.25,9252.53,-16,29789893
8112433,sleeping_24-7,9225.94,9252.22,2068,29789906
11484485,Mori Calliope,9509.77,9252.19,1029,29789898
11741181,iiSticky,9657.98,9252.07,300,29789893
7726332,xOverElemenTx,9443.45,9251.88,1223,29789900
13711167,BeatVortex,9807.59,9251.76,-193,29789890
18667176,_eternal,9929.44,9251.70,-605,29789887
12629257,-keitaro-,9633.22,9251.25,211,29789894
25619222,hzl,9305.8,9251.15,1649,29789904
6094923,MoguNeko,9760.14,9250.98,100,29789891
16813632,Pearlmini,9642.6,9250.88,-101,29789894
11869775,Lazygantengz,9361.41,9250.44,1198,29789902
9127990,santtuli,9126.77,9250.37,2134,29789909
5033017,Sanctus,9112.91,9250.37,894,29789910
23618685,WorstDTFarmer,9784.09,9250.06,-697,29789890
7476333,phillyi,9528.14,9250.00,805,29789897
24938642,cloaty,9575.82,9249.53,782,29789896
6736010,Adarchi,9660.8,9249.06,66,29789893
11415099,Delou,9925,9248.83,-906,29789887
17896085,RiceballUwU,9628.47,9248.78,101,29789894
18592783,fierypollollo,9863.29,9248.71,-842,29789888
22364261,subzoomer,9841.14,9248.69,-460,29789889
13141032,Chipperonio,9781.24,9248.60,-532,29789890
9464550,Danie,9823.56,9248.26,-231,29789889
22456031,Some1IsHere,9334.47,9248.15,872,29789903
14833205,-Shadxw-,9761.44,9247.94,121,29789891
4167909,ByMio115,9548.17,9247.60,606,29789897
12261210,fausion,9581.95,9246.88,370,29789896
11421465,Verxina,9394.07,9246.44,1382,29789901
14397646,fl1ppo,9628.13,9246.17,252,29789894
1426098,Pansparce,9126.6,9246.08,1698,29789909
17615928,Ezhurr,9306.76,9245.91,1952,29789904
15185740,leolovesharem69,9485.18,9245.28,15,29789899
19101401,Cowlord23,9636.65,9244.74,-29,29789894
3991596,Demon,9787.6,9244.61,-695,29789890
9861159,Winter Empress,9212.03,9244.50,2254,29789907
18207504,pamonya,9843.32,9244.48,-1264,29789889
1974797,Lemaire,9564.99,9243.97,664,29789896
14490034,FaZe_Terry,9440.71,9243.82,750,29789900
10988034,BoastfulToast,9638.87,9243.59,83,29789894
11157083,I N E R O,9502.71,9243.58,381,29789898
22572813,bzue,10006,9243.28,-1176,29789885
33128459,pollitodeje,9603.65,9242.81,-179,29789895
2044444,Fanty,9632.09,9242.78,318,29789894
5737841,Saint,9512.11,9242.50,379,29789898
33692626,3eleHuy 4ai,9906.42,9242.29,-340,29789887
14387847,MyAngelBoshyMan,9465.06,9242.23,667,29789899
5454621,Fearu,9695.48,9242.04,-243,29789892
20705501,NikiPi,9271.45,9241.98,1178,29789905
4018753,IcyIce,9691.19,9241.92,166,29789892
10538842,danielq987,9446.68,9241.79,707,29789900
5603995,-frederica,9492.46,9241.66,701,29789898
6484757,JUZO,9696,9241.64,560,29789892
6886572,Fox Stevenson,9754.45,9241.43,-503,29789891
11032889,tsMassaharu,9738.09,9241.39,99,29789891
2061789,Jura,9415.01,9241.26,937,29789901
32998874,RTX 3090,9742.99,9240.65,-3,29789891
6530347,SodaBunny,9479.5,9240.55,-1,29789899
9110306,Wafan_X,9436.95,9240.40,805,29789900
12745191,Avisar,9456.16,9240.21,218,29789899
17246841,MarkoXDDD,9518.14,9239.90,155,29789898
25560917,Siquaal,9865.72,9239.74,-707,29789888
3157538,Remzy,9836.5,9239.63,-748,29789889
19040596,TSM L9 ALTERCAT,9763.78,9239.62,-287,29789891
17498488,CrasmiK,9771.26,9239.29,-331,29789891
14959895,my angel vikala,9662.58,9239.28,90,29789893
10162727,meru106,9380.08,9239.23,1758,29789902
12688277,ChiefCFL,9293.8,9239.03,1271,29789904
18465148,invy,9587.27,9238.94,328,29789896
5711537,ClickZX,9761.7,9238.58,-611,29789891
10685608,stealfth,9047.29,9238.51,3066,29789912
20198397,Colgate Enjoyer,9401.8,9238.00,1128,29789901
8182322,Flaring,9310.45,9238.00,1663,29789904
8762031,Clovers,9159.51,9237.44,2299,29789908
15900234,weiner sauce,9581.78,9236.63,72,29789896
7863657,kurume,9375.63,9236.55,1168,29789902
9913519,EVA 1802,9919.32,9236.46,-756,29789887
16576862,thatdog,10016.6,9236.29,-1209,29789884
6803646,ur Shawty,9104.03,9236.11,2977,29789910
35992563,Chocolatte223,9969.56,9236.06,-952,29789886
8212609,-Akihi,9356.33,9235.96,670,29789902
23900335,yochik,9924.1,9235.78,-1260,29789887
12294651,Tinymcrib,9698.88,9235.57,-595,29789892
2921265,- BLiTz -,9532.71,9235.31,837,29789897
13318606,Ginger Gum,9668.08,9235.14,-125,29789893
12742221,Celybi,9479.69,9234.78,792,29789899
14058126,JustLuigi,9955.98,9234.65,148,29789886
19065346,Siul,9789.6,9233.77,-404,29789890
13487722,minnjae,9563.04,9233.32,212,29789896
14276172,Lacroix,9719.06,9233.31,-421,29789892
8175874,-CutiePatootie,9770.27,9233.25,-364,29789891
17346897,y9nami,9577.67,9233.24,-79,29789896
15268671,Arycsun,9951.95,9233.19,-867,29789886
13925852,brandwagen,9486.27,9232.97,559,29789899
7697513,RNG Gamer,9810.9,9232.82,-712,29789890
6711894,chengEn-_-,9750.25,9232.53,5,29789891
12255386,raeyem,9683.34,9232.33,158,29789893
12495302,Marshies,9726.58,9232.25,-559,29789892
18071589,price231,9798.57,9232.19,-481,29789890
4812274,Plate,9224.17,9231.46,1888,29789906
12486748,[Stellar],9654.07,9231.44,0,29789893
16492414,Sneaky Golem,9885.12,9231.37,-634,29789888
4404162,Rexastral,9592.41,9231.19,821,29789895
13827317,Shiratori-P,9792.76,9231.10,-438,29789890
5167225,[-Ascended-],9738.7,9231.01,-156,29789891
16561695,KatFood,9462.48,9230.69,1047,29789899
14662378,sub mommy,10017,9230.19,-1101,29789884
21751255,holyfxckyahtzee,10055.5,9229.77,-1438,29789884
15779299,kaeIl,9732.37,9229.33,-219,29789892
9680008,_Sira,9870,9229.24,-866,29789888
22973790,Vappy,9762.46,9228.04,-455,29789891
14271536,DSB,10011,9227.70,-1175,29789885
12743021,Nerujikan,9415.08,9227.69,1667,29789901
33883684,skazy,9816.6,9226.98,-806,29789889
11298128,Invade,9546.99,9226.79,37,29789897
14231406,apllehero,10075.9,9226.59,-1244,29789883
13873778,ChrisGamez10,9855.89,9226.46,-585,29789888
19124556,duckpaw,9794.41,9226.44,-401,29789890
17480417,mood1,9850.64,9225.96,-588,29789889
17404281,Grumty,9730.52,9225.48,628,29789892
22477658,jumpsuit,9542.56,9225.33,580,29789897
29130975,Magicck,9811.81,9225.22,-566,29789890
11041057,HolaComoEstas,9258.1,9225.21,889,29789905
29316100,OweQ1337,10007.4,9225.08,-1169,29789885
19365471,kotoko,9442.68,9225.06,1058,29789900
14930976,amane,9560.9,9224.58,-48,29789896
13636069,cTaPbIu_6or,9749.82,9224.18,-509,29789891
18201069,Grand Blue,9613.03,9223.88,-67,29789895
9118680,Jamie Wright,9282.91,9223.48,1493,29789905
13636778,argyle_nz,9525.9,9223.36,371,29789897
2197761,Kanwa,9629.19,9223.32,817,29789894
24598724,dora112827,9836.86,9223.04,-557,29789889
15896813,kurenhua,9440.33,9222.95,180,29789900
9708920,Livo4,9845.49,9222.23,-118,29789889
23630574,Duckbadger,9590.76,9222.00,236,29789895
14177677,whatsoever,9767.08,9221.94,-29,29789891
13491903,meridia,9135.63,9221.57,2101,29789909
14176685,EbenezerTadussy,9656.11,9221.38,-217,29789893
11199892,Evamare,9563.63,9220.80,718,29789896
14060579,RiSe,9820.84,9220.58,-788,29789889
33921615,AAAAAA967,9917.84,9220.45,-884,29789887
11142471,Tiler,9268.33,9220.43,1869,29789905
21671766,kuroo_00,9173.7,9219.89,2191,29789908
14825189,trujello,9162.38,9219.15,2354,29789908
4956254,- Luminous -,9566.53,9219.01,338,29789896
32023174,glass beach fan,9972.7,9218.37,-1151,29789886
5570153,Unknowhn,9604.55,9218.31,-268,29789895
4926661,mikocon,9554.91,9218.18,331,29789897
10169572,Boricua,9796.25,9217.94,-304,29789890
12884453,kurowe,9576.39,9217.75,-220,29789896
6305384,[ gloomy ],9404.03,9217.64,730,29789901
15721285,tomatomofoo,9850.51,9217.44,-296,29789889
3786620,Pickxarro,9488.3,9216.71,348,29789899
4349974,BlueCrystal004,9704.77,9216.55,-85,29789892
2055184,Gwelawyr,9303.31,9216.14,1546,29789904
10339839,xydzina,9802.83,9216.02,-765,29789890
26357728,CelestiaKT,9238.83,9215.75,1846,29789906
9649779,Dadawn,9583.53,9215.67,160,29789896
3318668,Fayth,9681.11,9215.58,-178,29789893
8385864,My Angel Inanis,9785.68,9215.22,532,29789890
11329084,i like stars,9503.06,9215.21,570,29789898
2567768,iMinimal,9249.34,9214.61,1852,29789906
11969864,Hirumi,9854.35,9212.92,-893,29789889
15665844,Steve1697,9827.02,9212.91,-350,29789889
28863535,Yurency,9824.52,9212.37,-582,29789889
18583447,Tytek,9649.36,9212.24,-89,29789894
31342745,reamy08,9967.29,9211.69,-1131,29789886
11968254,Mashisu,9507.87,9210.88,548,29789898
29234079,Poweranti,9410.2,9210.78,114,29789901
15778908,Spektrem,9782.77,9210.77,-651,29789890
4607960,_Inumaki,9615.82,9210.62,54,29789895
10589691,njk_,9709.67,9210.46,-435,29789892
13678178,-Firee,9502.2,9210.44,488,29789898
12008951,BoatGoesBinted,9869.31,9210.37,-663,29789888
19852242,AceNihBos,9729.82,9210.34,-104,29789892
15241550,-Venomous-,9391.23,9209.86,741,29789901
16157871,UngGxtt,9525.61,9209.85,407,29789897
3189514,CoLouRed GlaZeE,9296.58,9209.72,1289,29789904
11577269,kerfli,9903.76,9209.16,-541,29789887
2365927,Repo,9338.52,9209.16,1711,29789903
18139230,Doener69,9566.12,9208.84,106,29789896
19075236,tTnTt,9958.79,9208.56,-864,29789886
5340127,Xilent,9873.63,9208.47,-987,29789888
17509809,-Sayuri,9256.46,9208.46,2268,29789905
10180267,ImaHax3r,9757.02,9208.39,-610,29789891
18206710,morals,9720.65,9207.93,-466,29789892
9850616,Zizian,9790.19,9207.70,-902,29789890
12057206,Sonicrun,9825.03,9207.19,-664,29789889
10951418,Sayoko,9881.66,9207.11,-1034,29789888
5126607,KnocksFruit,9582.08,9206.85,549,29789896
2636740,TVisionz,9627.13,9206.62,189,29789894
11216806,Calli Enjoyer,9508.14,9206.35,415,29789898
34120365,pNode,9717.61,9205.74,-478,29789892
9230456,Choko,9827.5,9205.67,-583,29789889
15408674,Rimoro,9189.65,9204.60,1922,29789908
16918052,IStringer,9317.28,9204.37,908,29789904
11056319,AkagiShinji,9988.57,9204.32,-1189,29789885
19137913,pOtAtOe_jOoStIN,9877.23,9204.11,-832,29789888
10881601,Amaret,9627.37,9204.11,156,29789894
10742637,Alexite,9731.64,9204.06,-922,29789892
11845756,LegendzGaming7,9251.95,9202.89,1347,29789906
2977954,Tim Scam,9403.29,9202.77,1199,29789901
7936917,Uzuru,9439.39,9202.32,944,29789900
16111315,BigBillyboy,9983.47,9201.59,-1233,29789885
13311997,Kotori Minami,9918.14,9201.36,-1212,29789887
6767144,-Jajamaru-,9519.58,9201.21,1089,29789898
18101161,mold,9774.04,9200.64,-461,29789891
9472195,Darknn,9589.37,9200.57,-113,29789895
19997289,Extr0T,9679.17,9200.35,-44,29789893
5085278,Alticia,9286.23,9199.91,1612,29789905
2073320,Tpee,9546.78,9199.73,738,29789897
13830664,lShion,9382.7,9199.64,1013,29789902
13016153,BloomPls,9758.23,9199.18,-263,29789891
14869220,Vyxico,9173.87,9198.99,1852,29789908
33748469,BErzukai,9733.77,9198.61,135,29789891
17069951,Mochio1,9625.35,9198.24,222,29789894
20659954,turbo86lol,9493.22,9197.90,649,29789898
23970963,RVWi,9704.57,9197.87,-353,29789892
8007913,TwistPlay,9541.17,9197.60,464,29789897
25400348,Malinwa,9878.23,9197.43,-569,29789888
18175218,Rum1a,9444.04,9197.40,1001,29789900
6830173,[Foxu],9364.53,9197.27,1102,29789902
2688103,IOException,9410.55,9197.18,856,29789901
16097762,NotSavox,9117.72,9196.53,2564,29789910
29995636,wenotyy,9541.63,9196.48,611,29789897
6472877,Buffalo,9283.06,9196.06,2220,29789905
18804679,Recxzy,9959.43,9195.76,-1038,29789886
8185366,Best459,9008.53,9195.52,1839,29789913
8701962,-MAH-,9736.95,9195.18,-125,29789891
18901419,ilypvc,9068.55,9195.16,1733,29789911
15116422,[Alea],9669.6,9194.90,-125,29789893
14291338,kroissant,9860.92,9194.63,-863,29789888
11176082,KuroBongo,9255.42,9194.06,1958,29789906
15139660,Sunbun03,9841.67,9193.80,-1007,29789889
24960526,Twa,9956.97,9193.47,-1230,29789886
9009969,Amuamn,9593.58,9193.20,711,29789895
11413912,his puppy,9035.48,9192.92,2494,29789912
34162346,dysmenorrhea,9884.2,9192.87,-712,29789888
21974861,NInjaJardineiro,9675.71,9192.73,-1009,29789893
16658220,JeffGamingYT,9743.12,9192.53,-451,29789891
6048741,fujger,9100.39,9192.51,1871,29789910
10961594,Daszeq23,9952.61,9192.21,-369,29789886
14904167,Cmdyn,9632.85,9192.14,-30,29789894
13229402,Suiseiseka,9625.26,9192.13,585,29789894
21150322,watermelo,9748.94,9192.04,-661,29789891
21053137,Shenshlong,9942.66,9191.75,-1341,29789886
2069974,Yukino Miko,9242.11,9190.67,1895,29789906
26486873,Choco001,9082.19,9190.50,2210,29789911
27874862,CookieCoro,9399.51,9190.44,754,29789901
31447957,Hazzzy,9892.1,9190.37,-1168,29789888
16897976,Forklift Driver,9867.85,9190.03,-1340,29789888
3173129,Iksinski,9894.69,9189.13,-1103,29789887
13497648,Devicted,9770.95,9188.98,-502,29789891
3755451,4mpy,9488.8,9188.84,1028,29789899
14505253,Czosnus,9872.63,9188.57,-925,29789888
8690059,ninjack789,9675.09,9188.28,203,29789893
10748243,indear,9812.58,9187.53,-444,29789890
16128723,domas2210,9915.42,9187.33,-973,29789887
14786497,DarSad,9942.79,9186.92,-1020,29789886
3759453,Swiftah,9472.94,9186.76,287,29789899
11941688,Alyna,9761.1,9186.50,-193,29789891
11439592,plank,9882.26,9185.77,-862,29789888
13791953,-Chubby-,9285,9185.44,1622,29789905
6778864,mega boob,9331.18,9185.36,1697,29789903
14391105,MeowXDDD,9701.43,9185.22,-316,29789892
4636341,CookiS,9511.36,9185.17,1005,29789898
11310782,rom btw,9583.1,9185.05,-51,29789896
10411007,s1j,9935.76,9184.92,-974,29789886
23987171,Deashc,9937.89,9184.23,-1153,29789886
9097783,Bingus,9264.27,9183.84,837,29789905
16985212,Andr3e,9504.31,9183.80,230,29789898
12639125,creedin,9793.02,9183.48,-567,29789890
13833149,ThizuliScissors,9752.94,9183.02,-423,29789891
6367247,chungis,9199.07,9183.00,2331,29789907
26239177,isac_l,9911.67,9182.61,-914,29789887
14842966,Bright pain,9645.49,9182.37,-318,29789894
16353998,Arman,9585.78,9182.35,867,29789896
29101077,SIZVRU,9644.76,9182.08,-601,29789894
7127521,lynchrya3,9727.77,9182.04,101,29789892
15305659,electrokien,9236.94,9181.95,1797,29789906
14215009,meowrz,9643.07,9181.90,-250,29789894
30173724,ylxka,9734.41,9181.54,-1282,29789891
10590812,jihoonn,9711.12,9181.11,-251,29789892
14086779,cosuichi,9698.13,9180.79,-445,29789892
11186287,neekofi,9679.6,9180.71,-442,29789893
14232220,ekeyyyyyy,9391.78,9180.49,604,29789901
13708496,Pita Griffin,9804.65,9180.32,-981,29789890
20594928,pusaf,9648.21,9179.74,94,29789894
10634465,Dayno,9449.61,9179.20,805,29789900
11842233,kykyrik25,9753.39,9178.89,-510,29789891
6114874,__Death__,9622.37,9178.04,-445,29789894
17545448,refi_,9665.35,9178.01,-797,29789893
16052525,Geag,9171.37,9177.69,1662,29789908
8608508,Lamonia,9890.89,9176.88,-930,29789888
11044056,RediysLV,9791.18,9176.57,-577,29789890
20444733,-derek_CCY-,9967.04,9176.44,-1266,29789886
7083079,SoraRyow,8971.1,9176.40,2459,29789915
6519697,Teddyness,9934.61,9176.25,-1166,29789886
12127031,Everent,9646.56,9176.04,-371,29789894
4163524,Dear Leader,9255.31,9175.87,1871,29789906
6815861,Etellero,9772.96,9175.84,-213,29789891
19137524,Epicswag2012,9336.89,9175.59,1474,29789903
36300882,denjo_0,9853.09,9175.33,-853,29789889
15516059,ProjectGreat,9680.91,9175.29,-277,29789893
10187466,Mshary,9714.92,9175.21,-704,29789892
11095252,true villain,9795.9,9174.66,-504,29789890
10823166,Sunikiri,9646.69,9174.54,-80,29789894
4736936,argila,9521.55,9174.36,148,29789898
14982200,Richart,9457.71,9174.27,839,29789899
9842054,MyAngelHayoka_h,9819.18,9174.21,-796,29789889
13568350,Cvnt,9795.16,9173.83,-494,29789890
8509062,Abyss-,9687.77,9173.54,-314,29789893
10622387,Closure,9143.37,9173.49,2372,29789909
7866510,neophobia,9619.12,9173.05,-526,29789895
13268805,Adamxd,9206.44,9173.04,1727,29789907
36976453,Fey19,9746.9,9172.79,-920,29789891
19385395,NaberMudur,9838.89,9172.75,-914,29789889
33871732,catfood283,9817.25,9172.67,-477,29789889
14534410,Wishender,9389.83,9172.65,1053,29789901
12639290,MyAngel428,9351.56,9172.62,817,29789903
2748328,Kaian,9628.63,9171.94,-110,29789894
3989493,Sebayop,9586.84,9171.64,1025,29789896
32340649,Bruno231,10012.6,9171.48,-1105,29789885
15711164,Vlauz,9220.64,9170.86,1058,29789907
10384410,Samzzz-,9120.02,9170.82,611,29789910
19914599,Stepa001,9852.29,9170.75,-960,29789889
13054613,FsTGr,9878.69,9170.53,-855,29789888
13934128,Circle Consumer,9337.48,9170.28,1217,29789903
11170839,berb,9697.26,9170.26,-170,29789892
21317470,Berdzhart,9607.81,9170.01,124,29789895
4366239,ITwistNipples,9484.3,9169.76,822,29789899
27120005,samochud,9776.17,9169.18,-990,29789890
22840552,lala3131331,9229.1,9168.58,1129,29789906
6993804,NEET Alice,9704.87,9168.22,-198,29789892
1756476,-Garrick,8930.3,9168.22,2318,29789916
12483293,twotabby,8993.28,9168.09,2762,29789914
12655961,aza,9464.26,9167.93,-566,29789899
13720956,_NUMBER,9431.68,9167.72,953,29789900
22664651,35870901,9380.97,9167.06,701,29789902
16262815,Kevinx,9390.94,9166.81,190,29789901
16814347,NanoShinra,9552.05,9166.32,151,29789897
8029129,spikeESP,9587.45,9166.31,19,29789896
31921237,NiwaAio,9508.85,9165.72,-407,29789898
20592084,yuno134,9742.1,9164.68,-873,29789891
14582737,Desmond823,9675.5,9164.41,-205,29789893
18535928,DooDooDoesTheDo,9768.76,9164.03,-411,29789891
23355424,Saftpackung,9823.49,9164.00,-870,29789889
12763134,timing,9029.2,9163.97,1936,29789913
9239673,pseh,9136.38,9163.81,2301,29789909
8537726,zytieck,9598.29,9163.03,-353,29789895
5937545,Kirinagi,9562.99,9162.91,-14,29789896
19458231,Suletta,9734.23,9162.72,-814,29789891
16178777,enzoliu,9817.48,9162.02,-784,29789889
23743938,derzko,9729.63,9161.99,-439,29789892
5751823,Lammy-,9263.72,9161.98,1081,29789905
13789758,heartfelt,9723.84,9161.89,-138,29789892
22006011,KoffeeJelly,9439.33,9161.76,666,29789900
16671468,worsthrtplayer,9744.22,9161.71,-897,29789891
17142856,Ayano Tateyama,9535.66,9160.18,320,29789897
15111904,sheluvlando_3,9678.91,9159.55,-103,29789893
19499782,New York,9574.5,9159.46,-53,29789896
15875363,AMERIKA_SOSAT,9408.35,9159.35,800,29789901
19239785,fishnets,9191.68,9159.16,1832,29789907
24896190,Swapp,9624.07,9158.11,-38,29789894
7021053,-Shiro,9360.68,9157.51,929,29789902
11609301,_byte,9681.39,9156.99,-351,29789893
14646275,Sparr0w_JP,9746.41,9156.55,-525,29789891
19970192,saragi,9799.73,9156.28,-889,29789890
11875751,Zerevil,9650.78,9155.99,-133,29789894
12233374,mikenoobz_old,9569.46,9155.51,-125,29789896
3238869,Emnesty,9504.45,9155.45,233,29789898
12757170,maciejk2,9434.34,9155.20,680,29789900
17045442,Argarflo,9040.99,9155.15,2662,29789912
10927454,Shijie,9326.75,9154.85,888,29789903
9255388,heros,9592.64,9154.78,-8,29789895
18241484,Zeli,9781.16,9154.53,-669,29789890
8874210,Kiipuri,9335.11,9154.16,1449,29789903
4365203,gejutel,9219.12,9154.12,1998,29789907
24279105,shoop,9717.8,9153.90,-633,29789892
18641379,Medge,9761.9,9153.44,-1110,29789891
9194363,hanabee,9679.7,9153.43,-23,29789893
18331923,NikkoXLR8,8954.5,9153.09,2707,29789915
30153975,zanoza,9773.98,9152.92,-948,29789891
10375258,oxeie,9971.32,9152.82,-1285,29789886
16385820,Sebas_Hiac3,9557.17,9152.60,155,29789896
20704748,bingus zingus,9597.23,9152.59,-189,29789895
17241883,ExiaXD,9495.53,9152.58,556,29789898
19777159,faisal,9890.75,9152.40,-907,29789888
6123603,NomNom,9683.72,9152.10,-143,29789893
7050137,kTN,9560.81,9152.10,185,29789896
20087330,Fragocir,9776.99,9151.98,-621,29789890
1708517,Suwanicoco,9186.45,9151.68,2637,29789908
7348744,CeIine,9529.12,9151.42,191,29789897
32047662,fat yencis,9577.24,9151.38,-335,29789896
20022992,bakota,9850.02,9151.05,-1024,29789889
4382935,ramilek,9641.82,9150.86,566,29789894
13053467,Xd-JsJ,9840.04,9150.70,-899,29789889
7755450,imp G,9479.99,9149.78,400,29789899
2263344,Feraza,9254.73,9149.77,1572,29789906
9669947,tomatohung,9552.85,9149.23,319,29789897
6918298,Clivery_V,9166.96,9149.22,1358,29789908
9868108,yxie,9488.2,9149.12,570,29789899
11054021,JiU,9548.78,9147.53,46,29789897
9883156,lefrutit228,9094.25,9146.74,2878,29789911
21033373,TROmega,9438.77,9146.59,1098,29789900
2760880,Demyst1fy,9276.13,9146.54,1106,29789905
8987234,Kyaringan,9478.66,9146.27,96,29789899
5639069,Ksnone,9452.85,9145.56,623,29789900
12356252,cyberbunny3,9591.02,9145.29,190,29789895
6392075,[Crz]howardong,9236.76,9145.18,1523,29789906
19085972,-Kiwi,9816.16,9144.78,-654,29789889
13720351,Mecha,9143.12,9144.36,2530,29789909
38741600,RiceBubbles,9609.29,9144.07,-452,29789895
6501946,doug145,9411.02,9142.84,233,29789901
21400578,Cqt-,9445.22,9142.51,236,29789900
15538439,Sunnys1de-up,9480.75,9142.06,548,29789899
9697624,t ony,9694.88,9141.98,-355,29789892
17263026,ToXc-juangamer6,9217.98,9141.65,1317,29789907
7110363,Hououin Kyouma,9419.87,9141.62,528,29789901
15503173,Mogstation,9590.97,9141.44,-154,29789895
34297917,unhappykana,9570.29,9141.40,-196,29789896
10487020,Fractured,9332.54,9141.13,2081,29789903
4261853,Chal,9319.37,9140.75,927,29789904
3367476,Knd,9304.15,9140.51,1458,29789904
15619575,Zemsi,8977.31,9140.08,2536,29789914
12203587,179F,9043.51,9139.99,2738,29789912
17130549,I have brain,9497.28,9139.80,298,29789898
20276205,eqs,9480.2,9139.65,-508,29789899
21840138,folkiepoo,9535.49,9139.38,208,29789897
24452657,Zume,9853.34,9139.31,-1054,29789889
19943836,Myokou Rysei,9540.3,9139.29,202,29789897
16502415,nikulix,9684.82,9139.19,-566,29789893
15140484,HighBypass,9826.82,9138.69,-527,29789889
14183344,RoVnDaskE,9499.29,9138.27,64,29789898
8192038,dogdog,9428.44,9138.13,424,29789900
8191845,Stage,9309.73,9138.01,1503,29789904
12844931,Apoxe,9456.25,9138.00,-172,29789899
11311195,Naxtu,9591.56,9137.41,-122,29789895
5237025,Momoko Mizumi,9140.28,9137.27,1876,29789909
9800533,MovingExplosive,9540.03,9137.16,-59,29789897
13991003,_Sn34ky,8940.03,9136.96,2571,29789916
11907594,legsomile,9416.23,9136.61,441,29789901
30986946,oregue,9087.03,9136.41,2163,29789911
4917604,FRY,9356.1,9136.30,1215,29789903
17763864,Hide on osu,9902.23,9136.17,-1167,29789887
12854690,KioRio,9821.79,9135.98,-640,29789889
6288951,Imakward,9614.24,9135.98,16,29789895
11385223,Phae,9390.85,9135.68,516,29789901
14401167,cvcvcvcvcvcv,9181.37,9135.44,2030,29789908
16089185,Nxtcho,9716.98,9134.88,-343,29789892
10382319,BurningFlare,9238.3,9134.59,988,29789906
10591806,mojobojo,9648.79,9134.54,-93,29789894
17468224,squidha,9689.59,9134.33,-561,29789892
10374819,im cute,9812.28,9134.30,-584,29789890
20577414,replica,9550.18,9134.20,94,29789897
10592794,Ha-ru,9787.35,9133.51,-983,29789890
11290817,quellcom,9586.38,9133.45,-1104,29789896
13808735,Shuvii,9368.4,9133.45,394,29789902
11466354,DMuTPo,9389.04,9133.29,559,29789902
6433474,KortezR,9648.65,9133.17,-118,29789894
16213778,Seikoku,9692.19,9133.13,-102,29789892
14293652,AThree,8961.98,9132.50,2066,29789915
13618372,Vaiski,9538,9132.43,-145,29789897
19951508,zitn,9720.79,9132.41,-656,29789892
4866665,[ Mystic ],9416.13,9132.36,960,29789901
20175235,Spacently,9846.23,9131.85,-742,29789889
14141788,METKIY_STRELOK,9828.82,9131.72,-968,29789889
12994366,ChickenLegPiece,9805.71,9131.63,-717,29789890
3297678,wlkkk,9086.46,9131.53,2186,29789911
11930496,marclor,8951.04,9131.17,1842,29789915
12675707,RyanTux,9565.28,9131.02,-166,29789896
5718989,xX_MusicMan_Xx,9488.45,9131.00,483,29789899
17227303,ShadyCat,10042.9,9130.85,-1194,29789884
13732315,leobuu,9723.15,9130.84,-420,29789892
36841965,anpaaan11,9587.91,9130.08,-252,29789896
32721490,yuki21780,9842.23,9129.92,-1147,29789889
14445904,acidtripwire,9849.41,9129.75,-975,29789889
24467917,ezlmaowdad,9818.25,9129.57,-808,29789889
35312168,Grapely,9826.3,9129.18,-1204,29789889
19205020,Akimoto,9496.79,9129.03,735,29789898
11234975,MRB,9577.07,9127.85,-89,29789896
11172033,Leehi,9202.08,9127.69,1574,29789907
12707042,Raike RK,9763.91,9127.12,-845,29789891
10276552,Pchelka Maya,9694.26,9127.10,-165,29789892
13494610,ElectuS,9372.89,9127.10,684,29789902
32752691,arisezx,9822.18,9127.07,-831,29789889
11019719,FlakeTheFlake,9652.37,9127.05,158,29789893
10187706,Aumix,9854.62,9126.61,-1206,29789888
11007852,Poof,9097.85,9125.79,2261,29789910
9229001,Genovan,9309.97,9125.63,1295,29789904
14201832,KataVin,9400.31,9125.36,196,29789901
17644296,Lem0nyFarts,9330.92,9125.29,840,29789903
5568835,Slay_conceit,9125.94,9125.26,1599,29789909
19358755,Nikbon1,9520.36,9125.04,-149,29789898
17011262,arik meow,9947.09,9124.97,-1375,29789886
18745529,Finnchy,9668.35,9124.84,-213,29789893
20268335,bento box,9681.66,9124.82,183,29789893
10317644,DHPB,9486.43,9124.60,-1,29789899
17363777,angel devil,9708.04,9124.51,-497,29789892
4706466,Darkk,9501.55,9124.48,459,29789898
10913142,- Tealy -,9613.27,9124.33,-238,29789895
11611833,whiity,9564.87,9124.01,508,29789896
9726980,undefined,9342.75,9123.56,662,29789903
13099371,Luffuu_,9676.28,9123.54,80,29789893
4986310,I Emma I,9593.87,9122.94,-55,29789895
12556701,ceeb,9672.48,9122.22,-188,29789893
4418390,HeartNo,9608.93,9122.11,50,29789895
31129671,naru,9248.03,9121.49,1259,29789906
7579125,ChickenWings,9252.8,9121.41,1968,29789906
9066838,AndrewRK,8943.35,9121.31,2694,29789916
7442201,Probably Drunk,9066.67,9121.28,2331,29789911
13554804,euro,8953.8,9120.72,2544,29789915
1040250,[ Erina ],9466.67,9120.45,470,29789899
12525631,[Slow-Aim],9688.53,9120.39,-122,29789893
34867437,paundze,9872.46,9120.38,-1163,29789888
9828031,Josanity46,9838.79,9119.35,-955,29789889
22403998,whispe,9796.97,9119.07,-905,29789890
12390222,dyrecoz,9649.49,9119.02,119,29789894
14565778,LilyNoice,9685.11,9118.97,-1008,29789893
4522883,Kratoz,9359.5,9118.68,647,29789902
3181332,Psyical,9601.07,9118.55,-16,29789895
13266250,LesnoyBOBR,9700.88,9118.47,-553,29789892
3932190,Aikyuu-Chan,9473.5,9118.27,446,29789899
22923550,Sap-San,9859.44,9118.12,-1085,29789888
19715191,Alfit,9843.91,9117.80,-951,29789889
6996926,Makise Kurisu,9622.65,9117.78,-299,29789894
11655694,SenpaiWolf,9272.84,9117.78,1199,29789905
17606315,k u y o,9544.85,9117.26,274,29789897
30374398,shevy1661,9863.67,9117.03,-1147,29789888
26834578,MortenvdG,9602.92,9116.83,377,29789895
12736205,sapporo,9533.12,9116.48,43,29789897
10472893,Katsushige,9591.35,9116.29,-105,29789895
13264832,Zeus3n,9336.09,9115.89,225,29789903
14638476,Hakaro,9558.07,9115.64,-1092,29789896
18750748,Shogeki,9489.54,9115.52,479,29789899
20087811,Jolly Ranchers,9311.05,9115.29,1541,29789904
33123352,[SHK]SendanLove,9557.6,9114.95,-103,29789896
14744835,szwedowskii,9746.6,9114.62,-283,29789891
3275468,Boppin,9552.17,9114.55,612,29789897
10339653,oi9k,9175.55,9113.69,1103,29789908
24552735,RealRandoGuy,9909.55,9113.54,-1283,29789887
13078476,riku,9596.73,9113.20,421,29789895
4056694,Marcin DziDT,9538.98,9113.19,712,29789897
15620983,finwah,9087.39,9112.98,1204,29789911
12787153,munik,9726.32,9112.57,-965,29789892
35586588,zafiro_anejo,9850.23,9112.44,-1054,29789889
8975476,my names cam,9508.55,9111.86,12,29789898
22038805,Katze04,9747.12,9111.68,-837,29789891
11687585,kukoyoshi,9584.61,9111.67,-346,29789896
8440203,Yeocha,9562.34,9111.47,-217,29789896
17269268,OhSchatz,9630.23,9111.03,157,29789894
1625740,benjacala,9161.06,9110.85,1872,29789908
13958882,zStormk19,9543.26,9110.72,558,29789897
14418185,artikz_kanaeru,9698.75,9110.38,-444,29789892
6560983,mrpepu181,9495.59,9109.76,546,29789898
17370899,Rio Tsukatsuki,9511.46,9109.39,360,29789898
7246313,H4xer,9742.56,9109.16,-744,29789891
20979011,sunny bunny,9119.23,9109.03,1377,29789910
14666725,Sirek,9130.95,9108.66,1800,29789909
15184116,Jogher,9956.75,9108.54,-216,29789886
17781224,ExileWeirdo,9497.17,9108.40,-339,29789898
28210295,Djemovampire,9902.28,9108.20,-1219,29789887
11476991,DrPogoface,9575.93,9107.93,-78,29789896
11429069,hzprosto,9491.42,9107.75,711,29789898
12221176,ScoldeS,9234.24,9107.59,1509,29789906
16865045,zKrytiqs,9629.64,9107.52,-223,29789894
12508668,Gregorijus,9922.86,9107.46,-1484,29789887
7716455,Remilie,9615.11,9107.05,-177,29789895
14972367,MyAccSucks,9591.71,9106.78,49,29789895
10666049,Dyrhoi,9195.26,9106.48,1525,29789907
25472197,laszup,9722.22,9106.36,-870,29789892
14281204,palosireeni,9854.93,9106.24,-886,29789888
11884028,Omores,9617.62,9106.21,-65,29789895
6648590,TheDerpJason,9530.01,9105.99,-47,29789897
12744303,SleepyAniki,9572.97,9105.27,-193,29789896
2651038,Chaltier0,9528.26,9105.09,351,29789897
6384120,Hlnt,9660.89,9105.02,32,29789893
24657559,tan-X,9642.35,9104.83,-1115,29789894
9129785,Tech Deck,9612.12,9104.54,-362,29789895
21525713,6lvl,9756.71,9104.18,-681,29789891
36523440,davetheslave,9233.27,9103.50,-755,29789906
14797104,Nat Geo Wild,9609.97,9103.28,60,29789895
11730796,IDan24,9405.28,9103.20,770,29789901
17750778,kden,9638.18,9103.18,-607,29789894
10415491,Amasugi,9395.5,9103.10,543,29789901
16357870,john_paypal,9769.42,9103.05,-935,29789891
21486736,irvin0123,9784.97,9103.00,-956,29789890
14797218,Swaks,9675.79,9102.80,-248,29789893
12446099,Bananamagic77,9675.19,9102.28,-556,29789893
12837403,aastrobit,9481.59,9101.94,457,29789899
9479117,Userfound,9823.9,9101.66,-1193,29789889
6284304,Hakurae,9476.28,9101.36,526,29789899
34248512,XLORI,9427.52,9101.36,487,29789900
18272294,Lee Yum,9481.12,9100.83,242,29789899
10418857,Froushen,9488.98,9100.36,-188,29789899
9924079,Ayanami,9486.18,9100.35,-480,29789899
17048351,Manny Pacquiao,10212.4,9099.99,-254,29789880
10994817,m0etra,9794.89,9099.83,-1169,29789890
33758098,Nazarethiel,9707.63,9098.90,-202,29789892
14286944,Azealia Banks,9262.78,9098.28,1328,29789905
10310637,_DKSouls,9639.02,9098.25,-239,29789894
16001294,MaZe Quania,9493.54,9097.94,-863,29789898
18389558,Kyori_,9192.29,9097.92,1652,29789907
11481297,XxSpeedDemonxX,9662.4,9097.86,-475,29789893
11900543,LIama,9524.09,9097.79,9,29789898
25536460,noun123z,9876.59,9097.72,-1286,29789888
18265237,tuii1,9622.49,9097.29,-92,29789894
14104256,CasualHexagons,9644.5,9096.93,-247,29789894
10401195,Cerun,9564.16,9096.93,-213,29789896
8815368,Mogeko,9573.65,9096.87,-563,29789896
17064582,Phledgematic,9485.9,9096.74,-174,29789899
10306246,TheBaboucheOMG,9240.72,9096.72,1288,29789906
11748176,FeeZe123,9740.09,9096.67,-649,29789891
26290207,thom,9401.4,9096.52,-286,29789901
13619674,esuki-,9512.02,9096.36,47,29789898
25315485,JuKimrui,9686.01,9095.93,-260,29789893
9523625,Leavinq,9442.39,9095.54,967,29789900
23318599,tenzyu,9747.82,9095.32,-781,29789891
16952304,joulphgm,9458.25,9095.09,980,29789899
19078041,whizers,9771.05,9094.82,-800,29789891
16709379,yuutsu,9469.13,9094.13,-584,29789899
29964122,keki4ek,9663.57,9092.58,-149,29789893
21638224,InsanityStonks,9628.19,9092.50,-553,29789894
6643511,tplc,9199.28,9092.07,1308,29789907
23633892,Tedeer,9382.36,9090.85,431,29789902
15536224,TheUYGovernment,9268.81,9090.29,1173,29789905
19494789,noskaia,9572.83,9090.11,463,29789896
28415525,John Osu,9418.7,9090.05,447,29789901
23109316,Dlgits,9265.94,9089.79,871,29789905
7631151,Sosty,9325.66,9089.72,665,29789903
6053012,Luisiho,9361.02,9089.70,877,29789902
35054605,Leon_Frost,9703.1,9089.10,-664,29789892
18793279,Yoexer,9764.3,9088.64,-700,29789891
12442240,Himegamiii,9590.69,9088.63,-485,29789895
8474414,innocentmercy,8974.97,9088.42,1592,29789914
21703185,aetrna 2,9492.26,9088.21,1142,29789898
4050895,Paracelsus,9240.92,9087.99,1171,29789906
31689078,Izira,9917.7,9087.78,-1339,29789887
6440344,Lehendre,9309.15,9087.56,613,29789904
25883550,Rthr,9211.2,9087.51,1485,29789907
19584481,[verty],9595.93,9087.45,-132,29789895
8278228,MaN1aK,9773.31,9087.29,-978,29789891
3974292,blourgh,9416.73,9087.23,480,29789901
12047601,xMatrix382,9651.54,9087.13,-131,29789894
10819777,TohruW,9317.8,9086.99,828,29789904
14244244,Mikel330,9564.67,9086.92,-140,29789896
19322368,kilermafia13,9910.52,9086.60,-1033,29789887
28393465,zzxLLL,9595.26,9086.45,-334,29789895
6546933,Shachi,9217.18,9086.42,1367,29789907
13056171,skytorex22,9602.68,9086.39,-354,29789895
2474015,Capu,9446.34,9085.94,-67,29789900
30801012,Tw1zen,9531.18,9085.76,-840,29789897
8869526,Memesical,9221.22,9085.31,1211,29789906
5920715,2rdiodul,9179.11,9084.89,1620,29789908
17828939,Evrazija,9263.05,9084.56,1024,29789905
16838191,lenasailer,9490.05,9084.37,-156,29789899
14868762,Fooz,9907.56,9084.13,-1345,29789887
22091566,andfly,9595.59,9083.87,53,29789895
14051836,telehops,8973.88,9082.70,2254,29789914
8430661,alex11,9540.95,9082.64,-349,29789897
10214301,pjoter_,9606.76,9082.44,-338,29789895
8492399,Skyfox,9505.44,9082.23,54,29789898
10366379,Yamato-,9529.89,9082.22,113,29789897
11558542,Tyrol,9900.78,9081.88,-1155,29789887
6884491,Nitricity,9677.59,9081.87,-500,29789893
19389362,ptenchikt,9308.71,9081.45,924,29789904
17208202,Sositauwu,9550.55,9081.39,-1257,29789897
3660531,Mafham,9076.05,9081.16,1970,29789911
10772501,CarrotOverdoze,9661.97,9081.09,289,29789893
14098844,Spoooth,9422.3,9081.07,82,29789900
6689058,Yanterko,9510.59,9080.46,518,29789898
14858796,quackedbyme,9533.79,9080.22,-480,29789897
16853398,-ozi,9800.17,9080.11,-1155,29789890
2779077,Jayson Tatum,9686.3,9080.01,-800,29789893
15793734,APTEM,9232.61,9079.49,1019,29789906
27483211,Alamacabra,9364.13,9079.41,799,29789902
13693205,alone---,9384.27,9079.34,782,29789902
12276904,Sewar,9441.29,9079.17,475,29789900
3363171,abinsan,9274.31,9078.88,818,29789905
17806260,CLIQUEURDZ_54,9628.39,9078.81,-702,29789894
1872496,Meg,9260.43,9078.56,895,29789905
21880433,cutie patootie,9493.64,9078.42,-50,29789898
10135005,Duzel,9729.54,9077.75,-714,29789892
14048853,WhiteKat,9541.92,9077.70,-35,29789897
30911644,d1zzz3l99,9487.92,9077.51,-303,29789899
19326652,echo_4,9758.13,9077.30,-784,29789891
11137266,18870,9295.14,9077.05,1013,29789904
13533824,Spooon,9518.99,9076.97,-143,29789898
8660919,uume,9654.38,9076.72,-419,29789893
19279756,Orc,9387.28,9076.60,486,29789902
9456611,microwave brick,9583.02,9076.32,505,29789896
11676008,Mikesh,9505.98,9076.23,-144,29789898
13559409,Machii,9640.95,9076.11,-564,29789894
9466301,aziril,9886.55,9076.00,-1305,29789888
17831368,Rainres,9173.29,9075.88,1428,29789908
11699693,Mikie,9710.08,9075.80,-766,29789892
7761851,Croaa,9196.61,9075.47,918,29789907
13024773,_Saucy,9534.28,9075.17,674,29789897
3104031,LOOOOOOOOOOOOL,9415.89,9075.15,336,29789901
9396365,-Reiko-,9435.89,9074.82,124,29789900
7917864,GamesElmo,9489.26,9074.59,225,29789899
16735585,tempestDouble,9224.83,9074.37,837,29789906
7615505,Akakuro,9223.46,9074.27,1727,29789906
6446707,KykyOsu,9693.87,9074.23,-637,29789892
5978907,Ezipie,9417.01,9074.09,852,29789901
7110213,badfranky-,9324.27,9072.82,642,29789903
12258196,[MG]_Principe,8963,9072.77,2247,29789915
21320291,Olivier,9840.67,9072.71,-1133,29789889
14807443,Supermattia03,9609.13,9072.54,-322,29789895
20738918,Buffyy,9506.9,9072.53,-42,29789898
14135953,CatPlayer,9439.15,9072.17,124,29789900
6643845,NutmegMercury,9395.39,9071.52,748,29789901
20407136,xomatiger,9631.05,9071.47,-488,29789894
17680067,Okruszek7274,9776.83,9071.46,-922,29789890
17040826,Matrix403_old,9799.93,9070.89,-1086,29789890
7342098,Jason,9516.31,9070.32,141,29789898
15048056,shirojiro26,9726.45,9070.23,-815,29789892
12838744,Malver,9715.63,9070.05,-639,29789892
13620235,demmo_aim,9257.25,9070.02,1313,29789905
11465138,qugut,9286.89,9069.60,1036,29789905
4990193,Dragonmob,9469.57,9069.56,605,29789899
7419384,ch3w,9152.69,9069.50,1400,29789909
12701845,turki,9676.7,9069.26,-506,29789893
12356670,Drakalis,9751.52,9069.24,-887,29789891
6813377,EsRiku,9550,9068.79,-177,29789897
18386498,TitioProerd,9047.62,9068.64,1797,29789912
11621976,Racers03,9422.72,9068.43,347,29789900
10630390,MilkyChocolate,9583.8,9068.38,-289,29789896
10971401,Sus__,9665.25,9068.31,-787,29789893
30606247,Mulg,9499.2,9068.22,211,29789898
15298338,Fentos,9239.49,9067.94,327,29789906
5151607,bevzun,9071.14,9067.92,121,29789911
17213860,Lukas,9757.62,9067.83,-1271,29789891
35563393,ILoveUmineko,9491.86,9067.08,-137,29789898
5380583,Ice Poseidon Cx,8990.72,9066.94,2630,29789914
8903870,Paper Bouquet,9579.96,9066.65,-401,29789896
26736890,AwesomeGamer,9496.89,9066.31,129,29789898
9422405,Swonkles,9350.38,9065.87,679,29789903
11788489,im a weabo,9172.97,9065.67,1190,29789908
24574728,trreee,9509.12,9065.49,246,29789898
11816680,Kozy,9320.06,9065.09,318,29789904
11404096,Lewakas on osu,9470.65,9065.06,471,29789899
15001283,jurr,9568.91,9064.88,408,29789896
9895886,Milhouse,9549.01,9064.43,-487,29789897
11048553,_nishi,9576.3,9064.18,-573,29789896
3533706,Enju-chan,9550.25,9064.18,-25,29789897
7984929,nUKA,9416.41,9063.91,241,29789901
9057373,seby,9064.8,9063.43,1981,29789911
30560658,LatteCoffeyok,9629.77,9063.33,-309,29789894
18507655,hayuza,9663.04,9062.77,-570,29789893
7047332,Sucralosa,9017.07,9062.68,1466,29789913
16265440,Vlad_Killer1337,9557.3,9062.54,86,29789896
15655488,FFyto,9316.74,9062.53,502,29789904
11645092,DrakoJ,9167.22,9062.37,1248,29789908
12695805,sadd228,9684.24,9062.25,-751,29789893
34790095,sikorsky_h5,9816.35,9061.99,-1170,29789889
10827667,O4U,9586.19,9061.58,-456,29789896
18878871,Mr0Shad0w,9201.88,9060.92,739,29789907
7037315,NameAcht,9368.77,9060.33,496,29789902
4682813,[Romanos],9370.58,9058.75,721,29789902
11390687,d1fe,9800.38,9058.72,-863,29789890
15060707,Snivy_,9588.9,9058.59,-614,29789895
7883781,Morivilance,9104.12,9058.53,1712,29789910
17687091,caqopuTT,9600.14,9058.47,13,29789895
8509562,ocularr,9257.04,9058.30,1273,29789905
10816179,ChupaChups,9025.42,9058.27,1774,29789913
17396386,Dzejkop,9701.29,9058.10,-768,29789892
27869229,SHUTAF,9500.09,9058.06,268,29789898
8468894,L1uska,9375.22,9057.96,618,29789902
6992183,frq,9394.43,9057.36,910,29789901
12897921,woooori,9584.76,9057.32,-294,29789896
14696393,yuanun,9263.14,9057.28,1000,29789905
15831342,TTpembep,9307.35,9056.87,1099,29789904
17845632,Midget03,9282.47,9056.86,806,29789905
14959896,LeEnte,9714.64,9056.51,-671,29789892
1820694,yumea,9110.9,9056.18,1580,29789910
31849308,MIELEC,9553.99,9055.95,-179,29789897
6566765,SteffoST,9508.29,9055.57,247,29789898
19064380,Gallal,9738.46,9054.69,-908,29789891
4015927,Senjougahara H,9552.99,9054.32,-75,29789897
12286201,100 gecs,9339.45,9053.56,73,29789903
16250524,finell,9686.76,9053.42,-923,29789893
8320857,meowing,9476.65,9053.21,-108,29789899
10407363,Speedplayer178,9714.19,9052.25,-957,29789892
29578617,Ashysmh,9612.98,9052.04,-641,29789895
13981456,Fallen_HK,9169.66,9051.78,1552,29789908
5196679,Marceline,9597.31,9051.74,-72,29789895
18462551,ScribnamiCode,9441.95,9051.60,281,29789900
11370425,mrow,9343.06,9051.53,652,29789903
13020756,nasubede,9035.14,9051.24,1791,29789912
16539397,- Amber -,9694.33,9050.89,-651,29789892
23402273,CandyShi,9281.17,9050.75,1226,29789905
5142816,PuddingRuru,9206.56,9050.64,900,29789907
12210732,Flamiras,9429.4,9050.41,367,29789900
10078209,Kachulu,9176.04,9050.24,1359,29789908
9088428,catria,9205.52,9049.84,1107,29789907
12537109,Antique,9443.3,9048.36,-152,29789900
9076648,ok bro lol,9400.22,9048.11,467,29789901
10122365,-Mayumi,9513.12,9047.68,134,29789898
19154333,liquid nitrogen,9659.02,9046.20,-603,29789893
9088099,6alant,9335.27,9046.10,612,29789903
6513376,Chaos248,9555.17,9046.08,-48,29789897
11088645,yame_,9589.59,9045.32,-1163,29789895
14009099,Yushii,9428.39,9044.91,-563,29789900
2657537,Ruchika,9201.34,9043.90,1030,29789907
13907096,Communified,9234.81,9043.77,1331,29789906
24731259,Miiyuki,9652.11,9043.70,-907,29789893
12656803,rust5982,9536.65,9043.37,-69,29789897
12117146,Katixiya,9287.42,9043.25,119,29789905
30154769,kooperr,9682.88,9043.02,-359,29789893
10660282,Yoani,9540.51,9042.88,-74,29789897
16008885,NewbieFirst,9334.94,9042.88,531,29789903
24071806,Sourced,9323.29,9042.65,714,29789904
9368653,gomaez,9610.44,9042.55,-428,29789895
13806452,Kirey,9643.61,9042.36,-467,29789894
9104162,Sguzaki,9115.38,9042.36,1098,29789910
45444,Eriror,9276.31,9042.27,1027,29789905
19270238,Cizzyyyy,9186.56,9042.23,1567,29789908
6320855,-n4,8958.21,9041.87,1886,29789915
10471780,Aonestr,9409.42,9041.51,-257,29789901
14443835,[Cat Girl],9351.67,9040.91,1041,29789903
4200090,Frostcage,9347.01,9040.82,318,29789903
14596406,TT87,9496.04,9040.79,282,29789898
4054429,Madozito,9300.53,9040.70,519,29789904
8292670,RONIEXGOD,9340.67,9040.14,766,29789903
23895085,okshay,9110.1,9040.08,-262,29789910
12473841,dundamdun,9524.82,9039.85,-278,29789897
7015008,Fireburner,9279.51,9039.74,1113,29789905
23629406,xDavid06,9584.13,9039.67,-773,29789896
13845312,Aeshma,9424.5,9039.66,195,29789900
16348811,PepegaDio,9301.94,9039.46,1057,29789904
34654247,knaa,9744.39,9039.45,-1085,29789891
8694291,sushifierce,9266.47,9039.35,612,29789905
16799706,idiota,9770.85,9038.99,-1111,29789891
14948784,mhum,9713.23,9038.70,-836,29789892
16716351,Natrixx,9713.5,9038.64,-1237,29789892
4192805,RedLight748,9257.48,9038.30,380,29789905
12860807,Voxel,9803.91,9038.11,-863,29789890
16405158,nursilly,9567.07,9037.98,-360,29789896
25017115,Suntorne,9535.06,9037.97,-174,29789897
12152083,AR11Fobia,9393.06,9037.59,-69,29789901
4333521,jenzu123,9389.94,9037.48,304,29789901
6799864,Twil,9639.29,9037.42,-569,29789894
16742890,Icy3534,9620.18,9036.65,-580,29789894
22238229,ASecretCube,9438.54,9036.01,70,29789900
13027891,joeshiesty,9159.71,9036.01,1249,29789908
10217673,Michlic,9610.37,9035.75,-668,29789895
10553321,luukas,9506.66,9035.03,-569,29789898
9674143,Defex,9080.14,9034.33,2200,29789911
17190084,[Nakiri Ayame],9542.1,9034.16,-314,29789897
35392144,Mole2,9705.62,9034.10,-973,29789892
19161909,Arhythmix,9302.8,9033.81,433,29789904
6379623,Grewor,9471.47,9033.68,-161,29789899
32448556,theALX,9754.69,9033.55,-885,29789891
5982133,Code e77,9184.36,9033.45,566,29789908
19921271,Kiriya18,9491.59,9033.00,-204,29789898
7294315,Flabby-chan,9393.43,9032.89,1099,29789901
8661388,KosekiBijou,9596.24,9031.76,-851,29789895
7440644,-Slasher,9447.36,9031.76,14,29789900
15838971,Jude-,9580.95,9031.62,-576,29789896
13117348,Rez,9116.79,9031.60,626,29789910
13968040,Torche5,9829.78,9031.34,-1144,29789889
12212214,1 miss,9340.29,9030.82,84,29789903
501943,Beleth,9174.92,9030.59,1069,29789908
16273289,Boerb,9501.29,9030.30,-70,29789898
7641945,Kantai,9172.22,9030.30,1393,29789908
16544907,Zentes,9585.48,9030.11,-707,29789896
6753313,oreteero,9631.8,9029.83,-252,29789894
6177591,ALWAYSWANNACRY,9477.69,9029.65,6,29789899
9943278,frillume,9055.2,9029.23,-404,29789912
12589113,GreenySama,9649.61,9029.19,-495,29789894
20266294,Sunreact,9482.01,9029.15,-107,29789899
10194124,big fart,9606.13,9028.76,-537,29789895
17467899,Qumania,9271.19,9028.63,1055,29789905
18144851,thebigmeloon,9563.32,9028.24,-630,29789896
25142025,Stren,9634.24,9027.57,-939,29789894
13344402,Radial,9238,9027.00,477,29789906
19759215,Sfp,9295.9,9026.88,727,29789904
13826244,aiyern,9053.16,9026.84,1278,29789912
4789163,moggie,9136.84,9026.58,942,29789909
8549102,Padwith,9181.92,9026.57,1029,29789908
7109269,Zoont,9426.21,9026.32,368,29789900
6921505,Gohansel,9290.98,9025.94,1113,29789904
4798100,Sjizu,9420.42,9025.81,730,29789901
4121535,001thefish,9154.94,9025.79,1063,29789909
23638593,Slowpoke1585,9472.46,9025.64,34,29789899
10222152,rofling,9798.94,9025.50,-1113,29789890
3364526,Redmoss,9328.14,9025.14,612,29789903
23219229,FarBn,9596.53,9025.00,-786,29789895
13951894,steisha,9265.72,9024.97,955,29789905
7920434,YuNaHiTo,9394.7,9024.55,276,29789901
15758568,Motomiya Chiaki,9481.8,9024.53,-330,29789899
22918430,nxvia,9305.19,9024.53,68,29789904
7159920,plumerihne,9347.81,9024.40,1111,29789903
6568505,kaimuu,9401.14,9024.35,135,29789901
10943094,Creamez,9737.27,9024.29,-80,29789891
9383377,Snowpoint,9470.48,9024.15,-44,29789899
8654162,Stormu,9579.45,9023.47,-137,29789896
33873869,ANETT,9370.37,9023.35,418,29789902
15409679,ReNoX,9601.22,9022.88,-538,29789895
1026006,Uru Feneshisu,9160.03,9022.46,1007,29789908
8343827,_ajsem,9657.8,9022.37,-854,29789893
23922359,poison tree,9537.57,9022.25,-550,29789897
19995259,Dex0tr1x,9720.52,9021.88,-1199,29789892
9115905,Eqquinox,9006.23,9021.86,1889,29789913
7215309,Flashy,9483.67,9021.11,-111,29789899
1749413,CK_Yuki,9080.98,9020.90,1575,29789911
13903685,nxtgn,9573.79,9020.65,-577,29789896
4050740,Trizept,9352.28,9020.63,391,29789903
10839467,ELBBANG,9641.91,9020.45,-725,29789894
9921688,den4ik_ytpro,9711.96,9019.76,-755,29789892
1600281,Nicokarl,9053.74,9019.42,2297,29789912
18629448,shmormg,9800.7,9019.11,-1328,29789890
10627478,i_love_catgirls,9325.16,9018.81,498,29789903
23302470,PhuGGWP,9646.48,9018.72,-691,29789894
22475910,impasta,9447.67,9018.62,-329,29789900
17683654,CLN-727,9396.37,9018.28,368,29789901
5607931,Diegod,9498.65,9017.98,-178,29789898
18456881,iTimothy_,9467.81,9017.72,246,29789899
7672254,SharCookie,9142.23,9017.04,802,29789909
17283628,Ikkyu,9393.24,9016.62,628,29789901
14925459,Yaksefu,9454.07,9016.58,-357,29789900
29721227,Beanue,9113.77,9016.32,1690,29789910
11599395,BALL 3D,9261.56,9016.31,844,29789905
16019274,Jacobwo4,9385.61,9015.49,1,29789902
11681563,_Danielle_,9318.68,9015.43,234,29789904
11033979,hiddensucks,9132.12,9015.38,1126,29789909
3787685,Siros,9378.75,9015.24,593,29789902
7051163,OskaRRRitoS,9068.9,9015.12,2195,29789911
16838519,BGJV,9484.57,9015.05,-632,29789899
30613851,Wtold,9814.39,9014.94,-1305,29789889
10220343,Fuvell,9539.33,9014.88,-215,29789897
4183988,Zxcy,9406.11,9014.79,283,29789901
16611580,Kylic,9572.03,9014.20,-246,29789896
10949503,Hazuki Sendai,9118.35,9014.03,917,29789910
10687016,ChaikaMax,9461,9013.33,-276,29789899
5138633,n0treZ,9642.96,9012.79,-893,29789894
16050547,Jupun__,9449.74,9012.66,27,29789900
10586516,Bruticle,9511.31,9011.97,-139,29789898
17768564,yevha,9506.19,9011.96,-493,29789898
22262791,mjwbecome,9357.49,9011.39,332,29789902
13876510,Ncho,9530.92,9010.92,-240,29789897
11716902,yqleong,9461.4,9010.84,-68,29789899
17275147,River5567,9663.62,9010.48,-1003,29789893
19318393,Pillowey,9356.57,9010.46,236,29789902
16345536,[Dalbee],9648.37,9010.18,-913,29789894
10094819,Stay Gold,9617.25,9010.06,-661,29789895
23228112,yomiyori,9288.46,9010.02,422,29789905
14493310,Choast,9361.85,9009.68,15,29789902
11830743,n0rd1961,9726.18,9009.58,-892,29789892
12133877,Aphraxx,9568.46,9009.53,-642,29789896
11913663,Carbine64,9195.74,9009.47,1034,29789907
12903844,Gabriel9K,9609.85,9009.39,-557,29789895
15665114,7ed,9469.88,9008.74,-166,29789899
13270104,KiyunL,9780.8,9008.07,-909,29789890
13198369,Ninyaya,9297.32,9007.97,424,29789904
7563839,Otsu mugi,9287.94,9007.92,711,29789905
21910631,Engel0,9619.07,9007.83,-335,29789895
4953679,waezone,9382.18,9007.65,631,29789902
2772381,Dokie,9313.75,9007.46,622,29789904
13215178,CosinKiller555,9227.43,9007.35,613,29789906
17380810,guigounes,9524.55,9006.90,-451,29789897
6139051,Narkvar,9216.96,9006.84,2191,29789907
5137553,A5uka,9282.33,9006.67,907,29789905
9487458,Mocaotic,9414.37,9006.43,191,29789901
26146355,kaernu,9599.82,9006.29,-614,29789895
12059009,Pitia,9573.49,9006.06,-664,29789896
11781610,BigA2,9559.31,9005.87,-719,29789896
20018109,MRayz,9595.53,9005.80,-544,29789895
12440613,fearandlost,9433.22,9005.50,46,29789900
27011232,boy fantasy,9733.6,9005.49,-1085,29789891
27673466,Xiawni,9447.77,9004.75,323,29789900
11575424,ShxtMissMaster,9491.14,9004.45,-151,29789898
7813432,KanekiBen,9287.57,9003.27,482,29789905
20652577,KoetsuloveJelly,9854.53,9003.15,-1399,29789888
11082708,CreamPan-,9154.33,9002.91,1469,29789909
37227938,Myrill,9583.68,9002.50,-921,29789896
19349006,EgirlMelissaUwU,9695.81,9001.94,-863,29789892
7291519,TaveZ,9238.11,9001.87,699,29789906
15772465,kaeds,9761.33,9001.39,-966,29789891
13243469,ShiraSki,9426.71,9001.27,-165,29789900
11202774,MomPohJerrard,9285.41,8999.81,133,29789905
17812615,Lorry,9680.62,8999.60,-1078,29789893
17445788,HeatAbnormal,9303.63,8999.60,205,29789904
32497047,hyeok2044fanboy,9576.46,8999.56,22,29789896
6872025,Couil,9103.03,8999.30,1252,29789910
11382744,turf,9712.28,8998.80,-230,29789892
7786460,Ch1Ch1D,9133.28,8998.77,990,29789909
17053470,usatake,9333.25,8998.60,107,29789903
7127113,Foxe,9383.71,8998.52,-54,29789902
30351165,fuzoku,9264.75,8998.39,633,29789905
18053628,Sami1_old_1,9750.13,8997.71,-456,29789891
13599027,Smerty,9579.34,8997.58,-714,29789896
19671996,Ensokia,9630.99,8997.52,-587,29789894
6374412,Donus,9602.81,8997.45,-386,29789895
16637075,zarek,9196.97,8997.42,1310,29789907
17901549,pot,9489.41,8997.37,-387,29789899
12839268,-Kazeshi,9476.9,8997.22,421,29789899
9939590,PlayChris,9301.03,8997.14,594,29789904
9843528,-HatsuneMiku,9778.01,8996.99,-756,29789890
11144419,_kurechi,9261.22,8996.99,407,29789905
7724523,Nepyutsu,9339.11,8996.70,230,29789903
2217628,xChorse,9206.96,8996.60,849,29789907
9155674,IoahimLow,9651.63,8996.59,-434,29789894
10211700,Rinca,9094.1,8995.64,985,29789911
14710716,topyro,9343.79,8995.62,-50,29789903
4042206,jerrydavid124,9689.19,8995.51,-188,29789893
12295900,CasualNobody-,9493.1,8995.37,-137,29789898
6523953,MyAngelKashima,9184.49,8995.00,1106,29789908
978707,Pyrka,8953,8994.81,752,29789915
1144238,serobor,9053.37,8994.76,1167,29789912
16187214,Torae,9699.5,8994.42,-1430,29789892
7074941,Aizu-,9040.78,8994.31,1504,29789912
7335430,Oshir,9464.39,8994.04,63,29789899
14924167,Luigewe,9377.99,8993.90,487,29789902
4557083,Lyne,9164.34,8993.75,1027,29789908
11508134,jsste,9469.3,8993.46,-399,29789899
5764325,Jade Bunni,9379.19,8992.96,384,29789902
12521525,KaoriiYang,9677.97,8992.81,-1072,29789893
11724659,Riadxxx,9656.79,8992.80,-667,29789893
12453848,Glassive,9353.86,8992.60,296,29789903
17062924,HuyChann,9513.77,8992.28,-150,29789898
9632074,Array831,9218.43,8992.06,687,29789907
11988090,Riisi,9603.54,8991.90,-990,29789895
12744113,Bnuy Erina,9589.97,8991.82,-525,29789895
19748615,ComfyMonke,9131.45,8991.48,1641,29789909
15786882,pinkspiker,9620.08,8991.35,-777,29789895
13768480,M1nerB0ss,9598.78,8991.27,-601,29789895
31793539,Lyritico,9626.18,8991.08,-705,29789894
22810428,Francis113,9504.15,8990.98,-747,29789898
8766906,beachTurkey,9378.06,8990.48,282,29789902
4890657,miral,9232.15,8990.38,803,29789906
6260584,PekoraMyBeloved,9421.97,8990.15,89,29789900
10670748,Trint,9244.72,8990.07,709,29789906
10077264,nik,9063.79,8989.94,1696,29789911
10867377,Dejw27,9765.56,8989.84,-1013,29789891
11999234,Genom,9649.83,8989.47,-470,29789894
13980715,WaterInBottle,9403.87,8989.03,-282,29789901
17122133,Xuirtle,9519.68,8988.84,-415,29789898
6676303,Heros5k,9050.16,8988.71,1901,29789912
23060312,-ShiroWhite-,9614.46,8988.52,-626,29789895
1275758,Dark PHOENIX,9275.85,8988.42,926,29789905
7112088,iiSaturnz,9631.61,8988.23,-857,29789894
17342436,Nyeki,9414.1,8988.19,-264,29789901
9600454,M0NOK0,9354.14,8988.15,460,29789903
15811642,cairosucks,9458.1,8988.01,0,29789899
11568110,SpikedJackson,9384.44,8987.85,22,29789902
18185714,Oinkxxxxxxxxx,9723.48,8987.13,-1202,29789892
3388266,Tacere,9337.02,8987.01,196,29789903
10908403,Jaaq,8961.36,8986.57,2257,29789915
12382916,1000theo,9453.52,8986.40,-310,29789900
13733804,1066,9315.94,8985.79,66,29789904
24934736,khi,9648.9,8985.20,-1116,29789894
12847517,IceCold,9484.13,8984.30,-597,29789899
3776797,restricted mode,9580.16,8984.09,-469,29789896
23622032,evil monkey,9393.68,8984.03,-216,29789901
17036260,Exert,9508.77,8983.85,-602,29789898
4573205,Rayne Sylvania,9343.27,8983.85,849,29789903
6632587,Amarillo,9284.38,8983.76,192,29789905
9401495,Guppy2k,9174.52,8983.64,985,29789908
25612254,MaksMi4,9595.36,8983.41,-785,29789895
14678152,Ralle,9541.4,8983.20,-313,29789897
4470662,- FleeT -,9386.55,8982.69,124,29789902
11614518,Asuna Pringles,9258.43,8982.31,1042,29789905
25453131,Litmus_,9429.94,8982.14,11,29789900
10410571,Eimy,9453.63,8982.03,-162,29789900
4491034,The100500,9245.54,8981.97,1390,29789906
18496120,[Sunset],9528.85,8981.85,-283,29789897
16448004,soqhl,9536.39,8981.65,-534,29789897
20975453,opyxol1337,9216.53,8981.64,1342,29789907
13702152,Sopheriel,9241.47,8981.45,676,29789906
20827110,evil_wa,9168.34,8981.39,498,29789908
2485447,Genny,8923.81,8981.19,2243,29789916
15268794,Borne,9146.13,8980.33,1274,29789909
2240617,ZUMMI,9545.67,8980.15,-285,29789897
17486143,Koly,9600.43,8979.77,-593,29789895
9755269,SpaceyUwU,9267.78,8979.54,684,29789905
19272362,nvclon,9437.52,8979.17,-327,29789900
15975275,areturxx,9297.24,8978.64,182,29789904
3085401,corm,9182.3,8978.39,804,29789908
20903405,misore,9532.36,8978.36,176,29789897
22941837,paws,9047.1,8978.35,558,29789912
6438321,Danil194522,9291.91,8978.28,690,29789904
11870105,kuuriya,9386.8,8977.56,-69,29789902
17085382,Riviera,9742.41,8977.36,-1080,29789891
30640106,PestoBois,9104.91,8977.01,861,29789910
3344333,Big Brayn,9080.46,8976.86,1609,29789911
17276654,Inimint,9277.53,8976.57,631,29789905
30797639,Serika,9499.03,8976.07,-244,29789898
4499926,rihis123,9310.06,8975.77,509,29789904
9417008,thesmans,9381.8,8975.32,-317,29789902
13112262,[Infinity],9512.48,8974.39,-330,29789898
3520375,mrspit23,9366.44,8974.22,160,29789902
3975137,egedi,9298.44,8974.05,595,29789904
15742156,abye,9670.88,8973.89,-1126,29789893
10796788,MustoriDinozavr,9537.87,8973.75,-420,29789897
13619939,Aishyu,9499.95,8973.45,63,29789898
3462985,pascualito,9150.8,8972.41,1757,29789909
2658660,JoshBakerfromOH,9285.64,8972.39,702,29789905
14373793,Helliix,9548.93,8972.32,-860,29789897
9346516,Abie,9323.21,8972.18,531,29789904
7717016,F2Pink,9607.28,8972.15,-486,29789895
26281768,12345abcdekar,9152.8,8972.14,865,29789909
18927573,vanikou,9623.79,8971.79,-347,29789894
17575183,carlin,8930.56,8970.97,1939,29789916
13398232,MythicalAura,9494.99,8970.89,-222,29789898
11601928,GLICKSICK,9170.53,8970.85,319,29789908
5069420,Wizzt,9612.64,8970.29,-1112,29789895
9484080,Touruu,9255.98,8970.17,986,29789905
15072607,Woriks,9579.81,8970.01,-547,29789896
5355761,Riksupa,8989.18,8969.98,1961,29789914
18068886,Lemin-chan,9520.81,8969.97,-394,29789898
18015468,georgewig,9580.09,8969.77,-628,29789896
23628182,shomi,9605.74,8969.39,-668,29789895
3847671,Valeyonara,9384.09,8969.34,291,29789902
14027786,Exyced,9530.68,8969.32,-342,29789897
10085715,Shironami,9122.39,8969.06,1093,29789910
12327249,lao sai,8924.98,8968.57,1692,29789916
14394351,I4MTRUE,9730.92,8968.27,-977,29789892
11580827,RnJn,9332.85,8967.64,368,29789903
8887314,littledolltoy,9261.74,8966.81,536,29789905
11235610,KirbDaBeast,9641.68,8966.50,-724,29789894
8055861,Zyxus,9549.64,8966.09,-520,29789897
10461823,Lap,9478.32,8965.96,151,29789899
17484757,Natsume_,9327.54,8965.73,249,29789903
15922951,Elie,9534.85,8965.71,-465,29789897
6806934,NeoAxel,8956.42,8965.48,1502,29789915
23401460,leolepoisson,9315.24,8965.20,253,29789904
26953688,[MG] Katharis,8980.24,8965.19,2180,29789914
3993118,Aulow,8973.08,8965.18,2029,29789914
1646427,NekoFunfo,9327.77,8964.81,349,29789903
5446475,Haifuri,9437.68,8964.74,-193,29789900
16130993,Ireland,9616.74,8964.57,-850,29789895
23483074,juliet,9465.99,8964.36,-269,29789899
8380283,Enki,9426.35,8963.91,97,29789900
19819749,cedin,9543.05,8963.34,-924,29789897
8334445,_thicke,9239.63,8963.16,280,29789906
8971549,-Kei-,9517.8,8962.35,-695,29789898
16191222,DragonZei,8991.07,8962.03,1655,29789914
5620477,Clands,9200.21,8961.74,1258,29789907
9140390,Eroubf,9197.92,8961.45,777,29789907
12894452,brenxyz,9603.81,8961.33,-821,29789895
15796194,kyatorro,9582.71,8961.09,-205,29789896
20533128,Underdogich,9417.89,8961.04,-274,29789901
20338180,acc demon,9454.2,8960.93,-1149,29789900
6471972,Tesco Meal Deal,9127.51,8960.74,941,29789909
6717559,ruruichi,9414.69,8960.71,3,29789901
14962256,KOHBE1,9644.13,8959.96,-764,29789894
6109692,DTChoke,9670.2,8959.75,-934,29789893
1872675,Game,9012.64,8959.74,1838,29789913
13581266,rrye,9434.93,8959.49,-287,29789900
15733605,Hehe fox,9575.58,8959.12,-519,29789896
5176421,Skarsta,9373.18,8959.02,400,29789902
22394529,Wvaus,9365.31,8958.73,-352,29789902
13065776,girl liker,9585.17,8958.21,-268,29789896
10085767,Satella,9053.8,8958.13,1113,29789912
19615624,Crunchy--,9460.6,8957.87,-882,29789899
14291677,-Power-,9516.69,8957.61,-400,29789898
21787166,heizin,9675.41,8957.50,-1226,29789893
17724583,Tengkosu,9349.4,8956.86,230,29789903
21652232,-Sakuya izayoi-,9432.64,8956.71,-60,29789900
18508444,zPeluca,9456.44,8956.20,-396,29789899
8533278,dear you,9025.96,8955.84,1745,29789913
18846833,-Epsilon,9644.88,8955.76,-408,29789894
16818782,Logisity,9305.62,8955.21,503,29789904
9878502,Antos12,9306.99,8954.61,265,29789904
7715620,IsomirDiAngelo,9313.63,8954.20,477,29789904
12067932,speed,9387,8953.96,-305,29789902
15292060,Niemaa,9422.84,8953.88,-1372,29789900
6866504,AmanoAkari,9448.38,8953.79,278,29789900
4224369,sdnssndmchsffng,9062.43,8953.23,602,29789912
11362688,kznzx,9261.47,8953.06,453,29789905
27548574,monsdoom2,9460.94,8952.79,288,29789899
3850211,Grant,9448.48,8952.79,-464,29789900
12573517,CharTC,9475.24,8952.58,-167,29789899
32744833,Seily,9604.18,8952.42,-625,29789895
13795901,DarkPhantom1804,9505.17,8952.35,-294,29789898
9176924,procat,9274.09,8952.15,439,29789905
4200901,mythsu,9117.31,8952.01,748,29789910
4344341,Emeskey,9318.45,8951.68,-107,29789904
23521962,MrWaffol902,9374.18,8951.60,-130,29789902
18163511,[ baka 4b ],9490.45,8950.95,-356,29789899
22043103,HELLHOLE,9125.7,8950.42,-914,29789909
11381914,Ataturk,9385.2,8950.16,3,29789902
22566335,ImTrashYT,9044.59,8949.92,1413,29789912
4711593,vvnb,9479.07,8949.32,-174,29789899
926370,Regnall,9155.14,8948.77,1382,29789909
9402025,WhetBoi37,9429.69,8948.70,-92,29789900
20970840,Zarck,9574.12,8948.23,-614,29789896
4955458,Vertos,9015.58,8947.87,1116,29789913
11478370,Any Questions,9286.78,8947.84,621,29789905
6953170,riceboy,9330.33,8947.82,-49,29789903
15352147,Nakili,9498.28,8947.33,-279,29789898
18412976,PepsoDens,9331.79,8947.24,167,29789903
6780703,Alvin1234,9429.46,8947.19,-67,29789900
24739006,ThyBomb,9638.58,8947.07,-859,29789894
29371074,Cera,9409.95,8946.34,-335,29789901
1495409,ozzy565,9339.88,8946.08,-372,29789903
6357685,tsundereSam,9162.17,8945.95,290,29789908
14713685,[Griffin],8985.98,8945.84,1756,29789914
20631500,Meleanka231,9401.56,8945.80,362,29789901
6871408,Kiranelly,9432.25,8945.76,-491,29789900
1438509,Kardet,9095.38,8945.74,1563,29789910
12367215,MekroniD,9097.01,8945.37,895,29789910
16082432,KeroQ,9421.84,8945.22,-5,29789901
9398464,Jerome Bambon,9260.62,8944.90,216,29789905
30346779,mantaddd,9683.98,8944.81,-997,29789893
973022,[Noki],9396.65,8944.79,-81,29789901
6952063,Ara,9060.67,8944.40,1125,29789912
6594866,Uni-Desu,9025.59,8943.54,1735,29789913
15364779,R3taliati0n,9355.58,8943.29,-76,29789903
19699186,Nweem,9668.66,8943.18,-687,29789893
9397439,amata,9078.58,8942.90,1092,29789911
10445335,polskalok,9618.96,8942.82,-1045,29789895
5989479,Stian,9418.17,8942.54,-261,29789901
15048439,n1semono,9543.69,8941.50,-576,29789897
9789273,Kaisel410,9409.48,8941.44,-436,29789901
11481739,Mitsuha,9224.62,8941.22,599,29789906
8670152,Emiri Ultimecia,9144.08,8940.69,490,29789909
36444011,[SHK]SARRTY_awa,9625.64,8940.44,-959,29789894
7915523,xarrian,9281.35,8938.94,97,29789905
17050764,-PapitaRellena-,9061.84,8938.68,1210,29789912
17848489,alora,9435.05,8938.39,-620,29789900
2076374,sobatsuyu,9001.3,8938.39,2112,29789914
4073754,nat,9305.04,8938.37,450,29789904
18381679,gilbertboys,9430.1,8937.87,-449,29789900
20495815,FumblnDumbln,9387.17,8937.72,-95,29789902
8155128,bagavchek,9339.35,8937.56,203,29789903
19820310,[Ronnie],9445.29,8937.24,-303,29789900
25463405,Arrendor,9049.98,8937.10,1799,29789912
14966599,end12352,9540.23,8936.96,-1431,29789897
13984863,Fllx,9791.71,8936.89,-939,29789890
4734497,feifeiis,9129.21,8936.45,1177,29789909
10672609,dpple1976,9316.41,8936.44,16,29789904
11741304,Kitsune on osu,9609.52,8936.32,-775,29789895
17716503,Merccc,9455.97,8935.91,246,29789899
22815672,Nooblet01,9626.68,8935.63,-636,29789894
24129050,Graphy,9228.4,8935.49,154,29789906
20196065,Taicek,9609.7,8935.43,-1004,29789895
24739069,xerithe,9316.56,8935.31,-365,29789904
14182677,namwiset,9510.13,8935.26,-741,29789898
6560131,Nishino Flower,9353.08,8935.11,367,29789903
16027468,Theleast47,9530.53,8934.82,-632,29789897
11925023,Neky,9115.59,8934.29,1009,29789910
10135312,Lolasinlol,9689.44,8933.98,-1165,29789893
9293124,Rondro,9245.03,8933.94,616,29789906
17421591,rpoj,9324.79,8933.78,74,29789903
28115507,PhineasPhage,9230.12,8933.51,-136,29789906
9322597,HET TPYCOB,9026.03,8933.28,13,29789913
9727395,fishsauce,9190.52,8933.05,588,29789907
12471020,[Teo],9395.73,8932.71,-150,29789901
13507777,Pherese,9162.55,8932.21,1187,29789908
3677251,Zygody,9136.74,8931.80,1080,29789909
10590105,BAHEK,9097.24,8931.00,943,29789910
8671705,Haruxan,9315.05,8930.99,-356,29789904
3359378,Jaysuss,9004.4,8930.98,1210,29789913
24646037,anson,9336.71,8930.83,92,29789903
14065780,[Tenshi],9507.03,8930.64,-852,29789898
11758667,kuyusu,9450.3,8930.56,134,29789900
10221478,HentaUeaven,9445.06,8930.55,-592,29789900
12338317,fearit,9575.16,8930.09,-684,29789896
13091987,_Xanie,9534.06,8929.97,-448,29789897
20470928,N8IVE,9468.04,8929.59,-249,29789899
8494275,Laphnex,8951.29,8929.39,1692,29789915
8438177,BRATWURZT200,9238.48,8929.37,455,29789906
3974153,ondines,9486,8928.79,-16,29789899
10747889,Userdart,9389.39,8928.77,239,29789902
12070953,Anreesa,9248.25,8928.37,509,29789906
9599468,Yamichii,9338.43,8928.01,810,29789903
17598339,xNky,9547.26,8927.35,-525,29789897
5427230,Shiraori,9106.45,8927.09,1198,29789910
11003085,emptypudding,9430.31,8926.24,237,29789900
14375764,Eriko,9013.33,8926.08,1705,29789913
10897656,LuchiBuchi,9312.65,8926.03,297,29789904
17388637,Jimeranu,9479.21,8925.78,-269,29789899
10985265,D_DestiNyZ,9205.67,8925.62,627,29789907
16097417,-Deb,9293.59,8925.38,40,29789904
2515691,Zitan,9220.46,8925.05,296,29789907
9936307,chawzyyy,9277.98,8924.99,295,29789905
25045902,soulhair,9535.28,8924.97,-609,29789897
7819055,Definition,9348.14,8924.93,413,29789903
16259432,Snoumu,9243.88,8924.90,567,29789906
11393124,NekotoTyan,9392.16,8924.72,188,29789901
17046448,Cryptopression,8928.92,8924.55,-39,29789916
7287236,Poptartnyan,9391.93,8923.28,356,29789901
32002920,Kiiwwi,9463.15,8923.20,-380,29789899
8315426,Kno,9610.88,8922.51,-801,29789895
15265570,aesu12,9515.36,8922.47,-676,29789898
12495690,failandimprove,9594.72,8921.20,-440,29789895
2582954,Miyeon,9165.73,8921.11,1185,29789908
18350339,chuniepoo,9596.01,8921.05,-1329,29789895
10323559,deusdesu,9310.35,8920.75,364,29789904
15390575,NoNameZ01,9001.66,8920.41,-743,29789914
30848279,animemaster2006,9054.09,8920.26,685,29789912
20336879,Fastens,9322.96,8919.96,-174,29789904
9324060,Bocks Bocks,9265.02,8919.79,264,29789905
11299087,S H 1 R O,9280.62,8919.64,434,29789905
12377150,Ameshima,9187.34,8919.48,451,29789908
13237266,zAlfredo,9106.09,8918.80,1132,29789910
14456193,awerce,9180.2,8918.77,-415,29789908
6735629,the worst nh,9276.38,8918.76,312,29789905
2652331,_Rimea_,9378.51,8918.30,-29,29789902
10709970,burhi,9222.2,8918.20,886,29789906
2744424,ArtShadow,9214.21,8918.06,1074,29789907
10712753,_matt,9121.49,8917.58,392,29789910
4600383,Nakano Itsuki,9230.62,8917.42,702,29789906
3032846,marimorima,9428.55,8917.25,-328,29789900
1122052,- Angel Dust -,9175.64,8917.04,781,29789908
23954130,-faithy-,9261.37,8917.02,170,29789905
7363324,ackh9428,9220,8916.56,755,29789907
11655630,FrancisEdits,9399.25,8916.20,-61,29789901
8881934,Reolism,9473.58,8915.88,-358,29789899
16263805,Revier15,9433.62,8915.84,-368,29789900
17855321,Bausha,9597.81,8915.45,-907,29789895
8832537,Weiy,9392.61,8915.08,30,29789901
17517403,Asanagi Umi,9474.66,8914.97,-437,29789899
1706092,Ma yin,8971.42,8914.81,1757,29789915
7057787,chiliawa52,8975.02,8914.60,1819,29789914
20822900,alchstar,9297.16,8914.27,143,29789904
22120722,snickers32,9341.36,8914.17,-221,29789903
8990549,Vitex,9499.42,8914.12,-278,29789898
14868908,Nijika,9037.41,8914.10,600,29789912
12388877,[Jururu],9127.1,8913.89,1062,29789909
14187700,Lake_,9619.36,8913.70,-1008,29789895
11116286,Apaxia,9565.73,8913.69,-1067,29789896
10470806,TheBigDrop,9450.88,8913.03,-329,29789900
24961773,Nanahira-fan,9129.36,8912.97,88,29789909
4830261,Seni,9203.35,8912.82,127,29789907
1795094,Sage,9090.9,8912.08,755,29789911
8445127,Akeigo,9435.17,8911.96,-266,29789900
13702202,NeonCircles,9477.2,8911.92,-442,29789899
30027618,kurainsan,9544.78,8911.80,-396,29789897
9137267,Shiiraki,9410.05,8911.53,209,29789901
25733904,N 1 X,9527.36,8911.06,-421,29789897
35867142,MoonzKurumi,9433.02,8910.88,-773,29789900
34146044,meitynator,9488.56,8910.85,17,29789899
11864454,- Tojio -,9199.78,8910.63,231,29789907
5281072,EnuHQ,9422.39,8910.53,-9,29789900
13334735,ribbage,9535,8910.47,-1272,29789897
11895909,Yoko,9071.72,8910.03,1404,29789911
34069999,Fyon,9494.79,8909.99,-500,29789898
10860518,bubs,9145.08,8909.96,1152,29789909
24872087,j0suk8,9454.72,8909.33,-68,29789900
6102417,38V,9328.37,8909.11,362,29789903
15629502,hayakawa Aki,9450.8,8908.96,-329,29789900
12624563,Yukizie,9625.44,8908.70,-969,29789894
11332703,PoSharTo,9184.01,8908.53,995,29789908
2439822,Rtyzen,9040.37,8908.18,1829,29789912
15994076,Waypo1nt,9457.81,8908.08,-645,29789899
19045871,rewired,9449.43,8908.05,-544,29789900
31644008,z9r0,9543.33,8908.01,-636,29789897
8413114,Kamfret,9329.3,8907.98,302,29789903
9792512,chrig,9352.06,8907.68,-244,29789903
15337680,noaZy,9598.68,8907.63,-1075,29789895
5684675,Filipe,9556.62,8907.53,-710,29789897
15709287,reformed star,9453.72,8907.49,-25,29789900
24070903,Iwbag,9134.35,8907.42,428,29789909
12554889,Itachi0w0,8996.87,8907.36,444,29789914
10337825,brylin,9459.2,8906.90,-324,29789899
9027683,Sheooogorath,9501.65,8906.58,-281,29789898
1009285,gadse,9570.05,8906.15,-438,29789896
36777984,fatale_s2,9289.66,8905.86,-36,29789904
11913173,Chrueso,9403.56,8905.75,-331,29789901
14989357,omisisdr1m,9334.66,8905.71,-65,29789903
17209644,chauuu,9187.42,8905.61,239,29789908
14386088,mizulon,9271.94,8905.27,64,29789905
15188912,Frod,9020.47,8904.68,1120,29789913
7861878,niunnn,9394.88,8904.63,-281,29789901
5194534,-Chiru-,9120.76,8904.48,1186,29789910
35449593,Cryagen,9668.42,8904.29,-1075,29789893
17216484,SoundCloud,9279.17,8904.26,965,29789905
10916498,Glurak,9566.01,8904.06,-936,29789896
17249072,Disbalanzz,9574.42,8903.90,-660,29789896
9680065,Notsuren,9110.32,8903.87,1100,29789910
9101605,Asa3,9294.92,8903.49,460,29789904
6014321,Lyqu,9409.69,8903.36,-88,29789901
15220967,Destrox,8972.59,8903.35,1076,29789915
18339464,robertderkek,9518.04,8903.24,-540,29789898
7594955,Albairn,9372.06,8903.23,506,29789902
17896478,distressed,9303.41,8903.19,-304,29789904
11366669,ImWings,9711.71,8903.05,-1221,29789892
3244820,qqale1,9157.77,8902.97,678,29789909
5194391,Camo,9065.75,8902.85,1516,29789911
35736736,Minimoog,8992.06,8902.20,-173,29789914
11628466,utta,9471.13,8902.01,-485,29789899
4197983,HiddenChicken,9143.86,8901.16,775,29789909
4097394,Mout,9021.24,8901.04,998,29789913
8085014,FGCiel,9546.7,8900.96,-870,29789897
12818740,Mussolini Pizza,9587.66,8900.48,-1011,29789896
11379383,LamePvP,9693.49,8900.22,-1451,29789892
15096190,zoomerboy,9542.78,8900.01,-757,29789897
10760137,Emu Otori,9144.86,8899.95,939,29789909
7662915,Slare_J,9347.92,8899.75,-164,29789903
25713092,Disha-a,9591.23,8899.70,-731,29789895
8149900,TimeDistorter,8929.48,8899.33,2246,29789916
4474290,Holymango,9029.58,8898.62,1059,29789913
9272314,sariaa,9646.82,8898.40,-1087,29789894
20341516,CAHEK,9342.65,8898.25,-346,29789903
19777589,[- Senko -],9412.48,8898.22,-335,29789901
21202239,Slowpoke1619,9582.15,8897.90,-689,29789896
12677317,Abiq0,8949.88,8897.89,1843,29789915
9256143,Methods,9160.63,8897.09,405,29789908
4613551,Latrio,9126.21,8897.03,814,29789909
16075687,BlackRotii,9335.17,8896.93,-450,29789903
12467855,ZeinOld,9479.42,8896.86,-340,29789899
14689718,salph,9548.4,8896.66,-531,29789897
9809625,Wutever,9039.06,8895.75,1920,29789912
9915411,WhiThin,9551.91,8894.93,-998,29789897
5049700,Vandiver,9049.63,8894.62,881,29789912
15403828,Welly,9734.85,8894.38,-1175,29789891
22772013,Amayoi,9565.11,8894.22,-1038,29789896
20045666,LzT,9270.03,8893.81,26,29789905
15941539,Denay,9306.93,8893.47,99,29789904
25179539,ced1l,9570.36,8893.12,-1021,29789896
7683029,giraffepoacher,9520.54,8892.19,-436,29789898
2373484,MOMO543959,8988.13,8891.80,879,29789914
16268971,Herisi,9296.32,8891.75,97,29789904
17120248,meldylia25,9426.54,8891.62,-637,29789900
6052329,Lgnd,9399.05,8891.58,-145,29789901
7749484,Ritokoi,9344.57,8891.36,162,29789903
2030526,Koraidon,9500.38,8891.35,-445,29789898
27344289,izantachi,9561.25,8890.81,-863,29789896
13701453,glowglow101,9392.3,8890.60,-313,29789901
14688277,K Y P r A H,9653.32,8890.54,-1156,29789893
25383292,vanhak,9399.99,8890.46,-215,29789901
12828856,Space_Official,8964.96,8890.08,1312,29789915
12444910,Jia Xichun,9328.03,8890.04,437,29789903
15829949,ShirahoshiUwU,9370.23,8890.03,-403,29789902
9162241,AhnJiOopNiDa,9525.75,8889.94,-729,29789897
6961736,Ashmar,9024.18,8889.45,1850,29789913
21843822,quantumSpcetime,9482.5,8889.41,-983,29789899
13611729,xxx7628797,9331.5,8888.93,-115,29789903
16438887,petrick,9444.84,8888.86,-694,29789900
15415813,Janeru,9528.73,8888.63,-969,29789897
20177753,Slypy06,9639.58,8888.47,-1339,29789894
13666336,blaarg,9101.06,8888.44,748,29789910
15847718,ImSay,9347.17,8888.43,-367,29789903
13827338,UrwoTeu,9606.55,8887.46,-655,29789895
12314716,vlxy,9588.03,8886.38,-1066,29789896
18862120,DZHEYLO,9440.13,8886.31,-555,29789900
14749176,wwwhynottt,9306.44,8885.91,-29,29789904
1097352,Multtari,9098.49,8885.89,686,29789910
6660631,Void,9542.86,8885.60,-1082,29789897
11778091,SkyInTheFifteen,9406.01,8885.53,-521,29789901
15077398,[Widow],9518.46,8885.45,-469,29789898
6465400,Auchi,9161.57,8885.30,1232,29789908
26631293,Roller-,9504.77,8885.02,-511,29789898
6638412,Route_2,8961.03,8884.99,1349,29789915
10157168,Vibeuin,9321.67,8884.83,-282,29789904
11217087,emoprince,9321.27,8884.58,-142,29789904
6069345,Serra,9341.19,8884.32,-150,29789903
1431354,SmoreJoy,9198.13,8883.72,530,29789907
8467121,Volpix,9029.28,8883.45,983,29789913
16419458,marenslenda,9546.09,8883.43,-752,29789897
7981819,BattleLoli,9261.64,8883.34,222,29789905
11872975,Diebo_,9227.89,8883.33,21,29789906
11101964,wanpo,9303.56,8883.19,511,29789904
16351091,SCREAMING FROG,9106.55,8882.98,945,29789910
15415571,Bacmi,9195.52,8882.41,-722,29789907
17438809,EniarkuAvals,9217.04,8881.81,745,29789907
13808283,Vierre Cloud,9213.12,8880.93,-539,29789907
14990760,cn-,9599.04,8880.89,-1061,29789895
24074660,Rezylria,9272.64,8880.57,159,29789905
22285629,Otori Emu,9545.73,8880.43,-462,29789897
13886826,ASaltyBunion,9156.27,8880.33,569,29789909
7810796,Akroma1,9650.02,8880.18,-1125,29789894
19428259,Gemlo,9018.19,8880.01,1281,29789913
19117290,CloakCloud,9637.69,8879.85,-1514,29789894
18783838,RED40,8933.55,8879.24,1607,29789916
16374194,ShotZ5,9247.08,8878.95,458,29789906
17984363,wynmiu,9433.75,8878.87,-834,29789900
19002524,Kripton5675,9013.18,8878.83,1399,29789913
12031738,ARandumbGuy,9102.71,8878.80,383,29789910
25434033,X redemption,9254.18,8878.58,342,29789906
12154383,Ivanok,9375.07,8878.54,125,29789902
13253314,TacoEagle,9354.45,8878.25,-65,29789903
13680241,lozzano,9423.95,8878.23,-713,29789900
10116568,Dark Seal,9435.29,8877.74,-162,29789900
11290331,Dzabula,9238.69,8877.45,11,29789906
13725510,Damascus,9613.43,8877.13,-797,29789895
15332711,aimsloppy,9480.54,8877.03,-620,29789899
15124593,Kaja,8996.12,8876.97,795,29789914
6569665,Ducky,9092.92,8876.90,760,29789911
2649393,WardoX,9304.7,8876.50,62,29789904
9573085,Dasrobot,9062.04,8876.48,786,29789912
9500728,Parappa,9022.72,8876.36,739,29789913
23229716,Niricxo,9505.58,8876.24,-466,29789898
11453042,Corwin,9320.8,8876.02,44,29789904
10554771,Busta Rhymes,9662.3,8875.73,-779,29789893
11444590,-Norlax-,9242.51,8875.33,371,29789906
10471227,edwi123,9370.47,8875.02,-576,29789902
20930368,Nlxus,9621.48,8874.87,-1081,29789894
15996730,Faulty,9405.92,8874.80,-175,29789901
14754071,thecrazypudding,9161.41,8874.69,836,29789908
19412255,HiuraMyBeloved,9281.02,8873.97,-41,29789905
2250475,utidautidautida,9194.73,8873.74,404,29789907
3188017,Criss,9210.56,8873.18,481,29789907
28169741,kershy,9501.75,8872.52,-608,29789898
7889757,balognya,9250.26,8872.03,556,29789906
14905966,Syxtizz,9358.9,8871.49,-148,29789902
14324966,Sqonic,9571.61,8871.09,-1117,29789896
6492061,- Shawn -,9300.95,8871.09,-58,29789904
20789838,inconn,9542.05,8870.96,-366,29789897
35383814,[Karina],9645.65,8870.57,-1258,29789894
16338705,[GB]jackgu,8933.16,8870.50,2020,29789916
14745224,Nefaroxz,9323.41,8870.33,559,29789904
34301975,overline,9141.26,8870.27,-365,29789909
19617573,Sepiol,9715.15,8870.08,-1037,29789892
23924230,BondedPlum,8998.1,8869.36,1381,29789914
15120080,unfel,9376.98,8869.28,-9,29789902
16341037,MajorGamer,9115.23,8868.16,-84,29789910
6646234,Machako,9221.51,8868.13,312,29789906
15567215,INEEDTOMED,9415.46,8868.11,-368,29789901
13990302,mishifuari,9362.72,8867.62,-77,29789902
13863761,June -,9308.55,8867.52,152,29789904
23142464,xlepas,9297.86,8867.41,242,29789904
4657414,wakaba,9373.92,8867.35,183,29789902
18504634,Expe,9429.08,8867.25,-664,29789900
15912392,corg,9492.93,8866.96,-501,29789898
13134584,noederu,9067.57,8866.72,499,29789911
7557004,ColdPyro,9447.17,8866.46,-617,29789900
12104784,HM02,8927.84,8866.42,1479,29789916
13318675,sainttuna_,9620.39,8866.34,-764,29789894
19835148,rpg314,9483.31,8866.31,-747,29789899
10538866,wils,9198.63,8866.25,320,29789907
11158364,Suprixel,9151.71,8865.94,873,29789909
17451465,sor4,9220.71,8865.89,-82,29789907
25623009,cozo,9389.73,8865.83,-19,29789902
20379070,hekkafamlit,9567.59,8865.31,-1092,29789896
14873575,wap,9369.85,8864.84,-260,29789902
17944870,sasao,9113.54,8864.39,439,29789910
6808091,pocket-,8927.62,8864.26,1804,29789916
21868777,Eric-,9453.03,8863.06,-575,29789900
17979769,nuula,9408.63,8862.82,-312,29789901
16212851,JustMango,9396.48,8862.21,-252,29789901
32657919,fuyukiS,9010.71,8862.03,892,29789913
3766224,Kobayakawa Sae,9097.59,8861.47,1457,29789910
18264712,Kyoukaii_,9472.04,8861.22,-111,29789899
19453671,olifanten,9546.01,8860.27,-906,29789897
13501030,virrevicke,9129.73,8860.23,-90,29789909
32099018,Asen2309,9064.11,8860.21,-1090,29789911
30926443,Nibla,9526.85,8859.34,-170,29789897
12837388,Mommy Hunter,9207.13,8859.23,394,29789907
17624683,DioShock,9252.43,8859.19,-238,29789906
1660463,neon sign-,9425.07,8859.04,-275,29789900
3758329,Bolej,9127.94,8858.75,397,29789909
15086839,Er0nz,9515.03,8858.58,-634,29789898
12325353,Shunaa,9568.08,8858.06,-983,29789896
12563156,MikeyEm,9353.53,8857.97,-576,29789903
18351730,shoebill,9095.06,8857.83,608,29789910
19237152,PupperKun,9280.27,8857.70,-131,29789905
13906869,Malky,9382.44,8857.64,-340,29789902
2461385,Tiyop,9356.63,8857.56,-275,29789902
14411900,Hello,9486.89,8857.27,-669,29789899
9562353,Musubi,9182.99,8857.20,371,29789908
21340790,wbounce,9431.59,8856.82,-460,29789900
13408594,Andwerp,9414.88,8856.68,-280,29789901
15062931,AD_16,9417.07,8856.44,-219,29789901
8488478,A1caida,9310.2,8856.24,120,29789904
17981859,LesterTM69,9442.23,8855.71,-374,29789900
25865356,dimp1,9397.26,8855.57,-388,29789901
16623618,NaTakem,9164.72,8855.55,677,29789908
16833953,Diyeizin,9471.76,8855.11,-510,29789899
16897434,Aranbo,9188.73,8854.41,1160,29789908
17919417,WolfieDaTaco,9226.32,8853.34,648,29789906
4529885,Kotonashi,8983.2,8853.23,1062,29789914
16312616,cudii,9406.21,8853.07,-492,29789901
17130552,xitavele,9450.55,8852.99,-598,29789900
10453546,Survi,9423.29,8852.83,-413,29789900
5458073,ske,9042.34,8852.50,835,29789912
2057576,rzkadi,9097.79,8852.45,755,29789910
11479154,Meepotania,9332.48,8852.02,-138,29789903
13387484,Koreseki,9405.57,8851.51,-684,29789901
9728886,Sotarks Gaming,9406.8,8851.21,-230,29789901
9977150,Niccy,9510.66,8850.79,-747,29789898
18043198,gavactic,9487.61,8850.54,-1020,29789899
11377008,Kohakuw,9206.23,8850.52,61,29789907
16530976,- Shilink -,9424.96,8850.29,-366,29789900
15551036,LitBat,9520.42,8850.17,-853,29789898
34013164,classica1_,9283.18,8850.09,308,29789905
4197487,9 to 5 Gengar,9200.06,8849.96,65,29789907
18462593,notlix,9522.98,8849.70,-577,29789898
17843904,CreeperHDLord,9647.74,8849.66,-1069,29789894
29831493,BobLeTabernak,8925.94,8849.19,1896,29789916
28614342,Z34ch,9371.61,8849.16,67,29789902
9298130,last place,9366.03,8848.54,-665,29789902
6737943,Dynamic,9428.66,8848.33,-650,29789900
11878001,mainstoned,9599.33,8848.24,-1033,29789895
9100285,marcel727,9480.32,8848.23,-449,29789899
33684761,3nxie,9249.66,8848.18,-238,29789906
8024707,toebahbee,9260.21,8847.84,-766,29789905
8464234,Kubrickz,9284.28,8847.29,374,29789905
6002205,_Awkward,9365.51,8846.71,117,29789902
22989754,Gachouk,9484.06,8846.66,-1030,29789899
7186833,Paia,9073.54,8846.60,811,29789911
16485844,tsukinamio_O,9538.06,8846.56,-961,29789897
8873753,jonttu45,9224.07,8846.40,332,29789906
18315542,k0dy,9480.26,8846.21,-790,29789899
12173948,Sappfire_,9357.32,8846.06,-316,29789902
9975928,Kirtuna,9367.77,8845.81,-503,29789902
17124061,ilovemrsh,9587.1,8845.80,-1111,29789896
20160836,HydraIsFat,9402.67,8845.62,-1218,29789901
7304403,miraclewake,9134.02,8845.46,462,29789909
14363130,Shydio,9163.86,8845.41,190,29789908
14860752,Ckrika,9397.45,8845.11,-490,29789901
17242265,ERA Mystiik,9337.58,8845.05,239,29789903
25031076,suvantheman,9504.05,8844.96,-849,29789898
14431596,stimex,9287.19,8844.83,385,29789905
2587424,Shield,8947.34,8844.78,1343,29789915
27088871,tsungs,9312.7,8844.64,-422,29789904
27532356,SF29,9397.05,8844.59,-302,29789901
21307801,roberti,9555.49,8844.43,-830,29789897
19016028,Xeiva,9431.88,8844.26,-719,29789900
6067259,hogovic,9235.99,8844.26,869,29789906
16019972,impurity,9498.9,8844.07,-903,29789898
16638509,Linegraph,9294.79,8844.05,-299,29789904
11106565,Roco Handa,8987.02,8843.92,1064,29789914
27128030,aquanator,9367.35,8842.93,-450,29789902
22922042,Goodbye Brother,9669.28,8842.86,-1306,29789893
28863995,IvanBMyG,9431.02,8842.51,-878,29789900
8514740,Kifo,8989.6,8842.39,1010,29789914
30670541,kidowangyyy,9477.88,8841.86,-955,29789899
20284063,KUBUS PUCHATEK,9556.91,8841.82,-815,29789897
32228397,Papusiaczek,9639.19,8841.78,-1389,29789894
15637352,ArcadeTempest,9307.5,8840.88,-531,29789904
12448736,--Corpse--,9450.72,8840.78,-938,29789900
12965833,suchsmoke,9658.26,8839.88,-1442,29789893
9329543,Emabu,9314.51,8839.82,-37,29789904
1753234,IsonamiPL,9376.53,8839.76,-131,29789902
17224443,iwmymdosr,9258.88,8839.73,-98,29789905
11258263,ExpertBot_RF,9407.08,8839.64,-648,29789901
22470873,Stenc,9091.46,8839.60,813,29789911
20104692,iJuxn_,9285.17,8839.59,-640,29789905
1657637,Kexx,9148.9,8838.95,564,29789909
20978534,loovuudd,9186.97,8838.74,468,29789908
13231869,[grace],9195.15,8838.41,-143,29789907
9896370,talinya,9219.83,8838.05,516,29789907
32697660,UniserverCommon,9347.57,8837.66,-94,29789903
25875021,Frieren Fangirl,9604.64,8837.57,-817,29789895
18083990,evltn,8952.47,8836.79,958,29789915
11498482,sayumujina_,9280.42,8836.53,-64,29789905
4940765,- Bastian -,8931.94,8836.09,1622,29789916
14795527,RugiSerl,9366.76,8835.99,-229,29789902
7464885,Cixia,9172.33,8835.53,946,29789908
1743136,Consistent,9338.22,8835.52,-505,29789903
1699875,Remyria,9469.65,8835.26,154,29789899
22368895,Zai,9564.01,8835.18,-988,29789896
9047501,SergeantR,9489.68,8835.12,328,29789899
11937627,crazer12,9259.75,8835.11,220,29789905
15769399,testie,9359.74,8834.97,-86,29789902
15402914,MyDTAccSucks,9476.38,8834.90,148,29789899
10210959,Ducker,9242.92,8834.74,563,29789906
13635881,tonix123,9318.76,8834.61,-220,29789904
18595381,zaza goblin,9518.52,8834.49,-489,29789898
6518232,kopje,9447.48,8834.15,-629,29789900
13155116,Nyaa,9359.98,8834.15,-240,29789902
15161921,112233HOme,9254.89,8834.03,288,29789906
8925010,_Nino_,9343.68,8833.85,-223,29789903
10658494,potar,9298.11,8833.59,-567,29789904
8901185,Stoat,9158.69,8833.05,566,29789909
34340410,omonnai923,9553.64,8833.03,-958,29789897
34841224,sh1n5,9543.41,8832.92,-919,29789897
7370368,- Hyne -,9338.63,8832.88,-13,29789903
19075364,I AM FUKUKITARU,9116.17,8832.34,33,29789910
25060140,Liumiya,9181.17,8832.11,-119,29789908
1565856,Ashtar,8947.67,8831.74,1701,29789915
2597452,VXB,9217.79,8830.72,390,29789907
23027214,Darp et,8987.79,8830.65,-818,29789914
21789400,coldhart,9204.26,8830.42,132,29789907
4852090,Thebigbehemoth,9325.96,8830.40,-46,29789903
11459153,skyl94,9107.43,8830.06,592,29789910
8664713,Arpi,9319.81,8829.71,-335,29789904
10533644,Nusakan,9291.53,8829.55,-113,29789904
21118566,Arsac,9186.8,8829.48,485,29789908
7360197,Yukitoh,9303.15,8829.19,40,29789904
28694940,Sumi Yoshizawa,9247.16,8828.57,20,29789906
8215395,cxntene,9011.44,8828.37,1075,29789913
23580547,kibouu,9077.18,8827.36,996,29789911
10763507,ARandomAsian,9420.14,8827.00,-604,29789901
14760080,VVi11iam,9159.83,8826.59,611,29789908
19090560,Densi,9545.13,8826.45,-1047,29789897
4154434,yobelle,9286.69,8826.34,545,29789905
1976624,Gadzooks,9327.27,8826.17,-352,29789903
10968596,Kikoro,9525.03,8825.88,-757,29789897
4712799,Miruku,9174.66,8825.84,692,29789908
9969158,lastecine,9222.78,8825.38,163,29789906
14671860,Parasit,9410.38,8825.14,-405,29789901
603925,Merry Christmas,9178.8,8825.09,601,29789908
23572988,loversinflowers,9007.27,8825.05,1092,29789913
15258926,klezz1,9088.85,8824.95,-283,29789911
14791081,- Izayoi -,8995.65,8824.65,1431,29789914
21544962,player1712,9291.19,8824.33,-179,29789904
12683426,Retep,9310.85,8824.20,-166,29789904
14688804,pieceogg,9576.79,8823.91,-1125,29789896
11817520,ZNDMON,9357.71,8823.85,-256,29789902
24948698,Artackni,9308.85,8823.77,287,29789904
33200437,dok1tori,9603.89,8823.39,-1097,29789895
15736743,superrbaha,9209.79,8823.32,115,29789907
14263102,SillyCat-,9465.31,8823.00,-654,29789899
11579261,zapierdalam,9140.48,8822.21,49,29789909
11425117,dumb idiot,9194.98,8821.51,299,29789907
18408177,No0b_Gaia7,9367.05,8821.41,-98,29789902
9456836,Kyruem,9243.12,8821.26,-350,29789906
10925181,vxx,9194.07,8821.12,100,29789907
12062155,Nevarinn,9045.91,8821.11,1526,29789912
17542514,shirai,9490.72,8820.77,-875,29789899
12465523,Ninja Fortnite,9371.23,8820.67,-168,29789902
10128258,invasim 9,9373.48,8820.58,-538,29789902
2292186,Minos with qsc,9032.25,8820.58,955,29789913
15173032,franqtee,8921.37,8820.51,1395,29789916
17550529,Sylkian,9269.38,8820.45,-31,29789905
6737541,Lauta,9237.61,8820.31,-66,29789906
11351901,makemymind,9439.77,8819.63,-688,29789900
4869346,Afmun,9296.85,8819.62,-347,29789904
17061386,kovik52,9297.95,8819.25,-377,29789904
20388810,B l u w u,9324.47,8819.15,-179,29789903
9689246,AlexzGib,9226.2,8818.97,-530,29789906
13424405,hanc,9393.32,8818.38,-353,29789901
13033612,Nachtara,9339.96,8818.35,-750,29789903
17729190,Tekti,9536.07,8817.47,-950,29789897
12935494,Yumeira,9335.75,8817.14,-671,29789903
30268187,ka1angel,9426.61,8816.67,-698,29789900
26199136,BOBAH,9394.29,8816.45,-611,29789901
10824521,the ball man,9616.63,8816.22,-1087,29789895
8549010,Nanahira Lover,9147.4,8816.10,412,29789909
3316473,danielroxas,9355.32,8816.08,-421,29789903
15742087,hais,9170.7,8815.63,831,29789908
13308673,Satonu,9460.1,8815.59,-200,29789899
16801821,[ Bimbo ],9227.52,8815.41,178,29789906
6142454,TheDustOfTimes,9044,8815.24,1324,29789912
9910913,carmen winstead,9012.94,8815.22,933,29789913
10220711,Jamscone,9237.16,8814.98,317,29789906
15803723,TripleR,9522.01,8814.58,-1027,29789898
23736599,Candysour,9311.59,8814.48,162,29789904
17823380,macdo123,9138.71,8814.37,153,29789909
16120345,kiopk,9239.72,8813.59,-80,29789906
2700600,WhiteOnion,9191.35,8813.36,230,29789907
13623276,githalt,9465.91,8813.09,-737,29789899
19812694,Sa1l3,9475.87,8811.78,-820,29789899
21260233,ICLTSPMOSigma,9551.52,8811.58,-1222,29789897
36108988,- TknHoshino -,9278.94,8811.23,-237,29789905
4690632,_Violence,9175.24,8810.80,292,29789908
7304238,Dakimakura,9049.19,8810.79,859,29789912
25293584,z9hehe,9445.4,8810.04,-639,29789900
18493550,Saren,9044.79,8809.91,652,29789912
10643960,rnuxk,9202.23,8809.28,996,29789907
11364488,Wappler,9461.65,8809.08,-820,29789899
15397715,pi4life,9398.57,8809.06,-851,29789901
12044848,kenshi57,9005.11,8808.79,1140,29789913
15769839,HulkSmash,9345.6,8808.73,-479,29789903
20286003,ang9r,9516.36,8808.55,-993,29789898
9199427,geelherme,9249.1,8807.85,287,29789906
4284673,Candina,9460.84,8807.78,-472,29789899
6632719,- Sugoi Sugoi -,9449.16,8807.63,-797,29789900
11081750,Sidetracked Day,9026.84,8807.56,239,29789913
9893271,wanisann,8935.74,8807.49,2069,29789916
4756128,citalopram,9688.12,8807.31,-485,29789893
11017141,gomii,8956.65,8807.24,1719,29789915
11914268,LimeFPS,9500.66,8807.08,-663,29789898
8255222,Ninkows,9216.03,8807.02,-162,29789907
6681837,PlayerName,9296.78,8806.50,-154,29789904
13021730,Oulo,8976.04,8806.44,1121,29789914
8995048,potatat,9124.82,8806.28,1113,29789910
13494882,mentos9885,9385.54,8806.10,-493,29789902
17437219,FiXsy,9448.32,8805.89,-755,29789900
8288987,Chachi,9381.54,8805.85,-691,29789902
13098880,MagicDP,9057.68,8805.56,622,29789912
9475189,-Marson-,9098.81,8805.18,603,29789910
8676266,Zylaxin,9237.04,8804.49,-320,29789906
19404632,H a u,9229.9,8804.20,-204,29789906
19516462,LuluPlaysOzu_YT,9428.76,8804.18,-509,29789900
10747159,Tenshii77,9392.43,8804.16,-915,29789901
13603115,727xi,9056.75,8803.53,951,29789912
15392791,Orizian,9223.72,8803.43,-205,29789906
13358859,Xazuto,9049.25,8802.97,416,29789912
33411488,jayjacksongh,9464.1,8802.67,-690,29789899
11789369,Haibane Renmei,9547.7,8802.55,-990,29789897
12993585,nontenbo,9042.23,8801.77,-39,29789912
11763130,BananaEater,8976.57,8801.66,1135,29789914
15288544,Moglix,9231.69,8801.54,-128,29789906
17212195,Scallop7555,9256.25,8801.35,-241,29789905
10711834,Tekutomodo,9470.77,8801.26,-1009,29789899
9535265,Lanzhou,9299.35,8801.13,139,29789904
20460602,hojo_satoshi,9146.22,8801.07,548,29789909
16831129,fvckjvne,9165.09,8800.79,-150,29789908
8197506,Qace,9008.01,8800.71,1439,29789913
25735838,Ramside,9096.06,8800.62,260,29789910
15401104,Qaslp,9300.71,8800.56,-213,29789904
8909292,electimon,9184.63,8800.43,68,29789908
15579560,Yushiro-,9357.86,8800.17,-414,29789902
8631426,[DEGXK_Ddrton],9192.08,8800.03,25,29789907
6577816,Dizco,9344.45,8799.98,141,29789903
12501688,minty-,9608.2,8799.52,-1229,29789895
11994302,OZZY BABY,9412.79,8799.30,-757,29789901
15928955,JPR,9408.84,8799.16,-821,29789901
23182890,BoTeus,9572.51,8798.65,-1274,29789896
14166008,Lee Ji eun,9406.43,8798.59,-483,29789901
24754211,nafi,9086.53,8798.33,-449,29789911
3457063,bemp,9229.17,8798.17,-268,29789906
33424194,Ace1fy,9180.49,8797.59,-449,29789908
28453857,ChewyMelon,9443.85,8797.18,-811,29789900
9931217,- Fubukiii,9123.57,8797.12,832,29789910
19466810,Cao Tien Minh,9246.43,8796.85,276,29789906
9049939,Amemiya Haku,8942.91,8796.70,1169,29789916
11167819,SaiZooo,9274.46,8796.67,219,29789905
13802777,IvaN_XXD,9580.44,8796.35,-840,29789896
12506411,KeqingMyBeloved,9064.5,8796.27,1187,29789911
19092126,TheRealArmin,9405.16,8796.21,-627,29789901
12665406,Jamachulel,9520.49,8795.77,-771,29789898
17232039,Fischl123475,9316.15,8795.75,-178,29789904
14390465,Hayasaka0,9347.23,8795.69,-607,29789903
10354402,Gothem,9561.12,8794.87,-1354,29789896
16293399,Bonzin,9063.35,8794.82,814,29789911
5130103,_Whink,9001.57,8794.60,819,29789914
13183561,Comick,9287.12,8794.58,-155,29789905
6752238,spr,8969.94,8794.18,1353,29789915
17456069,snackychan420,9447.98,8794.08,-1171,29789900
14847266,_Chris,9362.22,8793.12,-429,29789902
14109511,Hanabi -,9381.14,8793.11,-495,29789902
12219583,Babsmalabs,9462.03,8792.50,-486,29789899
18024402,Midiri,9244.39,8792.26,-64,29789906
4437927,Jtcantwell,9039.63,8792.03,775,29789912
18354871,lifelineFanGirl,9052.86,8791.29,870,29789912
23767970,astrofsx,9562.13,8791.22,-1200,29789896
18361516,Cinny_,9066.95,8791.22,359,29789911
15149506,Acciaw,9341.53,8790.94,-156,29789903
7802004,RegGerom,9329.23,8789.79,37,29789903
18248856,Khimchi,9478.39,8789.70,-1006,29789899
24595723,Rekkit,9475.44,8789.64,-968,29789899
7627013,Trigonoculus,9122.23,8789.57,652,29789910
18450729,bunny,9343.12,8789.50,-83,29789903
5333154,alion02,9313.51,8789.09,-488,29789904
16840855,wijqay,9424.19,8788.72,-389,29789900
10730531,naews,9198.91,8788.62,-15,29789907
15078085,SweetTiramisu,9026.71,8788.39,650,29789913
15698142,Mozeebra,9086.71,8788.20,230,29789911
21239199,CrimzonSound,9075.39,8787.99,708,29789911
4647975,Aoi kyoukai,9204.08,8787.98,376,29789907
19418309,Vernwerg,9250.56,8787.94,-206,29789906
2840460,Ariazi,9026.76,8787.82,906,29789913
9908494,funtick,9397.61,8787.63,-425,29789901
5538537,Jamo,8933.91,8787.49,998,29789916
16032342,AngelPoon,9012.48,8787.07,659,29789913
8734530,KA55U,9278.59,8787.04,-4,29789905
18607342,Kheops,9120.17,8787.04,346,29789910
12375207,[ [wolf] ],9214.29,8786.93,-207,29789907
16367768,Skbdi tolet Lol,9642.03,8786.63,-1382,29789894
5901885,Procedeus,9228.63,8786.60,-24,29789906
19253068,-gosu,9388.77,8786.25,-697,29789902
21771077,sui-vee,8993.63,8786.00,1423,29789914
9847570,riconeac,9362.43,8785.96,-633,29789902
8066129,Dayvudd,9177.5,8785.62,346,29789908
19159804,INERT1A,9558.91,8785.54,-1410,29789896
6547790,BertGry,9176.93,8785.16,90,29789908
14927422,Gengaozo,9287.03,8784.38,141,29789905
9852120,PabloPenguin,9472.52,8783.62,-538,29789899
13304486,vrsov,9283.89,8783.55,-499,29789905
14270304,Zlor,9377.33,8783.00,-473,29789902
9072438,Schach,9233.95,8782.99,274,29789906
4416938,Goldknightx,9041.33,8782.63,1047,29789912
16153443,kiyotoo,9345.77,8782.34,-739,29789903
11210825,-LemoN,9222.94,8782.17,-229,29789906
10130111,NotCreative_,9081.11,8781.88,456,29789911
16499676,BLapoABCD,9284.12,8781.36,-532,29789905
18109572,na1d3,9306.86,8780.80,-1101,29789904
17630593,Mooccdor,9210.88,8780.50,-23,29789907
18870174,vcera,9223.94,8780.09,-75,29789906
9558754,dob,9415.64,8779.81,-753,29789901
12761707,-TC,9457.08,8779.59,-1018,29789899
12079220,Taikoto,8930.62,8779.10,1013,29789916
12318252,Caroxxi,9230.57,8778.97,-116,29789906
10425536,Jawy_,9322.29,8778.65,-234,29789904
9768311,Xenoray,9135.96,8778.52,734,29789909
18724736,envy_,9293.41,8778.36,-602,29789904
7108313,Mr Zagred,9157.06,8778.04,52,29789909
10390354,MADAMADAKING,9155.34,8777.97,-111,29789909
25312134,Meladic,9332.63,8777.90,-1192,29789903
7157608,Arkaeic,9105.67,8777.72,1151,29789910
4517636,Odexalagnia,9243.94,8776.95,581,29789906
20945486,esroyres06f,9333.16,8776.58,-485,29789903
2167082,brute,9116.9,8776.34,76,29789910
6857375,Beatrice,9179.83,8776.21,12,29789908
8133870,AziiFox,9251.79,8776.02,-275,29789906
16477409,Wedware,9523.08,8775.94,-1176,29789898
20212225,Lumish264,9171.73,8775.84,162,29789908
21603876,Kurayomi,9383.89,8775.62,-717,29789902
10461853,Forleks,9429.57,8775.50,-788,29789900
6375386,Jck,9123.68,8775.41,911,29789910
4199136,Hinshi Raito,9142.42,8775.36,214,29789909
12531484,Fountain,9291.59,8775.00,-426,29789904
8747957,toastloading,9259.99,8774.84,114,29789905
17325741,bsuch83,9176.33,8774.68,125,29789908
2786413,Jacob,9082.26,8774.53,643,29789911
21744112,bubuo,8946.47,8774.33,684,29789915
10426253,Moeta,9020.3,8773.74,580,29789913
20022229,pot de miel,9514.12,8773.42,-1207,29789898
7095800,96013M88,9314.73,8772.49,-566,29789904
15200981,I HAVE BLOOM,8988.88,8772.20,726,29789914
18106599,Kuiby,9393.62,8771.69,-609,29789901
15734955,jjjjj_gura,9432.93,8771.41,-894,29789900
32554080,Lukas_,9455.36,8771.25,-1067,29789900
32858484,Ipsae,9248.51,8771.20,-370,29789906
5221058,finalbang4,9311.38,8771.17,-239,29789904
12315503,QweAsdwarf,9267.62,8771.12,-432,29789905
15532094,fatalex,9401.24,8770.56,-966,29789901
10066534,anxs,9333.96,8770.19,-182,29789903
16372584,ZeeZaww,9425.28,8770.17,-701,29789900
10105486,vuitnam,9317.88,8769.90,-521,29789904
17049536,Paydro,9286.16,8769.84,-392,29789905
15667154,-molly,9365.14,8769.80,-596,29789902
11544115,gaphyl,9260.78,8769.64,-115,29789905
12048752,Ryuii,9207.06,8769.61,335,29789907
2709588,Tabby Bee,9009.1,8769.61,591,29789913
28663011,Hxppy464,9301.14,8769.02,-310,29789904
5286078,Moreon,9067.62,8769.00,350,29789911
17631095,_flazee,9295.21,8768.89,-495,29789904
13993169,Explode,9337.87,8768.71,-304,29789903
2708049,blai,9248.97,8768.35,99,29789906
11397623,Sweedy,9362.65,8768.08,-507,29789902
3333079,Lacunose,9346.36,8767.07,-632,29789903
10954080,Hiniature,9448.72,8766.94,14,29789900
32671212,nightmxr3,9304.61,8766.89,-75,29789904
10447432,lyxa,9010.84,8766.39,810,29789913
16985835,Eia,9234.39,8766.30,-260,29789906
14370621,Slotcore,9220.08,8765.91,-359,29789907
14189899,Novaco,9117.97,8765.69,504,29789910
14342642,Nodal,9028.8,8765.44,1111,29789913
16931813,Sni7pe,9259.37,8765.11,-397,29789905
11546399,KihachuOwO,9210.29,8765.09,335,29789907
8802964,Goxxa,9298.19,8764.94,-436,29789904
11006504,BlackNe,9328.61,8764.76,-512,29789903
1686908,Nanashi-,8967.17,8764.42,1197,29789915
21622646,Scaryz,9422.19,8764.40,-681,29789900
22102419,maximdeb2014,9426.98,8764.20,-654,29789900
18522853,Beanon,9345.33,8763.88,-721,29789903
17811331,jimboooo,9361.3,8763.70,-721,29789902
19686199,Arkanjl,9224.76,8763.44,102,29789906
34323353,-Rosmontis-,9054.3,8763.11,126,29789912
6806503,raikoh,9308.24,8763.04,-648,29789904
16567824,pdddro,9098.6,8762.70,861,29789910
2448399,rusteye,9175.05,8762.69,24,29789908
21949886,diesel,9185.42,8762.59,-1101,29789908
11694799,_Taiki,9115.02,8762.37,368,29789910
629091,Kana,9059.62,8761.87,383,29789912
17942146,FUWA FUYU,9363.9,8761.37,-1094,29789902
14251772,Zyn2k,9205.85,8761.07,-494,29789907
14284427,Reds,9163.43,8760.89,355,29789908
9917989,sil boy,9317.06,8760.37,-205,29789904
11161495,tama-sama,9187.61,8759.99,184,29789908
20674528,I hate slider,9372.15,8759.91,-511,29789902
9352494,laserbullen,9113.91,8759.82,628,29789910
15502724,Natsume Ai,9017.15,8759.70,646,29789913
6562959,Selend,9227.23,8759.52,-111,29789906
11585310,- euphoria -,8919.2,8759.23,929,29789916
1794903,xtend,8965.18,8758.86,1606,29789915
18691631,Fatersun,9126.95,8758.16,-398,29789909
17051624,evyatar123,9167.58,8757.56,-56,29789908
4865451,Ale,9128.2,8757.35,8,29789909
17638188,chewycx,9014.07,8756.81,778,29789913
8775498,-Nico GG-,9485.38,8756.73,-1192,29789899
11591132,MieszkoW,9061.32,8756.04,264,29789912
34959337,Panzer4OSU,9028.38,8755.54,402,29789913
14551937,Kirisuto,9195.81,8755.34,223,29789907
12646654,Palcsi,9279.06,8755.30,-59,29789905
12537412,dexas,9260.1,8755.29,-508,29789905
6812563,Ouress,9042.75,8755.07,722,29789912
2132093,3xEB,9061.21,8754.83,1076,29789912
22353983,trash game,8955.59,8754.58,861,29789915
29714081,self[harm]ony,9446.04,8754.06,-1025,29789900
12346071,aliber rasulov,9171.29,8753.61,253,29789908
17018207,Astrosu,9404.64,8753.54,-828,29789901
14893688,Yaetrna,9319.52,8753.45,-449,29789904
8048490,ReserMaitX,8953.31,8753.23,844,29789915
15978491,justinakio,9115.75,8752.51,176,29789910
10488599,DakyYT_,8971.99,8752.38,-34,29789915
18328561,TeGaLeX15,9116.06,8752.02,65,29789910
14107185,garfen_tun,9452.33,8751.34,-862,29789900
16117452,bellmona,8954.77,8750.69,928,29789915
13260792,BBC Enjoyer,9143.76,8750.26,279,29789909
32828245,Haribo19,9424.86,8749.15,-791,29789900
10844558,BringTheChaos,9036.46,8748.73,851,29789912
10247076,NM2,9398.5,8748.69,-853,29789901
18329577,Mevded,9223.03,8748.68,-129,29789906
11219006,_aycelia,8938.49,8748.63,847,29789916
3009960,HottoCocoa,9163.11,8747.15,638,29789908
6078056,Huei Naduki,9037.67,8747.03,1250,29789912
23080780,- lostt,9530.14,8746.89,-1164,29789897
4860447,N o o b,8934.42,8746.78,991,29789916
28190010,lococi_top,9014,8746.61,746,29789913
12134988,CLOWNKILLER,9276.92,8745.98,-266,29789905
15676701,sIowz,8949.71,8745.91,911,29789915
6388387,Goombs,9310.93,8745.90,-748,29789904
9832597,FaKeKeper,9005.69,8745.37,294,29789913
24753984,KuperHDDT,9021.12,8745.29,310,29789913
6275784,Slato,9014.38,8745.16,1378,29789913
13710782,makkgmr,9282.79,8744.89,-212,29789905
18680615,pose,9246.97,8744.76,-63,29789906
15997249,koisoysauce,9131.98,8744.46,423,29789909
16277145,Lukioto,9081.59,8743.77,349,29789911
2194763,Antares-,9043.75,8743.52,138,29789912
27484511,KierrXD,9075.52,8743.26,400,29789911
13464446,Austin-,9415.72,8743.23,-593,29789901
6925441,jiaxunjason,9226.88,8743.10,-52,29789906
12436114,Gamepro23,9213.59,8742.71,-93,29789907
6493109,MommysKitten,9060.43,8742.49,138,29789912
9952899,mrufuf,9341.69,8742.40,-452,29789903
14427985,LaZR0,9496.59,8742.36,-777,29789898
23111153,quines,9155.99,8742.08,43,29789909
10771308,Midiru,8958.81,8742.05,759,29789915
2565831,-Cento,8932.37,8741.96,990,29789916
14918094,Kenzi34,9289.47,8741.76,-294,29789904
29125355,Yomi Yuri,9182.08,8741.51,-511,29789908
27092091,Sangt0,9062.95,8741.41,264,29789911
18784443,Cy sama,9355.91,8741.35,-629,29789903
1942184,Jamker,9073.01,8741.18,435,29789911
34262773,enn,9092,8741.03,499,29789911
7335841,joKing,8993.85,8740.40,586,29789914
29669327,epicman4324353,9185.6,8740.17,188,29789908
15762494,ilikeyuri,9242.79,8739.71,-269,29789906
15210930,KonKoniLou,9149.58,8739.47,-362,29789909
12583524,lmaolol69,9048.65,8738.98,566,29789912
3064025,TheMatsku,8933.4,8738.46,675,29789916
17537089,lovombo,9146.4,8738.24,109,29789909
10638863,- dark,9429.51,8738.11,-849,29789900
11093605,Neotopisch,9047.88,8737.96,673,29789912
21363649,QtG,9235.27,8736.78,-255,29789906
10469033,sdaiber2,9085.83,8736.36,230,29789911
14240902,Snw,9388.63,8736.29,-754,29789902
15086501,overwatchsfdd,9089.98,8736.16,477,29789911
20195782,Smokey01,8942.75,8735.85,1409,29789916
15695379,[Gohim],9140.11,8735.63,282,29789909
5178590,-WiD,9109.66,8735.63,159,29789910
12482759,armpitlover69,9352.87,8734.41,-434,29789903
8548331,ddd1,9024.7,8734.29,654,29789913
25907051,bqru,9409.16,8734.22,-714,29789901
15749971,[Maxy],9508.95,8734.18,-1203,29789898
10344658,Ayrie-,8959.74,8733.88,654,29789915
32164514,Cyxn,9092.46,8733.73,-911,29789911
6911558,Iago G Cruz,9193.77,8733.64,-52,29789907
11750800,Dooneh,9267.48,8733.37,-491,29789905
20528674,JayItsYou,9355.78,8732.69,-745,29789903
6213334,HaileN,9327.16,8732.66,-216,29789903
37631278,ordnajela,9339.61,8732.50,-910,29789903
19090427,Altero_,9341.48,8731.82,-660,29789903
12114393,KiwiYG,9289.32,8731.00,49,29789905
4083329,terrifying,9436.68,8730.93,-765,29789900
8023912,Oloi,9325.08,8730.59,-624,29789903
28021530,Reevel,9301.45,8730.52,-218,29789904
4521937,Speedy Ben,9079.17,8729.69,835,29789911
18311092,Nacki,9399.88,8729.49,-752,29789901
11024594,eraki,9360.47,8729.31,-826,29789902
14911099,Sombreroo,9168.8,8729.30,48,29789908
19206990,mkensu,9235.91,8728.67,-434,29789906
18021056,HKUSTenjoyer,9269.58,8728.44,-485,29789905
16393398,kenjoo,9410.83,8728.18,-853,29789901
3852530,Arenth,9011.65,8728.10,907,29789913
4219530,Cynosure,9022.34,8727.41,826,29789913
10794738,loog,9024.13,8727.14,1152,29789913
1465947,keikonakuru,9013.94,8726.76,1520,29789913
10063316,S3Mango,8981.55,8726.13,735,29789914
18681359,puzzle,9000.93,8725.98,964,29789914
8026066,Axta,9336.54,8725.72,-689,29789903
9730265,mallax_akbar,8991.29,8725.53,870,29789914
21631052,DonutStorm,9455.44,8724.81,-1256,29789899
14414480,Top4guy,9487.43,8724.72,-973,29789899
7889571,New Jersey,9200.34,8724.17,187,29789907
17236395,IRySmyAngel,9251.58,8723.73,-371,29789906
9179661,KJK252iwnl,9271.79,8723.53,-498,29789905
13752247,player 228,9228.75,8723.07,-270,29789906
11581514,Miyakobestgirl,9167.38,8722.83,-181,29789908
23664366,Putzy,9245.76,8722.70,-587,29789906
9834961,aaaaa,9418.76,8722.55,-934,29789901
23764542,luneteo,9191.06,8722.23,-199,29789907
28462115,tkr,9335.38,8722.03,-771,29789903
9897006,Youitchi,9189.82,8721.98,195,29789908
3306777,khan,9103.15,8721.76,790,29789910
12422931,Wapichurri,9342.13,8721.75,-957,29789903
10154981,Luci,8947.1,8721.68,879,29789915
65724,NEDEAAAHHHH,9367.45,8721.65,-633,29789902
32295926,ChubNubonOSU,9387.69,8721.15,-763,29789902
13733856,Kryczak,9286.97,8721.09,-363,29789905
17028924,Danyok19,9491.49,8721.03,-979,29789898
11126230,Cristobal1324,9000.64,8720.97,964,29789914
21420113,Infringement,9357,8720.45,-761,29789902
5209873,artem2007,9005.86,8720.38,1097,29789913
9168869,Kozio,9411.09,8720.36,-672,29789901
8334724,matsubishi,9029.94,8720.28,259,29789913
14222865,konacore,9372.21,8720.25,-868,29789902
13180834,Astralinkk,9328.94,8719.79,-294,29789903
6517985,-Mush-,9168.72,8719.61,135,29789908
9798829,KaPPaStorm,8988.42,8719.42,365,29789914
14802547,whofuddle,9405.08,8719.40,-804,29789901
12704965,henry04,9172.7,8719.21,-184,29789908
5000924,Toileri,9187.71,8719.06,-190,29789908
19785142,Kermo,9156.09,8718.88,-10,29789909
35455334,Pioye_,9134.63,8718.61,-345,29789909
31842102,i miss it,9229.55,8718.20,-727,29789906
24571537,Junortz10,9563.77,8717.91,-1427,29789896
21620495,NXKLE LEAF CHAL,9510.84,8716.77,-953,29789898
14538909,Cliffe,9215.49,8716.73,-345,29789907
10805834,Nive_Chan,9323.13,8716.29,-396,29789904
29748992,DefinitelyHuman,9577.41,8715.93,-1450,29789896
2140681,- Carl -,9075.77,8715.77,650,29789911
2419478,[ Pustules ],9352.43,8715.28,-462,29789903
13589238,Gemsilica,9107.66,8715.25,57,29789910
5377178,Minorsonek,8974.07,8714.68,759,29789914
11579921,Thrylos,9025.06,8714.60,668,29789913
3879250,shasukara,9144.62,8713.75,-152,29789909
3198753,Arasheo,9424.27,8712.97,-751,29789900
33360586,Mizaki,9066.25,8712.16,-1300,29789911
10890997,AMieur,9348.3,8711.63,-648,29789903
22321179,zsayko,9175.79,8711.39,-571,29789908
15796707,moby,9200.68,8710.97,-543,29789907
10804149,koreliu,9100.06,8710.90,318,29789910
15878173,Hirxsawa,8985.1,8710.89,216,29789914
3024488,nurture,8950.01,8710.84,1044,29789915
36227144,Agoostin,9218.81,8710.72,363,29789907
4573558,ericplaysosu,9399.7,8710.67,-1291,29789901
9886408,09 Randy Orton,8997.45,8710.65,864,29789914
6541630,[ Dari ],9098.14,8710.36,297,29789910
10088727,alexdoong,9330.13,8710.24,-763,29789903
13594983,Lynette,9011.25,8709.59,973,29789913
6801297,weby,9201.06,8709.57,-295,29789907
10769644,0z0ne,9160.34,8709.22,9,29789908
22102275,Spiff,9165.3,8709.20,709,29789908
10488182,Milk-Kun,9372.57,8708.93,-844,29789902
11480308,-Remi-,9269.31,8708.59,-74,29789905
19469056,kenzzzz,9072.03,8708.39,170,29789911
5326319,DooDooButtButt,9432.38,8708.32,-862,29789900
18010171,Tofaa,9295.07,8707.94,-296,29789904
12879724,CassiNach,9166.74,8707.32,-19,29789908
1267750,Jloon,9292.52,8707.25,-429,29789904
6757493,Rekoe,9099.63,8706.95,-17,29789910
15608573,blunket,9231.31,8706.39,-327,29789906
16851125,KEDAINIAI,9211.49,8706.28,-293,29789907
11576271,Chrom_a,8976.28,8706.11,709,29789914
9479842,IceFX,9133.72,8705.88,115,29789909
2852816,MikaXD,8955.96,8705.78,1420,29789915
11660656,Alief Gila,9177.61,8705.59,-246,29789908
18109812,Rowlet,9480.87,8705.42,-1159,29789899
4765794,pwae,9093.2,8705.38,717,29789911
14151986,Wi2Rs,9128.98,8705.25,141,29789909
5115311,Kojack,8965.71,8705.03,613,29789915
8840120,Ryuyah,9451.99,8704.78,-1076,29789900
23139927,emacikass,9331.11,8704.78,-918,29789903
22146221,-Grass-,8968.84,8704.62,521,29789915
7871972,ily,9348.23,8703.90,-1107,29789903
24752641,Secretboy,9423.53,8703.85,-869,29789900
6353097,Agochi,8988.65,8702.80,259,29789914
19938762,jerrielmfao,9326.87,8702.66,-769,29789903
22547106,Imotaru,9024.32,8702.08,519,29789913
8046710,Siory,9043.15,8701.81,527,29789912
12859996,MemeMachine21,9168.03,8701.31,8,29789908
12556563,Samm,9169.15,8701.04,-163,29789908
14439582,-[Ash]-,9208.63,8701.00,-574,29789907
12996250,DTHR,9060.19,8700.58,342,29789912
5283475,naria,9153.55,8699.68,-13,29789909
17363708,Aruchl,9226.46,8699.28,-555,29789906
37082895,nepopan,9443.07,8699.22,-942,29789900
9847780,regggedit,9265.48,8699.20,-327,29789905
7094447,erone26,9011.81,8698.91,808,29789913
16227484,BUTCH SMlTH,9264.1,8698.72,-777,29789905
19186968,Atomium,9442.16,8698.59,-1108,29789900
9362168,Seleen,8954.12,8698.41,2276,29789915
14087059,toxciry,9119.46,8698.37,-301,29789910
15609673,ImPilou,9031.08,8698.11,-212,29789913
16041159,o3o3o3o3o3o3,9362.82,8697.76,107,29789902
21364718,pure_conpollo,9482.16,8697.71,-1210,29789899
34068119,yurq,9124.13,8697.63,293,29789910
15690410,ges,8964.38,8697.16,798,29789915
27818219,heptadic,9116.65,8696.99,-601,29789910
2167069,Pandadesu,9084,8696.99,223,29789911
4656290,DerSolo,9353.18,8696.97,-715,29789903
12017896,ToasterCat,9202.34,8696.60,-402,29789907
7638335,Deze,9417.66,8696.47,-806,29789901
11558544,HosimachiSuisei,8943.94,8696.37,1353,29789915
16713164,_mgc_,9018.1,8695.80,775,29789913
15751922,SoPqnda,8947.86,8695.65,645,29789915
33614684,tastygrave7896,9356.94,8695.47,-932,29789902
21016141,Audici,9383.02,8695.38,-989,29789902
17153384,Blipblo,9190.13,8695.14,-183,29789907
10657984,togibana,9034.27,8695.02,180,29789912
16833395,[SHK]qazoop,9084.68,8694.87,155,29789911
3491714,Krandino,9127.28,8693.78,-18,29789909
14902719,Black-,9268.43,8693.66,77,29789905
17265712,Pollyus,9109.87,8693.45,42,29789910
21896770,ipren,9083.27,8693.10,-662,29789911
7675972,AngelBoi,9101.6,8692.49,392,29789910
28765279,xcnv,9208.83,8692.27,-440,29789907
18052873,Acillac,9214.61,8691.82,-632,29789907
31110860,ralsii,9348.72,8691.24,-753,29789903
12684943,amatsukaUto,9201.64,8691.21,-406,29789907
10601270,Beer Sheva,9126.83,8690.62,604,29789909
11174152,g4z1r,8973.57,8690.52,824,29789914
17427568,Milktaro,8943.83,8690.11,609,29789915
21618853,ernie,9322.09,8689.61,-979,29789904
24091433,pinktape,9450.62,8689.47,-1178,29789900
12367703,fYZER,9133.47,8689.24,21,29789909
10717268,nickvonhier,9273.61,8688.89,-714,29789905
19643135,tsushiroll,8982.36,8688.48,1002,29789914
15577361,BradIsRad,9052.35,8688.20,119,29789912
8568265,flameless,8942.44,8687.62,762,29789916
6900708,Spells,9072.3,8687.14,646,29789911
7950786,willie,9314.58,8687.01,-677,29789904
7317147,TheChaozEmperor,9149.06,8686.81,44,29789909
30749461,xaezy,9405.47,8686.74,-1089,29789901
12763959,ameponzu,9065.52,8686.19,456,29789911
20544827,SONIX871,9230.07,8685.44,-343,29789906
30167951,-hazel-,9289.99,8685.01,-792,29789904
8051206,0rie,9096.12,8684.78,278,29789910
18281785,lrex,9335.94,8684.77,-473,29789903
6868198,RetardViko,9367.59,8684.76,-663,29789902
13334825,bugMari,9221.02,8684.43,-448,29789906
11929867,zSmoxKe,9076.56,8684.15,168,29789911
5393499,ItzCern,9477.07,8683.30,-1014,29789899
18628006,xek,9247.48,8683.11,-468,29789906
7540728,Smokes,9365.9,8682.81,-968,29789902
6868487,Nang,9089.52,8682.76,-368,29789911
11911363,ashamed,9288.99,8682.74,-655,29789905
18444928,hobl72,9383.64,8682.56,-970,29789902
14869297,Ryuji,9115.93,8681.55,64,29789910
11273927,Zeeno,8944.29,8681.46,721,29789915
20119089,Maccs,9149.42,8681.02,-104,29789909
21588303,Taitou,9103.73,8680.40,421,29789910
14714793,aterawok,9235.21,8679.88,-349,29789906
12235442,imaimashi,9247.39,8679.67,-230,29789906
13133011,Uchinku,9107.51,8679.58,35,29789910
12315824,-Aku,9138.99,8679.24,-39,29789909
34980512,lilsayo,9222.69,8679.23,-648,29789906
22751969,flowerfield_,9126.32,8678.92,-296,29789909
22338202,Quark,9358.82,8678.86,-783,29789902
16910531,reflex,9277.07,8678.68,-493,29789905
10176803,PSIXOPATKA,9016.24,8678.53,112,29789913
14314355,Seidaia,9288.31,8678.50,-374,29789905
3486230,Knighty-,8920.55,8678.42,314,29789916
15590672,Nekfeu,9292.74,8677.68,-707,29789904
20628885,fxbr1ce,9194.32,8676.52,-523,29789907
32956789,AxolotlW,9332.28,8676.49,-623,29789903
12051764,oopoo589,9363.11,8676.42,-616,29789902
26095913,facel3ss,9341.96,8676.39,-824,29789903
6051693,NakuruFan01,9008.12,8676.26,660,29789913
9506300,samppa432,9176.54,8675.88,-302,29789908
13102152,sehyen63,9213.83,8675.82,-216,29789907
16908838,Sammytap,9286.08,8675.33,-141,29789905
17423941,-Micro,9221.08,8675.26,-510,29789906
10584064,TheOliverBoy,9407.51,8674.92,-1006,29789901
14041220,worst hr pIayer,9023.22,8674.90,118,29789913
4809916,Kefan,9205.01,8674.47,-164,29789907
12298895,amazeco,9218.99,8674.21,-390,29789907
13315994,ArticFish,9283.43,8674.08,-705,29789905
12143250,innocentDE,9122.33,8673.62,122,29789910
22074885,AccountWontWork,9282.06,8673.48,-128,29789905
22871068,JMBDragon1,9163.77,8672.77,-475,29789908
9084659,Cllyde,9013.67,8672.44,1021,29789913
27808979,Kasimir08,9160.52,8672.12,-410,29789908
13288542,MixxxD,8959.01,8671.44,596,29789915
22454288,DraconicRage,9058.08,8671.27,-300,29789912
23935824,joycircled,9382.25,8671.06,-935,29789902
24227299,jamesyeer,9140.6,8670.87,-300,29789909
9935532,Nurbieone,8926.37,8670.83,777,29789916
22278620,Mini_Neji111,9370.92,8670.21,-598,29789902
19371191,RockingSushi,9198.73,8669.87,-225,29789907
17269072,Rupjmaize,9215.38,8669.23,-73,29789907
11501164,M_1kS,9442.5,8669.20,-1069,29789900
3494003,[ Lili ] 2,9090.84,8669.15,318,29789911
8327369,boywife,9039.95,8668.53,236,29789912
10681145,Kochikochi,9189.99,8668.37,-301,29789907
15898862,PIE230,9085.12,8667.94,-138,29789911
12280208,Vincentcf,9323.8,8666.14,-768,29789903
33816335,TheoR3,9293.1,8665.80,-886,29789904
14840568,Mentoss97,9500.79,8665.18,-962,29789898
10424384,To My Limit,9236.41,8664.99,-277,29789906
9956589,HUBERCIKK,9222.59,8664.97,-470,29789906
10910765,Cao Mi Le,9095.59,8664.47,462,29789910
10889686,Mr Dumafist,9031.72,8663.88,-260,29789913
18531711,memjamim,9218.53,8663.22,-694,29789907
16381708,atana,9338.09,8662.88,-873,29789903
10568172,cmroki,8969.57,8662.61,668,29789915
3600549,arth,8965.88,8662.54,700,29789915
20289500,miaklo,9388.07,8662.48,-1077,29789902
14244473,yownis,9419.17,8662.44,-975,29789901
12708052,Blonk_,8934.27,8661.99,873,29789916
16080763,Nescauu,9258.05,8661.97,-528,29789905
10815122,Bleenk,9127.02,8661.34,-40,29789909
14660492,Rokari,9074.44,8660.87,-71,29789911
18328343,stepple,9298.92,8660.41,-737,29789904
17096254,Alvin,9180.41,8660.06,-393,29789908
12750767,EVA-317,9421.45,8659.58,-1312,29789901
29984260,wiiik,9138.04,8659.44,460,29789909
16828855,youka,9339.05,8659.37,-986,29789903
12857805,- EmmaJus -,8994.88,8659.03,269,29789914
11160048,Bepco,8978.59,8658.72,502,29789914
2962554,Harui,8961.17,8658.47,194,29789915
11390612,Tokharya,8927.45,8658.44,373,29789916
9467611,ktmr,9242.23,8658.18,75,29789906
1327122,EkinoTz,9276.72,8657.90,-654,29789905
24789103,BIoom Into You,9183.78,8657.84,-222,29789908
7036065,LANTENG,9059.4,8656.96,-18,29789912
8340028,Taps,9323.67,8656.57,-658,29789904
13869921,[AE-86],8984.01,8655.87,197,29789914
11951842,Rymuwu,9165.23,8655.77,231,29789908
18207999,davd,9285.86,8655.57,-790,29789905
20139137,KritsAGC,8985.69,8655.57,747,29789914
9179964,Kayziix,9088.91,8654.19,133,29789911
14888376,Bilboum,9129.86,8654.17,-64,29789909
9834623,Tokai Teio,9071.3,8654.02,-57,29789911
16576018,yourthful,9356.74,8653.99,341,29789902
28178576,Bl4zEPTX,9220.17,8653.80,-480,29789907
8576293,OsuSven,9105.3,8653.67,164,29789910
14265924,TudiOriginal,9147.88,8653.31,-133,29789909
9275130,Waffle-,9020.72,8653.18,557,29789913
12000574,-pinecone,9314.35,8652.30,-776,29789904
4049348,WaldaW,9024.39,8651.53,242,29789913
24981433,LoljandeHD3213,9196.23,8651.17,-301,29789907
4582968,- Pungza,9028.23,8651.10,401,29789913
22937028,Ancientbeast868,9206.5,8649.14,-727,29789907
12351697,JabkaKiller,8959.68,8648.91,679,29789915
16303912,Vanty,9001.16,8648.18,309,29789914
9606647,Agouka,9175.15,8648.17,-191,29789908
7781923,Aymbaut,9318.33,8647.51,-140,29789904
17842513,- Cutenickel -,9266.04,8647.40,-1011,29789905
9378646,Claushmaga,9101.73,8647.17,-83,29789910
33419945,sippincoke,9139.32,8646.31,308,29789909
11865515,Izomraktar,8999.24,8646.30,827,29789914
9739344,Sem Kef,9179.17,8645.99,-324,29789908
12989326,Charnapi,9157.13,8645.92,-163,29789909
11765007,114,9138.46,8645.61,-341,29789909
12382038,TrojanQ,8934.09,8645.05,661,29789916
19983826,-Del-,9108.81,8644.82,-325,29789910
6139746,Dedaj,9325.55,8644.33,-835,29789903
35440641,j0hny_,9246.91,8644.31,59,29789906
7533086,igorplay123,9120.93,8643.03,-483,29789910
19124268,-Franky,9065.65,8642.23,-467,29789911
13843101,kawaizem,9048.47,8641.83,-111,29789912
23851717,Natsumi98,9326.05,8641.06,-924,29789903
25693713,PandaLHP,9272.57,8641.00,-408,29789905
15853047,Capricciosa,9153.87,8640.99,-391,29789909
10332811,ByeDreamZ,9005.58,8640.43,34,29789913
14981802,Inkl1ng,8969.32,8640.38,-44,29789915
23905367,sleepyandreas,9197.54,8640.26,-147,29789907
19899500,Easykid,9315.38,8640.19,-743,29789904
18905040,Mildlyannoying,9109.1,8639.99,-108,29789910
14568255,7ava,9003.22,8639.80,369,29789914
18292970,Jarcu,9161.98,8639.53,-434,29789908
13203638,Amagi,9021.9,8639.46,167,29789913
14839539,_Karinana_,9197.82,8639.42,-193,29789907
12877172,doko,9100.29,8638.96,-564,29789910
21441925,unbalenced,9274.95,8638.54,-603,29789905
13837558,Domiuau,9093.84,8638.49,-220,29789911
30424802,ChiroYuki,9081.33,8638.33,-319,29789911
13577903,wintale,9354.4,8638.24,-666,29789903
36010802,Blinoeb,9312.35,8638.05,-963,29789904
2686293,WORSTPOLACKEU,9055.78,8637.71,200,29789912
16480465,Quy An Keo,9045.52,8637.22,244,29789912
5415236,NotuTya,8996.06,8636.41,567,29789914
11437857,catair,8950.46,8636.09,564,29789915
28561704,PUBLICEXPOSER,9154.18,8635.96,29,29789909
4562776,Triskie,9125.08,8635.56,364,29789909
14205568,KY3EN32,9313.34,8635.30,-825,29789904
16834148,FaQxD,9269.04,8635.24,-801,29789905
3206030,LyHank,9041.61,8634.95,573,29789912
15465758,Bad Aim Chromix,9060.56,8634.03,151,29789912
11372627,-confusion,8945.44,8633.95,884,29789915
8828638,Maidesu,8974.15,8633.21,330,29789914
23134307,Diego6716,9109.97,8632.98,40,29789910
13660419,tales,9163.99,8632.95,-676,29789908
27433195,chokorimu,8991.85,8632.83,-67,29789914
11695432,DeQiu,9143.61,8632.42,-215,29789909
15382697,zaWarT,9019.06,8631.84,-406,29789913
16445100,urlocalhabibi,9079.86,8631.78,-39,29789911
15748083,DDakDae,9049.52,8631.78,77,29789912
10323428,FalseStatement,9337.33,8631.22,-726,29789903
11385192,Rayfry,8950.7,8630.58,381,29789915
11445886,gwaa,9232.74,8630.54,-224,29789906
29775871,DenZCool,9028.86,8629.73,-493,29789913
9661461,forzenyubi,9080.8,8629.56,-239,29789911
20695254,chud son,9360.03,8629.46,-702,29789902
10136279,-Lemonyyyy-,9193.9,8629.11,-185,29789907
10406127,Lepsa,9138.89,8628.95,70,29789909
19273479,Shoruu,8993.19,8628.83,-1,29789914
8767648,Blizzn,9017.93,8628.79,376,29789913
15533947,Backwords,8942.97,8628.32,687,29789916
7146208,Upload,9036.13,8628.31,-40,29789912
11076551,FunkyFrags,9269.16,8628.13,-1045,29789905
21957813,The Laygo Movie,8941.02,8627.38,0,29789916
36401882,MoralF4ck_,9261.99,8627.22,-977,29789905
10133922,Veh,9215.02,8626.91,-398,29789907
11386678,Mizerrr,9149.94,8625.99,-407,29789909
29178377,vasyakiller1337,9344.76,8625.95,-1086,29789903
18058126,Rintarou_Okrabe,9334.21,8625.39,-1020,29789903
29591822,- Hatsune Miku,9330.65,8625.21,-1094,29789903
14145539,Hematemesis,9088.2,8624.75,-215,29789911
17305710,[Asterisk],8962.17,8624.52,660,29789915
12915552,Roseeeh,8941.9,8624.19,696,29789916
7196781,cafezin baum,9201.53,8623.81,-379,29789907
11539639,_Octavio,9232.02,8623.44,-790,29789906
2850104,m t g,9053.27,8623.37,45,29789912
18752489,Atsdha,9198.23,8623.31,-660,29789907
17996494,Agata Phonk,9387.37,8622.66,-987,29789902
25025824,Evil727,9142.94,8622.34,-406,29789909
11244866,Thanone,9177.87,8622.10,-401,29789908
5137051,Stylez521,9092.78,8621.80,82,29789911
7062800,Jegler,9257.1,8621.50,-202,29789905
8515600,Sentences,9208.52,8621.40,-379,29789907
14646163,NWA_EpAr,9248.63,8621.34,-769,29789906
23902737,zixby,9071.48,8620.51,-199,29789911
10402984,sinky,9339.53,8620.50,-881,29789903
20701553,thefemboy666,9269.44,8620.46,-850,29789905
21946715,[V v],9178.17,8620.46,-201,29789908
9024130,undozs,9174.06,8620.35,-638,29789908
14765820,[MG]Lunar,8941.35,8619.89,762,29789916
30468564,catrii,9093.09,8619.32,-305,29789911
14949408,BallinBee727,9211.02,8619.28,-459,29789907
16843196,kerabell,9184.79,8619.18,-588,29789908
15621507,Ritsy,9095.72,8619.00,-21,29789910
8397914,sooky,9068.08,8618.93,75,29789911
15796504,Redring,9105.85,8617.46,-194,29789910
19568517,silversnax,9119.54,8617.27,-680,29789910
25524059,Redefault,9077.39,8616.94,-120,29789911
20385383,zonef,8970.58,8616.76,408,29789915
9890753,SirShyLordy,8989.42,8616.59,53,29789914
12267432,Kydess,9022.14,8615.88,441,29789913
15713280,macalopo,9262.22,8614.89,-618,29789905
14337536,Silvafoxx,9160.17,8614.64,-915,29789908
19808913,0nura,9280.22,8614.58,-768,29789905
35577613,Cobalt13,9395.62,8614.09,-1294,29789901
9851804,vro,9218.63,8613.91,-468,29789907
10229383,ShadowRin,8980.72,8613.78,272,29789914
14277551,SockNosok,9124.59,8613.59,-527,29789910
15959312,KotaDayo,9203.23,8613.41,-567,29789907
17493320,Sorasaki Hina,9091.29,8613.29,-197,29789911
31012257,Shichiha,9248.45,8613.14,-780,29789906
17095412,EatTheW,9301.31,8613.13,-1274,29789904
24027044,AngelPad_YT,9249.25,8613.07,-742,29789906
8386533,Ze_Lord999,9004.92,8613.04,121,29789913
15489364,aurae,9201.12,8612.35,-496,29789907
34274601,KroZ,9316.26,8611.99,-920,29789904
26031453,chairIess,9284.02,8611.94,-572,29789905
15038269,_KukiCZ_,9324.69,8611.81,-842,29789903
38870867,btrx,9148.56,8611.59,-201,29789909
11034401,yihn,8978.16,8611.20,179,29789914
11198366,Jamoues,8976.72,8611.03,289,29789914
13999710,Ksori,9236.63,8610.68,-791,29789906
20284209,si_hyun,9196.13,8610.48,-542,29789907
12983970,Kertunic,9069.5,8610.39,-38,29789911
11280215,faste,9148.96,8610.37,-306,29789909
18052129,Excuses,9010.63,8610.04,-96,29789913
8399973,Cocho,8967.98,8609.93,400,29789915
14228057,Marullo,9240.15,8609.63,-616,29789906
3584319,hakcerkid,9027.05,8609.60,-172,29789913
14109266,maxnut,9209.64,8609.03,-493,29789907
7887714,salem,9347.33,8608.30,-1206,29789903
10515985,sealz,8971.36,8608.17,141,29789915
8989440,yurri_p,9255.91,8607.99,-572,29789905
1068073,Fonsaey,9196.28,8607.73,-504,29789907
18175850,breaddddddd,9150.86,8606.56,-576,29789909
15823322,samimidawa,8945.23,8606.33,625,29789915
7372084,Joey Wheeler,9182.5,8605.96,-359,29789908
4207811,Hiranaka,9051.28,8605.55,56,29789912
12925539,butter dog,8993.93,8605.37,351,29789914
10724839,Fumear,9215.65,8605.33,-441,29789907
26212356,aeriya,9151.78,8605.33,-523,29789909
14247534,ZZZleepy,9118.18,8605.33,-255,29789910
17565668,Footchi,9270.95,8605.09,-869,29789905
18617305,wohnie,8985.19,8604.73,44,29789914
2052511,Hino,9067.14,8603.73,153,29789911
12839846,milord21,9138.3,8603.26,-509,29789909
9536855,avidz,9399.14,8603.11,-296,29789901
14702977,Pym,9139.18,8602.51,-443,29789909
10927473,Zekleft,8949.64,8601.64,491,29789915
15155777,usermad,9235.71,8601.23,-761,29789906
10727174,skqldi,9025.23,8601.12,134,29789913
20385250,-Meii,9027.74,8601.00,-146,29789913
12250316,Taiko Sigma,8984.8,8600.96,731,29789914
12716259,Zenix_k31,9278.88,8600.85,-959,29789905
10669802,adrooh,9129.97,8600.02,-377,29789909
9313736,Janex_,9155.04,8598.54,-641,29789909
8783852,LevathiaN,9003.12,8598.39,206,29789914
18559186,OmegaPopper,8968.59,8598.35,167,29789915
28446579,Lotus7,9102.8,8598.28,-722,29789910
19572291,hollowmg,9047.46,8597.97,-387,29789912
13746925,luiztsuki,9369,8597.46,-1093,29789902
34696300,- Kedi -,9159.57,8596.96,-739,29789908
9913364,FCGiel,9185.81,8596.92,-640,29789908
16197406,XxOrbitxX,9083.39,8596.85,-199,29789911
24652466,BluntDestroyer,9165.86,8596.78,-641,29789908
13158396,Yagi,9286.55,8596.77,-1010,29789905
12508328,immersefv,8972.71,8596.67,618,29789914
32672136,Elexy-,9037.17,8595.38,-221,29789912
22328518,minasen,9077.46,8595.26,-244,29789911
14687667,MoonCubed,8935.82,8594.98,254,29789916
23123025,kaniki,9023.71,8594.35,182,29789913
12201127,NootOW,9039.75,8594.04,86,29789912
3283468,DokiPon,9093.78,8593.37,44,29789911
17820309,nunca,9181.49,8593.14,-689,29789908
7694786,carts,9189.23,8592.72,-499,29789908
9948284,Maki Konuri,9066.82,8592.63,22,29789911
20704956,Twistedreality,8932.75,8592.14,262,29789916
12177090,ICYPhoenix,9270.33,8591.48,-791,29789905
12892522,DJ-,9094.52,8591.22,-341,29789911
11511458,Rinne_0,9014.2,8591.20,130,29789913
13893663,kakashidayo,8952.64,8591.12,183,29789915
18857711,-Souei,9073.85,8591.00,-303,29789911
17979346,twoboats,9341.01,8590.98,-1052,29789903
5447229,jaybyabut,9148.03,8590.03,-300,29789909
9801206,yukayuyu,9045.2,8589.67,437,29789912
20758295,Wristslittr,9034.06,8589.21,103,29789912
29763113,No-riki,9151.2,8588.66,-391,29789909
11884894,Aemi,9177.26,8588.56,-580,29789908
11520751,oVeRlOrD1,9034.16,8587.85,177,29789912
15350614,Krisli,9043.81,8587.49,-489,29789912
17576199,Lionelick,9152.43,8587.45,-321,29789909
10725467,michaelscarn60,9371,8587.18,-1376,29789902
21831217,ItzMiko_,9152.51,8585.84,-1017,29789909
31465030,irm,9140.84,8585.08,-437,29789909
14445233,worst hu player,9137.92,8584.67,-103,29789909
8108148,KazeYaze,9208.21,8584.23,-520,29789907
6390781,SakuraFrost225,8973.73,8584.22,100,29789914
8172901,DixAway,9183.4,8584.21,-568,29789908
17644851,LogThc,9183.46,8583.99,-545,29789908
31688492,JD14121,8962.28,8583.93,189,29789915
20280061,Ayorii,9122.92,8583.73,71,29789910
25639920,p0123,9013.89,8583.63,-635,29789913
4926291,epes2001 773,8964.29,8583.37,426,29789915
18902655,part 7 jotaro,9292.17,8583.00,-716,29789904
13530793,Syne,9031.5,8582.23,414,29789913
9244865,perlastrent123,9039.55,8582.16,252,29789912
22450296,Hinazawa,8957.91,8582.09,7,29789915
26417741,Fluxiger,9313.99,8582.07,-1158,29789904
15109933,ReapyBoi,9093.54,8581.91,-210,29789911
8369677,Placek21,9031.97,8581.32,-522,29789913
12573046,Khabib,8945.31,8581.29,603,29789915
10029187,SomeGenPanda,8990.15,8581.09,240,29789914
17073008,-396,9155.5,8581.03,-518,29789909
37137064,AREA XIII,9359.34,8581.00,-1084,29789902
32398176,Masayume,9174.75,8580.66,-477,29789908
20952638,ayalol,8954.01,8580.51,731,29789915
13339390,4zora,9294.11,8580.49,-888,29789904
17339514,Manuuou,9395.78,8580.26,-1053,29789901
16994044,Ceeloss,9384.99,8580.25,-1176,29789902
14756688,[Kmv],8959.2,8580.08,81,29789915
20661519,Clap21_Rokasbtw,9058.71,8579.23,-374,29789912
1655717,- Alive -,9038.06,8578.45,-113,29789912
23716192,hoku_osu,9091.37,8578.39,-140,29789911
17565489,tripppo,9099.72,8577.36,-737,29789910
15921930,SacredShrine,9113.39,8576.99,-176,29789910
12905098,Default_Blonde,9007.75,8575.87,-122,29789913
17468189,kirbrisun,8933.62,8575.81,-46,29789916
13589079,MathiFan,9159.96,8575.33,-732,29789908
9511205,poes,9130.29,8575.18,-126,29789909
9641366,Lowstroy,9118.76,8575.14,-356,29789910
17818065,_js,9194.4,8574.44,-624,29789907
9874447,-kiN-,9115.46,8574.27,-369,29789910
16417986,Ninym-,9184.93,8572.22,-566,29789908
17985510,Shay Merp,9202.51,8571.84,-753,29789907
15512176,Axeer,9116.7,8571.67,-568,29789910
11630749,-Reiko,9241.55,8570.54,-659,29789906
27990009,3vc0ph,8999.46,8570.52,-216,29789914
10539357,Mizuke,9252.96,8569.68,-1139,29789906
9489702,TypoFanGirl,9070.29,8569.61,-631,29789911
5149256,Baldi,9178.38,8569.37,-358,29789908
9910514,Jump Farmer,9081.51,8568.91,-268,29789911
8299757,YTshanongaming,9010.38,8566.69,20,29789913
11625148,[Toaster],8948.1,8566.09,358,29789915
5952101,Mutantrabies,8937.42,8565.96,598,29789916
7712657,Catawba,9109.38,8565.71,-19,29789910
4101254,maybeAghost,8918.99,8565.70,499,29789916
11312973,TBNRblue,9196.71,8564.89,-520,29789907
11026352,Rupo,9133.78,8564.75,-377,29789909
889331,Cint,8973.62,8564.48,-12,29789914
21784483,Xanax,9022.77,8563.10,54,29789913
6207107,KizuGotar,9029.69,8563.08,134,29789913
10796044,Apollone,9169.42,8562.82,-804,29789908
9197580,Serdar,9021.53,8562.66,59,29789913
12056483,halovu,9237.83,8562.55,-301,29789906
37675659,fookurapivo,9312.92,8562.11,-1068,29789904
10775859,Haassy,9116.97,8562.08,-612,29789910
4898467,EiW,8963.98,8561.55,263,29789915
22130362,sh1nsu,9239.35,8561.37,-943,29789906
6502040,Ene Chan,9210.42,8561.22,-612,29789907
33817349,catism,9273.31,8561.12,-639,29789905
15087388,Eemil,9149.21,8561.06,-909,29789909
22352697,Nexpeon,9125,8560.95,-786,29789909
14395299,blafispowers,9147.97,8560.27,-739,29789909
15654636,PlasmaVolt,9215.8,8559.82,-601,29789907
9043560,blanc,9238.61,8559.50,-622,29789906
7070896,Shirayuki Hina,9255.72,8559.36,-937,29789906
27043475,jumpfarmer11,9120.88,8559.31,-611,29789910
9611401,diyo,9043.42,8559.28,7,29789912
9520295,-meru,8951.42,8559.05,299,29789915
13804176,fdmkowm,9044.65,8558.98,35,29789912
17066466,Ghoul1,9026.97,8558.58,-116,29789913
17400004,Tonor,8977.08,8558.21,353,29789914
36963238,09X,8948.3,8556.91,-594,29789915
2335907,ahh,9003.45,8556.34,239,29789913
23343286,Delicious_Fart7,8998.71,8556.23,-410,29789914
4735435,Miuyarai,8955.21,8556.19,386,29789915
7004822,suc,9002.87,8555.64,-331,29789914
2302140,boyan,8984.59,8555.45,423,29789914
6529421,Afropig,9073.11,8555.19,-363,29789911
3674872,MrTrapa,9128.48,8555.09,-527,29789909
18680044,chillyy,8988.94,8553.94,-378,29789914
36305617,kiy0taka,9108.58,8553.28,-732,29789910
17100833,KittyCatto,9169.22,8553.09,-140,29789908
7298776,Ice Tea citron,8952.2,8551.20,559,29789915
20313227,Jeseija,9106.91,8551.00,-106,29789910
11801407,KladVomzin01,9069.1,8550.89,-332,29789911
5318316,Senski,9294.66,8549.99,-783,29789904
18013166,GACHI69,9248.86,8549.73,-1050,29789906
34164072,rcar321,9102.26,8549.16,-396,29789910
12930778,Womble,9009.6,8549.15,106,29789913
11262034,Exxxxx,9191.84,8549.04,-557,29789907
12899970,KeS_Play,9193.31,8547.90,-692,29789907
9983035,Lamsu,9234.55,8547.67,-927,29789906
10403270,YKLS Be Like,9165.51,8547.45,-502,29789908
8076075,Prch,8993.76,8546.74,-146,29789914
13776087,I And a Stupid,9168.4,8546.73,-554,29789908
12233762,Gibus,9068.18,8546.29,-482,29789911
1677784,[WonYoungie],8978.82,8545.77,-343,29789914
14162368,kayul,8951.77,8545.19,264,29789915
10886911,koji,9006.87,8544.80,147,29789913
19432276,mal_bex,8963.67,8544.74,-294,29789915
12280906,singlrty,9245.21,8544.19,-999,29789906
15872196,bbydoll,8958.14,8543.61,182,29789915
4663628,nuggetchama,9114.07,8543.08,-566,29789910
25014172,tasou256,9272.28,8542.11,-963,29789905
12215962,Ole Kaktus,9051.74,8541.65,-138,29789912
32311582,Aqours,9075.08,8541.35,-641,29789911
18793259,abssttract,9091.66,8541.14,-494,29789911
21138904,fua,9119.34,8540.94,-285,29789910
14440241,P1ved,9106.38,8540.84,-517,29789910
17169328,ankakung101,9074.11,8540.42,-589,29789911
10889664,Fretful4830,9183.69,8540.38,-597,29789908
7409391,98acc,9179.33,8540.35,-592,29789908
12109419,SliderBroke,9215.97,8539.99,-971,29789907
18176558,Lysitra,9090.19,8539.84,-701,29789911
14036201,derrpeg,9170.24,8539.76,-733,29789908
15956248,moosemonkeyryan,9199.57,8539.68,-870,29789907
5090016,Scorpioon,8957.5,8539.35,363,29789915
20653721,Enlos,9120.38,8538.50,-265,29789910
14461021,Heise[B]berg,9082.37,8538.29,-152,29789911
19889796,jorge,9163.34,8538.18,-586,29789908
17414105,Intiew,9133.08,8538.13,-625,29789909
12151795,KeitaroDias,9018.65,8538.10,-403,29789913
16400018,bangol,9204.56,8538.06,-767,29789907
31820938,flampkin_,9235.61,8538.05,-920,29789906
12405588,CTWxd,9079.64,8538.01,-708,29789911
9250660,TRIF,9234.92,8537.81,-1074,29789906
11416040,[ Kangurek ],8985.42,8537.74,-285,29789914
22942234,cev,9035.64,8537.69,-166,29789912
13923613,Chronoa_,9153.17,8537.29,-649,29789909
18360878,_tek,9046.24,8536.85,-601,29789912
14216824,Lyqee,9099.87,8536.68,-230,29789910
23776535,enjoy game p1z,9105.43,8535.86,-713,29789910
20859732,LiZiShu,8932.17,8535.47,-871,29789916
12874054,instinctiously,9093.68,8535.15,-617,29789911
8913773,Balto,8994.23,8534.49,254,29789914
14381877,L1Only,9137.58,8534.25,-483,29789909
15263545,A Fat Fish,9084.27,8534.20,-301,29789911
22225935,tyler,9187.56,8533.87,-526,29789908
15569107,Kurutta,9065.81,8533.86,-457,29789911
19058189,d0a,9188.89,8533.18,-794,29789908
13135192,Faelynn,8931.86,8532.04,-197,29789916
14973013,neizawa,8919.49,8531.65,431,29789916
17350839,SSage-,9199.9,8530.48,-727,29789907
3691817,Kren,8939.68,8530.27,-120,29789916
10888411,Setsoku,8983.36,8529.82,187,29789914
7856858,Islla,8936.78,8529.64,63,29789916
4863096,Malai,8991.54,8529.30,144,29789914
26887722,KingFu__,9098,8528.48,-511,29789910
17879143,327Jamie,9294.29,8528.21,-1096,29789904
7576752,Aganigichu,9163.54,8528.01,-205,29789908
18751060,wrem,9198.54,8527.92,-740,29789907
23613430,ainoway,9054.23,8526.84,-386,29789912
14996289,Penguin Lover,9252.07,8526.69,-1033,29789906
17557033,XAxeroz_,9164.88,8524.86,-647,29789908
7274005,Excalurn,9033.47,8524.69,103,29789912
31079190,Reishi-,8938.76,8524.43,-186,29789916
10413842,CQC007,9172.04,8523.44,-1062,29789908
20838986,SealadIsBad,9044.93,8522.94,-25,29789912
9601607,Fanyatsu,9013.42,8522.73,-90,29789913
14005547,-Dan1l-,8986.44,8522.15,-196,29789914
10713545,sanjinhu,9045.79,8521.50,-313,29789912
8398021,[Realis],8942.83,8520.39,594,29789916
13653060,Leap29,9233.04,8520.24,-1162,29789906
10492745,Megly,9153.76,8520.14,-580,29789909
11690891,VENHAMBURROS,9144.51,8520.09,-742,29789909
33141911,IceTeeaTea,8978.37,8519.67,1462,29789914
3922364,Darnol,8922.68,8518.94,181,29789916
22691178,Dwego,9124.01,8518.42,-525,29789910
36132415,Luturnix,8978.88,8518.39,-600,29789914
6518949,nub,9003.97,8517.86,165,29789913
7210595,IvanGO,9206.02,8517.76,-899,29789907
12051880,vpezz,9207.25,8517.37,-800,29789907
30736841,FURRYFEET1,9015.08,8517.34,188,29789913
16147592,Enthralling,9322.73,8516.88,-848,29789904
14373390,Knee Cutter,9101.14,8516.71,-514,29789910
17195689,Horchiee,9196.88,8516.29,-809,29789907
23062824,offline mafia,9153.65,8515.93,-701,29789909
13771078,Arthur_030,9258.57,8515.66,-1197,29789905
10701875,s0me,9014.84,8515.59,83,29789913
23605412,Khidir Karawita,9009.54,8514.76,-350,29789913
12808255,Spiderbat,9153.36,8514.40,-539,29789909
31694397,freakychocolate,9094.92,8514.09,-497,29789910
17571744,xolostyak1337,9086.35,8514.01,-599,29789911
10167120,Rise893,9209.21,8513.45,-950,29789907
10742940,irontorg,9099.17,8513.42,-661,29789910
18429626,_yuy_,9285.26,8513.11,-1035,29789905
14040195,Evv_Osu,9318.2,8512.47,-1200,29789904
16323358,Roofedskydiver6,9064.23,8512.46,-310,29789911
16987040,ReiJun,9001.47,8511.23,-359,29789914
7364902,Voiga,9045.03,8510.89,-544,29789912
15807562,Komoro,9116.36,8509.84,-867,29789910
7554042,pillowcase,9105.13,8509.71,-550,29789910
6757445,czr,9016.96,8509.11,232,29789913
7380252,Nene_,8921.47,8508.48,145,29789916
20949647,Sagun,9122.61,8508.39,-462,29789910
12832395,Roestvrij Staal,9002.42,8507.85,-220,29789914
11893247,nano desu,8987.45,8507.57,-407,29789914
14719114,Sliderlink,9219.52,8507.31,-1153,29789907
16130896,Megumin914,8938.22,8506.95,-127,29789916
9567805,GuardianRazer,8933.22,8506.45,249,29789916
11442964,BlueWatch_,9095.46,8506.33,11,29789910
35684504,Muucta,9146.8,8506.18,-761,29789909
16739177,sportsclurb,9035.86,8506.04,105,29789912
30254742,Ling_tw,9043.33,8505.73,-484,29789912
19788726,D4ne_X,9042.06,8505.05,-702,29789912
9298185,DeathPheonix,8991.41,8503.68,-18,29789914
37032239,STELLALALALA,9152.91,8503.64,-978,29789909
17658172,burntbubblebuns,9124.07,8503.42,-836,29789910
11353280,climm,9087.97,8503.26,-405,29789911
7438863,Cowaii,8972.17,8503.09,-186,29789915
12326498,Ouro-Kronii,9022.59,8502.83,-470,29789913
27381558,qxuenzx,9066.44,8502.65,-278,29789911
37464098,varkuta,9052.8,8502.32,-718,29789912
14883582,Nyperage,9024.97,8501.98,-174,29789913
35020908,4Y4T4K4,9151.64,8501.31,-669,29789909
12433926,vulpes owo,9098.06,8500.08,-702,29789910
32935604,Qukix,9166.12,8499.87,-860,29789908
12102232,Vindrue,9031.18,8499.77,-216,29789913
9076145,feldq,9123.47,8498.51,-507,29789910
15021435,-STRIX-,9114.67,8498.34,-820,29789910
1596946,Bier,8948.79,8498.12,-174,29789915
12220766,pommed,9099.3,8497.84,-592,29789910
18516753,Rex with a T,9059.84,8497.84,-940,29789912
20256861,Ributracking,9121.15,8497.56,-550,29789910
17318101,waaal,9141.34,8497.51,-877,29789909
11261674,Vinhelm,9012.09,8497.46,-289,29789913
21385433,Sn1pes,9000.78,8497.42,-528,29789914
12220088,drrlsjr,9051.12,8497.28,-168,29789912
11187466,Bursucu99,9058.2,8497.26,-403,29789912
17212675,CarrotFrenzy,9168.47,8496.43,-723,29789908
9432021,TmanGamer,9096.37,8495.83,-951,29789910
32336027,_Nutty_,9062.73,8495.83,-467,29789911
10238090,fejgok,8987.39,8495.50,-251,29789914
30311525,exsite,9089.41,8494.84,-630,29789911
35322371,InXeonX,9212.18,8494.11,-923,29789907
19119757,temp1,9056.3,8493.88,-327,29789912
8350178,Sped,8990.96,8493.34,-624,29789914
19036792,iofin,9150.43,8493.26,-601,29789909
10397571,Scarlet Remilia,9160.82,8492.88,-707,29789908
17943372,DoogMoth,9050.74,8492.77,-209,29789912
16917037,Bloom Target,9134.22,8492.16,-937,29789909
22910322,waswaswaswas,9150.74,8492.06,-889,29789909
15424091,Skyscrapr,9291.08,8491.40,-1219,29789904
19812630,Family Guy,9269.52,8491.35,-1252,29789905
15789953,wxnted,9290.07,8491.04,-1262,29789904
13813273,herro112,9037.86,8490.25,-149,29789912
16790998,-gary0926-,9121.66,8490.19,-531,29789910
25970734,Angel Flandre,9166.58,8489.32,-1142,29789908
14709563,DragonK1ng,9142.72,8489.05,-753,29789909
12136512,alicemiku,8962.49,8488.98,56,29789915
10504394,Ayvenn,8936.55,8488.58,49,29789916
18475027,maxlime3,9252.13,8488.53,-1186,29789906
12108301,Gurkenmann,8942.53,8488.29,190,29789916
11579982,Zait,9006.81,8487.73,-383,29789913
25206046,Slaby5Digit,9132.6,8487.65,-901,29789909
10248474,FART LORD,8959.79,8487.04,-502,29789915
13964254,Miu Amaha,9171.2,8484.43,-900,29789908
16687599,OK Computer,8998.42,8484.40,-546,29789914
15403734,recentgamer90,9000.24,8484.37,-434,29789914
26762250,Hyunnah,9028.7,8484.15,-235,29789913
34101045,Phailure,9085.03,8484.10,-529,29789911
14582854,ilovemumei,9093.44,8483.76,-588,29789911
4453667,superluigiguy45,9202.94,8483.69,-1177,29789907
16729213,Pikolin70,8941.56,8483.62,-378,29789916
14487478,At0m1k,8948.9,8483.43,270,29789915
18472036,Autism0,8987.95,8482.95,-353,29789914
25554700,[ Nooby ],9119.02,8482.76,-895,29789910
11020158,replica noob,8986.58,8482.53,-460,29789914
17187251,710,8930.82,8482.37,7,29789916
16305347,Kotonaru,9280.04,8481.94,-1178,29789905
6703521,IControlYou,9022.26,8481.67,-305,29789913
5391901,Virtuosite,9014.7,8481.60,-371,29789913
23768359,892hf9ihiuda,8964.9,8481.26,-437,29789915
16413210,matmat7605,9110.73,8480.44,-421,29789910
12373100,spooky1202,9194,8479.43,-403,29789907
27535322,texia10521,9044.88,8478.74,-305,29789912
10087365,Soii,9071.61,8478.63,-612,29789911
17602696,saymen1200,9054.9,8478.29,-246,29789912
26340643,jak3XD,9108.47,8478.27,-644,29789910
21815688,Boness,9037.61,8477.75,-482,29789912
20175423,MEFRI,9167.16,8477.63,-797,29789908
14224180,Kolta,9008.28,8477.49,-474,29789913
36719404,Gargoshmel,9263.5,8476.89,-1141,29789905
30333713,DerToteTyp,9125.87,8476.67,-866,29789909
13886623,kino 444295 -xX,9091.17,8476.47,-794,29789911
33688329,Phuchung1234,8923.26,8475.99,-76,29789916
13537131,K0Jl9H,9111.44,8475.71,-770,29789910
13381374,zak1e,9041.92,8475.47,-407,29789912
8033294,TIKKA,8979.7,8475.47,-253,29789914
10736721,Aquus,8940.64,8474.99,-6,29789916
12136108,New ZeaIand,9052.19,8474.48,-360,29789912
12064172,Mimikqyux,9077.28,8473.89,-483,29789911
17847880,Acu Miracle,9217.63,8473.44,-858,29789907
18461207,aiyz,9042.59,8472.80,-721,29789912
8785154,Tye,9253.61,8472.27,-1276,29789906
9872563,Thof,8996.27,8471.82,-162,29789914
28069179,Wencomen,9135,8471.21,-870,29789909
8486823,Shleepy,8950.95,8471.10,318,29789915
19093834,_percy,8971.2,8470.44,-247,29789915
18144664,Nimacos,9090.76,8469.48,-702,29789911
15779538,Sentra,9192.35,8469.41,-958,29789907
13040237,Meeeme,8981.97,8469.29,-582,29789914
30052640,realizator,9090.34,8469.08,-865,29789911
26511452,spritedoor,9118.56,8468.40,-709,29789910
5586871,Rapple,9046.73,8468.24,-492,29789912
10508355,Kahojin,9063.51,8468.22,-521,29789911
18976739,adrt,9002.63,8468.01,-372,29789914
12463402,K1rrubieL,8922.41,8466.53,-175,29789916
26985250,MalinQ,9068.25,8465.82,-782,29789911
1366863,Racy,8923.69,8465.78,-334,29789916
4430650,- Eric -,9148.71,8465.52,-721,29789909
12117255,PERMANENTIZ,8966.97,8464.46,-322,29789915
16997964,Asuna 7,9241.98,8463.61,-1052,29789906
15880592,500s,9124.94,8463.56,-738,29789910
22420629,Harry Kane,9181.67,8463.41,-689,29789908
16890295,reyzaa-,9097.43,8463.13,-1046,29789910
23692612,Lilwiam,9076.82,8463.10,-576,29789911
21104761,T0shiyuukii,8924.49,8462.54,149,29789916
12187977,UlyanaNya,8920.23,8462.08,-684,29789916
18473778,Mai-Sakurajima,9088.61,8462.03,-757,29789911
8040002,Pach,8924.03,8461.72,-256,29789916
13771477,Darren422,8968.36,8461.61,-136,29789915
27322066,harry huynh,8970.06,8461.42,23,29789915
9221036,wilsen,8986.87,8460.75,-215,29789914
32285001,EnvyMD_,8962.34,8458.07,-613,29789915
14942888,cxzxx,9082.55,8457.79,-757,29789911
14352412,takuzz,8953.72,8457.68,-134,29789915
8729924,Kraggi,8940.88,8457.60,-355,29789916
454182,jhonddr,8967.35,8457.48,144,29789915
18400130,egozi,9083.54,8457.05,-855,29789911
9287347,Btqu95,9041.19,8456.82,-188,29789912
16302665,cxrpseee,8982.06,8456.79,-246,29789914
21081223,Nuclear Reactor,8964.76,8456.44,-401,29789915
8438143,Trilinear,8963.08,8456.18,-164,29789915
15121577,Tr1xz,9190.06,8455.94,-1031,29789907
17044019,LittleNebula,8982.12,8455.70,-547,29789914
11826166,Bheader,8926.72,8455.57,69,29789916
25406489,Van DarkhoIme,9221.59,8454.89,-963,29789906
36076626,worst nm player,8988.23,8453.77,-665,29789914
22417587,zajoha,9082.71,8453.75,-613,29789911
17891869,Tanvir,9082.64,8453.75,-604,29789911
24335917,nichijou,8976.23,8452.38,-380,29789914
13144930,4me,9188.59,8452.23,-962,29789908
3366708,sweetblakcow,8978.76,8451.25,-305,29789914
12419926,hczt,8927.23,8450.84,-490,29789916
17474040,formysins,9184.12,8450.29,-986,29789908
5115345,mafuyun,9231.17,8448.89,-1263,29789906
10748973,LonyLock,9110.02,8448.87,-1063,29789910
29808311,kotax,8957.4,8448.70,-44,29789915
16756828,Anime_Troll,9086.98,8448.11,-831,29789911
8418081,Ronzabchu,9006.45,8447.34,-223,29789913
29542373,LMFuture,9125.27,8446.94,-649,29789909
6782551,simone1,9049.87,8446.50,-381,29789912
10338302,CarpalTunnel,8998.19,8446.41,-539,29789914
14685663,lxcn,9101.49,8443.95,-744,29789910
11071437,chelovek43,9007.09,8443.92,-89,29789913
17380635,AntonxKirito,9133.21,8443.62,-886,29789909
31494492,Mirai_Saku,8966.58,8443.53,-562,29789915
18718816,Fib_02,8929.11,8443.47,-37,29789916
16423813,adachi1,8925.07,8442.94,-342,29789916
15931289,heroin_player67,8983.9,8442.65,-329,29789914
21071708,HeadNoob,9153.82,8442.51,-1107,29789909
25188284,New Life,9070.57,8441.83,-564,29789911
12058063,Kryisu,9097.11,8441.55,-838,29789910
7343705,n e r o x,9006.54,8441.01,-332,29789913
12029842,lustrous,8978.5,8440.93,-525,29789914
28628224,won,9130.12,8440.00,-675,29789909
9501038,Phaisf,8995.06,8438.80,-733,29789914
19300413,- Pure -,9007.46,8438.39,-536,29789913
16217232,acellular,9135.36,8438.31,-967,29789909
10233032,zezzeebka,9057.47,8436.85,-706,29789912
4010354,idealnettles,8919.73,8436.41,-174,29789916
26086049,SGIR,8999.02,8435.94,-404,29789914
18009205,ayekas,9038.25,8435.59,-484,29789912
22680658,Yuta on hddt,9079.31,8434.99,-1031,29789911
12846190,BaLsNeR,8982.55,8434.88,-643,29789914
19940823,kxaoc,8990.51,8434.60,-451,29789914
16253155,quose,9068.78,8434.26,-752,29789911
14922110,Unamiii,8928.1,8433.18,-165,29789916
10912428,SwiftArcticFox,8928.36,8432.51,-270,29789916
18804785,kayji,9056.88,8432.26,-933,29789912
14110960,Jolerxz,9098.93,8431.67,-955,29789910
12196868,atreyu,9150.93,8430.20,-690,29789909
10308411,Nadji,9027.86,8429.77,-406,29789913
34589037,kuruk,9012.28,8429.22,-680,29789913
18662204,raaaandom,9043.87,8428.85,-1008,29789912
11838401,fumo,8940.16,8428.73,-245,29789916
22535677,xdxdd,9066.13,8426.39,-942,29789911
35916558,jooni698,9043.64,8426.30,-1241,29789912
10491153,Robert40,9012.19,8425.87,-665,29789913
33058586,Quinniom_best,8949.54,8425.31,159,29789915
12366759,Sliderbreakur,9053.22,8424.15,-647,29789912
5351310,odlewnyk,8961.45,8423.81,-323,29789915
13799612,Yuukiha,8963.26,8423.64,-876,29789915
18194710,JOrge P,9109.82,8422.37,-1167,29789910
8659155,whistand,8963.2,8422.18,-921,29789915
17104032,Speaki,9032.55,8422.05,-441,29789913
15311012,sddsjfhjksdf,9137.18,8421.80,-1035,29789909
13279819,[Axvyn],8959.89,8421.39,-443,29789915
14698631,ReinaSuki,9021.8,8419.91,-334,29789913
14182011,sleepengik1,9161.12,8419.14,-1014,29789908
18963761,AndreKang,9103.34,8419.03,-877,29789910
13510754,MistEclipse,9040.2,8418.85,-1123,29789912
37914305,kuraxi,9132.32,8418.47,-820,29789909
12985917,Ian TGW,9017.6,8418.45,-412,29789913
28870193,FLICKAT,9058.87,8418.33,-515,29789912
15532535,Utano,9166.02,8418.04,-989,29789908
26093361,iz6,8937.5,8417.83,-129,29789916
10484123,Brodi,9003.3,8416.65,-476,29789913
23630237,Juna Unagi,8924.86,8415.67,233,29789916
17776820,Petty_,8994.17,8415.41,-756,29789914
33622783,otakomaru,9043.01,8414.89,-442,29789912
13001817,antopointcool,8943.48,8414.04,-408,29789916
8935512,Ycno,8976.49,8413.83,-366,29789914
6202643,Arexl,8938.33,8413.61,133,29789916
9681634,Nexorous,8980.3,8413.21,-408,29789914
6340107,Izich,9211.56,8412.64,-707,29789907
10631018,Liyuu,9169.91,8412.53,-1252,29789908
15648194,dolq,9026.49,8412.23,-127,29789913
14610265,-osu,9055.68,8411.44,-429,29789912
25044606,lsoyezor,9194.45,8411.39,-1262,29789907
13869792,Yuko,9094.7,8410.74,-1192,29789911
14109422,Ponaoo,9035.38,8410.60,-945,29789912
2479300,zoer,8923.47,8410.25,168,29789916
12055633,T1 Minji,8932.28,8409.69,-148,29789916
21571548,kimza,9225.33,8408.99,-1141,29789906
981024,Lewd Larry,8994.74,8408.98,-731,29789914
12632143,Kannah_BR,8921.57,8408.46,-508,29789916
9879379,dayfly,9041.7,8407.63,-593,29789912
32630379,sirk3lkl1ker06,9018.75,8406.95,-443,29789913
17446506,JJHo,9044.47,8406.47,-643,29789912
11408400,THeFox315,9077.02,8405.30,-633,29789911
13826796,Hysz,8946.73,8403.92,-542,29789915
13771539,Murin,9041.09,8403.22,-603,29789912
16241476,Tankerlion727,9005.03,8403.14,-518,29789913
11241887,Drkbetrayer,9000.39,8402.55,-557,29789914
12795089,kotetsu-,8939.87,8402.04,-307,29789916
13646386,McalGorbitrough,8949.11,8401.99,-6,29789915
10664557,Neu2K,8927.96,8401.94,11,29789916
28645899,koiasana,9152.2,8400.64,-1085,29789909
16937289,andea,9031.28,8399.94,-688,29789913
30714467,Jomm Gardner,9113.02,8398.28,-1047,29789910
14462636,tadpole,8946.97,8397.74,-458,29789915
13588511,pacolism,9015.64,8397.27,-526,29789913
5438510,rahzee,8975.37,8396.93,-245,29789914
14826641,makarooner,9144.72,8395.92,-1003,29789909
26985102,Umekoo,8975.19,8395.61,-1071,29789914
17570548,moetroecycle,8946.34,8394.04,-835,29789915
8477385,LowPlayer,8989.25,8393.66,-601,29789914
13010391,Gibbsy,9004.2,8393.12,-474,29789913
19589948,tabbyteacat,9055.06,8392.93,-911,29789912
21803290,ijeqra,9102.98,8392.54,-1174,29789910
12532785,KAMPER1PL1,8939.07,8391.46,-149,29789916
17247387,Bartego,9017.71,8391.13,-798,29789913
11883905,epoch_,9051.37,8390.01,-658,29789912
11009449,XleboMatb,9034.96,8389.85,-383,29789912
14761594,nitrusz,9123.09,8389.06,-921,29789910
2947405,Ekin,9040.13,8388.22,-317,29789912
11273009,Swuki,8982.66,8387.08,-579,29789914
10267421,Baljan,8988.81,8386.55,-619,29789914
22586301,Hylu,9049.08,8386.41,-549,29789912
21362130,-Matty,8956.94,8384.15,-924,29789915
23830982,upperdice,8943.18,8383.78,-645,29789916
8813845,blui,9118.82,8382.25,-1136,29789910
23064343,nitoridayoooooo,8931.47,8381.69,-434,29789916
22090652,glstar,9005.26,8381.40,-544,29789913
14103871,misaki233,8984.69,8378.98,-286,29789914
10157425,Dvain,9068.95,8377.77,-760,29789911
13565278,Neumann,8949.21,8377.76,-337,29789915
8108279,_Khepri,9060.37,8377.66,-774,29789912
4867824,2deal,8934.2,8374.50,-120,29789916
21765588,TheOGBaka,9030.43,8374.07,-837,29789913
14387476,glittershitter,9033.2,8373.66,-250,29789913
23157750,FatCat_osu,9117.85,8372.80,-1188,29789910
16311494,ble,9145.28,8371.51,-1226,29789909
16504559,dal4ra,9033.86,8371.12,-691,29789912
13273449,Bl1tz_OwO,8960.98,8370.84,-809,29789915
11652651,wolaro,9039.24,8370.08,-700,29789912
37890864,NyassPotato,9016.8,8370.01,-918,29789913
11735944,blue toad,9128.05,8369.55,-810,29789909
5048348,Aw Yeh,9015.83,8369.45,-481,29789913
23185001,W1nter1,8931.66,8368.41,-275,29789916
19919448,Ascendants,8959.49,8368.34,-509,29789915
19960340,[ Mayumi ],8952.03,8366.51,-59,29789915
20388417,Erikillo,9067.83,8366.31,-482,29789911
9442581,Rockiezi,8986.71,8364.96,-789,29789914
34137231,cheesedayo222,9089.62,8364.13,-1121,29789911
32749601,pawell,8968.93,8363.73,-802,29789915
14028542,Dolphinio,9046.5,8362.65,-857,29789912
10491985,Rakuneera,9010.11,8362.02,-653,29789913
13421536,shziura,9021.45,8361.21,-660,29789913
12631476,Meiiyuki,8995.94,8361.08,-854,29789914
18091333,pinky965,8939.23,8360.98,-607,29789916
11762288,Flaminkko,8983.01,8360.16,-577,29789914
11565613,Macume,8918.25,8359.47,-395,29789916
28841460,betray,8948.97,8356.60,-766,29789915
34218223,entreskop,8968.52,8355.79,-709,29789915
14802767,your-mom,8958.57,8355.36,-642,29789915
31638675,passed,8993.44,8355.18,-1115,29789914
9274544,ReeStick,8960.13,8354.72,-734,29789915
14873235,Pszenica123,8924.4,8354.67,-619,29789916
14391984,Memorii_,8928.5,8353.93,-247,29789916
16040450,XPingX,8940.45,8351.72,-549,29789916
26880346,windpipeey,8941.66,8351.49,-727,29789916
19256627,Brat1k,9042.4,8350.94,-906,29789912
17507643,1storm,9019.36,8350.54,-921,29789913
24341687,Kryo-Fridge,9044.26,8350.19,-595,29789912
11501268,warri,8950.56,8350.12,-573,29789915
16906304,The Suffering,8982.96,8347.29,-555,29789914
35039414,Temetkezo,8964.09,8344.10,-1334,29789915
29613848,lukzz,8939.16,8343.38,-608,29789916
3225569,Retsetsu,8956.05,8343.04,-596,29789915
17550404,Natsugaming04,9064.89,8341.82,-1140,29789911
25294964,Kosame_0808,9032.69,8341.42,-907,29789913
12408478,FreshinS,9050.6,8340.25,-958,29789912
17239960,Sp4cebtw,8967.88,8339.78,-573,29789915
15315617,Avast,8974.82,8338.85,-776,29789914
21898011,NoTripple,9019.61,8338.80,-1059,29789913
11510411,[ Reese ],9008.99,8338.49,-777,29789913
14127716,crepipi,8936.1,8336.77,-335,29789916
19281004,quacksl,8948.44,8335.79,-500,29789915
31375209,danik228666,9030.74,8334.32,-820,29789913
20401607,sleepaisan,9052.25,8334.31,-926,29789912
12289807,JeremyNooby,9087.1,8334.11,-885,29789911
9153879,Akko The Rock,8942.34,8334.04,-523,29789916
24868231,Taei,8944.24,8333.91,-790,29789915
12876492,chimkun,8961.87,8333.15,76,29789915
27905501,Operation MC,9029.04,8332.73,-1133,29789913
11884060,roksanakrengiel,8971.58,8328.23,-907,29789915
12774398,[87,8966.5,8326.60,-682,29789915
11082742,BlackWolfosu,9091.76,8326.02,-1209,29789911
11770156,wojtuaa,9010.9,8323.98,-1082,29789913
12632228,Giraffeyy,8937.18,8323.56,-901,29789916
18158267,Cow Feet,9074.82,8323.32,-1319,29789911
25348635,chaicy,8960.72,8322.89,-886,29789915
9762657,Kenci,8929.78,8322.60,-533,29789916
10266317,Netmiq,8944.18,8322.53,-708,29789915
18189336,steviezi,9017.51,8321.08,-1040,29789913
12382634,Melchi0r,9036.01,8318.41,-944,29789912
14285808,PepeTree,8967.53,8316.92,-789,29789915
20473702,r0k_,9067.91,8315.53,-967,29789911
26750275,its9,8994.96,8315.05,-906,29789914
15882894,shimni,8986.29,8314.63,-841,29789914
15139516,Lubsy,8968.29,8312.59,-861,29789915
11148079,MiquelVZLA,8975.92,8312.00,-747,29789914
15361580,Kulta,8926.23,8311.38,-341,29789916
11957514,Pixel Art,8936.33,8310.83,-394,29789916
14393919,AwesomeSquad,8991.35,8310.03,-834,29789914
24591023,banica s airqn,8929.05,8307.10,-492,29789916
18660354,Race-,9001.76,8305.94,-1023,29789914
15271830,Coodone,9117.38,8305.74,-1264,29789910
9443918,Aken0x,8921.66,8304.03,-442,29789916
14292876,Velozy,8918.19,8299.74,-155,29789916
19816863,Shashliks,8970.97,8299.58,-520,29789915
18252670,dylanseggsy,9088.77,8297.92,-1296,29789911
34198968,Yoo6,8995.23,8294.95,-1096,29789914
23732595,alleira,8922.03,8294.24,-764,29789916
16423802,FireSignals,8926.48,8294.01,-678,29789916
25599542,Iknu,8966.17,8293.50,-954,29789915
24172909,Cosmarina,8977.72,8291.76,-1275,29789914
12584420,Vulpsi,9068.41,8291.62,-1231,29789911
25020156,pogpogpigpog,8929.9,8290.41,-822,29789916
18812719,TheCooky,8938.08,8289.85,-776,29789916
14308998,Lyarime,9031,8288.60,-1133,29789913
7431936,bendeeq,9064.4,8287.41,-1303,29789911
14336446,ltamI,8937.68,8287.15,-735,29789916
24210027,Wanokk,9063.67,8283.91,-1123,29789911
11113807,RemSitOnMyFace,8946.08,8281.90,-1005,29789915
21893867,exbluemaster,8989.91,8279.37,-1112,29789914
18744426,PietrinGameplys,8955.36,8276.08,-812,29789915
11180670,naja,8928.69,8273.98,-878,29789916
10338561,Kenzo R,8951.14,8271.89,-408,29789915
9603326,PROMETHEAN KING,8985.02,8270.88,-783,29789914
32113800,Tyepodz,8935.66,8269.64,-728,29789916
21500070,Everyonze,8949.38,8268.91,-897,29789915
16892359,Rarekk,9078.12,8267.84,-1297,29789911
7111844,Tropic-senpai,8996.51,8266.95,-867,29789914
20758324,4lef,9016.89,8262.92,-1043,29789913
14776175,loopen,8934.82,8260.13,-768,29789916
30734761,5upr3m3Ph4nt0m,8981.17,8256.38,-1138,29789914
18880367,anvar2online,9057.15,8256.14,-1333,29789912
11459857,KurayamiShiro,8932.08,8254.65,-934,29789916
27691555,severrevenge,8996.62,8253.18,-1171,29789914
10644834,Demideum,8970.75,8251.80,-1072,29789915
17695037,Usyiy,8997.72,8249.94,-876,29789914
11914897,TSIKI,8935.12,8249.23,-813,29789916
17134003,Help,8972.04,8248.17,-748,29789915
10937751,boob,9042.66,8247.73,-1281,29789912
33465348,FTKubus,8953.21,8243.07,-934,29789915
31873311,CandyFofim,9016.55,8239.23,-956,29789913
19394981,Speed one trick,8944.73,8235.49,-1323,29789915
16035566,pahanL,8936.64,8233.02,-852,29789916
7185092,AyRy,8960.37,8232.48,-800,29789915
24057585,imkenny,8957.63,8231.36,-1002,29789915
13055808,Yiorghos,8918.73,8231.27,-664,29789916
12407826,VoiduNeedus,8999.62,8231.07,-1172,29789914
4925559,Wakka,8945.63,8230.76,-344,29789915
14644759,ECLIPSE666,9053.91,8224.17,-1272,29789912
28660003,Nizaki,9035.72,8216.41,-1220,29789912
13468052,lhn,9040.48,8215.01,-930,29789912
14690886,Kselon122,8929.59,8213.23,-1198,29789916
11745704,amogusenjoyer,8955.85,8212.28,-1085,29789915
20640343,DEATHBOND,8955.71,8209.52,-1261,29789915
12577308,RiRinbaru,8926.06,8202.85,-942,29789916
14951226,DerpyCarrot123,8919.07,8189.05,-1135,29789916
14269369,finkle,8953.11,8153.12,-1243,29789915
33371304,WarriorKestane,8939.38,8145.49,-1184,29789916
18900563,Reavs,8941.76,8122.57,-1373,29789916
22332959,Mirwurschtegal,9092.21,7991.99,-112,29789911