id,name,ppOld,ppNew,ppDiff,minuteUpdated
7547506,qwhj79,26925.2,26758.03,3079,29790860
8172283,Story,27061.7,26707.11,2519,29790860
3885626,Motion,27075.4,26602.12,2028,29790860
12863098,Veeti,26318.7,25880.99,1502,29790860
7620002,fuhie,26274.9,24998.34,-1568,29790860
4158549,YesMyDarknesss,25033.3,24602.59,3798,29790860
17309439,SirGonzaxz,25195.8,24461.59,-81,29790860
9484428,Electr0o,24579.7,24392.50,2349,29790860
6492475,Mrbinking,25098.8,24231.83,697,29790860
8266817,Natsuko,24612.8,23737.20,-299,29790860
3704228,trig0n,24319.1,23491.14,1205,29790860
8928855,_Insomnia,24029.2,22757.87,-1556,29790860
7226149,Yunli,23567.3,22719.96,1191,29790860
8403032,Marvmallow,23120.4,22189.36,156,29790860
4982799,ArMa79,22975.5,21958.50,10,29790860
19490380,Naarkz,22902.6,21885.16,174,29790860
5220794,Camme79,22475.5,21398.94,86,29790860
566276,Rocma,22309.9,21179.43,-157,29790860
8840982,Henrick,22233.5,21155.78,-93,29790860
9155988,AutoLs,22082.9,20992.29,172,29790860
2306637,Secre,21907,20857.85,-365,29790860
6069462,Phob,20610.4,20772.77,3632,29790860
29847781,sawarabi,22098.1,20758.61,-1638,29790860
11109479,Rakety,21628,20584.41,-1137,29790860
2389481,Aryssiel,21454.4,20474.43,-188,29790860
829284,Bunnrei,21819,20441.63,-904,29790860
3835436,XisK,21304,20430.11,-1679,29790860
3438241,Trent,21380.2,20368.98,-58,29790860
8417565,Pitsuwa,21345.6,20359.55,-1479,29790860
16355636,-Rustyy,21422.4,20355.84,-760,29790860
3657951,JISAN,21208.8,20254.90,483,29790860
14714724,Vaqu,20601.1,20243.93,1075,29790860
6926006,Dahcreeper,20504.2,20243.11,2190,29790860
10835397,HelpMePleasee,21063.3,20225.38,-1505,29790860
5351518,-Kaguya,21402,20144.53,-1811,29790860
6829103,Roido,21123.2,20008.67,-1383,29790860
6856387,Memoriola,21326.7,20002.60,-1150,29790860
4691991,Lume,20883,19887.86,-30,29790860
14254962,ti gnida,21025.1,19829.59,-512,29790860
7180810,Nipah,20797.5,19813.96,-1042,29790860
7937519,Rells,20945.8,19740.35,-1325,29790860
1177233,eauikk,21054.6,19619.93,-1497,29790860
3656717,b-a-d-s123,20288.5,19581.79,2816,29790860
7055384,Kitsunivy,20517.4,19577.44,598,29790860
22708842,Katsue,19898.3,19452.67,2009,29790860
14571181,sularis,20563.8,19423.16,-888,29790860
14744799,wonderleif,20372.2,19247.44,-1818,29790860
16756763,Lisan al Gaib,20184,19224.35,-428,29790860
18917363,vafara,20393.3,19196.30,-1501,29790860
4990320,The 47th,20290.7,19182.72,-896,29790860
6283136,ElSkeffe,20424.6,19140.93,-818,29790860
8800023,Blue Vaporous,20521,19116.86,-2027,29790860
702598,Spectator,19532.6,19026.21,1791,29790860
3171965,Coevir,19009.4,18968.65,4492,29790860
14522883,Mawers,20053.4,18957.47,-16,29790860
9169747,Nathanial,20337.2,18954.08,-1799,29790860
4741164,Nelly,19559.2,18815.68,250,29790860
3880553,Revi-,20260.7,18806.59,-1786,29790860
2205929,Setomi79,19680,18747.12,32,29790860
19953508,Indomitable,19823.2,18706.42,-1419,29790860
3157472,-Filow-,19975.3,18598.44,-1547,29790860
13845399,Sprint,20007.9,18562.37,-2274,29790860
17578266,[ Ajia ],19775.3,18556.24,-1362,29790860
18336339,Ushio -,19614,18548.83,-652,29790860
6701104,Nene Sakura,19860.9,18534.19,-1499,29790860
11635773,Carrotline,19555.8,18509.55,-229,29790860
16932505,-Suru-,18763.7,18441.03,1950,29790860
6201167,Zelepha,19615.9,18398.48,-398,29790860
1927193,Molqus,19555.1,18389.87,-998,29790860
11286034,Neyu,19692.6,18356.60,-2584,29790860
4067115,Matt_H,19634.8,18345.76,-1082,29790860
1565036,Stark,19286.3,18267.00,-323,29790860
19476018,mine,19343.9,18255.24,-868,29790860
8301609,nyauni,19696.3,18214.96,-2252,29790860
6434318,Smukur,19253.6,18209.84,740,29790860
3970664,Groex,19133,18194.37,146,29790860
5529199,Beerus,19589.7,18174.37,-1912,29790860
7024526,ES Jonne,19182.8,18038.81,-869,29790860
10516547,Firu,19038,18036.83,-401,29790860
3396013,Jakkubon,19429.3,18017.40,-1396,29790860
186642,NoteKuroi,18948.9,17978.96,387,29790860
12588215,Juansy-,18950.6,17960.54,-364,29790860
10681880,Kaffu-,19505.6,17956.49,-2023,29790860
30511396,Minang,19177.7,17946.46,-1065,29790860
3427748,BoberOfDarkness,19134.8,17908.22,-927,29790860
4365562,rostld,19395.1,17895.51,-1449,29790860
741613,Dika312,18419.1,17875.80,1448,29790860
12740132,JonZku,19144.4,17855.23,-1961,29790860
15389158,Segmentum,19339.4,17852.25,-1937,29790860
348467,VelperK,18704.7,17845.15,1107,29790860
16669841,amni sd,19206.1,17792.72,-1413,29790860
14056601,RedcXca,19050.3,17788.93,-1454,29790860
2957534,madcin,18823.4,17759.42,-1063,29790860
19515018,Niisan,18886.4,17752.65,-1285,29790860
10769450,lgor,18967.3,17750.73,-1697,29790860
18171621,ArthurEdikovich,19263.5,17723.33,-1976,29790860
4319655,Mwallx,18726.6,17720.01,-444,29790860
5502521,Colin,18777.4,17707.22,-275,29790860
8525921,Tenwa,19034.5,17652.39,-1375,29790860
11390632,Jezse,18243.4,17618.53,358,29790860
24092731,Eunie,18862.3,17548.81,-1560,29790860
6562920,Inryoku,18635.1,17508.63,-972,29790860
4682813,[Romanos],18118.7,17437.57,675,29790860
20340480,Shameimaru,18755.5,17429.75,-2022,29790860
1035891,Yoshi_green,18176.3,17375.70,137,29790860
7300747,GiGas,18754.8,17365.94,-1108,29790860
5490623,Boros,18592.7,17354.23,-510,29790860
8422828,Nelys,18599.7,17327.35,-1342,29790860
19290397,mieldeprairie,18862.1,17325.68,-1812,29790860
4820793,Unlucky_w,18659.1,17303.58,-1054,29790860
14329375,HydriZ,18721.4,17269.67,-1325,29790860
14275846,Sleqzy,18080.4,17266.48,233,29790860
16352736,bighzonda,18223.5,17241.77,194,29790860
12189647,Moofu,18449.7,17237.47,-1100,29790860
7515326,[ M Y S T I C ],18433.4,17229.29,-1709,29790860
3123719,Yoomara,18618,17224.23,-1734,29790860
10674528,Verti,18563.1,17192.46,-1397,29790860
4327130,Golterboose,18101.7,17175.28,-11,29790860
17130789,lorem ipsum,18526,17147.86,-1259,29790860
2111624,Roidofanboy,18270.8,17145.65,-295,29790860
7612994,Holloh,18086.2,17139.35,-163,29790860
6050530,Mniam,18242.5,17136.06,-545,29790860
7326109,Sounny,18383.1,17135.42,-1197,29790860
13041722,benji8080,18247.9,17101.18,-2320,29790860
15274666,yeeeter,18090.9,17082.13,-635,29790860
9424481,gal1,17983.3,17076.33,582,29790860
25723773,Lunati1kid,17133.3,17053.26,3006,29790860
6647589,smelly DVD box,18089.7,16970.79,-1238,29790860
7649169,_Chicken_,18430.2,16929.44,-1794,29790860
7161836,Osjux,18244.6,16929.01,-1978,29790860
9870318,Im Charlotte,18309,16926.76,-2141,29790860
18076539,Dakary-,18264.7,16924.02,-1858,29790860
18018708,McButt,17064.8,16922.92,3333,29790861
1490757,YERTI,18275.3,16871.60,-1842,29790860
4238448,-Mitsu,17941.7,16835.44,-1217,29790860
5297904,Boltico,17612.5,16813.27,579,29790860
9897006,Youitchi,17657.7,16717.88,-220,29790860
1626093,Maririn,17757.1,16652.20,-633,29790860
4997316,Crystallize,17932.5,16640.01,-1387,29790860
10552580,Dutchman,18178.6,16614.53,-2031,29790860
1700008,sennkouhanabi,17737.1,16607.98,-1353,29790860
4964095,Hana Yukiko,18179.5,16525.96,-2258,29790860
5472877,Chroneko,17641.9,16470.94,-958,29790860
11754842,SirWaffle79,17642.1,16448.70,-536,29790860
2667256,hiroshiki,17709.4,16444.37,-1398,29790860
1850067,M a s t e r,17877.8,16413.04,-1292,29790860
1272422,Intel21,17378,16387.65,130,29790860
7143968,Osuun,16742.5,16382.62,1690,29790861
11152298,Airion,16767.3,16354.59,159,29790861
16102533,Azuria,16991.1,16303.91,580,29790861
18660354,Race-,17576.7,16285.52,-2130,29790860
7178386,KWYJIBO,17311,16260.42,-1502,29790860
11158870,Sakhalin79,17346.9,16234.41,-407,29790860
12331683,littlepiggod,16534.5,16229.43,1986,29790861
18468376,Cornet,17166.5,16220.44,133,29790860
4586304,CyCeph,17203.3,16212.24,-1038,29790860
12904746,[0v0],17785.9,16208.61,-2368,29790860
5477873,islux,16514.3,16156.16,1514,29790861
6590854,Shunpo Kat,17364.3,16145.09,-1432,29790860
7946084,Joakh,16945.9,16118.09,-2273,29790861
25880514,cobaltowo,17097.2,16104.91,-472,29790860
15558360,Metalia,17546.2,16104.62,-1637,29790860
6477025,Yuno4life,17467.1,16079.28,-2206,29790860
489271,ZX123456,16739.5,16061.39,1630,29790861
1948043,dazzulay,17018,16016.73,-679,29790861
13194580,EpanPan,16820.1,15991.89,1448,29790861
18416646,John glizzy,16588.8,15980.01,597,29790861
4039895,Vito79,16673.4,15923.09,155,29790861
17738253,SirAlex,16467.8,15915.86,471,29790861
1646397,Crystal,17044,15887.42,-421,29790861
13111206,Madlin,17087.3,15853.62,-700,29790861
11017055,MaryJane,17127.5,15785.13,-1966,29790860
4564521,rosld,16848.9,15782.49,-1066,29790861
32028459,trooperr,16671.3,15773.47,-767,29790861
7551572,-Blacky-,17037,15740.70,-1118,29790861
30267184,tominaga,16888.8,15729.63,-1256,29790861
3355617,Keita,15706.8,15706.60,2995,29790861
5960935,ExNando,16724.3,15695.53,-542,29790861
12545852,SaberChokolate,16986.5,15680.87,-1764,29790861
3616480,Katsuragi,16646.5,15658.02,-208,29790861
3222638,Nekuro,17026.5,15654.83,-1300,29790861
7592136,Daletto,16832,15566.20,-1989,29790861
29783499,S B K,16949.2,15560.91,-1416,29790861
5238162,Piaro,16865.7,15532.83,-2262,29790861
1252928,Catch The Beat,17227,15513.26,-1983,29790860
14318796,shimu,16492,15502.29,-386,29790861
17458994,TuuGamer,16841.1,15490.69,-2184,29790861
7931526,Cyan54,16625.7,15443.62,-970,29790861
10615367,ERA Pheon,16217.4,15431.01,-724,29790861
9767342,Flyer,16715.4,15361.32,-1653,29790861
2872000,Lechu FAQ 35P,16055.5,15329.24,555,29790861
9137627,MILK_16,16322.4,15271.12,-1019,29790861
7162114,Re1ax7,16341,15249.07,-319,29790861
20424806,Mochi -,16359.9,15199.65,-1399,29790861
9519851,Zyonii,16002.2,15161.32,657,29790861
214187,ExGon,15059.7,15151.90,4752,29790861
6221114,- Kielzu -,16472,15122.08,-1590,29790861
4928846,DarnedUrchin,16095.7,15113.22,208,29790861
11973153,Sekk_,16297.7,15080.95,-2143,29790861
25558684,[Crz]XiaoJun,16263.2,15062.49,-1341,29790861
8434466,wwwww,16323.9,15061.14,-1024,29790861
1872276,monstratorfull,16171,15026.25,-494,29790861
16268256,[- Kroken -],15871.9,15006.70,-401,29790861
6177263,Kasumi-sama,16388.7,14998.36,-2382,29790861
6109660,Tohtori G-piste,16263.3,14985.16,-1147,29790861
1840467,e0486,15249.1,14957.76,1851,29790861
12182399,Adisi,16451.5,14936.22,-2074,29790861
2163585,Snowwind,15652.9,14932.72,-153,29790861
12256216,Mawile,15925,14925.17,-264,29790861
10702118,Upbeat,14854.3,14887.09,2283,29790861
3097304,Abstract-,15489.1,14883.21,1934,29790861
7811952,Kukkai,16090.6,14871.53,-1525,29790861
1237535,Cowboy,15801.9,14856.29,27,29790861
8642224,Konohana Lucia,15877,14851.11,-721,29790861
1170156,daxeroz,15189.4,14842.11,1178,29790861
8408065,Pepti,15861.8,14824.12,-1306,29790861
2107017,DakkyChan,15527.9,14796.61,1594,29790861
1361268,Kyptoric,15438.5,14736.26,848,29790861
6524765,Chatie,15842.1,14690.82,-1023,29790861
8417087,FruktoLove,15403.2,14627.66,-165,29790861
2754651,Byeol,15490.5,14615.68,1241,29790861
32920228,Touca,15795.1,14604.79,-1904,29790861
2455926,Shinku86,15965.5,14566.94,-983,29790861
11202866,Nerris,15248.2,14555.18,-154,29790861
6508754,Edgar_Figaro,15293.1,14537.93,226,29790861
2407347,Gersonfull,15370.9,14530.45,-228,29790861
26271291,Hirow,15543.8,14500.69,-1111,29790861
8772708,P64,15837.8,14491.50,-1689,29790861
10597843,Fuyuka-,15677.4,14484.02,-2169,29790861
2660111,SHK,14455.7,14433.36,2782,29790861
12537441,SauroN2707,14839.4,14431.18,111,29790861
2565109,Loli_Remilia,15681.7,14423.70,-1583,29790861
6488167,Noctalium,15753,14395.69,-1816,29790861
22136262,yukinya,15129.1,14381.08,92,29790861
19910386,Nube,15697.6,14377.62,-1730,29790861
5302804,Nikolai,15078.7,14351.40,264,29790861
10663877,_aphantasia,15750.3,14339.80,-2285,29790861
19236870,Tixcyte,14693.3,14325.81,1918,29790861
3243148,CamXDanna,15454,14315.03,-532,29790861
636114,autofanboy,14396.4,14309.01,2551,29790861
5619273,Mojotax,14460.7,14296.92,1783,29790861
3555626,Funtastic,15474.7,14289.86,-720,29790861
2756781,TheFrozenGamer,14473.3,14289.73,1657,29790861
3080727,PakaChan,15005.3,14286.91,-505,29790861
4316542,Noulayfe,15031.9,14286.87,540,29790861
4133477,Minato Yukina,15012.7,14273.75,-450,29790861
7941971,-Rindou-,14838.6,14252.20,902,29790861
10415976,Mashiro Mama,14765.3,14237.91,859,29790861
14683065,Elysia86,15196.9,14213.29,-1061,29790861
16168625,Luuderi,14953.7,14195.31,-478,29790861
3163012,Hecatia15,15047.2,14171.84,-1237,29790861
9740698,Eta UMa,15083.5,14155.74,-541,29790861
17745759,-Isla-,15376.7,14144.78,-1734,29790861
29332947,90nine,15401.3,14140.26,-1390,29790861
3834323,ThanaR,14725.8,14120.35,786,29790861
2055184,Gwelawyr,15095.1,14113.17,-167,29790861
12498861,222222222222222,15510.6,14092.34,-1642,29790861
26695963,Eu4ria,15098.2,14089.24,-870,29790861
29824043,Teoman,15436.6,14084.49,-2227,29790861
4318775,Choco Moon,14949.4,14049.14,-867,29790861
14476098,Wettham77,14921,14025.02,-527,29790861
4586766,Fish86,15077.3,14012.97,-2022,29790861
1808057,DreStar,13873.7,14006.24,4142,29790862
853694,Furely,15259.7,13998.45,-1239,29790861
9200197,Nosaka,15174.5,13989.54,-2054,29790861
4138746,Cielbami,14799.1,13968.24,-311,29790861
10287019,Zuleta_,14921.4,13968.06,-114,29790861
20198280,Clara-,15340.5,13959.09,-2362,29790861
10454575,Zangoose,14765.7,13909.05,-590,29790861
9087831,-Naroh,14983,13905.89,-872,29790861
1391036,[Amazing],14685,13904.65,-26,29790861
7926192,BocDyx,15118,13880.48,-1506,29790861
7408055,G1ilbert,15101.8,13847.55,-1315,29790861
9461160,Roasted Chicken,14729.2,13837.04,-1025,29790861
30765289,sutheman86,14666.7,13833.39,-593,29790861
11534285,Kenny331,14121.9,13830.45,1632,29790861
36366451,Mochipeta,14192,13822.22,1642,29790861
14917517,Hiroto-,14797.2,13820.33,-318,29790861
23525574,Zileni,14709,13805.66,-679,29790861
1250096,Pekorrat,13703.2,13805.37,4176,29790862
4382076,SharpN,14442.9,13793.29,914,29790861
8805157,Dedot,14604.3,13790.57,-326,29790861
8329151,[225]Zeus,14500.6,13776.97,-58,29790861
17533686,monkey79,14971.9,13761.81,-1747,29790861
3962365,zelatra,14756.7,13748.15,-893,29790861
4434640,Kaare,14482.7,13742.56,-166,29790861
14489248,Fie,15013.6,13729.66,-1809,29790861
34606048,Pembohong,14875.3,13714.38,-1757,29790861
3027065,Taskmaster,14283.1,13708.01,557,29790861
31355067,xDark,15120.6,13704.39,-2724,29790861
12584928,AjiaFanGirl,14545.1,13650.80,-1252,29790861
2693723,Adeus,13962.6,13633.71,624,29790862
2548278,- S H -,14449.8,13631.84,-963,29790861
2956936,- N a g i -,14058.6,13583.81,1847,29790862
29511549,tosurashgame,14612.7,13577.84,-776,29790861
20920064,John Dih,14803.4,13567.09,-2297,29790861
4958376,Beepu,14240.5,13522.92,535,29790861
22221875,Nyarlathotep,14626,13518.46,-2097,29790861
3770603,sayun,14626.8,13495.51,-2339,29790861
6794660,Inry,14830.7,13471.16,-1890,29790861
12467500,Indy,14302.1,13458.36,-1397,29790861
3538446,Tomari Mari,14027,13417.86,-1043,29790862
14337744,Wormsniffer,14534.7,13403.82,-1681,29790861
14169441,nonamer mr,14753.2,13392.69,-1435,29790861
16782179,LiL L1ghtMare,14551.7,13356.52,-1297,29790861
12004983,Elux,14436.6,13354.73,-1169,29790861
9626549,ZenoX-,14625.7,13346.89,-1425,29790861
1226238,Latifah-sama,13944.5,13317.75,484,29790862
12239488,ElSkeffeFanBoy,14354.9,13317.36,-343,29790861
5124924,Ritmo Brigido,14122.8,13294.83,-433,29790861
5097844,Destroid,13799.4,13281.43,1131,29790862
5257769,FABninja,13949,13253.93,280,29790862
13135192,Faelynn,14454,13236.33,-1091,29790861
4795737,Syine,13389.3,13234.82,3009,29790862
35862678,_Kitsune,14375.8,13231.84,-2275,29790861
4744367,Tonairu,13548.6,13224.59,1242,29790862
10727985,Enjuxx,14311.1,13176.85,-276,29790861
10218998,Bomb,14377.2,13151.74,-1412,29790861
2213572,mikuoo,13495.1,13139.55,1927,29790862
9481266,[GS]Rose,13951.8,13132.56,224,29790862
30653081,Azakriel,14432,13129.38,-1874,29790861
21138904,fua,14088.2,13112.76,-763,29790861
1749173,Kosmit,13935.1,13108.08,49,29790862
3809967,woodpamp,14350.6,13081.48,-2198,29790861
17405762,Zellen,13870.7,13063.84,-109,29790862
5051425,Ludboy,13908,13062.94,-607,29790862
4787989,Saru86,13972.3,13040.14,-1452,29790862
2165558,Playboy,13492.7,13031.10,1492,29790862
4479729,yakami-light,14227.4,13007.61,-1178,29790861
16388591,soapsoup,14131.6,13002.87,-269,29790861
22329458,nam2007vn,13994.2,12989.64,-396,29790862
2253026,DevilFace,14066.3,12948.23,-1138,29790861
7614446,Yeuryx2,14126.9,12946.52,-1341,29790861
12203613,Chrisuly,13968,12946.49,-826,29790862
6583168,fireyun06,13849,12916.17,265,29790862
31885496,tthanh,14158.3,12914.86,-2160,29790861
15753125,[zK] Kyu,13615.4,12908.64,-1138,29790862
1629471,Sanami,13447.3,12892.24,518,29790862
4533507,Hanik,13749,12891.13,-79,29790862
7332050,-Nirfu-,13616.2,12889.56,95,29790862
5235352,Acooler,13825.1,12863.92,-1166,29790862
20969950,Tervi,14077.3,12844.77,-2609,29790861
2931883,Ascendance,14064.7,12830.17,-673,29790861
10278243,SadEgg,14117,12825.91,-1682,29790861
24595723,Rekkit,13893.1,12822.57,-2314,29790862
13978275,ChewyTarTar,13683.1,12805.11,-4,29790862
10605929,_Misti,13946.9,12803.78,-1700,29790862
2022158,Sharino,14149.2,12797.43,-2223,29790861
13294871,AfonsoMPt,13584.6,12796.47,-535,29790862
3072921,Callionet,13652.4,12763.40,449,29790862
14235333,AlzaiFanGirl,13990.4,12760.97,-1350,29790862
9407594,Danielstigman,13691.4,12751.31,-1003,29790862
22005940,Nendus,13606.2,12724.43,-736,29790862
25115746,RiverRed,13242.4,12711.70,70,29790862
23941998,Primakien,13879.2,12710.43,-945,29790862
8947341,Loff,13012.3,12708.86,-292,29790862
3093873,Hibari_Yagyu,13417.9,12693.84,154,29790862
1260040,VagaNNN,13534.4,12691.67,-337,29790862
4452911,Aceon,13211.9,12680.51,879,29790862
9814770,eisuke0530,13570.5,12665.64,-932,29790862
34237460,ichoGon,13808.8,12664.00,-1489,29790862
7855767,Titan-,13345.9,12663.81,-138,29790862
19132590,tjukas,13938.2,12663.44,-1751,29790862
23381622,CTB WhiteCat,14010.9,12646.96,-2507,29790862
10378635,xha,13724.9,12643.01,-1234,29790862
7474404,[ Zhiend ],13183.3,12640.75,528,29790862
10530767,Lumoxir,13152.7,12631.65,-1179,29790862
5052507,Emba,13292.6,12603.60,588,29790862
2819676,Azeidith,13829,12602.88,-55,29790862
12410693,[ Potemkin ],13583.5,12584.80,-1335,29790862
2115337,blacklotus,12844.9,12584.62,1628,29790862
3416858,Intention,13449.5,12565.72,-29,29790862
22477213,Goal,13265.1,12559.06,-952,29790862
8846762,4rcheR-,13224.3,12545.02,185,29790862
3743985,CrimsonPleaseee,13181,12542.90,798,29790862
5071280,Shinji Wings,13450.4,12531.82,-789,29790862
8224668,Artenius,13704.8,12520.59,-1177,29790862
6264535,Talicrons,13443.8,12478.70,-981,29790862
21677040,Gordann,13631.1,12471.91,-1982,29790862
883939,noraRcat,12737.9,12467.81,1885,29790862
255854,AgentYous,13474.6,12460.66,-753,29790862
318565,Deif,13253.5,12459.33,304,29790862
1942877,-Miya,13579.1,12450.30,-1392,29790862
5464437,Zeus,12744.9,12444.80,1684,29790862
9114235,KevKjef,13233.6,12436.69,-505,29790862
34659669,Kazami Yuuka,13221.3,12433.80,-1417,29790862
9260926,Execration-,13120.3,12427.84,-565,29790862
4044289,Olib,12347.2,12417.09,1453,29790862
11660900,theconqueror12,13372.4,12405.61,-1227,29790862
37727828,llzzll,13231.4,12399.52,225,29790862
2145160,Shimoe Koharu,13426.4,12385.32,-1193,29790862
605088,set44599,13345.5,12384.42,-892,29790862
7289244,Zoel,13229.1,12372.95,-194,29790862
10742890,snowflake-,13058.9,12371.60,457,29790862
11913197,MiMiichann,13512.9,12356.58,-1290,29790862
12367442,Szymon9689,13218.7,12347.07,-731,29790862
12759554,MusicDropZ,12897.4,12345.80,-22,29790862
15960747,cosilgam,13294.7,12335.33,-1149,29790862
4864877,bastoo0,13182.8,12296.32,276,29790862
4480237,Moeruattack,13072.9,12295.05,33,29790862
9966768,LaviSorrow,13501.8,12280.97,-1476,29790862
33565719,KebabONIICHAN,13253.9,12271.07,-639,29790862
2512267,-Nazrin,13014.3,12269.73,-114,29790862
4316266,Snowless,12926,12231.67,-36,29790862
6061811,gfbgd1,12625.2,12226.75,751,29790862
15923034,iDestiny_,12811.6,12203.56,-70,29790862
5013425,ExCell3nT,12714.2,12201.37,798,29790862
26637518,BINGBANGBONG,12811.8,12199.62,-313,29790862
11735313,MollyMacCormack,12644.6,12184.35,558,29790862
4224529,Hilda,13137.9,12153.86,-705,29790862
4637369,Petit,13036.4,12141.14,-526,29790862
19781424,KeroKeroBonito,12441,12138.94,2018,29790862
16568987,Byjumbur,13205.9,12137.88,-1807,29790862
8710703,SkyBlazed,13017.2,12135.88,-799,29790862
2563435,Captain,12466,12114.73,1896,29790862
34040054,bones3333x,12881.3,12111.41,727,29790862
24345309,Maya Makinami,13036.2,12111.35,-904,29790862
1688325,Rubytic,13308.1,12111.03,-892,29790862
1957752,EternityMoon,13027.3,12086.71,-528,29790862
7699172,insaneskills,13117.1,12080.64,-1497,29790862
4372552,S h i g u r e,13086.3,12072.48,-647,29790862
20750658,Pinacea,12916.2,12054.33,-674,29790862
17021268,_Rama,12655.7,12039.98,544,29790862
7828945,Vadeblade,13043.7,12018.05,-1089,29790862
5169874,DUKI MODODIABLO,12790.3,11993.92,-297,29790862
9027099,Deepierro,12882,11977.65,-297,29790862
4786306,Lovefool,12458.7,11973.94,1199,29790862
3546931,Withered Lotus,12799.6,11968.00,-283,29790862
12588486,Kegare-,12709.6,11963.97,-504,29790862
9610211,Renesmee,12409.2,11954.27,644,29790862
7998028,Zonemax,12839.5,11933.94,-1257,29790862
10095644,Ruiz,12705.3,11927.63,-252,29790862
5253610,ryku,13102.4,11922.15,-2072,29790862
33305106,Vikki,12891.5,11920.18,-737,29790862
15015592,uryaa_,12886.3,11918.14,-1766,29790862
5400828,7Stalker,13011.4,11913.75,-1296,29790862
18818124,[RUE]Bambinex,12844.2,11904.01,-248,29790862
4595355,Rebbel,12544.5,11892.43,554,29790862
12433794,Owen123c,12716.9,11888.59,-846,29790862
985360,DataPata,12411.5,11874.69,366,29790862
18569771,manok,13062.1,11873.94,-1690,29790862
17753122,invadey,13249.5,11860.50,-1881,29790862
1162516,-Navillera,12652.5,11849.06,-260,29790862
6960376,Ambition-,12675.6,11834.69,-604,29790862
7329917,XMarioAdvZ,11650.8,11832.13,2615,29790863
13649500,Bougie,12721.9,11828.05,-1530,29790862
5928207,xMakron,12759.6,11815.57,-545,29790862
9610569,A l z a i,12832.2,11813.50,-1245,29790862
3880845,Juanoker,12637,11813.39,-532,29790862
13854,HineX,12354.6,11809.77,2385,29790862
13596084,A c o l,12661.9,11772.77,-1196,29790862
485474,Ken Doll,12533.3,11771.06,59,29790862
6649605,-Yui,12395.7,11747.62,211,29790862
34831329,Pantero_,12531.9,11740.98,-1568,29790862
37138231,lqwc,12802.3,11740.07,-2291,29790862
9434933,Yeury,12720.4,11729.64,-1390,29790862
4960842,kyao,12572,11726.27,-697,29790862
8738261,-Linglan Lily-,12410.8,11717.93,-97,29790862
23006180,timezzzz,12457.2,11709.88,59,29790862
7385701,Paku-,12154.5,11699.00,602,29790863
11899559,lazurie,12906.2,11669.35,-2038,29790862
5927823,Blushing,12812.5,11667.49,-1390,29790862
2933135,Mihawk,12282.9,11660.67,292,29790863
2026299,Vincs,12263.6,11646.37,39,29790863
17819541,ERROR CODE 0x7A,12166,11638.24,532,29790863
10286499,Baron,12649.1,11627.82,-1212,29790862
8673833,Callixtro,12289.4,11627.77,-306,29790863
24327100,[ EzGon ],12457.3,11621.92,-1241,29790862
6829347,Aidle,12375.1,11621.70,-103,29790862
11324794,Nikku,12717.2,11617.49,-1400,29790862
8611935,Stats-Kun,12337.8,11592.10,-261,29790863
15295154,Underscorebaka,12773.2,11582.18,-1738,29790862
5835067,Black Lotus,12062.7,11565.57,451,29790863
4994598,Oolt cloud,11750.4,11559.33,1857,29790863
9926856,Starwide,12578.8,11556.56,-883,29790862
4400693,ChrisS3097,12345.2,11555.18,-600,29790863
1375955,Zak,12014.7,11552.74,685,29790863
2086828,I CAN FC,12160.9,11546.75,162,29790863
8177073,AFK-,12462.5,11542.57,91,29790862
3908087,Teru,12467.9,11515.80,-1005,29790862
10937890,yukinasimp,12510.2,11495.48,-1278,29790862
4218932,Mibic,11267.6,11491.10,-31,29790863
8701106,stellar5005,12325.1,11470.76,-809,29790863
5040981,Maxbel,12291.6,11460.39,-564,29790863
3359485,IceRain86,12511.8,11451.66,-1333,29790862
6736420,Hisashi Shimoro,12025.8,11444.89,405,29790863
1264755,Infamous Shadow,11770,11443.47,1078,29790863
31499081,SheepBlade15,11922.1,11435.77,360,29790863
10161144,noksu,12141.4,11423.66,-372,29790863
3845678,Astrea,12233.8,11417.11,-53,29790863
7369828,Ambixious,12173.9,11402.73,-317,29790863
989542,lineqtxz,11820.7,11402.12,1171,29790863
15612292,Arrasy-,12609.5,11372.83,-1368,29790862
25684740,k4i3_mk,12372.4,11351.31,-1355,29790862
2159777,nanolost,11850.6,11350.71,942,29790863
4642193,BriaNer,12293.3,11320.37,-781,29790863
32061976,NoMyDarknesss,12394.7,11319.50,-1954,29790862
33076643,ItzFfas,12078.5,11317.78,-342,29790863
35116982,smn3to,12409.1,11309.21,-1707,29790862
2624179,Melu,12166.6,11309.14,-650,29790863
32159666,DizzyOracel,11989.9,11301.62,398,29790863
17191390,Lotus779,12568.8,11291.78,-1833,29790862
19611177,-NGNL-,12261.3,11269.02,-1381,29790863
8312428,Azu-chan,11990.8,11268.54,-108,29790863
6385052,nenoriu,12471.2,11255.09,-1514,29790862
8374764,arthurbayu,11273.5,11236.50,211,29790863
4015646,Amlink,12218.9,11223.80,-429,29790863
11393244,Sagatz,11967,11216.23,-730,29790863
20136125,ExGunt,11870.6,11214.51,832,29790863
14100384,AstralLoki,11804.7,11213.84,590,29790863
14174873,0spa,12332.8,11211.68,-1012,29790863
15273403,Alepe,11475.2,11211.34,1694,29790863
7642326,DaLamb_,11952.6,11206.89,-754,29790863
30866868,Miliski,12453.8,11202.98,-2071,29790862
9504653,TomyLeFaux,12314.9,11200.49,-1249,29790863
3515458,Shiina Minatsu,12130.5,11164.10,-1274,29790863
3398762,2wx,11708.5,11164.08,232,29790863
36606717,jya617,12009.8,11130.82,-132,29790863
810070,Saiya,11899,11129.12,-197,29790863
6556054,Fisicia,12047.7,11108.04,-737,29790863
17514687,Nomiru,11704.6,11094.19,-179,29790863
1616974,twMisc,11765.8,11089.00,-630,29790863
13205755,Potato9756,12295.2,11087.97,-2082,29790863
285756,eldnl,11541.5,11087.56,751,29790863
1595221,Madoka Ayukawa,11485.1,11070.51,859,29790863
11548062,Anthonyvfxfx,11797.8,11066.20,590,29790863
17482520,Yasi6n,11992.6,11049.09,-787,29790863
16579711,Aliccia,11850.7,11043.23,-605,29790863
13104075,Freaky Forester,12148.2,11040.67,-1773,29790863
6083491,Shirubareiji,12146.4,11028.50,-1214,29790863
14613788,Zvenx,11793.9,11007.97,211,29790863
10043310,Eito,11544.5,10988.44,202,29790863
18336171,VenusPower,11561.5,10986.39,-1609,29790863
7293637,Vampirika,11091.2,10985.76,2092,29790863
8291465,Deley-,11793.4,10982.85,-349,29790863
2760954,Mile,11478.9,10966.70,407,29790863
8134297,[silvercrow],11566.2,10956.23,80,29790863
4202284,Fluttr,11662.7,10950.85,777,29790863
31348648,-Psicosis,11907.4,10940.25,-928,29790863
12708243,zidaneaaron,11787.8,10939.31,-829,29790863
2349221,Taishi-,11651.6,10930.53,392,29790863
1449322,ItsLingers,11634,10919.94,297,29790863
8579779,Umi Sonoda-,11791.3,10908.27,76,29790863
11619349,detteiuu,11853.3,10903.89,-1214,29790863
10920086,Huytimeclock,11468.7,10887.94,4,29790863
5308330,[Robin],11407.2,10850.51,154,29790863
6377687,Mitchie1917,11807,10843.65,-1319,29790863
8623922,-Kana,11315.2,10836.80,88,29790863
6403418,mothernature,11407,10829.06,-433,29790863
9482697,saaayo,11468.1,10827.78,-37,29790863
3692648,Kisetsunotori,11438.3,10817.17,-13,29790863
13966422,Ekseff,11486.1,10814.25,642,29790863
5951283,iSuck,11294,10805.57,784,29790863
29643341,Tokumey,11766.3,10801.74,-440,29790863
2904705,Phosphores,11623.2,10799.18,-593,29790863
1784164,SakaNaz,11755.3,10798.86,45,29790863
2573707,Hojaldre,11859.8,10797.70,-1041,29790863
27081472,jenki,11907.3,10797.64,-1889,29790863
32597915,Yoshihiro-,11486.7,10777.88,-493,29790863
6345176,Bastian,11679.2,10764.54,-520,29790863
2815946,Itsy_v2,10768.9,10763.87,3332,29790864
5398106,Ginoshi,11315.3,10759.66,1584,29790863
2400918,syu,11052.4,10747.11,706,29790863
9630769,IMMORTXLZ,11295.4,10703.88,584,29790863
13962882,Shadowbolts1,11304.2,10701.59,-480,29790863
12572192,Frisbi,11519.7,10681.09,45,29790863
9489602,Nizlish,11217.1,10645.09,13,29790863
7938389,Desu-,11395.1,10639.81,-816,29790863
2195716,Katch,11613.7,10639.42,-876,29790863
6564824,sasuk3x,11325.8,10639.29,-365,29790863
29137191,onndori,11605.1,10632.17,-1659,29790863
2996241,Del,10632.7,10630.49,2618,29790864
7689992,-[Shadow-Evil]-,11716.1,10629.35,-1400,29790863
3996466,Cryophenix,11198.6,10628.89,509,29790863
9874807,ElenaMii,11247.4,10627.44,-673,29790863
17838855,Char0n,11468.3,10612.80,-605,29790863
3164010,Moja,11222.7,10611.93,-68,29790863
16493863,Furinkazan,11438.7,10610.81,-516,29790863
6575915,Lobsterr,11150.4,10602.03,-212,29790863
26377086,mechty11,11520.3,10595.36,-560,29790863
11871006,arm foot,11170.1,10595.17,1119,29790863
6443263,Seija,11184.5,10588.14,758,29790863
9332097,cristhofer052,11191.8,10585.91,379,29790863
17630607,Not_Toretto,11394,10579.54,-755,29790863
19609351,Pawelek12,11404.8,10572.54,-389,29790863
7720945,Sakaii,11220.8,10568.07,251,29790863
22773345,ottie,11510.5,10565.47,-1604,29790863
4013465,Wishs,11458.3,10561.28,-812,29790863
10496305,[zK] Klarissa,11223.3,10554.34,49,29790863
16899553,Maitoo,11585.4,10551.32,-1325,29790863
6347308,Kitakami,11255.5,10549.61,-178,29790863
7073746,ItsAkashi-,11477.2,10546.12,-1451,29790863
15868630,Rank Mask,11524,10538.13,-1069,29790863
12131006,Cookezion,11443.4,10533.87,-1340,29790863
13348163,YisusPro950,11213.5,10532.01,-822,29790863
7803396,Ambrew,11467.1,10530.50,-1516,29790863
9875457,renatu,11551.6,10516.40,-1472,29790863
1952803,Oktavia,10962.7,10511.94,696,29790863
3414261,Lona-,11359.2,10509.22,-560,29790863
13916330,arxwaa,11348.4,10479.42,-587,29790863
8199435,MauriciOSU,10317.2,10477.35,3268,29790864
5034270,Zakrusta,10763.5,10474.66,1552,29790864
26261753,rivercrescent,11168.3,10472.54,-521,29790863
6336721,[Paw]FIood,11236.7,10466.29,-963,29790863
1011240,[Nico],11002.6,10459.73,414,29790863
1555865,tacokatze,11098.9,10445.87,-620,29790863
6144467,Crafterdark,11445.5,10444.27,-1012,29790863
14196112,aleplay44,11083.8,10434.13,-772,29790863
4818935,Aerene,11140.5,10431.41,-212,29790863
15227144,ludeath20,11338.6,10419.91,-1003,29790863
13956591,Jeongyeon-,11255.3,10419.72,-342,29790863
1929450,_Nanami,11167.4,10418.03,-140,29790863
6438262,Gnozza79,11073.8,10418.02,-677,29790863
1936711,Formosa_333,11037.5,10405.44,408,29790863
23313862,Senkon,11188.9,10401.73,-730,29790863
11899441,RapidRubyV21,11512.7,10398.41,-1635,29790863
3622412,Sypro2000,11075.4,10360.61,-132,29790863
10419790,RomanianAlex,10785.5,10358.01,723,29790864
4219372,Sunkiss,11094.4,10350.36,-442,29790863
31815402,leejihun132465,10961.4,10349.52,-60,29790864
12382410,kokomi on osu,11085,10340.14,-605,29790863
30584095,yoinii,10653.6,10313.69,112,29790864
2052986,Endo,10830.8,10300.70,-243,29790864
8811229,Konomachi,10861.3,10294.26,378,29790864
1871745,XDarionX,11211.6,10284.56,-976,29790863
1619007,Daih,10638.8,10254.25,1102,29790864
33513422,XPLODE79,11328.7,10242.25,-1542,29790863
4100941,Sartan,11010.6,10235.97,206,29790863
10026750,Hiiragi Kagami,10865.7,10234.70,-508,29790864
14095299,-Salads-,10920.4,10232.26,536,29790864
4023183,Benita,10801,10231.92,-168,29790864
4498740,TEKU,11188.8,10223.80,-792,29790863
35033413,kreaken,11247.2,10213.45,-1672,29790863
2958293,Little Nasia,10355.3,10212.96,2615,29790864
1433586,butanic,11173.2,10201.79,-1257,29790863
6918243,Mariar,11266.4,10192.65,-1785,29790863
10760717,Kot-,10990,10187.73,-7,29790863
13103233,Dreamxiety,11095.6,10173.60,-1514,29790863
6049302,Elusion,10568.7,10168.75,931,29790864
4568537,Predominador,10557.1,10159.96,1011,29790864
38804734,fragrantissima,10802.6,10156.97,-1433,29790864
909640,luijiso,11096.5,10127.32,-1562,29790863
8403862,Myawaki Sakura,10900.6,10124.92,-493,29790864
13645370,Rektydios,10908.6,10118.89,-545,29790864
21276218,chinomofumofu,10854.6,10112.86,-403,29790864
19775605,-rafix-,11023.9,10103.60,-1279,29790863
16192531,origamibest,11055.2,10101.46,-1134,29790863
20803806,Firdibirdy,11228.4,10098.97,-1509,29790863
10281149,EpicTHO,10813.1,10098.12,-374,29790864
4229240,Geniance,10860.6,10084.82,-825,29790864
9331243,CyborKk,10991.3,10070.71,-1001,29790863
8299277,jaimeywea,10829.8,10061.79,-481,29790864
4266634,Love Lolita,10800.9,10061.04,-45,29790864
4937690,NekuMagetsu,10865.3,10027.85,-1018,29790864
6061501,wordmaster,10666.1,10025.03,538,29790864
4307102,Shakti,10980.9,10016.22,-1532,29790863
8693062,Leonawa,10825,10002.36,-366,29790864
5032045,wonjae,10705.5,9999.64,-180,29790864
1169796,Accel,10289.9,9992.78,1360,29790864
14495805,deskilln,10834.5,9992.22,-822,29790864
15755544,NekoEnter,10733.5,9964.82,-893,29790864
1459769,mjj741,10321.6,9961.64,2007,29790864
7890134,Jemzuu,10209.4,9953.36,1672,29790864
9738159,salchow,10425.8,9953.01,896,29790864
707456,giru HD,10537.4,9933.65,-158,29790864
5404711,Des9,10563.6,9927.56,-59,29790864
3995789,Kasen-,10501.7,9919.93,146,29790864
6739378,Touhou Fanboy,10427.6,9916.35,466,29790864
8668722,Zyoulou,10586.9,9913.92,286,29790864
14685908,ryuiee,10585.8,9888.47,-290,29790864
21105275,GraveyardMapper,9706.73,9881.47,3516,29790865
6688277,Neko_Cafe,10439.1,9880.75,185,29790864
14889628,Tomy,10910.5,9878.71,-1450,29790864
3035276,maxqw123,10381.9,9867.90,845,29790864
13610668,[224]Miriai-,10367.5,9861.23,-180,29790864
5163523,Doku,10211.2,9860.18,1226,29790864
4339778,[Aless50],10755,9857.05,-93,29790864
8630988,-Hex-,9993.68,9852.65,2534,29790864
9784522,SimplyHai,10624.9,9812.75,-272,29790864
6522146,Remuring,10600.8,9800.00,-1180,29790864
4618171,Horuhe,10367.4,9791.38,311,29790864
2150415,Nosuri,10530.7,9779.53,57,29790864
15420662,milpa,10621.5,9768.39,-524,29790864
9402159,Headpat,10293.6,9759.92,907,29790864
8805840,iamJinx,10818.6,9755.20,-1040,29790864
10278890,Marota,10215,9751.60,865,29790864
1686145,Len,10409.4,9740.82,612,29790864
7699030,ianpep,10649.2,9738.88,-1206,29790864
1101600,Tenshichan,10219,9732.18,781,29790864
11608122,Neptunia-chan,10341.1,9730.72,-107,29790864
3212806,Selo,10170.9,9725.80,849,29790864
9950122,ShimeAlpha,10742.2,9715.13,-1083,29790864
14544810,maniashallah,10753,9713.75,-1558,29790864
16492252,Jeksu,10567.4,9709.55,198,29790864
10193706,alextheman2017,10382.9,9708.06,-625,29790864
8049216,Dotory,10417.2,9697.22,-416,29790864
6583340,Blytox,10402.8,9696.91,-261,29790864
12915290,tyuyang,9549.82,9694.37,3088,29790865
7616811,Toaph Daddy,10311.9,9692.52,283,29790864
11716047,gogogoray,10068.1,9681.66,1135,29790864
6859713,Ayashiki,10345.7,9673.36,-674,29790864
15489757,RaptusRites,10195.9,9668.69,332,29790864
1894511,Yukiteru Amano,10448.8,9667.33,-71,29790864
8353249,ElPolloOficial,10650,9663.38,-1272,29790864
6097002,AmaZ,10422.9,9662.55,-58,29790864
3556856,LwL,9876.32,9660.65,1342,29790864
6291741,BlackBN,10350.9,9648.83,-388,29790864
19471527,Tourb0,10464.1,9646.62,-869,29790864
2344040,[ GrandPa ],10287.9,9619.60,71,29790864
3784334,UY Scuti,10069.1,9611.40,998,29790864
15208771,Mazuki,10188.4,9605.84,-392,29790864
4915649,Lacrima,10238.3,9585.92,224,29790864
17361569,-Sardonix-,10366,9573.00,-1218,29790864
34705396,AzuraRK,10534.7,9571.77,-1467,29790864
4890687,Rimura-sama,10041.5,9571.59,1013,29790864
2673742,Setsuen,9911.96,9569.30,1030,29790864
12749779,[Lily_White],10108,9567.90,261,29790864
19498196,MapleStoryWorld,10214.7,9567.19,996,29790864
7449165,Alitta,10293,9567.09,-1054,29790864
8348072,RexkerX,10265.3,9566.85,170,29790864
4144266,Trollingor,10306.9,9562.79,103,29790864
11176520,[225]Aizen,10238.9,9561.41,-446,29790864
10884561,Mafufu,10358.4,9555.12,-412,29790864
10674189,Kinovia,10189.9,9554.88,-27,29790864
34495780,Kirarin,10547.1,9553.89,-1385,29790864
9089150,astrias,9784.28,9542.36,1114,29790864
8687353,Varesa-,10372.2,9515.53,-849,29790864
4687701,Dropinx,10679.3,9503.80,-1539,29790864
8804560,rezzvy,10495.3,9489.08,-1214,29790864
23761790,LJac,10434.5,9473.64,-1357,29790864
367756,Perfect Day,10404.4,9470.03,-612,29790864
12441210,Shamookie,10383.4,9462.03,-1221,29790864
11246834,Cnolii,9700.33,9460.68,1882,29790865
13689785,[Moonlight],10075.1,9427.45,-994,29790864
6416920,wangwangg,9964.61,9417.89,270,29790864
16294034,Patatita,10166.6,9413.17,-333,29790864
2715118,Voltaeyx,10050.5,9408.44,112,29790864
3636998,Divine Cake,10191.6,9394.47,36,29790864
35863392,MyWifeFuuka,10355.2,9381.59,-1531,29790864
31090401,ShiroHanaSaki,10309.9,9379.84,-850,29790864
22999070,Tax-Dex,10237.1,9376.94,-535,29790864
20512411,micqaal,10595.1,9361.15,-1902,29790864
4277070,Spinacina,9900.63,9342.23,206,29790864
33666771,Zukumi,10180.6,9338.84,-784,29790864
12534003,HangFTane,10145.9,9334.40,-719,29790864
4278969,Uuno,9509.52,9333.97,-991,29790865
588046,SK Eternal,9920.38,9315.95,819,29790864
33401101,syphrinox,10134.2,9313.56,-835,29790864
3204086,-Kurx,9936.1,9310.79,590,29790864
9239206,Tomato,10210.8,9298.84,-1241,29790864
7165767,lulu chan,10030.5,9292.37,-925,29790864
11529135,Prezident,9251.51,9265.63,2542,29790865
25029674,-Kaeme,9527.06,9265.03,1340,29790865
15791869,[kvba],10025.9,9258.63,-493,29790864
24032082,Imanari,10043.4,9251.97,-1010,29790864
20455380,-Niall-,10201.6,9248.67,-1256,29790864
1913190,Sorceress,9974.33,9248.34,292,29790864
26470992,adith-,10136.8,9245.05,-1395,29790864
158552,Kuzino,9867.47,9241.60,437,29790864
13655523,Stindgy,9960.92,9240.18,-640,29790864
4949021,Rizki,9718.49,9232.92,464,29790865
3142723,taikiller007,9989.85,9221.24,-849,29790864
4586549,picki,9951.09,9218.82,-857,29790864
29405408,awzxec,9980.73,9210.80,-663,29790864
11483018,MizusawaMatsuri,10043,9209.15,-595,29790864
3673417,Snow-s-m,9790.45,9208.27,517,29790864
5375171,HyakkiSama,9508.59,9187.40,1150,29790865
3221898,Constantine,9108.46,9177.95,2411,29790865
11239593,yuinn,9958.46,9177.94,-521,29790864
4350087,Sololiquy,9643.79,9169.82,1270,29790865
3619875,lord98kjp,9864.02,9167.20,-395,29790864
21813897,timothycore,10154.9,9160.91,-1410,29790864
6336713,My Angel RangE,9982.36,9158.46,-430,29790864
1931562,Soulbreeze,10116.7,9155.67,-533,29790864
20085430,Not_Peni,9477.88,9142.31,725,29790865
23961214,Black_Life,10182.2,9136.58,-1247,29790864
14278708,-[NaoChan]-,9778,9130.56,-31,29790864
3006672,gold801,9861.39,9122.45,-108,29790864
11382428,Silent Chord,9534.55,9119.25,558,29790865
2353850,EEEHHH,9945.82,9116.14,-543,29790864
9677924,i suck at ctb,9549.24,9115.63,853,29790865
10334943,Kitsuka,9462.41,9111.95,634,29790865
24944054,Best DT Player,9994.66,9110.44,-1055,29790864
17392582,fshlasanoob,10042.1,9108.90,-1103,29790864
20637430,Brunoxcy8,10015.7,9106.34,-991,29790864
2312572,Ventilador,9693.41,9100.78,301,29790865
24531833,dolfin,10121.4,9098.99,-1777,29790864
6423123,flippek_,9922.48,9097.19,-558,29790864
2241910,Roxy Migurdia,9519.04,9094.90,641,29790865
16457228,_Haven_,9772.55,9087.33,160,29790865
3031177,Mamat,9601.4,9078.80,418,29790865
6672736,AizW,9912.49,9077.29,-442,29790864
17568624,TBP,10065.5,9074.01,-1358,29790864
33879802,arc-ocean,9576.48,9062.67,-601,29790865
32964198,-vizion-,9962.92,9059.99,-825,29790864
8837858,N2Oe-,9336.56,9058.56,1568,29790865
12465980,_Syst,9674.31,9048.08,-133,29790865
7320075,Geniancefangirl,9864.84,9043.77,-618,29790864
14095291,AelSan,9956.38,9036.51,-1410,29790864
6341006,Verso Dessendre,9375.27,9028.52,992,29790865
13630137,rantabie,9427.43,9015.57,-60,29790865
10786819,rinkiha,9727.65,9004.36,-988,29790865
10158490,skyres00,9767.43,9002.56,-462,29790865
4151397,Dask,9674.67,9002.04,-57,29790865
5954015,floflim,9162.79,8986.62,2367,29790865
3320300,BPDelirious,9506.38,8984.64,396,29790865
10286018,shenglinnn,9420.82,8974.74,941,29790865
15209644,HaruCulito,10003.7,8974.27,-532,29790864
14281462,[Pichu],9434.15,8973.79,130,29790865
4080520,T s u m i,8654.22,8957.50,3651,29790866
643160,NekoMiMi,9488.96,8954.51,490,29790865
36426693,NASTYUKHA,9726.66,8952.76,-866,29790865
11783016,beijing beef,9893.72,8948.20,-1327,29790864
9835361,AmnesiaSilence,9797.99,8948.18,-957,29790864
30524911,Dipe26,9138.23,8939.65,-570,29790865
9901244,SethRGS,9620.64,8938.82,-466,29790865
16301262,Sadu,9953.8,8924.16,-1390,29790864
27819084,AnhMinh_709,9727.85,8904.95,-281,29790865
4373769,TheCoolMonster,9877.45,8900.83,-520,29790864
3299660,Coron,9431.05,8893.60,269,29790865
2322189,Shirahane,9399.95,8892.57,722,29790865
12249595,Pettson,9726.59,8892.31,-698,29790865
9988837,-Joni-,9625.46,8890.53,-419,29790865
8140944,Dapulezatos,9354.71,8885.21,705,29790865
4169930,Hipnotic,9541.77,8885.12,164,29790865
6056288,[MY]error_exe,9233.76,8880.19,1355,29790865
4446007,Uygrzybrzywszy,9372.34,8877.92,1192,29790865
5220511,Dohland,9295.92,8877.91,947,29790865
1872513,Clevatess,9635.04,8876.37,-847,29790865
7657912,Oriio,9829.22,8868.53,-985,29790864
8566031,ksm,9216.88,8848.26,1062,29790865
1691809,Lapis Rosenberg,9539.13,8845.11,182,29790865
2212951,alluya69,9338.38,8843.49,597,29790865
1982994,i234567,9640.2,8839.29,-721,29790865
17875552,Frypt,9846.68,8834.06,-1170,29790864
13240976,JAOJAO,9408.43,8826.31,103,29790865
6811767,Paralysis,9464.49,8824.42,-48,29790865
2714540,darklord142,9573.54,8822.31,-636,29790865
26400804,TxHStylesDT,9685.69,8821.30,-842,29790865
37273518,jarudet032542,9377.75,8816.28,359,29790865
2697988,jongwon12,8738.07,8813.25,2912,29790866
18226127,loftylime,9430.42,8812.89,-735,29790865
34574812,snowwwolfie,9803.2,8796.60,-1608,29790864
7034422,Nidoking,9376.5,8796.60,104,29790865
13123942,257,9740.11,8793.52,-1402,29790865
2895218,EQUAL,9396.79,8772.46,-678,29790865
39651867,slupson,9449.04,8758.21,-807,29790865
2459589,F D Flourite,9208.63,8756.57,927,29790865
10696269,GZone,9494.98,8751.86,-250,29790865
38433423,tenshin-,9428.54,8733.16,-917,29790865
13929270,yaneuwu,9196.61,8730.91,336,29790865
11234664,Seushe,8961.16,8724.85,699,29790866
8497680,Henni,9586.46,8710.28,-533,29790865
6547603,Ninako_maid,9674.37,8704.93,-839,29790865
23130846,Sill121,9188.64,8697.31,742,29790865
15778330,ARL,9140.06,8696.28,506,29790865
3971190,rc fox,9439.08,8694.39,-372,29790865
3692533,Pog,9590.25,8690.50,-707,29790865
18876248,Snowy Pawprints,9267.29,8686.61,-159,29790865
10014504,Nofame,9608.02,8686.58,-1257,29790865
20473938,gmg1,9304.05,8683.87,-1356,29790865
36914600,wolozon,9676.15,8683.40,-1304,29790865
15787738,Avias_,9625.12,8681.57,-975,29790865
25690654,[MG] Replinter,9270.58,8674.45,84,29790865
524489,Simon4158,9502.34,8673.12,-457,29790865
3625415,tyrus,9216.43,8666.02,-256,29790865
19423459,_wb,9112.86,8662.50,1029,29790865
1839650,Torchic,9018.38,8660.35,1519,29790865
8024582,_Alice,9580.06,8660.08,-888,29790865
14510301,A-40,9457.83,8659.70,-734,29790865
11694783,liquid_boba,9323.54,8654.79,-112,29790865
14911407,Richliu,9595.99,8649.13,-1122,29790865
8911993,_Rara,9485.44,8644.69,-671,29790865
11535744,log out side,8623.39,8643.19,2174,29790866
6093582,docks,9349.44,8637.16,237,29790865
14630452,YeaaBoiii,9321.49,8636.20,-165,29790865
14277249,KerK_,8833.25,8634.59,999,29790866
1049467,PM____,8986.54,8630.28,1769,29790866
4889127,ZaiN-,9297.33,8624.87,-99,29790865
3407743,Miyaguni Akari,8719.56,8620.28,2287,29790866
8822027,Aayuri,9414.93,8614.87,-840,29790865
12090552,C0IN,9268.56,8614.03,-67,29790865
21347411,uides,9435.5,8602.79,-629,29790865
230946,GaMma765,9085.48,8582.55,375,29790865
12504104,KashiXu,9237.2,8580.21,92,29790865
6803892,Jumper-,9231.63,8571.60,-143,29790865
1794766,1794766,8921.53,8569.18,898,29790866
19470002,Zacky is bad,9283.63,8558.57,-1051,29790865
7749445,-Overdose-,9047.55,8549.99,694,29790865
6565081,-Ztx,9078.6,8549.04,347,29790865
3263646,MasterForcer,9160.75,8544.78,294,29790865
23852316,boyfrienXD,9513.12,8538.17,-1163,29790865
18014473,Breydher,9496.47,8537.29,-1045,29790865
36485547,axianokaze,9126.45,8530.55,-134,29790865
37953028,COOLEST,9111.95,8530.29,-512,29790865
36853922,Ctb Mostly,9209.27,8524.34,-907,29790865
4178422,pwnpotato,9246.07,8524.21,-483,29790865
36068055,Astrxzzz,9324.68,8522.63,-851,29790865
10889664,Fretful4830,9477.48,8517.12,-909,29790865
17758185,16-bit Princess,9209.69,8512.74,-306,29790865
6194830,Shiny Froakie,8719.11,8509.76,1248,29790866
5750909,-Treble,9343.17,8509.66,-1197,29790865
14549465,Valdarog,8660.44,8508.28,1750,29790866
9553853,Klice,9178.81,8506.78,-207,29790865
14832777,hashimoto1129,9221.58,8503.86,-219,29790865
10035967,Nahobeeho,8909.6,8496.89,-1263,29790866
11354436,Utiba,9534.8,8492.67,-1583,29790865
24325006,Farishaa,8169.3,8486.87,1923,29790867
2559954,- VayKay -,9228.35,8486.48,-835,29790865
10491522,Ferick,9063.97,8486.40,49,29790865
1302259,Last Bubble,8993.61,8483.92,940,29790866
5433546,Yuumi,9389.58,8482.69,-1252,29790865
4099041,Juicy Fruit,8585.4,8481.37,1615,29790866
1360885,Nyong,9123.65,8471.22,297,29790865
2392087,-Rico,9212.48,8471.00,88,29790865
3770612,ZYX_GAME,9031.99,8453.30,229,29790865
24422146,Foxrish,9069.42,8453.07,-504,29790865
9697468,Burzaco,9442.45,8451.85,-1270,29790865
11917325,Ayaka-chan_24,9220.41,8445.45,-238,29790865
13641585,Glory_,9190.35,8440.09,-475,29790865
2488026,rew0825,8675.97,8430.31,905,29790866
9175603,czajas,9021.47,8430.27,634,29790865
4284567,_Fubucky_,9013.9,8427.04,117,29790865
11595139,Maoik231,9280.67,8425.51,-910,29790865
2103365,Cynaestra,9233.94,8421.69,-495,29790865
4632730,koliron,9120.8,8421.00,-375,29790865
7330584,BlitzArk,9072.24,8420.91,107,29790865
8938243,ProXeS,9017.28,8418.34,-69,29790865
19978325,Yuwarika,9451.95,8414.96,-1184,29790865
765334,-Yakemi-,9201.32,8414.00,-224,29790865
9872908,Sissel,9396.37,8413.18,-817,29790865
4535765,Superlunah,9043.85,8408.33,-150,29790865
3594510,Yostel,8772.93,8405.64,1437,29790866
23522188,-mery-,9076.43,8394.84,-261,29790865
13602706,GamerXNeko,9077.57,8394.60,-110,29790865
5364823,kannyaws,9424.03,8394.44,-1074,29790865
11159192,Alerr,9128.27,8390.19,-598,29790865
165027,Peaceful,9106.76,8382.68,86,29790865
8880995,MiuYumiy,8998.53,8382.19,-31,29790866
6337316,integerlimit,9156.75,8377.92,-828,29790865
7630990,turt-,8997.08,8374.08,35,29790866
1677784,[WonYoungie],9006.34,8369.60,68,29790865
5050512,Y x,9208.74,8369.19,-1239,29790865
14494717,BlueChinchompa,9223.23,8369.03,-937,29790865
7470906,Manhattan Cafe,9002.48,8365.12,-193,29790866
10792711,Endou-,8641.41,8355.04,990,29790866
6572786,-Jingliu-,9069.58,8354.40,-326,29790865
34997865,ennb,8311.59,8352.95,2717,29790867
4363530,Tachibana Gekka,8482.58,8352.14,1161,29790866
8647138,eZmmR,8992.01,8350.93,-514,29790866
8661271,enjjares,9024.83,8340.99,-462,29790865
3788536,[Eun],8943.75,8330.43,323,29790866
30382199,genius357,9093.48,8330.40,-906,29790865
13451333,AinaFlyingblood,8876.19,8328.45,451,29790866
11289377,Kael-DK,9116.45,8319.30,-356,29790865
1352257,-Anchor-,8965.37,8317.93,-44,29790866
7578195,countspetchula,8679.07,8315.29,737,29790866
4215343,SonKu,9046.33,8310.08,-208,29790865
4427038,Buffow,8811.37,8299.48,763,29790866
19129594,Philippine LuLu,8473.5,8293.72,1400,29790866
35024371,Little Nania,9191.45,8287.99,-813,29790865
10373568,Lawrence Angelo,9147.49,8287.20,-510,29790865
17703563,rezerfordium,8888.67,8277.35,-202,29790866
2708049,blai,9138.54,8256.77,-777,29790865
14796012,Rabbie,8035.93,8252.48,3789,29790867
16246353,- UwU Girl -,9110.49,8242.46,-1001,29790865
16596326,_shinoa_,9072.06,8240.85,-1159,29790865
13005571,Spring16,8817.5,8238.63,-183,29790866
7104673,Zac Efron,9075.76,8235.34,-1199,29790865
5604201,Reid Hezzel,8010.71,8222.29,3047,29790867
9852829,[- -],8712.19,8221.99,364,29790866
5126518,Litlas,8894.47,8211.71,-222,29790866
17154677,Cosmic Dreamer,8882.78,8211.48,-165,29790866
15785278,K_ShininG_,8876.98,8205.76,124,29790866
11883100,XimperiaL,9213.32,8202.90,-1566,29790865
33376146,nottruong2011,8725.52,8198.86,-335,29790866
10579131,Feppo,8622.7,8195.65,520,29790866
2602338,bakugan2win,8597.58,8195.43,532,29790866
3805080,Devil_Oid,8858.51,8193.65,93,29790866
11587662,daniel_lm,8929.98,8187.09,-417,29790866
4841753,Alexlin86,8718.1,8187.06,1350,29790866
10881728,-Baal,8883.29,8183.11,-78,29790866
27415754,gorkem_xd,9095.71,8182.90,-1208,29790865
35708862,Sorin,9149.14,8180.52,-835,29790865
11414445,zuida3,8641.22,8178.86,552,29790866
10027302,Cyaewin,8769.33,8178.77,-314,29790866
7747257,tra,8408.43,8174.49,-1062,29790866
107553,pandaBear,8440.63,8174.27,1087,29790866
36685009,kowman10,8968.84,8166.90,-948,29790866
19371765,Nicel,8538.07,8165.03,795,29790866
330764,Bananajoe,8803.28,8151.36,22,29790866
25679389,Beu,8452.15,8148.69,597,29790866
4625004,eXio,8406.04,8146.63,1685,29790866
207916,Sumaki,8893.05,8143.36,-486,29790866
4485933,milr_,8718.89,8136.78,420,29790866
33801604,Fuyuneel,8832.32,8133.98,-459,29790866
4879508,JBHyperion,8706.62,8132.19,253,29790866
2054788,Super Choke,8961.07,8131.83,-527,29790866
6283052,Haegu,8715.68,8129.04,306,29790866
4778689,-Luminate,8725.03,8128.86,223,29790866
2808770,Aronov,8586.43,8126.48,-65,29790866
1965491,- Lacaille -,8483.93,8122.60,550,29790866
1350613,Danilo,8881.86,8118.38,-178,29790866
86414,Raky,8696.96,8115.55,130,29790866
13097231,My Angel Ina,8853.58,8114.39,-859,29790866
27189281,Jirozy LTS,8910,8113.30,-520,29790866
32968103,sana6012,8801.66,8108.91,-376,29790866
16196079,Hoshimachi,8957.82,8102.88,-729,29790866
7345342,broomsniffer22,8694.25,8100.58,95,29790866
6341518,rosario wknd,8947.78,8098.81,-932,29790866
4808804,noob desu,8506.5,8082.71,985,29790866
9695715,123,8617.45,8081.07,-264,29790866
6689101,Xetopia,8561.62,8079.33,661,29790866
129806,kusakabe001,8499.26,8073.85,1508,29790866
6925410,-Aletz-,8233.05,8067.96,1319,29790867
10291253,-[CocoaFangirl],8508.28,8064.91,237,29790866
7425387,m0narch,7802.58,8063.22,3056,29790867
1123309,WInkY1220,8302.17,8057.62,951,29790867
2286121,Mfy,8279.32,8056.95,-817,29790867
4585260,aluuu,8668.04,8053.37,-61,29790866
2535016,CirnoBaka,8471.68,8053.26,522,29790866
10177249,Fre3Styl3r,8831.28,8048.41,-673,29790866
25517912,SeagullBob,8806.21,8038.65,-805,29790866
1929336,Suikami,8355.07,8037.63,877,29790867
2173232,Didfus,8431.05,8034.31,1014,29790866
34982325,_1NAGA_,9034.3,8032.76,-1131,29790865
38657287,glebanyahunter,8960.87,8023.71,-1449,29790866
2861255,Metak,8524.01,8020.13,277,29790866
870978,Im Laura,8687.72,8019.01,-331,29790866
2128050,ARTPHONEY,8439.37,8018.04,841,29790866
21973607,oussun,8715.8,8014.45,-660,29790866
10356530,[MG] Hyanna,8800.39,8014.40,-811,29790866
9898151,Nura,8610.63,8013.49,-397,29790866
7299865,poi4,8061.98,8011.04,1520,29790867
38294051,CharR-,8298.73,8008.24,23,29790867
1600437,messi,8478.22,8007.35,433,29790866
18516579,Formed,8744.97,8003.36,-429,29790866
2569786,Zazick,8802.91,7999.61,-393,29790866
20425841,Suzurin,8486.63,7999.15,710,29790866
261497,wampir,8375.41,7993.10,1197,29790866
6316919,--No--Name--,8554.39,7989.85,43,29790866
3162675,yaowan233,8571.42,7987.10,184,29790866
7213330,SkyNekoLyn,8566.02,7984.72,367,29790866
8179131,[Crz]MemoryI,8630.88,7978.89,-328,29790866
11792387,Pauline,8695.21,7974.86,-582,29790866
11961741,Evil Akuma,8914.33,7971.88,-1136,29790866
17457562,[GB]sherweifa,8154.85,7963.49,338,29790867
10267005,vv72,8631.98,7961.87,-338,29790866
1096240,Reissfelt,8645.65,7955.12,-25,29790866
2705312,Kyuare,8082.73,7947.75,2110,29790867
35980302,nohut,8552.44,7946.88,235,29790866
28620953,greyy_ninja,8679.74,7942.79,67,29790866
538717,thedted,7986.28,7939.24,2432,29790867
1127729,Blackcurrant,7774.63,7934.84,3234,29790868
12729608,zhangjunyan,8937.27,7933.66,175,29790866
9475990,[ Ciel ],8621.8,7928.51,-358,29790866
13055705,ReiYKana,8568.38,7921.76,-216,29790866
5431196,Nokashi,8582.93,7920.96,-218,29790866
4095530,wrekk,8754.59,7919.93,-504,29790866
9025855,Eoneru,8712.66,7919.49,-242,29790866
7789926,bvyans,7802.66,7918.39,2774,29790867
11497549,DNQ,8348.08,7917.74,202,29790867
9740073,Nashiro,8548.71,7912.38,-342,29790866
10445862,Mansek,8592.38,7911.56,-85,29790866
36555301,Yumee,8274.03,7902.07,54,29790867
12408961,MALISZEWSKI,8574.62,7895.93,-158,29790866
10167542,vernonlim,8143.78,7884.92,1002,29790867
9153772,Mixuri,8086.72,7884.00,1667,29790867
11005307,sangoose,8672.23,7883.40,-796,29790866
2774767,tasuke912,8626.63,7881.30,-986,29790866
7439939,by-ad,8333.88,7881.23,361,29790867
13636117,tkdk,8732.32,7881.07,-692,29790866
6397608,[ Mobi ],8479.16,7878.35,-139,29790866
11387006,NamSPro,8350.57,7878.16,312,29790867
21143663,aloko,8535.81,7876.72,-610,29790866
16253321,AlexDemon-,8701.02,7875.85,-676,29790866
3957481,calvinsurya,8447.65,7872.09,250,29790866
803484,119410501,8235.49,7864.69,1730,29790867
14615938,playerfalcon,8546.85,7863.66,-292,29790866
9888039,Foranex,8654.93,7861.41,-856,29790866
13222425,N3Marry,8661.63,7855.56,-427,29790866
5092684,Skyfire,8762.23,7851.97,-1027,29790866
8677684,Onta_Bekasi,8510.64,7851.20,-112,29790866
6053071,Du5t,8437.43,7849.48,118,29790866
8283671,Kajou Ayame,8510.07,7844.75,-164,29790866
26857159,Luna Yui,8566.79,7841.92,-401,29790866
15232590,theShadowLLX,8518.88,7841.45,46,29790866
4948624,Nana Tsubasa,8177.66,7840.05,884,29790867
8923804,Akita,8420.81,7832.69,-91,29790866
21227757,Rick0M,8520.02,7828.71,-299,29790866
29344047,mimici42,8456.21,7820.59,-340,29790866
686182,NikoYoru,8290.81,7815.54,110,29790867
26031453,chairIess,8653.11,7814.72,-931,29790866
857792,Dope smoker,8487.1,7806.63,-135,29790866
3807986,Shurelia,8281.09,7805.68,1411,29790867
8609627,[GB]Edward_Tsui,8310.64,7805.22,383,29790867
18324015,lype23,8489.48,7802.52,155,29790866
12227975,-i cant fc,8644.47,7800.75,-1047,29790866
14854485,Ta1ko,8330.58,7793.76,231,29790867
963369,IddaqJedd,8265.25,7791.96,701,29790867
30122510,-fm777-,8418.41,7790.85,-21,29790866
4763555,[Yuria],8267.35,7788.98,253,29790867
5334542,HereDik,8202.91,7788.38,908,29790867
7942196,kassia,8549.35,7786.93,-992,29790866
9573836,Barry Chopstick,8002.89,7786.27,1518,29790867
10458575,D I V I N I T Y,8417.3,7780.58,-348,29790866
3768185,Lay,8530.62,7776.35,-481,29790866
9950563,8230,8556.75,7775.54,-746,29790866
23326745,Kyako,7556.48,7774.90,3616,29790868
4035950,13187berlin,7572.64,7772.21,3418,29790868
3606568,Dianthus,8543.25,7771.52,-500,29790866
19186799,[Ajoduro],8516.35,7770.82,-832,29790866
14346039,Haidunia,8195.72,7767.98,306,29790867
531253,CLSW,8031.79,7761.39,1965,29790867
6715645,Digitalfear117,7593.42,7759.45,3336,29790868
910100,-Nyaro,7656.79,7758.33,2917,29790868
3981222,jakincses,8376.7,7756.80,455,29790866
6835966,Chihary,8211.96,7755.35,447,29790867
6251946,Daisuke,8373.13,7748.05,-237,29790866
3817153,NicoFlame,8402.13,7745.38,-416,29790866
29449003,chasedigi,8725.72,7744.13,-1387,29790866
19294472,Louis Litt,8452.83,7742.57,-386,29790866
15470342,BrunoSG,8578.3,7741.96,-844,29790866
5246104,[ Kukuru ],8437.14,7739.77,-820,29790866
4598862,Tyrell,8252.09,7739.39,246,29790867
28222,Rawrity,8467.7,7738.10,-946,29790866
8062334,AiChizuyu,8310.8,7734.48,26,29790867
3867109,Zephyte,7921.29,7730.40,1660,29790867
568950,Murasaki Shion,8036.37,7725.89,901,29790867
5439894,arceusgenesect,8315.17,7723.24,-161,29790867
10064432,LPG_osu,8426.75,7717.58,-502,29790866
9143594,reshiramS,8481.33,7714.74,-544,29790866
260373,Nagato,7920.95,7713.65,2046,29790867
9826339,ADAMSKY007,8553.27,7706.95,-1121,29790866
7802293,Frankito,8334.11,7696.11,-183,29790867
8548846,caroline870,8335.69,7690.73,-280,29790867
35258064,papermoon,8339.7,7689.05,-426,29790867
11582543,Honkenway,7736.26,7674.45,1362,29790868
1888948,ShizukiLuna,8200.52,7664.55,150,29790867
2874208,rolf0504,8165.24,7664.48,355,29790867
3498251,Arlecchino,8230.1,7663.95,100,29790867
7150609,BladeStep,8124.8,7659.20,581,29790867
4402757,Bruther,8250.52,7657.91,180,29790867
1416385,-Yaku,7823.08,7657.67,1780,29790867
24406127,-Sawai,8199.91,7657.46,15,29790867
37744515,Yurizono Seia-,8178.41,7650.98,-826,29790867
14410628,Suco de Frutas,8269.16,7650.78,-28,29790867
12217903,Yunami,8145.61,7649.64,333,29790867
4282896,Chocorock,8035.53,7641.33,190,29790867
15334170,FormatSDVX 1m50,8246.74,7640.12,-98,29790867
4236057,Xinnoh,8176.14,7639.68,-47,29790867
2326688,Fuka Pura,7558.44,7639.06,2929,29790868
11152537,1Haruki,8319.24,7637.76,-403,29790867
28021579,SchmutzZz,7958.03,7637.44,828,29790867
4882003,Tharja,8284.08,7630.53,9,29790867
7306388,Wejii,8237.99,7628.47,-282,29790867
7587447,Vickty,8191.57,7625.34,-264,29790867
4237255,Mii_,8380.12,7620.96,-417,29790866
1502415,Alcrena,8185.15,7618.29,514,29790867
6955523,Terton,8263.43,7616.91,-460,29790867
5590317,7ambda,8135.73,7615.39,343,29790867
12883611,catgirlflowers,8486.53,7614.47,-804,29790866
13979380,masiii_YT,8428.12,7614.29,-866,29790866
19045378,Avlyxa-,8435.09,7613.51,-832,29790866
15017397,Tanome,8180.09,7613.40,42,29790867
11246452,Hazzard,8168.77,7607.97,224,29790867
13883562,Zurfis,8232.67,7605.15,-95,29790867
3434077,[-Leonix-],7980.79,7600.68,-100,29790867
1898048,Yuki Tanaka,8340.66,7598.71,-195,29790867
11264495,WitheringSou1,8429.66,7598.24,-695,29790866
19019806,Umi can sea,8216.85,7584.43,-130,29790867
2900145,dhtldhfk12,8209.55,7582.52,106,29790867
1637680,Vozniak,8106.4,7581.03,-1,29790867
15637355,CloudyBfbRoblox,7721.44,7580.78,1754,29790868
17314832,nazar kapanacha,8162.5,7571.04,-92,29790867
11801440,Randomnoob1221,7941.17,7569.53,1026,29790867
2257452,m4gnus,8166.15,7565.86,-268,29790867
9116519,Nananana,7941.85,7556.08,428,29790867
15737549,SKAYAM,8363.9,7552.39,-895,29790867
34623932,Reboot,7492.93,7552.05,192,29790868
4095868,Nelson,8319.6,7548.52,-813,29790867
16725626,OldSoul,8206.71,7546.24,-110,29790867
8868701,Kuya Frex,8169.06,7544.59,-451,29790867
8126277,[ Ari Knight ],8009.33,7535.26,135,29790867
3935174,Depths,8205.42,7533.35,-400,29790867
3252653,CoolEVT,8030.36,7533.06,271,29790867
8341210,ANti_flow,8091.5,7532.37,-31,29790867
14782013,sleepwake,8001.5,7531.58,479,29790867
9291687,Lirith,8085.37,7529.15,-170,29790867
24986007,-Kyooo-,8058.3,7519.72,302,29790867
4560039,Smudge,8277.05,7514.97,-708,29790867
6693897,uloo,7986.09,7509.14,1025,29790867
36359561,RPA,8236.19,7508.47,-193,29790867
15200732,Aaronlyca,7935.74,7504.57,552,29790867
4617137,Tms_Est,8196.34,7504.27,-320,29790867
137620,Himitsu-,7560.17,7503.03,2161,29790868
13264148,Magma,8311.27,7501.63,-756,29790867
16232044,liyibaobao,8240.84,7500.92,-995,29790867
5375053,[Crescent],8151.85,7498.23,360,29790867
21274489,_Zek,8046.09,7496.52,80,29790867
3112563,[ Zorua ],7843.93,7496.11,1622,29790867
4754917,vivi desu,8134.59,7493.35,-81,29790867
1082617,Why,7941.03,7493.20,704,29790867
8630110,3zachm,8149.64,7482.96,-373,29790867
8290364,[ Azu- ],8101.03,7473.68,119,29790867
31757229,Erhan,8249.54,7466.47,-833,29790867
16891746,shixv,8014.92,7461.88,289,29790867
2712863,Rextep,7744.97,7461.25,1462,29790868
1746123,desquiciado,7835.26,7459.44,932,29790867
4226971,Clawford,7989.31,7457.87,79,29790867
10103088,coffee hour,8029.01,7445.98,-118,29790867
16271283,EzyS,7693.32,7443.57,1412,29790868
6005251,Yumi Neko,8104.34,7442.51,43,29790867
3774554,Axiaan,8221.02,7439.92,-674,29790867
12315824,-Aku,8067.59,7438.91,-533,29790867
12195994,Cruwev,7934.68,7438.89,562,29790867
9234273,Verllon,8277.42,7431.34,-857,29790867
3580684,Coreyolk,7991.87,7425.33,135,29790867
11609084,[ Kloc ],8376.33,7420.88,-1294,29790866
4093627,YoBroOreos,7719.69,7413.92,743,29790868
2114149,Hirikoshi,7888.96,7399.94,1266,29790867
8126553,Evirir,7725.71,7399.76,597,29790868
35677607,snowshoes,7607.84,7397.20,522,29790868
14667931,Inma,8216.68,7393.02,-879,29790867
10340097,YamamotoYuka,7982.19,7384.93,218,29790867
1587968,hisukoha,7847.66,7381.14,772,29790867
4096322,Fulgu,7903.5,7376.17,-39,29790867
4863096,Malai,8155.51,7373.15,-412,29790867
5207702,Zurgdude,8056.31,7370.90,-134,29790867
19207842,-[SnowFlakes]-,8213.43,7370.85,-1021,29790867
2985335,mirza_rachman18,8092.24,7367.00,-301,29790867
13423182,Melzi,8198.34,7366.43,-1024,29790867
670365,Frobe,7313.22,7358.84,2532,29790868
5381718,NikaNika,8036.12,7351.72,10,29790867
10887159,100,8060.09,7351.08,81,29790867
7807460,shinitaichan,7914.34,7340.47,144,29790867
8947721,KinpatsuBunny,7962.4,7337.80,-217,29790867
9003480,_Satsuki_,7873.66,7330.14,-145,29790867
7306758,No Mod Plz,8173.37,7325.83,-1104,29790867
4607945,serenity_P,7632.42,7324.37,801,29790868
13026904,tyrcs,7954.78,7321.94,-651,29790867
34478547,Julian-,8048.25,7317.37,-627,29790867
16427395,ZilverX15,8053.07,7314.96,-905,29790867
21889770,[ ChizAki ],8002,7313.36,-541,29790867
14710683,yuugura,7830.4,7313.25,-267,29790867
12899648,Marker,7967.79,7309.01,71,29790867
11034769,uni_PF,7936.93,7304.93,-469,29790867
13742300,xd dd,7569.81,7296.02,1681,29790868
18065598,azu420,8190.61,7293.24,-1115,29790867
15926106,PeacefulWarrior,7899.68,7293.05,-652,29790867
9476339,Kermiteu,8061.36,7287.25,-971,29790867
3951909,dalyz,7296.33,7284.08,2547,29790868
6245906,Furina-,7960.81,7280.63,-355,29790867
10275799,Minorin_,8094.9,7274.40,-515,29790867
11967846,Jameeze,7643.54,7270.33,885,29790868
3672490,Demo,7641.25,7260.86,1042,29790868
16940076,Uhtuh,7926,7259.46,-316,29790867
4785841,Danti,7692.87,7247.58,635,29790868
24991702,mpmp,7409.86,7238.90,2371,29790868
1830213,Clara,7143.01,7236.97,2997,29790869
16434843,-[Hestia]-,7777.84,7235.32,-50,29790867
11111361,hubbard,7599.12,7230.39,1297,29790868
4676427,KuritoSupremo,7838.12,7225.52,-238,29790867
6906010,Luciel,7491.6,7220.77,884,29790868
9079969,Koxiuuu,7365.43,7219.42,1557,29790868
5795337,TheShadowOfDark,7697.58,7214.26,304,29790868
10119963,1k1,7474.53,7213.66,1319,29790868
14121250,hrohoroko,7812.26,7211.72,-44,29790867
7839357,Anonymouns,7754.13,7209.70,-94,29790868
34934805,NoHaxJustTaiwan,7440.02,7208.75,1468,29790868
1475828,walaowey,7906.98,7208.01,-471,29790867
17853754,hacington,7983.79,7203.79,-617,29790867
12788352,mntt,7912.12,7200.92,-900,29790867
9207282,MilczekAri,7481.07,7200.15,684,29790868
24449428,TrussingOrca330,7936.39,7196.89,-612,29790867
12064845,Mai-san,7797.13,7194.49,-268,29790867
4101818,davidbeh_97,7766.65,7194.32,-195,29790868
36770924,Mazumi,7841.11,7190.25,-765,29790867
3703888,Oku,7734.46,7189.80,304,29790868
18548883,Prinkxi,7772.57,7189.23,-16,29790868
8876527,bnuuyy,7504.51,7187.37,788,29790868
7077661,Quetoonu,7821.8,7181.05,-38,29790867
4430631,sovy,6989.61,7180.79,3194,29790869
10389331,Azzari,7635.11,7178.66,473,29790868
4382588,TheWaterBottle,7565.56,7178.13,1136,29790868
12306030,bigbutt123,6968.37,7176.08,1846,29790869
6692990,Zylin,7186.21,7175.59,1892,29790869
13681464,Morusya,7444.26,7172.74,1164,29790868
9317817,Fauzan 2000,7710.02,7169.78,65,29790868
7657968,Ilhamuharam,7714.04,7166.96,143,29790868
4570550,Barakas,7945.07,7166.73,-870,29790867
5191192,Quantum_,7769.18,7165.32,-337,29790868
8925266,Haadez,7463.37,7156.25,369,29790868
13407037,Fhartol,7968.16,7155.05,-761,29790867
37841580,23xm,7646.76,7152.84,-598,29790868
13371424,Ainer,7920.02,7152.51,-797,29790867
23308373,Sypervenya,7882.63,7147.40,-502,29790867
34669325,Extra Sanguine,7725.79,7141.63,-669,29790868
20522929,Aikawa Kizuna,7300.58,7136.02,869,29790868
5884165,miki2003pl,7813.67,7126.68,-367,29790867
32220321,BananaCat3,7907.11,7125.12,-1005,29790867
8174275,madao-shin,7410.28,7123.83,1615,29790868
30832040,caophihung,7858.76,7116.57,-594,29790867
11135474,Jizzy,7515.2,7112.04,557,29790868
6810214,NeODekVaT,7658.46,7111.89,-422,29790868
11156215,Dekyoura,7810.51,7110.05,-449,29790867
3950414,carrodz,7490.48,7108.96,700,29790868
10582430,Rick Grames,7741.43,7101.49,-50,29790868
4464154,grondot,7701.59,7101.19,-34,29790868
11226645,JackPaX,7683.01,7099.10,113,29790868
14904117,Marlink,7841.73,7094.88,-1006,29790867
2927010,Night_Rain,7795.98,7092.33,-285,29790867
11385094,ManuAoK,7482.87,7091.31,528,29790868
2595912,Bloodcat_old_1,7188.24,7087.88,2441,29790869
6183012,Oasix,7638.49,7085.85,-52,29790868
33601902,404Ryoma,7322.02,7082.02,1584,29790868
550473,hassanfitt,7789.28,7068.19,-500,29790867
9955084,- Light -,7535.73,7067.46,221,29790868
10310719,strupEX,7647.48,7065.10,-358,29790868
28532715,Lee Duck,7591.34,7063.77,-190,29790868
9892196,Hoshikuz,7699.96,7053.82,-300,29790868
29503627,my angel auto,6904.99,7052.94,3199,29790869
2875968,asuasu_yura,7659.42,7050.29,-309,29790868
12156647,KatyVT,7668.43,7045.15,-184,29790868
7385703,Rosa,7044.98,7043.52,2536,29790869
13496385,- EdgarNitroX,7461.26,7038.96,441,29790868
7331416,Yubeki,7630.85,7038.74,49,29790868
1016926,Kings,7503.33,7028.78,467,29790868
6117864,jerem1as,7627.7,7026.00,248,29790868
7724462,xTapion,7525.27,7025.94,18,29790868
13229459,35P,7679.93,7025.30,-363,29790868
1262919,YunGoon,7358.01,7021.38,477,29790868
11923390,MrBeast,7359.43,7018.72,-922,29790868
7258362,Rai,7652.45,7014.47,-266,29790868
2215606,Otakubayo,6442.89,7010.58,661,29790870
7968376,Mystery Star,7605.81,7010.54,-112,29790868
13178998,vwvwvwvwvw,7654.34,7010.44,-187,29790868
3181733,bastianaraya,7667.13,7010.32,-446,29790868
3479995,Caliburne,7459.91,7005.50,253,29790868
869471,DPJ9fuegos,6862.43,7003.70,3011,29790869
5084575,kerndo,7644.84,7001.68,-220,29790868
11475426,xXMysteryXx,7579.97,7000.61,113,29790868
660504,FuZ,7492.71,6997.64,450,29790868
38097629,mitsuki2149,7586.92,6995.57,-255,29790868
14309839,NoctuFury,7436,6995.39,509,29790868
35228304,SP17,7663.83,6987.76,-51,29790868
9131357,-Kirai,7414.4,6987.61,682,29790868
452809,Nadger,7462.21,6980.41,463,29790868
1110368,DarkFoxing,7443.89,6977.49,1353,29790868
6205809,DemiGod Yoxide,7126.13,6975.48,1536,29790869
4349189,Paula,7564.34,6974.58,-78,29790868
2065347,Derpu,7351.89,6972.71,1266,29790868
5320583,Sutavv,7502.87,6971.58,97,29790868
7179969,Balerin,7435.04,6970.15,-2,29790868
8694649,DrumManager,7108.47,6969.57,171,29790869
3561730,Feli,7586.01,6964.95,383,29790868
1621617,Prieto,7607.28,6963.12,-157,29790868
8411195,AkiYukie,7491.2,6960.61,1496,29790868
3905273,[- Rubik -],7460.51,6948.76,576,29790868
8387373,Yiihao,7228.67,6944.66,590,29790869
2009964,Suaaaaa,7612.94,6939.77,-579,29790868
5720813,Seynn,7178.78,6937.97,1731,29790869
15534072,Scrawny,7725.87,6937.04,-761,29790868
1999852,StickyPicky,7460.99,6935.24,-588,29790868
10551988,EvgenBruh,7541.09,6928.11,-233,29790868
4546013,The Last,7475.27,6922.39,57,29790868
9821346,AzusaNakano2,7522.03,6916.10,-778,29790868
12369874,Ksylo,7453.57,6914.34,33,29790868
9103869,Eson-,7424.83,6911.01,166,29790868
13279756,Hekatia,7211.24,6910.94,1091,29790869
8925569,Koto-chan,7543.78,6905.74,-307,29790868
11008859,Daneh228,7598.58,6898.57,-529,29790868
8567991,sonic231,7498.63,6897.99,-684,29790868
6128878,Grimrr,7482.38,6896.49,-401,29790868
10474852,1337Miguel,7500.28,6894.09,131,29790868
12884733,Nami_Chan,7700.02,6891.88,-608,29790868
17679802,Norian,7428.51,6883.46,-16,29790868
10663180,Toocheesed,7552.33,6883.00,-693,29790868
33485091,Noobplayer6410,7502.23,6873.13,-12,29790868
5414447,Shadow3344,7392.55,6872.87,425,29790868
34566165,bonjour555,6973.31,6869.52,276,29790869
6061952,CornDoggy,7417.61,6868.68,-148,29790868
6773897,MegaMan,7394.43,6864.36,-48,29790868
1848118,yodoko,7436.97,6864.30,94,29790868
2206844,WaShoy,7394.16,6861.15,495,29790868
5283210,ThePonite,7333.24,6859.04,682,29790868
7685138,vile,7396.54,6858.03,100,29790868
2888808,Tokufi,7382.02,6855.96,317,29790868
12052253,SuperPotatoMLG,7414.17,6855.92,-32,29790868
5739531,Zeith-,7478.11,6855.13,-173,29790868
12203176,Viranyaa,7438.74,6853.89,-165,29790868
9784761,Chau,7462.9,6851.20,-189,29790868
12443068,CranjisMcBasket,7628.78,6850.10,-887,29790868
39083487,Kagetsumugi,7301.25,6844.51,44,29790868
14724938,_ItsLeo_,7449.87,6827.69,-281,29790868
5783061,-Spartan,7375.7,6827.34,-230,29790868
9437016,Ranka Ookami,7252.61,6826.72,199,29790869
6947412,Akaterry,7319.2,6825.22,244,29790868
15492424,Quix,7174.55,6824.41,344,29790869
1642435,Laqure,7307.13,6822.88,389,29790868
24658537,LightningStorm,7466.23,6821.97,-412,29790868
4417929,Osten,7191.09,6816.95,446,29790869
10235283,Chiyasi,7271.99,6816.15,-320,29790868
6645501,Time Series,7295.05,6815.12,425,29790868
4203239,Julo,7000.83,6814.68,1679,29790869
7154141,master345,7320.68,6812.95,-39,29790868
4140062,-Utawarerumono-,6690.45,6812.93,3063,29790870
17048412,Egsma,7030.91,6808.78,1414,29790869
7857559,Gato2499,7439.62,6803.29,-403,29790868
15126172,Trifano,7442.3,6803.22,-332,29790868
38760822,Nard_0o,7247.25,6801.08,-737,29790869
31290348,RainbowRod,6612.39,6796.18,-198,29790870
1352395,-Applejack-,7347.69,6789.77,-123,29790868
5021656,SylveonZ,7406.51,6787.67,-175,29790868
10854710,Denryci,7487.97,6787.16,-535,29790868
13452017,thebeastjona,7646.47,6784.97,-530,29790868
11435502,Kureiji Ollie,7378.55,6780.39,-170,29790868
8181557,DreemurrTrz,7326.33,6779.56,-258,29790868
12706315,-blinky,7343.63,6775.53,10,29790868
5205643,Neptunia,7435.53,6772.95,-218,29790868
15289954,OOYCHAI,7226.32,6772.23,308,29790869
14782787,gensouyume,7262.8,6771.82,181,29790869
10770802,-[NetriX]-,7340.09,6760.55,-262,29790868
16413210,matmat7605,7547.17,6760.11,-887,29790868
632048,vkells,7206.65,6755.81,249,29790869
18169865,Watashii,7463.78,6748.82,-254,29790868
28087032,Akiazuri,7368.98,6746.26,-556,29790868
564334,Kingkevin31,7317.7,6745.24,191,29790868
4639460,PewFanGirl,7019.62,6744.29,1090,29790869
18375102,EBIROKE,7332.29,6743.32,-378,29790868
13660273,fhz,7419.97,6740.39,-706,29790868
17094794,tohorumi,7385.87,6736.95,-850,29790868
4464886,Makarinne,7153.48,6736.46,462,29790869
11516014,Kwms024,6987.98,6736.06,642,29790869
11375105,lolol233,7584.59,6728.84,-1046,29790868
17689364,liquid_vova,6991.34,6727.88,1049,29790869
14479545,[Yomi yori],7397.27,6725.33,-425,29790868
24664282,Matildo,7087.9,6724.85,-487,29790869
14197674,TSC_Theo,7197.94,6724.22,-198,29790869
33847810,TocinaRoblox,7211.11,6708.87,91,29790869
18595369,TurboChungus,7280.84,6708.26,-298,29790868
10766352,Santana WinSxS,7217.42,6707.91,163,29790869
11140295,b r e t t,7184.55,6707.48,152,29790869
6648969,Katsuhira,7312.49,6699.07,-38,29790868
2390468,[Hibiki],6568.04,6698.37,3137,29790870
2369776,Greaper,7172.13,6696.87,338,29790869
26967273,My Angel Okayu,6949.64,6691.74,1289,29790869
1309242,mulraf,7154.46,6686.86,187,29790869
14224836,ZingosS,7388.8,6686.84,-656,29790868
20403530,Lessixx,7317.8,6685.96,-280,29790868
19938859,Tatsuyako,7111.09,6684.86,233,29790869
47842,mikhe,7034.57,6680.12,1270,29790869
5985919,Nexus-,7229.87,6672.43,-143,29790869
8082362,TrickyPugster,7612.33,6671.18,-1232,29790868
2363941,KeepON,6810.07,6662.52,1626,29790869
11799304,brazos party,6961.71,6661.63,598,29790869
20942650,AlexFenom,7290.62,6652.68,-186,29790868
27075975,_Hemaaaaa,7131.34,6652.12,-242,29790869
1906992,Hibarisita,7159.31,6651.82,256,29790869
17155465,Riysin,7512.33,6649.63,-954,29790868
28773132,LazY233,7020.35,6649.06,320,29790869
5120250,Mlody17,7145,6643.78,-43,29790869
34776777,Nadeshiko_Aino,7343.55,6627.83,-579,29790868
200768,ZiRoX,7067.08,6626.49,582,29790869
2503365,Fyunix,6827.46,6625.62,1439,29790869
11431902,NinjaCoktail,7229.69,6624.33,-229,29790869
12892193,Brandung,6987.01,6623.27,229,29790869
3896556,[Matesava],7096.17,6620.85,20,29790869
19356730,Lindzei,7115.25,6618.15,-43,29790869
2600197,[SS]Bell,7123.99,6616.73,46,29790869
1900093,Rain Maker,7098.8,6615.83,569,29790869
18946627,khrsyani,7098.86,6614.55,412,29790869
13944304,Wynee,7321.25,6611.95,-226,29790868
3564018,Yudara,6999.69,6601.91,353,29790869
2717458,_Johan,7101.18,6599.96,148,29790869
39093101,-J3,7014.08,6597.60,-108,29790869
1033244,jihak0210,7209.95,6591.11,-672,29790869
6358902,MrRed,7397.92,6590.50,-1206,29790868
7254597,Emica,7123.55,6583.01,279,29790869
31366358,fabricioxd17,7068.83,6581.83,-22,29790869
29312099,caramel,7281.32,6579.80,-523,29790868
35174387,Vasycs,6898.72,6573.11,553,29790869
11807319,qq11123334,6928.5,6571.58,1143,29790869
28279330,[AzCrow],6710.27,6568.86,737,29790870
4261579,Eumi,6878.05,6567.51,657,29790869
5695895,Dosn,7137.91,6562.87,-235,29790869
10149468,Haachama,7128.77,6549.64,28,29790869
35703074,biggestninofan,7297.96,6542.82,-890,29790868
29199066,Pelagambas,7192.27,6538.05,-486,29790869
10235347,-Jws,7093.77,6536.03,-185,29790869
33884691,SkibidiDemon666,6698.9,6535.70,-579,29790870
4577393,Kagami Hekiru,7043.89,6531.74,538,29790869
8208277,Buster,6919.06,6530.14,585,29790869
13026411,JlordS32,7036.4,6530.11,135,29790869
36965488,Annapurna,6970.5,6527.87,28,29790869
39157678,Longchimto,7032.51,6527.62,-188,29790869
8098356,CancerDelta,6820.07,6527.40,440,29790869
12625512,TrustyTrojan,6956.08,6522.78,296,29790869
2761685,P i k u,7018.41,6521.32,312,29790869
16149082,Ykel,7211.79,6519.49,-514,29790869
2789905,Gordon123,7092.31,6518.84,22,29790869
4504525,LegoTonix,7056.31,6517.83,61,29790869
5052102,- May -,7126.49,6517.42,7,29790869
14386290,Eloi2525,7443.57,6515.38,-744,29790868
2302569,DiarK,7015.71,6515.31,138,29790869
11635646,Aveil,6881.27,6512.10,355,29790869
8270962,Lost-Replay,6946.21,6510.49,186,29790869
13963577,jpeghub,7054.64,6505.26,-30,29790869
37111969,Sajeribo,7255.57,6504.61,-895,29790869
25685698,swertd,6917.67,6503.95,139,29790869
12943161,MitsukeZ,7098.02,6502.99,-307,29790869
4498940,Lovelysongfull,6990.83,6502.31,273,29790869
5441660,DevD,6872.96,6500.12,448,29790869
2984583,Sakary,7006.26,6496.07,273,29790869
9814038,Chicken-chan,7091.59,6492.99,-116,29790869
9074469,Parapluutje,7018.02,6484.40,3,29790869
6909645,Sternenstab,6741.12,6479.20,1341,29790870
22549858,MeGoBrrrrrr,7111.73,6478.68,-515,29790869
23895020,IRyS My Beloved,7011.19,6477.54,-42,29790869
10734140,Issai,7077.59,6475.54,-210,29790869
17385454,RAISE MY SWORD,6797.68,6469.63,1156,29790870
9088630,JeanPiero,6938.58,6463.47,196,29790869
7293703,Neimex23,6996.91,6452.84,-76,29790869
13883877,Yurukane,6860.17,6452.30,859,29790869
4114084,Morosis,6943.84,6449.07,148,29790869
5999631,Venix,7143.89,6447.46,-508,29790869
23259475,wearegay,7073.37,6443.99,-495,29790869
4711428,Ras_Siel,7060.7,6441.59,-129,29790869
123976,[Strike],6999.39,6441.44,236,29790869
29380292,Kufas,6658.29,6440.99,1195,29790870
9680907,Hades,7150.31,6439.32,-100,29790869
13837339,Epic,6942.02,6436.25,-189,29790869
16639514,Ririane05,6997.64,6431.31,-64,29790869
7094470,A n t o t s u,6409.48,6428.91,2407,29790871
9485361,Roogaru,6859.14,6423.47,-249,29790869
8201267,2zz,6823.83,6423.27,595,29790869
18277878,simple breeze,7136.19,6418.61,-594,29790869
4209402,Martin22,6533.7,6417.76,1974,29790870
8584061,Pi-,6924.34,6413.41,-38,29790869
1577171,Hino07,6534.2,6409.45,1996,29790870
10584732,KostPer,7145.76,6407.53,-897,29790869
6720962,King Shitmiss,6764.62,6404.03,201,29790870
1009521,- Y U R I N A -,7046.48,6402.93,-389,29790869
6013277,GuitarHero_King,6945.8,6402.17,-14,29790869
10411609,NoLimitFS,6891.88,6396.38,-5,29790869
26699153,Astol,7074.42,6393.50,-749,29790869
1501974,Rukaru,6788.6,6388.90,590,29790870
2194368,yaityboi,6347.94,6385.92,2663,29790871
9734910,etherna1,7014.02,6378.51,-391,29790869
5283324,mako33,6748.59,6376.09,819,29790870
24810703,Strict_Lane,6728.13,6370.04,516,29790870
3272292,Excelsea,6888.63,6366.01,230,29790869
32735428,L0nel1_0,6933.35,6362.95,-45,29790869
24689876,-Hana,6944.9,6362.50,160,29790869
849833,CaCtus112,6768.51,6356.91,830,29790870
5370696,SakuraMiko,7047.37,6355.09,-340,29790869
34913110,CPU01,6816.33,6355.08,55,29790869
17435545,StiL,6527.3,6352.69,-492,29790870
1902918,Keleron,6668.34,6349.93,1197,29790870
34875408,Tibalt,6823.89,6347.11,358,29790869
5710721,-Izayoi,6656.82,6345.30,682,29790870
1356676,Cheese-w-,6851.26,6345.21,-197,29790869
5321112,Jason House,6923.57,6344.66,-71,29790869
6453807,[-L a L o-],6725.6,6343.10,398,29790870
5527957,Meiju,6664.21,6341.04,538,29790870
8109994,DakkyTemu,6853.71,6335.76,-290,29790869
8386591,sxy62146214,6687.14,6332.99,602,29790870
7552274,-ExGon-,6786.63,6330.08,252,29790870
29721693,Arthur Q,7106.72,6327.99,-862,29790869
18451684,Yuta k4,6865.12,6327.81,-88,29790869
15017069,fkdlwu4550,6353.45,6327.41,700,29790871
23114439,iPPC,7139.86,6325.67,-352,29790869
8771191,Draco Noctem,6652.02,6323.66,460,29790870
38358736,ramoan,6772.93,6323.02,603,29790870
10135817,Krampus Howl,6850.72,6318.21,0,29790869
5108463,_AppleCat_,6935.09,6315.13,-357,29790869
13949957,kodas,6761.02,6313.99,-786,29790870
13136479,CthuNox,6844.99,6313.79,-127,29790869
14948441,Pataray XDD,7036.46,6311.82,-792,29790869
29779190,- FASTAROST -,6855.88,6311.40,-307,29790869
6878561,ToastyKitten,6899.55,6302.22,340,29790869
9790175,-Martishiru-,6878.58,6299.44,-73,29790869
3149577,Coreanmaluco,6903.38,6295.46,-240,29790869
4617366,Xylverize,6703.32,6289.73,240,29790870
14729191,JESP2310,6763.99,6287.69,567,29790870
14845139,-VINUSHKA-,6964.67,6283.74,-459,29790869
11688085,levelsixvegan,6870.31,6283.46,-345,29790869
3575682,qzoomee,6726.31,6280.67,568,29790870
17894238,Dasion-,6871.78,6280.59,-283,29790869
5994353,Kokutan,6624.11,6278.89,914,29790870
584093,Ikillforpies,6629.53,6277.34,1699,29790870
14709563,DragonK1ng,6958.94,6276.93,-731,29790869
7392020,Peperonni,6853.9,6276.00,-473,29790869
13199768,Kuwamakamaru,6890.36,6274.78,-291,29790869
21706987,Maykolaico,6790.67,6273.44,-132,29790870
21773413,Marliss,6868.47,6272.89,-273,29790869
8216451,juan david ayaz,6779.55,6272.35,-73,29790870
11173352,SpeedWolf,6903.68,6270.76,-570,29790869
723787,Dark Diego,6392.94,6265.29,2237,29790871
14477534,optm,6892.85,6262.93,-274,29790869
8406711,GDLenny,6627.96,6261.98,592,29790870
31947583,1Myu,6717.64,6259.14,158,29790870
32038767,OWbin,6638.04,6257.75,343,29790870
6651206,Huasulman,6837.36,6257.03,136,29790869
4847256,Absolute Zero,6721.53,6255.84,83,29790870
8256770,_Illustrious_,6586.63,6247.21,933,29790870
11461981,Fujiwarasama,6856.25,6243.58,-308,29790869
6137142,Kitsura,6760.45,6241.68,-64,29790870
4852637,Hotori,6649.12,6241.00,299,29790870
10520757,WARABIMON,7010.74,6240.68,-614,29790869
16830266,litterbox,6724.39,6238.53,5,29790870
2373553,tomaszto,6618.85,6238.45,1044,29790870
3827078,Shadow Cultist,6834.88,6232.61,254,29790869
12918870,Kisetsu,6832.47,6232.39,-91,29790869
13999835,SrBiscuit,6736.89,6230.52,-547,29790870
14134289,shokoha,6564.1,6229.62,622,29790870
6655145,Cookraine,6422.04,6228.87,1903,29790870
4652815,FireWing,6579.18,6226.07,546,29790870
15591179,AshelliaKawaii,6776.96,6225.51,46,29790870
2836648,JumpNoob,6644.25,6225.19,428,29790870
1747396,soopy0411,6785.47,6224.73,-37,29790870
10067533,TRUE_PLAYER36,6852.66,6220.79,-23,29790869
31307198,mio114514,6718.41,6217.66,22,29790870
22379866,Kai Jeaw-,6692.73,6214.63,-184,29790870
8221467,Yruama,6736.95,6209.44,2,29790870
8384680,-Enias-,6641.97,6201.19,582,29790870
8949098,MadaraDragneel,6889.43,6199.96,-168,29790869
24849709,Sgame,6712.1,6197.46,-187,29790870
11799517,Cris_0r,6685.61,6197.24,168,29790870
10959112,ShigeLuna,6762.6,6193.99,-111,29790870
10935960,Ketsui,6596.69,6188.90,701,29790870
4438154,Ellyu,6811.89,6188.86,-442,29790869
14947043,hz404,6463.25,6185.23,892,29790870
15220185,-Kawada-,6786.29,6180.48,159,29790870
18240388,yoraze,6798.77,6178.25,628,29790870
16496103,arwab,6533.78,6177.30,481,29790870
12125431,FrozenTea,6898.06,6176.64,-399,29790869
3073351,Haruyaa,6163.98,6176.29,2416,29790871
28696723,vinni,6949.9,6176.10,-1138,29790869
19428925,duongender,6490.7,6167.47,412,29790870
4561146,812804737,6779.32,6163.86,-180,29790870
7787785,Melodies,6600.84,6163.72,458,29790870
10872882,tobuux,6598.17,6160.67,-207,29790870
23636785,parabeetle,6737.78,6153.72,-129,29790870
9145017,Pinkie Gamer 23,6670.23,6153.37,600,29790870
10507489,Kuusudo,6553.92,6153.35,515,29790870
18275001,7hiraSimp,6816.97,6150.10,-379,29790869
22420912,Brienus,6518.44,6145.63,481,29790870
30318772,The Forest,6574.4,6144.94,73,29790870
13943427,Mirindai,6790.52,6142.99,-647,29790870
11535868,Fuunoli,6813.01,6142.19,-74,29790869
6104236,Ikira,6610.66,6141.15,162,29790870
18558246,risu,6527.38,6137.61,418,29790870
37459882,Free Chips Pls,6588.64,6135.63,-598,29790870
12203687,Carry,6624.42,6134.37,318,29790870
3541394,Falcon,6644.74,6133.88,-47,29790870
2818653,Darid,6633.32,6132.79,198,29790870
4350652,Snow Bast,6523.2,6132.04,1096,29790870
2151999,MS_Darling,6674.4,6131.44,-101,29790870
4884140,sesuwag,6635.08,6128.39,-87,29790870
17993410,MBAKUXX999,6709.35,6124.11,-219,29790870
9380604,Kasperatu,6796.38,6121.32,-331,29790870
158240,Megpoid,6012.87,6120.13,2652,29790872
12186758,ctb farmer,6676.39,6117.70,-328,29790870
2108612,CTBeshnik,6667.66,6117.55,106,29790870
17205201,alpi,6813.29,6114.06,-719,29790869
6955175,Akuma Tenshi,6626.77,6111.28,63,29790870
23894728,tr3333,6719.5,6111.20,-282,29790870
8205964,Icy,6603.83,6110.92,207,29790870
7712274,ERA Nikolai,6438.16,6110.90,1056,29790870
14256364,PineFugger,6767.54,6108.96,-760,29790870
8500011,Dianth,6571.47,6107.06,257,29790870
2024185,Tuti-,6535.97,6100.56,436,29790870
792196,jekasa,6510.47,6100.01,1175,29790870
8909874,Reweii,6322.3,6099.78,1782,29790871
30019875,Akashi120200,6778.86,6097.68,-714,29790870
9160084,Yuzile,6794.82,6095.80,-626,29790870
9505387,S4I7T,6719.01,6095.26,-429,29790870
4577865,Chloebe,6498.57,6093.44,954,29790870
4571241,ThankYou,6549.43,6086.18,18,29790870
5261202,Chii Aruel,6024.73,6084.32,2405,29790872
11933276,Ichijou,6670.17,6078.13,202,29790870
12957407,cyannite,6676.54,6075.21,-233,29790870
13582258,Ichinose Hana,6413.66,6072.15,799,29790871
1698323,Posipi,6617.84,6063.84,145,29790870
7345826,AlphaMel,6753.01,6061.61,-689,29790870
4350256,GuiltyCrowm,6564.55,6059.26,267,29790870
18319269,Hatsuratsu,6457.35,6054.63,-419,29790870
11177244,Kurizeru,6382.49,6054.63,-167,29790871
1123320,fbdp1202,6393.82,6050.75,1272,29790871
34668664,Ergou Tree,6300.64,6050.65,-46,29790871
11716851,skolodojko,6616.16,6049.88,98,29790870
4297805,Edogawa Conan,6468.29,6048.42,1028,29790870
7075339,-Vale,6521.51,6044.72,227,29790870
13519934,Laslinak,6467.51,6044.59,67,29790870
9370371,KukajuLp,6352.95,6043.10,965,29790871
26031324,Hkefp,6723.25,6040.27,-677,29790870
1580033,zomcys,6573.94,6037.87,-51,29790870
9096327,Ritchie,6418.52,6036.30,705,29790871
37442590,remo9,6456.92,6032.12,67,29790870
5663087,Jaodowner,6205.05,6026.92,755,29790871
18669670,TRmSk,6649.71,6023.53,-306,29790870
3359988,Harlequin,6632.27,6021.88,-31,29790870
18780375,Aiami,6726.54,6019.12,-633,29790870
13051275,CloudBurger4,6698.39,6018.74,-521,29790870
12233785,Sareieto,6442.48,6014.28,532,29790870
33948378,R4quelita,6571.04,6012.30,-383,29790870
15014464,this game wack,6094.37,6008.30,2067,29790871
3971534,NachOx,6541.87,6008.09,-165,29790870
7222840,My Madam Herta,6646.17,6007.74,-437,29790870
4382259,Aishiii,6480.06,6006.11,202,29790870
10580267,Chenut BS,6673.16,6004.72,-521,29790870
3115050,Pistoler,6169.83,6004.70,1787,29790871
37964796,Evelyn_199,6704.91,5998.30,-396,29790870
4169363,MaMaiPonc,6422.58,5993.98,404,29790870
10776960,Wolf Nighteyes,6571.39,5993.13,-300,29790870
1844862,Hajime,6371.95,5991.50,932,29790871
21180319,EndlessLTS,6524.89,5989.55,-4,29790870
2315121,M s k,6365.73,5987.45,1178,29790871
20805191,enhri,6634.71,5987.32,-304,29790870
235211,Lyra,6294.26,5986.83,1069,29790871
20778008,Ratori,6449.54,5983.83,-186,29790870
7816216,Chufli,6554.78,5982.05,-192,29790870
15931741,Nyeko Kawaii,6391.21,5976.69,160,29790871
6045788,Cursetyl,6439.2,5974.30,667,29790870
3917717,NewGirlfriend,6487.1,5971.97,-91,29790870
25457711,aaronigoo,6607.1,5970.92,-272,29790870
3633357,K o e m i,6550.18,5969.09,-107,29790870
35072304,ah_m,6645.1,5965.87,-681,29790870
2888331,Father,6572.42,5964.65,203,29790870
7336579,Kus Chuja,6369.91,5963.19,395,29790871
18646531,Chimchar,6467.8,5962.49,155,29790870
14890808,Black Spot,5947.95,5959.80,2099,29790872
3304713,transcendental,6452.67,5954.44,44,29790870
9507660,Dabo,6486.02,5948.50,-334,29790870
16485108,[-Hanatan-],6297.6,5947.84,1146,29790871
37329549,Seonghee-,6315.72,5947.25,755,29790871
2633459,Ichiro Takami,6178.3,5947.13,1536,29790871
3442319,Etsu,6413.89,5945.94,853,29790871
4470724,Chancool,6411.67,5945.35,297,29790871
10156468,Fyresis,6228.41,5944.00,-146,29790871
16935754,ExPin,6474.81,5943.47,314,29790870
7717114,Munupp,6473.92,5937.61,-41,29790870
1800077,Kaleesy Pura,6031.35,5935.29,1761,29790872
1997633,Lliria,6419.61,5934.13,-45,29790871
1604974,px_13,6276.51,5931.90,1236,29790871
18654680,Artheae-,6648.66,5930.26,-135,29790870
6896699,Jin Kun,6431.84,5929.63,-141,29790870
993495,Sawa88,6157.95,5922.83,1740,29790871
480676,Nyan-Zapo,6015.07,5922.47,2070,29790872
5050850,Torracat,6076.11,5917.63,1595,29790871
12816078,Schwester,6313.25,5916.21,457,29790871
3977003,-ShoYo-,6133.9,5915.19,1372,29790871
13073216,slime1869,6114.38,5910.63,598,29790871
34190088,Hypernovaaa,6657.62,5910.58,-659,29790870
10016929,- Ozynho -,6398.05,5907.80,102,29790871
9913452,amulet-pp,6378.14,5906.60,101,29790871
8731044,-[Smoked]-,6497.88,5901.40,-265,29790870
6254152,Terraria,5987.61,5898.81,1603,29790872
19230399,yuri fan,6540.89,5895.90,-703,29790870
26383230,QuailLover,6188.14,5892.62,-369,29790871
16841401,quistyyy,6488.33,5891.13,-390,29790870
21822645,Abstracto,6441.31,5886.22,198,29790870
36580100,-aon,6433.88,5884.51,-12,29790870
15769399,testie,6569.12,5881.81,-516,29790870
8768258,creepie,6468.62,5881.48,7,29790870
5180124,hboy8427,6509.44,5878.08,-495,29790870
12837178,9124290302,6261.93,5877.42,623,29790871
4394672,xAmas0n,6306.56,5876.46,814,29790871
845733,Faputa,6592.55,5876.21,-750,29790870
18699984,-Ninfa UwU-,6342.25,5875.90,10,29790871
1424173,Bloodyperch201,6321.98,5872.73,181,29790871
8492808,Wikro,6479.56,5864.63,-60,29790870
2227227,Mugino,6322.49,5864.50,165,29790871
11140431,Dvard,6295.95,5862.15,63,29790871
3496258,park0695,6001.03,5861.95,617,29790872
3544660,Yerii,6486.96,5859.28,44,29790870
2424947,Wermii,6323.33,5856.61,209,29790871
10952862,- Ayame -,6264.05,5853.40,398,29790871
10129774,Z -,6156.46,5849.72,-258,29790871
14791538,Xedlefix,6272.58,5847.13,-392,29790871
19949612,Naolia,6203.03,5845.78,909,29790871
3600162,Narnia,6297.86,5845.24,552,29790871
8767392,ILOVEMARISA,6297.04,5842.28,162,29790871
8903761,watimanare,6266.46,5841.09,510,29790871
17236489,Norial,6432.31,5841.02,-655,29790870
704369,natume,6195.43,5838.99,726,29790871
29949180,Ivanbbb,6254.87,5838.11,607,29790871
5401875,kon7336,6329.06,5836.47,177,29790871
3615757,Dokuro_69,6151.76,5835.47,1073,29790871
8499301,matiwii,6488.88,5834.98,-761,29790870
20291833,konro,6342.88,5826.17,168,29790871
15458667,Quintec,6198.99,5826.06,351,29790871
7233431,ZacAttack_98,6355.41,5825.31,-122,29790871
9568120,makivsmegumin,6325.82,5823.78,182,29790871
16591660,-Galaxy-,6299.73,5822.08,69,29790871
7127952,Kaintz0r,6396.96,5818.30,-130,29790871
31748886,CheshireCashier,6510.55,5817.04,-531,29790870
22105857,Kruiozi,6136.68,5810.85,869,29790871
36377175,Mulbok,6391.02,5808.45,-135,29790871
10909100,Peyturtle,6421.83,5806.72,-317,29790871
1069171,Kateusus,6338.45,5804.27,-42,29790871
35392446,GoldJupiter2023,6393.73,5804.24,-267,29790871
2199621,Creyo,6118.73,5801.74,1385,29790871
32330373,meisurua,6525.63,5799.05,-443,29790870
8425052,Arcana Shadow,6004.54,5797.44,1783,29790872
2203240,Voltali,6213.84,5797.26,1171,29790871
8791862,LicRoque,6170.85,5796.11,641,29790871
3856859,-_-WwolowW-_-,6271.63,5790.93,129,29790871
2035091,kinjacky,6016.72,5787.84,1365,29790872
15004452,snowlf,6163.15,5785.81,502,29790871
3246097,Button Hunter,6304.92,5781.35,40,29790871
10704221,Myriam,6156.9,5780.45,544,29790871
20822544,Plasmusss,6095.94,5773.58,427,29790871
2118519,Lostty,6173.84,5772.82,591,29790871
12136108,New ZeaIand,6364.7,5768.81,-570,29790871
38098006,Gwen33,5886.47,5768.27,1560,29790872
4996813,Cooksie,6319.83,5768.03,-95,29790871
14881174,Sarnet,5946.73,5765.30,1146,29790872
38354940,IsaMjaw,6281.23,5764.40,-321,29790871
23345595,gamerhellXD_344,6476.23,5760.95,-519,29790870
4089232,Corn-,6295.57,5753.40,87,29790871
6485050,F4spross,6214.83,5751.18,465,29790871
12116202,Jukomu,6328.72,5748.03,-315,29790871
5235800,brinasnice,6179.8,5746.42,275,29790871
11799110,Spicy Onion,6197.55,5745.42,-14,29790871
32716457,FacDap,6092.91,5744.71,-370,29790871
10998029,Tozino-,6149.67,5744.03,235,29790871
1912659,spider_yoba,6235.33,5741.26,477,29790871
9732236,aliceCK10,6244.02,5740.07,-583,29790871
5334857,PetHaas,6244.78,5738.74,48,29790871
12036091,Zero Revolution,6194.73,5733.95,28,29790871
2428732,huoyaoyuan,5968.98,5732.20,833,29790872
3681862,DL26,6350.19,5729.06,-264,29790871
6872242,CaptainAlexis,6304.75,5728.29,46,29790871
5105217,Founntain,6207.37,5721.16,377,29790871
15859678,stephen_desu,6179.95,5719.50,174,29790871
1668043,natasha30903,5795.75,5716.56,1935,29790872
4508720,pierreCHT,6251.18,5716.29,-55,29790871
1029152,pmon,5949.67,5711.21,1351,29790872
18338179,bagjettka,6376.6,5707.83,-656,29790871
34796126,Duffy1096,5682.65,5706.40,699,29790873
5566487,Kinn,6156.29,5704.77,56,29790871
1627110,Atyu,5977.97,5699.45,1186,29790872
34443268,ys_hl,6295.38,5696.97,-347,29790871
6642597,Rukairi,5658.74,5696.88,2475,29790873
3790227,Snowleopard,6128.69,5694.38,257,29790871
7928880,Cipse,5771.72,5690.08,1597,29790872
31351460,foxyops,6377.7,5688.72,-799,29790871
9289831,SakuraRaphtalia,6159.57,5688.31,83,29790871
12715062,mahoneyaj7,6063.56,5686.74,506,29790871
17431275,Whisosu,6260.95,5685.02,-221,29790871
2848604,toybot,6006.59,5684.61,1287,29790872
12598463,Kotoba 0701,6220.8,5680.56,128,29790871
3916003,settle,6185.18,5680.31,32,29790871
26696007,HANABI_RN,6005.72,5678.29,376,29790872
31855500,Comi_,6078.49,5676.85,357,29790871
1895277,pips99,6015.01,5667.44,1055,29790872
2804545,AntennaWT,5789.47,5664.64,599,29790872
13015962,ADSXZR,6053.62,5664.39,591,29790871
6685281,Artikodin0144,6276.01,5664.17,183,29790871
8674064,-Zinc-,6071.18,5664.03,302,29790871
20365444,Vinixy,6224.33,5662.50,-227,29790871
15963729,Grecia_Kun_uwu,6116.56,5661.47,652,29790871
20989945,Kamiyama Shiki,6116.28,5659.46,149,29790871
8112589,MankekeOpeh,6108.6,5655.73,-17,29790871
30496573,Gsuncraft,6319.31,5654.64,-700,29790871
20360844,Nahuel4000,6286.33,5651.08,-551,29790871
10197145,korech,6272.03,5649.62,-404,29790871
1267642,SoulEater,6204.59,5646.71,-150,29790871
229191,KiraKuroto,6135.27,5641.97,79,29790871
37573708,Babadzaki San,5937.85,5639.15,-296,29790872
26389333,GunCATch,6185.78,5636.52,359,29790871
1399855,ringsore,6043.68,5635.44,700,29790871
3886013,SYAHME,5976.19,5635.24,1070,29790872
2365828,Henne,6099.19,5632.00,95,29790871
33025605,slatyna,6186.22,5631.76,-153,29790871
8291656,-Aire,6140.89,5630.94,47,29790871
27175001,[GB]Kita-,6094.58,5628.50,159,29790871
5287838,bubbisha,6148.83,5625.80,13,29790871
4871211,nekonyo,6113.86,5621.01,51,29790871
14273607,Suarin,6158.72,5620.81,-162,29790871
12816500,Nova I Dark,6124.47,5619.90,63,29790871
5185693,-Shirx,6133.54,5612.57,273,29790871
34198232,- Kinvi -,5695.5,5609.39,1117,29790873
1402808,Nad,5865.77,5609.24,919,29790872
10449071,Hidden is fun,6099.96,5608.28,79,29790871
2167069,Pandadesu,6143.23,5607.99,55,29790871
6111996,Darkric,6073.96,5607.48,856,29790871
34765557,Lara_The_Rat,6139.5,5606.62,-84,29790871
36465805,LaVar Ball,6359.81,5606.20,-652,29790871
5164134,kururuminoah,5915,5605.44,661,29790872
36571465,z1ie,6258.43,5601.10,-537,29790871
17493012,Microbliterator,5998.04,5595.92,124,29790872
10639462,Hiriyomi,6278,5591.94,-782,29790871
10980812,Uumya,6079.05,5591.09,-69,29790871
23802598,Litcht,6074.24,5590.07,-6,29790871
4838295,g0ld,5974.22,5588.27,678,29790872
27850989,Patecraft,6191.45,5586.37,-423,29790871
12686699,jxrri,6066.3,5585.01,-57,29790871
2648029,streeteelf,6042.59,5582.22,193,29790871
17301849,rreikuu,5878.66,5580.17,-71,29790872
6581584,KuroRev,6065.13,5577.26,261,29790871
19346652,leaf89,5729.65,5576.53,1441,29790872
1616944,TeruTeru,5696.17,5572.68,1907,29790872
4072503,fikricm,6025.44,5571.69,354,29790872
27584442,Sogoma,6147.69,5571.17,-242,29790871
8454526,Kudzu-,6121.24,5569.80,-14,29790871
35203920,nyakma,5891.08,5569.56,224,29790872
3631032,Lan,6059.76,5567.79,232,29790871
7788061,ExMono,5799.56,5567.21,247,29790872
8682905,murorachi,5511.96,5563.47,2463,29790873
10274105,Diclo,6030.95,5562.55,84,29790872
2415524,Melaure,6121.07,5561.76,549,29790871
7816779,Sapphire_Melon,6026.69,5551.63,175,29790872
15383957,AlphaLovesYou,6108.03,5551.07,-265,29790871
8199687,ahautens,6025.6,5542.83,54,29790872
17740970,SailorSaturn,5956.71,5540.92,517,29790872
37835153,ppwhy,6192.83,5527.18,-491,29790871
12727907,Diabolikhaa,5666.67,5526.70,906,29790873
3208718,Malikil,6029.28,5526.01,419,29790872
11983416,Khalemm,5938.32,5525.83,345,29790872
16911874,GrungeBAND,5743.68,5523.67,506,29790872
3162182,pocket-Gao,5628.68,5521.08,1860,29790873
14008994,Hinanawi Tenshi,6074.9,5519.30,-167,29790871
8705803,lapix,5951.21,5518.77,261,29790872
10094025,Pcxdd Pcmia,6004.64,5518.29,194,29790872
19079472,Raoki,6030.59,5516.95,-42,29790872
23155549,FumoFan,5860.86,5515.18,806,29790872
8085558,Serterd,6163.06,5511.50,-426,29790871
3251198,crosaide,5866.31,5507.34,1133,29790872
32704040,infinite story,5628.56,5499.86,1614,29790873
4958050,DwiArif,5995.67,5499.84,319,29790872
563262,snail_player,5612.03,5498.61,1716,29790873
34099158,beelovers,5952.48,5493.68,159,29790872
3035867,Noobycore,5762.92,5493.29,1496,29790872
20557776,GianfrancoYT,5998.68,5492.75,141,29790872
29381030,Gabe_w,5886.82,5483.40,312,29790872
15743125,LN-nirumaaaaaaa,5960.95,5480.89,-17,29790872
23083274,SealDeGawd,5872.66,5475.82,624,29790872
8335626,[Satone],6025.77,5474.74,-350,29790872
11730796,IDan24,5823.8,5474.04,529,29790872
2512718,PCRedHot,6046.13,5472.19,56,29790871
2999266,Rakkachan,5905.19,5470.85,304,29790872
8028776,CxThorton,5787.04,5465.78,856,29790872
1689751,Eppilon,5984.93,5464.18,183,29790872
5133629,Jero,5888.36,5461.03,732,29790872
2360046,Candy,5590.45,5459.51,1655,29790873
26323728,Leo5h,6055.77,5459.24,-159,29790871
39912201,hana9x_,5615.64,5459.13,1218,29790873
7088863,Cookie Cat,6082.79,5457.60,-288,29790871
8157309,Gripong,6006.04,5452.68,-188,29790872
12503349,NaomiSorrow,5873.77,5452.31,170,29790872
294915,MOLA_22,5766.23,5452.23,1114,29790872
5274209,Broken Chair,5837.21,5451.22,312,29790872
2922733,kuritax,6035.26,5442.37,-185,29790872
14783149,NotToGood,5890.46,5440.19,311,29790872
5211648,Aomsinkun,5918.64,5438.05,-12,29790872
4280307,Yukiusagi,5890.52,5437.21,34,29790872
8483105,[ Murasame ],5874.98,5434.25,391,29790872
5015047,NTNek,5931.05,5434.17,164,29790872
20998287,gritopichon,5988.33,5430.71,-129,29790872
24302102,Feetballer,6054.56,5430.54,-402,29790871
9523755,Mido chan,5956.02,5428.01,-150,29790872
10808884,DistortedPixel,5589.74,5426.73,439,29790873
12907431,Dilly_P,5632.83,5426.52,906,29790873
1690328,ChibiOzed,5866.99,5426.23,604,29790872
4653718,Caenis,5886.16,5422.71,101,29790872
8724718,ColdKiss,5925.61,5422.47,24,29790872
6925788,Wiktini,5931.74,5419.35,41,29790872
17897192,Siirius,5965.35,5415.06,-272,29790872
3960832,[Lilly],5808.32,5411.57,704,29790872
16954810,katoumi,5998.12,5406.45,-182,29790872
9888163,kociek77,5895.27,5405.64,41,29790872
3052803,whiteakuma,5783.85,5404.81,761,29790872
4634404,-NSH-,5963.33,5402.03,-191,29790872
9560098,potatoxu,5760.97,5401.88,597,29790872
12399642,KiruYan_,5772.78,5401.57,250,29790872
24042710,RandomNameIdk,6001.7,5398.72,-431,29790872
23854006,CorrePraFuji,5676.09,5395.43,941,29790873
28124060,Osslo,5772.3,5392.66,159,29790872
6385429,Drowsy,5926.6,5392.01,38,29790872
13985834,shadorn,5826.27,5391.27,134,29790872
3895614,Canis Minoris,5643.58,5390.97,1326,29790873
17198629,koishi 1,5857.68,5385.48,65,29790872
4495099,ponaar,6000.72,5385.42,-417,29790872
6866480,nyanmi-1828,5974.12,5381.42,-255,29790872
1887097,Orionna_UwU,5874.46,5378.52,-3,29790872
13534105,Stop this,5844.66,5377.78,-26,29790872
12619317,Erase you,6080.76,5376.65,-603,29790871
6154173,Shiro Akitsu,5950.85,5375.69,0,29790872
8348870,Rick00j,5811.07,5375.09,190,29790872
13214067,Scripts,5682.27,5369.69,943,29790873
2171847,Illyamywife,5806.34,5362.90,769,29790872
14978590,Shiroko12,5703.84,5361.36,253,29790872
2181143,Ziift,5763.29,5356.18,-757,29790872
39420507,aryapinkmoon,5618.81,5352.09,804,29790873
19572885,yvi,6002.05,5346.27,-536,29790872
20136988,xprOriaj,5786.4,5346.22,-21,29790872
4073302,KillingSpin,5834.98,5346.13,426,29790872
9700317,Phrq,5891.59,5345.25,11,29790872
10480961,TkonicRabid,5787.3,5343.80,304,29790872
12365446,Nailou,5898.06,5340.79,-157,29790872
30352551,DyAnhLikeLemon,5768.09,5336.89,257,29790872
35552365,Zta_,5704.42,5335.71,-91,29790872
6505560,BleuVitriol,5899.9,5335.61,-381,29790872
8840398,OneShotFox,5859.59,5334.79,-143,29790872
4734244,Informous,5897.74,5334.70,47,29790872
2015395,hardstylemix,5562.47,5329.48,1498,29790873
4395682,LSHZ,5757.48,5325.79,407,29790872
3253223,Nizane,5850.07,5324.81,54,29790872
10332253,Rozemyne,5595.17,5322.90,1208,29790873
15037158,Souyaen,5974.67,5319.64,-424,29790872
25377492,BicycleLord,5832.83,5317.94,-37,29790872
10563570,Donbat001,5773.52,5316.79,559,29790872
14772180,Crystria,5720.76,5316.29,183,29790872
4928894,Bowl323,5865.68,5315.64,-130,29790872
7585544,Kyonkichi,5761.75,5315.56,343,29790872
28718951,princekeinMCctb,5959.06,5310.94,-348,29790872
15136054,Seijuro Akashi,5973.59,5309.14,-515,29790872
3608035,wangjunhao,5801.84,5309.03,233,29790872
28027195,Lysastriel,5800.77,5307.95,-92,29790872
6436089,- Theresia -,5772.94,5307.09,525,29790872
4279704,Megurin,5854.48,5307.05,132,29790872
5465903,NelsonJunior,5748.57,5306.93,660,29790872
17952508,ProjectTaycat,5807.82,5303.96,154,29790872
18270641,[LS]Shark,5871.79,5303.45,-294,29790872
11712220,Unkino,5830.29,5300.40,-125,29790872
189617,aiyulu,5741.61,5297.09,502,29790872
13629366,- Enju -,5766.97,5296.59,24,29790872
9404642,Polish Motion,5718.45,5294.23,65,29790872
14391949,Puro and Colin,5690.31,5293.99,545,29790873
1298335,mamonowo,5592.78,5291.81,1112,29790873
927854,Raiho,5673.95,5289.04,867,29790873
20066164,KAZUNARI_,5462.99,5287.54,1427,29790873
20586082,drhfff,5855.2,5286.42,-288,29790872
4314222,- Arisa -,5835.58,5284.69,-310,29790872
34889756,Pato14,5844.9,5283.87,-173,29790872
14814599,Yunior64,5831.11,5281.30,-170,29790872
7511357,animexamera,5860.57,5279.62,-92,29790872
7429166,-FrozenCookie-,5736.92,5279.35,185,29790872
2071008,yz1155,5584.25,5276.29,803,29790873
16009670,estradiol,5588.48,5276.14,563,29790873
8676022,Caschiba1999,5531.02,5276.04,1081,29790873
12561637,ESTER HABFARM,5410.68,5274.78,1613,29790873
1570876,mingmichael,5466.83,5272.84,1392,29790873
7403421,17171,5531.91,5271.05,1365,29790873
26635826,ndkcuber,5199.12,5266.93,-359,29790874
21107346,De1Ko,5920.69,5264.78,-293,29790872
948713,Reimu-Desu,5645.24,5262.11,831,29790873
8509247,Aya Shameimaru,5819.9,5261.46,-118,29790872
5138760,Ayanory,5733.53,5257.73,-18,29790872
12081746,catch the ExGon,5741.24,5249.94,204,29790872
9423766,Logan636,5642.94,5249.81,292,29790873
21004401,-lola-,5664.36,5248.67,-170,29790873
6063108,Tantei B,5775.87,5247.76,-160,29790872
14631339,lnote_,5808.73,5246.76,-141,29790872
20006045,maor,5606.85,5243.07,374,29790873
6667024,Animerge,5649.55,5239.70,397,29790873
10075198,Sisha,5671.42,5238.42,698,29790873
16146652,Spanklie314,5570.1,5236.59,463,29790873
19389015,kpow_,5797.24,5233.24,-217,29790872
12128203,Yosaf,5669,5231.72,63,29790873
5046521,I love my cat,5693.95,5229.52,-2,29790873
12446099,Bananamagic77,5581.35,5222.29,133,29790873
33737142,teazri,5826.55,5221.01,-434,29790872
14430872,Thinkpitz,5243.76,5218.18,1977,29790874
28584677,TallTarnation,5744.78,5217.00,22,29790872
6037121,-TANAKITO-,5463.54,5216.42,1415,29790873
7240849,-dreamy witch-,5550.35,5215.80,521,29790873
2285396,noa sikis,5139.58,5215.11,2256,29790874
2281906,EmikoN,5612.93,5208.79,248,29790873
4620814,Akujin,5357.24,5205.14,1499,29790874
18385521,Lasvetos,5387.27,5203.64,-277,29790874
10732832,nairuzu,5815.39,5201.78,-112,29790872
10233705,-Zeraora-,5728.92,5200.19,52,29790872
35459450,amourlyrique,5655.26,5199.85,199,29790873
1007425,Gabriel,5649.88,5197.37,289,29790873
12381866,Moemato,5600.72,5193.73,397,29790873
9208624,kadeki,5627.25,5193.25,70,29790873
1715562,Cawolo,5792.09,5191.20,-440,29790872
33825299,keaiyu,5700.73,5184.73,112,29790872
4802147,AliceCarroll,5642.15,5177.60,439,29790873
9510318,MakoHNM,5776.15,5174.18,22,29790872
17285244,LolliHeadpats,5709.56,5172.03,86,29790872
16406585,xallia,5772.71,5168.23,-405,29790872
35915089,p4ndaz,5430.56,5167.14,610,29790873
11888412,Nurps,5136.24,5165.84,2036,29790874
15709224,[ Real ],5571.06,5164.69,636,29790873
2912747,Denzuto,5586.47,5164.49,715,29790873
17545253,kira0728,5708.83,5163.43,-268,29790872
23633474,Slowpoke104,5717.77,5162.30,-519,29790872
13072326,Knight--,5580.34,5157.48,252,29790873
3406297,Yousei,5261.97,5157.15,1896,29790874
5252819,Champinion,5609.19,5156.41,472,29790873
32060154,cllr,5720.55,5153.64,-118,29790872
10707580,Neko,5672.77,5151.76,93,29790873
15787415,[-F u t u r e-],5575.57,5150.98,471,29790873
25901327,TouYu-,5647.28,5149.59,-205,29790873
4418858,MoelittleC Hime,5552.57,5146.17,971,29790873
20021477,b3017h,5509.95,5143.97,477,29790873
653016,gaten,5544.06,5142.92,456,29790873
27656320,Doggedog,5620.84,5141.57,-9,29790873
29158079,mati00555lol,5690.6,5140.35,-110,29790873
4600126,schizosvenia,5437.22,5137.96,1130,29790873
38070385,Kareiyume,5585.79,5132.12,-95,29790873
22567843,TaotianZhufang,5141.69,5129.07,455,29790874
6188769,sims310,5630.51,5128.44,6,29790873
928822,catcherofbeats,5250.73,5127.25,1655,29790874
11500489,cat03616,5612.63,5118.91,94,29790873
12037494,Dij,5612.73,5116.63,-32,29790873
26870032,royrise,5723.78,5116.45,-286,29790872
7546387,FelixFlame,5539.61,5114.48,441,29790873
10349492,Sanny_Shine,5507.35,5113.64,279,29790873
3800003,Daniel-,5298.11,5111.24,1585,29790874
19167657,SilentSevenStar,5426.77,5110.63,734,29790873
18266045,Timkador,5154.51,5110.16,1793,29790874
682968,Elma,5325.72,5109.18,1468,29790874
4724656,VoidGod,5416.26,5107.54,-317,29790873
11801209,Naofu,5377.54,5106.38,-172,29790874
10561635,Nicolexd13,5624.58,5105.03,6,29790873
39709511,ItsDaniya,5592.52,5102.24,30,29790873
21770856,Sfenne,5435.83,5101.96,810,29790873
3013902,Sam L,5399.67,5096.97,1015,29790873
24138253,pwaczar,5300.21,5094.42,1266,29790874
4416459,P H oeni X,5589.26,5092.59,292,29790873
5287253,AlmostGood,5543.71,5092.19,179,29790873
3317042,Chernobog,5429.68,5090.41,-521,29790873
17346831,- Hollow -,5472.86,5085.93,-1,29790873
1086251,Chemu,5584.86,5085.54,28,29790873
14509580,vinnikoish,5558.51,5085.46,239,29790873
10694221,Chigusa Asuha,5216.23,5084.95,1421,29790874
11189453,lepinja77,5605.7,5084.53,-242,29790873
4638238,Sakashina,5641.31,5084.25,-2,29790873
9773619,RAI_4,5723.65,5084.08,-285,29790872
6123131,Mr Sonic,5448.74,5083.58,427,29790873
6389252,InsaneToe,5422.12,5083.55,985,29790873
14312768,Loocka,5513.34,5082.94,252,29790873
9401770,-Punky-,5498.2,5081.96,480,29790873
2676369,Amamiya yuko-,5280.83,5081.65,1376,29790874
34360528,seele horb,5552.89,5081.52,-174,29790873
11628037,Takoke,5531.14,5078.66,-244,29790873
12139983,Diez-,5492,5077.72,240,29790873
8472024,Widdeuec,5645.3,5074.92,-130,29790873
11050944,21Jeff21,5341.43,5072.81,452,29790874
14962690,Komilia,5445.95,5072.20,669,29790873
6677142,Firephxxx,5252.09,5067.59,1226,29790874
21047286,Syan-Zark,5343.66,5067.03,908,29790874
2662122,Radrr,5480.3,5066.41,747,29790873
16084878,haha i rolypoly,5539.69,5054.53,-364,29790873
5104632,Elektro,5489.38,5054.40,409,29790873
21695850,U4Desuwa,5552.67,5051.93,-101,29790873
9117305,janekh,5541.78,5051.22,-144,29790873
15720971,Ayuhara,5304.1,5050.93,1063,29790874
1819842,cloudly,5577.36,5050.86,343,29790873
16223132,DCega,5522.04,5049.22,272,29790873
15486986,CrossCringe,5353.52,5047.49,-198,29790874
10843898,jabbre,5347.84,5047.06,896,29790874
4962579,-Patapon8-,5675.1,5045.81,-304,29790873
33827769,2_3_3,5708.24,5041.46,-683,29790872
17447001,Ohara,5373.33,5039.21,943,29790874
9707172,Luinel,5509.31,5038.79,186,29790873
8579310,LaVilaDMary,5255.93,5036.08,1385,29790874
9133567,Telecastic,5534.1,5035.96,249,29790873
1462896,Antito,5370.24,5035.63,302,29790874
1902480,Jinhwan,5390.91,5030.88,1096,29790874
6423895,isosisko,5152.75,5028.80,-569,29790874
30129758,TheSleepyOne,5650.27,5027.82,-407,29790873
9536238,Jeremiasz,5059.29,5027.73,1968,29790875
10304577,zzz Domoro,5552.74,5025.49,-89,29790873
11073207,squidstain,5539.19,5024.47,-161,29790873
5456915,Lryo,5557.91,5023.33,-212,29790873
8535534,nurjavier,5408.61,5023.15,557,29790873
1702715,Jouissance,5412.18,5019.48,718,29790873
7656048,- Y u m i J i-,5389.16,5019.25,613,29790874
4339309,AccelSL,5467.08,5018.25,502,29790873
1400073,moncar321,5349.44,5017.92,1003,29790874
27944659,TuongTho2k8,5575.75,5013.51,-239,29790873
4673649,LUNAISTABBY,5364.35,5011.25,523,29790874
33485629,llllIIllIIllll,5320.57,5008.54,422,29790874
20090355,unzein,5587.9,5008.39,-211,29790873
33659334,DasKnallHorn,5446.86,5005.81,187,29790873
6267645,[ Nicolas ],5384.58,5004.66,592,29790874
6349821,cheese salad,5441.26,5002.85,162,29790873
2729388,TTGL,4993.66,4998.91,2139,29790875
28463936,thelolhound,5450.42,4998.27,461,29790873
20385668,MouseDelay,5563.25,4996.70,-132,29790873
12228085,477,5407,4996.08,516,29790873
16965749,RexyChann,5485.56,4994.28,9,29790873
25270626,Myaa_,5403.17,4992.96,-111,29790873
9351030,Haryume,5543.24,4992.73,-186,29790873
15610556,NishikiAsumi,5286.56,4989.25,1125,29790874
2379944,Shiekchan,5405.14,4987.76,452,29790873
33575365,E-F-fort,5265.13,4984.70,702,29790874
2324006,-kirbo,5362.71,4982.95,496,29790874
5748003,ErykGaming,5512.02,4982.77,170,29790873
13598175,- Mizuki -,5438.25,4979.92,90,29790873
22225348,Tournesools,5521.45,4979.74,10,29790873
12639462,Golden,5486.99,4978.68,-265,29790873
8022095,Vebust,5457.85,4972.76,-89,29790873
11980547,RFran,5475.11,4972.69,-180,29790873
13822160,Maniac2001,5094.82,4972.43,1102,29790875
13545827,Evanaar,5477.75,4970.68,95,29790873
10693827,lucascva123,5295.58,4970.67,696,29790874
10374991,Sirelia,5485.14,4970.32,-157,29790873
22133289,m3ose,5460.98,4969.38,-116,29790873
16284223,_Patrick5839_,5321.2,4969.09,12,29790874
10490576,Olmal,5415.23,4968.24,51,29790873
9688921,yann7806,5649.11,4967.93,-712,29790873
36575619,cob,5693.26,4965.80,-611,29790873
3946607,Zigzagoon,5405.61,4965.11,277,29790873
2782290,undo,5234.01,4963.95,1114,29790874
8431807,Herolalala2,5419.01,4963.50,276,29790873
3673698,redbaby,5432.34,4963.39,641,29790873
38172448,Vipras-,5428.18,4962.96,519,29790873
4756150,[Dementia],5486.45,4962.74,47,29790873
32448785,wbuw,5555.07,4962.65,-311,29790873
7990615,Kerilia,5437.14,4960.80,-11,29790873
27244663,EliminateFan,5517.52,4960.06,-85,29790873
31202693,HoshisakiNanaha,5358.74,4958.94,219,29790874
9165800,FedSilVor,5542.43,4958.51,-175,29790873
8268978,miinaa,5241.45,4954.26,594,29790874
11211456,Haruhism,5146.2,4950.62,1216,29790874
17505685,UMINE,5338.03,4948.87,421,29790874
1464467,Scootawoo,5496.64,4948.79,-192,29790873
4950731,Tinky Winky,5316.36,4948.60,456,29790874
6096283,lausdeo,5350.27,4947.22,241,29790874
5755975,Tukas,5129.6,4946.99,1279,29790875
4250420,Lynn17,5048.38,4944.15,1567,29790875
25147371,[MG] ExRoiBoi,5389.35,4942.08,-462,29790874
35689909,duongduo020810,5350.39,4941.68,-237,29790874
9311768,YouCanNotKnow,5456.87,4941.00,-103,29790873
27956512,Yurgin,5561.09,4940.95,-497,29790873
4560479,eraise-id,5192.85,4939.70,993,29790874
7664694,MindLight,5472.25,4939.30,47,29790873
3468032,kakei_kyoutarou,5166.86,4939.19,1249,29790874
4503808,Love Me,5476.89,4938.62,48,29790873
12306263,kuppp,5304.03,4937.49,433,29790874
9130973,PadMyDarkness49,5351.44,4937.33,161,29790874
15813305,Pluko,5518.96,4936.46,-173,29790873
33026657,Blackburne,5494.69,4934.00,-89,29790873
14887572,Wooba,5361.25,4933.92,289,29790874
12509558,triscut,5220.24,4932.94,1018,29790874
12528295,Kevaca,5457.06,4924.74,197,29790873
9505064,Kampa,5390.34,4922.95,-2,29790874
11632258,BigNounours,5389.42,4919.74,-54,29790874
2499089,4399guangguang,5392.02,4917.50,195,29790874
20160301,pool1019,5171.8,4917.49,179,29790874
3313255,Ioka,5321.86,4917.01,21,29790874
5405204,Trumpet,5361.79,4916.72,96,29790874
26366495,333xen,4995.54,4915.59,1815,29790875
24115846,Shrubbery,5469.47,4914.85,-274,29790873
36557894,Amely,5149.73,4914.44,-105,29790874
12601910,hyuvuhjb1,5172.53,4912.18,1377,29790874
9555745,Genius_Cirno,5374.9,4911.23,54,29790874
25125172,firefoxfanboy,5344.65,4910.49,-24,29790874
8236896,__Della,5330.53,4908.92,401,29790874
9396522,Infix,5343.34,4906.75,418,29790874
4120449,Drache,5406.08,4906.34,400,29790873
1836673,THMGames,5255.84,4902.24,869,29790874
37109692,SophiaBee,5131.07,4901.50,542,29790874
10742889,makarosu,5263.47,4899.28,540,29790874
16904979,Moster,5222.07,4897.19,342,29790874
4591084,LOVE LAB,5321.33,4897.06,555,29790874
11479337,NichtFrog,5236.99,4891.65,841,29790874
19191509,AquaSpark,5407.42,4890.27,-365,29790873
8382547,Danainop,5356.77,4888.69,120,29790874
10374819,im cute,5438.05,4886.65,-217,29790873
15476086,Anzhel,5429.23,4884.54,-285,29790873
28571440,[Crz]yomogi237,5236.33,4883.97,-370,29790874
1281292,rvreqTheSheepo,5043.92,4883.13,1532,29790875
11931621,Sorryc,5059.14,4882.78,1390,29790875
27552902,[GB]ParasolTree,5265.91,4878.17,250,29790874
1637716,Spectre,5204.12,4876.25,1235,29790874
974931,[HL]Luffy,5448.35,4875.27,-226,29790873
15720030,S a x o,5285.31,4874.67,410,29790874
16680343,juices95,5150.78,4872.24,821,29790874
12453848,Glassive,5391.47,4869.55,-486,29790874
4495141,Aequo3,5335.9,4869.47,335,29790874
2265974,wen294,4912.19,4869.21,1861,29790875
20912902,FuncitonFun,5132.05,4867.16,289,29790874
37983980,goosy_,5388.02,4866.41,-197,29790874
752993,Perfektion,5164.43,4865.72,1030,29790874
5036224,docflo7,5340.18,4865.68,174,29790874
3148095,GameGhostz,5088.65,4865.53,1260,29790875
14808735,-DarkG,5266.59,4863.95,312,29790874
15142111,Exrumiya,5176.97,4863.75,569,29790874
20029972,hig233,5427.88,4860.78,-296,29790873
6484485,Sleri,5320.21,4858.26,521,29790874
13641450,Izutsumi,5453.15,4857.47,-125,29790873
15994153,[Blaze],5349.74,4855.82,103,29790874
21378923,keanurt,5405.06,4855.36,-186,29790873
36638943,Belike_,4893.23,4852.71,1687,29790875
10417384,Sylphid_IF,5401.98,4852.22,-287,29790873
31051560,uasm,5391.91,4850.33,-85,29790874
13621554,Cosmologic0,5313.03,4850.09,76,29790874
11287358,Bluemudkipz,5125.52,4850.02,406,29790875
23827487,Sackratte42,4936.21,4849.88,1345,29790875
10324309,Flandre sca,5273.79,4848.92,241,29790874
9246413,MagsGrapefruit,5315.78,4848.76,222,29790874
14716810,Le Gentil,5231.28,4847.10,251,29790874
14595432,leevite,5371.73,4846.76,50,29790874
19647032,xornado,5475.96,4846.09,-282,29790873
4292265,Zata_IO,5073.61,4843.51,1124,29790875
6611977,Akiminii,5134.76,4842.59,788,29790874
16313962,Tjyr,5417.67,4840.70,-287,29790873
4497258,Toorusito,4946.2,4839.98,934,29790875
472924,Tetris,4926.99,4838.32,1580,29790875
7961288,Kluchen,5357.79,4835.47,-236,29790874
4316063,hent2222,5125.46,4832.52,858,29790875
25662684,CRHIX,5287.36,4830.55,315,29790874
39476522,Rayn19,5129.35,4830.01,523,29790875
11630179,bugfinder1610,5244.63,4825.73,30,29790874
11456628,Moca Aoba,5034.5,4823.35,1281,29790875
8441074,Lunacy_,5206.13,4821.12,65,29790874
34544821,DIDARIYO,5389.01,4819.92,-101,29790874
16966349,Yooun Seung Ho,5098.26,4819.42,686,29790875
17411159,weak,5111.72,4819.30,1176,29790875
8205568,serious max,5296.61,4816.35,113,29790874
20437631,Blushroom,5343.54,4814.87,-67,29790874
21406655,hatsunimi_miko,5241.67,4811.41,176,29790874
8138936,RxQueen,5281.96,4809.73,63,29790874
12172012,lyr33,5345.22,4807.20,-472,29790874
7945868,Do at G,5427.63,4801.76,-530,29790873
6509709,AloneInDarkness,5257.94,4801.35,18,29790874
37027445,Dextral,5319.75,4800.17,-291,29790874
7850608,Etherealize,5019.5,4800.09,1297,29790875
15481868,GhostMafiaTv,4893.08,4799.51,133,29790875
5245693,Sw4gM4573r420,5121.02,4797.57,1224,29790875
25502799,karen zapata,5085.99,4797.04,295,29790875
38459017,mlvdytota,5130.2,4791.08,122,29790875
8622460,Hpaz1,5176.41,4789.99,350,29790874
38255801,KonTegh,5275.2,4789.79,-70,29790874
2935537,Kohaku Rei,5035.98,4788.14,1206,29790875
19569198,Zoetrope,5151.79,4787.49,672,29790874
16208337,[Shinji],5273.4,4787.26,516,29790874
2314166,EfraDark,4867.34,4784.44,1672,29790876
11350425,-star,5345.01,4782.33,-22,29790874
4406937,Atomros,4855.34,4781.11,1650,29790876
17600474,Hungry kid,5416.66,4780.62,-384,29790873
19599097,[444],5197.37,4779.99,142,29790874
2479311,BlazingHeart,5254.6,4778.95,358,29790874
3289301,PewPew Sp4wn,5156.3,4778.55,469,29790874
14861928,Med367367,5150.28,4777.82,474,29790874
18837140,Bigkung2006,5022.66,4773.27,977,29790875
11038892,Araxcrow,5200.62,4771.55,87,29790874
17232216,Sudseko,5323.46,4769.90,-63,29790874
6278008,Drecksackblase,5306.3,4767.77,65,29790874
14779878,mokoxD,5218.75,4766.21,422,29790874
686214,Shota,5127.75,4765.36,901,29790875
2870707,TazmaniaD,5236.13,4764.80,344,29790874
1847438,Tooru,5064.85,4762.94,1115,29790875
39715609,noecharts,5193.15,4762.59,578,29790874
4618050,Ike,5298.67,4761.67,-245,29790874
9928848,Wife,5229.66,4754.12,-73,29790874
35809198,Worst CV Player,5365.93,4753.75,-354,29790874
16087592,Archanist,5284.67,4752.80,-152,29790874
7870334,SCsacol,5221.22,4751.14,269,29790874
3149395,richp2k,5313.28,4750.53,-295,29790874
369045,XiaoShiro,4823.93,4749.33,1769,29790876
2386900,Saturday Night,4767.54,4746.76,1976,29790876
9418907,Kyaa Senpai x3,5188.21,4745.18,320,29790874
6226724,llKanoll,5144.82,4744.85,724,29790874
13664116,AuroraPhasmata,5161.55,4743.37,343,29790874
7688476,xBomb72,5095.91,4742.81,473,29790875
33497972,-Satoru-,4967.08,4741.12,851,29790875
5040303,Kanoob,5153.36,4740.18,423,29790874
11296097,TaikoWorldCup,5232.32,4739.86,77,29790874
6114695,ciru,5189.17,4737.73,-271,29790874
6053998,Nakoo,5086.55,4734.79,722,29790875
4657109,Experiment 626,5211.73,4734.42,141,29790874
12211556,niscent,5194.54,4734.28,156,29790874
14117211,Guerocs UwU,5009.29,4732.98,723,29790875
38363768,Vain_,4539.84,4732.42,522,29790877
3907217,manguelada,4973.18,4731.91,1119,29790875
2329184,[Haku],5219.61,4731.53,118,29790874
15724623,DDiraj,5205.9,4731.28,71,29790874
34234784,Deca-,5165.64,4729.58,-221,29790874
11464321,Tomczy,5274.24,4727.86,-202,29790874
38993481,cecil,4736.65,4726.51,308,29790876
14972404,Alex22Shugaly,5120.45,4724.78,348,29790875
31284414,SillyOsuFanGirl,4766.26,4724.66,-6,29790876
5801905,[ HomuNyang ],5095.52,4724.03,502,29790875
24016980,[Frozone]UvU,5179.66,4723.63,291,29790874
28716073,Jayejayejr,5171.21,4723.44,471,29790874
19719204,balka6,5220.55,4721.45,-3,29790874
24757389,tempo-horizon,5045.17,4719.51,867,29790875
6522887,SagiriNichi,5089.56,4718.72,528,29790875
15684518,yosua aizakku,5066.6,4717.17,601,29790875
11471433,Helchester,5007.03,4711.82,482,29790875
1685183,spbeast,5124.63,4711.02,214,29790875
6831777,USA-KEAK,5110.33,4710.96,331,29790875
4449054,[Nat],5123.51,4709.27,645,29790875
11404898,Taubugurr,5340.48,4708.18,-472,29790874
13890993,-Noval-,5104.66,4707.94,18,29790875
11882031,ProHevy,5104.21,4707.28,215,29790875
4127419,Serpens,5037.49,4706.85,715,29790875
19225541,Ihmislihaa421,5080.76,4703.54,73,29790875
21109037,Epistrofi,5107.64,4701.42,307,29790875
15613249,kasating,5162.15,4700.12,149,29790874
2608589,Noeru,4711.08,4699.84,1746,29790876
3285124,brenkip,5004.09,4699.83,1033,29790875
2191962,legendmonkey,4897.76,4699.83,1229,29790875
18649724,Warp,4910.2,4699.50,898,29790875
23071617,MeowMiaw,5085.37,4699.08,356,29790875
9554391,DecadenceX3,5153.05,4694.14,183,29790874
4407415,Alsuntia,4815.21,4693.82,1591,29790876
4821224,5088La,4976.54,4693.62,1083,29790875
22946540,koki15,5123.25,4693.42,208,29790875
29434798,Starla,5153.83,4691.47,485,29790874
13133718,[ Matsuri ],5126.73,4690.71,-52,29790875
11370984,RoyalSpider,5222.51,4690.06,-281,29790874
7292968,Dey,4700.72,4689.63,1772,29790877
2271932,[WP],4774.09,4688.07,1675,29790876
1804797,VoidMasterEnoch,5108.09,4687.67,350,29790875
15961009,Bart,4933.51,4685.71,1004,29790875
9527380,AlexYu1026,4973.8,4685.53,887,29790875
40219912,Naophoria,4164.01,4684.54,531,29790880
4060966,charlestw,5063.71,4684.24,311,29790875
20839666,Maxjb2211,5062.85,4676.78,350,29790875
38736046,artem1337228,5279.01,4676.46,-382,29790874
12497699,-Sana,5196.24,4675.68,-148,29790874
7469309,Shinde Imasu,5234.08,4673.96,-411,29790874
10336119,Beammachine,5164.17,4670.47,99,29790874
1861182,BlasterONE,4916.62,4668.40,1194,29790875
8994957,My Persona,5020.14,4668.23,589,29790875
15142530,Ticy,5320.09,4666.99,-338,29790874
35569832,Zumiz,5308.58,4666.52,-601,29790874
18525886,Seqyuvi,5055.29,4665.94,190,29790875
38957605,soublaki777,4640.2,4661.29,-46,29790877
1473142,kudeyes,5096.38,4655.34,245,29790875
4576970,ArdyIsnan,4852.55,4652.29,1275,29790876
7415863,Fanther,5023.73,4651.36,610,29790875
3364526,Redmoss,5149.38,4650.40,-186,29790874
7602389,KingVish_25,4994.02,4649.96,482,29790875
17151907,RokeT-,5077.12,4649.60,-158,29790875
24585309,ImVozaPropriety,4961.71,4647.97,-369,29790875
16008823,Sidraea,5080.66,4646.77,-368,29790875
8788058,Jakson,5213.55,4646.55,-297,29790874
326049,NeoRainier,4761.45,4646.38,1631,29790876
5179995,Maneh,4979.38,4645.49,433,29790875
2447987,INF3R,5013.83,4644.94,754,29790875
10724428,-Noire,4960.31,4643.75,748,29790875
950241,Rick--,4718.42,4643.16,1684,29790876
1948810,Kassias,4902.43,4642.80,1184,29790875
17606676,GrahamPiano,5081.61,4636.83,72,29790875
1403709,Rosehera,4754.91,4635.82,1400,29790876
14252802,jeebus911,5049.76,4635.68,130,29790875
19154954,Dice,5238.43,4635.46,-168,29790874
38472900,Yusawa,4210.12,4630.71,-55,29790880
4873016,Celerrin,5191.99,4629.16,-225,29790874
32069548,Infringie,5189.77,4626.58,-217,29790874
13596088,Waifuyou,5178.81,4624.84,49,29790874
15992927,USadU,4987.45,4623.49,169,29790875
16552634,_Nath,5027,4623.19,279,29790875
2932256,PonurySzatniarz,4875.35,4622.92,1019,29790876
18226676,Ketchuppp,5068.18,4621.09,338,29790875
7867912,Daisycutter,5012.79,4617.58,415,29790875
18766595,Kyuui,4951.31,4614.36,114,29790875
15711801,Angel-chan,5121.16,4614.20,117,29790875
2315092,TAG4,4675.91,4609.27,1789,29790877
14233425,Emeryaku,5033.29,4608.77,132,29790875
20177173,ThatWolfWeirdo,4990.52,4607.50,342,29790875
18212788,RAiMEi_BOTTliUM,4969.17,4606.97,667,29790875
4221902,shajany,4926.74,4606.66,742,29790875
10415491,Amasugi,5092.93,4603.09,-195,29790875
16686339,Sugahr,5013.2,4598.83,163,29790875
18040991,Azraelo,4939.28,4595.65,598,29790875
1320102,afrono,5008.2,4593.09,211,29790875
22375722,FabriLopero,4601.89,4592.58,1890,29790877
31821952,Stregre,5213.47,4591.34,-490,29790874
7050679,Sturvos,4945.63,4589.91,435,29790875
32430050,Rigzon,5012.44,4587.97,298,29790875
11507629,iTzSpike,5070.12,4584.43,53,29790875
13079214,EHEPGODAP,4869.96,4584.39,533,29790876
7127439,iiMike,5118.74,4583.60,235,29790875
4241675,ThePhilosopher,4923.28,4583.39,616,29790875
32654645,leisergeist,5018.93,4580.96,-73,29790875
2932510,wuhua,5067.2,4579.21,147,29790875
29340816,sunnyyeonny,4935.36,4578.95,350,29790875
6401663,MuraxaKi,4708.13,4578.44,1607,29790877
19107805,dovlol97,4689.68,4577.36,1377,29790877
37263370,Rogerina_chan,4897.33,4577.22,-171,29790875
4766692,Cerulyian,5136.55,4576.12,-106,29790874
5387798,Shiorii,5125.04,4572.16,-461,29790875
29635650,ap556,5088.31,4567.86,-185,29790875
5009972,Tost4,4878.62,4567.10,773,29790876
9582525,Kappu,4981.86,4565.88,24,29790875
21726939,Sanix,4724.29,4565.41,1118,29790876
27806716,Rokuro12,4796.68,4562.48,703,29790876
24902617,Tris 2114,4892.86,4561.82,493,29790875
1431542,Rulexz,4938.01,4559.45,698,29790875
35331486,Luna_090,4823.28,4558.47,907,29790876
645486,[Yue],4605.92,4557.51,1674,29790877
1209167,NightWar,4661.87,4553.36,1664,29790877
9294630,Kaudae,5061.66,4551.84,7,29790875
4493348,Yuemiao,4991.17,4550.14,44,29790875
34998181,k0n4ya4,5074.3,4549.89,-135,29790875
3213239,FLAVEN,4830.9,4549.30,468,29790876
7015008,Fireburner,4991.63,4549.23,-33,29790875
8437630,Summerleopard,4778.92,4549.23,824,29790876
10205111,sitarg,4890.94,4548.50,928,29790875
7528639,Teezel,4946.13,4547.79,393,29790875
17804095,nothing0074,4965.88,4546.49,-383,29790875
38498504,NekozukaMashiro,4858.24,4543.15,351,29790876
1211748,Maboyu,4742.82,4542.32,1284,29790876
21624566,RuEn_,4786.63,4540.09,983,29790876
18156034,-KurooNekoo-,4925.48,4539.81,336,29790875
38335790,Meow0206,5017.44,4539.64,57,29790875
31899157,Silvery Flower,4892.51,4537.72,532,29790875
5158939,Haisaru,5033.71,4535.23,132,29790875
13925852,brandwagen,5164.51,4534.73,-490,29790874
12490530,-Kori,4905.4,4533.45,412,29790875
3934818,Strawberry68,4964.23,4532.42,39,29790875
4374192,GeukHae,4989.19,4532.14,32,29790875
10494876,Hansss,4913.82,4531.24,213,29790875
14677382,_Tamagokichi_,4970.17,4528.96,256,29790875
11018359,Jassiel Tj,4713.45,4525.67,948,29790876
21876472,dnraud,4672.34,4520.18,730,29790877
9980757,Lestythekid,5042.21,4518.40,-233,29790875
10201790,Funkusan Lira,4972.04,4515.18,17,29790875
1296953,Dysphopia,4692.4,4514.73,1433,29790877
22440246,zanka,5012.73,4513.73,8,29790875
2262327,jeff212224,4765.94,4512.07,1068,29790876
12487726,Neia,4824.86,4511.34,1009,29790876
4834588,IchigoVizard97,4957.81,4509.10,172,29790875
1442333,-Tenshi-,4957.39,4507.73,164,29790875
34376380,solof1re,5019.71,4507.46,111,29790875
10959550,Ruby_Chu,4862.02,4506.36,697,29790876
4189910,Zyestrum,4777.02,4506.22,959,29790876
25007625,Mahiru samaa,4785.57,4504.47,706,29790876
11078253,Farhan [UwU],4884.34,4502.71,328,29790876
23250502,Elspeth,4986.26,4502.08,43,29790875
8213569,The_unravel,4682.11,4501.63,1319,29790877
1057878,HardRock,4555.1,4500.32,1696,29790877
4314857,dlawnsgur11,4843.27,4496.67,511,29790876
7965981,Pwefu,5013.28,4496.45,-152,29790875
3003778,Henkayy,4970.54,4493.56,29,29790875
4297816,pendragon999,4831.52,4491.97,614,29790876
2920833,Girifan,4746.21,4491.62,1210,29790876
31112604,osubadplayer,5002,4490.95,-108,29790875
1259896,Sg Ra Ba,4822.42,4489.32,519,29790876
12306338,Sasaki josu,4841.58,4488.07,452,29790876
21497069,anjinn,4947.09,4486.59,205,29790875
10887066,Alex100,4883.8,4486.28,392,29790876
708258,Orittv,4784.8,4483.24,925,29790876
16809160,zulak_badulak,4707.11,4483.17,1058,29790877
10772518,Neori_gaming,4883.37,4482.56,400,29790876
36867276,DDecrhy,4678.39,4482.31,1060,29790877
17789773,Khwan,4803.08,4479.12,-284,29790876
12052880,Jorlando,4954.09,4477.56,-292,29790875
24451208,Sleepy_Pianist,4829.82,4477.28,303,29790876
4678219,-Lauty-,4845.79,4475.32,661,29790876
9738202,Spok,4955.71,4474.57,10,29790875
24770943,Vyauzen,4666.17,4474.50,837,29790877
919372,YuSaLa,4565.42,4474.26,1424,29790877
3866541,Sayonara Kitty,4942.24,4473.24,173,29790875
35086774,SleepWyver,4863.75,4471.39,-53,29790876
6689749,U1 Shaz,4407.28,4469.72,1042,29790878
426226,kurulein,4923.81,4469.65,259,29790875
1013307,L e m o n-,4730.25,4467.66,653,29790876
9128499,[Belajar-Osu],4825.07,4465.92,502,29790876
7936783,Veterok,4822.53,4463.78,723,29790876
28948137,Ni13,4784.74,4462.12,668,29790876
37240377,haanvu,4950.82,4461.83,-245,29790875
6560408,rehalcool12,4849.98,4461.34,164,29790876
35130489,Wickion,5015.95,4460.53,-448,29790875
2182304,Heronoid,4769.37,4459.39,1042,29790876
3949189,lianaericka,4823.71,4459.10,617,29790876
30033393,Arubum,5050.77,4458.19,-440,29790875
11924402,eugibird,4770.68,4457.33,456,29790876
12119085,kellySTAR,4900.9,4455.66,31,29790875
16941883,xUnito,4910.06,4452.06,100,29790875
3444025,SkyHill,4929.11,4449.05,156,29790875
160439,Nanomight,4674.36,4447.08,1172,29790877
18211706,Koharu Rikka,4768.93,4446.93,632,29790876
11418986,Alpharius,4899.67,4446.09,91,29790875
11247298,-Willow-,4928.17,4445.22,45,29790875
7906186,cryyy,4889.98,4444.43,279,29790876
4344898,LukeeyOwO,4905.1,4442.75,380,29790875
22414293,Luval,4838.6,4440.72,-154,29790876
4922584,Kites,4864.12,4440.17,199,29790876
6840194,[ - Ayumi - ],4923.5,4439.97,252,29790875
1336343,sikkyu123,4879.43,4439.74,295,29790876
17731506,crazyblox20081,4817.4,4438.49,644,29790876
7479387,Lolcek,4929.77,4436.87,-49,29790875
9390137,TheTuc_,4706.2,4434.04,737,29790877
6905897,ismoji,4798.46,4432.88,607,29790876
33327412,airvent,4915.56,4432.14,241,29790875
16416081,Rinko Shirokane,5038.14,4430.09,-250,29790875
12273857,sioringo3,4876.21,4429.12,114,29790876
4118962,bbu,4764.51,4425.74,634,29790876
6027084,aEverr,4791.75,4425.54,684,29790876
8550192,LiOtanash,4812.17,4425.05,540,29790876
25846200,Devachkasovpisk,4889.69,4424.81,32,29790876
814397,-[ SooHanZ ]-,4695.89,4424.37,667,29790877
12943235,Luwunaaaa,4502.63,4421.34,1384,29790878
13113222,hyuvuhjb2,4607.42,4421.33,1337,29790877
23088854,Sevrrr,4831.84,4418.32,206,29790876
16158830,NghiaVn,4811.58,4418.01,753,29790876
1637981,love810405me,4479.67,4418.01,1688,29790878
33681808,weendey,5007.26,4417.59,-428,29790875
26143036,UnderSnow,4904.24,4417.59,-103,29790875
2572228,Say,4663.77,4417.28,1203,29790877
89908,Sawaya,4547.24,4411.42,1370,29790877
6097804,Rexona007,4803.73,4410.94,306,29790876
4833676,Playboi Carti,5017.71,4410.57,-192,29790875
8863195,XdestroyerX7,4761.86,4408.65,130,29790876
1218645,E14,4449.58,4408.57,1885,29790878
4623591,GeneralEnderman,4818.68,4408.42,-2,29790876
6396530,izana_ao,4815.54,4407.81,652,29790876
16818802,Miguel Mella,4832.07,4407.03,284,29790876
2154102,Fuschia,4856.71,4406.80,586,29790876
13341525,ERA pepega,4976.06,4406.50,-467,29790875
13975385,ThaoTuyet,4757.62,4406.29,309,29790876
22950870,xMikuwu,4617.59,4406.04,268,29790877
8607299,sweatyeyelids,4671.14,4404.10,829,29790877
23128120,Aurro_,4904.73,4402.98,280,29790875
5723717,Messpop,4673.43,4401.27,1033,29790877
10537083,Kindziuch,4821.87,4400.67,136,29790876
5612555,KulaDanky,4776.68,4398.37,572,29790876
8829340,a1987550,4928.97,4397.10,-37,29790875
872511,Black Dragon,4827.65,4396.67,199,29790876
27975958,-Melia,4831.33,4395.16,506,29790876
2130952,Okkusen man,4609.41,4393.70,1169,29790877
7759630,W0ofy,4794.56,4391.98,344,29790876
17797565,Terp,4856.39,4390.94,258,29790876
475804,blue8524,4546.74,4389.07,1436,29790877
10913397,ZaveryK,4819.45,4384.41,260,29790876
13156261,weiwei11,4853.18,4383.64,118,29790876
25691804,StudyingFather,4808.31,4381.82,165,29790876
8350169,-[VN]-OsuCz1,4846.75,4381.50,488,29790876
30392287,VoltaXTY,4834.38,4376.81,76,29790876
36704481,iwanami_bb,4559.49,4374.85,678,29790877
4304588,Apteryx,4873.27,4374.39,261,29790876
21697693,Kaede3,4938.89,4373.75,-271,29790875
9313951,Tsuwagi,4723.02,4373.53,255,29790876
19228071,LordFasu,4768.26,4373.16,133,29790876
30727230,EulaLawrence,4874.05,4371.44,5,29790876
13362272,chocobuu,4789.32,4368.43,311,29790876
4016722,Gurido,4747.43,4368.09,516,29790876
5604329,Rio1-,4763.52,4367.43,518,29790876
15181375,remity_,4863.09,4366.98,-191,29790876
17170005,[HD]Nyantami,4555.33,4365.90,1291,29790877
18090305,Nekobad,4767.78,4364.10,207,29790876
20388417,Erikillo,4890.78,4361.83,-83,29790875
12342076,Rhys345,4868.5,4361.50,8,29790876
2953898,Astreachan,4682.8,4361.03,777,29790877
11408639,Clair,4799.76,4360.82,248,29790876
14737187,yufuu,4621.56,4359.63,939,29790877
4677706,lucasred,4464.25,4358.56,1325,29790878
7953061,Gidix,4824.67,4357.39,75,29790876
8273098,My Angel Koishi,4820.97,4356.72,154,29790876
32541500,Kamiina Botan,4727.67,4355.94,4,29790876
10816573,Godo_Plays,4750.41,4354.40,218,29790876
17456262,1CA,4877.24,4353.96,-177,29790876
31145225,ookawa,4831.74,4352.80,38,29790876
24177749,acidddd,4353.05,4349.65,1883,29790879
12200941,cookiebunny,4790.79,4347.68,185,29790876
21110145,YumekuiMerry,4752.91,4347.03,542,29790876
3087045,sagua juice,4456.63,4346.45,1391,29790878
38069070,RaZe_fp,4729.95,4344.99,316,29790876
33052138,Moriko_,4772.8,4344.87,284,29790876
8583341,Witheria,4686.13,4344.34,563,29790877
16974391,lolbro,4917.16,4344.06,197,29790875
15995993,Elisie,4662.01,4343.74,576,29790877
11986582,shuake,4834.53,4343.54,-15,29790876
7771668,Onyx,4793.83,4343.36,329,29790876
11450186,MarryMeow,4657.57,4343.22,487,29790877
33967815,N0EYES,4664.98,4343.00,555,29790877
9879979,Naar,4752.8,4341.46,435,29790876
11329271,microman66,4811.46,4341.02,76,29790876
38979410,don seens,4843.79,4340.69,-54,29790876
25162758,SierotkaMarysia,4872.69,4338.30,-321,29790876
13736991,Singularius,4485.19,4337.39,1626,29790878
36129169,The_Shogun,4881.29,4337.23,-60,29790876
2217753,watun,4799.54,4335.65,135,29790876
16056462,YouMomB,4717.56,4334.10,356,29790876
7814602,Reyem,4671.41,4332.31,527,29790877
19768278,Arcaneshift,4573.94,4332.24,627,29790877
12908955,-_-WeiWei-_-,4829.55,4327.71,-229,29790876
26973783,dauminhvu2k8,4701.67,4326.81,122,29790877
5044068,[sheba],4452.35,4326.22,1442,29790878
9555946,Naffu,4491.03,4325.74,-157,29790878
5312624,Jacob1531,4606.53,4325.64,1049,29790877
9281021,SilverCl0ud,4626.94,4324.49,681,29790877
14521817,Yondaime99,4759.99,4324.08,141,29790876
18528541,Primbe,4819.12,4323.44,145,29790876
11924624,--Dragon--,4836.05,4320.18,52,29790876
32868011,[i_am_bii],4801.87,4319.89,85,29790876
34920934,Otoniel_old_4,4306.18,4318.57,406,29790879
32448052,Serotraw,4838.71,4318.12,-285,29790876
15898269,mXtti,4694.59,4318.00,321,29790877
14748844,qRainbowSmile,4748.28,4317.20,249,29790876
14721101,cdwcgt,4815.72,4316.98,47,29790876
15959784,AleAle-,4699.86,4315.12,365,29790877
28140313,Pacop,4684.74,4315.07,-166,29790877
12717491,Woox,4646.27,4314.90,819,29790877
1183624,Hanacoi,4380.9,4314.85,1716,29790878
8619534,Larana,4807.74,4313.18,126,29790876
1740102,Manuxz,4649.06,4313.02,947,29790877
2107523,-Ryuujii-,4407.58,4312.78,1506,29790878
30705971,BelgiumGL,4673.21,4312.32,-11,29790877
9554462,carloselcrack,4738.72,4312.19,397,29790876
15870467,DaemonLepus,4799.93,4309.64,99,29790876
3746222,Suzaki,4755.49,4308.89,347,29790876
10643997,snap,4837.05,4308.85,109,29790876
21814150,Genos123,4635.96,4308.36,167,29790877
25209874,-Sheep-,4681.15,4308.05,454,29790877
23161524,wkwkzkzkgkgk,4818.27,4307.42,-29,29790876
3683435,ragenik,4451.06,4306.62,1455,29790878
6922333,yadon,4719.65,4306.50,378,29790876
4518437,Vecchi,4553.06,4306.46,1081,29790877
169821,MiKuNa,4402.39,4306.19,1644,29790878
367609,fukuhara,4405.27,4305.90,1474,29790878
15186775,Kydo-SkillzZ_,4741.74,4304.04,280,29790876
14808011,Huhkun,4577.08,4303.61,596,29790877
15980728,Lizyuu,4816.34,4302.73,-174,29790876
8264181,Lirei,4814.64,4301.90,-13,29790876
15018844,nick235711,4694.93,4301.18,236,29790877
33401465,Natohin,4906,4299.73,-426,29790875
6795660,-L u c i f e r-,4707.38,4299.04,584,29790877
12941954,Sabakan,4809.52,4299.01,30,29790876
8020738,lolcom6677,4648.96,4298.65,536,29790877
23236495,[Natsuko-Sama],4837.38,4294.00,-343,29790876
9452719,eziar,4575.44,4293.90,637,29790877
16415790,lightNa,4550.08,4292.31,921,29790877
20392411,topeaGG,4662.57,4292.12,304,29790877
18823543,Konaime,4749.51,4291.88,85,29790876
8631683,Shymshym,4691.98,4289.16,233,29790877
13108984,caillrot,4542.72,4288.72,915,29790877
10820267,Yhiami,4517.68,4288.62,1076,29790878
10879566,Raynela,4689.28,4288.41,388,29790877
8601048,JarvisGaming,4462.89,4288.21,350,29790878
7169208,Nozdormu,4773.32,4286.11,19,29790876
4243099,AixaCba,4722.32,4284.46,507,29790876
15117482,lhjr,4729.87,4284.18,450,29790876
4500594,Blue Crimson,4575.18,4283.44,906,29790877
114017,KRZY,4415.71,4283.11,1533,29790878
18631715,midonesinane1,4733.2,4281.84,300,29790876
33230665,Aurokai,4724.14,4281.56,163,29790876
30299030,HeyThereViewers,4658.24,4278.93,385,29790877
4738268,Ibuki Mioda,4561.26,4276.38,769,29790877
37073534,Klocky,4754.99,4276.33,120,29790876
4571941,CLANTECK,4684.47,4271.57,668,29790877
18019635,Kanjiiii,4636.38,4271.52,580,29790877
4635283,NextMiss,4528.17,4270.44,1021,29790878
29701489,YMZino,4735.57,4270.36,-61,29790876
6262455,Kiroii,4556.72,4269.17,459,29790877
17627439,Netiiqs,4859.07,4267.86,-366,29790876
35801976,scorched,4613.74,4266.77,110,29790877
21037842,Robertatron9000,4715.1,4265.95,247,29790876
16325920,wuzhi,4615.95,4265.05,164,29790877
11629649,Rippuru,4802.31,4262.55,14,29790876
25190709,daziiki,4709.38,4261.63,448,29790876
35550022,zww007,4678.07,4258.67,288,29790877
6119078,Echolot,4666.24,4258.36,608,29790877
2343238,ExCres,4369.94,4257.55,1653,29790879
5648411,Spipito,4642.83,4250.48,380,29790877
10737311,Cade,4832.25,4249.51,-82,29790876
11090576,Imaproshaman,4648.01,4248.75,203,29790877
2117816,Technomix,4470.36,4247.89,970,29790878
7081596,Bomilk,4624.52,4247.10,442,29790877
12269489,Jibsz,4440.1,4246.50,1138,29790878
19015429,Lightwiet,4586.94,4245.24,393,29790877
23692097,Rime Tempest,4663.04,4245.15,469,29790877
36565167,Ahrily,4453.33,4244.91,330,29790878
11467874,Nathito,4600.88,4244.84,568,29790877
14123236,AndyWG,4708.41,4243.23,-121,29790877
37313746,Kanhaking,4629.12,4240.51,368,29790877
5105759,power4pi,4507.15,4238.34,186,29790878
2850713,Starnes,4635.88,4237.74,346,29790877
14393342,Despair World,4495.8,4237.66,1069,29790878
17076179,tartaruga57,4770.46,4236.94,-264,29790876
7120867,-RogueAssassiN-,4602.56,4236.35,381,29790877
1262095,sudosu,4477.7,4235.82,1182,29790878
4249989,Crono,4607.73,4232.68,672,29790877
13834190,Takami-,4662.27,4231.59,165,29790877
26146355,kaernu,4746.97,4231.19,-90,29790876
9890390,CringeOfficial,4561.95,4229.31,189,29790877
7004043,Ivashka,4645.01,4228.79,315,29790877
7198327,girlystep,4614.63,4227.60,187,29790877
17684409,Liliweiss,4593.58,4227.45,460,29790877
19022424,phip nakano,4556.9,4225.43,447,29790877
37361284,peepopaige,4623.21,4225.28,231,29790877
4490242,PurpleHawk,4729.22,4224.96,-106,29790876
8828130,soy_asterisk,4603.53,4224.52,262,29790877
14837943,Gosterio,4637.02,4221.09,315,29790877
15556344,Pamajino,4594.91,4220.10,13,29790877
15266747,--Xer0--,4846.29,4219.90,-428,29790876
10452352,Nora Valkyrie,4784.52,4219.32,-220,29790876
16668800,mymeei,4630.89,4217.27,263,29790877
471169,Lendrix,4383.83,4216.38,1357,29790878
7561725,alainzucks,4721.63,4214.30,33,29790876
4471857,imdako,4718.16,4213.20,17,29790876
6046526,IcyBoat,4615.57,4212.98,401,29790877
7759641,Nikolas,4656.57,4212.70,312,29790877
33339385,[CCB]Mruxoia,4598.72,4211.71,282,29790877
3802241,ruria3,4310.63,4210.70,1467,29790879
2469975,-Rodo96-,4664.6,4210.39,126,29790877
9834952,[ Aida Miou ],4625.2,4210.20,452,29790877
36541201,fumiq,4749.42,4209.48,-248,29790876
3811654,aafi,4431.32,4208.62,1079,29790878
12786142,moonflower,4531.06,4208.10,353,29790878
19927686,keygo,4628.56,4205.65,42,29790877
13715811,Koalexa,4610.15,4203.39,363,29790877
13141032,Chipperonio,4707.68,4201.64,-89,29790877
27228097,--Hazel--,4463.48,4201.06,906,29790878
17021220,DatOsu,4490.37,4200.97,1037,29790878
6635772,Chokegaisen,4611.11,4200.66,451,29790877
25612737,tuge,4545.88,4200.40,725,29790877
278862,TheVileOne,4303.64,4199.96,1538,29790879
12444507,FChenP,4623.87,4198.26,143,29790877
10677044,TheD2R,4579.35,4197.09,809,29790877
11475881,PepperJack,4731.41,4194.99,85,29790876
30932948,Raydioactiveman,4593.74,4194.33,53,29790877
2857496,Estelle44,4443.42,4193.44,974,29790878
14957367,solros1101,4764.76,4193.15,-214,29790876
18920558,malli -,4619.29,4190.29,238,29790877
10648818,Mazzuli500,4588.75,4188.16,212,29790877
7457296,Palay,4191.29,4185.60,1664,29790880
4100328,Leansandra,4357.09,4183.40,283,29790879
24731745,Muckaaa,4619.52,4182.52,201,29790877
355743,yoshioka koichi,4343.93,4182.24,1276,29790879
13927215,Winkz47,4411.59,4182.00,597,29790878
15323847,JensHetMens,4691.3,4180.40,-78,29790877
2308186,[Y U K I N O],4441.38,4177.99,1216,29790878
39779398,flyingdancer,4547.54,4177.88,-153,29790877
33675880,33675880,4778.64,4176.03,-446,29790876
16463576,krup90,4585.5,4175.62,89,29790877
5583325,Pawlonator,4389.73,4175.45,1100,29790878
2037562,Nellie,4375.46,4175.40,1058,29790879
29365612,caglababapuro,4675.83,4175.32,-133,29790877
22683428,ApoloXV,4298.87,4173.38,1483,29790879
39154220,Gycks,4535.88,4172.18,74,29790877
4644377,sammycom,4607.59,4172.00,110,29790877
7143781,Overdash,4581.51,4171.62,314,29790877
17166294,Alloice,4597.78,4170.01,168,29790877
13951907,Smuck,4637.91,4169.78,180,29790877
35502388,Stella MiNE,4339.36,4169.60,550,29790879
487326,jz7zl,4279.31,4168.93,1639,29790879
5364272,Bujebus,4769.97,4168.11,-403,29790876
18152711,MegaMix,4508.89,4167.17,648,29790878
2320605,jvknxa,4588.9,4166.55,456,29790877
10682220,TimmyTheWizard,4598.5,4166.39,151,29790877
5190147,ShiroMahiro,4565.15,4165.23,471,29790877
4939422,Alsae_,4579.19,4164.46,187,29790877
11696288,Ycro,4374.3,4163.33,982,29790879
17274052,TheMagicAnimals,4671.64,4162.47,65,29790877
11331193,s4s1sk4,4707.94,4162.17,-86,29790877
34161605,DragonL,4704.9,4159.92,-183,29790877
10098182,-1ag,4518.77,4158.78,597,29790878
27211068,Leafy_Peaches,4599.05,4158.07,227,29790877
4830463,Ichika_Chan,4454.06,4156.84,300,29790878
12194471,Seikoo,4612.58,4156.55,-76,29790877
21118424,someon,4309.1,4154.69,1214,29790879
37253391,Yoko64,4621.5,4154.41,93,29790877
5093785,ABXD,4285.01,4151.44,1367,29790879
4512984,Tsokoz,4579.07,4151.31,178,29790877
7309896,Sakura Bil,4569.23,4151.24,285,29790877
21368709,BluBoy,4337.81,4147.44,66,29790879
15447708,Burgundy,4698.54,4146.20,-359,29790877
11084479,Roro-san,4244.03,4144.97,1601,29790879
6243817,Rubik,4550.96,4141.00,378,29790877
38513546,misho_shamara,4552.6,4138.71,-133,29790877
13588674,non_accuracy,4599.16,4137.80,36,29790877
28057806,ayaV,4397.3,4137.27,1151,29790878
23705992,Avery24E,4492.22,4137.19,236,29790878
12317481,l - - - l,4475.09,4134.23,223,29790878
12732913,zwii,4556.96,4133.93,156,29790877
8926244,Yeong Yuseong,4548.78,4133.89,255,29790877
4162325,Nordkapp,4514.56,4133.56,65,29790878
1894240,CDEdu67,4506.88,4131.75,672,29790878
6930702,victor david,4393.73,4131.65,871,29790878
1144238,serobor,4557.38,4131.20,181,29790877
22260766,ntaarr,4591.1,4129.69,56,29790877
3985265,GAMI,4450.3,4126.17,1034,29790878
13456805,StikmenRelax,4543.08,4125.32,205,29790877
4742104,-Karolinka,4590.4,4125.28,80,29790877
12157186,[G O D],4579.56,4124.68,423,29790877
4398886,GreySuka,4581.82,4123.15,353,29790877
23490681,domfanarts,4515.45,4122.89,208,29790878
25669015,EVANKUN1,4507.36,4121.72,410,29790878
36301446,tapperruiii,4591.62,4120.23,233,29790877
6634464,Deities,4217.86,4115.15,581,29790880
11722531,ichirin123,4547.03,4113.93,296,29790877
9133695,javitoo22,4502.19,4112.51,519,29790878
1544044,-Duarna-,4454.9,4111.91,673,29790878
7077762,super punsh,4530.56,4111.36,431,29790878
7183087,mareep,4858.79,4111.13,-67,29790876
14994632,Noah1515,4464.46,4110.36,296,29790878
1615543,[Skywardesu],4352.8,4108.76,1146,29790879
17010769,Reyu,4610.79,4108.53,127,29790877
34443419,Marisa Kirisame,4464.64,4105.17,387,29790878
14824174,Gibralti,4484.77,4104.79,145,29790878
20813415,lone_starshadow,4430.18,4103.17,480,29790878
17381947,plush seal,4484.85,4100.17,379,29790878
10387498,JodieWalker,4397.98,4098.58,589,29790878
10658108,Neyo,4374.76,4097.80,158,29790879
22611045,MyAngelNilou,4516.55,4097.06,171,29790878
21209893,Markiplier,4576.43,4097.00,-136,29790877
7799186,IYokoI,4570.43,4096.70,22,29790877
28498328,NoBudgetGuy,4531.28,4096.63,270,29790878
16493286,ye boi,4511.97,4095.23,379,29790878
23952149,Kachica noob,4525.06,4094.45,497,29790878
37608817,Dunkle Seelen,4250.04,4093.87,877,29790879
1461054,Piine,4239.66,4092.58,1427,29790879
5186648,TheKubaX,4411.88,4090.34,666,29790878
15838689,sigmatapper,4519.52,4089.99,395,29790878
903699,Kanzaki H Aria,4232.76,4089.96,1355,29790879
15344826,Freddy Lugia,4396.3,4089.87,420,29790878
5596935,shurito1sao,4483.58,4089.84,677,29790878
6746508,Cnote Johnson,4600.66,4088.72,-50,29790877
5845217,TamakoLoveStory,4542.01,4088.66,332,29790877
33567975,Tsukinowa,4500.46,4088.52,181,29790878
32730507,Cui,4480.11,4087.75,308,29790878
22436793,CardThrower1234,4489.28,4084.76,224,29790878
16339143,bN_0102,4505.98,4084.05,207,29790878
6471909,CocoSunshine,4501.82,4082.86,259,29790878
2881724,Nicolas,4288.31,4081.73,992,29790879
17044617,BabaTheCat,4507.54,4081.05,254,29790878
4630368,Cabbig,4520.55,4079.91,211,29790878
2983193,iaport,4366.98,4079.69,796,29790879
2000923,Bloody_Queen,4172.17,4078.40,1565,29790880
1292021,woam99,4580.4,4077.65,-91,29790877
4534182,yukkakoo,4517.87,4077.10,109,29790878
8689464,crookedcookie,4567.86,4076.01,46,29790877
3230818,Akie-,4271.78,4075.23,506,29790879
27835620,NovaProXGD,4558.64,4074.99,-27,29790877
6973451,rainbowscratch,4467,4074.77,355,29790878
3446298,Jonis221,4377.13,4072.17,742,29790878
8304907,gloverlover,4178.85,4068.25,1474,29790880
2766034,Umbre,4645.79,4067.44,-71,29790877
7044210,Natsuki Kaguya,4413.44,4066.22,291,29790878
1117225,Minuano,4325.97,4062.53,1012,29790879
15912412,MiNMiRe,4476.92,4060.04,235,29790878
139791,xiaofendi,4296.02,4059.71,1021,29790879
7033479,[ Naris ],4468.15,4052.70,244,29790878
11949658,-[Razz]-,4460.84,4052.63,-55,29790878
14085757,JakeBlade2017,4386.22,4051.51,520,29790878
10993780,nightcore supe,4385.7,4050.90,150,29790878
1200833,Lavanville,4220.53,4050.63,1269,29790880
9019230,p[O_HOU]z,4445.66,4049.57,273,29790878
2446002,vovvvv,4393.57,4047.75,375,29790878
16383087,starrynights48,4361.97,4047.59,665,29790879
7131099,radar,4466.4,4047.23,-101,29790878
9557847,hisaella,4490.27,4046.65,21,29790878
16855004,Kuroiden,4390.58,4045.08,574,29790878
2667359,Rumm,4316.99,4044.60,860,29790879
10836156,thunderlordl,4485.07,4043.45,205,29790878
21917606,Normaliv,4435.03,4043.22,311,29790878
9038483,Gabuu,4374.41,4042.61,527,29790879
10885233,FlanRemiSariel,4429.18,4042.15,757,29790878
12656796,KingQbert,4612.48,4042.00,-396,29790877
6066199,PennyGiri,4540.29,4042.00,-10,29790877
2047380,Sagara,4148.96,4041.82,1431,29790880
10805961,Cupant,4438.12,4041.80,299,29790878
11621976,Racers03,4466.87,4041.35,-14,29790878
3279570,Terni,4474.73,4040.38,241,29790878
10383739,CaptainzJason,4470.69,4039.02,227,29790878
10524984,Sheepo,4268.89,4038.69,1049,29790879
9620786,Golchiri,4488.97,4038.65,373,29790878
7276846,Taevas,4362.78,4038.22,479,29790879
3372914,[SAO] -Kirto-,4335.93,4035.69,924,29790879
19747043,flakeur,4457.2,4035.61,15,29790878
4232669,Izumi Mirai,4295.75,4030.95,1093,29790879
14727263,omegaY_,4444,4030.06,233,29790878
3876584,Element Dragon,4230.31,4029.49,1094,29790879
16589307,-Abstr4ct-,4399.51,4026.89,74,29790878
7858955,197369zb5,4383,4025.88,328,29790878
5042519,Bishou,4294.22,4024.12,901,29790879
23772499,Melchan1,4393.15,4021.84,459,29790878
17174431,Anitsocial,4212.31,4021.75,708,29790880
819820,The hunterx,4261.82,4020.07,955,29790879
11495715,Queenling,4567.36,4015.57,-258,29790877
28645899,koiasana,4486.25,4014.86,189,29790878
23280447,hosesan1020,4447.67,4012.38,243,29790878
10579734,bot_James,4203.63,4012.02,1163,29790880
10665794,GrappY,4636.2,4011.95,-158,29790877
11032454,ArufaDez,4348.58,4011.91,408,29790879
1789456,Hotarun,4224.94,4009.39,824,29790880
12424622,Cahmere,4332.61,4009.00,529,29790879
12144395,pestoszx,4410.66,4008.68,12,29790878
17504024,Expar,4420.33,4008.24,70,29790878
8442415,ZxKirara,4447.32,4007.21,103,29790878
9856958,Hatatan,4387.48,4006.60,384,29790878
18288958,eternalize,4475.89,4006.02,-357,29790878
4513035,Kurisuga,4119.4,4005.73,1404,29790880
33956381,senpaiOwO,4397.43,4004.76,493,29790878
23155757,ZeroKungz,4296.17,4003.68,607,29790879
260933,Kurokami,4124.12,4002.67,1411,29790880
17586769,Aestheards,4356.32,4002.21,475,29790879
3559616,caca1597,4172.94,4001.75,1272,29790880
33616399,Qxickiy-,4399.23,4001.01,589,29790878
4653583,NO37,4410.93,4000.29,326,29790878
7906606,Chinese Rose,4328.1,4000.23,892,29790879
13870319,xc12mm,4405.56,3999.63,263,29790878
2004337,- Banana -,4313.31,3999.59,780,29790879
38859205,skyzlak,4511.81,3999.51,-6,29790878
10337185,Patbrick,4569.4,3999.40,-45,29790877
5034985,[Mahiro_chan],4108.12,3997.38,1465,29790880
6442815,Bounce Bounce,4379.99,3997.22,355,29790878
36572156,el_zalupque,4415.64,3997.18,31,29790878
7512553,Utami,4411.79,3995.28,87,29790878
29342253,Bypthua,4431.92,3989.88,111,29790878
39828,WubWoofWolf,4143.71,3988.53,1313,29790880
5123935,OfficialArTreZz,4338.43,3986.45,408,29790879
15507280,Pischok,4410.58,3986.22,216,29790878
6250024,kaimokene,4394.11,3985.66,128,29790878
7109317,YonGin,4038.33,3984.45,1272,29790881
19465417,ImproveMint,4477.31,3980.83,41,29790878
10105525,Saxxieh,4123.47,3980.70,1401,29790880
15792058,im degrading,4448.22,3978.87,111,29790878
10887359,Bozbro555,4452.78,3978.71,7,29790878
13678644,Kexye,4413.69,3977.50,146,29790878
27233308,YuuLin,4237.26,3975.98,456,29790879
30653418,Anne Elaina,4122.74,3974.38,1336,29790880
13026239,Niverone,4292.27,3972.33,991,29790879
11540956,Seu Pudinzinho,4387.14,3971.54,400,29790878
8492799,Gabo,4329.48,3969.74,453,29790879
11262728,ge0,4411.4,3969.71,143,29790878
15715264,lica75,4228.65,3968.92,858,29790879
32467885,qwlo,4428.47,3967.62,169,29790878
12348878,CumnDate,4417.23,3966.33,-19,29790878
10950677,Belokill,4374.95,3963.42,270,29790879
7918664,LimeDimeNine,4471.34,3962.87,-173,29790878
7057787,chiliawa52,4515.25,3962.67,-278,29790878
5265882,Verniki,4348.41,3962.19,359,29790879
9117956,Damcior,4457.59,3961.46,105,29790878
16048302,elluka03,4062.83,3961.21,1530,29790881
15346855,Kurumi88,4347.23,3960.94,550,29790879
4803872,Elektryo,4260.56,3960.63,922,29790879
4317287,Frakk,4180.19,3960.13,278,29790880
144341,ShaBaoFaSAMA,4165.51,3957.91,1363,29790880
8384292,jenny_gate,4214.51,3956.94,1040,29790880
12647024,anagor,4544.7,3954.26,-337,29790877
18662706,Sonitrayo,4206.62,3952.63,881,29790880
6741288,Qauland,4071.15,3952.53,1411,29790880
14874285,KatY543,4030.31,3952.38,1460,29790881
10769912,GinSepTin,4436.52,3952.37,-6,29790878
8480687,-NoTnA,4285.36,3951.97,643,29790879
27211965,KoszPierogow,4227.88,3951.33,506,29790879
13140949,held,4496.07,3950.76,-96,29790878
15345967,MakanChicken,4197.25,3950.03,-10,29790880
3547310,l4uke,4480.81,3949.04,-188,29790878
8464131,Nachitox2,4365.23,3948.99,265,29790879
2701916,SaruNyu,4301.49,3947.16,446,29790879
6703171,Aube,4402.76,3945.57,-4,29790878
2055032,HerButt,4114.93,3945.26,1390,29790880
13774464,NyanDash01,4389.17,3944.67,76,29790878
6680785,Ranshi,4189.28,3941.29,455,29790880
21810571,amarat,4279.48,3939.89,-250,29790879
4296366,Folopox,4308.29,3939.76,464,29790879
15764145,DarkPreana,4420.68,3939.29,0,29790878
36406451,Nepho,4286.71,3939.00,306,29790879
10744622,pullurteethout,4523.85,3938.37,-128,29790878
7420715,ikiretara,4355.76,3938.06,-65,29790879
29166517,zya031209,4113.21,3938.06,465,29790880
28007808,DovaChad,4261.6,3935.37,730,29790879
8143063,Jugem Jugem Ju,4265.91,3934.80,486,29790879
34004960,-Samuel-,4525.9,3934.52,-437,29790878
18826058,Phoqq,4113.42,3933.52,-62,29790880
20653857,Phrolova,4362.2,3928.34,64,29790879
23672663,linnai914,4377.28,3926.81,181,29790878
32562274,Contre,4290.67,3924.30,251,29790879
5222596,RiP46,4397.76,3923.56,35,29790878
10689934,DirectDelusion,4368.67,3923.03,175,29790879
19121768,sphlefy,4122.57,3922.52,217,29790880
3038623,Laskcin,4331.26,3921.06,529,29790879
22772653,Tsukasa X Nasa,4303.98,3920.82,394,29790879
22026171,lilu,4369.15,3920.58,21,29790879
430337,SS_Kanzaki,4055.83,3920.50,1397,29790881
23064382,niboshii,4472.38,3918.40,-159,29790878
37022771,Menda Arcuma,4092.4,3917.89,1060,29790880
7720818,BUTAOTOME,4357.72,3916.67,-22,29790879
2068686,Liar,4227.03,3916.54,770,29790879
10244829,-TheShauna,4289.46,3915.36,336,29790879
8469647,Uber,4320.31,3914.98,289,29790879
9462837,[GI] Inby,4366.04,3914.87,86,29790879
21040184,WolfPlayerHELLO,4036.3,3914.36,1447,29790881
9652055,My Angel Yunomi,4334.29,3913.80,241,29790879
16833112,Maifuyu,4448.76,3911.25,-317,29790878
37514590,Algebrafanboy,4401.46,3911.06,175,29790878
13402045,Flandre-Scarlet,4139.87,3910.18,821,29790880
21551555,Luis_mi,4321.16,3910.10,226,29790879
6478296,kogeyashi,4264.8,3909.96,353,29790879
4183406,Awwy,4251.12,3909.63,568,29790879
23343973,erm meow,4237.42,3909.36,454,29790879
11924448,roc8852,4316.31,3907.78,509,29790879
36171189,melonkake,4350.43,3907.46,-356,29790879
18478864,Saugage,4409.62,3906.99,-104,29790878
6594284,Bored to Death,4308.82,3905.34,257,29790879
4378791,kukokatt,4426.82,3904.82,-55,29790878
13820105,kirishine,4316.8,3904.82,217,29790879
19741844,Meteco,4434.14,3904.79,-157,29790878
17098619,muwuffel,4340.07,3902.67,344,29790879
11020371,Trappy-kun,4160.17,3902.33,554,29790880
32801170,Mego-kI,4441,3901.28,-256,29790878
5990327,Xstrella,4378.95,3900.77,-29,29790878
23361435,Desinias,4182.3,3899.79,509,29790880
178038,Shyguy,4043.16,3899.70,1404,29790881
17822485,KAMiLA133,4082.07,3898.76,247,29790880
26914882,martys547,4302.49,3898.66,400,29790879
29132003,lauraX4,4237.8,3898.43,379,29790879
7403978,Chirimu,4349.5,3898.05,217,29790879
6443899,Niro-,4311.63,3896.16,298,29790879
4609310,FrozyMK,4371.27,3894.52,211,29790879
23907125,VetrandR,4386.44,3893.51,-86,29790878
11794815,ShtormVO,4297.66,3892.14,95,29790879
15085862,zalupovich,4242.52,3891.74,135,29790879
8570555,Maki7687,4389.1,3890.37,-88,29790878
10625447,CrayZeei,4211.71,3890.00,619,29790880
8920179,TranCh,4330.87,3889.29,45,29790879
19766484,eralk727,4202.56,3888.97,294,29790880
1913455,Bash,4075.01,3888.67,1320,29790880
8599884,KazeReborn,4159.63,3887.87,672,29790880
10238680,chromb,4416.08,3887.43,-66,29790878
20094250,kanik_aa,4206.87,3886.99,837,29790880
37491222,Lyzy,4329.32,3886.34,144,29790879
37318084,Zhayre,4405.41,3885.88,-180,29790878
13851447,DeNummer1,4245.16,3883.79,256,29790879
2124878,titero829,4110.06,3883.55,928,29790880
18566390,Nubbo123,4154.17,3883.19,-96,29790880
1595370,Touhou Project,3996.76,3882.98,1525,29790881
10827730,ewi000,4116.15,3880.03,828,29790880
35799090,Husker123,4350.34,3877.96,-42,29790879
1451311,whosthebox,4129.65,3875.38,1105,29790880
21448085,Spinasson,4361.66,3874.18,-173,29790879
35020659,gugugaga_1,4089.23,3872.48,-201,29790880
11545854,Giumnosperma,4295.44,3871.87,190,29790879
25762957,Pheas,4338.27,3868.05,267,29790879
2231396,Negri,3997.33,3868.02,1293,29790881
12274539,Hallucinated-,4126.15,3867.45,622,29790880
6751278,Jav,4304.57,3866.40,141,29790879
3393201,AngelBeats,4231.74,3866.40,644,29790879
213961,Ylinestra44,4029.8,3865.16,1311,29790881
6769671,Nayewo,4326.62,3865.10,341,29790879
1517607,leqek,4256.18,3863.94,467,29790879
822126,Mio Yamanobe,4057.88,3862.09,1058,29790881
6155546,mrper,4234.2,3860.71,629,29790879
18308625,Dvotion,4197.14,3859.35,505,29790880
35205903,SebboXIII,4262.79,3858.88,51,29790879
20006596,Simulacre,4231.95,3858.33,65,29790879
40065841,maruumaruu,3937.42,3857.73,967,29790881
3484485,Syadow-,4318.86,3857.70,-43,29790879
36230781,ritillis_osu,4158.29,3857.66,-154,29790880
5938161,gaston_2199,4278.27,3857.58,165,29790879
18382591,Chrisse,4291.54,3857.46,264,29790879
31499557,FizznChipzz,4184.85,3855.77,577,29790880
9688159,[HyPer]LoliDose,4176,3855.76,659,29790880
1651627,MayFlit,4225.68,3855.37,726,29790879
28638246,Tokiwa Kano,4306.9,3855.32,5,29790879
6716658,OniiChan n Baka,4132.9,3853.05,810,29790880
30392563,Zhe01222,4303.7,3852.05,266,29790879
19874742,Viruz85,4266.93,3851.99,537,29790879
13794230,MaksatR,4351.99,3851.83,12,29790879
15851860,DynamiteCute,4256.02,3850.57,366,29790879
1084816,- S i R u -,3978.56,3849.99,1458,29790881
8521227,gghcd,4230.8,3848.83,383,29790879
15515516,LilyBun,4283.81,3848.74,154,29790879
654296,Bitcoin,4120.63,3848.27,1024,29790880
10194846,Wifi_Smasher,4138.89,3847.90,753,29790880
16178831,WTFrrrrrrr,4365.32,3847.39,-244,29790879
2747072,[ M e a k u ],4184.66,3845.17,337,29790880
13984214,TheAmazing976_,4275.12,3844.40,228,29790879
17763519,azthste,4236.72,3844.22,567,29790879
12055566,KindaOP,4221.32,3844.04,254,29790880
33834372,UncleExOTiiC,3956.39,3841.06,-78,29790881
3792183,Tamameow,4269.04,3840.32,180,29790879
660484,YTYuyu,4000.43,3840.25,1273,29790881
14646144,its_fine,4284.39,3839.84,-81,29790879
33697130,ll993675730,4261.89,3839.32,95,29790879
10815041,firenoo,4153.7,3837.12,847,29790880
901896,Makou,4183.62,3836.99,542,29790880
12192861,Cactusel,4286.07,3836.78,106,29790879
8944054,Darky7v7,4260.5,3836.08,402,29790879
16701559,kawaiiPuniru,4310.08,3835.53,-169,29790879
8684393,LucazOsu,4122.08,3834.65,22,29790880
4751992,Prolus,4216.3,3834.45,214,29790880
33600392,Jully20,4236.45,3832.99,259,29790879
11617600,Pevtti,4332.32,3832.59,52,29790879
9164100,Oceanus,4278.9,3831.91,129,29790879
6457608,FrenziedComet,4238.2,3831.35,349,29790879
14434221,littleguy397658,4213.1,3830.91,72,29790880
1307553,Aka,3980.42,3830.65,1360,29790881
22646653,Maguneshiumu,4257.76,3828.67,137,29790879
15522414,SatoriMaiden,4337.62,3827.61,-66,29790879
33996970,Sparky6115,4217.32,3827.48,460,29790880
34249253,naufrageous,4212.47,3826.99,388,29790880
33651310,Kagkag1,4318.76,3826.86,-316,29790879
1199087,Iliketrains,3960.09,3826.04,1412,29790881
10505601,calcryan,4043.02,3824.25,1099,29790881
30136520,iTSbROOKLYN,4004.83,3820.00,1158,29790881
22504149,LuroxS,4064.96,3819.23,149,29790880
28766751,Noelga,4037.14,3819.10,1165,29790881
4047020,Ignaxio Herrera,4156.85,3817.80,884,29790880
39840050,Sabon,4052.53,3816.40,61,29790881
5666713,SleepyBwi,4133.46,3816.03,557,29790880
6628559,El Hombre,4263.9,3815.68,112,29790879
5028866,ibacot,3976.81,3815.60,1123,29790881
20547838,cohui1108,4114.47,3814.84,167,29790880
9398750,elyssa,4328.2,3813.05,-156,29790879
17891932,IridescentBlu,4182.19,3812.76,320,29790880
23094461,- pumpkin,4149.24,3812.06,478,29790880
6900351,[ H i m e ],4245.22,3811.68,252,29790879
1537318,Shironas,3982.13,3810.63,1253,29790881
14982361,Limeboy0603,4169.15,3810.34,224,29790880
31730265,adrian23491,4236.3,3808.26,434,29790879
20164310,1soupra,4261.46,3807.63,230,29790879
3245139,tana760828,4086.34,3806.91,1026,29790880
1699875,Remyria,4332.96,3805.45,207,29790879
11182399,MrSparklepants,4038.99,3803.86,1001,29790881
37982577,Michurucchi,4179.75,3803.49,160,29790880
5308261,[ Raisa ],4164.77,3802.32,589,29790880
1810378,AetherRain,4083.82,3800.41,650,29790880
30424915,osito1,4270.68,3796.09,-131,29790879
23183530,OneXdva,4086.42,3795.35,405,29790880
13309438,Trikoouz,4186.02,3794.03,245,29790880
20784492,Grace4321,4203.75,3792.40,285,29790880
4342591,[Nasore],4133.08,3791.20,514,29790880
2097967,Ronkelo,4133.63,3790.83,454,29790880
16542539,joshi2205,4177.46,3790.80,-107,29790880
2406093,spdy_-x1,4176.62,3790.78,381,29790880
667333,jorid2008,3905.82,3790.78,1421,29790882
7240612,The Fire Tiger,4104.38,3787.06,605,29790880
12531175,Avenir,4247.88,3786.44,-39,29790879
19931117,furry feet,4260.24,3786.36,92,29790879
16637087,NinjaCPU,4241.14,3784.95,72,29790879
11417629,kitty irl,4135.88,3784.53,481,29790880
11608083,I Love Debirun,4227.48,3784.21,-112,29790879
33281286,roxi1314,3548.14,3781.87,559,29790885
14462830,El Kay,4153.16,3780.74,279,29790880
3023718,Febix,4149.44,3776.52,372,29790880
10764969,ChivaJam,4333.28,3776.12,-270,29790879
1208042,Karinaah Kagaminee,4016.64,3775.28,1093,29790881
33340006,Vladkrip_49don,4002.92,3775.16,17,29790881
4637208,Paint-Tool,4194.36,3774.88,213,29790880
19208831,lmbucarito,3918.29,3774.25,1225,29790882
8517267,[-Sachi-],4093.56,3772.99,521,29790880
10156789,ga7503222,4100.92,3772.55,608,29790880
4071934,Butterbrains,4013.86,3769.41,909,29790881
32782719,pengyllis,4289.68,3767.72,-175,29790879
3196762,-Tien-,4059.72,3766.76,923,29790881
10087365,Soii,4281.54,3766.00,-209,29790879
26923173,Foxy Osu,4186.37,3764.72,73,29790880
30529658,BAMBASS_BOMBYAT,4215.9,3764.14,57,29790880
9208317,goldilocks,3993.66,3764.12,908,29790881
35301504,HicoteaNoKokoro,3888.47,3763.63,282,29790882
18539549,Leriola,4154.69,3761.98,574,29790880
16345993,- SammyG -,4274.07,3761.80,-132,29790879
8950010,Nearigami,4285.07,3760.42,25,29790879
7131256,TranzCenDentz,4152.54,3758.06,263,29790880
1815420,Kitokofox,3902.21,3757.22,1413,29790882
988367,Crestallia,4191.16,3756.84,283,29790880
12093825,Neun_,3936.94,3756.54,428,29790881
12259726,gunch,4300.7,3755.66,-142,29790879
4942030,Gonya_,4202.27,3755.17,95,29790880
934786,v25994605,3935.27,3755.04,1079,29790881
9001921,Xernon,4064.17,3754.75,426,29790880
349027,Puskin,3896.98,3750.25,1277,29790882
19829882,DPkF,4109.33,3749.25,718,29790880
350875,jack83215,3849.66,3749.22,1587,29790882
23487206,sevgo7,4093.48,3747.93,264,29790880
22841207,shwaerkbilathon,4218.08,3746.02,19,29790880
10027022,_anjay,4023.87,3744.96,567,29790881
11618017,PhuDo76,4130.76,3744.52,382,29790880
8379046,cool bug fact,4130.27,3743.63,337,29790880
15287806,FalexF37,4202.33,3742.55,39,29790880
5854253,khj1018,4115.74,3742.52,341,29790880
11926455,Yqihotaru,3877.16,3741.91,339,29790882
12654507,KArieeee,3939.51,3741.13,1148,29790881
14269506,nevqr,4220.14,3740.08,31,29790880
18527026,- C I D -,4044.44,3740.03,589,29790881
37020289,killmeowself,3969.48,3740.01,762,29790881
6107943,tatatat,4151.24,3739.61,235,29790880
8421025,osuisawsome,4137.64,3737.33,272,29790880
14926274,fivlier,4140.34,3736.52,331,29790880
7980539,UczenGustawa,4143.2,3735.95,452,29790880
33924162,Voes,4124.05,3735.18,461,29790880
16816107,ShiroiCat,4206.31,3734.91,125,29790880
5107641,lNear,4097.84,3731.57,705,29790880
5049430,Mesda,4057.2,3731.24,573,29790881
16147761,_Juno,4155.79,3729.95,355,29790880
37683370,ghoulgoroth,4017.67,3727.95,459,29790881
38315938,OneXiao,3967.38,3727.64,-161,29790881
9887216,-bluR,3879.76,3724.71,1293,29790882
3524062,Bready,3997.49,3724.12,782,29790881
6303313,Mathyu,4204.5,3722.45,-192,29790880
2977199,Shinitai-chan,3882.76,3720.21,1234,29790882
30325545,iammonkeyman,4064.36,3718.44,88,29790880
34833133,Take9,4241.85,3716.88,-63,29790879
8840177,Martinplior,4115.65,3713.15,190,29790880
4130946,tekno_kllerbong,4101.19,3711.75,77,29790880
30817174,Orion Macnetar,3949.42,3711.14,594,29790881
2753493,xSleaZe,3944.6,3709.78,1074,29790881
2977954,Tim Scam,4044.37,3709.73,214,29790881
32374150,user3412,4120.26,3708.50,360,29790880
772375,CMP,3868.69,3708.19,1356,29790882
6741390,EneJinxed,3923.96,3707.85,1083,29790882
36402254,PMythy,3999.6,3707.55,-7,29790881
11411289,Chezzii-,4057.67,3707.45,199,29790881
17106008,Neko-awa,3996.43,3705.79,808,29790881
28027139,palyxo,3668.02,3704.20,335,29790884
330375,- Eureka -,3955.68,3703.70,1148,29790881
8362742,SoulThief Void,4123.34,3702.49,204,29790880
13616323,Sara-,4133.83,3702.02,185,29790880
21457233,ZaPoosi,4161.3,3701.69,-11,29790880
13889917,EkmekArasiTost,4075.56,3701.46,410,29790880
16951468,paraoka,4204.63,3700.39,-93,29790880
6527422,-Fly,3954.62,3700.28,351,29790881
2691599,asumin9,3956.92,3699.94,788,29790881
14541726,Cloudical,4155.53,3698.92,292,29790880
13251104,NateaCZ,3978.9,3698.61,673,29790881
22798625,Marlooris,3729.17,3698.61,229,29790883
27580644,senzoku,4181.06,3696.90,-118,29790880
23114593,F4AC,4056.38,3696.59,266,29790881
11938053,Nume,4250.6,3696.58,-298,29790879
15009436,zDelightful,4032.21,3694.48,349,29790881
29355941,-Nexus-,4169.64,3693.78,-35,29790880
12106778,Gold Ship,3982.48,3693.15,-248,29790881
8288396,Bogen,3957,3692.89,900,29790881
10144603,Kleanup,4067.02,3691.54,248,29790880
31909649,AdryatiC_,4089.91,3691.48,-116,29790880
5281072,EnuHQ,4135.36,3691.06,213,29790880
25204153,Pineapple840,4249.77,3690.42,-336,29790879
7312408,Ima_,4125.65,3689.25,61,29790880
8956425,[Proximity],4085.9,3688.70,282,29790880
17468750,Lethal Injectio,4044.67,3687.90,689,29790881
5402499,Cxerizo,4172.49,3687.25,33,29790880
4113815,Anoraga-,4007.06,3686.09,507,29790881
14717814,-flan,4026.61,3686.00,404,29790881
4166621,awawa,4136.16,3685.87,131,29790880
4539697,cherrimi,4101.37,3684.74,229,29790880
16178903,pastaman,4117.11,3684.72,-63,29790880
12871529,Kyumi,4045.66,3684.06,608,29790881
13027092,IwaWin,4164.19,3683.69,-12,29790880
22799065,Bauer,4074.93,3681.15,281,29790880
10494963,no no no baka,4137.12,3681.14,119,29790880
19804607,Matthia,3628.42,3680.62,903,29790884
21072409,Awakr,3998.95,3679.42,636,29790881
1255920,Lost The Lights,3845.5,3679.24,1210,29790882
11054918,Vildox,4066.27,3677.72,226,29790880
4072725,MrDelta,4060.11,3676.74,481,29790881
14217379,Wishtynite,4066.55,3675.89,259,29790880
13811400,NeuralG,4048.74,3675.61,241,29790881
10790692,Makaron,3971.35,3674.51,84,29790881
6667495,-knz,3968.28,3673.70,643,29790881
34086895,Glalie13,4152.73,3673.41,-95,29790880
28631101,milochama,3983.85,3672.90,440,29790881
4308111,martarius,3878.69,3671.15,1155,29790882
35136670,bau bau,4020.24,3668.72,-65,29790881
9738123,sagwa,4159.06,3668.35,-202,29790880
31513736,superarbis,4119.83,3667.19,138,29790880
10242712,Babbless,4025.1,3666.57,166,29790881
23362126,xSepha,4146.59,3665.71,-56,29790880
14990829,NeytGH,4178.78,3665.23,-185,29790880
1378728,redjiii,4018.27,3664.49,569,29790881
12288886,Franchouchou,4021.92,3663.52,153,29790881
9562353,Musubi,4068.45,3660.37,174,29790880
18643935,projectwha,3915.91,3660.18,832,29790882
38587913,AqertureEch0w0,4032.35,3658.78,-214,29790881
38962759,Pichac28,3819.02,3658.70,-264,29790882
2978702,Srsonic1,3918.94,3658.31,1022,29790882
13036140,brujconqueror71,3949.04,3657.46,-77,29790881
23187140,aymoh,4033.82,3657.35,365,29790881
6639129,ibroMan,3890.54,3656.64,776,29790882
2556841,Fahroni,3809.11,3654.62,1362,29790882
15088979,Abinek_,3886.88,3654.33,945,29790882
30204893,SilverWolfi,3897.75,3652.18,1076,29790882
648929,Piuli19,3816.25,3651.46,1189,29790882
11376058,Eways,3912.9,3651.45,359,29790882
29848696,Ariabl,4027.5,3651.43,405,29790881
34768436,Tealen,4019.79,3651.41,-14,29790881
34227558,Envox,3972.11,3650.94,-28,29790881
6538750,Riverbrandon013,4001.59,3649.39,624,29790881
9346502,Santi199,3968.44,3646.89,61,29790881
8492011,Expretilious,4013.6,3646.53,328,29790881
6701464,Mijii,4011.3,3646.27,413,29790881
12640485,Smore Cookie,4096.1,3645.28,258,29790880
6735738,AAAAHHHH,4155.29,3644.97,-221,29790880
16346313,Mecineko,4122.51,3644.84,82,29790880
10107187,sioo,4006.27,3643.41,330,29790881
6538235,To4ka,3904.33,3642.54,842,29790882
10066998,lustorium,4004.31,3641.59,184,29790881
4889748,DeadlyCake,3948,3640.79,596,29790881
11375699,Ne0n111,3798.11,3640.13,1169,29790882
19345204,PanNXDDDDDDD,4063.8,3638.72,154,29790881
8051268,FubukyXD,4019.22,3638.03,490,29790881
6710588,singjai16,4022.4,3636.20,95,29790881
14680498,Kyohei,4050.31,3636.07,411,29790881
20770527,[-Lumo-],4048.86,3634.58,186,29790881
8301186,Chin Wu,3757.76,3633.15,1546,29790883
4960246,Tempered,4046.13,3632.80,117,29790881
946998,barrylu,3952.32,3632.07,696,29790881
36773407,ZetaAir,4015.54,3631.38,243,29790881
25435907,Zs3was,3994.4,3630.65,663,29790881
15852798,vusonbn,3839.93,3630.50,904,29790882
39283240,yuyulove,4056.5,3628.68,98,29790881
1225459,Kenny,3972.63,3628.66,213,29790881
38841698,Tstrr,3946.25,3628.59,407,29790881
11671235,Mydz,4174.14,3627.01,-257,29790880
2702361,M i N a T O,3775.1,3626.36,1549,29790883
10022006,Shukito,4053.44,3626.28,154,29790881
14324722,Naverlyn,3843.9,3625.20,308,29790882
3829519,Pheegy,3917.4,3623.78,958,29790882
2869448,CellieX,4046.34,3622.53,154,29790881
28011714,rupdjpxk0709,3920.63,3622.24,746,29790882
1762437,GGJaeger,4203.11,3621.96,-330,29790880
10201164,barkingway,4005.12,3621.40,243,29790881
38478640,MISPHONIA,3905.9,3621.34,350,29790882
9484948,PhantomMG,3960.96,3620.12,744,29790881
19344348,Nxth31,4007.82,3615.43,134,29790881
32565932,Hyper_Planetary,3961.07,3614.03,352,29790881
23965710,SarVodila,3991.65,3613.93,247,29790881
8092431,Harushi,4100.05,3613.81,45,29790880
367043,BrokenPieces,3787.9,3613.68,1219,29790883
34164954,ikun55,4012.7,3613.64,207,29790881
4357367,Dano,3957.41,3613.25,651,29790881
4863639,FreezeBlaster,3882.62,3612.14,189,29790882
15179164,infinitia69,4097.66,3610.59,-38,29790880
12242622,South Korea,3992.63,3610.10,361,29790881
8882856,-Fufuu-,3958.64,3609.86,498,29790881
11761038,bervah,3888.34,3609.49,798,29790882
37475665,nottng,4098.58,3608.26,-217,29790880
2562572,jauhari,3787.69,3607.98,1201,29790883
19351123,Avicena,3886.31,3607.70,857,29790882
8603570,kammilos,4058.5,3607.54,235,29790881
29032709,Filianore,4078.19,3606.22,-75,29790880
17651703,Leni,4001.42,3605.68,56,29790881
32130172,bada-,3916.18,3604.83,532,29790882
37335678,SmallPenguin678,3861.7,3603.64,-231,29790882
38665023,ruiruiru,4070.58,3603.36,76,29790880
7522511,Nyanyabi,3949.57,3603.29,422,29790881
13054446,Psycho_Lab,3900.42,3602.99,809,29790882
3540691,owen1073741824,4002.65,3601.29,405,29790881
23563157,im you,3926.27,3600.04,336,29790881
11670937,-Gamehappy-,3771.89,3600.04,1148,29790883
15505597,Akury,4006.9,3599.07,203,29790881
15445557,Rikkilopez,3930.24,3599.06,535,29790881
31743951,Jacky_Lover,4094.75,3598.63,-8,29790880
8635850,- Ori -,3973.63,3597.59,484,29790881
14371111,jakimatsumi,3786.67,3596.46,413,29790883
8270625,partyarty,3875.36,3595.75,582,29790882
37069269,HYPERCUBISM,3926.35,3595.73,38,29790881
13385533,Automat1cs,3903.79,3595.52,614,29790882
7502717,Blaedim,3944.71,3595.41,37,29790881
23248585,- Iris -,4064.85,3594.80,-27,29790880
1521445,Xinely,3824.96,3594.59,901,29790882
8085638,tempy-,4078.03,3594.50,266,29790880
8190247,Martin Maclara,4026.33,3593.57,289,29790881
9983971,d2491,3948.43,3592.88,324,29790881
6255613,bVETY,4024.72,3590.53,248,29790881
16090138,CubiC,3868.15,3589.42,396,29790882
5343607,Blodds,3788.23,3589.39,942,29790883
6257969,Yuu - Chan32,3919.44,3589.37,496,29790882
31305210,Tyiuni,4068.29,3589.14,-31,29790880
6496394,-[ Yuuki ]-,3983.1,3589.07,470,29790881
1263669,ulko,4042.01,3588.87,227,29790881
13489966,BouGin,3976.09,3588.71,225,29790881
11614862,slvn_pedro,3928.15,3588.24,563,29790881
6455010,FlySk,3922.58,3586.65,590,29790882
3340086,MarGenDo,4011.45,3585.23,119,29790881
6748747,Diamond_Storm,3808.11,3583.53,887,29790882
15660923,MyAngelAsagiri,3706.74,3582.89,1122,29790883
39182209,Emrecan,3996.19,3582.64,164,29790881
14911743,RenAhah,3934.04,3582.21,510,29790881
24398961,alejia,4008.87,3580.62,148,29790881
3755451,4mpy,3914.47,3580.09,189,29790882
3057154,Ilham,3967.27,3577.94,453,29790881
32046997,Neigh,3883.11,3577.11,768,29790882
5740151,Shad0wz,3893.9,3576.33,347,29790882
37792664,Accepting,4054.55,3576.25,-111,29790881
12084755,Dexito,3956.7,3574.45,321,29790881
4686419,Meganekko,3772.84,3570.41,1063,29790883
7103149,beenscared,3720.67,3570.34,1017,29790883
14004732,Shoccs,3942.96,3570.32,418,29790881
11986449,Otab,4040.32,3568.95,-102,29790881
29531937,-Meat-,3843.82,3567.52,295,29790882
10124116,YukiQu,3795.9,3566.76,855,29790883
797161,SoaringBurrito,3982.69,3565.98,469,29790881
22563882,TheHunter983,3941.71,3565.52,207,29790881
4971405,Zhatira,3989.2,3564.94,314,29790881
19992634,Magmalis,4078.1,3564.63,-38,29790880
9761752,Hidden me,3925.2,3563.74,380,29790881
21164746,IVIrBlaze,4003.32,3563.04,-76,29790881
22701157,Vanjumiko,3985.13,3562.59,147,29790881
357232,Yes Sir Popesama,3715.13,3562.27,1368,29790883
8006670,milockimz,3995.34,3561.68,248,29790881
1730754,Cindeline,3887.73,3560.54,649,29790882
33364951,qingyv,3724.52,3560.10,1257,29790883
24730930,[-Omni-],4002.32,3558.96,59,29790881
9217846,shotariya,3820.06,3558.61,608,29790882
36780331,cybernetia,3991.33,3557.18,164,29790881
13303993,-Nervi,4055.95,3556.21,-230,29790881
21026681,Polyva,3937.9,3554.91,301,29790881
7060166,Hellbanch,3699.13,3553.88,1161,29790883
932414,Konata x3,3710.05,3553.26,1233,29790883
38731835,NoSoyEleazar,3642.95,3551.94,129,29790884
13936384,JerryPinkman,3683.57,3551.64,1376,29790883
35789950,Carrotdollars,4007.44,3547.35,-101,29790881
2284707,DevilJiro,3771.17,3546.82,1107,29790883
21724526,Disjudge,3964.77,3545.79,171,29790881
12299510,Kyerx,3907.29,3544.76,360,29790882
4453709,Meiko2012,3901.21,3544.52,540,29790882
4315983,Reons,3735.31,3543.73,1261,29790883
30724124,OSU-Toshi,3923.26,3542.43,284,29790882
23613470,Aya Thosiko,3729.77,3541.69,535,29790883
417120,Celycchan,3681.92,3539.31,1326,29790883
19369988,Kumaushii,3827.38,3538.24,799,29790882
2541787,Darkness Jack,3806.37,3535.78,854,29790882
22338549,PepeTheShrek,4069.47,3534.87,-309,29790880
15456025,TriVax,3797.78,3534.52,721,29790883
11886513,TheKings449,3810.29,3533.16,695,29790882
34268791,Haruusami,3882.19,3532.70,62,29790882
16162078,Usie,3964.62,3532.57,-32,29790881
19518466,JPMosu,3972.83,3531.31,102,29790881
27529171,nousah,3993.75,3528.75,238,29790881
14960248,-P u l s e-,3919.94,3528.73,174,29790882
17657270,Y480y,3893.22,3527.76,215,29790882
2663742,Aii-,3694.2,3524.95,1383,29790883
19161909,Arhythmix,3784,3524.22,462,29790883
29419339,goldiii,3985.24,3522.87,142,29790881
25294964,Kosame_0808,3954.81,3522.31,99,29790881
37034410,Maholaga,3843.57,3522.31,133,29790882
5386113,Zero_99,3827.21,3521.91,674,29790882
13641216,itmakscence,3862.32,3521.55,481,29790882
24910091,krokodil_koban,4005.72,3520.57,-87,29790881
3220708,Pamela Ibis,3908,3520.07,230,29790882
19710027,liTTleDreamer,3840.22,3518.02,325,29790882
9769199,Creamy Candy,3904.08,3515.95,172,29790882
11277073,Bookworm,3902.29,3515.18,274,29790882
5299539,ThaBooVX,3944.85,3514.22,260,29790881
37002415,kromerclair,3487.77,3513.70,936,29790885
526787,SuperContact,3912.65,3511.66,222,29790882
6953170,riceboy,3967.82,3509.64,-112,29790881
18497493,overhide,3642.77,3509.25,1468,29790884
34689087,frxck337,4005.4,3509.00,-179,29790881
13466832,365,3864.42,3508.82,238,29790882
14703007,Tomomi Genki,3770.33,3508.77,914,29790883
39262511,Dj1998novato,3767.39,3507.71,444,29790883
3081660,IdkJ4v1,3890.07,3506.23,561,29790882
19715106,Ayzce,3883.18,3505.97,516,29790882
7859738,Crustbell,3824.7,3504.81,545,29790882
20246794,anh2200monkey,3713.91,3504.36,978,29790883
6983080,]hamham[,3834.48,3504.18,523,29790882
7443498,RRR Winner,3873.47,3503.66,450,29790882
38485829,Slava_0505,3669.92,3503.28,1233,29790884
12675121,guest3s,3945.18,3501.91,131,29790881
11938849,Hirvi23,3919.37,3501.22,207,29790882
28549596,MakibaCat,3854.02,3501.17,190,29790882
2459792,I x U,3888.05,3499.62,235,29790882
16898861,mycakeswat,3878.54,3499.51,313,29790882
6629694,Touhou_Trash,3714.43,3496.95,1004,29790883
2281719,minuie,3835.09,3496.36,163,29790882
33604974,Kotonie,3540.42,3495.54,-155,29790885
40020012,Rain1236,2967.01,3495.35,-22,29790891
9558257,yutsu1u,3826.08,3494.91,297,29790882
8042299,Donut Kitty,3843.64,3494.39,126,29790882
1778106,[Haineko],3664.92,3494.32,1144,29790884
14957697,JASH18,3857,3494.00,467,29790882
37563879,Yucheng,3881.19,3493.69,83,29790882
8132586,Alevide,3806.19,3492.65,697,29790882
4614599,[_Alme_],3820.7,3492.62,740,29790882
19229182,SeKoSeK,3807.61,3491.76,460,29790882
15534498,Pumky,4023.14,3490.29,-229,29790881
1659844,Suntears,3831.12,3490.04,633,29790882
8021566,Sakuko,3843.17,3489.70,484,29790882
12063368,aterrnos,3839.24,3487.72,300,29790882
4463045,Mary Usagi,3869.15,3487.49,504,29790882
24461351,KirosL,3931.5,3487.44,-74,29790881
4604295,[Izayoi Sakura],3706.32,3487.10,937,29790883
4504534,Koala_volant,3649.16,3485.39,1308,29790884
18122978,Yoaa,3917.02,3485.28,460,29790882
5504909,PigeonVoyageur,3869.69,3484.84,428,29790882
538364,Toffel,3830.31,3484.61,597,29790882
37133108,Kaguya_hime,3919.68,3483.27,224,29790882
6512490,Simonosis,3752.41,3482.88,520,29790883
31796346,thesheepguy,3915.28,3482.16,325,29790882
7931247,Baiyexing,3907.72,3482.04,221,29790882
1539534,Heru-senpai,3682.81,3480.77,1052,29790883
15180070,Walfie,3943.17,3478.66,-133,29790881
29046592,nasucase,3774.52,3475.89,578,29790883
4335602,Vlidenhart,3860.06,3474.24,510,29790882
2120680,Norakikun,3653.35,3473.95,1204,29790884
17085675,ImDet,3892.39,3473.21,11,29790882
11043740,PuriChichi,3861.1,3473.00,351,29790882
2652951,Trynna,3657.89,3472.08,1146,29790884
8395155,a night parrot,3885.74,3471.52,343,29790882
689621,zapatero,3769.39,3470.66,674,29790883
5009970,Dayzeek,3860.28,3470.01,-140,29790882
31429085,Underrocks,3774.93,3469.98,550,29790883
7001969,GobbySmop,3706.62,3469.67,560,29790883
24806005,Dav1d1,3910.87,3469.53,111,29790882
39397520,Myawing,3858.07,3467.68,-2,29790882
16214723,Qutilt,3862.49,3466.86,239,29790882
7742902,San1ty,3587.64,3466.75,1311,29790884
6296356,mixunio66,3810.15,3465.13,622,29790882
5804081,furubaki,3873.17,3464.75,274,29790882
4157746,Lauwaa,3791.33,3464.75,653,29790883
12476180,akashij02,3870.76,3464.59,123,29790882
7806847,suly,3857.28,3464.49,70,29790882
1085112,borwv100,3826.21,3462.84,469,29790882
3348571,[ Mx ],3805.77,3462.29,612,29790882
3561482,ACinfr,3800.96,3461.62,668,29790882
37351209,pisciola,3736.75,3461.42,206,29790883
7552649,How2Wafuu,3867.33,3460.48,653,29790882
755889,Mistakes,3651.1,3460.14,1208,29790884
25387732,marko,3763.99,3459.70,-201,29790883
34847158,xxfortinegodxx,3853.3,3459.27,255,29790882
17923496,GameFY,3868.5,3458.15,238,29790882
13077790,EZDT,3858.82,3455.80,267,29790882
20234457,kekou,3735.58,3455.48,288,29790883
15641342,snackinglettuce,3820.2,3455.31,442,29790882
7873359,Neko_Yurico,3887.63,3454.63,127,29790882
7129440,qwerty528,3792.71,3451.65,538,29790883
3337332,5henry,3663.61,3451.37,947,29790884
16307873,liv4cry,3819.48,3451.00,362,29790882
19705439,Rojas No Rojo,3706.16,3450.68,372,29790883
19540047,Mfe3,3694.6,3450.60,411,29790883
11442203,Ty4nak,3709.01,3450.39,481,29790883
843155,RAMONLINKK,3655.39,3447.83,1292,29790884
38885222,ttochi_,3714.82,3447.67,476,29790883
17300655,Anh Vu,3768.67,3447.31,517,29790883
13547767,Asa Kazato,3806.06,3447.00,293,29790882
37006702,Chun__,3636.8,3445.02,72,29790884
9074736,Kaokuro,3846.13,3444.84,392,29790882
38140261,tam_biet,3719.81,3443.87,476,29790883
32601635,xaxaxaxaxxaxax,3884.38,3443.77,49,29790882
1552723,ConanCloud,3649.09,3442.40,1108,29790884
18360878,_tek,3795.49,3442.28,-8,29790883
2932149,Snow Alice,3662.43,3441.23,1106,29790884
32056127,Timesuperflexr,3586.68,3441.21,1338,29790884
36934187,Ayachi_chihaya,3788.45,3440.66,456,29790883
8963569,redmasterya,3775.55,3439.19,316,29790883
25557923,Elefle,3863.53,3438.70,94,29790882
11985424,Chezza Tweedy,3609.13,3437.88,1145,29790884
6276900,lexcelent,3518.6,3436.40,150,29790885
10531960,Kosee,3723.86,3436.11,226,29790883
35139647,HorikitaEchidna,3945.09,3435.76,23,29790881
16205902,ilikefish,3771.73,3435.69,492,29790883
32503739,okest,3873.39,3435.00,19,29790882
18199723,Tuple,3761.15,3434.61,715,29790883
14926910,PainEater,3651.39,3434.22,834,29790884
1793284,MyingMiu,3930.68,3433.85,-81,29790881
2384843,28384028,3633.22,3432.28,1182,29790884
15880602,Piecis,3842.69,3432.02,220,29790882
6476359,New,3785.33,3432.00,133,29790883
2268782,ranger93,3602.52,3431.42,1317,29790884
11148780,Wolfie_XD_old,3647.8,3431.36,366,29790884
7047332,Sucralosa,3632.58,3429.39,979,29790884
10201798,another_OuO,3702,3428.79,821,29790883
18559186,OmegaPopper,3679.54,3428.37,345,29790884
3070611,puxtu,3615.82,3428.19,991,29790884
32813300,yukata,3833.53,3426.37,363,29790882
9629842,nazenano,3658.95,3426.30,1031,29790884
11423137,Z4ub3rwuerfel,3721.85,3425.98,494,29790883
17463586,Jorixk,3809.29,3425.30,374,29790882
23143178,DevilVorteX15,3822.23,3418.71,343,29790882
4868172,fijas,3693.85,3417.81,915,29790883
10760962,LightSparkle,3940.1,3417.58,-258,29790881
13348244,scary rabbit,3788.74,3417.17,264,29790883
8440939,-Ryu-,3798.43,3416.85,293,29790882
26350398,xcorinangelx,3704.2,3416.77,473,29790883
18079013,Cooldiamonds,3707.82,3416.64,266,29790883
488928,CrazySkillz,3683.5,3416.12,793,29790883
7590894,ExNeko,3812.8,3415.21,273,29790882
32595055,cute_lightling,3923.46,3414.07,-235,29790882
123938,Revengexsoyah,3593.47,3413.49,1254,29790884
17957276,- joshh,4167.46,3412.56,191,29790880
20532204,octaingg1,3730.21,3411.78,164,29790883
6254839,Biocode,3864.17,3411.73,107,29790882
35136258,Krzysiekk435,3636.96,3411.05,1119,29790884
23300387,Axteln,3824.78,3410.61,371,29790882
11391168,loliger1888,3837.32,3410.57,269,29790882
13700777,keyboard2543,3580.91,3410.34,989,29790884
10809599,Jensens Ult,3777.47,3410.32,400,29790883
28273592,bishbash,3858.28,3409.79,-52,29790882
10930090,ahox,3813.52,3408.33,250,29790882
3315479,Arcanin,3631.01,3407.54,950,29790884
23301957,KumaRushia,3771.56,3407.45,448,29790883
16819909,Arcaxio,3748.2,3407.10,234,29790883
37119520,zZhenfu,3817.4,3406.65,138,29790882
3175873,porofPL,3830.03,3405.72,274,29790882
32702900,CARL JOSEPH LEE,3895.02,3404.88,-29,29790882
6560181,Kettu,3807.71,3404.74,309,29790882
14510342,Noctie,3880.07,3403.26,322,29790882
37983252,Nikolay1992,3839.49,3402.67,12,29790882
35902121,unxora,3763.36,3402.60,189,29790883
26688450,Luqas,3796.93,3401.42,-166,29790883
6573608,Xellander,3757.94,3401.13,632,29790883
1784230,GRINARAE,3789.82,3399.61,320,29790883
19522325,bucketoot,3855.03,3398.68,162,29790882
14966708,Beltheor,3788.85,3398.06,392,29790883
23583170,2UU7U7U,3809.76,3396.76,284,29790882
15734465,shiroha-,3750.3,3395.77,399,29790883
2377692,Chubique,3618.03,3395.64,968,29790884
37998519,ctrlz,3768.53,3394.90,-108,29790883
21250765,Trafffic,3633.68,3394.73,620,29790884
29955952,Bronya Rand,3645.26,3393.18,755,29790884
8982377,Fischl,3801.83,3392.95,265,29790882
14246961,Arubedo,3876.23,3392.91,93,29790882
17515783,AFKII,3831.28,3392.88,148,29790882
4389796,Racuh,3798.69,3392.35,327,29790882
1463065,- Ene,3580.46,3391.91,944,29790884
25368506,rodrigo721,3704.75,3390.77,97,29790883
32596839,Noccas,3716.35,3390.38,56,29790883
13103364,Yukiioo,3534.09,3389.69,1268,29790885
9198701,TomThe0tter,3663.68,3388.44,804,29790884
34313913,tatertots2,3326.92,3388.20,973,29790887
11625617,ERA medium kek,3726.91,3387.22,468,29790883
480689,Kin,3733.65,3386.55,782,29790883
10598837,oskarr,3655.88,3380.37,230,29790884
16981324,Klauner,3874.26,3379.27,20,29790882
20093775,EldoDebug,3728.81,3376.23,48,29790883
16611270,fatfat_986,3648.62,3375.52,810,29790884
18874545,Kira_aaa,3750.86,3375.50,285,29790883
854580,Mennock,3564.81,3373.91,578,29790885
4662795,tzechi,3849.52,3373.26,-58,29790882
9059054,EdgarHum,3663.12,3371.79,646,29790884
21114561,Kurasu,3786.93,3371.07,593,29790883
15624467,MemeScream,3646.74,3370.49,106,29790884
10930914,Fressia,3804.1,3369.38,212,29790882
9152166,Mayano,3680.44,3368.08,102,29790884
3967393,Wydroszot,3540.57,3367.78,1209,29790885
35754978,flaws,3420.32,3367.23,180,29790886
30883942,_GoodMoRnIng__,3726.19,3366.54,26,29790883
3820783,Abyss-chan,3749.25,3366.38,552,29790883
3662737,Blackener,3598.23,3365.87,671,29790884
11538640,electrostrike,3718.98,3365.35,103,29790883
27186392,Katmachine-,3789.12,3365.14,83,29790883
9939642,Shina,3840.04,3365.05,-101,29790882
3556629,Mak Kau Hijau,3616.07,3364.29,874,29790884
7577264,Angiie12,3697.74,3363.41,407,29790883
2202645,Myxo,3623.06,3363.30,499,29790884
19540491,Incurrsion,3829.02,3360.32,12,29790882
19421910,Arcyol,3862.71,3360.31,-98,29790882
16632398,D1noz,3719.04,3359.55,546,29790883
9694799,Light_dragon2,3456.47,3359.51,483,29790885
870066,FlameHaze,3740.96,3358.32,419,29790883
17449412,Estarosa99,3610.9,3357.94,864,29790884
6526299,Xicydi,3781.5,3355.76,379,29790883
26169092,Alex-HunterOSU,3556.87,3355.59,946,29790885
7469737,TheMightyNeko,3754.07,3354.78,194,29790883
14566381,- Yuli -,3725.38,3354.29,383,29790883
10024264,Tre,3682.12,3352.67,722,29790883
35371281,no pain no rain,3764.42,3352.15,211,29790883
11394526,sandro114,3629.31,3351.95,-126,29790884
8485981,Radio-,3561.61,3350.79,1201,29790885
3180641,[-Flare-],3698.71,3350.03,437,29790883
2198070,beary605,3692.42,3349.80,514,29790883
34346018,alphaRaWaY,3803.11,3349.65,-31,29790882
2677534,Vorciu,3662.74,3349.38,623,29790884
4363862,Nekoparanoid,3672.15,3349.18,591,29790884
11307255,Bxrchii,3799.14,3348.91,19,29790882
36746670,toftee,3743.07,3348.87,383,29790883
2211686,JayKayVe,3709.97,3348.62,461,29790883
6830528,kAngGaRRoS,3658.39,3347.56,720,29790884
6976867,Ast,2882.15,3347.47,-83,29790892
17495567,welzzz,3797.88,3346.71,-13,29790883
23175776,SupremeJaycee,3728.68,3344.40,59,29790883
19170362,ananasborro,3846.46,3344.23,-130,29790882
6771554,Thered668,3756.19,3343.44,215,29790883
22830724,katmeow],3664.35,3343.21,612,29790884
12375207,[ [wolf] ],3871.56,3343.12,-294,29790882
11194087,Ixcors,3574.69,3343.04,262,29790884
4054195,Tiblasteur,3691.18,3342.93,600,29790883
10063157,Danton601,3737.64,3341.94,276,29790883
29254846,Seemsleigt,3715.63,3341.84,119,29790883
11798717,Pass_ing,3805.91,3341.73,46,29790882
32937961,SpookyJumps,3594.86,3340.98,290,29790884
699495,Jaaaom,3540.99,3340.29,1193,29790885
14858859,[Paw]Saiweis,3755,3339.73,218,29790883
10806437,FlipRopiik,3618.53,3339.58,-244,29790884
2171519,Da1v,3712.96,3339.23,322,29790883
31778320,[Tsuiru],3759.18,3338.93,69,29790883
13061055,Kihiza,3665.21,3337.16,342,29790884
16731980,vxeov,3526.5,3334.41,1111,29790885
8262113,FireAce1,3752.28,3333.89,234,29790883
30800310,Light_Palette,3680.89,3333.67,316,29790884
2939407,Va li,3722.57,3331.80,466,29790883
16824630,Zoy_,3708.7,3331.47,137,29790883
9387883,dkp8fe,3780.56,3330.90,-35,29790883
12220966,DieXMor,3692.78,3327.90,511,29790883
5383766,[JeBlack_],3437.22,3327.42,1268,29790886
17718589,xing123,3681.4,3327.36,412,29790883
7726605,Capuccino,3628.68,3326.55,916,29790884
13618032,815,3765.79,3326.44,-100,29790883
2644710,-MrYouKai-,3570.31,3325.93,990,29790884
10480084,Sviviz,3488.2,3325.24,1134,29790885
349617,Pschi,3561.48,3324.77,842,29790885
13680129,nikita554,3739.93,3324.64,273,29790883
16304009,Psy Fly,3708.53,3324.43,345,29790883
14532983,Hibino,3552.2,3323.64,899,29790885
4531330,Zess,3732.63,3322.91,274,29790883
4845434,AkenoChan,3524.94,3320.87,1049,29790885
3324497,vendeveluke,3463.07,3319.89,976,29790885
15715329,F2jump,3661.56,3319.68,3,29790884
5902071,- S E N P A I -,3585.09,3319.57,891,29790884
4981738,epicercaner,3578.89,3318.84,753,29790884
22620088,Poply,3835.16,3318.50,-298,29790882
5812169,Prince_Sama,3545.91,3318.38,892,29790885
8119259,chrxs-,3683.34,3318.24,495,29790883
5131398,JoaquimAcioli,3687.92,3318.13,262,29790883
34450459,Peetrichor,3535.53,3316.42,1005,29790885
21055500,VikRito,3511.91,3315.16,389,29790885
13588932,pii,3898.9,3314.99,-16,29790882
8085238,zero and zero,3738.63,3313.53,158,29790883
15353899,Renard,2861.96,3312.95,-75,29790892
9258944,Ganny,3407.18,3312.66,918,29790886
18650531,-RoMel-,3616.65,3312.41,418,29790884
4276625,-Raphtalia-,3612.95,3311.69,620,29790884
12582382,HuaZui,3472.93,3309.28,868,29790885
3181907,legoboomette,3515.73,3308.21,994,29790885
14793883,-PURE-,3536.72,3307.88,873,29790885
11447379,Meika_Sotane,3621.66,3307.69,452,29790884
35257471,Nick_LY,3500.15,3306.67,973,29790885
27426680,H315,3702.8,3306.53,162,29790883
14481386,notspirits,3654.22,3306.45,525,29790884
38281184,tiowastaken,3437.16,3306.02,686,29790886
15577530,Gustavox27,3511.22,3305.96,973,29790885
21430104,Perilla00,3639.13,3305.28,633,29790884
25560269,kittio,3774.46,3302.76,-228,29790883
13991662,Drowzy,3690.33,3302.57,243,29790883
34969275,endert1099,3705.29,3302.14,269,29790883
14996949,LUXLUV,3665.9,3301.40,311,29790884
7787148,HeBorn,3755.91,3300.27,63,29790883
33905455,CIRIUX009,3511,3300.10,983,29790885
34529840,Zurden,3673.29,3299.66,231,29790884
3307697,Crys,3643.42,3299.63,694,29790884
37495651,biggestmikufan,3663.9,3298.46,147,29790884
10066115,Kirr12,3574.62,3298.43,603,29790884
30216443,BaconOnDaMoon,3741.03,3297.42,121,29790883
6442010,youtune3,3761.68,3297.12,46,29790883
4529589,Phenolphthalein,3499.07,3296.84,1025,29790885
13940516,wierrrrr,3779.38,3296.54,-53,29790883
9489153,QEpicAce,3660.89,3295.52,438,29790884
3983917,LoverOfPies,3607.37,3295.31,708,29790884
3824996,Deadsushi,3625.35,3294.58,710,29790884
4693359,-D Frag-,3505.52,3294.11,1125,29790885
24516010,ikustia,3635.16,3293.66,33,29790884
1602640,RODY,3500.38,3293.51,1256,29790885
1762099,Noctowi,3536.83,3290.72,826,29790885
7176972,MistickDBL,3473.99,3289.23,1111,29790885
22086395,Xhavi23yeltsin,3698.33,3289.12,290,29790883
4747016,[ Kotori ],3684.53,3288.58,320,29790883
10160219,bossjinx,3558.11,3287.72,731,29790885
4224388,ismijalpa,3681.54,3287.22,340,29790883
2759390,Rinari,3656.57,3286.83,-180,29790884
2805404,sxe Lost,3361.67,3286.34,1039,29790886
36119125,Camphire,3666.11,3285.99,211,29790884
7371302,Geze-,3537.84,3285.43,838,29790885
6747917,S Cantoniensis,3701.82,3284.82,7,29790883
6860040,oolong teaa,3641.72,3283.80,571,29790884
10678230,Irone OSU,3608.83,3283.59,412,29790884
6857474,Halllu,3526.35,3280.54,930,29790885
9106690,-Petar,3521.13,3280.52,2,29790885
7642632,- Fox Wizard -,3640.31,3278.09,620,29790884
13990327,Koyotl HUN,3741.56,3277.63,317,29790883
14114899,Lotex09,3569.81,3277.61,243,29790884
21416883,JustForFun123,3453.47,3276.28,1153,29790886
37493564,emerick101,3437.85,3275.85,209,29790886
9245577,DarkFlameYuran,3576.67,3273.92,589,29790884
10306849,Skrub,3777.33,3273.56,377,29790883
4212196,Ciastekzi,3637.51,3272.85,375,29790884
17483369,souffle_03,3554.23,3272.17,126,29790885
33575152,Omegus_8690,3768.93,3271.74,23,29790883
795915,Nyxein,3508.64,3269.13,998,29790885
1513841,jnzxcn,3609.62,3267.78,663,29790884
7966003,Lily,3610.26,3266.91,502,29790884
12248165,FireBat14,3674.04,3266.85,315,29790884
5198060,Num5119,3696.04,3266.71,211,29790883
10900677,Kuwoneko,3538.11,3265.54,782,29790885
1166619,ShilenoPro,3547.43,3265.31,908,29790885
17120198,kvms,3361.98,3265.13,489,29790886
29494557,Shinku Nikaidou,3753.56,3264.61,45,29790883
6218692,mathiz14,3459.96,3264.39,1031,29790885
1870547,thomas880104,3616.16,3264.27,397,29790884
18962055,Murtaj,3698.6,3262.88,78,29790883
1864084,DerHase,3484.26,3260.82,915,29790885
5328832,-Special-,3454.59,3260.40,1112,29790886
10887651,SynnerStar,3717.49,3259.49,86,29790883
6351716,P1k4chu,3682.94,3258.78,149,29790883
3434900,Naywils,3428.17,3258.36,1385,29790886
18683125,Aizuuya,3789.26,3258.16,-267,29790883
2511839,NeliNyan,3450.31,3256.55,366,29790886
16715170,SereczeQ,3653.11,3256.18,434,29790884
8975836,Snowy LP,3543.18,3255.83,137,29790885
5483025,O n y x -,3447.98,3255.76,1126,29790886
31456620,patologinenela,3577.28,3255.33,488,29790884
10907480,iNeon,3637.32,3254.54,-3,29790884
36131856,gonomaster,3529.69,3253.64,612,29790885
11000965,Zqian-LT,3723.4,3253.37,-20,29790883
39786334,Rimuru_,3682.22,3253.21,440,29790883
6652390,magda_326,3685.3,3251.13,217,29790883
11064338,LlankerTolkient,3664.85,3250.81,283,29790884
25346732,satansn,3674.46,3250.38,6,29790884
22270878,Cynthia,3225.08,3249.70,323,29790888
19534569,KazaraX,3673.49,3248.90,11,29790884
1993821,gameplyer,3551.06,3248.80,515,29790885
8680582,Gladiator,3611.6,3248.13,324,29790884
17585799,dencate,3627.39,3246.61,-179,29790884
1411162,Maverick,3455.94,3246.51,1157,29790885
7178799,Rufoel,3712.19,3246.13,-67,29790883
19782104,Arisuccia,3476.51,3243.35,876,29790885
12045254,XenoPenguino,3754.31,3242.90,-201,29790883
13009466,badnu,3601.19,3242.41,516,29790884
3503489,DrWhomstdve,3761.5,3242.11,-124,29790883
4872551,Moeffer,3524.54,3241.50,715,29790885
590123,Ferno,3417.57,3240.15,1244,29790886
12194009,Kuroroncino,3638.05,3239.98,220,29790884
5354623,[ Eriasu ],3701.71,3239.60,199,29790883
5222158,filpol,3626.4,3239.11,321,29790884
18560307,Silicosis 2,3571.41,3238.17,436,29790884
6688071,JAXX,3528.2,3237.76,834,29790885
10019062,Ansonisaking,3585.26,3237.57,306,29790884
9657324,Mia-,3743.24,3237.40,-205,29790883
22222347,x4nto,3597.31,3237.10,207,29790884
16200233,Haneochi,3457.54,3236.41,-57,29790885
8222359,xSaiker,3479.65,3236.36,1007,29790885
13059380,YoungElder,3473.5,3234.95,535,29790885
12407531,D4rgZ,3756.61,3233.33,202,29790883
7636421,Ykzl,3648.08,3233.24,202,29790884
21726962,nosexd12,3567.98,3233.23,120,29790884
2023601,Yurii,3435.79,3232.92,1140,29790886
12485342,eatcake,3622.29,3232.57,93,29790884
24944577,uwutkm,3641.37,3232.44,229,29790884
4131410,mikealex999,3626.75,3232.39,364,29790884
9079712,Linellaty,3651.68,3231.97,200,29790884
2507187,WhiteAries,3639.83,3231.96,184,29790884
4697112,Naty,3495.88,3231.61,890,29790885
10926473,Nyx Incarner,3620.13,3231.03,353,29790884
35673271,KokoMango,3675.33,3230.58,-87,29790884
39593728,mdxhh,3496.31,3229.34,535,29790885
3767689,[- Y o k o - ],3435.64,3229.30,1083,29790886
39503814,Ayasesayuki,3214.98,3229.02,231,29790888
14105739,Firepit Home,3512.46,3228.93,-69,29790885
20913694,Noah666,3606.65,3228.24,382,29790884
14841911,zbiotr,3504.59,3228.03,353,29790885
5107109,steve5555,3478.47,3226.78,864,29790885
28234276,Vesaryne,3450.98,3225.43,1002,29790886
34132402,valanikawaiii,3401.4,3225.31,-125,29790886
1670826,Musketeers,3422.05,3223.72,1062,29790886
12544804,IneQua,3601.88,3223.45,-137,29790884
5129245,Hikona,3650.93,3223.07,385,29790884
11270380,UnraiMatsu,3561.8,3222.94,665,29790885
6598563,tidii,3684.62,3222.77,52,29790883
741940,Tenshi,3451.51,3222.28,1010,29790886
151961,Sebbern,3568.72,3220.98,556,29790884
29505982,eknzk,3661.07,3219.54,23,29790884
2503874,karta3078067,3418.72,3218.87,1063,29790886
38329754,riyahneck,3271.44,3217.10,1026,29790887
14277331,Sukubo,3645.04,3216.73,237,29790884
11492041,Exctasy,3497.13,3216.55,370,29790885
12177903,Xok,3348.83,3216.33,1287,29790887
4993149,-Taikii-,3548.28,3215.80,623,29790885
18602577,Neneiv,3395.81,3213.47,1119,29790886
22396260,Saymooon,3545.4,3213.18,624,29790885
6272405,[[Crimson 1]],3589.2,3210.60,423,29790884
17255616,TropicFM,3569.33,3210.52,333,29790884
37755011,Roko_,3693.45,3209.77,-144,29790883
4585118,TybbAce,3488.77,3209.62,936,29790885
7208957,Squishyporo,3504.44,3209.17,657,29790885
36852804,huangquan,3691.59,3209.13,-39,29790883
8698595,GusGus,3580.6,3209.01,478,29790884
12282108,wixoa,3602.67,3208.90,163,29790884
9056536,Zephyr101,3369.35,3208.37,1136,29790886
3905249,DarKFrozzen57,3333.19,3208.00,893,29790887
19896388,Lulushark,3579.52,3205.82,352,29790884
15886583,Cinnam_n,3587.26,3205.80,285,29790884
12015663,Yoshi007,3534.27,3204.87,591,29790885
18916282,Half Time,3569.72,3203.87,455,29790884
2582632,Sorega,3543.78,3203.55,448,29790885
4512402,mongwhan,3436.35,3203.24,817,29790886
2872258,ilovepiee9,3544.83,3203.19,472,29790885
6892377,DerEchteCarsten,3649.81,3203.02,150,29790884
37977664,bear5,3492.97,3202.44,122,29790885
4939723,Batuszewski,3592.15,3202.37,264,29790884
3518858,GAMEINSTALLER,3454.15,3201.78,948,29790886
17801669,conlaymaycu,3377.47,3201.35,1111,29790886
19921620,Ashner,3633.78,3200.60,171,29790884
4763643,Aesthesys,3215.37,3200.22,246,29790888
36580190,stjordi,3419.05,3199.76,686,29790886
15869322,Gainful,3539.24,3198.06,317,29790885
8412600,Choconyan,3567.14,3197.83,334,29790884
7039266,hyprpopweddings,3601.12,3196.90,214,29790884
27161669,Fl4wxrsun,3350.67,3196.01,1204,29790887
1052994,Milan-,3624.32,3195.96,142,29790884
20180973,Nookko66,3371.66,3194.18,1087,29790886
23293541,Gugis,3626.29,3193.29,255,29790884
11936980,Light Rampant,3352.83,3193.11,494,29790887
8803172,izipro2,3594.71,3192.84,170,29790884
13244259,BakaTsugu,3558.65,3192.81,442,29790885
22259842,Zed_ME,3558.8,3191.98,343,29790885
22659605,zeek wolf,3578.29,3191.49,446,29790884
32009112,TrungMegaYT,3330.89,3191.02,1162,29790887
38952920,Dreems,3325.17,3190.90,462,29790887
345835,Diz,3401.94,3190.82,1064,29790886
14842245,ytk,3576.17,3190.67,270,29790884
35839493,MadeMys3lf,3476.06,3190.07,2,29790885
9503469,Fair Play,3689.28,3189.90,-110,29790883
3949268,Liorine,3598.34,3189.87,198,29790884
17574674,Empire,3675.8,3188.86,150,29790884
3017543,Nothing,3280.03,3188.60,1085,29790887
6023950,Kumatetsu,3540.73,3187.72,147,29790885
4505479,[Mad],3625.76,3185.91,96,29790884
15003820,Hakurei Miku,3674.92,3185.39,54,29790884
11691889,okwolf,3613.97,3184.48,178,29790884
9729597,Riceuh,3478.28,3184.37,605,29790885
15137941,Accountion,3246.39,3184.33,949,29790888
7003484,C5H10,3595.45,3184.09,232,29790884
2818127,SilverVolg,3455.63,3183.43,875,29790886
7286896,RevVoJH,3491.43,3181.62,563,29790885
232155,-MeiChan,3442.22,3180.35,811,29790886
8855582,Boox2000,3556.7,3180.08,340,29790885
39430664,danielcormier,3180.24,3179.71,383,29790889
8610776,Lelloq,3502.32,3178.61,517,29790885
7039074,Cryon,3691.29,3178.27,-205,29790883
5624493,N-xon,3406.78,3177.98,809,29790886
5391571,[Rockbell],3478.74,3177.46,684,29790885
21469831,DizzyPanda098,3641.15,3176.62,-138,29790884
7174650,Yuney,3438.17,3175.21,886,29790886
22766575,xwing999Jr,3563.47,3173.95,281,29790885
20849531,kinuh,3639.75,3173.68,-119,29790884
16325061,bowsiucuteeee,3542.53,3171.61,321,29790885
14038491,Kotone-chan,3383.43,3171.16,1043,29790886
3386886,Saunaklonkku,3331.87,3171.16,921,29790887
26583886,ninjasomed,3453.99,3169.80,85,29790886
4958125,Silly Orca,3557.55,3169.73,407,29790885
14628174,- noya -,3438.61,3169.68,730,29790886
9838697,DaPrimeAtce,3520.25,3169.62,399,29790885
371546,froon,3411.17,3168.37,893,29790886
11273927,Zeeno,3437.01,3168.25,844,29790886
2347389,paladog2546,3415.83,3168.15,1028,29790886
293268,Miyal,3413.24,3166.02,1020,29790886
5085555,Irithyll,3518.38,3165.90,-91,29790885
13717099,uyaz,3474.34,3165.04,273,29790885
11993799,Konomi,3598.59,3163.43,99,29790884
10738893,Markiu_,3352.18,3163.37,421,29790887
7566921,Poko-Tin[mania],3492.39,3163.35,495,29790885
806927,Mimorin,3373.45,3162.96,940,29790886
6063188,Noaaru,3425.19,3162.93,865,29790886
3937095,Lightszone,3468.06,3162.47,723,29790885
6895668,KillDash,3476.6,3161.90,615,29790885
30764620,shiguredoki,3584.7,3161.88,-170,29790884
3840946,SitekX,3502.63,3161.57,648,29790885
2295157,Shockwave000,3504.33,3160.04,482,29790885
27296956,Ahmet_Selman,3510.06,3158.18,36,29790885
1015607,JaCkPoT1125,3402.23,3158.09,1038,29790886
10875106,Darkgeyser,3370.32,3157.70,788,29790886
22715351,teddi,3438.87,3157.67,594,29790886
1421452,Tyistiana,3510.16,3156.30,664,29790885
17867474,Maerceci5,3339.28,3156.21,1154,29790887
14433939,Kioshinxs,3553.16,3156.01,129,29790885
12823791,lululu2,3522.73,3155.73,270,29790885
18723977,Silvervale,3338.61,3154.25,1216,29790887
3909969,celery,3544.99,3154.21,102,29790885
12521231,Ymnaia_Moska,3498.92,3153.90,453,29790885
7386841,Licorne0_0,3569.14,3153.79,260,29790884
7616308,Masako,3320.64,3150.64,-62,29790887
1271807,sti,3512.19,3150.60,600,29790885
17465623,yandax,3646.13,3150.23,33,29790884
16196598,lukyman25,3561.24,3149.07,0,29790885
38486331,mocn1,3372.74,3149.06,178,29790886
6916774,Blobby3000,3497.3,3148.72,358,29790885
12145765,SpoonWasHere,3321.67,3146.57,566,29790887
6469085,passchooo,3560.24,3145.42,-45,29790885
7516954,ZephyrCo,3306.95,3145.35,221,29790887
28368694,Kei Kei,3617.82,3144.85,-41,29790884
9976407,Nickitz,3614.31,3144.70,201,29790884
8744017,VioletBell,3373.04,3144.04,990,29790886
11933689,Hizuki,3340.66,3143.71,1152,29790887
13686468,Dr Skill Issue,3519.95,3143.31,390,29790885
16277295,Qwertythanzip,3398.65,3143.27,590,29790886
39723398,MeguMegu,3099.96,3142.68,913,29790890
29034266,thesayer,3531.07,3142.28,116,29790885
9057823,Escocyan,3247.34,3141.86,864,29790888
33481450,RaitoLunyarc,3312.34,3141.67,300,29790887
2888712,Darko_Remso,3299.04,3141.37,1329,29790887
13125084,coach79,3571.86,3139.11,-26,29790884
21037315,GGMrCrow,3548.61,3139.07,-3,29790885
6796722,StellaFox,3578.54,3138.81,166,29790884
4110852,Tuvalu,3406.39,3138.55,688,29790886
1624539,Menchi,3472.67,3138.52,602,29790885
946018,-Underworld-,3371.99,3137.93,992,29790886
4774213,Icchiyo,3519.63,3137.85,345,29790885
2330619,Mr HeliX,3495.26,3137.43,411,29790885
7166532,Tromter,3494.54,3136.09,472,29790885
20649281,Saigetsu,3491.1,3135.82,473,29790885
33555768,PPreco,3303.37,3135.70,29,29790887
4124035,JayM3_,3363.97,3135.40,978,29790886
2147726,Kanra_33,3460.87,3135.37,666,29790885
7229384,KidKat,3389.58,3135.18,790,29790886
4027039,Pasturple,3360.21,3134.79,1066,29790886
11406180,FeltBard,3530.13,3134.50,345,29790885
19103662,momolanggg,3342.14,3133.08,1042,29790887
17033419,Koen_Siema,3593.35,3132.59,-26,29790884
540605,sevilla6532,3458.93,3132.34,683,29790885
10512663,af-,3495.96,3131.66,63,29790885
39773762,Nightgmdz,2871.9,3131.12,161,29790892
25168820,depny,3576.82,3130.62,-90,29790884
14922657,TW_coco,3552.77,3130.52,11,29790885
4515011,[Shiny],3355.7,3129.84,883,29790887
24708116,crashshot,3346.67,3129.32,959,29790887
6888648,Sapou,3273.61,3129.13,1269,29790887
14877163,WhiteSquirrel,3405.62,3128.15,874,29790886
33272914,Coffeeteaism,3575.18,3127.86,108,29790884
3943957,Vika7G,3364.84,3127.22,951,29790886
961497,mastho12,3357.59,3126.51,1018,29790887
16080441,kaczkopaczka,3543.52,3125.90,69,29790885
12480496,Fridella,3319.78,3125.90,-151,29790887
34995831,Sgt_Fantasy,3315.9,3125.26,1196,29790887
4161968,-shawnthefox,3456.34,3124.92,727,29790885
28756366,Vinmonopolet,3446.2,3123.53,116,29790886
1944632,Chris_Sanka,3340.82,3121.34,1060,29790887
375835,Yutopia,3520.41,3121.26,187,29790885
13507586,cuwu,3556.04,3120.99,-43,29790885
5692711,airship,3269.21,3120.27,1347,29790888
7165060,BizarrePelado,3507.17,3120.12,411,29790885
20809032,zec,3537.19,3119.86,-93,29790885
12556067,Mach1Xiaoai,3348.98,3119.72,1022,29790887
20365656,H_Isabeli,3181.46,3119.60,944,29790888
1565622,cadR,3426.29,3119.31,644,29790886
32568350,Paste Seller,3619.53,3118.99,87,29790884
10861238,Rybasobieplywa,3416.34,3118.30,745,29790886
6603002,Piroy86,3294.74,3114.65,860,29790887
17866945,Hyuniko,3450.56,3114.10,434,29790886
13097654,hakosh,3337.31,3113.71,970,29790887
10374185,ZaDrExPL,3358.21,3113.39,862,29790887
8038193,PurplePanther2,3479.41,3113.27,461,29790885
12585666,hoangsang123,3376.3,3112.19,768,29790886
3216107,Civil oath,3401.19,3110.21,506,29790886
497832,Popura,3405.26,3109.69,714,29790886
4794338,Kyio,3265.5,3109.36,520,29790888
11757395,kevinjkc,3358.85,3109.21,811,29790886
26405563,GalaxySloth,3531.58,3108.89,66,29790885
4172127,exaiya,3320.01,3108.06,992,29790887
20376558,knew,3462.46,3108.01,-161,29790885
7344872,Blun,3568.48,3107.62,41,29790884
26119178,Flockiv,3350.34,3107.62,-1,29790887
12912263,[ eon ],3455.07,3106.59,425,29790886
21564900,RoyGruboi,3462.01,3106.32,372,29790885
23115727,Anoxei,3561.39,3106.14,4,29790885
38530670,Nash The Basher,3581.21,3105.17,-6,29790884
17122359,fiza171,3336.43,3105.00,1046,29790887
12128174,Fop,3486.7,3104.56,167,29790885
8639180,Byron159,3506.01,3104.53,135,29790885
7752725,Cookkzz,3467.68,3104.39,382,29790885
16234052,shaaaaaQ,3351.03,3103.06,71,29790887
22944014,LatteParty,3443.39,3101.97,386,29790886
2411131,Deyssel,3296.03,3101.93,1107,29790887
35236905,Touch Me Please,3442.54,3101.57,199,29790886
4266693,Hennytai,3524.23,3101.44,27,29790885
11358721,Namia-Kun,3459.75,3101.32,413,29790885
14406014,tawazza,3431.7,3101.02,416,29790886
32919040,Reirin,3153.7,3100.84,322,29790889
11107867,AKlevenseven,3440.47,3098.01,99,29790886
10848421,Mimos4,3284.52,3097.88,1097,29790887
29011348,3ush,3570.83,3097.17,-286,29790884
9703370,hoctot9a1,3304.56,3097.03,1095,29790887
3337688,ZYuan,3498.49,3097.02,272,29790885
418699,fanzhen0019,3369.59,3095.32,853,29790886
22180589,Envixw,3426.36,3094.30,476,29790886
1549581,kym19971015,3280.71,3093.08,1158,29790887
14225226,_HeLLFly_,3280.2,3092.24,103,29790887
4588889,-Kyouko Toshinou,3382.85,3091.64,752,29790886
16589656,ANDEXS,3506.45,3090.73,190,29790885
8023438,Pikochanskaya,3519.85,3090.53,101,29790885
2359185,johnpol2,3266.06,3089.94,1195,29790888
7328330,Filunovic,3474.22,3089.77,313,29790885
16898447,GoldPabilion,3508.96,3089.65,-4,29790885
8171677,franconinja,3415.04,3089.64,554,29790886
24573727,yoniz1,3378.02,3089.00,706,29790886
10831582,Ganyu1,3616.75,3088.85,-134,29790884
34718076,AsumiMiuna,3372.41,3088.80,586,29790886
18205677,God Ursin Il,3415.64,3088.57,655,29790886
9793859,Owca,3474.48,3088.38,360,29790885
13112834,-Sylur,3339.83,3088.19,753,29790887
4171287,-UMI-,3281.29,3087.65,1183,29790887
10782854,Shootlook,3519.19,3087.48,120,29790885
19406933,kazzumi,3569.48,3087.17,-93,29790884
1772272,Effy,3303.62,3087.11,1013,29790887
212579,joseph,3319.57,3086.42,977,29790887
25292262,ChaoSharkouo,2877.06,3085.00,82,29790892
8349517,Zois,3275.34,3084.98,1077,29790887
921963,Miss,3290.15,3083.77,1101,29790887
493378,Mindwaves,3370.72,3081.84,692,29790886
10588504,[TKS] Vappy,3581.3,3081.52,-70,29790884
34794126,Sylnt Crane,3400.42,3080.74,780,29790886
13322498,77r77r,3441.11,3080.28,311,29790886
7553673,furikuri,3401.06,3079.02,611,29790886
931120,lancernezu,3339.64,3078.46,893,29790887
2350836,Mxux,3486.55,3077.82,141,29790885
16997622,eugenekahekili,3434.19,3077.23,442,29790886
2393596,zze,3303.72,3077.02,1009,29790887
12820940,IWBTG,3633.4,3075.84,199,29790884
16277500,Kreto1477,3473.39,3075.81,311,29790885
5151222,Okami No Mure,3399.07,3075.80,663,29790886
1380486,-rismo-,3229.4,3074.10,1293,29790888
7066867,YEAR OF INDIA,3584.55,3072.57,-36,29790884
15590332,Carloarmato,3416.68,3071.29,131,29790886
9503884,Quimby,3528.74,3070.62,-22,29790885
13684401,[SHK]2369,3403.52,3069.33,508,29790886
537332,denisse1,3282.29,3068.33,1142,29790887
16746554,DeenBoi,3455.46,3067.25,68,29790886
22708257,[KC]CruB,3535.37,3066.26,-176,29790885
10970751,Cat_Summy,3285.58,3065.78,1039,29790887
23051879,ImTheFlewGoodYT,3214.31,3065.50,1005,29790888
14439582,-[Ash]-,3369.53,3065.42,138,29790886
39869327,KPopertoTo05NPS,3309.87,3065.04,517,29790887
23281281,n0t1n3e,3428.87,3063.74,481,29790886
23983132,MightBeReplaced,3260.88,3063.40,1125,29790888
14205825,Makore24,3348.37,3063.30,887,29790887
16690568,Dong Fangchong,3464.9,3062.57,410,29790885
22645899,Mushu0,3534.58,3062.42,-144,29790885
4980135,Behwall,3228.04,3061.04,1232,29790888
8459209,Akabane Eiri,3294.49,3060.97,124,29790887
8710685,Sebazepp,3503.79,3059.38,76,29790885
11823851,49Leo,3421.22,3059.30,216,29790886
1107708,-Simplezi-,3262.88,3057.34,1066,29790888
2714942,RealWorld,3248.47,3057.09,1088,29790888
15483821,winson112,3363.1,3057.03,317,29790886
17841958,Iceklopf,3527.26,3055.35,15,29790885
16608860,yoshyap,3390.58,3054.48,170,29790886
9156851,Ichy-chan,3293.74,3053.79,902,29790887
26738903,Whitecat OwO,3541.22,3053.63,-105,29790885
12064598,ChokeBeater,3268.22,3053.04,233,29790888
16992981,MMVI-,3335.57,3052.92,743,29790887
20336879,Fastens,3203.75,3051.65,-36,29790888
4692795,c418vgytre,3452.29,3050.86,80,29790886
34069785,adrobot,3404.24,3050.61,363,29790886
10172044,Mokha,3413.18,3050.26,302,29790886
14381967,xVoid1987,3426.1,3049.68,64,29790886
6884773,Deon Dreamer,3369.78,3049.53,389,29790886
38319037,Chat,3457.67,3049.03,235,29790885
18537045,CallingUp,3510.59,3048.59,70,29790885
21240032,KKai8,3429.46,3048.58,184,29790886
19488972,YuniCat,3405.33,3047.83,437,29790886
23763495,F50,3489.77,3047.50,91,29790885
4689557,vmm_,3451.84,3047.30,248,29790886
19123572,this_cord1985,3344.69,3047.12,587,29790887
15318659,ICantSingleTap,3464.46,3046.62,129,29790885
7052690,Kmcbob22,3353.71,3045.91,716,29790887
6845016,Musume,3410.1,3045.67,535,29790886
11077377,12345678,3312.85,3045.12,693,29790887
25314653,Copyzin,3480.19,3044.88,146,29790885
32317537,milestailsprowe,3407.92,3044.48,119,29790886
27613947,Kinpo,3484.57,3042.08,51,29790885
5009997,spasiva,3361.86,3041.79,330,29790886
3357640,ElectroYan,3263.59,3040.65,848,29790888
38115366,akihimeno,3482.68,3039.88,-74,29790885
16842499,kayhqn can,3285.85,3039.47,734,29790887
25062563,[Hitora],3355.84,3038.81,434,29790887
9067516,-Pan-,3333.69,3037.85,288,29790887
16166043,_FatCat_,3397.51,3037.03,164,29790886
28393118,DQ2703,3227.13,3034.99,993,29790888
714241,kong12345wai,3255.03,3034.22,1080,29790888
10964243,Kyokino,3270.19,3031.15,907,29790888
16109788,vonisa111,3187.89,3030.45,1268,29790888
11315835,LonelyChimo,3427.54,3029.73,229,29790886
8824493,TheCoffeeFox,3440.3,3029.72,325,29790886
10745913,TheBaconator212,3463.59,3028.08,39,29790885
2083038,ChouChoX,3215.16,3027.55,1173,29790888
11025559,vikcrazy,3391.47,3027.50,506,29790886
32436043,GuangshiNya,3241.92,3026.71,459,29790888
5819307,Norferoz,3370.4,3025.48,688,29790886
17992124,get,3350.07,3025.47,39,29790887
6242583,Ceytin,3312.02,3025.18,855,29790887
4380072,aquall,3287.36,3024.70,847,29790887
7807444,chmekoe,3518.83,3024.27,-31,29790885
11251731,luis royett,3389.11,3024.11,499,29790886
11788381,Renzzzi,3343.33,3023.71,110,29790887
14641500,kat5,3316.21,3023.19,237,29790887
35612666,WcMO,3388.41,3022.57,50,29790886
10073805,shirataki104,3368.66,3022.52,220,29790886
7415096,CowHax,3379.25,3022.19,464,29790886
6837501,Enoughbobcats,3499.76,3022.06,-37,29790885
4206745,Marcel Matheus,3073.7,3021.41,367,29790890
10983258,Linxwork,3366.19,3019.82,337,29790886
31474939,AxisPraxisMDS,3246.08,3019.18,926,29790888
2234486,Stikki,3255.82,3018.75,942,29790888
21749745,skythedumbdumb,3334.3,3018.42,-52,29790887
14291412,aestope,3304.73,3017.85,370,29790887
12284603,Witherfied,3377.81,3017.31,362,29790886
13284569,joaquicraft,3456.03,3017.27,81,29790885
1863177,Zatsu-chan,3305.46,3016.10,734,29790887
19877788,Hiromi-Desu,3218.19,3016.04,1034,29790888
18210579,0PiEEeee,3365.97,3015.57,292,29790886
10685929,AlonCV,3323.41,3015.50,682,29790887
14219973,flationut,3533.98,3015.39,-131,29790885
7321833,mantasu,3277.42,3014.82,494,29790887
7877379,45Traeath,3183.96,3013.98,1250,29790888
14706521,Ognjen3800,3380.08,3013.74,284,29790886
5780473,MMBan,3307.11,3013.57,785,29790887
27043475,jumpfarmer11,3249.02,3013.45,49,29790888
4217398,[-Black Sky-],3411.93,3013.24,104,29790886
13637948,SkyElements,3387.48,3013.23,198,29790886
35773159,terabyte1427,3390.5,3012.88,-107,29790886
7869521,ddochi,3252.6,3011.27,973,29790888
624029,Maji,3218.06,3011.17,973,29790888
4271828,[ Denbie ],3365.27,3010.82,290,29790886
12265641,Minnie,3294.08,3010.20,833,29790887
2274171,Pochiko,3329.14,3010.16,490,29790887
15165702,raidellcagape,3198.3,3010.06,1170,29790888
37965217,hhhhmjjh,3361.74,3009.94,274,29790886
37437326,Dranoel02,3144.96,3009.59,483,29790889
10306288,ngocsora,3471.24,3008.78,-22,29790885
27620293,[HR]RalseiMania,3387,3008.69,144,29790886
16684190,Exoyo,3439.54,3007.49,299,29790886
20049088,Luger,3326.52,3007.27,295,29790887
16104161,Minorvv,3297.68,3006.71,84,29790887
3243315,-Akinari-,3186.74,3006.19,1161,29790888
7969342,Negro SanBenito,3334.66,3006.09,383,29790887
7923678,Psicrom,3384.04,3004.16,304,29790886
12866721,Meowne1,3207.86,3004.02,936,29790888
2627194,johnneijzen1,3213.56,3003.67,988,29790888
26386721,minemind,3427.35,3002.72,85,29790886
17687163,milkoou,3080.84,3001.35,134,29790890
22834225,ShortStack496,3243.91,3000.80,774,29790888
30082163,chicken7777,3491.25,3000.62,-27,29790885
13911140,d4efeb,3367.5,3000.61,462,29790886
4038953,mindmischief,3283.88,3000.30,713,29790887
7572326,SoyKoizu,3189.53,2998.39,1101,29790888
12348756,Komawari Koma,3374.36,2997.70,-104,29790886
25205985,Nekatz,3338.8,2997.11,207,29790887
8759768,juanglue,3104.53,2996.61,1008,29790889
14433993,Divo,3362.17,2995.87,176,29790886
740033,Hibe,3281.4,2994.99,783,29790887
776797,Brtiki,3356.07,2994.92,347,29790887
11314928,zohie,3433.04,2994.82,23,29790886
11231683,llmm,3444.21,2994.47,102,29790886
18034078,Esquilo626,3395.56,2992.28,231,29790886
3290660,claudio rolna,3224.9,2991.02,1004,29790888
8505454,[HD]Distinos,3382.14,2990.45,193,29790886
2852269,jmeh07,3212.23,2990.14,990,29790888
34193492,JustMe69,3349.43,2989.04,526,29790887
38508089,Kurumix,3284.41,2988.59,161,29790887
1629916,Leonart,3224.13,2988.49,914,29790888
10885886,Oxey,3278.42,2988.46,636,29790887
16104885,VANILLA KISSES,3346.39,2987.53,67,29790887
18719777,azam213,3151.39,2987.51,788,29790889
5282390,LunaGir,3202.31,2987.49,986,29790888
2117357,nadeko-yamato,3233.64,2986.93,773,29790888
13756084,Rainndrop,3178.76,2986.38,1079,29790889
9645613,][[,3412.12,2986.30,229,29790886
13579544,- N e N e -,3399.41,2985.28,241,29790886
5179557,Hakumo Shiro,3336.76,2985.17,392,29790887
12729486,Leaverwin,3067.14,2984.86,889,29790890
3344493,mauladam,3388.69,2984.52,292,29790886
16935822,021,3265.94,2984.13,624,29790888
14207713,MaXTc,3356.87,2983.61,269,29790887
6290253,benwata,3299.13,2983.39,457,29790887
18373939,joshy_woshy,3421.6,2982.97,-258,29790886
35079462,silly femboy,3424.5,2982.37,180,29790886
16511579,Snowblind_Wolf,3178.41,2980.88,1075,29790889
31125747,YuikoXxX,3376.36,2980.59,313,29790886
2935603,Waif,3223.12,2980.02,817,29790888
15429414,dots_,3302.03,2979.81,432,29790887
15843553,James5590,3312.62,2979.33,458,29790887
8403153,PachoGonzo,3321.96,2978.52,504,29790887
7415573,jonas2o15,3185.32,2977.83,1005,29790888
7977366,Lyfer,3343.48,2976.89,311,29790887
1174962,ChibiValy,3228.23,2975.82,840,29790888
37016420,marouxn,3402.32,2974.83,252,29790886
2669848,iv11M,3167.67,2974.52,1155,29790889
16403865,octa,3371.5,2974.45,138,29790886
3310973,LiliCoanqui,3282.4,2973.93,660,29790887
11099739,InfesTMarine1,3383.24,2971.98,-101,29790886
10385786,4DreadMare,3423.18,2971.89,39,29790886
9946986,Suprnova,3376.02,2971.21,223,29790886
1832442,spice_wolf_hl,3221.59,2971.15,844,29790888
32523374,Blue Way,3448.32,2969.90,-76,29790886
5629671,misterhadrien,3231.2,2969.76,903,29790888
19922606,muweon,3220.21,2969.39,625,29790888
15137659,RiasAsceNar,3144.15,2968.99,695,29790889
10344011,jeeeanbeeean,3267.32,2968.88,260,29790888
2887779,asdf961407,3193.6,2968.81,1012,29790888
14692381,HongKongGuy,3309.22,2968.72,485,29790887
35646635,amalgam,2606,2968.57,112,29790896
37881789,tuxcrafting,3300.24,2968.43,394,29790887
7341183,ASecretBox,3171.52,2968.11,151,29790889
9118891,palomita123,3182.68,2968.03,992,29790888
34700655,hulgodoo,3425.01,2967.85,-31,29790886
1767102,v28s5,3118.03,2967.64,1254,29790889
513834,Katsumi,3344.93,2967.00,335,29790887
826132,Birdy,3176.5,2966.83,1025,29790889
28639641,[GB]mmttyy233,3064.36,2966.56,281,29790890
7637308,ayahuya2135,3280.51,2965.99,484,29790887
251683,Musty,3387.98,2965.43,90,29790886
1619670,awal,3309.69,2964.90,462,29790887
14844574,dksk12345,3190.95,2964.55,974,29790888
8135471,EmilCastagnier,3196.65,2963.68,975,29790888
12173972,Koamutra,3171.68,2962.75,1083,29790889
11766249,killedtime,3232.38,2961.95,827,29790888
8397265,Lilpinecones,3206.1,2961.89,862,29790888
832256,TutePra,3175.68,2961.51,943,29790889
34383436,bxndaries,3414.36,2961.21,-12,29790886
38561180,Fubuki Feet,3356.4,2961.19,267,29790887
15740316,SerialOverwork,3188.21,2960.09,396,29790888
3540520,KizuNyan,3135.86,2959.89,1140,29790889
3561786,ponczek,3105.75,2959.50,778,29790889
8159224,Kyupaws,3254.55,2959.36,791,29790888
3039132,sesr,3228.13,2959.34,848,29790888
1963155,Akai Tenshi,3238.14,2959.13,915,29790888
12223905,Kakurow,3362.1,2958.48,78,29790886
2169426,donjuan_217,3186.04,2958.47,1002,29790888
10859514,JessicaIsHawt,3302.33,2958.30,440,29790887
13346897,Midoriyaa,3251.87,2958.00,609,29790888
17209706,-Aki Minoriko,3324.04,2957.50,357,29790887
5891761,Slyder Issei,3203.9,2954.82,891,29790888
10022358,- Shinomi -,3331.75,2954.44,187,29790887
11853062,Choco1804,3259.03,2954.28,407,29790888
10890019,andrenator,3378.85,2954.18,13,29790886
20252536,Luster_duster,3230.22,2953.87,859,29790888
11294546,G G G G G,3412.01,2953.80,13,29790886
7904667,xidorn,3098.62,2953.01,669,29790890
3974340,Diplomacy,3184.59,2952.86,909,29790888
3621226,-Kamy,3270.42,2952.73,417,29790888
2346532,opptk,3170.78,2952.71,1054,29790889
29224783,KOSHKA_DEVOCHKA,3364.99,2952.25,-44,29790886
32435989,Insomn1ac,3398.89,2951.74,-175,29790886
12972130,CatchCrazy,3372.27,2951.64,124,29790886
10780587,cosmospice,3361.17,2951.59,98,29790886
7728843,MiKoNI,3314.18,2951.51,522,29790887
15378020,Dikiiyeet,3354.05,2950.39,211,29790887
25507233,123321258q,3224.96,2950.06,549,29790888
10247701,LilZigma,3217.64,2949.40,476,29790888
29429252,AppleRank,3473.21,2949.17,-31,29790885
14830991,Luo Tianyi,3355.34,2949.00,71,29790887
6727457,Kirpichik,3298.8,2948.82,534,29790887
11961039,Victoree,3104.09,2948.24,1094,29790889
12277074,Scroll,3117.59,2947.34,171,29790889
801485,slurety,3176.29,2946.89,1000,29790889
15108936,Milim_,3032.83,2946.58,1080,29790890
28691630,Dogetastic,3440.6,2945.97,-66,29790886
20851689,Genesis-_-,3226.51,2945.70,641,29790888
18099139,Bzdish,3226,2945.44,757,29790888
19715904,Maru--,3162.56,2943.76,932,29790889
17130840,rikka,3195.97,2943.36,775,29790888
29420030,LuLuOn144Hz,3197.98,2943.02,819,29790888
11237954,Chovy,3291.22,2942.93,427,29790887
18403466,IvarAAsen,3430.38,2942.79,-177,29790886
5768781,godperfeect,3174.11,2942.69,892,29790889
1654186,ColdTooth,3185.96,2942.36,1039,29790888
34055327,Waaaana,3324.19,2941.85,293,29790887
1245564,[ Shaymin ],3159.66,2938.90,927,29790889
13587867,kris39,3159.05,2936.20,900,29790889
14758501,jellium,3245.79,2935.74,409,29790888
17699745,_Kiruru,3280.36,2935.17,196,29790887
2757081,barteqw,3229.59,2934.16,807,29790888
1588897,0x1ba1ba,3292.78,2933.14,646,29790887
33661543,AC_2309,3065.39,2932.42,1175,29790890
21123732,Mad Clatter,3248.69,2932.36,577,29790888
2021758,Wilchq,3237.35,2931.14,661,29790888
34142393,eireena,3109.26,2929.71,1029,29790889
8435955,April Rain,3145.79,2928.49,865,29790889
10256409,[ Emah ],3230.1,2927.82,603,29790888
11971170,_Meowstic,3293.01,2927.44,61,29790887
32265978,Thenewpx,3360.85,2926.45,100,29790886
21798971,-Deno-,3394.48,2926.35,14,29790886
17543401,fairyxville,3115.6,2925.79,662,29790889
131023,GGplay[N],3147,2924.77,1054,29790889
11999739,Mashuh,3298.3,2924.44,449,29790887
40090669,raphfim,2586.87,2923.75,160,29790897
9253796,valkonet,3252.67,2922.79,479,29790888
7418226,Svu0,3325.63,2921.54,292,29790887
12852613,haerinforever,3336.25,2921.51,35,29790887
22942234,cev,3311.69,2920.74,25,29790887
18499093,- R e i n a -,3161.34,2919.41,851,29790889
13882572,Falling Sun,3295.05,2918.89,239,29790887
19022498,janito,3244.67,2918.47,513,29790888
10721927,skdhw,3101.95,2918.19,893,29790890
9526124,Haru Urara,3210.75,2917.62,266,29790888
15001978,Kinshra,3336.09,2917.52,110,29790887
28402362,GHOSTT,3310.08,2916.73,564,29790887
4506883,Vignette-,3202.4,2916.70,333,29790888
14817211,mrtnz,3295.49,2916.32,300,29790887
38275735,worst osuplayer,3295.93,2916.23,-180,29790887
737592,Typewriter,3084.68,2916.16,969,29790890
13704513,akaisha,3412.35,2915.67,-11,29790886
17823779,Farmer Brown,3400.26,2914.93,-105,29790886
17148442,akumaken,3286.86,2914.90,491,29790887
5977457,blu,3320.58,2913.16,266,29790887
25005597,WhiteePronx,3275.46,2912.24,205,29790887
10445369,craiders,3230.48,2911.97,546,29790888
10753265,Lucasboss24,3160.23,2911.88,761,29790889
36613794,Nymphy,3100.5,2911.70,903,29790890
2836412,LudH2O,3332.94,2911.44,191,29790887
23000665,Nuss,3109.14,2910.62,455,29790889
8088092,shizume,3268.44,2910.54,289,29790888
12295635,Proc,3289.35,2909.71,141,29790887
10602384,Pandikase,3236.45,2909.38,475,29790888
1543247,Rilivity,3249.97,2909.17,392,29790888
25082204,SHMELEBELEK,3356.75,2909.07,85,29790887
37060070,Excelia,2954.87,2908.70,291,29790891
38469594,Neko_5f4m0,3116.47,2908.43,449,29790889
25211624,Elio Natanahel,3338.87,2907.88,154,29790887
1343704,ZerglingGo,3167.45,2906.75,926,29790889
2791179,Carlitos2051,3125.31,2905.60,1008,29790889
4718170,yaboytanner,3308.93,2905.52,228,29790887
479845,Snowyling,3103.94,2905.33,1104,29790889
34498157,yijei114514,3299.96,2902.71,169,29790887
13695950,tjandra,3303.54,2902.66,149,29790887
20932364,whatever,3290.34,2901.78,152,29790887
17771981,delthera,3276.89,2901.75,131,29790887
9670350,dilf,3358.53,2900.92,133,29790886
35600396,LynX6140,3308.48,2900.05,229,29790887
33008308,Aoiakarui,3328.63,2900.04,90,29790887
7105096,Lottichu,3158.43,2899.66,892,29790889
9610760,Hana Ichinose,3192.92,2898.81,244,29790888
3945273,Supersonic12,3141.03,2898.38,713,29790889
1397764,ExoSpheRe,3122.72,2898.26,1014,29790889
9019146,Daxie,3254.86,2897.64,570,29790888
3627373,-96Neko,3121.98,2897.36,991,29790889
27887520,Foz3ks,3357.26,2896.47,133,29790887
695452,Pitapan,3109.01,2896.28,950,29790889
5774467,lefrutit227,3280.81,2895.38,171,29790887
956109,cloud96,3150.62,2894.76,917,29790889
24878729,NDF4T8,2836.44,2894.65,222,29790893
8583273,TappaT,3305.2,2894.50,275,29790887
423913,-BKS-,3137.13,2893.75,905,29790889
11879107,Jerr,3274.07,2892.62,209,29790887
2884539,RenchonET,3248.04,2891.53,250,29790888
2250159,Dark_Reiko,3066.34,2891.45,1189,29790890
6503338,AlexMft,3122.6,2890.46,838,29790889
7282001,Nonemu,3213.17,2889.72,572,29790888
728281,M i t s u k i,3127.7,2888.68,942,29790889
8922352,WAIAz,3271.87,2887.05,126,29790887
14065537,retunes,3394.11,2886.88,-45,29790886
39509474,masterinio45,3366.96,2886.25,10,29790886
1471041,RTM808,3163.16,2885.58,712,29790889
19148438,K8107,3290.79,2885.27,148,29790887
39305910,JustGrxgory,2982.86,2884.98,99,29790891
14889117,SlySlacker,3284.65,2884.90,265,29790887
13359872,[MY] Ril,3317.64,2883.54,122,29790887
11995369,Sundaeyu,3263.93,2883.47,344,29790888
8320124,Jaxens,3155.92,2882.91,27,29790889
1622139,neth-,3241.43,2882.78,206,29790888
29803350,Slowpoke164,3283.19,2882.49,343,29790887
20879846,rftftutfgyiktgy,3225.85,2882.22,439,29790888
13735101,sxnchou,3158.54,2882.22,524,29790889
9784248,AhoUsagi,3323.8,2881.98,159,29790887
9037940,_Akina,3196.45,2881.20,522,29790888
3256745,Netizz,3241.18,2880.91,308,29790888
2700893,emfkrhs15,3103.19,2880.58,828,29790889
2035344,ConieSan,3158.11,2880.57,519,29790889
33816509,Star Magnolia,3281.65,2878.76,159,29790887
22397272,MoonBuni,3050.96,2877.46,1101,29790890
6661147,Tazaru,3172.65,2877.41,682,29790889
6115166,CasiNoVaGames,3096.68,2877.15,781,29790890
7296718,- Albine -,2916.67,2876.96,941,29790892
2156531,Fuu-chan,3169.63,2875.70,726,29790889
14072678,hornedlove,3309.15,2875.43,37,29790887
1461662,Hitosi-,3093.82,2875.22,981,29790890
24575876,DinoAgent,3097.72,2875.20,909,29790890
10555310,Seranu,3236.82,2875.03,245,29790888
1689986,mfw,3019.22,2872.05,830,29790890
4025337,Hau,3106.99,2871.69,797,29790889
16530364,[LS]Sagirium,3250.28,2871.54,259,29790888
9240456,Ziul-san,3014.61,2870.95,764,29790890
16197009,ThePurpleExpert,2677.64,2870.10,39,29790895
9963171,Nieznanaa,3287.97,2869.35,286,29790887
17787564,AnZaaayy,3253.13,2869.26,-1,29790888
8858569,Kometa-san,3235.98,2869.26,341,29790888
14681663,lophenix3,3182.09,2869.26,398,29790888
11073130,[GB]YooLi,3065.27,2868.88,242,29790890
22285714,k0tenka,3102.08,2868.24,903,29790890
8851745,TheMack3499,3174.42,2867.61,645,29790889
10154324,Toto-,3268.91,2867.42,248,29790888
16395459,bignoob69,3327.22,2866.81,-8,29790887
3618427,SirEdwardo,3300.71,2866.79,39,29790887
6978158,JKRoger_,3124.12,2865.57,939,29790889
18761478,afrodita4ka,3146.79,2865.29,572,29790889
9731992,Blacc Cat,3288.62,2865.24,189,29790887
7741691,IamXeta,3064.16,2864.80,322,29790890
32985731,Shadox069,3211.49,2864.76,507,29790888
3751796,thekaiserx,3107.91,2864.68,764,29790889
14859763,Deso,3192.27,2863.40,216,29790888
25863417,DragonNyte,3213.92,2863.38,347,29790888
2179386,Inui Sana,3108.23,2863.04,960,29790889
15599890,Tissousle,3289.03,2861.86,167,29790887
1014890,Naanek,3108.14,2861.56,928,29790889
12010826,mask OMG,3167.11,2861.25,610,29790889
14351534,Seiran-,3035.53,2861.20,110,29790890
16779488,Feeqzo,2830.67,2860.95,210,29790893
1313887,Mugiri,3069.68,2860.90,976,29790890
28899712,HappyDizel,3236.94,2860.34,387,29790888
28570994,darkflightdream,3240.03,2859.05,189,29790888
26365065,NTTTGT,3017.36,2858.82,943,29790890
8861374,Sognametal,3010.15,2858.30,868,29790891
5492259,[-MrBlack-],3109.51,2856.86,754,29790889
14569783,Starxingchenc,3274.64,2856.51,70,29790887
13054740,Saku sL05,3160.01,2856.25,775,29790889
31385226,Frisie,3338.25,2855.87,-88,29790887
3505622,kliverrrr,3145.13,2855.40,468,29790889
16093873,Dminh1,3127.14,2855.25,432,29790889
4661168,Axzaqt,2943.52,2855.17,931,29790891
6689707,Akalson,3105.82,2853.40,879,29790889
9823378,Shiena,3168.66,2853.37,197,29790889
7316776,Yountai,3108.87,2853.06,548,29790889
35002144,[LS]wfc,2990.66,2852.66,-117,29790891
36335404,JOIOP,3306.09,2852.09,-79,29790887
34693820,skeet,3315.45,2851.34,234,29790887
13409055,justll,3019.59,2851.26,380,29790890
38145163,-Chloe-,3299.57,2850.63,84,29790887
23178538,-KoriFangirl,3223.62,2849.67,162,29790888
36644121,randomuser727,3224.21,2849.29,171,29790888
7003013,Muziyami,3142.74,2849.00,372,29790889
8342486,Melier,3052.68,2848.32,987,29790890
19763323,Azexru,3137.9,2848.08,597,29790889
19215895,Reallysneaky,3188.03,2847.53,417,29790888
13104856,1Nuttelinha1,3208.96,2846.51,193,29790888
7216556,durex,2980.73,2845.23,-63,29790891
16327107,Marekse,3174.71,2844.67,557,29790889
18380877,ztyan,3273.79,2844.14,151,29790887
2790640,Kurisu Makise,3156.37,2843.54,511,29790889
5906829,Shon19,3069.39,2843.19,974,29790890
36744970,bulcuber,3024.46,2843.15,439,29790890
6429020,AdafeR,3116.23,2842.88,759,29790889
26952702,matcha greentea,3105.65,2842.88,853,29790889
1124392,Furiowa,3055.02,2842.07,1121,29790890
8338483,Captain Shippai,3221.45,2840.00,415,29790888
15730012,Mentchan,3252.29,2839.84,455,29790888
35958248,kur0na_,3021.56,2839.18,50,29790890
9043957,Coal,3177.18,2838.84,262,29790889
4648329,Kolo71,3106.35,2837.65,736,29790889
17932840,Modern,3078.34,2837.42,420,29790890
20261865,KaibaKenji,3128.34,2837.28,434,29790889
2008625,KatsuOrihara,3064.56,2836.16,1023,29790890
6510228,DavinLim,3008.35,2836.12,875,29790891
14873425,venezzio,3138.52,2835.48,603,29790889
36610124,ShellSama,3081.4,2835.01,830,29790890
25270365,usupinkmagic,3054.44,2834.39,1037,29790890
33830062,MaxLee1011,2771.28,2832.69,-71,29790894
1926134,bvrieivewvw,3257,2832.00,410,29790888
21520031,I owob,3224.32,2831.74,0,29790888
37878431,k32,3040.27,2830.86,364,29790890
17973703,hermestia,3177.02,2829.67,334,29790889
3600493,damicar00,3193.26,2829.49,358,29790888
12165328,yadno,3219.42,2829.18,233,29790888
11188585,LilithNephilim,3264.78,2828.92,119,29790888
15918651,TrialistiC,3276.09,2828.38,20,29790887
11413336,zaoDayo,3239.83,2826.46,188,29790888
24903923,lordx14,3147.99,2826.05,574,29790889
23925029,Kyros_,3242.52,2825.96,-46,29790888
38392415,Elrynn,3165.62,2824.91,503,29790889
14590071,layarii-,3209.28,2824.83,213,29790888
22747806,na7yuta_osu,3192.14,2824.36,96,29790888
1469095,SpeedKomodo,3042.68,2824.07,973,29790890
33408206,wunderderek,2147.95,2823.42,25,29790906
17182568,_FLX_,3109.72,2823.40,551,29790889
3276678,____ReFFeN____,3087.66,2823.38,925,29790890
4490105,Inori Yuzuhira,3172.77,2823.25,568,29790889
11018711,SantaHelena,3194.3,2822.93,218,29790888
38598416,Scrafty,3272.21,2822.87,229,29790887
34819159,TIMYP,3244.54,2822.87,96,29790888
14595209,maxb,3329.22,2822.70,-5,29790887
11898245,Andoris,3156.49,2822.64,62,29790889
24566761,charline_hlo,3303.18,2822.57,-30,29790887
434917,MisakaMikoto,3056.94,2822.48,958,29790890
26787288,-Megumin-,3138.09,2822.45,241,29790889
12794319,discorrd,3002.22,2822.28,1040,29790891
13365170,Kala Kala,3161.76,2822.11,497,29790889
38287939,CYBDMINH123,3206.45,2821.90,323,29790888
5174208,Kl2iTTiRiN,3198.7,2821.35,428,29790888
3323050,xNai,3101.47,2820.78,711,29790890
4688712,Blackgato9,3003.67,2816.96,810,29790891
27722071,imba2005,3086.93,2816.65,775,29790890
4783389,Sroj,3093.52,2816.47,310,29790890
16462012,cheesestingy,3207.27,2815.44,136,29790888
14520490,IiiyeahnD,3078.8,2815.26,685,29790890
12473831,FluffGup,3118.15,2815.17,360,29790889
6324133,the_aaron5,3207.08,2814.88,172,29790888
8211461,Umatza,3250.78,2814.29,78,29790888
1486319,Choco,3032.94,2813.60,992,29790890
5074981,Schmooky,3095.4,2813.42,764,29790890
7954112,Scaredmilk,3242.88,2813.25,126,29790888
5351665,Excjuse,3166.16,2812.55,299,29790889
16728619,Farnese,2484.44,2812.24,-106,29790898
8624784,Shikuraminoto,3145.06,2811.83,517,29790889
22666228,Xstroyer,3002.58,2811.22,286,29790891
4360087,Aswino,3116.94,2810.17,593,29790889
3038100,wolfenstian,3025.47,2809.35,955,29790890
36703297,jsteel2,3142.66,2808.97,-8,29790889
27997446,WINIPUX,3223.05,2808.40,35,29790888
2650809,ab123456,3006.69,2808.14,1060,29790891
12848864,bvgel,3204.4,2806.95,147,29790888
4769829,Player 9,2980.24,2806.89,940,29790891
12130756,syringeofheroin,3193.48,2806.67,22,29790888
17785585,HontNog,3163.67,2806.06,269,29790889
4777463,Floweriz,3102.94,2805.99,597,29790890
18106599,Kuiby,3067.95,2805.90,361,29790890
37040838,GreenBeast,3024.09,2805.43,1107,29790890
25064803,-ekoro-,3111.91,2803.73,502,29790889
11547671,Corleone12,3129.02,2803.39,549,29790889
9033338,Ralts,3216.56,2802.76,74,29790888
10803814,Shino_,3206.68,2802.72,326,29790888
4529349,Gil,3132.16,2802.22,590,29790889
37926739,sauricat,3220.33,2801.14,50,29790888
25106029,xenai,3101.74,2800.96,318,29790890
27320975,PurpleDream_,3267.83,2799.53,-89,29790888
4895573,SILBERfische,3010.48,2798.62,1019,29790891
7106297,Dilophosauce,3097.12,2798.52,593,29790890
2937451,CodexLink,3006.61,2798.47,872,29790891
28569116,F0rge,3143.48,2796.63,109,29790889
13806900,Doug,3157,2795.51,393,29790889
38029814,hewais,3173.99,2795.17,155,29790889
14050018,Gomen Yuuka,3009.4,2794.47,907,29790891
16446177,FSub,3089.31,2794.40,260,29790890
12801699,Niik,3001.93,2794.31,645,29790891
36927072,miwatarikageri,2935.06,2794.16,94,29790891
1531822,Cyute,3032.45,2794.01,891,29790890
24894204,Rinley,3177.27,2793.37,104,29790889
10505373,LunaKara,3169.93,2791.22,363,29790889
558019,Ruidoso,3028.92,2791.14,896,29790890
892170,TheGODJK,2990.75,2791.00,1099,29790891
9239371,ToxYuu,3114.08,2790.70,503,29790889
20838817,frem1234cats,3061.52,2790.60,498,29790890
13061416,GoSQDawid,3188.29,2790.45,300,29790888
13702619,help18,3209.54,2790.16,180,29790888
464889,MoodyRPG,3044.95,2789.86,893,29790890
19141458,_Bartusieq_,3059.53,2789.51,201,29790890
2268841,Menart,3026.45,2789.05,914,29790890
18704162,Joon Yorigami,3129.92,2788.45,342,29790889
8186537,iiFFoxIsabelle,3127.35,2787.33,553,29790889
17910128,ShizuranFlazer,3114.35,2787.23,422,29790889
35753560,yrmydriay,3100.85,2785.70,513,29790890
5425046,Vespirit,3096.22,2785.48,658,29790890
10243374,[Calann],3222.41,2784.98,163,29790888
13832907,morio04,3158.67,2784.49,134,29790889
11411697,alemagno333,3090.03,2784.17,640,29790890
829125,Dibbbz,3002.05,2783.84,1048,29790891
11014844,weh,3223.18,2783.74,117,29790888
10567071,- Pop -,3173.49,2783.74,169,29790889
25933344,ellison123,2851.3,2782.99,649,29790893
31851527,coconut123,3058.93,2782.84,661,29790890
9915198,[ Verre ],3086.3,2782.56,543,29790890
38493499,canaca,3028.34,2782.39,802,29790890
13837396,RealDeathmatch,3156.71,2782.32,297,29790889
36676493,zoroa_,3119.28,2781.73,-175,29790889
902830,Arkine_old,2997.63,2781.23,892,29790891
3764268,pheye08,3022.06,2780.17,852,29790890
959763,Flask,3080.06,2779.58,780,29790890
17888268,Luv2Mars,3173.27,2778.22,103,29790889
9272314,sariaa,3170.03,2777.22,-174,29790889
37408116,Nani2000zx,2778.25,2776.99,785,29790894
2424372,Diana Zaharia,3055.19,2776.91,672,29790890
27583694,nobii,3143.26,2776.59,213,29790889
29845910,scarlet2006,3018.58,2776.14,887,29790890
19476458,raiderlul,3239.91,2775.80,-39,29790888
33972533,prurq,3030.81,2775.77,769,29790890
5038956,Minecraft s,3204.54,2774.99,80,29790888
39508851,merusu,2839.46,2774.70,48,29790893
8820986,Bunny Yuu,2921,2773.96,863,29790892
13101194,noiwonteat,2941.74,2773.85,1067,29790891
14248998,nhathuy010,3155.86,2773.53,246,29790889
39796297,ImNotAMHfan,3002.86,2773.50,403,29790891
11705656,Mikanam,3092.49,2773.37,143,29790890
6387858,Magical girl,2966.01,2773.11,1151,29790891
35163443,hrstk,3168.28,2773.01,192,29790889
7205770,Metalala,3045.25,2772.94,690,29790890
15901023,Exodos,3152.12,2772.87,315,29790889
34515345,kaysluv,3090.67,2771.10,229,29790890
1114925,LUCAS LEONARDO,3001.01,2770.95,936,29790891
17623763,999 Faith,3139.83,2770.86,446,29790889
3770910,8Sargeras8,2998.05,2770.30,1022,29790891
9511518,351,3198.12,2768.65,154,29790888
12985528,Six Sevenek,3232.82,2768.57,75,29790888
32455566,Nembus,3265,2768.34,-104,29790888
16671468,worsthrtplayer,3134.59,2768.23,206,29790889
4112760,Apicots,3068.01,2768.22,722,29790890
7561645,juegosdros,3145.62,2768.05,227,29790889
13730858,AhMeowcus,2949.81,2768.02,800,29790891
5532771,rock time,3195.72,2767.88,174,29790888
36308044,Viet Nam,3232.49,2765.28,18,29790888
13117671,Andi Tafel,3217.88,2765.06,110,29790888
7859170,Pihe,2968.53,2764.60,774,29790891
2409559,Blue-misty,3074.18,2764.28,666,29790890
8417224,ClivetheBird,3158.92,2763.89,390,29790889
8631686,[Akemi Homura],3120.55,2763.54,250,29790889
14312788,JEYPICK,3222.87,2763.27,-36,29790888
1004794,body_las_vegas,2992.58,2762.80,851,29790891
6149947,Hranolka,3181.07,2762.16,45,29790889
1570273,S800,3014.09,2761.35,792,29790890
4454003,ASUKA_AYANAMI,2944.62,2761.16,1151,29790891
15232470,Syni-,3128.05,2760.16,381,29790889
23088648,Lumunkel,3244.25,2759.35,-182,29790888
31233024,daxakbb,3258.5,2758.47,-119,29790888
9704802,zekk,3128.95,2758.24,63,29790889
30218532,wawa1337,3165.94,2758.14,139,29790889
12204714,Sorashadoww,3028.25,2757.83,838,29790890
4815717,Feerum,3135.06,2757.64,332,29790889
1689403,Satteline,2943.34,2757.46,1123,29790891
5059467,PineAplle_Music,3070.17,2757.14,306,29790890
15133123,624,3263.47,2756.54,-239,29790888
3966960,Chiezuu,3052.15,2756.51,716,29790890
8352854,caradez,2958.69,2756.49,714,29790891
10263620,yGodetZ,2924.43,2756.12,881,29790892
14814265,[Paw]Baizi233,3149.98,2755.69,182,29790889
10426959,Jason OuO,2778.45,2755.22,209,29790894
23710303,EmerProx,2993.83,2754.83,908,29790891
18576894,digga,3178.05,2753.81,-56,29790889
11201828,Bad Cat,3095.78,2753.36,481,29790890
15449676,Pururin2000,3000.58,2752.39,796,29790891
12172020,a09652331,3081.12,2752.29,223,29790890
37321118,RunbuddyXIIX,3149.72,2752.04,224,29790889
24220916,ItsTopogigio,3015.21,2751.96,611,29790890
1294794,Yoosu,3043.51,2750.49,627,29790890
34398555,Gaalia,3097.99,2750.31,245,29790890
4940698,Xoretra,3086.15,2750.24,158,29790890
19250061,CuuDen3706,2977.82,2750.16,811,29790891
15307686,HarmonyIsDead,3105.51,2749.51,324,29790889
9562206,Mishvin,3170.19,2749.25,216,29790889
14689175,ashywhy,3126.18,2748.86,270,29790889
10416266,Nexoto0w0,3154.02,2748.41,85,29790889
23701850,verzter,3046.17,2747.23,435,29790890
2987599,alonsospro,3001.11,2746.26,876,29790891
7153255,HAIEX,3071.37,2746.25,444,29790890
11220670,Kmiotek,3013.33,2745.76,283,29790890
19279322,Natalie-_-,3031.39,2744.40,449,29790890
23295130,AlphaCentauri24,3043.94,2743.77,235,29790890
14344720,Danky,3047.38,2743.49,593,29790890
1171791,Luxac,2933.46,2742.24,1062,29790891
15925874,PikaGirl1st,3027.35,2741.62,730,29790890
8696840,Necropolis12,3073.6,2741.52,414,29790890
1791692,Mandy_Scarlet,2972.17,2741.33,949,29790891
15870566,NikoOAO,3130.31,2741.16,184,29790889
3308934,ericerlinay,2974.23,2740.64,917,29790891
9216705,Udong420,3183.3,2739.96,-12,29790888
23694332,RamSenpaiTZY,3148.38,2739.20,251,29790889
10881788,i love cats,3168.76,2739.05,354,29790889
23166389,Ayasee__,2886.84,2738.18,784,29790892
15222015,wadatsum1,3046.36,2737.63,570,29790890
32918603,Mikaela6247,3000.24,2737.58,819,29790891
10030328,Parsee,2989.35,2736.94,794,29790891
20953140,Gajardoh,3126.94,2736.34,176,29790889
6388314,l-Nico-l,3005.16,2736.34,928,29790891
17435793,konexiak1,2951.71,2736.24,625,29790891
8397538,MoeMoe,3134.91,2735.72,243,29790889
18658630,Prinow6,2564.27,2735.67,80,29790897
10509387,AJ1703,3034.89,2733.70,490,29790890
28324444,sgl_,3186.22,2732.84,2,29790888
6947488,Maerthyu,3103.11,2732.18,309,29790889
15825134,Furorem,3152.4,2732.07,291,29790889
36628153,satanyahs,3050.18,2730.60,570,29790890
31750399,ZIZOU-REMIX,2952.23,2730.46,856,29790891
3273012,Impossible_3,3006.15,2730.07,742,29790891
11997672,Kitaooji Karen,2972.39,2729.59,704,29790891
11356152,NoAimSkillz,3090.15,2728.90,337,29790890
20569125,Naphadon,2960.73,2728.79,964,29790891
8577466,Aiisaka,2894.13,2728.69,306,29790892
26326105,spravka_,3151.92,2728.68,200,29790889
18846228,Kakagawa,2736.77,2728.44,697,29790894
26909199,-Eat-,3100.71,2727.23,83,29790890
22555593,Ayaovi,2951.35,2727.08,951,29790891
28080038,TheWorstMapper,3167.88,2727.01,-49,29790889
14035920,Rikuima,3063.59,2726.57,448,29790890
27161397,v5k,2987.2,2726.14,500,29790891
22605430,Specsalt,3173.85,2725.37,12,29790889
5139042,Mekki,3127.93,2725.24,188,29790889
24168987,tngallo,2906.88,2723.94,247,29790892
35694938,MeGmi,3080.4,2723.21,-42,29790890
24429661,plusFlower,3015.34,2722.47,428,29790890
23805648,LingYuanOvO,2850.12,2722.25,363,29790893
3765760,Krokieet,3007.85,2721.59,744,29790891
14028426,sawako01,2979.26,2721.25,730,29790891
13962152,creator,2935.79,2720.90,19,29790891
31904323,GamaX,3065.21,2720.62,411,29790890
10154750,-EventryRidz-,2899.97,2720.62,1019,29790892
12544568,zNTautO,2938.81,2720.57,828,29790891
4353711,Dessert,3015.54,2720.36,672,29790890
4850066,Can,3166.26,2720.07,-21,29790889
37048986,Xontew,3092.24,2719.35,-83,29790890
24101508,devilsadvocate,2814.56,2718.60,623,29790893
4869970,Dex-OW9,2904.15,2718.26,956,29790892
4141918,Thundur,3143.02,2717.82,14,29790889
19083199,kekwait,3031.69,2717.77,492,29790890
30160132,Comatose,3161.65,2717.64,24,29790889
17560269,Lubna,2982.03,2717.35,505,29790891
7014714,[ISLA],2893.75,2716.75,843,29790892
21622646,Scaryz,2263.94,2714.97,43,29790903
5370215,Nekan,3116.03,2714.89,61,29790889
3212594,buttface123,2876.52,2714.59,1139,29790892
1334315,haley,2942.42,2714.20,940,29790891
2804737,HPsychon_Altair,2859.6,2712.77,998,29790892
15435143,Yumetu,3091.37,2712.70,173,29790890
8972795,Lyseria,3053.13,2711.92,667,29790890
24597990,Enchantress,3124.88,2711.67,268,29790889
4768165,Lyonlancer,2938.96,2711.63,979,29790891
38556486,qwko,2838.99,2711.17,158,29790893
615027,ku-tan,2925.32,2710.81,957,29790892
3489801,teheart,3001.69,2710.31,674,29790891
18025320,MihashiRenRen99,2921.55,2710.26,861,29790892
7716804,xxh21,3009.3,2709.75,359,29790891
21091346,MochaLeah,3200.71,2709.25,-157,29790888
1726654,Ulilliel,2904.92,2709.24,413,29790892
24378436,KleinTuzi,2929.21,2708.54,990,29790892
6264206,kemdaosa,3082.62,2707.95,361,29790890
22062661,Quokka -,2930.96,2707.91,904,29790892
34989797,Daxtag,2765.89,2707.38,42,29790894
9336088,Usugi-san,2914.34,2706.86,1002,29790892
11660870,Vello,3152.97,2706.70,144,29790889
13033390,yuda666,2900.26,2706.45,1101,29790892
9033607,NokChaLatte,3106.44,2706.33,175,29790889
7908495,Occare,2915.55,2705.95,1053,29790892
3155508,Farmeus Maximus,2940.88,2705.71,1011,29790891
13478044,Ranhd,3112.43,2705.30,-167,29790889
7036044,tarik2016,2933.25,2705.09,960,29790891
7860283,Summit_,2985.06,2704.72,292,29790891
5340706,yu9i009,2847.63,2704.58,1052,29790893
5981443,Davidozzo,3067.38,2704.17,428,29790890
20407661,straszna,2996.64,2704.08,640,29790891
18331055,alexis6238,2999.02,2703.92,740,29790891
8994281,Hikkikimori,3017.6,2703.27,622,29790890
1198185,Kataclyzzzm,2932.31,2702.44,968,29790891
1836779,Ryuji-Uchiha,2859.88,2702.35,657,29790892
25201840,paspan118,2884.72,2702.31,1047,29790892
16245573,River Plate,2958.94,2701.99,660,29790891
37082384,_Runa_,3107.53,2701.55,202,29790889
14663983,kneshio,3129.54,2701.16,-277,29790889
6514172,promothor,2974.39,2700.73,630,29790891
8385800,Ellie Rainey,2939.89,2700.40,759,29790891
31255727,BIGT666,3122.29,2700.19,59,29790889
4190137,Frozen Dragon,2966.07,2699.90,785,29790891
11357207,these,3083.12,2699.45,221,29790890
712114,cwes0615,2912.31,2699.02,943,29790892
15299815,Delfries,3117.84,2697.92,162,29790889
14299565,macanek,3074.3,2697.84,317,29790890
2317120,Ngaziki,2987.95,2696.25,651,29790891
14631389,RyuDin,2907.53,2695.91,664,29790892
6386735,nuthing,3019.01,2695.00,236,29790890
10392025,cog7,3021.76,2694.62,136,29790890
16863055,KMRLY,2970.16,2694.07,618,29790891
13196066,Batu,3051.72,2693.86,19,29790890
2207964,Ms KRAKEN,2918.87,2693.85,959,29790892
7264102,Judaiime,3040.04,2693.62,542,29790890
3256659,Kennyth,3031.87,2692.97,555,29790890
10119845,cute boyfailure,2991.27,2692.51,275,29790891
7804181,princealbert10,2944.21,2691.90,863,29790891
4880672,NurseHyperion,3015,2691.78,454,29790890
1825634,nojao,2703.3,2691.53,856,29790895
14231296,zhuangb,2923.33,2690.25,820,29790892
2479487,PatZar,2955.62,2690.22,825,29790891
3684667,DangoNya,2929.43,2689.62,784,29790892
28379277,Noop_199200,2779.8,2689.37,-113,29790894
27872171,Pusha T,3078.15,2689.22,370,29790890
30787329,Retrolive,3124.73,2689.11,328,29790889
5789945,Batmine_Girl,3032.56,2688.41,582,29790890
16167756,Yanno,3038.2,2687.06,242,29790890
12702242,Yokieo,3042.81,2686.50,440,29790890
35420176,S801228,2816.72,2685.55,291,29790893
2363562,gohan ball z,2955.77,2684.73,873,29790891
27393499,DazzBao,2984.86,2683.76,546,29790891
4911152,Aeagis,2865.2,2683.65,695,29790892
14001000,Paraxia,2988.85,2682.69,389,29790891
20727748,RiseezV6,3007.56,2682.64,225,29790891
19409866,sllIty,2981.97,2681.71,525,29790891
36401158,Hikimaro,2815.34,2677.53,223,29790893
8709852,lokininey,2845.4,2677.40,1110,29790893
18252670,dylanseggsy,2972.25,2676.54,86,29790891
16465883,zyuraa,3139.69,2676.12,-25,29790889
17371223,uhzyk,3065.84,2675.85,300,29790890
10125968,NerfeZ,3008.11,2675.69,288,29790891
39508066,misericordiam,2957.28,2675.39,6,29790891
7498025,nazarune,2982.64,2674.38,582,29790891
10229523,limlite,2575.29,2674.29,1,29790897
7994819,WangleLine,3085.47,2673.99,160,29790890
7752339,zero199342,2974.08,2672.52,538,29790891
18485043,SayaPemainOsu,2952.95,2672.46,645,29790891
24685332,Majiikaja,3049.3,2672.17,190,29790890
4437449,[-Astuciiio-],3035.26,2671.27,285,29790890
8749804,simbionia,3047.47,2670.75,210,29790890
18013478,temper_t,3096.05,2670.63,-19,29790890
4159873,Acetylcholine,3067.6,2670.47,317,29790890
10660738,Ganondorf,2922.82,2670.19,800,29790892
8265751,randomencounter,2904.03,2670.17,850,29790892
9745594,Shereteddies,3031.47,2668.07,398,29790890
11888784,fersita,2952.73,2667.84,712,29790891
34099027,MiuOtter,2748.94,2667.78,-127,29790894
18703956,Kuru uwu,2851.81,2665.53,849,29790893
12258658,Tsfury,3015.41,2664.66,86,29790890
206314,mariosso5o,2846.44,2663.73,1076,29790893
2894358,noob on ctb,2994.46,2663.68,496,29790891
20740438,Xtream1500,2948.13,2663.37,652,29790891
4437004,Praw,2953.92,2663.36,708,29790891
13736238,aceredshirt13,3006.94,2663.20,458,29790891
1180906,rlagusrl79,2900.61,2663.08,806,29790892
12338300,Areager,2918.71,2662.97,775,29790892
1767638,Mint Tea,2910.06,2662.94,849,29790892
6048907,Ros3sDark,2900.42,2662.74,110,29790892
5012467,Naoum24,2736.04,2662.10,1034,29790894
300524,[ZooM],2854.83,2660.76,1096,29790893
36785861,Optimistic,3040.15,2660.50,348,29790890
21488436,Pyroman12,2908.42,2659.78,912,29790892
37956961,lord cs,2973.82,2659.34,72,29790891
12453973,Overlain,2979.91,2658.71,539,29790891
28321469,hjjk,3031.98,2658.38,379,29790890
4441672,TosKano_0,2896.67,2657.97,805,29790892
37160852,ctbplayer91,3034.26,2657.51,245,29790890
25313394,mel gibson,3005.57,2657.48,498,29790891
32091756,_GD_,2838.34,2656.30,189,29790893
2498438,Yokune_Ruko -3-,2920.7,2656.09,788,29790892
889372,Shippon,3000.34,2656.06,450,29790891
8371817,imnogoodatnames,2858.23,2655.76,1132,29790892
25509029,lucky8,3039,2655.56,361,29790890
4135864,CrunchDrop,2917.68,2655.07,768,29790892
10087725,Superrsee,2949.09,2655.01,615,29790891
5569341,Rossi,2850.79,2654.33,1132,29790893
39670364,Syial,2793.15,2654.20,205,29790893
30021638,filipex13,3105.17,2653.51,-33,29790889
20120615,Pipipupu997,2958.1,2653.47,174,29790891
19182047,son aen,3009.16,2653.30,472,29790891
1641011,kurox-kamix21,2882.35,2652.23,897,29790892
1911629,francokurosaki,2913.25,2651.84,762,29790892
7864787,LordKirb,2915.96,2647.24,742,29790892
13724355,Terylene,2829.45,2646.56,935,29790893
2089171,Nep1une,2896.22,2646.46,265,29790892
37089161,dyna_,3070.11,2646.37,-131,29790890
11841691,NekoKanekiKen,3002.39,2644.43,369,29790891
24520265,Yuyu Asako,2904.45,2644.11,181,29790892
20961071,Kure_a,2868.13,2644.04,386,29790892
3359654,HiroM,2939.36,2643.73,562,29790891
2622505,xxperigosoxx,3046.76,2643.66,160,29790890
19305664,sdgolv,2876.87,2642.74,664,29790892
17951681,Grimzy on 60hz,2930.72,2640.89,708,29790892
12019403,NeonShroom,2998.89,2640.68,271,29790891
20016795,zyluu,3001.62,2640.49,293,29790891
7381480,SimoneMelli,2981.48,2639.56,581,29790891
7988523,ReisenTheYokai,3028.41,2638.84,380,29790890
7374700,My Angel Kongou,2731.87,2638.80,31,29790894
16307486,loriqeet,3038.12,2638.65,138,29790890
10288182,christroller360,3016.54,2638.50,254,29790890
7111931,barrost4[Ghoul],2934.1,2638.16,664,29790891
11146934,Omaru Polka,3025.31,2638.12,304,29790890
4914235,xiaohu23,2798.04,2637.51,291,29790893
8072836,Lunatick96,2892.49,2637.27,965,29790892
25484428,rafroad,2885.87,2637.08,755,29790892
14773176,bruhdemi,3008.87,2636.40,332,29790891
37795519,TwinTailsKR,2849.7,2635.62,176,29790893
12093754,DiggityDog44,2974.79,2635.20,395,29790891
32246015,Nekish,2917.57,2634.98,367,29790892
27785476,siafisa,3015.68,2634.95,323,29790890
25234510,xKitochen,3050.61,2634.81,139,29790890
5432906,Scrooper,3035.66,2634.76,374,29790890
14223255,Serialized,2923.85,2634.58,53,29790892
9833041,Neko4live,2830.24,2634.10,1013,29790893
18567639,lemon grenade,2700.5,2632.58,809,29790895
2926623,[ L i n a ],2984.29,2630.83,239,29790891
1166504,ignacya,2889.48,2630.79,819,29790892
29213424,kairey,3062.17,2630.30,-33,29790890
4665970,crystalqat,3061.12,2630.06,27,29790890
16317924,someramdomeguy,2932.39,2629.58,234,29790891
6754207,animevocaloid12,2859.49,2629.44,968,29790892
4418156,parane,2844.25,2627.52,958,29790893
6867582,Daumu,2963.5,2626.74,419,29790891
5476181,Rorroh,3012.86,2626.73,175,29790890
1296819,furaichi,2748.23,2626.72,768,29790894
9288994,RafaSan,2815.93,2626.31,953,29790893
34518973,tyokop877,2949.73,2626.28,100,29790891
12178127,z_quji,3060.66,2625.47,122,29790890
18804001,Aoi Katsumi-,2990.39,2625.23,183,29790891
5112862,nosoyspartan,2908.28,2624.92,539,29790892
11942559,Matzemau,3089.81,2623.52,44,29790890
3415852,Terious,2872.88,2623.52,852,29790892
30870258,Anthony2308,3056.56,2623.20,21,29790890
19445999,wwowie,2987.29,2622.70,251,29790891
15716075,Puppet,3030.58,2621.66,208,29790890
8197253,Franco119,2745.24,2620.56,688,29790894
9521509,eralfehT,2837.29,2619.20,924,29790893
6656999,Hatsune seenku,2927.43,2618.60,183,29790892
2305193,AyCob,2851.71,2618.42,862,29790893
10507706,young leosia,2942.95,2617.87,31,29790891
17293204,phyllis_uwu,2990.45,2617.82,169,29790891
4599931,Etri,2876.08,2617.72,588,29790892
10271127,luvlychan,2853.61,2617.59,721,29790893
6163410,krujka,3011.87,2617.24,226,29790891
12871335,Rubydear,3034.5,2616.40,109,29790890
39271760,Sunshine520,2503.04,2614.81,826,29790898
13900554,gvxxi_,2897.77,2614.80,390,29790892
39980981,DRTTWC,2799.69,2614.80,126,29790893
6804354,asdfmovi,2906.4,2614.52,696,29790892
13371904,rogago,2641.23,2614.16,744,29790896
6214348,[L]evi,3010.07,2613.22,259,29790891
34086374,aawk,3030.34,2612.35,161,29790890
7137555,[micky],2894.72,2612.34,677,29790892
24885128,AUGUSTMAY,2986.37,2612.04,21,29790891
11610071,dj xroz,2912.85,2611.87,644,29790892
5136016,monkmanism,2847.57,2611.74,770,29790893
16790864,Limshi,2895.05,2611.43,694,29790892
15113388,Quillfly233,2979.74,2611.04,337,29790891
8697872,Lewandowski,2858.05,2610.84,766,29790892
12970366,Ls Naxx B,2914.71,2610.44,545,29790892
9920413,Neumond,2984.47,2610.39,363,29790891
9379821,Foxy,3012.67,2610.29,238,29790891
4259923,23blab,3060.23,2610.28,52,29790890
10613612,Merhaf,3019.92,2610.18,226,29790890
9048451,XxTheJKxX,3020.06,2609.61,206,29790890
17049544,MuzukaC-na,2994.83,2609.53,200,29790891
11081544,Quincy,2918.19,2609.04,610,29790892
10481530,mrOlaf,3013.11,2608.60,67,29790890
13611600,Otaku Sam,2800.24,2607.76,913,29790893
3761172,harrykeung,2855.51,2607.55,826,29790893
12018352,Annbee,2936.59,2607.42,253,29790891
31131371,RAFAYTOSU,3021.67,2607.10,47,29790890
22674434,noober,2913.34,2606.35,65,29790892
30534032,LimTone,3040.6,2605.31,192,29790890
12572401,mpreg,2694.59,2605.00,51,29790895
11213500,-l-l-,2942.15,2604.28,466,29790891
22296177,Guowcy,2848.82,2603.17,781,29790893
34064854,Tenexxt,3018.93,2602.23,126,29790890
7916537,froyo,3009.49,2601.75,134,29790891
3641012,ctg4266,2899.81,2601.70,240,29790892
8512755,Arach,3027.08,2601.27,151,29790890
7050040,- Loyal Wolf -,2776.21,2600.80,497,29790894
11238501,Koyori Chan,2941.08,2600.58,433,29790891
7722566,Aoi Futaba,2926.31,2600.11,426,29790892
11120814,keremaru,2916.8,2599.80,482,29790892
23754472,domanizz,2932.84,2599.45,534,29790891
29919434,Artexis,2732.03,2599.20,608,29790894
20978735,pidoido,2792.17,2599.06,560,29790893
1346084,KherosSilverlight,2882.91,2598.50,751,29790892
7151222,reonora_,2927.87,2598.44,459,29790892
12630597,[Kitagawa],2926.7,2598.20,331,29790892
29121564,Nisearuuhi,2956.12,2597.79,315,29790891
18391563,ElpsyKongroo14,2958.18,2596.54,379,29790891
36312249,Hulsmit,3022.74,2594.36,208,29790890
5254718,Arcmae,2875.46,2593.66,739,29790892
1407516,-N a n a k o-,2794.53,2593.37,601,29790893
11284150,TimeAndSpaceOuO,2846.04,2593.09,794,29790893
23734594,Romino,2849.2,2592.91,652,29790893
23395646,sigmax123,2803.93,2592.47,237,29790893
20453998,ltningmaster823,2985.65,2592.09,105,29790891
3378391,-Keitaro,2855.85,2591.60,184,29790892
33339870,ardiylyx,2979.59,2590.91,411,29790891
14661718,Stinkster,2890.38,2590.81,620,29790892
5312223,luhua,2779.06,2589.21,958,29790894
27631537,BanG Dream,2879.81,2588.27,401,29790892
16989928,NiciMyMummy,2919.15,2587.24,160,29790892
18722685,sliderbreak,2886.98,2586.29,227,29790892
11114791,Libsys Eilyr,2929.98,2586.04,500,29790892
8969866,CyTek,2961.83,2585.86,159,29790891
4437475,cococusson,2971.68,2584.64,255,29790891
5879473,NagisaMiaomi,2931.2,2582.65,307,29790891
31307622,Cachorro19,2785.72,2582.52,292,29790894
1275767,Sakuya--,2888.23,2582.32,650,29790892
10021819,Minion24,2970.36,2581.28,173,29790891
34901467,chebrt,2860.75,2581.24,544,29790892
13720339,x0pinga,2968.03,2581.15,240,29790891
15917407,ciaransali,2942.61,2581.05,368,29790891
37160778,nananana_-,2695.4,2579.40,233,29790895
4820133,TheStickman,2770.94,2578.58,806,29790894
34773520,Onetooth7997,2984,2578.39,57,29790891
1932207,Richard Strife,2875.54,2577.67,607,29790892
22414780,Raiwww,2909.04,2576.56,187,29790892
14708166,SakuyaIz,2931.11,2576.23,344,29790891
2323646,fullichigo,2859.73,2576.15,654,29790892
14478225,woowoo,2973.13,2574.28,270,29790891
891497,Sura,2880.88,2572.15,686,29790892
29873886,Enofix,2887.2,2572.05,741,29790892
7132991,cqtche,2943.63,2572.04,337,29790891
28602584,Dellxx,2881.24,2571.74,488,29790892
2184633,_Yoiyami,2839.79,2571.65,814,29790893
30860442,FurryGuy,2847.18,2571.57,431,29790893
1567055,Rio3201,2878.81,2570.97,734,29790892
14944547,- pe3k -,2952.06,2569.94,311,29790891
1314473,Haruriin,2800.66,2568.73,828,29790893
7166079,-RotiLapis-,2827.83,2568.68,753,29790893
4479354,terciagamerXD,2804.93,2566.96,917,29790893
3614696,lTenshi,2799.45,2565.26,860,29790893
3294359,m-a-m-o-r-u,2577.2,2565.26,927,29790897
19904085,HoPeNdReAmS,2934.69,2564.93,327,29790891
1137860,naruto_14,2824.9,2564.82,812,29790893
1647588,monino14,2834.43,2564.53,588,29790893
11483460,Ombtrahardie,2870.36,2563.48,573,29790892
17851253,GUBBIB,2601.02,2563.39,818,29790896
6086132,heavenraise,2861.31,2562.95,672,29790892
7749922,RyuttoIppongo,2950.26,2562.71,210,29790891
5386795,dream of you,2877.18,2561.75,599,29790892
23800324,EliteDuelist,2933.74,2561.64,258,29790891
20461077,MidC,2905.05,2561.47,35,29790892
31233952,bo3,2880.78,2561.29,184,29790892
13212599,M1rr0R,2921.74,2558.94,345,29790892
3874031,ComfyKroomy,2605.21,2558.92,391,29790896
35243338,N4iNAmiXD,2853.78,2558.89,566,29790893
19493886,[FTG]Kagamine,2905.18,2556.05,49,29790892
34098279,yakisenbei,3024.36,2555.59,-61,29790890
15183087,LiangFenFan,2916.24,2555.09,91,29790892
7474075,cute princess,2975.95,2554.49,47,29790891
27557778,Kouri Cube,2964.81,2554.03,220,29790891
3108589,poke94,2798.14,2553.16,737,29790893
20263707,bob man,2964.04,2553.07,84,29790891
909020,Yuki-Nagato,2786.18,2552.05,863,29790893
7199159,ByeForNow,2809.83,2551.87,448,29790893
9908055,BladeFanboy,2879.96,2551.54,334,29790892
28708601,POP_L,2712.68,2551.53,986,29790895
294054,saranoya,2818.72,2550.46,708,29790893
7661767,oSuTroop3r,2823.39,2550.05,779,29790893
6188152,Albuquerque,2889.8,2549.75,546,29790892
14666629,Sallyan,2693.54,2548.88,286,29790895
24170253,Y_Knappe,2978.29,2548.78,-32,29790891
7660360,- Nibiru -,2807.75,2548.06,671,29790893
14469386,3anax AHCOWUKA,2886.72,2548.03,400,29790892
15841432,Mibiiro,2928.88,2547.58,310,29790892
21927745,Denis228338,2840.36,2546.59,662,29790893
11601107,Blaidd,2900.2,2546.53,381,29790892
10121815,Deeline,2858.61,2545.82,296,29790892
10797166,Verrel_Knz,2801.03,2545.76,632,29790893
16586107,KenzenKaze,2974.6,2545.37,138,29790891
30235988,Kaenory,2985.24,2545.25,23,29790891
5138195,Dimemes,2976.08,2545.12,38,29790891
22003360,HelloImNoob1234,2833.68,2544.89,435,29790893
13826244,aiyern,2854.05,2544.81,468,29790893
6291395,[Ping],2892.93,2544.49,231,29790892
38841290,LEWVW,2990.08,2544.41,-23,29790891
456544,Aki Evans,2776.92,2543.92,926,29790894
16090295,Angela UwU,2880.52,2543.37,119,29790892
12725323,_Izuru_,2845.89,2543.27,547,29790893
10629475,KimiliorDNA,2859.21,2542.51,497,29790892
15036062,FuLeeT,2978.35,2542.25,252,29790891
22416435,HokageLean1337,2764.58,2541.97,247,29790894
19309056,Megauwu148,2817.73,2541.55,662,29790893
39898457,cica,2934.3,2541.38,363,29790891
8221457,Leonadas,2846.61,2541.26,621,29790893
8631719,Tien,2809.7,2540.85,208,29790893
7961647,Rachel32,2819.94,2540.17,739,29790893
4785993,Terriama,2875.3,2540.15,491,29790892
2185012,Haxorsnake,2921.34,2539.69,92,29790892
10456984,Kexis,2846.21,2539.30,399,29790893
2102192,botstarai,2739.48,2536.96,918,29790894
9387696,Goose King,2850.54,2536.67,290,29790893
10748840,Treex,2843.44,2536.58,88,29790893
2327257,pinkdreams,2778.77,2536.53,803,29790894
35971128,NSpro_official,2872.59,2536.42,185,29790892
17655127,kaomunkai,2916.93,2535.41,305,29790892
11934284,cmaevtaelovr,2810.41,2535.12,652,29790893
26547026,TotorPotate 15,2923.21,2534.72,250,29790892
17573905,Deebrizcito,2806.27,2534.64,77,29790893
28950396,itadoriqlo,2678.69,2532.84,783,29790895
24179564,Mnaukos,2925.04,2531.67,459,29790892
10083439,bojii,2850.72,2531.67,168,29790893
15344160,Lariuu,2937.58,2531.61,105,29790891
849974,kazuuya,2772.46,2531.21,841,29790894
13085932,gragrante,2935.56,2530.89,-53,29790891
14677984,illvztrous,2884.24,2530.83,108,29790892
3945215,TheChaot,2806.96,2528.11,774,29790893
6658802,core98k,2736.32,2528.04,135,29790894
7997784,Cohander,2813.14,2527.69,534,29790893
37397013,Yokuma,2578.7,2527.48,225,29790897
22811823,Inferno_you,2811.92,2526.70,510,29790893
12561249,Cherry007,2796.88,2524.85,508,29790893
28736133,chihi16777216,2737.32,2524.16,934,29790894
36329080,UlquiorraSSS,2594.55,2524.05,322,29790896
16283197,Nicolae_neo37,2813.46,2522.80,681,29790893
8661401,natsumi_123,2752.16,2522.52,876,29790894
17503610,noobsaibot123,2872.12,2522.12,471,29790892
9377187,-lovesick,2839.59,2521.53,119,29790893
13889272,IAxerionI,2655.94,2521.38,776,29790895
6256027,Lumenite-,2799.34,2521.04,276,29790893
10645155,minty_mento,2809.5,2521.02,279,29790893
8697210,ElvisCocho,2808.44,2520.88,660,29790893
11160048,Bepco,2867.21,2520.79,284,29790892
2199578,Thiefdawn,2819.09,2520.61,714,29790893
17085382,Riviera,2753.91,2519.86,374,29790894
2581696,Seijiro,2739.8,2519.71,968,29790894
15200991,DodomanHD,2841.61,2519.01,276,29790893
12613562,zEricKm29,2928.63,2518.58,149,29790892
10848353,Lunyfreya,2824.22,2518.42,587,29790893
2198633,dppss93167,2764.7,2516.84,883,29790894
12674517,Fayar,2949.61,2516.56,65,29790891
15502577,qiyanni,2665.37,2515.77,613,29790895
25300387,-hakitsu,2762.68,2515.75,526,29790894
11495200,Satella__,2789.88,2515.43,712,29790893
15625717,DevLovChez,2860.23,2515.22,434,29790892
18663180,Tixij,2866.28,2514.69,129,29790892
19186175,Usata,2566.58,2514.37,679,29790897
9855999,csolbs24,2935.45,2513.64,240,29790891
24711922,carllegend,2912.1,2513.37,268,29790892
8548608,Sprinkle,2864.68,2513.11,334,29790892
4568146,Kerx,2720.19,2513.06,816,29790894
28665056,THEJULIOCRAFT,2871.69,2512.78,412,29790892
2009008,- Kanade -,2798.93,2511.39,742,29790893
3909001,Marbjo,2841.31,2510.78,439,29790893
12690837,tendou-karen,2800.85,2509.87,358,29790893
32370530,szczurcrush,2773.09,2509.84,638,29790894
11566799,Shepped,2820.76,2509.07,195,29790893
14491327,Norwexy,2924.63,2508.78,-29,29790892
3634152,Ryo Yamada,2808.6,2508.75,240,29790893
18671228,sonzai,2878.68,2508.63,266,29790892
5596337,Daycore,2877.86,2508.29,223,29790892
32315321,qeorgi,2624.07,2508.19,616,29790896
1129173,QuitarHero,2774.08,2508.13,793,29790894
9908397,SnusHansson,2876.45,2508.00,316,29790892
4596705,stanLOONA,2747.77,2507.58,797,29790894
11226488,Refi,2682.54,2507.46,295,29790895
9873951,happyendsim,2725.71,2507.02,239,29790894
28119879,osudork,2972.63,2506.94,11,29790891
3965790,Tolyan,2912.48,2506.29,191,29790892
10263422,ElPeponcio,2924.06,2506.07,413,29790892
17124061,ilovemrsh,2850.9,2505.45,-2,29790893
12414868,blackgreninja69,2840.14,2505.29,476,29790893
22430674,brizzl,2729.32,2504.14,184,29790894
8810498,estyven009,2805.08,2503.37,597,29790893
7339460,oski515,2816.81,2503.35,505,29790893
6387136,hakutakaturugi,2740.76,2503.16,867,29790894
35409584,62h1,2766.56,2502.64,3,29790894
3952453,Mizyx,2745.61,2501.70,798,29790894
27693515,Kiellee,2826.41,2501.17,446,29790893
38195970,Packson,2801.9,2500.49,297,29790893
15922504,endroper,2836.02,2500.30,228,29790893
12523919,Pupil Demon,2746.45,2499.88,785,29790894
13348268,DimplesRMe,2640.52,2499.60,483,29790896
34905190,UserMistaken,2820.61,2498.96,442,29790893
16276572,ShrineWasTaken,2843.31,2497.36,269,29790893
32382565,Shyvenia,2789.14,2496.67,373,29790893
11501808,ga_bicha,2875.37,2495.87,175,29790892
1643538,Arietta,2722.15,2495.87,943,29790894
12018605,star-city,2845.95,2495.80,186,29790893
23944286,Antlion,2815.81,2495.54,276,29790893
7934576,Jorge-Sama,2798.86,2494.29,647,29790893
459886,Nanners,2538.16,2493.57,85,29790897
5943859,-LuxYoruka-,2788.73,2493.12,572,29790893
23856368,CalmStarlights,2945.1,2492.82,-76,29790891
9325390,CHanzy,2809.43,2492.77,405,29790893
1258873,MEGADRAGONFLY,2770.55,2492.07,643,29790894
12663067,goofydog22,2754.3,2491.96,542,29790894
7256419,Xeilld,2745.13,2491.25,816,29790894
13382488,Rickster_rick,2718.73,2491.23,950,29790894
13674788,kaguno sora,2053.49,2490.66,-86,29790908
1590360,Zangetsupro,2720.35,2490.49,805,29790894
13835519,Apapp,2875.09,2489.63,255,29790892
6867321,VTPHOENIX,2744.32,2489.54,750,29790894
18780577,Huseyin Abi,2581.31,2489.53,661,29790897
14317241,L1ghtNingBl4st,2731.46,2489.08,826,29790894
13216088,KLOSVRE,2699.7,2488.45,869,29790895
13130793,Seokie,2851.12,2488.31,399,29790893
40225266,NyanderfulPunch,1745.06,2488.19,619,29790916
37501355,NitsuTheBunn,2890.57,2487.84,-45,29790892
5023068,Trasher,2541.14,2487.63,660,29790897
34135387,hiwoyi,2756.66,2487.55,707,29790894
10070407,nanninai,2738.89,2487.43,735,29790894
14229374,Cipoaster,2769.73,2487.02,241,29790894
2880508,Ram Best Girl,2759.48,2486.68,636,29790894
18871898,-[Ant]-,2763.82,2486.59,310,29790894
11411035,Nagui,2812.63,2486.35,437,29790893
17194005,kamuusei,2863.97,2485.90,303,29790892
6834237,Kichiro-san,2745.51,2484.54,853,29790894
27010281,Bornok,2749.64,2483.14,778,29790894
18320404,xDan,2733.9,2482.21,597,29790894
9726556,elmaster0879,2819.24,2482.00,521,29790893
37182011,devans059354448,2671.29,2481.99,390,29790895
32552675,LiveinGraz,2464.56,2480.44,340,29790899
20771796,B12_,2845.53,2480.30,-33,29790893
11362333,mochichimchim,2844.56,2479.75,116,29790893
12916029,Bulkin,2895.63,2478.36,180,29790892
34523150,Ivax7,2887.7,2477.87,100,29790892
12467673,md08,2857.17,2477.54,346,29790892
824731,US_2,2754.38,2476.66,752,29790894
35688231,anna_yamada98,2790.95,2476.46,279,29790893
12092170,EVA FAN,2779.3,2476.00,172,29790894
17826876,EppuJoloZ,2779.87,2475.22,496,29790894
34553695,Quonor,2613.81,2475.08,152,29790896
29674169,Mojidessu,2677.28,2474.78,705,29790895
5252918,Atmozflare,2877.93,2474.28,271,29790892
22201039,Alysa Liu,2773.2,2474.18,303,29790894
6392831,DROTG,2746.32,2474.00,728,29790894
28835287,kaselyx,2846.87,2473.88,62,29790893
11505807,Kuragiri,2781.21,2473.49,1038,29790894
6131954,Seraveena,2726.32,2473.18,847,29790894
11864462,Hinae,2865.83,2472.83,288,29790892
4356400,Slowpoke1382,2780.23,2472.13,710,29790894
11817520,ZNDMON,2863.87,2471.73,-135,29790892
3355362,Bastia,2773.61,2470.68,237,29790894
13120226,BUNYUNS,2884.11,2470.09,50,29790892
18890708,EdKillah,2787.24,2468.30,557,29790893
7160872,20XX,2759.67,2468.03,293,29790894
11777243,KADXSN,2728.96,2467.58,341,29790894
11185623,ahoy00,2716.22,2467.42,205,29790894
14105435,Sobarashi,2868.63,2467.09,119,29790892
24568208,[-Kvba-],2402.87,2467.09,118,29790900
12847517,IceCold,2720.08,2466.75,766,29790894
12476804,Kawai San,2763.03,2466.02,631,29790894
5371876,LLeni,2758.52,2465.49,521,29790894
19278946,poberat,2724.05,2464.92,595,29790894
32549561,lucashd97,2663.8,2464.90,995,29790895
19008368,Pogfield,2794.96,2464.78,298,29790893
21806104,Empsuzin,2527.12,2464.58,359,29790898
8440864,Leost,2674.06,2463.72,426,29790895
21632564,meowyy,2789.08,2462.64,642,29790893
10325937,Deviore,2722.42,2462.54,765,29790894
697331,c096402,2704.43,2462.35,825,29790895
20620793,Englishtems,2829.3,2461.60,142,29790893
4589183,AndreDubs,2697.54,2461.45,842,29790895
7074125,[BegBone],2725.52,2461.29,678,29790894
30762332,Elic0n,2768.63,2461.23,646,29790894
11930496,marclor,2777.32,2460.86,360,29790894
11809113,vmfosem0207,2618.58,2460.69,583,29790896
10737603,Vastaya,2740.64,2459.30,571,29790894
33056518,ZKhang Gaming,2823.9,2459.29,312,29790893
8779311,Braian-Senpai,2716.75,2458.91,798,29790894
12118295,TaChuCo,2851.01,2458.50,181,29790893
31544899,_end,2472.54,2458.06,594,29790899
1047972,Elemental_Fenix,2706.37,2458.00,889,29790895
6858097,Bantalope,2797.26,2457.27,268,29790893
4067371,k-irei,2716.46,2456.85,800,29790894
15250742,frachlitz0808,2595.49,2456.77,931,29790896
27909731,MICERONI,2812.92,2456.59,242,29790893
19905136,Guap,2924.36,2455.85,126,29790892
12105127,ItzDemonic999,2710.75,2455.73,695,29790895
22407265,Jaynu999,2768.88,2455.68,99,29790894
20433789,DGN Doz,2742.58,2455.47,489,29790894
14141788,METKIY_STRELOK,2837.59,2455.45,109,29790893
39037319,suicide,2868.46,2455.36,263,29790892
8984146,Asaba Harumasa,2803.83,2454.92,415,29790893
12172712,Cytosine,2767.97,2454.79,426,29790894
36720590,Kamyquaza,2600.29,2454.70,400,29790896
6528870,Decax Wortex,2729.98,2453.81,772,29790894
23251448,noimjolt,2667.83,2452.83,773,29790895
3285627,MidnightWolf999,2730.78,2450.92,703,29790894
34261477,mike950,2843.96,2449.87,32,29790893
19194838,MiyaPaws,2862.15,2449.72,13,29790892
30431253,LinRa Tsukasa,2721.4,2449.43,254,29790894
2320072,IKillFire,2691.52,2448.60,683,29790895
22803560,deglegneg,2818.1,2448.29,471,29790893
13523360,Fighter_778,2841.68,2447.57,235,29790893
5396056,OwlOVerse,2612.1,2447.27,687,29790896
6957262,juan736,2920.06,2445.90,-13,29790892
9143539,garvanturr,2749.73,2445.81,296,29790894
2983373,Paysami,2711.43,2444.98,215,29790895
11605749,zeck_40,2651.82,2444.77,1007,29790895
6751666,Tailsdk,2869.31,2444.34,129,29790892
9995157,dltjsdn1472,2804.77,2444.02,183,29790893
37295826,0kuu,2783.75,2443.78,221,29790894
10006423,nobbele,2676.78,2443.63,84,29790895
4479291,Filiposis,2806.74,2442.19,343,29790893
2172591,leedltndks1,2660.65,2441.07,928,29790895
3204246,teashoe,2738.11,2440.67,533,29790894
11367241,Duek,2907.01,2439.60,71,29790892
16849319,janmagtoast,2898.92,2438.16,80,29790892
4312044,Pilou,2764.64,2437.88,413,29790894
1267020,checcozzo,2662.68,2437.57,813,29790895
17604737,LABEBAARMYGAAA,2709.76,2436.67,475,29790895
39259713,mummyandeli,2840.87,2436.29,71,29790893
12675910,allen0pig,2744.81,2436.23,489,29790894
7706373,BreakBeek,2672.85,2435.12,842,29790895
13253069,BobrowyDealer,2600.01,2434.94,391,29790896
3935122,oaksec,2729.82,2434.41,593,29790894
3459448,KoNoah_,2828.2,2434.05,256,29790893
11885756,Xhym,2657.78,2433.93,851,29790895
22367150,QuadLast,2713.32,2433.86,395,29790895
9527894,[ Sui-chan ],2632.61,2433.85,502,29790896
15436568,Joltzzz,2794.27,2433.66,241,29790893
6629599,MiracleE,2753.1,2433.66,210,29790894
6257079,Neoplex28,2791.12,2433.55,348,29790893
37383972,rarawer,2802.04,2433.38,415,29790893
12633721,[-Moneeka-],2465.29,2432.74,663,29790899
6983792,dojikkoxore,2787.5,2431.50,394,29790893
22102419,maximdeb2014,2846.8,2430.87,-34,29790893
3196091,Genjuro,2857.78,2430.47,88,29790892
23577383,IFelipeI,2823.13,2429.72,227,29790893
12895865,Hanakumo Rin,2753.04,2429.27,316,29790894
6632067,rotermax1,2817.79,2428.78,221,29790893
16687756,chocomilku-,2825.12,2428.74,193,29790893
16743063,dream_power,2837.9,2428.55,133,29790893
11753683,shoomy,2773.7,2428.48,416,29790894
13513736,[RUE]NeomiCryo,2834.33,2427.90,98,29790893
4259899,- ZaWarudo -,2681.05,2427.16,824,29790895
35456979,Chino Shirokane,2633.12,2426.42,942,29790896
4533168,StripedGoose,2712.16,2426.35,741,29790895
9512615,Liero_,2767.69,2426.13,238,29790894
26113448,Broken_645,2637.36,2425.69,1029,29790896
24082412,kurumi-sensei,2808.12,2425.63,104,29790893
30451716,dutchBrain,2813.6,2425.10,224,29790893
12908933,Darxad,2695.53,2425.08,299,29790895
6375199,BASARA,2848.36,2424.39,-95,29790893
12338810,CLICUS,2501.41,2424.35,250,29790898
2639167,auroken,2696.55,2423.10,728,29790895
12113169,yinfanad,2588.52,2423.07,793,29790897
1432884,Shine100,2737.91,2423.00,609,29790894
12565238,Khaslana,2612,2422.96,744,29790896
8699498,Mirnyy,2781.42,2422.59,421,29790894
20490862,HeartyQ,2816.34,2422.03,335,29790893
23055090,AC01010,2772.83,2421.90,116,29790894
3163495,TNGStorM,2622.17,2421.52,466,29790896
9047215,Mousha_Inaba,2661.74,2420.66,799,29790895
6349789,Deisuspvp,2729.92,2420.09,640,29790894
2250049,Mo0nL1gHt,2666.23,2419.90,783,29790895
20472605,oshamande123,2682.1,2419.61,739,29790895
36192967,GOTNITC,2570.21,2419.55,826,29790897
130054,Suzumi Tamao,2646.76,2419.52,924,29790896
11804086,DieJuli,2737.21,2418.43,493,29790894
16084413,nyaarin,2788.34,2418.42,377,29790893
6292842,Ayeliwi,2649.86,2418.29,876,29790895
35264186,Verbena,2666.17,2416.54,431,29790895
2184751,Maxe191,2684.52,2415.69,418,29790895
30388979,Frostetic,2688.96,2415.61,177,29790895
8123984,istike90,2756.96,2415.15,363,29790894
16140149,Adrian-,2792.33,2414.53,387,29790893
9456950,Schynagel,2822.37,2413.53,39,29790893
18654383,MikuFlo,2750.74,2413.26,498,29790894
11997612,MrEffigy,2628.18,2413.18,753,29790896
31956722,KullaiPora,2703.84,2413.14,170,29790895
7694083,KaEto KunG,2631.93,2413.01,1001,29790896
7115174,Den4ik228,2762.24,2412.21,1,29790894
7948371,hanaganai,2644.37,2411.80,833,29790896
8606419,Angel112,2723.44,2411.34,525,29790894
12394823,pamplemoos,2812.51,2410.18,182,29790893
11202181,LeoCoreGmz,2689.77,2409.23,714,29790895
17871938,BananaNotFound,2751.14,2408.96,315,29790894
3525037,OsuOsuLava,2644.15,2408.85,990,29790896
15493046,Leva307N2,2705.24,2408.23,412,29790895
10208196,IgryshkaDiavola,2742.47,2408.18,134,29790894
11739058,LaTita,2826.64,2408.15,-35,29790893
6970500,lawiee,2735.02,2407.72,579,29790894
3629474,Black Widow,2816.9,2407.58,188,29790893
6534309,Inori Song,2647.13,2407.19,891,29790896
5324380,Dota Kun,2654.85,2407.18,869,29790895
2605947,Onii San,2756.32,2406.46,264,29790894
22310185,Medangxo,2856.04,2406.30,17,29790892
13211236,VarvalianFanboy,2756.9,2405.31,161,29790894
2622087,Shardgel,2660.85,2405.03,818,29790895
10669137,Asyln,2786.04,2405.02,348,29790894
9654965,Flu,2768.13,2404.83,317,29790894
3491586,Janalein,2689.65,2404.70,660,29790895
17530779,vkrz,2673.79,2404.33,615,29790895
35121171,x4552,2616.97,2404.27,768,29790896
10170825,Cangry OP,2680.15,2403.86,697,29790895
349699,Zam,2674.92,2403.81,710,29790895
38113117,Lawleepopover,2454.12,2403.29,735,29790899
32552759,nagarikki,2666.38,2403.17,770,29790895
2899823,Ibrahim,2666.53,2402.83,692,29790895
8940544,Writhing,2747.68,2402.28,224,29790894
6183468,Padre salvaje,2641.31,2401.77,648,29790896
32152130,be11c_440_r5hc,2448.62,2401.67,583,29790899
8312363,Spz_Clown,2606.99,2401.51,925,29790896
11613640,gatos_gordos,2633.78,2400.77,815,29790896
7607748,Matix55,2646.28,2400.75,794,29790896
14683314,DerBruderHD,2787.93,2399.73,307,29790893
3015769,Fauzan Edris,2680.83,2399.68,761,29790895
4446360,kev_addi,2666.64,2398.39,700,29790895
9841880,Krishel17,2797.06,2398.11,261,29790893
16902303,Satomi_,2601.23,2397.71,834,29790896
21667998,Ahmagid,2608.03,2397.59,435,29790896
22616679,1invalid name,2647.8,2397.58,810,29790895
9517612,Plushsune,2753.4,2397.49,288,29790894
36952845,Winston red,2855.2,2397.42,-1,29790893
3813938,khica,2755.86,2397.36,373,29790894
25880986,KoishiFanboy,2735.5,2397.32,425,29790894
1631148,Shannon,2710.95,2396.38,395,29790895
21278863,ex_ode,2638.71,2395.85,521,29790896
2620674,YuiGOD,2638.17,2394.96,885,29790896
10395238,ClickEverything,2698.74,2394.70,616,29790895
35661610,Profxsional,2221.97,2393.91,205,29790904
11422339,flavor1052,2557.79,2393.86,418,29790897
33347494,nEna__,2742,2393.79,406,29790894
12386852,AlexJunkan,2641.83,2392.94,758,29790896
29027236,DeyLix,2722.51,2391.88,184,29790894
10558588,metalvampir,2782.02,2391.50,244,29790894
10127365,CxldHxze,2680.3,2391.47,724,29790895
614655,Dark8520,2657.67,2391.26,659,29790895
15926143,C h a r,2713.16,2390.54,422,29790895
12352068,Vinyu,2701.35,2390.32,369,29790895
31897532,Rapid_E,2733.4,2390.01,352,29790894
9963727,JackyOtonashi,2692.8,2390.01,526,29790895
1192190,chesebobby94,2649.74,2389.46,773,29790895
5594381,riunosk,2807.5,2389.06,79,29790893
16915993,Stqrm26,2803,2388.92,11,29790893
18284990,xXFaNtOmXx,2664.19,2388.76,532,29790895
23499934,fake skid,2758.6,2388.31,309,29790894
13280509,Rykyu Yami,2706.69,2388.01,467,29790895
2298706,Sayo,2655.61,2387.23,702,29790895
10659264,SB Rookie,2712.35,2387.06,396,29790895
3409409,RainbowDashiie,2678.28,2386.40,743,29790895
14445528,vnDarkBlue,2754.19,2385.84,242,29790894
1758868,RoIada z Miesem,2653.7,2385.55,172,29790895
9086438,TaikoMom,2728.54,2385.30,343,29790894
4372554,hitsugaya230,2648.06,2385.20,752,29790895
29915327,Yun Shul,2821.02,2385.05,-70,29790893
8459240,[BluYu],2719.18,2384.85,432,29790894
6775507,Melissa,2749.44,2384.63,277,29790894
8372034,dzeko,2713.07,2384.46,534,29790895
18793276,Coffecito,2777.91,2383.76,128,29790894
13069842,- Ryoo -,2536.7,2383.21,459,29790898
9828170,ateriss,2618.42,2383.13,651,29790896
334959,ErzaTitania,2651.57,2382.92,817,29790895
6877973,madalyne11,2745.9,2382.70,427,29790894
10558948,al4c,2824.06,2382.59,-78,29790893
9555640,sweater0918,2638.97,2382.43,822,29790896
31331638,hurricane5423,2777.63,2382.36,301,29790894
9414007,ailo red,2563.95,2382.12,893,29790897
3279550,whitekyurem77,2642.2,2381.98,721,29790896
930474,RANCHO,2674.39,2381.61,655,29790895
23501956,f4fgoodgirlasmr,2609.37,2381.61,321,29790896
8468766,Jillyfrog,2679.35,2381.50,516,29790895
6146541,App Store,2632.79,2380.88,641,29790896
2479766,Shinkanya,2685.33,2380.73,651,29790895
23235560,RedMunch,2644.52,2380.63,368,29790896
654108,Aurele,2740.5,2380.04,395,29790894
8968705,AFKur,2742.72,2378.16,440,29790894
9437550,Ailiez,2705.53,2377.85,168,29790895
4476238,Karegami,2612.86,2377.57,754,29790896
1164931,Alepat,2678.79,2377.34,671,29790895
11249718,Majonezo_Play,2683.59,2376.82,563,29790895
32330149,Ruthenia,2746.56,2376.45,254,29790894
16552751,Eum,2592.7,2375.12,894,29790897
29585862,neosp_,2673.19,2375.07,362,29790895
32162290,zeldi,2561.65,2375.07,649,29790897
20022289,RioWataa,2738.01,2375.02,-35,29790894
21047081,mpv,2808.31,2374.65,130,29790893
12332157,chaosikaros,2613,2374.57,869,29790896
8805554,Hinoka,2672,2374.18,503,29790895
10026303,-RUN-SMILES-,2656.77,2374.03,676,29790895
15676896,Muryo,2616.16,2373.90,743,29790896
17383169,Nexen,2761.13,2373.66,50,29790894
35728365,stelirZzZzZzZ,2826.06,2373.34,-111,29790893
11777879,rsshower,2701.17,2373.15,478,29790895
3857506,_Twister_,2728.65,2373.08,443,29790894
2784757,-Silver,2780.92,2372.92,-11,29790894
12821818,IIkikinII,2648.26,2372.90,543,29790895
9223016,Skid3422,2692.68,2372.82,538,29790895
14578843,Residualwind,2598.62,2372.73,909,29790896
8613652,AlinaKokoro,2653.45,2371.73,661,29790895
33667274,WITTN,2638.03,2371.62,444,29790896
37230882,belost5,2658.2,2371.45,288,29790895
15086387,0Ixcy0,2539.05,2371.03,283,29790897
9243041,EricHakase,2657.07,2370.72,608,29790895
34616781,Efa,2583.34,2370.19,295,29790897
11607949,Darkion HT,2712.88,2369.97,450,29790895
19308744,MINA OSAMU,2624.6,2369.86,800,29790896
16473694,kesanbongdem287,2587.69,2369.53,888,29790897
12231334,Haruhime,2690.6,2369.49,663,29790895
29307762,dm435,2799.94,2369.27,61,29790893
12909926,thefreshtobi,2753.52,2369.08,270,29790894
7739459,Damuchi99,2617.56,2367.92,694,29790896
11462108,KeMoMiMi_1,2661.6,2367.55,415,29790895
17332155,- Sxlem -,2621.42,2366.07,780,29790896
12656659,ElNelDelBarrio,2627.25,2365.57,708,29790896
17914394,-nevo-,1508.28,2365.31,4,29790924
19585559,Gelure_Neko,2667.33,2364.36,477,29790895
4292493,AkaEx,2507.97,2364.18,881,29790898
2514521,selu_cookie,2654.46,2363.49,613,29790895
8829621,natsuminmin,2604.68,2362.77,748,29790896
1323170,yachinpa,2575.09,2362.69,758,29790897
8255926,theadrigameplay,2662.05,2362.66,595,29790895
11458941,UnicornChicken,2654.54,2361.84,576,29790895
13395803,porkchop,2736.12,2361.83,189,29790894
7118479,EliseLove,2741.89,2361.65,426,29790894
12085251,OvO,2771.89,2361.61,328,29790894
11818585,Baguette2Pain,2783.66,2361.15,57,29790894
20057152,- Rika -,2565.29,2360.38,91,29790897
5483943,IdyllicLilac,2694.86,2360.19,415,29790895
33170795,coellho123,2398.42,2360.15,319,29790900
2920127,Not Mage,2659.71,2359.97,-3,29790895
21071320,GOLOo,2545.41,2359.74,842,29790897
30525389,LLuna123,2603.68,2357.81,867,29790896
10043159,Yaya1505,2717.43,2357.77,445,29790894
618639,XandeOMG,2699.27,2356.74,409,29790895
7207869,Petushko,2617.92,2356.56,697,29790896
1740008,sjohanna,2615.81,2356.33,873,29790896
15843961,Fino_,2668.83,2356.03,384,29790895
37671312,rinmmi,2640.01,2356.01,420,29790896
17470196,ChoiJinyoung,2619.29,2355.87,616,29790896
865395,emane,2616.38,2355.50,861,29790896
28173843,AmashiroYuko,2585.57,2355.42,886,29790897
6133244,Sonocy,2675.88,2355.17,557,29790895
6065850,Kyoz,2656.88,2354.67,626,29790895
3349366,Bliss_y0,2690.08,2353.01,526,29790895
33952781,jazzy9875xx,2260.04,2352.85,414,29790903
31701921,MrDan236,2601.5,2352.17,177,29790896
26821632,Shinobina,2733.65,2351.38,141,29790894
10907826,Astravan,2748.44,2350.89,130,29790894
12594455,iMiharu,2592.09,2350.83,621,29790897
20385725,GummyPlaying,2602.9,2350.68,230,29790896
1958907,km131,2756.24,2350.56,108,29790894
22074452,MiniMatheus,2642.64,2349.88,-27,29790896
17534626,88888bit,2563.72,2349.41,172,29790897
24162471,MarepitaFanGirl,2763.47,2349.26,219,29790894
294906,Konpaku_Youmu,2602.48,2348.21,853,29790896
3745749,Thaunder,2632.06,2347.48,624,29790896
10745050,KaylieWeeb,2675.43,2347.41,432,29790895
18697865,amarinaivo,2627.48,2346.76,700,29790896
5947521,dynutka,2729.43,2345.92,206,29790894
319235,Paulie,2714.44,2345.59,204,29790895
37606399,Harvest,2812.99,2344.70,-133,29790893
11027349,Ainamo,2581.37,2344.22,-11,29790897
7479684,Foxeru,2545.15,2344.10,333,29790897
30286941,Zujoik,2489.43,2343.91,269,29790898
19321217,jerikhe,2565.09,2343.31,615,29790897
24138310,Sealea,2633.98,2342.66,723,29790896
37974115,nil,2537.36,2342.45,10,29790897
23666217,CutieVaxie,2666.71,2341.98,135,29790895
12485167,Dmc150YT,2691.87,2341.42,382,29790895
1403042,Meiko-chan00,2666.32,2341.02,497,29790895
11411525,SepticFx,2721.94,2340.67,82,29790894
16446210,ArtemDEXYT,2722.61,2340.59,364,29790894
23513430,Mangoosaft,2731.97,2340.54,2,29790894
8664140,Sun_Smile,2536.49,2339.98,535,29790898
13591425,Brittany Miller,2579.1,2339.62,1019,29790897
13581448,Atrakarus,2558.9,2339.08,981,29790897
5039382,Tralkke,2655.02,2338.29,336,29790895
23660244,Explo_GR,2583.55,2337.72,588,29790897
9448577,zombooty,2777.84,2337.30,45,29790894
11035895,_Kancho_,2687.25,2336.92,374,29790895
4021558,muskrater,2635.72,2335.99,675,29790896
4583515,XKKKKK,2607.88,2335.90,687,29790896
26763463,TERRENEITORRR,2634.57,2335.79,396,29790896
19623074,Yvkiza,2572.6,2335.45,785,29790897
2968576,iF Ever,2576.95,2335.42,860,29790897
20693875,Queen Tahlia,2687.83,2334.81,462,29790895
31747622,NotCashierThieu,2529.52,2334.63,963,29790898
30374980,TimeParadax,2418.7,2334.07,350,29790900
1371974,Teppi,2657.54,2333.75,494,29790895
18889159,Neyrethe,2321.54,2333.51,526,29790902
21703185,aetrna 2,2595.89,2332.97,111,29790896
18163561,Luciavegames,2635.41,2332.81,414,29790896
4914902,LoveCubed,2611.04,2332.61,704,29790896
13687140,[CTB] Aruka,2717.49,2332.24,164,29790894
9053959,XILI,2661.68,2331.16,308,29790895
5220131,kamp,2691.6,2330.56,338,29790895
20823110,EpicBlaze,2581.51,2330.15,871,29790897
27874276,SannysauruS,2515.31,2329.79,648,29790898
10615722,giantroll,2603.28,2329.23,813,29790896
12841672,Xakarias,2560.13,2329.03,853,29790897
2052511,Hino,2664.54,2329.02,333,29790895
13292650,Marwake,2681.19,2328.97,262,29790895
15747035,TraigoElPan,2547.92,2328.77,672,29790897
29927433,mojomahem,2614.62,2328.75,465,29790896
35908523,xxtd233,2666.82,2327.60,-60,29790895
9404033,ZiCheng,2697.2,2327.04,294,29790895
38427966,xingjw,2520.26,2326.48,114,29790898
18980186,Kuba1001t,2732.97,2324.58,134,29790894
27905501,Operation MC,2620.69,2324.33,119,29790896
14969854,Aeternoy,2655.79,2323.64,475,29790895
15086625,Antolions,2595.29,2323.55,333,29790896
8184598,_Kotori_,2675.98,2323.12,341,29790895
568740,l850127,2672.45,2322.96,325,29790895
6149313,Pata-Mon,2642.12,2322.73,461,29790896
39685926,-Aqua,2298.45,2322.10,573,29790902
27249619,LastWereWolf,2559.28,2321.99,214,29790897
11966345,EvilBun,2517.34,2321.55,681,29790898
15000319,Syles,2588.01,2320.11,626,29790897
2389346,HarddS,2521.63,2319.85,817,29790898
35058537,sla1ne,2650.76,2319.71,151,29790895
7249644,SilenceSuzuka,2678.93,2318.70,384,29790895
15182984,- Perona -,2633.18,2318.12,220,29790896
5094961,Dani3l_Kim_L33,2554.37,2317.88,718,29790897
26855516,Swamplord92,2657.4,2317.84,444,29790895
4851854,Dashing,2528.41,2316.82,763,29790898
15796773,FoxtrotOnce,2560.4,2316.74,468,29790897
3932190,Aikyuu-Chan,2620.3,2316.66,671,29790896
25844760,Katagiri Hari,2501.02,2316.36,715,29790898
9223226,Matter,2614.38,2316.31,577,29790896
6697770,Dakzo,2619.74,2316.27,600,29790896
12518872,Krebskulm,2585.33,2316.23,640,29790897
11988090,Riisi,2717.83,2316.19,231,29790894
14193228,furuunya,2551.71,2315.42,346,29790897
8224186,Flare_Ru,2629.55,2315.21,458,29790896
3373175,SonJosh,2625.24,2314.93,605,29790896
3858615,sanalika1122,2648.48,2314.88,302,29790895
13076343,tobachi,2621.74,2314.83,511,29790896
25276562,hlmlby,2667.05,2314.67,366,29790895
7507131,Shouco,2649.36,2313.85,425,29790895
36548415,Posaquet,2709.3,2313.68,153,29790895
2140739,Shinsekai-,2645.63,2311.78,479,29790896
3847487,sou fera150,2629.27,2311.56,493,29790896
8192519,Mewgen,2601.74,2311.56,682,29790896
7989480,_xyliac,2629.78,2311.29,174,29790896
35204732,Meris,2723.28,2311.06,113,29790894
15797662,YarelUwU,2597.41,2311.02,693,29790896
23996128,sum1randome,2536.98,2310.95,135,29790897
16191501,Robotexe18,2566.87,2310.88,778,29790897
15008945,Dx-sfg,2668.94,2310.82,312,29790895
19017586,BobarObiec,2525.26,2310.24,287,29790898
6361734,Hashiko,2631.55,2309.76,201,29790896
37376982,Sharv137,2323.59,2309.49,128,29790902
32368936,QwrtyQwrty,2656.56,2309.18,238,29790895
19038491,ipredatorl,2601.4,2308.92,528,29790896
11647990,Krotiro,2642.06,2308.85,370,29790896
14125461,4us1on,2601.6,2308.80,125,29790896
35675222,Schreckgespenst,2607.36,2308.48,498,29790896
4120468,Darkyy_x3,2574,2308.23,739,29790897
16521915,Luck0204,2490.6,2307.96,294,29790898
12895722,[Mist],2459.34,2307.71,320,29790899
7596194,Amelia-,2462.84,2307.67,943,29790899
29553499,lewisxyz,2604.45,2307.60,300,29790896
31952097,TaiSimpLihn,2606.15,2307.41,122,29790896
14504308,cyrosiax,2623.37,2306.12,224,29790896
1995515,majunajikan,2597.47,2305.38,615,29790896
10557490,Akshiro,2658.65,2304.99,345,29790895
974627,Sayuri-Hime,2600.43,2304.70,709,29790896
16099538,Determination_,2590.78,2304.68,209,29790897
3114667,Biolojt,2575.57,2304.27,871,29790897
8438530,l0weXp1oder,2502.57,2304.23,348,29790898
11169884,Koziel on osu,2648.4,2304.21,130,29790895
33726949,xuan_yuan,2654.67,2303.88,225,29790895
11454650,eienNi,2501.62,2303.85,854,29790898
989349,lukinetto,2570.31,2303.63,774,29790897
11724605,TheBesto12,2513.08,2303.23,312,29790898
35876683,jjen,2694.43,2302.55,104,29790895
9382488,Nozu_ka,2629.42,2302.48,476,29790896
9744004,Sleacen,2591.39,2301.33,521,29790897
17187281,Bearies,2561.96,2301.20,716,29790897
6879333,Niedzwiedz,2599.84,2300.95,269,29790896
12197536,Ernesst,2628.39,2300.16,88,29790896
628780,Aleksart,2531.59,2299.30,863,29790898
2023506,kunimi9232,2546.08,2297.98,832,29790897
23057526,Rouman662,2534.9,2297.74,714,29790898
6670039,Tettero,2547.79,2297.27,730,29790897
14829744,yuiyamu,2715.35,2297.18,96,29790894
7844013,Mafuyu Kirisu,2490.9,2297.03,316,29790898
37857553,Awesomeelite53,2579.54,2296.99,243,29790897
9501251,ChillierPear,2573.93,2296.43,334,29790897
1802591,Meadow Star,2572.84,2296.14,451,29790897
5137051,Stylez521,2590.99,2296.04,82,29790897
9376006,SzintyK,2603.78,2295.96,531,29790896
12014677,keeweehee,2702.48,2295.72,133,29790895
8387443,Weebaf101,2386.79,2294.89,121,29790900
12278078,Temptate,2529.13,2294.34,277,29790898
24289042,[GB]Cinelia,2588.15,2293.99,265,29790897
1925889,DaLooseGoose,2697.79,2293.95,-42,29790895
12851881,SergLFX,2482.45,2293.63,299,29790898
30869348,K1razu,2626.97,2293.37,148,29790896
7407817,BesteKatze,2645.44,2291.95,354,29790896
12930001,Pixelz,2690.7,2291.78,-71,29790895
24887509,Terinoxx,2552.96,2291.75,547,29790897
10485516,alez,2623.15,2291.05,425,29790896
20965643,curlyclothes,2593.25,2289.79,415,29790897
31285659,Crillinox,2558.14,2289.71,329,29790897
16019159,Hydrongea,2583.06,2289.47,13,29790897
38626300,Trut,2745.45,2289.33,-5,29790894
10089911,Purplelol,2534.74,2288.88,762,29790898
15289150,Alvaroping1,2682.72,2288.31,50,29790895
19473059,HapYTguy,2673.53,2288.27,189,29790895
36147507,geraldcxd,2566.31,2288.11,289,29790897
18383912,TanakaAlko,2652.53,2287.85,132,29790895
8938027,Ladexa,2610.15,2287.25,265,29790896
8925010,_Nino_,2500.85,2286.69,279,29790898
10213428,xChose,2540.33,2286.34,395,29790897
35139919,Kyoumou,2320.88,2286.31,759,29790902
8816015,xKbryan,2616.09,2285.92,323,29790896
17793979,Desermond,2708.25,2285.81,174,29790895
33921914,eflame80,2485.6,2285.29,381,29790898
7832152,Aoima,2610,2285.04,501,29790896
3534885,BOU,2576.05,2285.04,542,29790897
1643864,DeltaAngel,2547.99,2283.82,825,29790897
35006812,alek908,2518.26,2283.62,759,29790898
16262106,[SHK]Boring,2574.26,2283.57,408,29790897
12631476,Meiiyuki,2641.15,2283.19,509,29790896
18960065,cliffxd,2597.83,2282.73,555,29790896
12660996,Reverri,2622.1,2282.17,400,29790896
18230719,ZnCookie,2656,2282.14,286,29790895
25424252,misakimybeloved,2652.45,2282.02,183,29790895
2972843,ksivakorn,2620.97,2281.05,518,29790896
13519036,Michi Jackson,2747.87,2280.62,-72,29790894
12007797,accia,2597.01,2280.22,301,29790896
8717773,poppasanas,2551.65,2279.96,310,29790897
8843487,RcSSailShiro11,2562.53,2279.92,676,29790897
380351,kirazky,2552.26,2279.88,669,29790897
29806571,Rain--,2542.94,2279.25,-103,29790897
19375298,Hahku,2639.69,2279.13,430,29790896
18797723,Nya Nyaa,2564.97,2278.98,624,29790897
11833538,_somet,2536.88,2278.65,359,29790898
14236443,KomeijiKoishi13,2535.51,2278.23,724,29790898
9872257,SamuelCraft23,2507.72,2277.06,713,29790898
7877707,The Real Kyoko,2559,2276.09,618,29790897
10378855,Cyanox,2635.35,2275.17,416,29790896
9670719,MatiRasaTadi,2567.59,2275.13,340,29790897
12937059,dede_aim,2632.54,2274.52,311,29790896
27579327,Pisfindocus,2476.66,2274.52,187,29790899
9389216,ProTrainer,2340.17,2274.06,622,29790901
70730,Sure,2548.57,2274.05,785,29790897
6678644,Blank_Chan,2535.65,2273.86,768,29790898
26364539,My Angel Brandy,2529.37,2273.70,371,29790898
22505902,Not big potato,2546.91,2273.56,233,29790897
39889133,skye-15p,2677.49,2273.32,203,29790895
24239849,Kenzy-,2569.2,2273.17,364,29790897
18189249,MiZhou,2489.21,2272.88,681,29790898
6821436,_toko,2598.99,2272.84,160,29790896
33677719,SkyEnos,2275.52,2272.49,291,29790903
12478917,El_qlio_inutil,2512.17,2272.25,718,29790898
13709483,kadame,2466.66,2270.62,95,29790899
15036109,Ateshi,2562.42,2270.60,84,29790897
4555096,javi12,2415.53,2270.12,704,29790900
11593002,Lemo1975,2560.04,2269.74,663,29790897
8647053,Marisa Fumo,2573.2,2268.75,164,29790897
8046213,DrDarkSky3000,2560.48,2268.52,529,29790897
16221742,wexter,2594.04,2267.53,381,29790896
36370211,LivCat,2402.09,2267.43,276,29790900
31352024,Rur1n4,2624.21,2267.16,199,29790896
25297441,Rodrigo64go,2507.81,2266.93,79,29790898
11386570,Flamburior,2512.93,2266.73,410,29790898
15895067,AlwAlkzZ,2640.14,2266.13,315,29790896
3949094,Buu xD,2525.14,2266.06,621,29790898
1122221,e1242656,2542.78,2265.55,731,29790897
19127976,nyehenry,2473.56,2265.49,632,29790899
26705942,DaCh1,2631.44,2265.47,95,29790896
38124795,Higokumaru,2637.61,2265.42,131,29790896
37004943,Sarenard,2569,2264.86,143,29790897
11814635,Wummer,2554.66,2264.68,657,29790897
5069754,Tio Zangado,2510.93,2264.40,745,29790898
37408137,FreeTax,2488.58,2263.50,220,29790898
27259376,[Herthaka],2576.87,2263.29,649,29790897
7584793,deoro,2261.07,2263.28,306,29790903
8399257,stygian131,2537.29,2263.17,648,29790897
10522308,xeshing,2503.44,2262.17,267,29790898
4349246,apoq,2484.86,2260.99,315,29790898
1559329,linshingdean,2515.73,2260.95,822,29790898
25584552,saki san,2523.35,2259.95,769,29790898
11760634,PatayKaFTW,2673.05,2259.84,195,29790895
11001087,ToxicFoopy,2561.05,2259.55,131,29790897
12284451,ChrisOmatic,2602.84,2259.47,306,29790896
36691170,G_Bran19,2239.1,2259.34,618,29790903
37853374,luk20,2692.39,2258.86,-16,29790895
10981997,Nekoyase,2630.86,2258.55,178,29790896
6404488,bocchicookie,2592.32,2258.55,502,29790897
969243,jerry8460,2533.88,2258.48,685,29790898
384164,johnsonxii,2507.41,2258.43,733,29790898
8512956,thudai315,2510.27,2258.27,728,29790898
34946760,person hehe,2580.3,2258.13,19,29790897
2699198,Bat777,2490.34,2257.54,611,29790898
1942355,Laruchis,2499.88,2257.48,888,29790898
35166003,fervex,2538.61,2257.30,720,29790897
7448053,NSG,2467.77,2257.25,95,29790899
6449994,Darkknio,2422.84,2256.64,843,29790900
33399444,Taxling,2655.34,2255.39,301,29790895
18337685,SzymeK_,2663.31,2255.11,143,29790895
16408672,xxxneo,2391.06,2255.02,805,29790900
12752976,Raul26,2580.05,2254.69,527,29790897
1519885,Tare308,2523.83,2254.09,855,29790898
34104064,h o a,2540.58,2253.88,145,29790897
2443224,Anriiel,2569.72,2253.59,577,29790897
25750653,WandrYondr,2489.11,2253.31,63,29790898
15814119,Sricknal,2535.78,2253.25,225,29790898
5242158,[Crz]Makii,2471.91,2253.12,491,29790899
15192397,Ghoul08,2521.76,2252.55,718,29790898
6283284,Franchini,2551.93,2252.44,521,29790897
11724551,PipLover,2528.58,2252.32,511,29790898
15429006,palr,2483.44,2251.88,214,29790898
10823625,Nolkius,2579.23,2251.77,459,29790897
37988489,LING-YE,2640.64,2251.57,238,29790896
22167633,TobiOwO,2297.45,2251.51,755,29790902
6104884,SydnoX,2641.72,2251.48,237,29790896
2039902,swojeimie,2530.74,2251.16,558,29790898
706835,AbrahamPSachi,2566.68,2251.11,545,29790897
13813394,FoxyAndr3h,2541.94,2251.05,373,29790897
16054558,___eric___,2460.64,2251.01,313,29790899
25718171,firebad92,2570.61,2250.76,289,29790897
10993337,ItsGrif,2572.29,2250.35,345,29790897
5623529,Grantorio,2486.76,2250.23,228,29790898
10342922,marimatsune,2509.37,2250.01,774,29790898
7207411,Salem27,2518.18,2249.76,736,29790898
8585360,[ Rebyz ],2538.49,2249.47,616,29790897
14941799,a07,2342.94,2248.88,311,29790901
8946270,Nikokun_,2550.69,2248.72,423,29790897
30491123,Remo1234,2523.75,2248.57,261,29790898
15198762,DatedCelery,2647.36,2248.49,279,29790895
29319069,hokuwahiga,2595.57,2248.24,429,29790896
9207871,GonzaIOSYS,2223.97,2247.84,549,29790904
4720636,AlinaUnicorn,2554.15,2247.33,570,29790897
33754270,linedcolt,2623,2246.66,148,29790896
34497218,mitarasi1106,2575.78,2246.17,104,29790897
1845195,kolicho,2477.2,2246.14,758,29790899
2436077,zeiven,2520.09,2245.93,644,29790898
10253590,AbZtrakt,2660.29,2245.87,159,29790895
8154126,ToXXXicaa,2586.42,2245.65,215,29790897
37151344,Mart1an,2629.98,2245.39,331,29790896
11077532,H3llo1tsM3,2615.57,2245.20,60,29790896
17835700,strafebigbrafe,2571.21,2244.74,526,29790897
32821843,dogeyay,2491.57,2244.64,629,29790898
6862483,-Zephy-,2602.26,2243.13,135,29790896
19358040,Nat_Cat,2647.04,2243.07,187,29790896
466199,Canamisu,2636.57,2243.04,400,29790896
22417425,otbgoat,2563.48,2242.87,174,29790897
26457787,Grostymito,2561.26,2241.67,122,29790897
16721131,Zafurin,2567.12,2241.66,432,29790897
10081034,PainTheGOD,2486.7,2241.64,254,29790898
24070903,Iwbag,2652.3,2241.63,18,29790895
30924602,Essence,2614.86,2240.93,72,29790896
3147797,Gintoki,2517.78,2240.81,658,29790898
23573728,MineLetter,2469.83,2240.59,412,29790899
2116623,deathordeath,2511.11,2239.99,744,29790898
22105242,[AstralAbyss],2334.17,2239.86,689,29790901
8242081,gabriolox,2552.82,2239.43,509,29790897
33867586,realfaie,2479.43,2239.32,622,29790899
2267872,Somatru,2498.7,2238.72,702,29790898
18210770,KanzuNe,2556.78,2238.70,128,29790897
18381826,notthecarlexus,2453.95,2238.38,462,29790899
4452201,YuugureUmi,2559.72,2237.98,506,29790897
10642837,Kazuma,2504.23,2237.84,366,29790898
3784191,- Kaell -,2612.34,2237.71,211,29790896
32689760,yayojjing,2347.11,2237.42,210,29790901
38716697,nice20,2474.5,2237.27,843,29790899
30037974,YusupKakuu,2621.65,2236.60,425,29790896
7994113,Ene,2441.34,2236.51,646,29790899
7982003,t0nik,2555.66,2236.38,256,29790897
19507647,Corruptional,2481.73,2236.07,308,29790898
7359266,naweghher19,2539.57,2235.41,519,29790897
12117594,mikii_chan,2494.9,2233.89,635,29790898
1258160,Cygnus,2381.13,2233.84,759,29790900
4690606,SmallOZ_0823,2593.81,2233.70,433,29790896
27640566,ActivatedYeast,2723.5,2233.62,-135,29790894
13937890,SantiAri,2591.85,2233.37,479,29790897
12538124,ShiyuQAQ,2593.89,2233.00,128,29790896
34814343,backwardsclock,2418.81,2231.98,386,29790900
1550689,-Mellow-,2485.84,2231.93,714,29790898
37685173,LuneSC,2464.5,2231.36,75,29790899
8595858,Irisu,2580.61,2231.16,299,29790897
7486235,Ous,2522.91,2230.73,586,29790898
28096453,breezyisacat,2529.63,2230.53,401,29790898
23381489,sulfa,2483.63,2230.51,248,29790898
27880242,Romcode,2583.24,2230.05,148,29790897
2561900,Fagiolo,2547.63,2229.86,478,29790897
15570960,Lalapink,2489.54,2228.76,781,29790898
4260376,levi magalhaes,2444.02,2228.68,760,29790899
31084379,kagurasdiary,2629.05,2228.27,262,29790896
39862997,fizn,2568.04,2228.23,338,29790897
12001808,Spidders,2616.86,2228.13,255,29790896
18632604,PixelCode,2633.26,2228.02,182,29790896
10492877,syresai,2597.3,2227.93,437,29790896
7619790,Aurelie Gabriel,2486.63,2227.83,755,29790898
10732061,coolgamergriff,2551.49,2227.41,624,29790897
21987149,DMITRIYTHECHIP,2510.53,2226.62,536,29790898
9461738,eddy maloutre,2608.36,2226.59,167,29790896
16790726,alasha999,2466.16,2226.07,305,29790899
1656504,fuko_shooter_baka,2517.97,2225.92,670,29790898
33850234,Natsumito,2529.96,2225.39,407,29790898
4284926,JiruPiru,2636.15,2225.37,424,29790896
19248632,ThugXY28,2553.31,2225.03,58,29790897
38078840,Jqrill,2683.5,2224.44,119,29790895
16919422,TheBlockiest,2419.45,2224.20,474,29790900
10912428,SwiftArcticFox,2436.91,2224.09,240,29790899
18126345,yapple,2633.92,2223.93,83,29790896
18865467,nguoi ae mOl,2435.73,2223.80,802,29790899
35670763,tako_aki,2626.66,2223.47,173,29790896
38517547,wensly,2549.49,2222.50,72,29790897
20022274,Elote,2623.78,2221.35,163,29790896
29037830,[SHK]NekoErika,2577.98,2220.80,252,29790897
9805944,_shibuch_,2474.11,2220.14,748,29790899
23210699,ReaXuc_UwU,2522.82,2220.11,618,29790898
11130653,FlappingDemish,2556.46,2219.66,562,29790897
14106719,xX_luozi_Xx,2543.91,2219.40,490,29790897
6498810,Kerasi,2412.74,2219.29,721,29790900
10665363,JGLF,2472.84,2219.11,350,29790899
19500985,kokkun,2524.8,2219.10,363,29790898
33466839,maesil,2526.76,2218.73,177,29790898
10592853,Hayasaka Ai,2517.57,2218.54,268,29790898
5641131,mega444,2547.7,2216.99,256,29790897
17409117,Riigby,2433.68,2216.92,596,29790899
1126886,Firehearts727,2454.55,2216.84,587,29790899
11061804,Flade,2568.54,2216.42,104,29790897
19371454,omgN1CE,2572.06,2215.69,337,29790897
7696653,shocksim,2476.72,2215.26,743,29790899
454263,RayathLP,2576.36,2215.09,282,29790897
38131650,seiiko,2478.33,2214.06,60,29790899
13806692,ThatG0y,2469.34,2213.78,88,29790899
2433279,-Kokoa,2529.78,2213.50,505,29790898
9653210,[ Mick ],2476.91,2212.53,669,29790899
6245088,Onlygabo_,2505.74,2212.52,294,29790898
8359561,ronipan,2590.62,2212.51,246,29790897
10037500,SrAlexander,2451.23,2212.34,767,29790899
16067822,Orz_yfz,2432.76,2212.17,807,29790899
25262212,FIAT 600,2534.55,2211.86,478,29790898
4909212,Muzkat,2249.08,2211.35,397,29790903
4588650,Madokinha,2470.66,2210.75,730,29790899
37783068,Rira27,2565.81,2209.50,167,29790897
14296369,KirKa18,2486.48,2209.42,826,29790898
55157,Andzia,2451.5,2209.04,924,29790899
7368943,sugarRune12,2501.73,2209.00,669,29790898
666104,Kepran,2487.52,2208.59,714,29790898
9704035,WistickDBL,2477.36,2208.59,622,29790899
5287727,Sentwo,2495.79,2208.43,588,29790898
8683787,-Vaan-,2424.49,2207.62,986,29790899
15423078,risi_,2419.55,2207.31,439,29790900
10882115,DescriptiCringe,2594.75,2207.21,-40,29790896
21469112,Teddy_Bear510,2497.09,2206.80,563,29790898
19541623,Astar2000,2410.7,2206.38,587,29790900
110998,bsm1029,2468.42,2206.01,805,29790899
6040908,Moniceps,2496.14,2205.25,520,29790898
18769352,Mizunichi,2451.32,2205.07,712,29790899
8987236,Vecana,2584.24,2204.71,317,29790897
31940894,-Nayla-,2330.66,2204.69,155,29790901
18397351,majesty_small,2524.64,2204.58,330,29790898
9051347,SI4N,2497.29,2204.50,538,29790898
12432602,snajpe,2479.76,2203.60,670,29790899
29372393,theepossum,2593.47,2203.45,347,29790897
9453768,Czerwona,2492.59,2202.94,575,29790898
13672955,G1org1o,2388.94,2202.77,299,29790900
20080561,Gagabaj,2622.52,2202.37,246,29790896
19972173,tyo_,2537.52,2202.32,180,29790897
3844806,Handalwi,2488.03,2202.17,680,29790898
15539198,Ritso,2594.2,2202.15,40,29790896
23327242,Chiyo-chan,2467.9,2201.94,613,29790899
4747688,Amaterasu-sama,2557.05,2201.73,417,29790897
38062388,AquaAuroraVT,2486.31,2201.39,276,29790898
14752753,Doppresion,2339.94,2200.22,705,29790901
11415594,Laceration,2579.68,2200.09,96,29790897
33339008,ahdc,2299.33,2199.85,270,29790902
7572745,_Sulphuris_,2439.28,2199.76,790,29790899
3660863,SochoOWO,2572.66,2198.96,321,29790897
21576751,rosfelos,2449.94,2198.91,519,29790899
4864743,Atenas,2359.4,2198.88,513,29790901
10841926,Flolyte,2514.84,2198.69,478,29790898
11548522,Maxyclass,2458.74,2198.47,760,29790899
18014269,belj,2546.5,2198.24,268,29790897
12169073,unicornbetrayal,2375.95,2198.11,290,29790900
4720880,- Sana -,2338.11,2197.99,486,29790901
3880685,Indexuu,2467.14,2197.06,678,29790899
18152072,Tr4wZm4D,2533.48,2197.00,249,29790898
15533083,_MDM_,2593.12,2196.79,80,29790897
33407560,Asatsuki Sakura,2450,2196.21,298,29790899
2367098,davidec,2478.54,2196.03,640,29790899
12332795,re66,2368.96,2195.14,652,29790901
1231863,Fer-sama,2476.32,2195.09,693,29790899
4412630,_Domyng00,2504.39,2194.47,629,29790898
20834055,_yea,2397.93,2194.45,231,29790900
12066467,Maikl in Osu,2459.22,2194.31,513,29790899
7093736,Fawx,2464.78,2194.12,346,29790899
21786922,foodest,2373.92,2193.88,416,29790900
23934496,RESHKA,2532.69,2193.73,439,29790898
11228677,ShellTear,2353.57,2193.07,187,29790901
18250490,Miguel Trueno,2524.73,2192.93,436,29790898
20200977,juanka89,2477.74,2192.62,590,29790899
5619445,ben000,2481.23,2192.34,597,29790898
4671071,Ckc13579,2460.49,2192.13,774,29790899
11384202,Protecc_Thecc,2463.83,2192.08,594,29790899
5298716,- Sona -,2465.39,2191.47,518,29790899
2225691,cymx,2498.38,2191.07,634,29790898
697007,Hatsuse,2561.83,2190.97,380,29790897
34086402,KMSR2020,2502.92,2189.69,195,29790898
31308751,awaoooooooooi,2493.19,2189.31,388,29790898
18296123,Warkoen,2511.81,2189.24,474,29790898
38498853,nether Egl,2553.76,2188.51,75,29790897
11517157,masked,2497.76,2187.05,-124,29790898
30522144,2nd-Phantasm,2364.21,2185.22,650,29790901
13435559,Afurika,2414.32,2185.13,550,29790900
6176811,Andhra_,2423.76,2185.09,805,29790899
32645188,trading,2463.17,2184.47,-94,29790899
34898792,porenji,2448.11,2182.82,258,29790899
22772500,Potaatti,2467.36,2182.76,113,29790899
17176440,willis,2578.97,2182.59,140,29790897
30381445,fengxiaohua,2444.44,2182.51,709,29790899
28675153,Aikawakazuh,2383,2182.24,585,29790900
7648939,randolph,2530.2,2181.49,417,29790898
17952568,California,2480.55,2181.25,7,29790898
25094413,raynald,2512.58,2181.20,100,29790898
23435369,Shoonks,2424.78,2180.88,943,29790899
34050989,TheRealB3Rk,2589.09,2180.43,132,29790897
1538223,Roger,2425.15,2180.30,842,29790899
3118829,Aseon,2292.82,2179.70,582,29790902
31338721,allurr,2500.11,2179.39,353,29790898
9546879,AleksaCat,2474.65,2178.75,446,29790899
4409118,kuhekin,2380.84,2177.87,78,29790900
33733124,Uhorky,2546.39,2177.30,257,29790897
2641141,Phorni,2389.73,2176.64,801,29790900
8444131,Kat Cass,2422.25,2176.14,915,29790900
17657457,Zachary Gacha,2514.92,2176.09,399,29790898
1212842,monica angel,2453.7,2176.01,664,29790899
21055446,olaaaaaaaaa,2508.64,2175.99,462,29790898
36891421,mynnk,2530.46,2175.73,319,29790898
38071125,WLan,2367.91,2175.67,617,29790901
4335411,MariaMaid,2435.08,2175.46,781,29790899
29298999,AlienGame737,2568.32,2174.72,151,29790897
11037150,JohnyNutrium,2497.92,2174.51,107,29790898
1980231,BeatNinja,2500.73,2173.68,511,29790898
8728647,-Wind,2539.41,2173.38,284,29790897
15155987,harry53538,2471.98,2173.33,444,29790899
4157597,Miss-Sakura,2472.96,2173.22,585,29790899
13822022,JNRS,2546.58,2173.20,285,29790897
4397050,Monioo,2464.12,2173.12,535,29790899
18533494,Zorienn,2254.91,2171.27,684,29790903
9005061,Kakugen,2415.01,2170.44,674,29790900
26306504,Cakka,2446.84,2170.40,697,29790899
37060642,-simi,2515.94,2170.03,3,29790898
7738563,shiroi-tenshi,2422.08,2169.99,716,29790900
11583488,Manski22,2477.54,2169.59,508,29790899
29662189,Kuru Shirokane,2404.96,2169.53,303,29790900
21789132,hillfreight,2591.2,2169.39,102,29790897
6647307,ElseStand,2511.32,2169.33,477,29790898
4109490,poomno28,2455.35,2169.25,481,29790899
14575156,awrr,2471.82,2168.78,478,29790899
9213381,Lorenzetto,2454.64,2168.61,374,29790899
2644952,SurroundGames,2443.12,2168.54,600,29790899
8968890,Tanggo,1510.25,2168.44,88,29790923
3982733,orphenkus,2400.34,2168.21,769,29790900
21973470,Audinini,2473.93,2168.06,416,29790899
11115513,IIKanameII,2469.09,2167.94,583,29790899
33695086,[Crz]qpwoeirutu,2501.12,2167.47,145,29790898
2258637,Kenaiql,2271.28,2167.43,29,29790903
13024203,Kazuo Ashimato,2465.77,2166.72,691,29790899
8591891,Lucid,2596.13,2166.54,293,29790896
17998123,fattyman,2496.37,2165.88,493,29790898
14181581,Nai chino,2485.53,2165.85,515,29790898
14678485,a_sekulla,2526.25,2165.26,412,29790898
31265958,ertypetit,2557.66,2163.28,181,29790897
27010357,toroosics290304,2320.2,2163.26,637,29790902
3995905,REBBD,2440.33,2162.26,735,29790899
1141633,Miku_Hatsune96,2457.74,2161.80,707,29790899
14593138,Iguana,2551.2,2160.44,109,29790897
35419874,tazer4007,2468.89,2159.94,370,29790899
18219222,Aquaryo_,2424.84,2159.56,71,29790899
3917219,octagonal,2440.46,2159.17,573,29790899
13688990,Lunar_,2580.73,2158.98,-5,29790897
24626006,maplestar1230,2483.92,2158.58,413,29790898
10998462,erichsieh,2393.31,2158.40,358,29790900
11953562,rei - chan,2304.73,2158.36,839,29790902
8316004,ducbinhthuong,2314.26,2157.53,510,29790902
16881151,FZ NOVA,2386.26,2157.24,507,29790900
14201221,synchromic,2444.54,2157.21,313,29790899
1794899,uSoda peCola,2420.33,2156.80,663,29790900
34201609,Eris Grayrat,2510.45,2155.94,337,29790898
32518258,NaiiSaii,2584.36,2155.68,110,29790897
11700080,Xdrei,2387.79,2155.53,834,29790900
16453142,Pyuuni,2337.88,2155.39,742,29790901
15386206,HolaSwords,2470.49,2154.66,183,29790899
22978219,swagger89,2527.23,2151.79,183,29790898
38249479,Peettie,2564.44,2151.23,115,29790897
16799012,[Pepper],2331.11,2151.16,493,29790901
723845,Tetsun,2414.2,2151.00,742,29790900
10228676,TheChosenOne231,2404.18,2150.95,443,29790900
10280488,pippersss,2224.27,2150.89,248,29790904
21137540,Thomasg31d,2564.68,2150.88,111,29790897
25201175,Solor,2341.62,2150.73,81,29790901
7232689,Flova,2427.69,2150.39,572,29790899
1957402,josereyes4,2423.07,2150.35,591,29790899
16186670,konohara,2410.92,2150.23,697,29790900
1072166,a875560134,2434.59,2149.39,699,29790899
6959747,uppdatee,2478.78,2149.33,342,29790899
7222943,PotatoDestroy55,2408.68,2148.58,553,29790900
37418494,enclosed,2392.89,2148.43,57,29790900
14149970,Yunarkm,2424.06,2147.65,169,29790899
39344062,lilkurk,2227.31,2147.63,623,29790904
16262559,Pitusas2,2363.85,2147.62,605,29790901
2632902,Haruka,2359.75,2147.49,602,29790901
17145917,Phureal,2403.41,2147.21,561,29790900
8133880,_fefe,2376.84,2146.98,246,29790900
14866700,Yet E,2396.92,2146.91,547,29790900
11082107,Loox15,2468.71,2146.74,586,29790899
13282358,edgar06ka,2486.01,2145.75,376,29790898
3676605,JEBRET,2361.13,2145.57,757,29790901
38017078,CatNaudo,2467.02,2145.23,-97,29790899
6982884,BaraWolf,2500.24,2145.20,152,29790898
20576809,Bl4zz,2245.03,2144.72,354,29790903
11070279,wesleyman,2443.04,2144.57,512,29790899
9690590,cyanpwnage,2424.32,2143.66,230,29790899
17625200,Azumi Isao,2393.85,2143.20,489,29790900
9482544,bjork_hater,2376.52,2142.95,905,29790900
34047183,koinatyor,2555.91,2141.38,-44,29790897
19007467,SzymCe,2479.87,2141.18,414,29790899
17635207,labubu skibidi,2313.7,2141.12,242,29790902
9439975,One Catch Man,2474.99,2140.52,453,29790899
25091280,PolloConTenis,2448.39,2138.24,301,29790899
5811347,Dentise,2550.55,2137.94,46,29790897
9615777,Deanoboi,2484.71,2137.56,334,29790898
20223999,Kuroneto,2437.18,2137.44,492,29790899
22061953,ShadowxHunter,2393.93,2137.26,790,29790900
6021703,RatCoffee,2562.75,2137.07,85,29790897
8936771,AfterPlayer,2338.9,2137.05,192,29790901
18055927,Cookiizii,2543.01,2136.95,177,29790897
4230454,Froskya,2415.76,2136.63,596,29790900
16687553,MoonFrosty,2383.35,2136.50,266,29790900
27426591,twily2004,2455.19,2136.10,454,29790899
9896619,Pelzig,2490.23,2135.50,389,29790898
29353676,Makko_,2442.29,2134.98,224,29790899
13431947,Jerem[Monkey],2521.53,2134.86,28,29790898
36132833,Choooomfe,2030.57,2134.79,692,29790909
887602,Snapoon,2420.16,2134.57,721,29790900
22631129,drocux,2386.98,2134.49,488,29790900
14885013,XiriousPower,2416.79,2134.48,474,29790900
3207648,-NAYNA-,2423.29,2134.21,650,29790899
15659396,Ibuki Fuko,2397.15,2134.11,340,29790900
40024603,Apeironn,2506.88,2133.62,213,29790898
13078418,Sley-nnamss,2445.45,2133.61,561,29790899
1161073,raya7518311,2406.21,2133.55,649,29790900
39494888,-Sharky-,2365.05,2133.47,76,29790901
32092366,DanExl,2426.34,2133.27,198,29790899
12100617,konri,2372.01,2133.08,453,29790901
17770953,PossiblyWade,2363.96,2132.88,120,29790901
16362079,isezaki,2425.43,2132.47,563,29790899
28917966,Gloomy Grome,2457.28,2132.40,446,29790899
18820974,Lessnia,2444.24,2132.18,542,29790899
18631763,khapham123,2314.6,2130.64,715,29790902
32594563,Splash29839,2401.59,2130.47,735,29790900
35036159,le_destructeur,2427.95,2130.42,522,29790899
32363566,anaxii,2455.28,2130.27,237,29790899
10178792,Darumanka,2524.92,2130.10,228,29790898
2184270,H o N o K a,2440.86,2130.10,702,29790899
7405659,Taiga Tiger,2499.72,2128.85,172,29790898
18706950,Jamixiy,2400.16,2128.55,165,29790900
132135,miku123,2409.41,2128.19,674,29790900
8623171,dying hamster,2359.24,2127.86,76,29790901
13669446,ZamsGod,2417.52,2127.79,32,29790900
6239250,Anarchyo52,2426.04,2127.56,601,29790899
1576095,Sinaeb,2475.67,2127.22,377,29790899
16512777,ford,2394.03,2127.02,143,29790900
16682219,Gelvia,2309.18,2126.46,652,29790902
34709129,tiara hoshi,2410.26,2126.45,682,29790900
849161,Saezuri,2467.25,2126.23,239,29790899
21207265,oyama mahiro,2287.52,2126.09,449,29790902
15898010,imKuse,2453.44,2126.04,169,29790899
26909584,yufuyu,2222.45,2125.68,886,29790904
1313327,Shadowa,2204.63,2124.71,308,29790904
15531494,AlmaEZ,2450.26,2124.63,381,29790899
32273231,Normal Night,2401.98,2124.60,377,29790900
10931517,Haitani Rindou,2460.35,2124.54,419,29790899
39037745,UongDC,1860.74,2124.33,432,29790913
2308728,SiriKun,2352.37,2124.02,647,29790901
4616094,-Exiled,2380.19,2123.69,800,29790900
11843535,oOMakiOo,2392.3,2123.16,725,29790900
14386788,Dxsk,2528.27,2122.73,-18,29790898
32447592,CubiKPomidorka,2390.74,2122.65,194,29790900
10173938,Lochoko,2405.9,2122.47,340,29790900
32738112,Sploofy,2492.9,2122.28,276,29790898
8869592,darksoul122,2403.05,2122.17,559,29790900
21249245,Bugxzy,2411.93,2121.98,601,29790900
9842298,bitz1337,2452.78,2121.14,373,29790899
11791607,botmakerr3000,2445.89,2121.01,444,29790899
280457,-[A]-,2390.84,2120.81,752,29790900
37600166,Scissors,2321.76,2120.54,269,29790902
31646787,ScottReignfield,2198.91,2119.32,509,29790904
11270920,Kiizuru,2443.4,2119.17,444,29790899
25836043,Horsey66,2474.33,2119.05,558,29790899
998122,Intension miku,2377.69,2118.62,672,29790900
20233547,Naw Nvm,2508.8,2118.61,-3,29790898
29413908,Likehighway,2156.94,2117.97,678,29790905
15630904,Yoruka Kirihime,2406.62,2117.81,393,29790900
20532899,opticoral,2312.48,2117.49,337,29790902
6316524,Yukari_Sama,2328.69,2117.01,623,29790901
33775772,c8mm8nfun,2453.29,2116.81,415,29790899
4971771,Chriszo,2428.09,2116.42,562,29790899
10138750,Sandali,2448.98,2115.68,267,29790899
17812436,[GB]namelest,2388.2,2115.09,276,29790900
12581086,Galbroshe,2497.47,2114.47,240,29790898
3268096,Max Schradin,2353.81,2113.74,743,29790901
22512950,n1cklz,2466.5,2113.55,331,29790899
19607311,OofChocCookie,2408.5,2113.47,357,29790900
35087057,yo2017,2378.26,2113.21,498,29790900
37065878,neurobunni,2237.99,2113.04,475,29790903
29374869,orwenn,2453.1,2112.45,221,29790899
4578362,tongmy2010,2358.93,2112.31,708,29790901
3711356,leonlin,2505.3,2112.25,173,29790898
28450057,phat123peo,2390.06,2111.91,175,29790900
30651750,ElNeyHD,2417.84,2111.72,392,29790900
10223605,Lpoool,2510.86,2111.66,219,29790898
7060343,mrBars1k,2368.22,2111.66,310,29790901
34587633,Touhou_Degen,2390.24,2111.41,257,29790900
15231510,K0rd31HP,2395.31,2110.52,186,29790900
2293789,Ayatsune,2384.42,2110.40,707,29790900
4657709,xXEDUARDOXx,2398.24,2109.95,555,29790900
12612203,NEPOBEDUMUII,2389.43,2108.53,480,29790900
17793877,Antho333,2341.04,2108.36,296,29790901
3624440,AS-ik,2400.96,2107.47,609,29790900
6526069,namuh,2355.04,2107.37,494,29790901
11518069,Daniel920,2394.88,2107.25,661,29790900
1487381,a089515676,2384.61,2107.11,602,29790900
11785781,Imewest,2279.64,2106.76,656,29790902
9653361,burritooru,2381.63,2106.31,555,29790900
22653134,Nfjoel,2210.67,2105.88,325,29790904
5453275,kim-kum,2343.09,2105.43,589,29790901
5209250,Malgedion,2374.85,2104.98,659,29790900
24062349,F3lixSram1337,2319.1,2104.85,879,29790902
5231473,-[beo147]-,2411.07,2104.57,241,29790900
4968294,Mielonka,2351.09,2104.30,677,29790901
8127606,okoknozomi,2344.5,2103.47,464,29790901
15122186,apollothehybrid,2512.81,2103.35,113,29790898
11671322,orihara k,2484.14,2103.32,229,29790898
14632995,Pitzk,2452.6,2103.28,287,29790899
32546036,vapy,2400.09,2103.18,230,29790900
29634458,OsuNoob_I,2378.8,2103.10,206,29790900
22791286,Mai_0823,2320.52,2103.05,243,29790902
12224742,DyhoCoffee,2326.41,2102.43,654,29790901
5594597,RynuxverAz,2241.92,2102.22,701,29790903
2313782,szczypior16,2344.93,2102.11,766,29790901
7328946,rocky551,2366.44,2101.88,660,29790901
25951158,mayonnaise7676,2473.78,2101.73,155,29790899
19832671,FluffyPaka,2422.44,2101.64,174,29790900
34697261,waro,2293.88,2101.38,278,29790902
7145228,Nightmare125,2409.32,2101.26,526,29790900
5387232,Naruni,2383.47,2100.58,776,29790900
9169516,Dragonkyn,2533.21,2100.43,2,29790898
37652273,ChocoLVR,2353.15,2100.35,147,29790901
11054196,Masentunutpaska,2347.19,2100.33,695,29790901
11930052,RENE1122,2403.22,2099.92,371,29790900
30226035,winterlxv,2463.37,2099.44,214,29790899
847434,Fragmented,2429.18,2099.35,499,29790899
8206086,Paulita,2428.4,2098.72,433,29790899
13279819,[Axvyn],2222.92,2098.10,307,29790904
10978083,Collins1337,2362.46,2098.05,735,29790901
7341471,Seiong,2354.78,2098.04,225,29790901
24468235,sunsetxgod,2524.4,2097.66,77,29790898
31883468,AzvidPlayz,2372.46,2097.40,554,29790901
1907476,Mockingbird-,2377.01,2096.69,645,29790900
5008080,zunnzu,2361.62,2096.32,613,29790901
7087699,ArchieA7,2364.78,2096.16,398,29790901
4909780,Takeda-san,2385.39,2095.79,659,29790900
14754287,naoming728,2429.47,2095.66,396,29790899
8414182,Makaya,2469.64,2095.22,335,29790899
693733,KumoriBeat,2343.53,2094.77,802,29790901
15679283,Raihan1242,2430.75,2094.52,180,29790899
6544403,KoloMl,2434.37,2094.14,251,29790899
16828855,youka,2469.23,2093.71,246,29790899
16140099,[TK]SuX,2348.17,2093.59,186,29790901
8368080,jellyfrill,2399.38,2093.26,588,29790900
11645243,[-HONORIN-],2436.39,2092.98,116,29790899
17802537,sytrm,2448.86,2092.75,202,29790899
11980188,ShimejiFish,2465.48,2092.62,191,29790899
1847698,PiraTom,2332.15,2092.24,789,29790901
35153326,Beebadoobee,2411.24,2092.17,533,29790900
30134308,Deidad,2159.83,2091.89,385,29790905
7143046,Roschpon,2405.51,2091.85,459,29790900
9810726,Fantastic Demon,2222.85,2091.75,382,29790904
8457674,mineman189l,2400.49,2090.95,568,29790900
6687510,Useless_Rune,2358.35,2090.46,669,29790901
32873651,_katdangiu,2416.16,2090.29,63,29790900
27288240,Blitzbibi,2160.68,2090.28,666,29790905
29487895,chuan_yuan,2483.36,2090.22,214,29790898
8724302,Skyora,2414.8,2088.74,244,29790900
21143556,J4C0B3Y,2384.17,2088.55,360,29790900
3532286,puzzle515,2330.38,2088.31,548,29790901
16174453,Sinistrix,2287.2,2087.99,553,29790902
25985838,M115b,2326.03,2087.68,205,29790901
8479033,SwoBot,2300.86,2087.49,901,29790902
4485718,GiDSUNA,2512.65,2087.13,82,29790898
4311251,terryaa,2341.48,2087.08,660,29790901
37208681,juanmezza,2147.57,2085.81,135,29790906
37770662,pa4ipu4,2392.16,2085.72,245,29790900
881718,Aye-kun,2373.19,2084.74,665,29790901
19344148,TTVmanylildane,2275.68,2084.22,43,29790903
2984074,ming0328ming,2393.02,2084.18,478,29790900
12489832,spanner dude,2324.11,2083.07,437,29790902
917729,EleWand5,2362.07,2082.66,549,29790901
30973609,MoeRain233,2447.06,2082.41,362,29790899
24871865,SUGTIE,2366.35,2082.29,504,29790901
16307474,8605,2251.35,2081.71,671,29790903
9518585,Krismo99,2371.89,2081.37,508,29790901
10337039,[ Vanilla ],2431.92,2080.68,475,29790899
7236985,YourSensei,2222.27,2080.43,749,29790904
29718910,Waves,2230.93,2080.28,305,29790904
18159274,Choke Master,2417.18,2080.23,341,29790900
763410,PandaPockies,2360.52,2080.12,585,29790901
2903145,Re Mi,2254.3,2080.11,614,29790903
35507311,UraKTune,2410.63,2079.92,220,29790900
15488079,lucurss,2356.78,2079.75,318,29790901
10618467,Spartanxe,2436.24,2079.68,192,29790899
12271079,linkssxx,2426.19,2079.41,332,29790899
252760,xo3au3284bp6,2377.99,2079.17,654,29790900
6439880,]]]]]]]]]]]]]]],2450.68,2079.05,344,29790899
29448453,2KillJoy2,2005.89,2078.87,154,29790909
33786670,MetalowaRynna,2279.9,2078.56,407,29790902
39109129,idk12938129,2291.26,2078.53,236,29790902
1808295,spr66,2356.57,2078.50,618,29790901
9575603,- IsleNauts -,2393.47,2078.45,381,29790900
27985365,_rmb_,2329.07,2078.37,714,29790901
8183049,UrQty2,2397.44,2077.84,240,29790900
17706434,Lbest,2504.76,2077.66,132,29790898
36944895,Akitayinu,2096.98,2077.54,436,29790907
8503743,Izzeee,2516.39,2077.39,17,29790898
33594313,ZOMBIEKILLERZ96,2369.77,2077.18,609,29790901
10287647,useroriginal,2385.83,2076.89,513,29790900
30413384,NerdTheBox,2295.96,2076.40,387,29790902
11227963,Aleff1337,2382.54,2076.21,391,29790900
7949203,Mj2hogan,2508.16,2076.12,191,29790898
22657381,-Stew,2358.45,2075.83,623,29790901
5302326,tsarbomba,2427.5,2075.54,288,29790899
10716760,succccn,2434.83,2075.45,382,29790899
25422738,WolfgirlUnnamed,2360.92,2075.31,713,29790901
7655858,hrot01,2428.24,2074.83,186,29790899
13171482,[Iron],2372.71,2074.12,231,29790901
1182257,Jiu Wei Hu,2313.77,2073.90,855,29790902
2555538,UnionCurrency,2332.51,2073.89,712,29790901
14957952,Warlock25,2346.62,2073.82,612,29790901
87181,takemaru,2373.52,2073.64,516,29790901
37441312,AlieLinux,2278.4,2073.23,491,29790903
18252356,Koromixi,2315.11,2072.89,194,29790902
26076756,DiegoV_prin,2412.05,2072.43,204,29790900
14214621,X3naRri0,2370.86,2071.74,486,29790901
16787675,Cranium,2413.21,2070.80,50,29790900
9733232,Antarius01,2323.22,2070.61,409,29790902
10440725,macoei,2455.67,2070.12,264,29790899
13398855,Dragor25,2323.04,2070.09,554,29790902
10577778,-The Lost-,2348.93,2069.58,672,29790901
11922916,UnknownUser2003,2091.34,2069.58,725,29790907
12445943,Swek,2420.01,2068.72,143,29790900
5253205,feshu-chan,2322.65,2068.64,730,29790902
14063780,uvxo,2349.88,2068.21,478,29790901
5071686,Rakmar,2426.52,2068.14,236,29790899
19036038,500skills,2305.6,2067.76,420,29790902
12041915,Leonidas-Chan,2425.55,2067.22,249,29790899
32321575,hiromi-,2343.68,2067.14,172,29790901
12128997,Nireko,2417.92,2067.03,215,29790900
35107790,JustEmilo,2451.89,2066.93,75,29790899
36836927,AwesomeCatcher,2252.39,2066.67,292,29790903
38092653,mingkongowo11,2406.8,2066.34,171,29790900
351944,Sonny,2319.34,2066.33,796,29790902
5446217,hitomi haru,2122.48,2066.21,552,29790906
31217631,onionsans,2392.41,2066.09,297,29790900
3515205,Shion1284,2403.48,2066.04,532,29790900
18207843,Dominikuki007n,2423.38,2065.98,45,29790899
30903069,RVL,2373.75,2065.81,18,29790901
20495031,hydradicts,2370.4,2065.41,329,29790901
3285455,Mavenix,2413.74,2064.67,335,29790900
17237282,ShiretokoShary,2415.91,2064.42,317,29790900
15285902,Brst,2261.78,2064.31,452,29790903
22545363,zabkaexe,1735.06,2064.18,404,29790917
3819901,Inoculum,2320.99,2063.41,708,29790902
571840,ShiAYusi,2371.17,2063.34,494,29790901
38404418,Gropix,2407.8,2063.11,119,29790900
39052989,Arixa,2079.97,2062.70,18,29790907
21388243,Cheddarcat135,2394.96,2062.62,162,29790900
19314030,DDDiabo,2348.7,2062.14,179,29790901
8803502,big girl,2334.93,2062.07,593,29790901
9214863,super_cat1,2382.9,2061.74,312,29790900
9110801,xSkenia,2368.14,2061.62,600,29790901
1050276,Alfonse00,2375.84,2061.59,618,29790900
13394437,FreyesValdi,2310.43,2060.74,551,29790902
5280948,Tsunderplane,2313.28,2060.48,770,29790902
7540631,virtuoso,2134.71,2060.44,308,29790906
6489711,HugeCachudito,2351.89,2060.21,591,29790901
32682627,calfie,2452.06,2060.09,139,29790899
5216262,ronza,2327.94,2060.03,651,29790901
4842657,Yonaton,2380.48,2059.61,391,29790900
10382670,BaoOtakun,2325.06,2059.30,192,29790902
17787892,Latte_Gun,2409.25,2059.26,365,29790900
16378561,Pouxba,2404.28,2059.12,177,29790900
4751564,INEWBIE_PLAYERI,2403.93,2059.12,378,29790900
23647114,PekusaBot,2337.46,2058.94,381,29790901
11296863,shinjimano,2379.06,2058.66,394,29790900
10634079,yArtamiel,2402.29,2057.50,308,29790900
4812353,ILSXTheHiker,2369.52,2056.99,568,29790901
37572130,Zhock3,2463.3,2056.81,78,29790899
28016556,patryk0074,2234.47,2056.46,583,29790904
2368744,LeaPhant,2281.27,2056.42,354,29790902
2059888,WatSky,2313.35,2055.95,735,29790902
9054531,Lobster,2281.96,2055.86,158,29790902
35283516,dananbm07071,2253.09,2055.65,702,29790903
16646080,TheSeaPickle,2105.34,2055.58,585,29790907
10494860,MashedPotato,2352.87,2055.12,251,29790901
11805458,StayHighKids,2286.89,2054.77,274,29790902
10840078,Korma,2412.29,2054.38,372,29790900
8570223,steven liem,2274.9,2054.01,278,29790903
5313922,VoidHou,2339.06,2053.98,634,29790901
20461909,Soylent,2349.16,2053.75,161,29790901
39756915,god_offruct,2108.33,2053.55,512,29790907
4702284,fco,2391.83,2053.42,431,29790900
16497228,rei46,2265.99,2053.23,747,29790903
4610540,jincobloba,2349.52,2053.20,619,29790901
11237834,Block_rei1007,2501.54,2052.96,13,29790898
5837615,-[ WunWun ]-,2325.56,2052.96,690,29790902
37987659,YukiTsukii,2391.35,2052.94,33,29790900
34875812,Hexaninokuro,2379.47,2052.57,405,29790900
29811164,EinChrissi,2327.15,2051.90,513,29790901
6434626,alexXG32,2366.29,2050.91,419,29790901
2088786,Minocat,2333.56,2050.52,580,29790901
7883349,kittyneko431,2362.97,2050.44,434,29790901
19287284,NatsuStyles,2283.11,2050.30,232,29790902
18038029,Miasii,2403.68,2050.25,277,29790900
19639363,-Reminiscing,2247.64,2050.09,843,29790903
10043558,BrunetteBird,2286.19,2050.01,554,29790902
2509288,AriaViria,2309.58,2049.14,757,29790902
15470465,Fzl,2348.26,2048.62,296,29790901
10919051,Koneku,2351.3,2047.92,511,29790901
21570123,LamThoCoNuong,2295.64,2047.56,676,29790902
906665,claudio1264,2223.11,2046.67,552,29790904
4709259,Redarcangel,2341.91,2046.65,609,29790901
7500101,0w3n,2333.22,2046.37,401,29790901
16963997,Aston Machan,2312.86,2045.78,193,29790902
4394129,angelo177,2308.76,2045.46,590,29790902
17147440,Kornjii,2199.45,2045.24,107,29790904
5583637,Aish-,2300.22,2044.88,658,29790902
4504064,Riku1080,2298.23,2044.66,680,29790902
1949260,thelazynuke,2331.86,2043.87,669,29790901
7033339,simon_tilburgs,2311.6,2043.70,553,29790902
29978316,-Kazuha,2343.88,2043.19,301,29790901
19006646,Kyanzel,2349.26,2043.17,158,29790901
9813146,seytole,2284.6,2043.01,509,29790902
3221387,citsmaster,2278.65,2042.98,608,29790902
11244866,Thanone,2352.99,2042.86,285,29790901
10291361,Meinosu,2359.07,2042.70,249,29790901
2103927,topecnz,2249.2,2042.30,455,29790903
14316359,[ L o k_ ],2136.6,2042.14,657,29790906
14730026,Kens0x,2208.42,2042.00,779,29790904
27428329,eri_chanuwuu,2306.76,2041.82,694,29790902
642063,PlayTheChopa,2309.49,2041.77,703,29790902
22497376,MyAngelNaginagi,2334.02,2041.03,97,29790901
11948449,RelaxHD,2352.52,2040.79,457,29790901
476812,Niyusance,2244.39,2040.61,688,29790903
6904109,Tupita80,2354.08,2040.51,472,29790901
14129413,YIyUe21,2214.76,2040.09,661,29790904
9873553,NTP-17,2383.58,2039.80,418,29790900
7671790,Komm,2330.09,2039.29,340,29790901
11126230,Cristobal1324,2414.49,2038.52,237,29790900
9350342,Pedrito,2455.07,2037.45,121,29790899
4656643,ThisYuzu,2347.58,2037.04,539,29790901
1856700,donek98,2330.79,2036.78,659,29790901
16437847,DSDBX,2308.08,2036.39,682,29790902
38237904,Noro_X1,2265.73,2036.36,37,29790903
36093126,NEONL1KE,2234.63,2036.23,140,29790903
18767975,Lytem,2284.74,2035.89,209,29790902
8985575,LuCiell,2352.3,2035.80,571,29790901
13727480,TrieuVeGa,2305.76,2035.75,661,29790902
7427035,Chompy,2430.92,2035.69,308,29790899
7524739,DaryllDjwess,2262.44,2035.54,932,29790903
6658252,Chigao,2399.48,2035.23,351,29790900
6907728,dixiexd,2375.13,2035.17,405,29790900
11080305,Luufasu,2239.75,2035.07,565,29790903
29497091,MamsyWamsy,2225.77,2034.94,479,29790904
9493769,ray_kotoko,2316.65,2034.93,728,29790902
11430617,LynaR,2242.78,2034.61,479,29790903
15387556,Mike Hawk,2259.96,2034.52,21,29790903
15340906,Fubula,2294.73,2034.47,561,29790902
35245196,IStoleTheToast,2318.09,2034.01,210,29790902
13251422,Ryomsress,2148.18,2033.70,96,29790905
6397367,Hunxin,2282.7,2033.48,489,29790902
31185543,Ivan_roomybear,2324.41,2032.25,348,29790902
12302190,TyeBallz,2303.79,2032.17,599,29790902
36425815,Fricey,2398.86,2032.01,270,29790900
1060081,Chie Satonaka,2302.83,2031.68,691,29790902
31447961,exwhyzett,2324.53,2030.39,238,29790902
13432283,AliceInWndrland,2321.08,2029.23,472,29790902
32384156,antimarker,2315.79,2029.00,254,29790902
15957447,lzf_old_1,2218.69,2028.86,276,29790904
5078205,AjaxTheGreater,2276.55,2027.90,724,29790903
16945751,Little_k,2314.2,2027.69,488,29790902
8917069,Piel,2271.79,2027.62,344,29790903
29149939,lower_VOCALOID,2384,2027.54,336,29790900
2470613,SharonElric,2320,2027.28,603,29790902
7630046,Davvlan,1700.97,2027.19,455,29790918
9821085,alejo24019,2321.38,2026.66,635,29790902
2507043,zmiennoimienny,2307.94,2026.58,539,29790902
215906,a18184457aa,2311.89,2026.38,660,29790902
5214397,upan,2129.82,2026.05,768,29790906
1099942,KillZangetsu,2328.37,2025.71,605,29790901
4520790,7Akihito,2361.8,2025.06,465,29790901
2879237,joser4,2089.61,2024.89,540,29790907
16403250,Ecchou,2106.48,2024.81,267,29790907
38487655,Glow-ore,2267.02,2024.63,214,29790903
1699959,joe chen,2314.88,2024.31,642,29790902
23996416,sqoop,2428.73,2023.90,194,29790899
39563923,oddset,2181.32,2022.60,580,29790905
11324855,BirdKunX,2272.28,2022.15,612,29790903
31347603,te_betst,2480.47,2021.63,34,29790898
461115,Dimax3,2297.35,2021.61,660,29790902
17395378,Scrlett,2366.91,2021.54,37,29790901
34363914,Mikyu,2465.68,2021.40,65,29790899
22571869,pjxpjx,2300.13,2020.31,408,29790902
15245943,aywar,2280.98,2020.11,765,29790902
7772622,TamamoLover,2178.24,2019.18,419,29790905
9337612,Witty,2306.16,2018.95,258,29790902
1316335,Chiyokou,2303.12,2018.92,630,29790902
27169125,leewuang,2274.6,2018.48,261,29790903
24843678,lakompe,2368,2018.38,320,29790901
381467,eureka 7 505,2297.14,2017.81,614,29790902
11299740,Penguin02,2360.59,2017.44,391,29790901
4329087,zerdg,2350.13,2016.44,475,29790901
11875188,StarDyer,2231.85,2015.74,663,29790904
27919272,Sirkey,2370.5,2015.67,162,29790901
6129995,boblint,2386.57,2015.31,167,29790900
33746951,Arusota,2413.52,2015.01,189,29790900
33709518,RaulC975,2332.79,2014.89,447,29790901
31126975,Misatuk,2371.03,2014.80,201,29790901
20294517,PowerShifter,2201.24,2014.57,340,29790904
21755740,Dr Hiruko,2332.06,2014.38,538,29790901
9634189,iAimFoxz,2088.23,2014.37,101,29790907
252223,Chily,2289.35,2013.82,618,29790902
36338042,LONZO,2311.47,2013.73,217,29790902
19573659,captainashleeey,2402.36,2013.54,48,29790900
34646363,Kaitsunhone,2375.51,2012.98,252,29790900
32212696,Yakotta,2270.54,2011.83,192,29790903
4205944,Oneshot-op,2322.04,2011.61,493,29790902
24583038,kocicka,2366.7,2011.29,225,29790901
29742737,MintGhost,2360.4,2010.96,302,29790901
28550912,fininiii_,2404.82,2010.45,50,29790900
11965992,ChuChuYeahh,2040.52,2010.04,721,29790908
3298471,Sporia,2111.27,2009.98,160,29790906
10780582,Anidaria,2271.08,2009.80,632,29790903
19944415,F0R9eT,2354.15,2009.76,380,29790901
20085114,Turbomost,2353.67,2009.25,69,29790901
19638200,iTz_Jacky,2339.2,2009.21,239,29790901
19124862,YoshinoTT,2315.04,2008.80,581,29790902
33041206,aait,2306.4,2008.54,149,29790902
9626482,Shadowww,2331.47,2008.03,289,29790901
10407363,Speedplayer178,2368.35,2007.39,5,29790901
7787999,theseveny3,2254.59,2007.27,740,29790903
13600684,kdj8381,2253.51,2006.67,308,29790903
4025606,Shizumi Ai,2268.49,2006.49,447,29790903
2133130,Senshi_nyan,2312.27,2006.47,606,29790902
6284343,Zarchv,2322.14,2006.24,440,29790902
9856597,Dawson 2,2242.38,2006.20,650,29790903
11629119,-[Colorful]-,2363.07,2006.16,193,29790901
4815930,Applequestria,2413.05,2006.13,210,29790900
16741941,666evil,2229.04,2005.95,101,29790904
12304069,-TeaBee-,2370.02,2005.76,212,29790901
9978880,AgarSanik,2176.71,2005.28,577,29790905
14814954,3ku,2269.28,2004.76,353,29790903
36260346,CherryNOVA,2278.32,2004.64,107,29790903
7544622,KorwiN,2294.62,2004.42,607,29790902
4547189,Twiranux,2287.34,2003.44,720,29790902
18915284,pietruszka130,2305.13,2003.25,535,29790902
28446596,manabian,1480.09,2003.16,281,29790924
5139514,RevRoadster,2329.74,2002.87,392,29790901
37768742,TheHardcoreToby,2307.19,2002.68,370,29790902
19014489,LuluwOwo,2386.7,2002.63,119,29790900
26527329,Pisslow,2247.77,2002.36,106,29790903
28502283,yoroyuri,2314.74,2002.35,238,29790902
2751062,LeWhitekey,2293.09,2002.31,648,29790902
9335676,Ohime,2303.27,2001.82,598,29790902
38917991,Fluky,1912.57,2001.67,210,29790912
13451629,Memoire,2281.48,2000.21,365,29790902
2176158,[_YvOnSo_],2250.61,2000.10,782,29790903
8491049,GamerArdy,2304.64,1999.16,578,29790902
8950502,- Jade -,2268.77,1998.80,708,29790903
1712128,Symphis,2259.53,1998.48,686,29790903
23195834,EeryPegasus7275,2244.6,1998.16,772,29790903
17983399,Felix77_ITA,2121.64,1997.68,332,29790906
12804159,XxcacahuetoxX,2304.43,1997.65,364,29790902
7274952,holli333,2357.95,1997.54,335,29790901
39559204,Lavenderleaf,2067.5,1997.32,30,29790908
12101917,zadknus,2231.92,1997.30,356,29790904
15933036,QMI,2316.42,1997.12,403,29790902
12777153,Laknicek,2192.42,1996.86,618,29790905
7406698,ManiaPlayingCat,2295.75,1996.45,406,29790902
2153336,Yuzuru,2179.05,1996.39,714,29790905
31966267,Maxides,2269.07,1996.18,157,29790903
9639388,Mordred120,2241.39,1996.07,652,29790903
479296,Uncle Chen,2272.4,1995.99,639,29790903
34309871,Sylbreon,2359.56,1995.96,148,29790901
30614342,xjoy,2401.65,1995.80,132,29790900
11718379,killersqualo,2326.25,1995.71,330,29790901
12124101,YeonWooIsBae,2243.46,1995.70,740,29790903
10083262,NebulaMystery,2309.33,1995.27,305,29790902
10298797,Ze_in,2338.22,1994.71,248,29790901
16966637,Yrik7_6,2289.62,1994.59,242,29790902
36070399,Jekkaa,2369.13,1994.55,202,29790901
6880484,Block Head,2223.2,1993.83,548,29790904
23115247,Nyct,2221.02,1993.41,239,29790904
7390679,Scarowak,2262.64,1993.18,580,29790903
23059290,Christojesus07,2421.47,1992.39,107,29790900
6787940,Cole Cassidy,2312.57,1992.23,38,29790902
10087522,TallishWaif5,2385.65,1992.19,161,29790900
608688,Froggy92,2253.25,1991.18,735,29790903
29247338,matthew90790,2303.64,1990.45,197,29790902
3176426,Agueditha,2261.7,1989.27,599,29790903
23327830,Drippy Meep,2209.52,1989.08,223,29790904
8449792,Oedipsos,2371.79,1989.05,124,29790901
14607006,DreamSquadP4,2179.32,1989.04,516,29790905
10569415,[Diamond603],2253.02,1988.98,758,29790903
3715552,doodlejam99,2304.25,1988.71,571,29790902
14832855,cocos,2219.56,1988.11,358,29790904
6385453,Nek1i,2310.85,1988.08,340,29790902
5352877,Halos835,2285.75,1987.79,545,29790902
22934753,verily,2365.82,1987.62,253,29790901
25060140,Liumiya,2196.15,1987.37,633,29790904
30134091,superlimon,2399.2,1987.35,73,29790900
19917226,corrot,2257.6,1987.29,219,29790903
2667984,Tiisa,2301.64,1986.68,506,29790902
7081179,Tevim,2276.03,1986.52,235,29790903
31254637,LeaderPork,2264.53,1986.41,313,29790903
11339432,burst527,2278.89,1986.31,637,29790902
7915523,xarrian,2325.27,1986.14,390,29790902
31229628,RB16B,2137.65,1985.92,405,29790906
12034847,Jaquella,2357.24,1985.25,169,29790901
32522404,BaguetteSophie,2249.47,1985.24,688,29790903
7665002,Redsavarin03,2377.23,1984.95,177,29790900
14877908,osuloser129,2291.81,1984.95,466,29790902
23391979,o13,2300.36,1984.79,365,29790902
17474128,Joiii,2259.19,1984.68,117,29790903
1080193,D_Sido,2246.31,1984.52,790,29790903
6515522,LeafyStorm,2291.36,1984.34,616,29790902
18050562,KraterSapee,2229.23,1984.08,577,29790904
20044158,[-Ding-],2329.46,1983.95,133,29790901
19233041,Gabix-,2211.95,1983.92,297,29790904
11712094,warido,2350.58,1983.03,277,29790901
10645962,Soviena,2333.29,1982.44,268,29790901
12167947,-jusu,2286.77,1982.24,60,29790902
1196567,NekoHappy,2255.73,1981.58,673,29790903
13065253,okawaffles,2354.7,1981.55,112,29790901
6428130,NickEverGreen,2179.13,1981.44,630,29790905
15734687,Muri God,2012.56,1981.39,167,29790909
17728999,Serasona,2357.3,1981.11,253,29790901
8034856,-Fabio_Yusuf-,2224.62,1980.56,802,29790904
26758817,AuroraFluffy,2268.08,1980.52,635,29790903
32671812,NurielPepega,1894.51,1980.30,334,29790912
16317888,moonfle,1767.16,1980.05,196,29790916
13825606,bareru_,2224.72,1979.85,569,29790904
12050992,wardant,2270.24,1979.62,558,29790903
4193212,-[IA]-,2241.06,1979.09,673,29790903
4220783,Lemon_star,2216.43,1978.70,698,29790904
1759871,DragonSlayer96,2315.73,1978.59,522,29790902
3877441,ade222,2236.96,1978.47,112,29790903
38596070,ars1027,2067.04,1978.17,102,29790908
2432238,Marico2124,2197.95,1978.12,687,29790904
9006614,Daveato,2198.45,1977.77,304,29790904
13063996,Nescafe Classic,2313.88,1976.81,322,29790902
13122344,Tekido,2287.01,1976.30,261,29790902
5413818,Mikilenzelo,2239.22,1975.81,773,29790903
7833393,[ Schwi ],2063.01,1975.76,645,29790908
15984485,_Owen_,2317.02,1975.64,117,29790902
15174223,[LS]Byte,2299.16,1975.57,21,29790902
4498616,MBmasher,2243.06,1975.34,192,29790903
6977933,Hoppin Mad,2297.01,1974.84,277,29790902
16154435,Yoozak,2087.39,1974.73,553,29790907
33358360,NotShadow0_0,2320.37,1974.57,126,29790902
31291917,nonresu,2291.67,1974.27,455,29790902
9717777,Ueva,2232.01,1974.01,582,29790904
30175460,kindled,2168.07,1973.76,237,29790905
13935788,[PH]Sniperzxc,2113.69,1973.36,588,29790906
21621811,thagawaro,2210.85,1973.28,806,29790904
18389097,GDkelvin,2173.96,1972.82,634,29790905
38258242,samrj,2359.17,1972.16,199,29790901
2135188,Ayami-chuan,2265.29,1972.01,609,29790903
1844278,a708708,2232.37,1972.00,575,29790904
4661194,SFL weiyin,2285.67,1971.79,484,29790902
20569770,NovaSeele,2225.42,1971.78,262,29790904
26887934,0v0,2291.5,1971.58,121,29790902
18018660,pinoa,2297.94,1970.93,378,29790902
14152889,- Natsuki -,2369.62,1970.71,274,29790901
3044264,Skid,2273.92,1970.69,390,29790903
39959354,LnKv,1957.88,1970.44,249,29790911
17645405,WhiteTiger02,2264.26,1970.27,307,29790903
11559369,DarkWolfyChan,2289.14,1969.96,235,29790902
3430439,Meliodafu,2093.26,1969.57,476,29790907
8365755,valerza,2302.97,1969.44,139,29790902
5223921,Ginel,2337.62,1969.35,314,29790901
13378004,Karameru,2268.57,1969.23,330,29790903
2779444,xiyangOvO,2242.23,1969.12,675,29790903
39825796,kzsumi,2229.32,1969.06,72,29790904
32151196,[LS]Astal,2308.47,1968.96,188,29790902
9913063,dragonballhero1,2229.44,1968.64,877,29790904
9977150,Niccy,2387.35,1968.26,172,29790900
8892888,22624708,2211.24,1968.25,909,29790904
19328560,r8t,2407.08,1967.88,51,29790900
15786837,primase,2350.67,1967.58,182,29790901
16494738,HiKi - Neet,2180.86,1967.47,634,29790905
3800059,rionexteam,2217.25,1967.27,742,29790904
14090741,kukinta,2256.27,1967.19,610,29790903
28548745,Some1SomeWhere,2203.94,1967.06,231,29790904
4212220,AmaniaZumaKitty,2304.12,1966.94,463,29790902
11887852,[ Yagii ],2187.64,1966.40,156,29790905
24372948,SNOW_OSUZZ,2298.52,1966.24,342,29790902
12762763,potato2236,2264.05,1965.67,376,29790903
3485899,arthazmage,2171.39,1964.85,520,29790905
11307709,virtorff,2306.94,1964.80,360,29790902
7745026,02jam,2092.42,1964.73,73,29790907
6410755,Kaida Shuu,2170.32,1964.68,746,29790905
31906494,zyreq,2247.02,1964.08,173,29790903
13338174,latiasred,2336.92,1964.04,308,29790901
2009817,STORM_RST,2244.49,1963.97,654,29790903
11435307,ChroVieLS,2235.11,1963.92,311,29790903
27631354,jakals2,2261.98,1963.57,233,29790903
18836094,mistycatw,2195.2,1963.24,540,29790904
12106633,khangdeptrai,2264.97,1963.22,566,29790903
1212357,abivastolorde,2247.22,1962.97,721,29790903
27624005,3290710997,2116.76,1962.24,227,29790906
15287567,Heidy0717,2273.7,1961.74,604,29790903
25396679,reisen91937,2332.37,1961.70,334,29790901
20842612,tsuyami,2288.73,1959.96,186,29790902
11335295,nakahara,2275.17,1959.81,480,29790903
13651804,savoie,2002,1959.81,267,29790910
20268395,SoyMauri,2181.4,1959.24,477,29790905
2087662,kyleireland,2259.35,1959.13,615,29790903
13306770,SyuriKazerou,2120.14,1958.96,257,29790906
5284765,OOAKOO,2096.25,1958.81,676,29790907
25959426,ThucNg,2296.16,1958.44,391,29790902
8633984,Koneko04,2262.55,1958.07,488,29790903
30028188,wxbasd,2252.62,1957.92,259,29790903
10628950,jayjay1225,2141.34,1957.88,901,29790906
17789639,Zarta,2236.74,1957.12,171,29790903
16293499,piluu,2204.06,1956.74,528,29790904
6777358,beaw,2333.95,1956.43,248,29790901
11424414,the Redjay,2245.77,1956.42,313,29790903
10659329,megaxxx,2248.46,1956.23,621,29790903
1089679,catman16,2223.86,1956.09,731,29790904
9581028,Toshinou Kyoko,2148.93,1956.05,354,29790905
10369874,Angeliuxz23,2217.7,1955.86,670,29790904
1203888,RenattoSykes,2252.79,1955.74,601,29790903
17223024,OOOOOOOOOOOOOOO,2225.2,1955.59,769,29790904
14509479,Cofffelo,2264.12,1955.32,436,29790903
3412429,Fuhiki,2225.67,1955.06,663,29790904
12011809,symbioticstar,2139.98,1954.80,675,29790906
39005944,anewcomer,2281.73,1954.62,405,29790902
11328909,KIngReeper,2347.45,1954.21,196,29790901
2785290,Hexerei,2218.39,1954.03,710,29790904
11800168,jnQAQ,2003.51,1953.85,225,29790909
6809065,vadi92,2194.58,1953.84,871,29790904
24789103,BIoom Into You,2160.88,1953.60,236,29790905
25609443,LeanNarwhal,2206.19,1953.46,652,29790904
3857985,Yel,2081.8,1953.34,467,29790907
14980864,Chirikikajimo,2262.17,1953.14,472,29790903
20040690,JinMori07_,2391.99,1953.12,31,29790900
9453134,Koni,2280.21,1952.39,177,29790902
18057086,Ursg,2322.34,1952.34,219,29790902
9112872,vpertys,2207.52,1952.14,237,29790904
13665033,NyaVanilla,2201.57,1952.00,671,29790904
8828029,tn7856,2215.11,1951.60,380,29790904
29279269,6coin,2290.47,1951.55,99,29790902
4615707,-dark-fire,2057.54,1951.50,518,29790908
10213706,Zultar,2223.04,1951.46,447,29790904
2921587,[Rod],2238.33,1951.43,537,29790903
12858385,standrax,2273.17,1951.12,518,29790903
13418221,Finmi,2283.66,1950.95,138,29790902
16100800,ICECAKE,2269.15,1950.94,357,29790903
6950704,Mushroomspirit,2257.85,1950.80,536,29790903
22550831,Sarichus,2199.56,1950.55,405,29790904
9016997,Arzeeaze,2223.29,1950.49,293,29790904
8465399,RevenantxX,2227.61,1950.46,244,29790904
2229817,Taiwan_Yu,2246.09,1950.39,628,29790903
8379270,Reddd,2283.57,1950.38,-7,29790902
8170022,My Angel Cossin,2151.93,1950.26,391,29790905
18758433,Momenttt,2394.47,1949.73,-6,29790900
23849486,Unclast,2226.54,1949.71,64,29790904
5054244,Emezys,2264.35,1949.52,487,29790903
7230999,MKBRS,2259.02,1949.52,572,29790903
1491301,Loli Hunter,2275.4,1949.27,579,29790903
42440,Pollotuc,2216.05,1948.80,638,29790904
4924827,CKPhantomSoulz,2250.74,1948.12,434,29790903
9422998,wolfblack0011,2238.5,1947.87,610,29790903
36132512,MikAIsWashed,2235.71,1947.84,213,29790903
34775021,hello4rooms,2356.49,1947.81,249,29790901
3478000,HR sketos,2196.02,1947.76,293,29790904
29342388,Kidoshi87,2259.68,1947.68,497,29790903
9177616,Cadence,2318.47,1947.60,261,29790902
15160610,daniel722511,2181.55,1947.51,598,29790905
15440432,Maltiiiii,2210.55,1946.63,269,29790904
15221391,zcpb,2134.53,1946.26,573,29790906
22367853,ObsoluteDark,2351.39,1945.83,142,29790901
13079223,Nellydoor,2337.56,1945.75,160,29790901
5181812,Neryks,2265.84,1945.40,399,29790903
2382751,ke-to,2232.52,1945.05,661,29790904
24432850,DiscDisc,2116.34,1944.81,528,29790906
569787,Axlesan,2273.5,1944.62,384,29790903
23408996,PsyTrow,2327.31,1944.41,95,29790901
37800049,Lilium_Longiflo,2197.32,1944.08,509,29790904
29460239,- fan -,2298.13,1943.63,251,29790902
15434024,Errxr,2302.17,1943.35,354,29790902
9241005,FFIloo,2209.28,1942.98,638,29790904
14616332,uSPINE,2152.67,1942.91,510,29790905
21150322,watermelo,2099.66,1941.43,361,29790907
18736170,ifox,2233.13,1941.15,498,29790904
21812776,-Envy,2356.94,1941.02,67,29790901
26016647,---APEX---,2191.98,1940.87,736,29790905
32894387,Zalika111,2244.07,1940.52,82,29790903
36368816,rcool_,2363.31,1940.36,39,29790901
29033221,nyudle,2346.78,1940.30,143,29790901
3856263,VirtualMuffin,2299.51,1940.28,538,29790902
11451759,-Kapy-,2175.62,1940.17,454,29790905
10082592,Sansonei,2291.08,1939.67,307,29790902
2301306,Lune Arisa,2290.28,1938.70,383,29790902
13651926,-Crush-,2221.25,1937.68,306,29790904
23324496,[VEN]-Xerax,2143.87,1937.36,376,29790906
30404408,Orianyx,2097.89,1937.26,457,29790907
17250962,rx54,2194.64,1937.08,694,29790904
12830046,[SHK]comgrat,2131.34,1936.51,505,29790906
12860807,Voxel,2244.24,1936.49,324,29790903
18481219,Jerold,2315.97,1936.47,78,29790902
7949760,Angelina,2263.51,1936.00,320,29790903
16206427,Tsnam_Dragon,2194.71,1935.90,338,29790904
9670638,roughanddai,2146.15,1935.58,751,29790906
38301019,eggnog_,2376.76,1935.33,2,29790900
13389231,_Karin_,2085.58,1934.75,662,29790907
32682417,1mph,2269.36,1934.53,163,29790903
31085709,orby1675,2186.22,1934.52,423,29790905
8851890,salantar,2265.46,1934.24,408,29790903
7742277,EvanAB,2199.77,1934.24,406,29790904
10771232,mento,2272.85,1934.13,257,29790903
17651121,Cybock147,2189.66,1933.96,646,29790905
4911870,[SHK]Shamiko,2272.06,1933.80,182,29790903
10410571,Eimy,2272.52,1933.62,189,29790903
7311891,EduSenpai,2287.76,1932.99,297,29790902
10414827,SpidiMun,2326.59,1932.64,159,29790901
10618143,RebHamiltrash,2255.3,1932.50,439,29790903
34977954,Jat,2253.95,1931.85,170,29790903
10149733,rann,2230.69,1931.65,265,29790904
460053,NagLesh_old,2193.88,1931.28,639,29790904
7700933,QUIN4311,2187.41,1931.19,620,29790905
11280344,xMeari,2260.76,1931.15,461,29790903
37364632,scholardesu,2011.93,1931.13,66,29790909
26356528,RIOAKIRA,2278.09,1930.21,342,29790903
18830222,Y9shi,2222.13,1930.15,629,29790904
315895,yukone,2186.89,1929.66,718,29790905
2758478,miguelacer,2227.86,1929.60,567,29790904
6419866,Jori,2295.07,1929.51,345,29790902
38891814,yang_jing_yuan,2262.73,1928.85,67,29790903
20654703,Kaede Senpai,2335.93,1928.68,230,29790901
26792039,Twin Turbo,2137.74,1928.62,157,29790906
2589093,Saguri,2116.42,1927.97,478,29790906
14529002,murkamy,2224.11,1927.85,441,29790904
15152619,SupremeSPM,2268.18,1927.79,349,29790903
39334651,onceoppongatime,2261.91,1927.79,90,29790903
12258616,Clafs,2161.48,1927.72,426,29790905
34956784,LIGHTINGSASUKE,2330.01,1927.68,124,29790901
5351310,odlewnyk,2256.98,1927.66,206,29790903
11199898,vanesacoronado,2249.96,1927.49,440,29790903
3046232,zLeSshuhn,2281.14,1927.48,338,29790902
36711447,pixeltempo,2299.98,1927.05,176,29790902
22471237,mo-x,2176.88,1926.91,257,29790905
437762,Dembass,2197.53,1926.86,660,29790904
13144177,mostaza,2162.57,1926.57,145,29790905
10360630,Manitar,2230.18,1926.53,190,29790904
11443437,[Karcher],2216.56,1926.34,261,29790904
7035379,jammll,2189.59,1926.10,630,29790905
22279016,misaali,2240.79,1925.28,241,29790903
8770622,ITotallyGetThat,2193.5,1925.20,730,29790905
16493469,jacky514,2083.46,1925.14,276,29790907
37820071,zero0nadaskills,2027.28,1924.72,63,29790909
23196943,Foisy,2215.19,1924.59,242,29790904
27770813,FroceST,2206.41,1924.47,231,29790904
16126163,ambersummer22,2087.12,1924.04,470,29790907
11079855,Fopuy,2294.14,1923.56,325,29790902
1564764,Tsubasa_1029,2227.23,1923.43,572,29790904
27685134,qiiu,2217.56,1923.30,612,29790904
10590586,TrueShot,2258.61,1923.08,302,29790903
32524858,xLeyw,2195.56,1922.96,524,29790904
4987089,Pecora3D,2224.95,1922.89,557,29790904
26863656,Marshmalloow_w,2249.26,1922.77,316,29790903
12568571,Alejar,2229.58,1922.32,87,29790904
19466375,Touma_,2141.27,1922.16,902,29790906
2854250,Partey,1828.52,1921.77,290,29790914
14181850,Juicy duce,2151.39,1920.56,198,29790905
3142770,PainDesu,2288.9,1920.48,221,29790902
12034632,-Miu-,2220.29,1920.02,69,29790904
13347974,DailyLife3328,2288.4,1919.04,238,29790902
7745106,Nitimint,2118.08,1918.87,721,29790906
10862814,C18H27NO3,2225.54,1918.78,452,29790904
2251517,luxozcopio,2216.64,1918.29,465,29790904
32995993,qcmt,2207.89,1918.26,354,29790904
33014966,Axiomatica,2193.16,1918.12,88,29790905
35038816,bunnygirl_24,2072.8,1917.49,8,29790908
5281088,Hata Kousaku,2213.31,1916.96,651,29790904
37301538,hummingtn,2276.15,1916.86,362,29790903
9014972,xdxd198100,2190.46,1916.86,662,29790905
36432886,Djeeco,2285.54,1916.78,31,29790902
35809437,RoxyMigurdia,2081.97,1916.45,22,29790907
11229986,Sennesiel,2246.37,1916.22,237,29790903
15460985,Rikka Araragii,2197.82,1915.98,651,29790904
16350893,slackboi2,2042.4,1915.86,137,29790908
6484352,-Risa,2271.7,1915.35,390,29790903
16607950,PHEN01,2114.52,1915.17,362,29790906
18001045,TomadouSora,2097.33,1915.14,358,29790907
17415683,Undead Alice,2136.72,1914.78,99,29790906
39363290,TheDigitalAllo,2123.61,1914.43,269,29790906
13686021,deviluke12,2224.47,1914.02,451,29790904
9327380,Wiki Nagisa,2190.96,1913.90,623,29790905
3216053,kkldream,2129.64,1913.70,280,29790906
10391882,YoYu,2196.42,1913.62,300,29790904
10794078,thepootisheavy,2255.9,1913.02,268,29790903
9006338,Niebla,2201.02,1912.69,654,29790904
17481304,NTTSmile,2229.7,1912.33,196,29790904
9446164,leonardoXD26,2224.35,1910.82,553,29790904
20613328,AtsukoHimetake,2163.8,1910.55,627,29790905
12598261,MayanoTopGun,2228.22,1910.47,261,29790904
3543058,Skittle1234,2197.66,1910.10,577,29790904
36046876,tutsui,2244.01,1910.08,269,29790903
4616680,Tag Furry,2131.62,1909.50,611,29790906
17611114,Raviedavie,2200.33,1909.40,618,29790904
10484555,TheWitchChild,2220.63,1909.04,448,29790904
7172340,KiryuMiya,2166.37,1908.95,437,29790905
34821954,WolfStarArtOSU,2213.76,1907.98,280,29790904
6659203,Qi Lisi,2208.59,1907.44,628,29790904
10001234,Yukimax,2198.81,1907.37,531,29790904
1397098,Deathrebell,2177.56,1907.08,619,29790905
8213090,rurudo,2153.28,1905.60,290,29790905
33393064,fatbirdsonly,2244.8,1905.46,92,29790903
25686763,swagger_,2233.81,1904.95,306,29790904
28384399,ExpiredWater,2193.78,1904.84,142,29790904
20966340,Pithcus,2282.89,1904.33,343,29790902
12164686,FraizerFC,2170.24,1903.96,567,29790905
32609369,CatFR,2220.48,1903.72,289,29790904
21002172,OnlyFabro,2198.07,1903.68,478,29790904
10890997,AMieur,2230.48,1903.63,241,29790904
10980390,Burren,2127.91,1903.09,650,29790906
11466970,Nito_san,2216.85,1902.66,102,29790904
4714682,RaiChong,2165.89,1902.52,743,29790905
6841423,beef wellington,2097.65,1901.87,442,29790907
12987715,GUMIaMay,2153.06,1901.77,376,29790905
12527094,Pink_Zetsu,2136.48,1901.55,183,29790906
18721764,Faronsito,2174.94,1901.49,568,29790905
18566136,EpicMusicWizard,2204.55,1901.26,396,29790904
14639113,Jaruto45,2222.73,1901.03,508,29790904
36157026,Ghosut,2184.93,1901.02,492,29790905
19947713,HxM,2090.91,1900.96,625,29790907
37939398,santoszkmk,2226.16,1899.95,2,29790904
234103,Xgame12350,2181.86,1899.58,596,29790905
11269780,AwesomeTuna81,2255.02,1899.07,298,29790903
15706424,Tadaroki,2286.25,1898.53,238,29790902
37695412,Ykary,2163.02,1898.21,190,29790905
20222257,FalKonXD,2110.99,1896.98,631,29790906
9113185,imaginacion89,2252.54,1896.83,239,29790903
22192730,Benjamin_reborn,2207.7,1896.81,148,29790904
3093420,miku904,2194.01,1896.61,594,29790904
22076017,Wong_meow,2284.06,1896.24,345,29790902
13392893,suzush1ro,2163.6,1896.20,768,29790905
33531963,LODJ,2155.06,1896.14,356,29790905
11656822,NodeKat,2239.84,1896.08,472,29790903
9274708,kageminori,2273,1895.57,216,29790903
19711928,Kalanjack,2302.76,1895.49,134,29790902
34954615,justinthecat,2106.14,1895.40,22,29790907
8375968,-Dixee-,2166.15,1894.71,526,29790905
5050109,-JaX-,2287.66,1894.37,178,29790902
1158871,yumi01,2190.53,1894.23,596,29790905
1785769,Athanas17,2177.45,1894.21,620,29790905
11125559,tunci,2240.25,1893.89,218,29790903
36718346,Kamming,2214.34,1893.44,313,29790904
11611290,SquirrelSquire,2209.02,1892.98,112,29790904
18070642,DJ Kuroakari,2185.97,1892.81,294,29790905
14724975,DatsuneAnn,2177.29,1892.45,492,29790905
1602097,nestarrin,2187.2,1892.44,587,29790905
18851880,peerinn,2236.43,1891.68,432,29790903
3284562,LunaticHKS,2017.95,1891.44,762,29790909
412463,Angelique,2178.34,1891.43,670,29790905
21575528,Amaz1ng-,2184.3,1891.40,457,29790905
33592741,KOT_HAPKOT,2228.46,1891.36,383,29790904
10331353,Neruru,2203.34,1891.31,474,29790904
17981520,Danys_01,2183.98,1891.08,607,29790905
10933201,- Legend -,2040.3,1890.88,367,29790908
7024401,zR3D Nikolaj,2256.8,1890.60,293,29790903
4699130,justin1709,2259.12,1890.02,307,29790903
768285,cwt1170980,2182.85,1889.63,733,29790905
15705950,Zephrim,2259.28,1889.53,65,29790903
26942387,mrekk italiano,2271.44,1889.47,147,29790903
6755332,Nokie-,2146.01,1889.47,517,29790906
6493083,Iivansb,2169.78,1889.45,625,29790905
10589723,Adriane,2091.53,1888.62,319,29790907
19124556,duckpaw,2185.5,1887.84,326,29790905
3078282,mewpt,2195.33,1887.77,452,29790904
35243871,IE240123,1398.11,1887.35,214,29790927
24191374,AnimeTime2000,2081.49,1887.16,542,29790907
1863120,weiking1021,2133.65,1887.06,539,29790906
23750689,-zo,2240.87,1886.78,356,29790903
6179542,WolverTruffles,2032.94,1886.74,603,29790909
12252963,itsneyar,1588.79,1886.65,282,29790921
37676751,Fles0,2218.54,1886.33,287,29790904
32559874,echacre,2214.92,1886.29,179,29790904
3710738,brian_rqc,2202.62,1886.26,598,29790904
4198791,Pikachu_Player,2176.78,1886.02,620,29790905
5244096,conrado8496,2235.63,1885.84,513,29790903
36787259,Noname618,2034.88,1885.67,194,29790909
16502415,nikulix,2143.06,1885.55,344,29790906
6310985,Inactive User,2213.49,1885.46,267,29790904
4571336,Floaddy,2200.65,1885.30,326,29790904
6117165,labbitsdomo,2200.55,1885.28,449,29790904
17485823,Sencerrr,2060.52,1885.24,30,29790908
5057261,FuzzyCanadian,2127.22,1884.92,573,29790906
9669178,Burt,2227.55,1884.66,254,29790904
18199978,mint_candy,2219.31,1884.54,566,29790904
27154271,datoneoverthere,2246.64,1883.91,180,29790903
16018923,skob,2220.2,1883.87,105,29790904
17118188,KeYooL,2135.68,1883.84,626,29790906
17631878,illuvvu,2105.41,1883.44,323,29790907
32860703,animedudak,2104.58,1883.28,727,29790907
22943605,ArjunWasFound,2135.24,1883.16,316,29790906
19875644,flowerghost,1979.22,1883.09,334,29790910
5409249,gonX,2156.15,1882.76,208,29790905
1561794,hsmitsuru,2172.03,1882.53,679,29790905
10384410,Samzzz-,2036.28,1882.27,165,29790909
10830974,RESU,2193.27,1882.03,470,29790905
34853547,kolji,2206.93,1881.71,259,29790904
23516343,[AO]-DemonZ_,2087.7,1881.69,294,29790907
15574205,naruMaTsu,2068.84,1881.37,608,29790908
20863639,bosspy1237,2157.86,1881.35,602,29790905
37472937,KoishiKomeiji,2177.11,1880.84,154,29790905
22225959,tursynkhan01,2162.14,1880.81,364,29790905
34590126,Jusu_Kun,2255.19,1880.49,276,29790903
13106051,Dundee,2238.92,1879.99,231,29790903
17200245,MikoShigiri,2205.21,1879.36,308,29790904
16750376,l_waii_neko,2209.2,1879.13,492,29790904
2787415,MrPotato,2256.71,1879.06,215,29790903
12311201,Emxa,2179.86,1878.73,278,29790905
11727492,Jekuru,2180.23,1878.51,147,29790905
21016242,_Dorothy_,2141.16,1878.49,683,29790906
21364718,pure_conpollo,2198.51,1878.09,61,29790904
30892361,_tungsten,2312.77,1877.80,80,29790902
8157492,Hobbes2,2197.4,1877.64,404,29790904
5432267,Alkantara,2090.99,1877.51,639,29790907
14617207,Is-Nagel,2160.1,1877.20,548,29790905
1860123,tyosuke,2156.49,1877.12,695,29790905
77095,DX91,2141.55,1876.25,726,29790906
26795413,MyAngelTendoKei,2144.59,1875.83,56,29790906
2829934,6ixr,2164.18,1874.86,553,29790905
23283498,Exspr,2144.2,1874.54,259,29790906
11398524,King10216,2174.28,1874.46,539,29790905
39388424,Erymanthus,2237.74,1874.33,259,29790903
7771520,- Vitiatus -,2128.75,1873.90,561,29790906
6460403,MeloMeloAku,2068.97,1873.79,723,29790908
32992875,bowbyyys,1919.37,1873.64,641,29790912
13887552,[-Xiang Mei-],2134.81,1873.61,629,29790906
14742609,qing_xin,2140.19,1872.99,200,29790906
2431839,koloma,2067.86,1872.62,503,29790908
13360600,Anze-0w0,2102.08,1871.84,287,29790907
15504921,reptier,2243.65,1871.54,130,29790903
3672974,vinttilintu,2197.05,1871.38,346,29790904
15905032,daag13,2214.5,1871.37,389,29790904
8708204,ARTESTER,2217.81,1870.73,335,29790904
17851708,kio708,2103.93,1870.01,373,29790907
966608,ovalia,2150.96,1869.55,686,29790905
11472518,miresak,2172.59,1869.52,151,29790905
4199890,Pata-Chan,2144.08,1869.04,703,29790906
32424112,Spacezy,2112.94,1868.94,609,29790906
14351248,HanS_olo,2144.8,1868.75,268,29790906
24306061,lDfuzel,2098.96,1868.56,299,29790907
16603674,Snaildrink,2141.45,1868.09,433,29790906
20299810,Sanddq,2085.23,1867.39,274,29790907
6021345,NaChItOoo,2105,1866.62,629,29790907
10467276,boxerr,2064.71,1865.81,27,29790908
8738856,SmallCreeper,2055.83,1865.71,546,29790908
25916855,Silic,2211.56,1865.56,326,29790904
11162299,3st3sh,2065.49,1865.32,204,29790908
2471262,arbiterVscarab,2225.85,1864.73,353,29790904
30668698,CosmicPlayer32,2135.02,1864.56,299,29790906
643394,Snow Note,2061.2,1864.27,283,29790908
37950767,wLoveYou,2145,1864.17,168,29790906
30134353,FFA2008,2013.36,1864.16,363,29790909
14275055,BLue1eMon,2071.52,1863.62,239,29790908
5019864,Akananas,2245.69,1863.42,183,29790903
3849776,MimiramPlay,2161.79,1861.91,614,29790905
26508944,vowels12,1978.43,1861.91,116,29790910
21274553,JefferLing,2045.46,1861.05,383,29790908
10994882,Delta Ujemna,2201.86,1860.93,302,29790904
1159530,-yue,2128.6,1860.84,643,29790906
35648682,SugarRushX,2132,1860.81,526,29790906
8922279,Sophia0803,2028.13,1860.53,658,29790909
3848469,mati hatsune 01,2164.05,1860.23,519,29790905
32677559,I am osu,2157.63,1859.59,289,29790905
33824622,MxYa,2057.05,1859.20,581,29790908
101619,DJLaserz,2107.59,1859.11,586,29790907
18063433,Enkyo,2178.51,1858.62,577,29790905
2007579,Kzon,2133.39,1858.35,629,29790906
32073857,VelocityKrazy,2286.71,1858.13,67,29790902
4636461,ur mum,2148.25,1858.11,394,29790905
28658416,gunutelando0101,2166.92,1857.80,386,29790905
11401653,Boku No Rainbow,2159.01,1857.27,388,29790905
6313643,semaphore,2159.18,1857.18,395,29790905
14761099,Agagan,2035.9,1857.16,600,29790909
20839734,rigolookruk,2065.2,1857.05,581,29790908
17426776,Osaker,2191.51,1856.89,628,29790905
35451745,Renko97,2080.74,1856.75,560,29790907
21564708,sungminkid,2087.45,1856.64,297,29790907
1044093,Alexis x3,2151.09,1856.59,618,29790905
5718479,B00bs,2192.07,1856.33,437,29790905
35812967,monroos,2062.06,1856.29,443,29790908
34911038,Juddiciel,2168.21,1856.18,345,29790905
33631755,Eloymous,2168.43,1855.37,619,29790905
9568542,Rurple,2245.49,1855.33,213,29790903
7429882,BattleBowTSQ,2151.51,1855.22,546,29790905
9412521,Quante,2155.63,1854.90,587,29790905
18494321,ThelazyDoggo,2195.04,1854.63,156,29790904
24236733,Electro,2141.75,1854.55,100,29790906
9948021,TheMemer94,2146.07,1854.53,522,29790906
14167431,Mahosuika,2071.7,1854.51,645,29790908
19157383,183234,2133.75,1853.74,526,29790906
2289812,KrolEjegow,2128.23,1853.45,611,29790906
8337912,Jenny2807,2156.77,1853.42,573,29790905
6593937,-Naru33-,2159.96,1853.36,630,29790905
10229103,Dragonhardcore,2139.42,1853.17,625,29790906
15159808,-yukineko-,2050.29,1853.17,-11,29790908
3834721,ggfwk,2114.75,1853.07,405,29790906
9071632,DreadfulPretzel,2004.2,1853.07,22,29790909
34492403,YGNygn616,2026.92,1852.89,211,29790909
29775081,TSparks,2179.52,1852.65,76,29790905
11515031,Randall1,2144.66,1852.57,458,29790906
21505066,Kanashi07,2106.91,1852.54,614,29790907
14679069,Raff2201,2128.47,1851.77,221,29790906
3204677,Vvn,2056.14,1851.76,205,29790908
14578760,Papec190,2105.86,1851.69,280,29790907
18656308,GamerYouTubik,2185.56,1851.62,293,29790905
17503181,[MY] Asunon,2144.48,1851.47,317,29790906
18064998,Osutohardforme,2175.72,1851.44,377,29790905
9065991,Coldrod,2209.82,1851.12,254,29790904
9612580,Ryyon,2154.98,1850.93,257,29790905
9896172,DizzyH,2167.42,1850.67,121,29790905
8046993,djskapp,1934.9,1850.24,711,29790911
8987016,FDX,2086.88,1849.86,236,29790907
7622279,Darth Sidius,2039.91,1849.66,462,29790908
17401021,MclarenUwU,2073.34,1849.27,274,29790908
3085401,corm,2169.7,1849.05,353,29790905
16733842,Slime Toast,2197.59,1848.96,105,29790904
6434552,-winter,2040.82,1848.91,74,29790908
7939140,Marius13,2169.53,1848.83,512,29790905
10744836,txtshad,2154.02,1848.79,473,29790905
20973665,-spliffy,2134.09,1848.45,556,29790906
7726982,Kuroe Kazaya,2166.04,1848.43,517,29790905
6971195,seiUN_Sky_DESU,2057.12,1848.35,107,29790908
13103618,alexander 7u7,2013.7,1848.23,272,29790909
24193502,Szyszqu,2070.1,1848.20,123,29790908
15172788,Beatos,2168.89,1847.74,333,29790905
15823551,DeltaEpsilon,2139.89,1847.06,449,29790906
1269085,Feanor,2117.16,1846.82,522,29790906
6599698,xFeeR,2150.28,1846.44,597,29790905
8516806,Xingxingdoto,2169.34,1845.91,516,29790905
32179582,aystar,2007.26,1845.44,539,29790909
13409407,bakji,2099.6,1845.29,264,29790907
36878947,tahoe,1964.63,1845.00,76,29790910
10248148,VirusAndMaz,2157.31,1844.82,587,29790905
23352130,SwedenMan727,2119.96,1844.64,451,29790906
25428437,hello321amogus,2057.61,1844.45,272,29790908
8403517,eddragneel,2191.33,1844.12,381,29790905
32791001,gaybo,2110.2,1843.33,273,29790906
12958376,EXTERNALIZATION,2125.76,1842.53,487,29790906
11889364,snekk,2041.45,1842.52,344,29790908
18421808,l3 MaxTer357,2159.39,1842.38,485,29790905
30718428,sansuiau2171979,2088.07,1842.27,226,29790907
9670957,Lyz-,2014.11,1842.22,293,29790909
12172227,Sakupen Circles,2011.37,1842.20,441,29790909
33799389,arys1331,2022.64,1841.70,517,29790909
10658261,AmIrMaCaXeIrA,2172.83,1841.55,326,29790905
20746713,BBQ_Wheat,2177.71,1841.25,206,29790905
7651577,AbadTime,1953.5,1840.65,283,29790911
7905666,ultra Kappa,1985.26,1840.40,521,29790910
18151273,AniMemeS0,2106.64,1838.94,340,29790907
11408286,Equixion,2152.35,1838.82,164,29790905
17352714,v1awava,2143.77,1838.80,102,29790906
36809097,hoang5577,1968.73,1838.74,502,29790910
29800278,soribaram,2119.28,1838.56,366,29790906
38710554,permonaly,2007.58,1837.93,86,29790909
25476369,Kesin60,2131.04,1837.87,595,29790906
17973512,IReisenI,2003.93,1837.79,507,29790909
4715598,kokonokokoro,2140.12,1837.77,578,29790906
37587480,sewusewu,2054.99,1837.37,573,29790908
35770331,blendcoffee,2113.22,1837.08,600,29790906
7705408,Irysital,2175.46,1836.57,313,29790905
24427979,EnigmaticG,2226.69,1836.54,230,29790904
10179274,Vasaman,2212.65,1836.17,109,29790904
22887680,xplodreal395x,2145.51,1836.14,588,29790906
10790529,MinatoAqua_,2100.1,1836.09,548,29790907
37594215,qum,2009.28,1835.95,241,29790909
10750451,RightCliick,2182.02,1835.57,57,29790905
29186011,Mashifu,2122.95,1835.43,421,29790906
15158652,seito99,2125.56,1835.17,594,29790906
33413887,leegun,2138.99,1834.95,72,29790906
13796040,PureElusion,2032.27,1834.55,520,29790909
14677432,Ekel13,2142.11,1833.83,466,29790906
30937318,MajesticWalruss,2202.42,1833.04,55,29790904
8619107,Kusmic,2086.7,1833.00,207,29790907
11238108,THE IDOLMASTER,2159.25,1832.86,445,29790905
17222134,siboi,2220.02,1832.53,110,29790904
33762918,Kekenyy,2113.99,1832.51,657,29790906
29109320,DaltonBlake,2103.49,1832.41,206,29790907
16701447,cancerpeter,2139.81,1832.25,461,29790906
12905256,Harmless Fish,2182.42,1831.77,235,29790905
37826938,cozmicbean,2181.47,1831.47,347,29790905
6654594,-[Mesaki]-,2093.39,1831.20,438,29790907
2199408,matiasnp,2139.61,1831.01,333,29790906
13574189,S1ndr,2110.59,1831.01,68,29790906
3564987,Laizerx,2096.52,1830.28,636,29790907
25205046,Rurakami,2253.89,1830.19,74,29790903
6167790,ngkaming00v,2110.8,1830.12,624,29790906
7971201,arparathm,2042.03,1829.41,544,29790908
6928218,unicornangel,2132.87,1829.17,553,29790906
10521176,-Blizzard-,2120.08,1829.10,246,29790906
15717109,Roubinou,2057.31,1828.74,476,29790908
2450204,Ina,2165.33,1828.72,399,29790905
12694780,mxiucism,2050.73,1828.72,220,29790908
5104862,Awesomedog1,2136.98,1828.57,233,29790906
4558628,sh1zer,2068.58,1828.30,526,29790908
22260640,SporkOverSpoon,2094.9,1828.03,487,29790907
2552960,KevinDoWin,2093.7,1827.85,337,29790907
4059978,Zereliq,2078.78,1827.67,274,29790907
3815227,[Yuii],2190.76,1827.65,289,29790905
38297533,Kusuhara_Yui,2097.8,1827.49,212,29790907
18741338,LigmaSquad,2130.96,1827.24,146,29790906
5425950,levieuxpoulpe,2140.64,1827.16,477,29790906
10203100,meat_l0f,2083.56,1826.92,347,29790907
15552380,rawr x3,2051.8,1826.82,222,29790908
9731062,SilverWolf,2115.45,1826.67,361,29790906
1624948,Vicentte,2148.62,1826.54,502,29790905
15579082,positiveUwU,2171.29,1826.50,247,29790905
1032457,lb_kanata,2112.24,1826.15,596,29790906
409142,Scarlet Sisters,2114.14,1825.56,662,29790906
11927823,transLexi,1755.33,1825.42,247,29790916
17305326,xyL0z,2175.05,1825.11,361,29790905
11413296,trickyricky,2087.8,1825.10,764,29790907
26035353,Ale-jo,2051.35,1825.06,365,29790908
3369777,SAGIRI,2093.02,1825.03,659,29790907
11289731,Hifuno-Mia,2101.7,1824.49,609,29790907
10748973,LonyLock,2170.66,1823.81,171,29790905
12982483,EZHALT,2042.67,1823.80,607,29790908
5482401,iceOC,2007.48,1823.72,395,29790909
18733138,cyalk,2038.16,1823.34,238,29790909
21587761,Stillerzzy,2023.74,1823.34,58,29790909
2850776,Tahlliah,2138.64,1823.11,480,29790906
13951141,dabman_yeet,2028.98,1822.96,380,29790909
15892772,tem_tillage,2150.34,1822.93,88,29790905
22551095,Singlex428,2104,1822.85,446,29790907
18449451,JaEcchi,2218.45,1822.75,147,29790904
5412336,kittygirl641,2130.33,1821.79,572,29790906
19256627,Brat1k,2265.16,1821.70,8,29790903
4650843,- Ed -,2104.84,1821.34,610,29790907
39299418,NoelNoa,2180.98,1819.84,179,29790905
14547816,ckoj,1914.91,1819.67,502,29790912
1422568,Tatl,2118.88,1819.52,508,29790906
10997601,peter-kun,2050.46,1819.27,260,29790908
9850229,AlasMO,2126.78,1818.70,261,29790906
16034775,ULteddy,2112.88,1818.05,466,29790906
26865783,erikw,2060.67,1817.54,232,29790908
7185328,Nepdex,1983.81,1816.64,292,29790910
12773379,rzuk,2102.61,1816.54,285,29790907
10613008,Gobiol,2078.85,1816.41,466,29790907
31046263,Jonoth,2068.34,1816.27,255,29790908
38077743,NetWare,2138.33,1815.79,223,29790906
12352792,KOTlas123,1877.09,1815.47,470,29790913
13010627,MiltonQwQ,2181.66,1815.44,243,29790905
2263826,duro56,2089.93,1815.43,585,29790907
11932794,Melankolik,2068,1815.30,745,29790908
9053638,Aesc the Savior,1957.3,1815.26,188,29790911
6360447,jop,2115.07,1815.24,124,29790906
22989754,Gachouk,2110.13,1815.15,123,29790906
2919311,siulin,2164.34,1815.05,385,29790905
13140777,FirankaMipinska,2174.88,1814.93,368,29790905
980422,pipqw32110,2132.95,1814.69,537,29790906
37917423,Wakzimxd,2238.25,1814.65,59,29790903
13956587,ItzMinelo,2195.74,1814.56,263,29790904
136385,xtrem3x,2139.35,1814.28,435,29790906
18130630,-KasaneTeto-,2090.67,1814.10,-39,29790907
8210074,Uneska,2154.82,1813.90,319,29790905
38657555,CosmicNEKO7,2088.79,1813.90,113,29790907
551263,malcomx182,2112.77,1813.89,682,29790906
38105662,veedawn2,2157.99,1813.34,135,29790905
16060010,ynse0k,2081.6,1813.31,723,29790907
17463371,Mach3,2142.97,1813.22,289,29790906
4555637,AngelKitteh,2109.5,1813.20,613,29790906
23875248,Feral-_-,1971.98,1813.00,607,29790910
17639865,KatySad,1997.7,1812.54,294,29790910
12632228,Giraffeyy,2153.56,1812.52,50,29790905
6089504,miguelhernandez,2086.54,1811.80,616,29790907
3966649,[ LUK ],2182.78,1811.14,329,29790905
12703220,dongju2385,2176.6,1810.68,304,29790905
6008293,840,2199.3,1810.66,249,29790904
15465634,voided_etc,2168.66,1810.66,345,29790905
18204234,Apoxdoka,2078.12,1810.41,453,29790907
10177718,xNatic,2120.32,1810.34,427,29790906
8040062,JustAlphq,2083.7,1809.84,482,29790907
7469907,raddzilla,2066.33,1809.66,286,29790908
4973917,Maverick_st,2112.3,1809.57,564,29790906
19105586,Danlert,2189.83,1809.55,203,29790905
7477353,Nuranuri,2091.88,1809.19,621,29790907
9949962,AliceNiiA,2102.18,1808.78,515,29790907
33620130,Ryonnima,1997.47,1808.71,323,29790910
17189974,furuki_,2108.58,1808.64,417,29790907
17397989,Jorset,2095.55,1808.46,618,29790907
21906771,ObeseRodent,2119.03,1808.04,194,29790906
4935080,Nekita Uri,2100.03,1808.00,571,29790907
14445283,er0ge,2208.19,1807.93,94,29790904
11829623,[ -Asriel- ],1954.9,1807.57,214,29790911
31398862,deaDDeka,1969.22,1806.89,276,29790910
11961175,TheGamerGuy654,1913.69,1806.80,192,29790912
3549575,My Angel Klee,2186.37,1806.64,307,29790905
4521357,ercs,2133.16,1806.47,428,29790906
38007060,KokOroirH3,1967.98,1806.46,223,29790910
5037155,kawaii_monster,2096.85,1806.36,614,29790907
17385011,waterwater8787,2026.5,1806.04,211,29790909
11757691,kazumaxd37,2120.65,1805.37,578,29790906
16175614,Anolia,2084.77,1805.12,674,29790907
30398303,theredpro1_GD,2163.17,1805.00,255,29790905
13142006,Zela,1961.59,1804.72,263,29790911
14123038,Daydreamer,2174.15,1804.56,207,29790905
7270892,sleebees,2129.23,1804.50,441,29790906
37682293,Blaska248,2237.34,1804.25,57,29790903
35164695,phu14122006,2092.81,1804.00,641,29790907
2617190,mikku1,2146.31,1803.57,424,29790906
10821432,Kannes,2080.07,1803.49,176,29790907
20080130,DaWiDoSeK,2200.89,1803.23,241,29790904
14627619,KrixtKaname,2039.67,1802.82,705,29790908
17949186,Kritsirious,2106.31,1802.35,384,29790907
3272445,rookie007,1911.27,1802.06,632,29790912
3507709,Mistress Luna,2099.09,1801.67,646,29790907
19017549,shiba fz,2031.55,1801.65,100,29790909
34588757,TooNaRi,2108.99,1801.36,292,29790907
20534136,Zuki Zuki,2071.78,1801.36,522,29790908
25769457,tiantangw,2086.95,1800.93,-1,29790907
8105138,nejzha,1937.77,1800.65,380,29790911
9641404,carlymichi,2092.18,1800.58,536,29790907
33079790,Dap_a116,2056.52,1800.55,239,29790908
22810428,Francis113,2225.05,1800.45,101,29790904
34876224,jsisjsj,2069.41,1799.89,134,29790908
11119010,lizzzil,2148.05,1798.92,156,29790905
28048333,nasayouzaki,2084.64,1798.88,518,29790907
36607150,ThePamir,2160.42,1798.60,409,29790905
14541432,emneo,2163.37,1798.41,168,29790905
7748737,JAHD234,2091.22,1798.02,495,29790907
6044155,Yiffware,2104.44,1797.98,466,29790907
10412409,Digits,2137.2,1797.92,160,29790906
9442924,WearingRelic,2013.59,1797.91,256,29790909
3037555,vv310359123,2039.41,1797.60,144,29790908
12374422,Kotama_Suemoto,2114.39,1797.35,407,29790906
13786979,CrystalDrake,2028.67,1797.22,362,29790909
6663279,FreddyGolden,2046.34,1797.09,576,29790908
35173854,Vozenilek_8o,2021.93,1797.05,228,29790909
16383468,Yashi6o,2114.05,1797.03,272,29790906
7686178,IIdol,2117.88,1796.87,432,29790906
13841450,joako2202,2077.97,1796.72,444,29790907
7642603,Tommi Plohish,2102.28,1796.67,526,29790907
9889381,Marica,2126.95,1796.65,307,29790906
5128867,WingedGuy,2107.17,1796.43,494,29790907
4201548,-Kakashi-,2122.27,1795.70,462,29790906
36686126,-MaxToTheMax-,1877.63,1795.42,586,29790913
27423695,Taki_,1844.18,1795.28,139,29790914
14058126,JustLuigi,1946.26,1794.86,292,29790911
13049090,Labour,2077.75,1794.60,196,29790907
38783186,Luminosity 8,1897.92,1794.54,224,29790912
10918001,Bikudin,2130.82,1794.24,323,29790906
22548350,TWlyQAQ,2032.2,1794.21,113,29790909
18733683,Mr C B,1345.16,1794.14,72,29790929
5444569,x_Issei,2125.24,1794.00,508,29790906
32536744,SpicyHamburger,2101.84,1793.93,369,29790907
18825707,AppleTier,2049.13,1793.68,145,29790908
39507865,Palettia,2058.63,1793.64,204,29790908
39430478,sesames,2109.12,1793.43,173,29790907
37548070,StalkerBocchi,2099.75,1793.01,583,29790907
11356429,tyrese1605,2093.97,1792.80,258,29790907
13227957,Heist,2076.56,1792.69,653,29790908
8873871,S-W232,1994.35,1792.66,474,29790910
25276704,Khanh 924,2174.06,1792.56,152,29790905
1777914,Lilabloom,2072.55,1792.33,652,29790908
1719165,197534682,2080.93,1792.32,607,29790907
39065082,Jeune Tortue,2088,1791.91,465,29790907
10397236,Dalysa,2094.38,1791.90,457,29790907
10852528,SoraCrystals,2100.94,1791.39,454,29790907
14988638,DorangeNut,2125.38,1791.27,276,29790906
5225575,mstr-,2020.17,1790.86,348,29790909
5059867,Alibabah,2122.83,1790.72,480,29790906
10853878,Louis Marble,2109.27,1789.29,581,29790906
18271627,grillroasted,2077.07,1789.20,114,29790908
16567842,Sunssoca,2050.15,1788.96,730,29790908
2373624,_Zombii_,2127.99,1788.00,323,29790906
16637970,littlehonghong,2137.99,1787.88,182,29790906
13503012,Yunoishi,1907.61,1787.66,341,29790912
19780007,Icannotjump,2146.25,1786.86,12,29790906
5884705,OcheRi,2049.86,1786.73,358,29790908
14666983,Koremas,2089.1,1786.52,544,29790907
9098192,jakk,2069.51,1786.50,234,29790908
30310333,Scather,2101.98,1786.14,261,29790907
23702422,Dreams_Merya,2124.17,1785.89,407,29790906
10776655,TokiHolic,2161.3,1785.49,274,29790905
7095452,AUS-teisciitb,2114.96,1785.05,435,29790906
35043193,Thewizards,2232.97,1784.85,80,29790904
17219206,dakiwof,2046.13,1784.64,427,29790908
30329867,dotin,2024.09,1784.27,272,29790909
16494567,-Maruko-,2072.37,1784.17,319,29790908
8445010,Omega Brony,2119.52,1784.15,414,29790906
7009485,BadAimBoi,2031.44,1783.79,337,29790909
1790955,Dragon Origen,1977.54,1783.68,455,29790910
11210912,need for speed,2074.4,1783.65,187,29790908
11244904,t4ktYk,2084.47,1782.83,135,29790907
22512845,catmosphere,1936.4,1782.76,235,29790911
22570072,Jakalpumpkin,1956.74,1782.37,77,29790911
18442982,Otnaz,2150.08,1781.94,270,29790905
14807027,RadioactyveX,2000.89,1781.73,589,29790910
21793023,Kayeonfro,2001.29,1781.66,516,29790910
1229613,pajamutiladora,2090.17,1781.04,500,29790907
33052256,ferrarityy,1997.77,1780.88,647,29790910
35671574,Guillex,2083.07,1780.72,283,29790907
9812819,MATIAS_12,2107.66,1780.66,488,29790907
15566952,lennidary,2014.36,1780.30,319,29790909
6202111,cilia,2113.03,1780.28,256,29790906
11219006,_aycelia,1916.3,1780.01,293,29790912
5726365,fernando3,2062.52,1779.87,631,29790908
17044496,Isaac Wood,2049.63,1779.82,308,29790908
4568134,th4ngb0md4y,2091.65,1779.81,582,29790907
8514353,incil,2123.92,1779.74,413,29790906
28774906,AkbarSan,1922.15,1779.71,501,29790911
26872832,eggcurd,1996.87,1779.63,8,29790910
7507272,Allyely,2093.76,1779.52,329,29790907
16480465,Quy An Keo,1999.86,1779.17,381,29790910
9197189,Cendreea,2013.2,1778.95,631,29790909
37181844,enterexitpro025,1981.02,1778.95,633,29790910
14221940,Gee the pumpkin,2059.29,1778.44,619,29790908
6367247,chungis,1970.46,1778.35,451,29790910
6123470,NoobNekoMuff,2139.1,1778.32,359,29790906
9915442,Garmonia400,2073.05,1778.03,619,29790908
7842509,El Tio Yosmar,2062.43,1777.75,460,29790908
18308681,Senna,2077.49,1777.29,587,29790907
11452273,Missia,2109.33,1777.28,253,29790906
13803164,- rat,2029.46,1777.00,362,29790909
34039192,Raquel_2005,1932.49,1776.90,549,29790911
12457552,xX_P4ulo_Xx,1998.11,1776.10,569,29790910
4232665,DaiKiu,2110.48,1776.03,356,29790906
8196548,Jessechugaga,1964.39,1776.00,374,29790910
4418390,HeartNo,2073.93,1775.31,502,29790908
9996419,BezbasheniyCHEL,2011.52,1775.24,389,29790909
38228491,yu-AtSen,2052.65,1774.64,268,29790908
31710352,StarMaster,2129.92,1774.59,128,29790906
13646997,Le Mirai,2157.09,1773.63,186,29790905
38212936,kvizzor,2106.07,1773.55,457,29790907
6094923,MoguNeko,2092.11,1773.35,394,29790907
32965879,GraceNSerenity,2069.7,1773.19,236,29790908
14594986,Fikxz,2059.83,1773.03,301,29790908
6845051,Gelorax,2102.73,1772.98,485,29790907
23703531,homuraakemiuwu1,1945.32,1772.77,581,29790911
10932328,kcwt,2073.16,1772.56,607,29790908
2434471,TolikKrymov,2070.88,1772.54,580,29790908
4500053,Kaneodyy,2023.18,1772.28,475,29790909
9614137,Armageddon,2089.19,1772.17,501,29790907
23937948,Krissu,2071.88,1772.02,215,29790908
13233131,Nino66,1976.25,1771.86,291,29790910
35616612,gengrr,1989.08,1771.79,212,29790910
19311562,AsamasterH,2034.48,1771.78,447,29790909
26516886,levdudec,2041.28,1771.55,481,29790908
1225463,Niccolee,2101.31,1771.07,510,29790907
19443360,Yun X1,2038.71,1770.84,247,29790909
7923940,Rolhcis,2057.48,1770.70,34,29790908
39072668,huibaisama,2095.17,1770.46,177,29790907
29804016,GameTilDead,1970.39,1770.32,220,29790910
3281664,Safaia,2084.29,1770.29,540,29790907
33585604,Lunar Crux,1903.57,1770.28,166,29790912
11127223,z137,2137.13,1769.76,324,29790906
25438851,thea2012,1958.44,1769.59,511,29790911
16772575,nBen,2106.39,1769.51,296,29790907
13811916,Chloe Pr1ce,2064.25,1769.33,155,29790908
38059635,Lunar297456,2048.89,1769.25,277,29790908
7692626,Satedna,1844.47,1768.98,199,29790914
9628631,yilingx_,1980.75,1768.95,236,29790910
9377844,Dulphin,2043.08,1768.85,253,29790908
4869346,Afmun,2132.54,1768.46,187,29790906
5168894,a2035476,1976.35,1768.15,602,29790910
9562117,Aranel,1969.11,1767.71,358,29790910
29393215,Blessed Fate,2136.14,1767.63,120,29790906
9833890,HappyDan,2043.6,1766.87,166,29790908
12128958,Chandra48,2002.51,1766.35,563,29790910
8364946,wesloux,2060.12,1766.17,592,29790908
35338657,Romsaas,2120.85,1766.14,40,29790906
5975021,Kazusa Touma,2006.86,1766.12,610,29790909
30066232,studs,1880.64,1765.91,151,29790913
14041958,Alistair Walker,2032.53,1765.83,542,29790909
2056823,-Leletina-,1856.67,1765.82,589,29790913
11692376,Miku Hatsune YT,2054.38,1765.49,582,29790908
1646427,NekoFunfo,2121.41,1765.42,295,29790906
6802084,cloud966,2073.8,1764.24,534,29790908
1992281,carlos365,2082.59,1764.13,560,29790907
12541354,Kitoonne12,2041.78,1763.95,508,29790908
31343421,milinuri,2088.15,1763.85,419,29790907
3699565,Allezard,2086,1763.60,538,29790907
31092066,shentaryen,1990.83,1763.28,304,29790910
14562157,alkadeos,1879.56,1763.22,601,29790913
6763403,dishonerd1,1935.34,1763.13,220,29790911
6539783,Brentin,2062.22,1762.69,438,29790908
16320368,Yui69,2094.81,1762.30,431,29790907
31993063,Yoshino Airi,2020.79,1761.50,105,29790909
4751148,N2styles,2079.55,1761.42,500,29790907
14608158,ItsKas,2005.52,1761.26,69,29790909
35084673,ragnar,2161.42,1761.22,159,29790905
10868788,Noa Himesaka,2166.68,1761.17,231,29790905
22830777,Quaoky,2033.9,1760.61,120,29790909
2837231,Supairo,2058.76,1760.20,580,29790908
15309724,Nickwo,2179.21,1759.54,107,29790905
30597406,IceyMoon,2024.92,1759.50,347,29790909
8842107,Kyousukee,2110.29,1759.48,285,29790906
12284608,RJbyM,1963.69,1759.07,563,29790910
13859046,RimiRemu,2053.39,1758.94,631,29790908
36745930,jianfeng,2022.75,1758.43,246,29790909
7305139,Cookiemeister,2022.96,1758.21,194,29790909
35665386,NyarX,2085.47,1757.31,232,29790907
11273062,Subaru_Arima,1927,1756.86,326,29790911
27822924,mozgym2,2046.24,1756.76,487,29790908
8039819,Keito936,2014.16,1756.61,370,29790909
16637023,jkoanime1,2048.06,1756.52,625,29790908
8327369,boywife,2064.51,1756.41,471,29790908
4666378,Grigori-D,2028.85,1756.16,717,29790909
24533726,wee,2031.92,1755.87,181,29790909
33534590,Deathblade60,2014.6,1755.48,185,29790909
30263193,xXplayer20204,2060.84,1753.55,181,29790908
8844458,MG Frosty,2036.09,1753.04,617,29790909
11141027,Solarlake,2070.58,1752.97,132,29790908
463744,wl01820950,2027.02,1752.80,643,29790909
17370965,joker_666,2013.85,1752.64,567,29790909
9622163,sut_son,1842.37,1752.51,195,29790914
39136392,be fr,2130.4,1752.35,61,29790906
20028293,Lorak_80,1930.88,1752.07,208,29790911
17763864,Hide on osu,2027.84,1751.64,311,29790909
6981083,Alex_0724,1957.38,1751.50,483,29790911
1461174,savemario,2074.73,1751.49,519,29790908
31169570,Hetland,2034.03,1751.26,492,29790909
3756376,Porofaia,1933.8,1750.97,561,29790911
21226786,Macred,2079.42,1750.76,137,29790907
39376973,Tadedafeoidlol,1947.23,1750.16,442,29790911
36421239,Mxsh,2140.52,1750.04,305,29790906
39706459,cryeae,2027.38,1749.88,767,29790909
12978699,winghoyip354,1891.05,1749.21,490,29790912
17782547,shoiwnl,1987.7,1749.19,473,29790910
10630678,Armin Armout,2063.47,1749.14,599,29790908
26145711,Wimp4,2150.16,1748.96,188,29790905
15379376,Andysaur_,1948.41,1748.62,253,29790911
39495366,marcielda,1922.71,1748.45,26,29790911
19446399,Robeats,1963.79,1747.85,261,29790910
34544105,YSNYDNGG,2057.91,1747.70,184,29790908
38682229,lastfail,2135.46,1747.21,139,29790906
19108405,NepodamKebab,2031.18,1747.15,335,29790909
12029122,Vanity8,2111.09,1746.33,168,29790906
18758897,Habie27,1931.82,1746.15,215,29790911
28924574,Mati2312_OsuXD,2030.24,1746.06,359,29790909
12484908,Traz,2022.86,1745.72,315,29790909
23686327,Lightdisc,2095.81,1745.32,271,29790907
27547973,Taryem,2073.65,1744.38,187,29790908
10406875,SerGio-,2020.44,1743.85,499,29790909
31417108,[GB]Color0,1917.59,1743.85,236,29790912
9070739,Phynta,2002.57,1743.53,299,29790909
20471817,Rage Aphid,1947.54,1743.34,283,29790911
10941326,M4kel,1997.86,1742.58,548,29790910
37581090,coriKokoi,1812.94,1742.44,188,29790914
4601580,Popielasty,2072.23,1742.39,542,29790908
11387241,Halozhan,2087.64,1742.27,229,29790907
12878505,BoxFox,1971.07,1742.15,221,29790910
38166806,Arclaris,2025.23,1742.11,521,29790909
1052941,momo1478,2016.95,1741.99,375,29790909
9372657,Cyronical,1857.31,1741.61,373,29790913
4112604,Pinoxky_25,2042.21,1741.36,559,29790908
13431828,Sayumi_Teyatsu,2073.41,1741.28,314,29790908
23746606,Mr_YeeYee,1973.11,1741.15,120,29790910
6555384,Handow,2077.86,1740.83,550,29790907
39797714,Epicxyz,2116.67,1740.47,157,29790906
15198053,MARIO C,2052.76,1740.34,480,29790908
13573095,MiniMinusMan,2003.37,1740.20,336,29790909
17105405,DSGkvz,2052.04,1739.95,225,29790908
20853319,Kristalle,2018.74,1739.69,138,29790909
18902024,thais_kya,1975.98,1739.52,429,29790910
12887251,NoodleyWaifu,1891.77,1739.44,532,29790912
17579720,MagicTurtle322,2054.66,1739.24,337,29790908
17809601,Ultimate Senpai,2099.18,1739.21,304,29790907
39672631,Ptarmigan,2089.3,1739.16,318,29790907
29630828,Isaacmaster,2099.52,1739.08,25,29790907
32770409,Ryanthepro49,1891.42,1737.76,24,29790912
9568224,itsvivs,2095.25,1737.74,168,29790907
25454675,NineSey,2057.21,1737.65,245,29790908
22000167,Hlias,1905.05,1737.58,266,29790912
10243433,Inflictives,2087.9,1736.64,44,29790907
29790684,mitsuki_aa,1950.6,1735.97,476,29790911
6857843,cIementine,2022.36,1735.59,361,29790909
24275753,SoyUnTerere,2110.35,1735.48,281,29790906
12190421,Setu,1853.26,1735.39,137,29790913
36836883,otsumania,2033.56,1735.32,156,29790909
36845828,Cookie00228,2072.67,1734.90,322,29790908
32825049,riichi,1835.78,1734.89,90,29790914
773431,cah9,2039.03,1734.81,570,29790908
20974533,- Nyxia -,2083.95,1734.22,384,29790907
9080416,alez20,1802.14,1734.19,459,29790915
6473147,Kerill,2028.58,1734.04,280,29790909
24612140,Shexling,1869.35,1733.52,502,29790913
8333851,ShadowRoyal,2067.65,1733.41,431,29790908
15960090,marty916,1963.18,1733.32,554,29790911
16660532,Guhh,1976.45,1733.28,26,29790910
10387920,life long,2070.64,1733.07,218,29790908
6233901,Kratos3000,2054.31,1731.76,460,29790908
7359593,d0t,2053.08,1731.66,211,29790908
39084826,noirre,1898.71,1731.13,345,29790912
14173115,Bronzecrank,2117.23,1730.78,213,29790906
32925523,Terrabobr,2080.14,1730.68,328,29790907
13401969,Ryan0102,2046,1730.26,199,29790908
2228215,DrawdeX,1999.08,1730.16,597,29790910
9952309,MainGod,2026.29,1729.99,663,29790909
9206889,kamilx260,1965.09,1729.93,586,29790910
38334120,French Fries,1889.84,1729.43,101,29790912
11306462,Miia Tachibana,2094.24,1729.26,341,29790907
3338476,Amdsystem,2054.06,1729.06,555,29790908
14676107,Totto66,2070.18,1729.03,332,29790908
6656643,Inteon,2100.81,1728.99,239,29790907
11990801,letspartydood,2015.25,1728.65,233,29790909
21644263,Quirkyparrot,2012.81,1728.13,510,29790909
12649468,Pherren,2104.09,1727.91,211,29790907
12356421,SSachi,1976.54,1727.79,671,29790910
17776747,[ tinyshy ],2124.82,1727.75,227,29790906
3844318,TheSasorii,2065.78,1727.60,509,29790908
33337816,cau7mau,2003.25,1727.54,163,29790909
201741,mogolloelectronics,2046.47,1727.45,564,29790908
18609345,fails23,1785.05,1727.17,240,29790915
37662745,30DOLLARHAIRCUT,2144.38,1726.97,64,29790906
25237494,dragonTCH,2064.43,1726.72,23,29790908
1722837,Nekuu,2082.31,1726.67,350,29790907
345069,IceCreamSoda,2036.61,1726.36,626,29790909
247307,LUCARIO101230,2028.32,1725.96,603,29790909
7356171,ichigo_10,2035.57,1725.66,463,29790909
11408627,shiiroshi,2097.13,1725.56,154,29790907
6193723,Diederich Olsen,1959.69,1725.38,421,29790911
7987445,Dritic,2077.34,1725.32,180,29790907
30094159,shin112233,1903.73,1724.93,233,29790912
12319202,NearUwUr,2061.39,1724.92,438,29790908
33591096,Akudama2112,1940.01,1724.85,757,29790911
15651288,Xeniioo,2035.8,1724.74,336,29790909
318495,Chiyo1994,2049.24,1724.66,511,29790908
36418838,Brannik,1892.23,1724.26,284,29790912
29925627,kmiloh,1774.96,1724.13,162,29790916
11775646,asora,2121.84,1724.00,144,29790906
16006269,Neatral,1981.15,1723.80,448,29790910
3811634,Jazzle,2017.68,1723.79,570,29790909
19902865,Imuwashi,1787.17,1723.29,358,29790915
20957640,Zifus,2003.42,1722.89,541,29790909
32390879,turbo_igor_777,1858.75,1722.88,733,29790913
17722869,pixelrott,1996.38,1722.87,239,29790910
21870297,SJacal,1883.4,1722.83,216,29790912
17097764,-SBSXIII-,1990.76,1722.72,192,29790910
7530868,Barrett,2066.07,1722.65,323,29790908
10312053,luc5,2047.34,1722.08,486,29790908
33122524,RDMGaming,2044.6,1721.92,547,29790908
10375258,oxeie,2095.94,1721.88,161,29790907
13068741,LyeRR,1881.54,1721.33,252,29790912
9499271,iYelaX,2001.22,1720.63,538,29790910
17031509,2x6_81,1879.24,1720.50,395,29790913
16121913,Zenoc,2066.27,1720.33,324,29790908
29319435,heipizhu,2041.05,1720.17,263,29790908
13186697,Arijus,2074.17,1720.09,203,29790908
5081385,x_TehGz,2025.12,1720.01,536,29790909
9360446,-Zangoose,2000.76,1719.70,487,29790910
17848512,dooksie,2055.12,1719.64,419,29790908
4889867,Natsuki OwO,2030.15,1719.54,418,29790909
4831138,zeros_night,2024.74,1718.68,504,29790909
4705120,Heam,2094.14,1718.56,247,29790907
3901754,Cynplytholowazy,2035.48,1718.51,400,29790909
1423082,liisu_old,2009.06,1718.20,281,29790909
1205926,camila2011,2042.3,1718.09,515,29790908
779256,Yorokyuu,2025.76,1717.79,651,29790909
39748370,Kaiseiqz,2000.44,1717.77,108,29790910
6510123,Eyjafjalla,1869.1,1717.65,255,29790913
2653733,nigh04,2012.32,1717.54,482,29790909
8990454,-Bocchi-,2052.2,1717.15,209,29790908
13012293,Nayrekke,1917.49,1717.15,280,29790912
19770798,guy7cc,1925.99,1716.90,244,29790911
23940229,Pikalex04,1994.79,1716.78,192,29790910
9967026,ckharv,1752.53,1716.32,246,29790916
13868581,chidodou,1983.1,1716.26,133,29790910
7233543,I love Emilia,1953.7,1716.18,334,29790911
9755989,300,1802.6,1715.95,-20,29790915
21485652,KURANREA,1978.69,1715.50,596,29790910
22994926,[MG] Socialista,1998.28,1715.49,183,29790910
10214396,CiRiGiRi,1987.31,1714.91,402,29790910
15993313,Nikka Wave,1979.53,1714.83,406,29790910
34280966,hieuga,1992.06,1714.28,418,29790910
28698188,marielHA,1979.84,1714.19,503,29790910
7031076,crystallee123,2015.63,1714.14,568,29790909
30872953,thatsignifer,1800.08,1713.66,435,29790915
37133283,NACer,2047.95,1713.65,331,29790908
5107690,Orihimex3,2033.67,1713.59,554,29790909
37960715,Meguruyo,1981.34,1713.49,177,29790910
65724,NEDEAAAHHHH,1879.89,1713.49,160,29790913
6028191,-Daisuke-,1989.65,1713.17,291,29790910
10242527,oax,1990.48,1713.09,70,29790910
32180438,norrfleet,1940.28,1713.07,192,29790911
15013512,thehislayer,2048.48,1712.44,203,29790908
11802172,HotPotatoGamer,1901.02,1712.22,305,29790912
1845387,yukio1991,2031.12,1711.94,541,29790909
15723612,besquharoi,1994.43,1711.79,620,29790910
1927842,iBlueFlash,2010.76,1711.65,585,29790909
10159464,chakataki,2025.96,1711.54,265,29790909
11788017,Roma11111,1995.84,1711.23,636,29790910
6338477,yutro,1919.83,1710.89,247,29790912
29304928,sthyii,1959.53,1710.18,612,29790911
32008445,extrodex,2084.22,1709.66,139,29790907
8585372,Nikkimura,2009.49,1709.22,521,29790909
20901300,Kaimara,2093.14,1708.93,201,29790907
6051688,BadDragon,1929.79,1708.84,327,29790911
37030240,-Stary-,1971.18,1708.80,161,29790910
20963631,Dumb-Andy,2018.67,1708.06,62,29790909
7861221,NekoJustice,2018.17,1707.88,543,29790909
323890,Setsuna_F_Seiei,1868.25,1707.73,725,29790913
1534474,Ma7h2,1995.28,1707.72,564,29790910
12973468,Absent Aim,2110,1707.36,126,29790906
11514889,Avaris,2128.11,1707.06,145,29790906
18824986,Ubui,1991.33,1706.89,365,29790910
3061151,RemiFlan,1972.88,1706.53,548,29790910
9065601,Kaliumjodid,2000.53,1706.25,258,29790910
8966225,Zy5,1967.67,1706.17,478,29790910
16791641,Halcethas,2025.62,1705.74,262,29790909
9248622,Logia_Fruit,1783.64,1705.55,191,29790915
16665557,GearChinese,1922.9,1705.14,218,29790911
5517901,Syko,2023.94,1704.98,485,29790909
14552545,viktorju123,2075.04,1704.91,194,29790908
17932014,MyAngelTzuyu,1947.82,1704.11,333,29790911
16087651,THESEMiroGaming,1811.12,1704.07,149,29790914
29732703,Xrusha_zxc,1941.1,1704.02,506,29790911
21818184,-sypr,1988.78,1703.98,330,29790910
11217048,Dukemcnugget,1904.88,1703.93,250,29790912
12142797,adpider,1995.73,1703.66,275,29790910
9124278,Axorite,2044.93,1703.55,408,29790908
18321510,Klein_Let,2069.83,1703.15,283,29790908
10976672,frutiger aero,2029.65,1702.98,210,29790909
11591198,Ebuchiy,2059.36,1702.44,32,29790908
8505676,oasn,1892.99,1702.15,292,29790912
8876153,amea,2065.09,1701.39,411,29790908
595762,pixeldesu,1980.21,1701.38,625,29790910
460085,rey09,2027.95,1701.26,228,29790909
17272017,Vostok645,2082.72,1701.23,239,29790907
20733844,E Z E K,2000.62,1700.93,399,29790910
6772064,relikOS,2044.44,1700.86,188,29790908
32653636,Destra44,1962.1,1700.70,374,29790911
13547517,magudonope,2067.41,1700.66,218,29790908
37117581,ZoeAimBot,1924.26,1700.61,344,29790911
30700272,Comala,1877.85,1700.08,254,29790913
7319747,Mats Y,2055.69,1699.96,300,29790908
17792223,nwd,2001.86,1699.86,180,29790910
28720868,Anto_Crasher555,2027.08,1699.67,259,29790909
11574250,Accura_,1884.72,1699.63,491,29790912
13752814,See,2001.37,1699.56,336,29790910
1217718,DeathzTheAwesome,1970.98,1699.51,643,29790910
38822607,Zealousness,2095.46,1699.13,163,29790907
12625364,superduty16,2026.7,1699.13,243,29790909
18359883,Roka1,2011.78,1698.90,393,29790909
18685950,owo-,2016.29,1698.61,179,29790909
13524264,maszyna972,1951.47,1698.37,499,29790911
33159254,hornick,1930.19,1698.32,125,29790911
15273495,FatTacos,2011.64,1698.28,73,29790909
11652659,Suzumiya kanon,2020.88,1698.11,261,29790909
22541669,Alicemaybe,1989.47,1697.61,593,29790910
12839698,cuberi,1986.03,1697.43,368,29790910
11014662,lolsimon,2038.64,1697.19,227,29790909
14951633,LouisD,1954.77,1697.19,527,29790911
4446810,Bibbity Bill,1992.2,1697.14,597,29790910
1192453,Ola xD,2023.68,1697.04,491,29790909
547882,Gemu-,2010.83,1697.01,576,29790909
12134075,Windex7,2069.97,1696.65,260,29790908
35056640,gitcaly,1997.21,1696.18,294,29790910
13523769,Exar55,2079.18,1696.17,213,29790907
4101254,maybeAghost,2108.76,1696.03,400,29790907
8423201,Devl197,1933.42,1695.43,510,29790911
14409700,Donker,2041.18,1695.21,166,29790908
16325146,sebaIOSYS,2029.72,1694.89,305,29790909
9557450,Xidiah,2045.2,1694.59,119,29790908
584337,Patapon Hero,1922.28,1694.59,696,29790911
32703582,BubblesSoaps,2019.91,1694.50,394,29790909
3083165,lawlietern,1973.45,1694.28,657,29790910
36701152,Breacthru,1966.07,1693.80,403,29790910
9550678,Kimero,1987.96,1693.27,224,29790910
7467906,mittwin,2045.81,1693.15,362,29790908
8694211,bingge233,1843.62,1693.15,461,29790914
20285355,jetsetwilly,1891.5,1693.12,585,29790912
4659509,ksawery,2045.53,1693.08,341,29790908
34995212,Humanoid osu,2016.57,1693.03,128,29790909
1302587,do304429,2021.66,1692.58,381,29790909
11098035,Huukkeli,1964.05,1692.57,482,29790910
1813448,haruoitsuki,1961.44,1692.26,624,29790911
8027593,SynysterFatez,1822.93,1692.18,440,29790914
7844066,Usagi Ushio,1982.55,1691.95,344,29790910
11006053,Arxsosu,2061.05,1691.90,194,29790908
148823,allLia,1942.5,1691.63,674,29790911
36068349,SupaSazyCassidy,1969.69,1691.35,304,29790910
10126457,Miremey,1984.5,1690.96,602,29790910
25578225,Vunarice,2018.53,1690.54,315,29790909
9232354,bonswar,2030.43,1690.49,137,29790909
14602037,Kyroxes,1883.88,1690.30,503,29790912
21646389,lishonne,1978.99,1690.18,188,29790910
10030345,Yafu0819,1936.72,1689.37,510,29790911
1442580,LEN XD,1999.51,1689.05,546,29790910
10787786,Rixa612,2072.29,1689.01,345,29790908
3855638,sky7345906,1931.61,1689.00,558,29790911
18029941,GMrabbit,1854.91,1688.98,134,29790913
10229179,Mizem,1818.13,1688.68,226,29790914
5546195,Aiko-neechan,1954.7,1688.61,527,29790911
10596367,Avye,2028.4,1688.43,126,29790909
24970417,hyu-i,1950.43,1688.03,199,29790911
31859999,devyOSU,1882.24,1687.87,449,29790912
34732861,nakarata2111,1991.99,1687.56,521,29790910
591850,XFVW,1990.9,1686.93,590,29790910
6158522,Kim Woojin,1987.46,1686.56,608,29790910
34804696,[katashi],2076.13,1686.54,145,29790908
36549469,casco,1962.85,1686.53,378,29790911
36329639,conmembeo,1823.34,1686.29,320,29790914
23785750,bnevinhad,2030.94,1685.37,281,29790909
6204231,Unique,2004.34,1685.35,322,29790909
57311,Panther2103,1983.32,1685.29,671,29790910
30402374,rasscryu,2008.6,1685.19,449,29790909
28670029,Linslitesy,2063.78,1684.95,220,29790908
24871649,gatorozxx,2010.15,1684.87,206,29790909
2518960,kimihiro20,1962.37,1684.04,552,29790911
24591023,banica s airqn,1875.55,1683.91,116,29790913
24158685,valadimir,2007.66,1683.88,325,29790909
6867974,Banh Mi Monster,1952.79,1683.75,183,29790911
15501334,Noogliz,2014.29,1682.90,200,29790909
2944027,Ichikko,1974.48,1682.49,499,29790910
27981771,NapieR_7096,1820.35,1682.29,181,29790914
9444534,Minh Tri Nguyen,1999.29,1681.74,497,29790910
19998170,Poeje,2032.66,1681.29,337,29790909
12474487,Akhaten,1986.57,1680.97,427,29790910
6497935,ze_or,1876.1,1680.93,185,29790913
26142165,GuVs_001,1917.68,1680.48,490,29790912
19832414,cool_official2,1862.59,1679.98,128,29790913
12264918,El Milanga,1735.76,1679.70,249,29790917
12047220,AmeeChu,1989.87,1679.01,515,29790910
25988344,Scale,1939.36,1678.73,271,29790911
6368737,AchsanLovers,1788.14,1678.70,445,29790915
4435266,Eyes to see,1675.1,1678.69,234,29790919
15192341,G34Gut,1944.15,1678.10,529,29790911
15551523,JardsHard,2037.25,1677.71,312,29790909
7195229,Misaki10032,1831.98,1677.69,413,29790914
25942240,Pante,2045.31,1677.65,143,29790908
38555198,Pengo12,1686.3,1677.50,416,29790918
1481684,S o a p,1906.83,1677.18,348,29790912
21412416,NoeAltair,1867.51,1676.80,503,29790913
36377894,Gondon1486,1530.67,1676.24,478,29790923
7389208,SakuraDust,1989,1676.23,325,29790910
31186483,egordgan,2026.77,1675.93,178,29790909
21846136,StupidSnake,1861.35,1675.56,83,29790913
14929183,mamba mentality,1881.84,1675.45,-14,29790912
35169435,huanfeng,1911.74,1675.28,474,29790912
14443745,dhuragin,1969.83,1675.27,272,29790910
10472266,[GS]LeBean,1883.26,1675.22,279,29790912
24532227,Chicoshy,1954.43,1675.02,521,29790911
15907157,Murkano,1845.54,1674.42,227,29790913
23148945,The_Oyonve,1876.42,1674.39,671,29790913
33268550,UpsideDownCake,2049.41,1674.12,289,29790908
19598582,kazuchisodaa,1927.47,1673.98,363,29790911
1595414,A n g e l s,2014.7,1673.89,354,29790909
22933465,XenonXe,1965.66,1673.89,563,29790910
7442495,hazzy -,1988.24,1673.13,175,29790910
12821640,CreativeKombat,2053.58,1672.95,303,29790908
24430564,kekanra,2001.42,1672.80,470,29790910
22138084,mawafu,2024.19,1672.73,392,29790909
7097990,aki,2016.4,1672.38,294,29790909
33595691,MinazukiChocola,1909.26,1672.32,258,29790912
16360055,TomisNotGood,2007.14,1672.26,278,29790909
15704059,Misakanade,2014.45,1672.05,12,29790909
5427781,musake,1929,1671.95,639,29790911
9427887,N i l s,1801.19,1671.57,593,29790915
17214985,Oryn,2054.84,1671.30,439,29790908
18068988,Namazu,1995.96,1670.68,574,29790910
20191666,crypto,2077.63,1670.05,254,29790907
23240740,type 174,1920.13,1670.02,417,29790912
30844816,roskaez,1827.6,1670.01,603,29790914
13614226,mZ505rU,1978.53,1669.77,487,29790910
13800863,Huskiboi7,1939.02,1668.36,7,29790911
19713758,spaceethereal,2020.58,1668.32,299,29790909
36986507,Rem13of,1972.8,1667.88,368,29790910
20366537,Ndazumu,1840.38,1667.64,270,29790914
1913479,BubbaFeed,1964.81,1667.56,586,29790910
34012435,Sid Verstappen,1837.77,1667.51,139,29790914
37190633,Kuro_OSU,1930.82,1667.35,209,29790911
13478704,xhcld,1809.66,1667.08,519,29790915
13757315,fc5858,2029.59,1666.95,379,29790909
8870017,-Santa-Ichi-,1975.42,1666.80,553,29790910
9247481,monserratt869,1991.46,1666.75,544,29790910
14777478,Hank6666,1768.27,1666.64,294,29790916
17201514,Keyaki181,1915.97,1666.28,378,29790912
1012669,Lipt,1821.16,1666.01,390,29790914
16193498,Kseh,1912.67,1665.12,110,29790912
20707338,Rubah96,1847.25,1664.93,298,29790913
2971872,XxJackiexX,1984.12,1664.76,474,29790910
15985290,Medjed707,1972.64,1664.55,601,29790910
14214481,pauloreb28,1905.23,1664.24,179,29790912
6410878,pomroz,1986.37,1663.70,389,29790910
6987476,fuwacream,1905.55,1663.44,564,29790912
7816259,brink1126,2012.74,1663.34,270,29790909
3188481,Karlaah-w-,1919.45,1663.19,556,29790912
23720269,Unscore,1985.13,1662.85,187,29790910
30767642,encat,1928.32,1662.84,231,29790911
5000924,Toileri,1950.73,1662.47,430,29790911
8357149,Pithersnw,1864.74,1662.33,208,29790913
18039030,Tramon,1984.74,1662.02,246,29790910
16845024,zeriram,1766.75,1661.91,468,29790916
11934348,Tong Zi,1828.7,1661.70,377,29790914
26241550,Joy Division,1889.62,1661.58,502,29790912
13668988,Phoebs,1951.03,1661.40,592,29790911
39410570,AquaMaralade,1681.27,1661.26,106,29790918
17908675,-Hokusai-,2013.92,1661.23,257,29790909
25775864,Simelocondo,2005.83,1661.19,316,29790909
14441889,clydematsuno,1982.7,1661.17,340,29790910
6125457,RedSkyNight,1948.72,1661.15,515,29790911
17783560,simitveayran,1995.18,1660.77,416,29790910
8314806,ZATSUNE,1783.7,1660.76,461,29790915
28032522,SonicTHvn,1821.23,1660.47,433,29790914
6931932,Nazha,2055.26,1660.46,78,29790908
8007528,Raikouhou,1856.26,1660.34,306,29790913
34265097,-IrespectWoman-,2063.86,1660.20,54,29790908
37811606,zhukketzu,2010.68,1660.17,331,29790909
23372495,werttytae,2009.88,1660.12,270,29790909
2720628,XAce1337manX,1794.37,1660.05,302,29790915
38662229,NoiseAddict,2088.93,1659.92,69,29790907
19836723,_Arimasu,1938.39,1659.75,153,29790911
17224075,qyeu,1996.93,1659.66,244,29790910
28652643,ki chan,1973.84,1658.30,173,29790910
10831708,Chipiwiny94,2069.07,1658.15,89,29790908
39960489,JohnnyRango,1767.51,1657.84,331,29790916
11379752,Alfearox,1942.4,1657.48,454,29790911
30660418,Romance,1948.27,1657.28,326,29790911
14026273,Uchiha Caio,1868.75,1656.96,504,29790913
2304450,- P l u t i a -,1956.54,1656.93,551,29790911
38720963,Uesugi Futaro,2026.85,1656.81,89,29790909
17619649,policevn,1974.15,1656.76,251,29790910
26547497,The8,1910.22,1656.70,56,29790912
12592790,ww123_321,1953.04,1655.49,502,29790911
6671961,RWAN999,1961.15,1655.24,521,29790911
30547574,phimous,1903.29,1655.22,228,29790912
14771970,tomatitohconkk,1894.84,1655.22,368,29790912
38289472,Myfight,1967.8,1655.21,353,29790910
17193272,Sakuragiiwnl,1981.68,1655.05,353,29790910
12058803,alego4710,1894.19,1655.02,488,29790912
7832630,THEKNIGHT20322,1910.97,1654.91,601,29790912
15448945,Orino,1986.78,1654.87,494,29790910
12781767,Tristan,1836.73,1654.65,307,29790914
17936140,51msz,1955.73,1654.53,87,29790911
17780359,Ludio235,1918.65,1654.10,238,29790912
10934559,Listerine,1902.4,1654.03,140,29790912
15935103,Micha_iwi,1934.25,1653.63,495,29790911
19349932,GeometryDash2h2,1897.53,1653.55,421,29790912
7895307,-Lagadou,1862.87,1653.38,643,29790913
17748403,Lipre,1775.52,1653.37,349,29790916
12412485,Escitalopram,2029.86,1653.29,267,29790909
5243400,Delciak,2003.8,1653.25,262,29790909
18326256,MiguelGamer,1920.97,1653.13,678,29790911
12804267,Linkplan,1907.53,1653.07,470,29790912
15131844,ionsoul,1977.8,1652.98,437,29790910
28769605,Andrick_,1833.23,1652.89,102,29790914
17413733,Henry03,1741.07,1652.51,166,29790917
8781697,kuri-ma,1951.31,1652.19,541,29790911
10091878,DebilPL,1938.05,1652.04,30,29790911
4295388,Bratkartoffel,1955.97,1651.56,516,29790911
30338965,HungryTurtle420,1991.19,1651.46,197,29790910
13666517,saracha,1988.35,1650.65,383,29790910
1819646,GleniPL,1940.7,1650.64,669,29790911
1846113,ItsChipiko,1562.16,1650.60,165,29790922
27583072,iUnkn__,1792.9,1650.11,562,29790915
13774352,purplesky7,1867.42,1650.02,395,29790913
3460534,Danii_,2032.76,1649.43,237,29790909
19165066,Limoni,1934.57,1649.40,495,29790911
35839764,853123579,1824.06,1649.13,113,29790914
9937821,Sniperboy,1949.36,1648.24,435,29790911
8911619,KobeNanami,1950.33,1648.12,402,29790911
28726564,Shad3vx,1999.76,1648.06,319,29790910
29164007,Maihama Alice,1815.51,1648.04,687,29790914
11984937,RafaelXDP,1824.22,1647.81,318,29790914
16858199,Anthomie,1813.94,1647.54,382,29790914
8672830,eman500,1974.84,1647.46,429,29790910
2272587,Trainjumper,1931.53,1647.25,352,29790911
15870307,MuraToy,1977.21,1647.20,350,29790910
14678488,a_samotniaa,1945.46,1646.94,476,29790911
3300985,Koni3,1951.97,1646.69,454,29790911
16021835,Lk_res,1920.76,1646.43,175,29790911
8197549,YumiSakuraVocal,1946.62,1646.08,565,29790911
10040597,Sonoboi,1971.74,1645.31,277,29790910
35091152,bielokou,1931.95,1645.25,258,29790911
11654947,Ryusu_,1931.39,1645.07,137,29790911
23091370,Mythrooo,1892.75,1644.80,379,29790912
35600324,Xerillia,1802.05,1644.70,193,29790915
8196177,Nikano,1946.12,1644.10,453,29790911
20560746,zZKaiZz,1905.98,1643.98,149,29790912
28032394,Huna Shirokane,1857.94,1643.76,252,29790913
12828811,_Gr4n,1990.3,1643.50,305,29790910
11635690,GhoztTime,2019.6,1643.40,180,29790909
7314721,Limpiador,1908.8,1643.21,358,29790912
17979583,eve enthusiast,1817.33,1643.18,194,29790914
1579083,DEATHNINJAL,1955.11,1643.09,488,29790911
17249008,nakk_o,1778.33,1643.09,187,29790915
20960834,Yiosen,1919.03,1643.04,455,29790912
20839175,slzhta,1881.45,1643.02,160,29790913
5851253,Lyawi,1947.46,1642.86,496,29790911
34263508,iceyrave,2005.18,1642.71,255,29790909
14567535,VickyMiau99,1676.47,1642.34,285,29790918
16468487,Phatcraft34,1996.08,1641.79,299,29790910
6420788,sanadamikoto01,1754.59,1641.74,563,29790916
8538592,Silversoul10,1959.82,1641.49,342,29790911
2498416,Maiiden,1951.62,1641.49,296,29790911
8013143,SARikku,1904.83,1641.47,427,29790912
32823926,Rysami,1887.35,1640.65,485,29790912
6428837,Sverige1658,1941.34,1640.48,530,29790911
7974401,MasterKurorei,1978.36,1640.34,373,29790910
12243957,kanora2958,1960.12,1640.26,534,29790911
26738561,Soddapt,1942.94,1640.05,145,29790911
25814635,Arti4106,1996.5,1639.51,207,29790910
38821666,mbe111,1869.86,1639.34,51,29790913
38025440,saltybass,1918.57,1638.80,322,29790912
9043476,[Deivi],1840.15,1638.50,43,29790914
2278210,Claymorexx,1971.33,1638.47,509,29790910
30328823,Jake Ashton UK,1882.97,1638.23,373,29790912
7515680,melas oneiros,1886.24,1638.03,322,29790912
2017449,- Umeru -,1861.41,1637.84,177,29790913
38903387,WendyosCZ,2037.92,1637.67,96,29790909
153180,a249016611,1911.87,1637.60,666,29790912
6580409,Shatter1,1930.46,1637.55,424,29790911
15204388,Joeguw,1899.23,1636.95,448,29790912
30502040,RAY_LiGHTS,1935.7,1636.34,249,29790911
18217876,ESCRUPULILLO,1920.42,1636.14,213,29790911
29172260,Aizen1324,1843.03,1636.13,445,29790914
39479146,Astraleus,1826.67,1636.04,-54,29790914
8828393,Acrter,1872.49,1635.97,329,29790913
12667791,sheraton,1893.77,1635.87,313,29790912
14289915,Zyiers,1868.43,1635.80,271,29790913
4972945,Delly69,1931.21,1635.79,438,29790911
9660460,suepie,1901.5,1635.67,129,29790912
14865000,nyaaapurrrrr,1871.09,1635.56,211,29790913
8427421,maxlid3,1746.28,1635.56,272,29790916
6387433,Koi Kou Enishi,1939.51,1635.27,416,29790911
617962,mm78912385249,1940.88,1635.01,530,29790911
13627426,mort,1946.85,1634.47,318,29790911
29520458,cicka237,1960.21,1634.43,325,29790911
6613805,ElDany27MC,1942.71,1634.33,509,29790911
1680048,reinaaonin,1969.02,1634.24,481,29790910
9418971,FrostGamers_IND,1843.16,1634.21,568,29790914
6309302,TheDragonOppai,1948.84,1634.03,522,29790911
34986995,pixelation,2015.47,1633.81,199,29790909
24787005,TheMau05,2015.77,1633.30,122,29790909
1652203,HaruBarrel,1949.84,1633.24,538,29790911
38288837,KacperFL,1660.23,1633.19,110,29790919
1311225,X_KuRo_X,1943.85,1632.87,541,29790911
22813898,Shiny Sylveon,1829.79,1632.84,285,29790914
20089906,ARP YAMATO,1926.47,1632.80,538,29790911
2400648,irfannpratama,1931.75,1632.48,497,29790911
6431865,Mycronare,1865.31,1632.33,462,29790913
13833149,ThizuliScissors,1885.4,1632.17,222,29790912
3251430,Xaviayis,1929.09,1631.79,434,29790911
20317628,Kubus_90,1908.33,1631.07,407,29790912
3971750,NekoNatsumi,1948.6,1630.95,534,29790911
18865039,ottorosan,1955.16,1630.70,294,29790911
2460983,inuzuka72,1898.47,1630.57,655,29790912
11127505,Soniaco321,1845.61,1630.44,317,29790913
11063830,Spawts,1946.4,1630.35,479,29790911
7197707,Ookamiti,1920.87,1630.22,570,29790911
5382219,Mochingun,1944.75,1629.75,514,29790911
12903478,BugsLife,1915.5,1629.58,203,29790912
37545867,fatwhagle,1914.38,1629.25,273,29790912
12309926,92min,1870.36,1629.02,332,29790913
403511,yui125978,1957.58,1628.81,527,29790911
11264800,Omedetou-,1869.17,1627.27,467,29790913
8601211,yusterday,1827.79,1627.06,604,29790914
20145254,Calxi,1975.18,1626.69,391,29790910
17667194,waji42,1785.87,1626.36,295,29790915
981591,Muzha ComboKing,1826.14,1626.09,369,29790914
35771964,Manteighaz,1823.02,1626.02,292,29790914
30474711,sakupopon,1864.55,1625.94,213,29790913
11611196,Svanus,1871.55,1625.82,258,29790913
29129403,phoskitos,1972.44,1625.47,134,29790910
15985798,Skylineok,1938.57,1624.94,261,29790911
16976072,GDBlack,1822.86,1624.80,340,29790914
14854161,FlyingParrot,1994.73,1624.65,56,29790910
20219981,Thefamousfilms,1934.48,1624.23,574,29790911
22794743,ShiggyStef,1926.57,1624.01,358,29790911
13716465,SkrillyPhilly,1772.25,1623.98,177,29790916
31373560,KamixiHOW,1970.15,1623.69,122,29790910
17652308,totox,1975.52,1623.45,346,29790910
2977646,KagamineRin0,1907.15,1623.10,667,29790912
5164008,Mitoru,1984.97,1622.98,227,29790910
715119,Lirii,1929.38,1622.66,567,29790911
6567273,emo_drain_2009,1854.14,1622.64,295,29790913
5172939,akiraLotus,1945.62,1622.63,471,29790911
37707329,wyawan,1923.4,1622.46,308,29790911
9878349,calculus,1857.04,1622.40,375,29790913
34540182,Nysanix599,1899.16,1622.07,488,29790912
11830090,Warcko,2014.83,1621.73,198,29790909
8993219,c moi CAKE,1869.26,1621.41,140,29790913
15952434,6y6JIuK21,1972.12,1621.22,407,29790910
18516487,Monika22825,1972.26,1621.19,366,29790910
13522955,Torcie,1837.43,1620.92,322,29790914
36757325,Schleim70,1912.24,1620.64,156,29790912
35295722,Dan_Hun,1855.36,1620.32,78,29790913
11792694,DanteKurutta,1951.56,1620.28,291,29790911
8126700,Bartexovsky1337,1866.16,1620.28,388,29790913
9693475,VyxVin,1927.12,1620.24,388,29790911
28882191,caokydeptrai,1816.91,1619.74,162,29790914
7878862,cocore,1869.78,1619.73,245,29790913
33462821,MicuBogdan,1824.45,1619.63,426,29790914
1262171,Merizio,1900.26,1619.59,573,29790912
12746331,ssrokeen,1937.21,1618.66,498,29790911
22425213,z13a,1962.15,1618.08,324,29790911
4734947,neymar95you,1879.84,1618.00,575,29790913
19687662,Seragaki Aoba,1999.45,1617.27,187,29790910
17990428,LoeStarLawyers,1870.56,1616.49,284,29790913
8826046,_Riley,1839.5,1616.42,554,29790914
33522428,JiinJin,1813.33,1616.39,440,29790914
13977852,IOHOCTb,1831.32,1616.02,403,29790914
5758089,SearingWolf,1898.41,1615.94,142,29790912
11203242,-QYOURTX-,1941.45,1615.82,307,29790911
36738784,cheesseur,1699.21,1615.75,436,29790918
21935437,zedq01,1925.82,1615.66,353,29790911
20347142,Azukkii,1666.42,1615.56,411,29790919
25893726,Aep3016,2006.15,1615.38,145,29790909
28397906,LuneDelta,1751.79,1615.33,324,29790916
6032198,-Beatrice-,1996.21,1615.19,332,29790910
6717559,ruruichi,1814.96,1615.00,214,29790914
18086030,DimEl,1958.97,1614.86,221,29790911
13464377,korc15,1872.21,1614.71,339,29790913
13282075,kaiser1337,1883.61,1614.66,252,29790912
6353318,Yaojima Chan,1955.45,1614.60,477,29790911
9490122,A k u m u,1890.07,1614.57,628,29790912
5316339,Koemichan,1895.21,1614.51,496,29790912
15006781,Xtradinary,1823.99,1614.37,530,29790914
34425859,Roniney,1834.82,1614.33,251,29790914
32670824,NeneRobo,1891.7,1614.31,440,29790912
31021130,sfsdfafdafare,1876.86,1614.07,107,29790913
2417489,AxE DemonAngel,1915.73,1614.04,558,29790912
27931512,GFTtungsten,1877.22,1613.91,159,29790913
13396303,Toxicantmmc,1976.92,1613.61,290,29790910
11400322,WANGTIANDADA,1804.13,1613.51,109,29790915
15959438,vinvirvin,1709.79,1613.47,488,29790918
9359542,Amalkagamine,1916.99,1613.35,555,29790912
31146012,nmsbwc,1889.37,1613.27,90,29790912
22218893,axrr,1990.21,1613.23,176,29790910
16688497,Milin,1902.11,1613.22,218,29790912
17573261,mihu,1884.97,1613.22,125,29790912
19176750,im a magic girl,1806.13,1612.74,337,29790915
2300452,CiinAuuDee,1941.87,1612.70,520,29790911
21961721,mindset,1989.35,1612.42,283,29790910
38324914,Dipronar,1937.55,1612.21,390,29790911
2031821,Busy Me,1907.24,1612.15,605,29790912
33765057,jnjeckce,1869.49,1612.05,285,29790913
16241476,Tankerlion727,1939.81,1611.94,326,29790911
16100171,brandon003355,1676.69,1611.82,382,29790918
34644513,NovaInitium,1825.86,1611.48,106,29790914
2945165,serghio,1894.3,1611.19,561,29790912
7623866,SadicNox,1920.64,1611.17,418,29790911
11070577,FAW,1781.03,1611.01,242,29790915
39363752,Alteran,1602.6,1610.77,337,29790921
12346126,iwi,1812.01,1610.71,49,29790914
14087398,SmartFridgeUser,2037.06,1610.56,86,29790909
37776644,Meow Pau,1986.13,1610.48,257,29790910
9578071,anthamxx,1916.47,1609.97,317,29790912
30494964,Futsuu_,1564.43,1609.92,205,29790922
11069969,hgsmallz,1873.48,1609.42,194,29790913
14203560,Icefury,1846.41,1608.92,264,29790913
30749346,nashimusu,1896.38,1608.60,306,29790912
32967120,Shiedynn,1829.89,1608.47,227,29790914
3822323,Euphi,1918.43,1608.29,536,29790912
39033911,eLwOrLd,1709.17,1608.08,295,29790918
15608573,blunket,1912.35,1608.00,75,29790912
18325589,RJoel17,1870.87,1607.86,258,29790913
2272413,Esemoka,1863.54,1607.62,401,29790913
38083987,ANITYA,1906.07,1606.84,61,29790912
8757256,kjeks,1864.45,1606.64,142,29790913
20884915,we are so back,2011.15,1606.47,332,29790909
4841234,pixelheadRJR,1885.79,1606.33,485,29790912
9135400,Reinford,1786.93,1606.23,258,29790915
27141411,paling,1924.87,1605.85,413,29790911
10262000,Heo,1856.2,1605.79,191,29790913
423948,ArvenEveningStar,1904.63,1605.36,608,29790912
12047592,Misaki Yamato,1894.61,1605.21,597,29790912
2756732,A y u m u,1919.56,1605.20,482,29790912
24184026,greedx,1991.74,1605.16,109,29790910
3802071,CzPie,1905.42,1604.68,603,29790912
36408284,Lucoa sleeping,1827.47,1604.10,191,29790914
7500352,-Mimikyu-,1876.03,1603.89,400,29790913
12858852,blueballoooon,1801.9,1603.86,338,29790915
4665240,Dorvaking,1888.73,1603.29,493,29790912
32749601,pawell,1859.11,1602.91,89,29790913
15204384,ZehRuh,1816.59,1602.68,159,29790914
36055680,waidabu,1869.95,1602.66,88,29790913
5536017,Cero404,1855.26,1602.56,466,29790913
14763572,Gloff228,1888.88,1602.33,259,29790912
5903145,Erikavicent3,1933.93,1602.28,470,29790911
37843705,Arcadeyia,1876.58,1602.27,331,29790913
21230394,Emyru -,1683.58,1602.15,454,29790918
24820386,GhostRus,1939.09,1601.88,479,29790911
23272185,K4n_0,1902.87,1601.86,456,29790912
22938083,fool0114,1966.73,1601.32,245,29790910
8033699,AkiraSalad,1797.59,1600.76,192,29790915
2607498,Conor,1942.15,1600.31,491,29790911
15960956,Cat Kirby,1953.94,1600.03,385,29790911
7596906,BladeExtreme,1754.26,1599.65,236,29790916
4685581,TheLostArc,1887.29,1599.37,652,29790912
37644798,-Anri-,1757.84,1598.99,582,29790916
26152770,Nakiri Gawr,1918.29,1598.98,445,29790912
13074770,coop lager fan,1910.29,1598.87,285,29790912
4471879,Caelan,1986.47,1598.71,568,29790910
26646064,longliveangel,1968.52,1598.61,354,29790910
17508129,raizy,1747.81,1598.58,293,29790916
7468818,Krzywy,1835.59,1598.51,349,29790914
37438305,Sycokamna,1799.92,1598.44,243,29790915
26086660,Selcaan,1791.68,1598.38,265,29790915
20293574,-Wavy-,1872.72,1598.26,266,29790913
4108479,240443126,1797.17,1597.96,504,29790915
13319616,kaver,1839.26,1597.85,307,29790914
33410357,AlfkieW,1853.05,1597.43,196,29790913
11160804,Kuuube,1964.48,1597.00,249,29790910
16320311,Eriha,1916.86,1596.82,155,29790912
39075541,ganjaman17,1757.1,1596.80,262,29790916
10776788,[ Momoring ],1678.68,1596.39,137,29790918
1762240,Adagor,1851.27,1596.20,488,29790913
33040981,tSanctum,1873.73,1595.56,84,29790913
21101600,Terraprox,1788.32,1595.11,119,29790915
16003534,FoxProto,1881.03,1594.78,326,29790913
14450298,jafarkot,1970.07,1594.63,228,29790910
31709045,Bl1x3r,1803.37,1594.11,185,29790915
10196936,wtf301,1887.19,1593.47,542,29790912
25145425,ardaonemli,1926.1,1592.75,180,29790911
14264258,Ethaniel,1921.69,1592.75,455,29790911
32315639,- Hoffy -,1800.28,1592.12,270,29790915
2138715,battousaitim,1914.02,1591.99,536,29790912
431576,ryhg30414,1884.07,1591.97,623,29790912
21855554,Lavalal,1869.03,1591.90,661,29790913
20608349,KinfOgJanpan,1982.23,1591.63,200,29790910
15832008,floatyoats,1749.68,1591.60,353,29790916
10983649,I Kappa Best,1776.37,1591.17,563,29790916
33231977,wess99,1865.15,1591.01,515,29790913
7852271,[KuShiro],1773.48,1590.86,299,29790916
12789136,Yuki Haru,1883.99,1590.78,702,29790912
17141489,imcl0wn,1915.57,1590.52,398,29790912
13222332,Trap4LifeUwU,1954.13,1590.47,365,29790911
21664323,avhormauk,1882.88,1590.47,94,29790912
14663919,Pulsr1,1786.39,1590.24,504,29790915
474223,amihatsune,1900.2,1589.80,577,29790912
5105552,kio togami,1900.34,1589.37,507,29790912
13861638,piss,1821.88,1589.19,240,29790914
2069487,egi551,1706.07,1589.16,437,29790918
15021398,Neuro sama,1808.81,1588.85,578,29790915
13982833,kirosek12,1903.09,1588.60,271,29790912
2146628,ZeNox_x,1791.25,1587.92,293,29790915
1126224,redescender,1890.39,1587.69,556,29790912
35416855,Poor_Cursue,1742.75,1587.36,261,29790917
18926385,Yugooo,1855.99,1586.65,480,29790913
34175988,efemboygg,1998.84,1586.61,174,29790910
11208672,ieya114,1891.84,1586.59,582,29790912
1125687,KaitoxShion,1897.99,1586.33,550,29790912
29343151,reaI,1919.96,1585.17,301,29790912
8705436,davidserrano08,1908.09,1584.76,327,29790912
38504325,weswispp_,1398.82,1584.51,99,29790927
8808087,- Nothing -,1617.06,1584.49,121,29790920
36100537,g6758x,1711.56,1584.19,577,29790917
13886884,ecks-dee,1764.78,1584.08,164,29790916
11158961,Horiza,1961.35,1583.77,243,29790911
10881224,_404_,1849.23,1583.77,477,29790913
4434721,Choo,1853.9,1583.67,397,29790913
928704,kill-ben,1849.46,1583.65,600,29790913
16252932,FelizDOEG,1894.03,1583.61,465,29790912
21680919,Aramantium,1911.51,1583.14,408,29790912
18219300,lvaillan06,1909.14,1582.48,370,29790912
26350329,mitzu7,1882.49,1582.35,488,29790912
11895853,yoloswegslol,1714.15,1582.21,322,29790917
18280671,bluesky148,1764.67,1581.94,317,29790916
10625272,disaster,1749.11,1581.77,562,29790916
9064925,Geff,1912.87,1581.47,432,29790912
10752423,Deathlok,1865.96,1581.45,650,29790913
18510504,TOM is epic,1753.44,1581.30,184,29790916
10255241,nyanko-sama,1860.51,1580.97,480,29790913
16012978,ElmanuOwO,1658.65,1580.96,450,29790919
859888,htrr,1827.73,1580.70,685,29790914
17256300,Kurosawa_,1770.51,1580.70,539,29790916
27991564,Akew,1841.33,1580.09,197,29790914
21759323,Clemi1337,1928.72,1579.45,123,29790911
1667339,Coda Gembira,1895.57,1578.94,507,29790912
12390192,SaoriKetai,1917.76,1578.81,423,29790912
11196666,SS is hard,1892.88,1578.30,408,29790912
13575548,Smol-Bloo,1876.52,1577.82,533,29790913
9362807,konsei,1754.8,1577.63,317,29790916
22999668,FlokyUwU,1834.64,1577.14,306,29790914
6153687,Lower_princess,1815.79,1577.12,369,29790914
15318322,Reenix,1890.14,1577.01,328,29790912
30879137,Keilory,1601.91,1576.82,311,29790921
15279363,DonSatur,1564.95,1576.69,187,29790922
3378116,josepoma,1783.95,1576.59,418,29790915
201392,Repflez,1895.64,1576.37,506,29790912
13249150,Kasumi-nii,1836.85,1576.22,198,29790914
14659672,MzLord,1933.14,1576.07,88,29790911
10900803,Pikiaboom,1864.18,1576.02,590,29790913
8858275,Naexen,1798.88,1575.80,404,29790915
26084020,TwiSona,1789.98,1575.42,249,29790915
39892540,flowerprincess,1874.81,1575.11,497,29790913
24119963,rapid2,1892.64,1575.07,161,29790912
29393001,Nakushii,1688.5,1573.78,166,29790918
36155915,Fuuture,1760.57,1573.64,96,29790916
9377575,LLDonkan,1928.93,1573.50,304,29790911
4470658,Budder,1866.44,1573.35,291,29790913
10765803,rayfa33,1872.82,1573.33,146,29790913
4936734,ThaLeggend,1834.45,1572.65,461,29790914
10391677,Ozi774,1807.67,1572.59,434,29790915
12695601,zai4ik0852,1932.13,1572.29,297,29790911
6582366,JASON_LO,1855.15,1571.97,509,29790913
19911512,SeliC,1862.2,1571.57,327,29790913
7699101,PheniL,1912,1571.48,451,29790912
29166297,217Keito,1717.8,1571.40,255,29790917
15838669,kmoe,1785.64,1570.84,236,29790915
27873367,yxles,1842.88,1570.76,422,29790914
34087099,linglingyi001,1704.15,1570.60,204,29790918
6509103,Magic-Sakura,1783.36,1570.07,621,29790915
16034203,-[A]Uyn-,1665.75,1569.55,156,29790919
7418991,Aujto12,1895.01,1569.47,480,29790912
15606032,Locz3k,1777.31,1569.29,295,29790916
13384149,jojo165bx,1901.87,1569.26,351,29790912
7162411,Imaizumi,1881.1,1569.09,295,29790913
4195428,Nurul Izah,1871.49,1568.99,458,29790913
22901658,palillonn,1904.19,1568.93,173,29790912
38541809,reimu2005,1563.02,1568.83,242,29790922
33576194,janysaurus,1895.11,1568.45,407,29790912
36013494,UltiSaber,1862.04,1568.41,225,29790913
9123848,kazhixx,1874.05,1568.29,511,29790913
23121286,Dark_Wizard-,1880.2,1567.76,589,29790913
18425848,ParraCharlie,1811.79,1567.69,415,29790914
14216120,nacuo,1798.74,1567.64,467,29790915
3512660,Bojoz,1860.62,1567.63,271,29790913
39990993,a144nd5,1569.29,1566.32,368,29790922
6032838,Koyeg,1872.95,1566.23,561,29790913
920596,lukekido,1851.65,1566.06,536,29790913
11969864,Hirumi,1913.9,1566.02,145,29790912
36864969,BadTaikoPlayer,1802.52,1565.89,134,29790915
14852400,Ryujiken,1839.98,1565.87,679,29790914
2339758,lain,1911.66,1565.83,291,29790912
3988879,KENDO,1861.5,1565.69,547,29790913
14526128,Spleech,1865.47,1565.10,282,29790913
24557110,Miich000,1893.17,1565.04,112,29790912
15682963,RintaroOkabe,1878.88,1564.91,460,29790913
19558277,tjappa,1818.45,1564.54,249,29790914
30923248,Alton,1920.48,1562.88,176,29790911
10852632,giyokon,1817.78,1562.85,292,29790914
12583981,Crown Only,1917.14,1562.77,402,29790912
18237390,HandsomeJoeTed,1898.34,1562.58,287,29790912
28133317,Docaedro,1808.96,1562.49,268,29790915
6090105,terho,1780.25,1562.18,410,29790915
30829128,sqzume,1675.33,1561.88,119,29790919
2283699,riwil,1879.67,1561.74,491,29790913
18079368,Ben_Dovverr,1878.17,1561.52,338,29790913
4206730,Rari,1871.81,1561.50,461,29790913
9896917,DroiidBro,1866.58,1561.46,217,29790913
99557,PokuMii,1864.33,1561.29,514,29790913
37446212,SadmadCafa,1728.37,1561.13,98,29790917
34714027,FullSk1ll,1744.85,1561.10,354,29790916
19570244,hopuwu,1927.23,1561.06,375,29790911
36115453,S0S,1934.18,1560.80,162,29790911
23710310,gumitsu,1759.06,1560.68,461,29790916
1712983,Trigger_b0y,1679.62,1560.58,532,29790918
11624923,Dukitan,1907.05,1560.06,177,29790912
24345848,hadddo,1834.98,1559.66,420,29790914
8998040,Maloacoa,1787.59,1559.41,258,29790915
454959,Xranitell,1868.55,1558.82,492,29790913
554879,orange-,1861.22,1558.70,578,29790913
11404719,Rohliiikk,1921.47,1558.56,214,29790911
8224315,hopie321,1704.57,1558.30,458,29790918
16429749,Izzie23,1896.03,1558.18,369,29790912
36167224,zombieboy239,1873.21,1558.05,323,29790913
17872429,laps,1768.95,1558.04,231,29790916
16209762,leviy lo,1899.34,1558.00,340,29790912
7714960,LeHoangAnhTu,1792,1558.00,390,29790915
32784083,xavy,1759.59,1557.83,89,29790916
708859,Lochts,1705.22,1557.78,365,29790918
36010404,PanChaiTH,1793.07,1557.53,390,29790915
14389528,Tsk,1812.62,1557.48,140,29790914
4592615,Ing,1919.76,1557.46,269,29790912
1572097,LUCKY890213,1843.09,1557.38,595,29790914
18255474,Hazer42,1743.99,1557.32,358,29790917
12583052,-Lay,1740.48,1556.85,472,29790917
24114076,Cute JS,1808.02,1556.59,192,29790915
18687807,mxu,1630.08,1555.48,207,29790920
7801227,Emilily,1846.13,1555.35,582,29790913
11093731,Cichegranie,1778.05,1554.94,506,29790916
25941171,W Cup,1832.11,1554.43,353,29790914
9256771,gilraen,1859.73,1554.36,343,29790913
25622451,Lili_14,1860,1553.55,370,29790913
31367182,erlix__,1930,1553.53,271,29790911
12599154,Toxic Scent,1722.08,1553.18,327,29790917
7984954,Prix Garantie,1798.04,1553.17,529,29790915
6291386,Tactic,1875.31,1552.98,531,29790913
5639537,Joel2829,1779.66,1552.90,457,29790915
23298454,reaperoverlong,1871.35,1552.33,418,29790913
10863782,boiEnemy,1863.86,1551.73,191,29790913
11770731,spookiarab,1944.28,1551.56,194,29790911
19914599,Stepa001,1823.59,1551.40,110,29790914
38572300,sansbens,1486.23,1551.33,212,29790924
9197653,WTLK,1826.54,1550.93,498,29790914
3339073,- kouyuu -,1724.39,1550.83,297,29790917
12251022,- s t o n e -,1885.99,1550.72,465,29790912
7888760,-Alpheratz-,1838.34,1550.60,586,29790914
21272941,Egg06,1696.81,1550.42,297,29790918
1166730,Dinonomscookies,1819.96,1550.22,488,29790914
5765583,sxl,1650.35,1550.10,424,29790919
8570013,xXx_JHON_xXx,1812.26,1550.03,410,29790914
31772644,[-LuoTianyi-],1925.29,1549.77,253,29790911
5029732,DarkChoupinou,1833.31,1549.17,462,29790914
15902520,El Castra,1780.36,1549.11,447,29790915
163922,Asukai,1884.61,1549.00,572,29790912
16489706,Shippy,1837.61,1548.57,622,29790914
15536224,TheUYGovernment,1850.81,1548.31,360,29790913
3536142,Dorek1998,1672.59,1548.14,490,29790919
16499829,Adachi-Sakura,1910.39,1548.08,213,29790912
10917389,Ballesta,1897,1547.89,293,29790912
17343607,AlphaDog,1873.36,1547.84,358,29790913
5220600,Dannine,1851.16,1547.80,501,29790913
2561427,Nerukolepu,1847.35,1547.80,523,29790913
7254779,Korisu048,1872.31,1547.79,461,29790913
7822743,RtE Weirdo,1841.62,1547.38,352,29790914
459672,bspan,1837.84,1547.14,527,29790914
18136706,Anlhaz,1767.03,1547.10,349,29790916
12106651,Dodelki,1847.02,1547.04,541,29790913
22959868,RVL3,1808.54,1546.99,519,29790915
39320242,kangema,1810.1,1546.97,648,29790915
7862812,Bonnie Abadeer,1809.19,1546.73,366,29790915
24040193,thienthedude,1690.62,1546.61,389,29790918
7702571,Sosteneshion,1655.66,1545.39,454,29790919
7767023,W4RU1K0 JPN,1824.78,1545.28,564,29790914
31342582,usiusi0209,1923.3,1545.04,162,29790911
4502238,zelda101,1864.81,1544.94,536,29790913
4094340,ash11143,1846.96,1544.83,515,29790913
13949739,KrissU13,1813.48,1544.52,308,29790914
17488247,Feroshi,1825.48,1544.49,264,29790914
5327526,WaizZee,1661.24,1544.05,451,29790919
24323644,qwyb,1755.86,1543.75,220,29790916
14612427,Oo0_Oo0,1805.82,1543.61,228,29790915
38638029,Creationist,1786.84,1543.53,169,29790915
14548402,Fruutcatcha,1795.07,1543.19,289,29790915
4746731,MakishirX,1860.99,1543.08,479,29790913
9406171,Apteka,1853.99,1542.99,394,29790913
15745826,blink182shawty,1641.23,1542.74,357,29790920
21585570,Airi_,1825.92,1542.39,363,29790914
15990628,ream,1775.11,1542.24,108,29790916
1920049,goink,1744.1,1542.16,562,29790917
9223309,Joflaz,1675.98,1541.77,316,29790919
7558187,Sato_Caelum,1864.92,1541.66,539,29790913
15186865,ERA GulMyMommy,1763.8,1541.63,143,29790916
30549266,SORA_T4kAhqSh1,1833.05,1541.61,192,29790914
11552140,Shefour,1733.97,1541.37,45,29790917
7659829,hurricane3000,1840.26,1541.05,400,29790914
12776754,Joyi,1832.35,1540.92,213,29790914
27077398,ezkiel,1765.89,1540.89,211,29790916
30582778,onetwothreefour,1770.81,1540.60,707,29790916
36580689,ItoohZz,1830.42,1540.58,376,29790914
30792195,MRleonardo_o,1733.43,1540.55,313,29790917
8955493,My Angel Chef,1886.8,1540.31,427,29790912
5054154,Crazzeh,1831.12,1540.18,328,29790914
16355371,ahjklospb,1805.9,1539.72,323,29790915
12502315,TheDanBogach,1855.55,1539.23,103,29790913
22627322,chonado,1832.51,1538.55,224,29790914
35761100,Nonono Nono,1755.95,1538.45,297,29790916
14085397,Hoopa,1838.93,1538.24,398,29790914
4539100,Diversity,1757.74,1538.11,452,29790916
35396410,4blits,1726.5,1536.86,155,29790917
3481553,Ner0,1770.09,1536.73,539,29790916
38760373,Gura971534,1655.48,1536.63,343,29790919
20452353,Rakun205,1604.03,1536.58,363,29790921
17103071,houlio,1896.77,1536.54,378,29790912
22950902,Kasaiano,1710.94,1536.32,273,29790917
7996641,Karol on osu,1852.96,1536.16,406,29790913
1432513,Chikane Volchise,1861.74,1535.94,482,29790913
15722645,AverageHDPlayer,1847.85,1535.63,413,29790913
24335917,nichijou,1875.86,1535.27,212,29790913
32892380,ForlornWolf,1815.63,1535.20,129,29790914
11999374,ZeDinie,1854.4,1534.83,546,29790913
22136131,RioL1337,1805.04,1534.51,195,29790915
8174211,wumalu,1661.58,1534.51,498,29790919
13477307,SunDr4g0n,1820.09,1534.25,267,29790914
8321943,OnniS6,1916.03,1533.84,348,29790912
33094930,TheBagelOfMan,1848.27,1533.48,88,29790913
2950057,HelloKittychan,1862.8,1533.08,346,29790913
6436740,Lalayota,1845.93,1532.73,462,29790913
6506484,duski,1823.17,1532.63,502,29790914
14839269,[Ellie],1799.34,1532.40,239,29790915
4781004,Sleepteiner,1882.39,1532.29,433,29790912
11921197,Shiox,1694.25,1532.21,204,29790918
10543015,Mutou Son,1859.59,1531.51,437,29790913
21146396,SoSadge,1879.36,1531.14,343,29790913
654200,vicky92100,1845.78,1530.61,335,29790913
18001743,P4STAgg,1774.47,1530.38,197,29790916
24357652,Neekk12,1733.32,1530.30,424,29790917
10458708,Enenra,1867.23,1530.26,282,29790913
16654531,Sleep_leaf,1716.85,1530.25,273,29790917
30826697,HKR_Yukino,1727.55,1530.14,474,29790917
9866654,SDGM,1701.97,1529.85,442,29790918
7790497,srkilluazoldyck,1852.77,1529.71,462,29790913
3618603,NinaMary,1825.12,1529.48,429,29790914
33383432,raindropQwQ,1828.62,1529.06,135,29790914
19813440,Karan,1841.08,1528.79,429,29790914
9360093,racizio,1811.23,1528.65,474,29790914
17163162,Soroic,1874.48,1528.55,327,29790913
9971663,SabiGames,1707.96,1528.02,471,29790918
14953306,Parry,1676.17,1527.65,416,29790919
2656830,Hefalumph,1758.06,1527.08,529,29790916
33968699,Pashulya_666,1849.08,1526.89,110,29790913
3545901,crazy-rik,1844.82,1526.83,484,29790914
205107,123patrick456,1835.27,1526.60,572,29790914
34032771,MrLonglegs,1633.03,1525.75,368,29790920
30883143,Tanyx7,1710.14,1525.74,-3,29790918
17029424,Monariki,1846.58,1525.63,496,29790913
4251527,HanselDream,1825.17,1524.83,543,29790914
24103559,Akong11,1773.83,1524.54,184,29790916
19141386,Pulsing,1811.41,1524.41,113,29790914
16981097,jujufese,1851.95,1523.85,386,29790913
33835539,[ela],1737.87,1523.82,254,29790917
1794466,hellzink,1838,1523.67,555,29790914
9008010,AronMein,1872.61,1522.83,371,29790913
15715050,Siegraine,1840.56,1522.71,515,29790914
30647311,Quaz Zephyr,1843.49,1522.20,522,29790914
21202559,palchaxhan,1750.66,1522.16,428,29790916
14539252,Ryuko-Senpai,1739.13,1521.87,433,29790917
29108121,Dragon11,1708.17,1521.83,300,29790918
36478120,laconchatuya,1908.51,1521.73,155,29790912
11722058,CacoPholey,1731.52,1521.58,190,29790917
1908440,sayaka810,1753.92,1521.47,576,29790916
40202023,cosmokobold,1697.87,1521.32,245,29790918
25395553,Hiy_04,1890.65,1521.16,251,29790912
8484917,bencoeffier,1853.33,1521.08,422,29790913
6927531,[Paradoxum],1649.34,1520.89,461,29790919
6108992,Umbil,1744.15,1520.86,496,29790917
10052846,awWhy,1571.51,1520.23,338,29790922
21536476,Jimm_ptz,1858.46,1520.01,304,29790913
23663654,KwaoI,1882.68,1519.63,231,29790912
8709142,FiliVig,1828.19,1519.59,534,29790914
4920150,Kagari201,1817.86,1519.55,500,29790914
9347921,fror,1844.99,1519.44,477,29790914
14953842,DisgheAlan15,1889.1,1518.90,307,29790912
403023,miuki_khr,1853.75,1518.82,530,29790913
12327389,Justyna Kalata,1819.77,1518.82,475,29790914
16663490,Suzuran__,1883.78,1518.70,200,29790912
9322287,shirovrx,1814.09,1518.55,477,29790914
14534073,DryoXzy,1707.09,1518.29,71,29790918
18390904,K1t,1747.2,1518.20,124,29790916
15680898,yasicreeperfan,1656.49,1517.68,215,29790919
9536618,Protoloco,1640.34,1517.68,477,29790920
24323903,Ghoxy,1757.94,1517.58,198,29790916
9196259,Rivaille886,1889.43,1517.55,289,29790912
24733864,kurum11,1805.66,1517.29,329,29790915
15636338,Astelina,1535.54,1517.16,255,29790923
8998794,Shiima-San,1771.58,1517.10,502,29790916
1857783,jake66044,1776.77,1516.26,652,29790916
15403908,Kurisuchannnn,1620.72,1516.09,56,29790920
15443765,Fefe_,1679.91,1515.34,210,29790918
3294433,Ayamikotsu,1839.61,1515.26,428,29790914
37648982,Antsu05,1782.14,1515.18,256,29790915
23890045,Govyaziy_doshik,1818.84,1515.17,515,29790914
8821825,xPluMx,1796.84,1515.15,389,29790915
3628543,xLord Martinx,1774.18,1515.04,381,29790916
13403462,WiiBoxing,1878.81,1514.84,217,29790913
1272163,BEARI13,1843.9,1514.37,496,29790914
9773402,CelestiaLuna,1828.34,1514.07,499,29790914
23393266,Maqky,1703.62,1513.97,249,29790918
13957891,InhibitedGenie,1801.12,1513.71,304,29790915
11673496,TastyZeus,1826.23,1513.47,270,29790914
11227299,DoubleTriple,1800.16,1513.21,240,29790915
15300865,Pinkkihai,1781.28,1513.19,410,29790915
26665422,DimaYun,1689.25,1512.95,370,29790918
19290222,haruka uwu,1804.77,1512.70,377,29790915
35606105,nineyuuki,1715.18,1512.36,313,29790917
36181456,Keresgmd,1801.97,1512.12,270,29790915
20465575,MrsCora,1442.36,1511.53,247,29790926
26983410,Snafutx,1874.98,1511.38,393,29790913
6254052,Zenkiyuki,1799.99,1511.15,352,29790915
14225705,KYZMANOID,1806.68,1511.09,560,29790915
31883650,resheto,1561.15,1510.83,328,29790922
9004982,Wtfno,1759.66,1510.75,392,29790916
13142393,Scadeer,1719.69,1510.72,585,29790917
5223776,love1314240,1796.96,1510.55,431,29790915
18341497,-Juanchito-,1639.52,1510.34,254,29790920
33877672,Faranit,1820.16,1510.19,293,29790914
35746790,Sloth14,1670.84,1510.19,233,29790919
33122535,Enaaa,1693.94,1510.03,110,29790918
11695793,Slyme,1693.15,1509.83,83,29790918
11544934,[Sick]Catcat,1830.21,1509.63,370,29790914
14324153,ERA Gregorii,1804.3,1509.62,255,29790915
10515166,kurumilove,1831.65,1509.50,200,29790914
12779141,gnahus,1640.79,1509.38,461,29790920
11515189,Iko,1772.66,1509.16,259,29790916
20109832,min1k,1854.58,1508.61,223,29790913
30492925,GloomyStasis,1851.44,1508.60,274,29790913
35356660,ichigonano,1858.3,1508.53,98,29790913
10155093,Estia2342,1770.68,1508.35,444,29790916
26820002,seal--,1635.66,1508.34,152,29790920
8976956,Imar Gading,1729.79,1508.17,303,29790917
8835900,julianasilva 29,1812.7,1507.92,477,29790914
7762666,shotgundev,1779.83,1507.89,424,29790915
12891791,_____6,1816.12,1507.87,340,29790914
4726802,Kinzie,1845.68,1507.78,519,29790913
16893479,Nine-,1743.53,1507.60,420,29790917
6754962,akmi60k,1846.83,1507.55,256,29790913
15657001,Okey,1701.3,1507.40,390,29790918
9052423,MINAT0,1831.84,1507.38,268,29790914
8688357,Wikiodi,1842.1,1507.21,443,29790914
11216440,Luokki,1753.62,1506.84,222,29790916
7215942,N-kun,1829.29,1505.99,510,29790914
16793337,Yaoxofficial,1790.08,1505.99,403,29790915
8589463,Saisakia,1859.87,1505.65,305,29790913
15927686,Am1x,1781.84,1505.44,414,29790915
2686541,MegatronZz,1833.71,1505.38,458,29790914
1313590,beckie,1792.57,1505.36,664,29790915
36687057,n0ught,1717.35,1505.28,141,29790917
2588760,Minde,1781.72,1505.02,516,29790915
13567726,-S4nchez,1790.44,1504.55,426,29790915
4806886,ab1_old,1777.43,1504.52,422,29790916
10756322,ParkIsGreat,1754.34,1504.44,288,29790916
12047137,Noxgenix,1786.67,1504.33,318,29790915
19882148,amano_hina,1721.35,1504.11,265,29790917
36133435,SynoPTL,1683.34,1504.00,216,29790918
17979864,Yetaray,1770.93,1503.21,379,29790916
13306563,BrianPoff123,1720,1503.15,258,29790917
4794808,Purson,1781.78,1502.64,439,29790915
32652287,QuentinLeBg,1667.44,1502.36,169,29790919
16774223,Rekyem Z,1670.58,1502.26,171,29790919
14410101,snomi,1749.95,1502.23,200,29790916
8694634,Nergigante,1734.9,1502.18,239,29790917
3578525,Kinja145,1814.54,1501.86,503,29790914
21542699,KasumiMaika,1792.36,1501.84,495,29790915
4630518,cheese53111,1775.46,1501.76,683,29790916
7051135,You Bastards,1828.94,1501.54,452,29790914
20945265,Tycj4n,1796.46,1500.87,204,29790915
8241279,dasqwsaa,1672.41,1500.83,541,29790919
11290311,Tyronix,1815.15,1499.82,240,29790914
14571758,Celoluna,1760.36,1499.64,276,29790916
22682429,fireball33334,1823.77,1499.55,90,29790914
16924845,dgck81lnn,1679.99,1498.83,200,29790918
19187014,Dzony Bidon,1801.65,1498.45,358,29790915
9604628,xXAneima_,1690.83,1498.41,417,29790918
11194436,Emilai,1778.85,1498.18,375,29790915
33525452,- NovA -,1748.91,1497.65,193,29790916
33704953,0FSnow,1874.71,1497.30,63,29790913
9054241,Alexen Guirez,1740.18,1497.21,409,29790917
53332,based,1866.33,1496.89,606,29790913
10328912,Qbert,1758.6,1496.83,388,29790916
6116955,Ariatheprincess,1831.54,1496.63,397,29790914
5565703,kazu-,1806.58,1496.54,491,29790915
14783987,-huggu-,1598.76,1496.43,44,29790921
11288967,Pedrolefou1er,1819.48,1496.33,463,29790914
26752570,_deCaff_,1832.69,1495.78,356,29790914
2980712,Deerys,1822.72,1495.38,492,29790914
5146144,Tsukani,1715.72,1495.35,266,29790917
9276561,Baylyn,1732.89,1495.15,262,29790917
18873215,[Dimsum],1809.92,1495.00,324,29790915
1309757,Ayatamii,1787.71,1494.77,561,29790915
14703692,Belajar,1763.03,1494.57,381,29790916
9961662,pH7,1566.69,1494.40,143,29790922
3274707,Chibiluisa,1815.44,1494.15,535,29790914
14445724,Mankichiro,1729.11,1494.03,185,29790917
19448050,Czubekkx,1827.05,1493.97,325,29790914
9143231,Magnoliet,1648.13,1493.94,503,29790919
38066091,jnakol,1609.83,1493.78,137,29790920
8284033,KumaUrsa,1839.84,1493.41,279,29790914
10729349,Perkaholic,1719.78,1493.41,255,29790917
31309744,ApoLar,1742.45,1493.39,199,29790917
9022451,Bloxi,1823.26,1493.15,236,29790914
14165931,Serafeim,1747.01,1492.74,219,29790916
35125394,ArbitraryU,1709.6,1492.65,197,29790918
37406890,Amtiii,1632.76,1492.39,431,29790920
14579975,Mazyazya,1773,1492.34,524,29790916
15183843,PinkFart,1653.36,1492.22,308,29790919
19108312,SDx,1846.67,1492.10,324,29790913
19173683,mitaiiiiiiii,1744.74,1491.96,259,29790916
22613611,yellowbadbeast,1760.92,1491.92,167,29790916
6198637,KoishiFangirl,1541.91,1491.73,469,29790923
1437514,XSlowmotionXx,1762.82,1491.67,513,29790916
27116955,cavalrykid,1726.04,1491.61,341,29790917
32979803,Wrathdream,1718.32,1490.99,320,29790917
6796380,ww456_654,1810.3,1490.96,452,29790914
11351779,Kamiiki,1793.57,1490.87,538,29790915
32179083,- Choco -,1705.5,1490.81,208,29790918
23658071,ScaryCombat8835,1480.43,1490.79,358,29790924
22550053,valorxz,1695.81,1490.77,357,29790918
6819318,Sodawea,1744.22,1490.59,378,29790917
16736470,NatiKCHAN,1807.18,1490.38,310,29790915
20093968,Grancuz,1768.4,1490.33,515,29790916
3394245,Ananta Putra,1721.65,1489.85,469,29790917
32596858,Qleen0723,1760.13,1489.81,226,29790916
33601933,pishim_ai,1541.55,1489.58,45,29790923
16993165,Mol0toV,1821.31,1489.32,378,29790914
10055204,Zoobin4,1783.58,1488.85,279,29790915
4228461,LauAle,1817.1,1488.61,482,29790914
29463920,puti_o,1668.38,1488.52,180,29790919
22030379,fircy_,1666.69,1488.33,68,29790919
31951469,QlaQ,1751.6,1488.00,570,29790916
8484987,Pied wagtail,1816.28,1487.79,311,29790914
15376708,-Vac,1760.98,1487.47,262,29790916
14063005,Sayakota,1764.43,1486.90,320,29790916
30450560,Denil_Zey,1673.82,1486.80,551,29790919
3215429,Romaina,1810.49,1486.69,451,29790914
33989953,Nanming,1766.14,1486.48,551,29790916
30855924,Xenoviu,1769.57,1486.45,115,29790916
3474026,IkiMizuki,1787.8,1486.25,528,29790915
37796355,EBB_Flow,1588.26,1486.25,132,29790921
36648371,eManG3,1783.06,1485.66,205,29790915
29218238,EggyBoi,1653.44,1485.11,170,29790919
8792265,xHappyNightmare,1787.48,1485.10,441,29790915
13334570,silver tail,1819.68,1484.57,483,29790914
5344993,nahuu99,1802.2,1484.41,433,29790915
5789463,Fictionalized,1803.31,1484.04,478,29790915
3365234,-Neru-_old,1774.73,1483.86,536,29790916
13027891,joeshiesty,1741.27,1483.44,279,29790917
1967621,924233086,1799.28,1483.41,524,29790915
10189465,vampkit,1806.38,1483.32,510,29790915
10291846,Getsom,1803.63,1483.14,504,29790915
37224782,SeptmersVent,1352.98,1483.03,157,29790929
23448170,- Lili -,1810.57,1482.70,121,29790914
7634353,Erorua,1776.29,1482.52,523,29790916
40214858,Rio Nagashima,1457.06,1482.46,68,29790925
13051271,Dino-chan1,1830.03,1482.40,340,29790914
39228584,DulpyOne,1771.18,1482.35,136,29790916
22639550,xRichard_OP,1820.78,1482.29,353,29790914
29396158,ZombieSMM,1885.25,1482.06,412,29790912
7336144,geekenox,1801.31,1481.97,365,29790915
2876154,MrDarx,1729,1481.85,461,29790917
17584771,kitsunenekox,1761.46,1481.67,438,29790916
12409081,Irida,1800.65,1481.38,344,29790915
16459844,- DAGASI -,1688.13,1481.32,252,29790918
32566577,Vasted,1591.19,1481.20,268,29790921
25669522,Eusoj,1562.41,1481.03,348,29790922
11305199,Azukia-,1668.25,1480.45,446,29790919
14459921,Whiffy,1805.32,1480.10,353,29790915
780910,-Rain-,1796.89,1479.74,553,29790915
16089185,Nxtcho,1676.06,1479.59,239,29790919
7449632,lacto,1633.27,1479.28,124,29790920
17419075,CroffeeeY,1810.42,1479.23,101,29790914
3993236,Zuness,1630.47,1479.01,334,29790920
20160279,RadDudeZz,1809.56,1478.99,350,29790915
38600928,vylmex,1861.14,1478.93,253,29790913
6632605,Julian Alvarez,1642.86,1478.84,304,29790919
37178032,Raim3465,1737.2,1478.74,117,29790917
16459932,l u v,1811.9,1478.54,81,29790914
4505744,Wim Are,1670.32,1478.54,330,29790919
1494917,akori,1798.24,1478.48,513,29790915
35363979,Axo69,1848.06,1478.46,240,29790913
7664536,GY1111,1804.47,1478.30,505,29790915
2542601,Abygall,1797.07,1478.28,455,29790915
12595010,ericcccc2,1785.94,1478.25,491,29790915
14440241,P1ved,1860.91,1478.22,265,29790913
19114673,Liamnovich,1705.59,1477.97,224,29790918
11420781,Lyvn,1649.16,1477.72,504,29790919
10606493,Grenald,1835.5,1477.24,384,29790914
4357337,-[ I r i s ]-,1763.17,1476.97,499,29790916
18078361,Decemberr,1705.05,1476.95,233,29790918
1084111,11uu,1817.67,1476.68,456,29790914
20658153,Park Dojin uwu,1759.52,1476.19,404,29790916
17041480,cctvb123,1504.56,1475.67,333,29790924
13160078,vaniesitah,1784.83,1475.59,356,29790915
43003,wieyqev,1788.75,1475.53,521,29790915
8351424,Zulli,1781.47,1475.51,279,29790915
9550257,ToshiroKen,1586.22,1475.41,279,29790921
27024838,ohToast,1786.12,1475.39,172,29790915
11557536,yihangjun,1728.24,1474.97,195,29790917
8998418,Hssj,1774.02,1474.51,404,29790916
5072630,ShizukoSakura,1716.03,1473.81,541,29790917
36314473,tumama12342,1726.29,1473.80,498,29790917
12531034,Kiendal Brigido,1780.91,1473.78,477,29790915
26131645,pancakespk,1740.85,1473.50,195,29790917
5462615,ShinyaKougami,1773.32,1473.02,553,29790916
34510602,agtx567,1745.17,1472.69,214,29790916
18684625,MatPolG64,1788.51,1472.65,558,29790915
19621258,karse,1782.74,1472.17,427,29790915
37751320,1000er5sa,1640.47,1471.91,493,29790920
15171306,V3ntoRies,1804.38,1471.67,359,29790915
4218975,Mikaru,1669.42,1471.62,266,29790919
1544245,Quolon,1849.69,1471.54,479,29790913
17129653,fam2221,1771.29,1471.53,419,29790916
28555202,l3rat,1803.22,1471.44,501,29790915
16234180,levi tomoya,1786.54,1471.38,423,29790915
7383595,Quintic,1807.87,1471.17,123,29790915
33944923,wow_Jin,1746.1,1471.10,546,29790916
8586883,mKMage,1725.21,1470.72,424,29790917
31212706,Narinder,1669.66,1470.66,195,29790919
15185440,emely24,1794.29,1470.52,458,29790915
1272149,MaxHotti,1801.05,1470.42,476,29790915
17294201,Ticharev,1655.58,1470.36,533,29790919
29115513,ayabird,1630.22,1470.11,109,29790920
10510542,Bread173811,1566.17,1470.11,267,29790922
21095418,ishowspeed,1789.55,1469.96,649,29790915
7847690,Nagato Kuchiki,1645.2,1469.92,354,29790919
20399657,TooEasyDude,1827.29,1469.80,268,29790914
37963928,RE400,1517.43,1469.51,36,29790923
2352131,princess meowzi,1729.33,1469.35,554,29790917
5342453,Izayoi98,1814.64,1469.03,420,29790914
1391192,MixXedOne,1756.1,1468.95,490,29790916
24938978,M0TTa,1602.97,1468.69,429,29790921
11927009,hoshinoGO,1783.43,1468.62,429,29790915
14156639,Karmic,1662.46,1468.47,417,29790919
8650051,Shine9356,1590.76,1468.39,435,29790921
10666075,the smiths,1773.54,1467.94,79,29790916
2646522,Soldsaga KunG,1655.8,1467.46,473,29790919
2838112,Makeut Shura-,1619.06,1467.09,494,29790920
3281109,alianzmcv,1778.16,1466.87,525,29790916
33964562,Kylseui,1565.29,1466.75,353,29790922
6533976,Walpurg,1750.48,1466.73,362,29790916
5505647,lili59,1719.12,1466.66,471,29790917
11719990,nixflix,1801.5,1466.10,339,29790915
2180661,fahreza sica,1743.24,1465.85,506,29790917
16895998,Judai Yuki,1718.73,1465.09,506,29790917
5174365,calipo245,1730.53,1465.08,443,29790917
12962609,cattail786,1754,1464.99,135,29790916
10559833,PowerAge,1797.85,1464.80,265,29790915
8397132,Emba4life,1762.28,1464.79,396,29790916
32289562,KawaiiBridget,1636.63,1464.70,293,29790920
13462720,not otaku guy,1598.93,1464.66,470,29790921
37761725,patchouli chan,1725.31,1464.44,222,29790917
25716808,PrImE_MoNsTrIlA,1586.33,1464.32,168,29790921
23598712,Axx_m,1618.06,1464.30,322,29790920
33053915,-Torch-,1746.42,1464.26,415,29790916
35451263,D e w,1663.36,1464.01,118,29790919
5238367,-[ Peachy ]-,1365.2,1463.75,263,29790928
13449497,theapakiding,1750.42,1463.71,548,29790916
16499583,Kouerry,1761.25,1463.37,549,29790916
3312966,- ShiroKuro -,1683.18,1463.26,466,29790918
12233680,NyuPenyu,1821.06,1463.04,180,29790914
26407710,paprunia,1817.55,1462.71,366,29790914
23604857,ScoliosisET,1629.69,1462.61,105,29790920
36868726,Jackied1,1729.26,1462.29,89,29790917
22148289,akffkd,1809.73,1461.96,384,29790915
2335982,azger,1699.65,1461.68,224,29790918
31201579,Arcie68805,1560.09,1461.64,92,29790922
1236034,vilandy45,1774.25,1461.49,471,29790916
9844669,maxiloca,1790.59,1461.25,373,29790915
299342,InvaderKED,1741.72,1461.23,505,29790917
9330634,Ghastly56,1793.73,1461.08,411,29790915
18483813,theplya,1695.62,1461.01,520,29790918
8850978,JaxZero,1793.99,1460.52,475,29790915
5274768,fikirobia,1745.34,1460.20,370,29790916
22378189,MovablePointD,1701.05,1460.16,149,29790918
3899084,Lucy nya,1755.06,1459.85,441,29790916
12062283,dogeekn,1824.34,1459.81,278,29790914
32845263,blazkiller23,1745.73,1459.59,172,29790916
5516419,RONNY,1795.91,1459.50,420,29790915
16642529,Netherun,1611.54,1459.47,329,29790920
18323722,SockFriskovich,1648.25,1459.34,493,29790919
11718976,_stivi_,1795.49,1459.12,325,29790915
11010112,Keyazawa,1696.92,1459.07,431,29790918
5465827,Headache,1646.86,1459.02,331,29790919
19627630,Mmeddwedd,1449.36,1458.96,110,29790925
30497177,keysh,1819.03,1458.79,50,29790914
33849459,[-Crazy Boy-],1813.66,1458.43,297,29790914
18715388,Darthsenpai,1740.57,1457.61,465,29790917
6138690,louisto,1749.81,1457.53,503,29790916
15333265,Mitsuhou,1766.2,1457.20,305,29790916
25324353,elmousepro123,1694.83,1456.98,288,29790918
579521,Devotuon,1761.15,1456.72,533,29790916
15061690,r1ya-,1743.79,1456.56,111,29790917
15148519,Auritye,1706.86,1456.51,437,29790918
14001985,BakaRyuuji,1731.18,1455.77,338,29790917
20849480,Mind Control-,1776.68,1455.64,425,29790916
32725985,Miodaj,1820.49,1455.51,166,29790914
18687002,tajjj,1626.41,1455.37,98,29790920
26528432,mffk1ssk1ss,1760.28,1455.26,588,29790916
7998289,Adorable Whale,1704.85,1455.22,272,29790918
31662493,Kraitssu,1791.45,1454.96,398,29790915
15662796,greninja215,1762.72,1454.54,441,29790916
10084526,[Munn],1688.98,1454.29,390,29790918
2277798,monkeydluffy3u4,1721.19,1454.11,582,29790917
14256245,mog71,1693.52,1453.55,206,29790918
8963722,Shimooo,1768.82,1453.20,354,29790916
14392247,SensownyNick,1658.92,1453.18,264,29790919
1737552,gazul,1546.57,1452.71,363,29790922
16502436,MaximKr,1716.92,1452.62,435,29790917
8934786,Momo sutane,1752.3,1452.40,596,29790916
38141677,ComradeMyon,1448.49,1452.28,218,29790925
4550333,gumi324,1769.07,1452.07,507,29790916
1254088,McLiddell,1776,1451.96,536,29790916
13265146,FilthySashka,1800.86,1451.71,335,29790915
14072759,Kushiro16272,1758.44,1451.09,518,29790916
4631365,CrazyPerson321,1768.33,1450.77,492,29790916
27534772,DakarNighTTV,1689.96,1450.73,277,29790918
20008742,darvix,1690.76,1450.67,396,29790918
5235218,[RS] Freddy,1597.05,1450.28,24,29790921
40262682,Ragbabel,1434.77,1449.86,139,29790926
17715205,arutonee,1779.07,1449.85,222,29790915
18905625,oikawa_gking,1773.24,1449.70,440,29790916
3031843,Exuberant,1733.71,1449.69,546,29790917
18799843,kixmoo,1594.71,1449.50,336,29790921
17475737,Aine_,1586.1,1449.20,206,29790921
9946406,easypeasy123,1649.97,1449.19,199,29790919
12970553,Daria_Phantasm,1717.48,1449.16,499,29790917
36120874,Xa3trum,1699.74,1449.00,141,29790918
8650585,bannynino,1798.35,1448.88,221,29790915
37294217,bibbah,1801.72,1448.72,421,29790915
4862426,[POI],1674.57,1448.38,386,29790919
13190848,Oscar_Bosscar,1595.83,1448.23,128,29790921
37836645,Likitless,1724.71,1448.21,135,29790917
35246603,zyph32,1721,1448.20,333,29790917
31682053,NIKDEVVik,1677.42,1448.04,309,29790918
1584198,[Goukisan],1776.06,1447.91,450,29790916
26968294,neurowo,1662.98,1447.80,195,29790919
12552023,MiciFox,1759.31,1447.70,155,29790916
13696587,Xelzeel,1689.12,1447.48,291,29790918
23236147,ghostcandy11,1685.03,1446.71,534,29790918
2514747,leaponton,1777.66,1446.46,472,29790916
31118835,[SBW]bratbrat,1741.39,1446.43,185,29790917
12497716,kats,1592.89,1446.38,86,29790921
10164708,Kabran,1713.86,1446.27,357,29790917
14138663,Unluckyest,1646.4,1445.89,319,29790919
2644782,Sonicshinobi123,1741.84,1445.43,498,29790917
15129827,scp-231-7,1765.08,1445.41,355,29790916
7743855,[j0shu4],1775.62,1443.86,277,29790916
18475027,maxlime3,1583.68,1443.64,274,29790921
481582,Yuzeyun,1726.62,1443.61,487,29790917
3222902,Rikugen,1751.46,1443.29,529,29790916
19128059,satoshi,1703.8,1442.79,420,29790918
32511634,Peakay,1714.27,1442.69,137,29790917
18272338,Geometryville,1633.81,1442.23,331,29790920
16515697,Altgust,1778.66,1442.02,393,29790915
20337970,kozack,1777.98,1441.66,371,29790916
2327285,quaternary,1701.74,1441.63,297,29790918
1924123,demite,1787.23,1441.31,384,29790915
2448487,LoreWorsnop,1755.59,1441.23,451,29790916
36305914,W510,1612.96,1441.10,115,29790920
13945087,CarlosGPJ,1762.06,1441.07,454,29790916
8241786,alexisgame34,1746.34,1441.03,435,29790916
12974791,Nils22,1771.97,1440.84,418,29790916
20719343,jiraikei,1790.3,1440.35,361,29790915
820287,551511,1539.84,1440.04,309,29790923
8860812,Zenseky,1685.8,1439.70,286,29790918
15726500,arrive,1647.9,1439.39,147,29790919
6352238,TheInfignite,1643.7,1439.03,477,29790919
14227757,PerkyFalconer,1655.74,1438.28,347,29790919
38939541,quenouillet,1736.64,1437.93,226,29790917
4754701,samson1515,1718.03,1437.80,457,29790917
12653507,Cewew,1584.96,1437.80,152,29790921
4623574,AkumaSilver,1784.39,1437.72,409,29790915
7312153,AvroArrow,1789.31,1436.78,518,29790915
8572882,Layato64,1770.32,1436.78,375,29790916
14488644,abbytutsu,1769.77,1436.49,347,29790916
18033583,eevie,1767.66,1436.23,461,29790916
11437646,InFiNiTi,1688.92,1436.02,276,29790918
21768422,-Freddy-,1628.77,1435.94,166,29790920
6069727,Fech12,1779.96,1435.31,420,29790915
16835538,RainbowCherry,1634.67,1435.25,406,29790920
11824060,I LOVE REQUIS,1727.1,1434.88,60,29790917
6341813,sempai3,1645.02,1434.74,475,29790919
21613491,Vozcx,1794.71,1434.43,291,29790915
8481810,Gabuko,1659.81,1434.41,453,29790919
10052524,Despotic,1654.99,1434.27,255,29790919
21864708,Akarachai,1763.42,1434.04,297,29790916
36266046,Pirn,1829.7,1433.85,144,29790914
1336523,agustinaa1,1624.11,1433.81,432,29790920
14400456,Zaphky 8,1736.59,1433.72,358,29790917
15674291,ilovedhersomuch,1706.6,1433.68,336,29790918
22277995,Yuu-Miku,1788.94,1433.40,323,29790915
39629730,cookiebagel,1800.44,1433.11,312,29790915
1139705,Danisimo,1789.48,1432.79,580,29790915
12696546,Beajek,1785.34,1432.46,69,29790915
31412878,Archleve,1782.3,1432.22,152,29790915
11535628,Spookington,1772.56,1432.11,257,29790916
24859,xxxxx225,1725.66,1431.92,506,29790917
35073370,Kujozzz,1753.08,1431.77,457,29790916
19247858,AizekNishakov,1662.56,1431.63,444,29790919
11183926,BluStar,1575.5,1431.51,232,29790921
4479071,Quotecave,1740.7,1431.43,500,29790917
37254379,texodmeno,1611.92,1431.32,475,29790920
10789473,Rangei,1639.83,1431.16,304,29790920
5510197,TemaZpro,1564.68,1431.09,372,29790922
22684834,Achiever101,1678.96,1430.78,410,29790918
15902188,lhvan,1767.78,1430.67,417,29790916
2552141,Eyre,1637.47,1429.55,318,29790920
38163907,michas2350,1620.09,1429.50,354,29790920
12527210,Nkd15,1681.2,1429.06,462,29790918
11184765,bengwranh,1621.07,1429.04,421,29790920
6214893,Cissrawk,1590.66,1428.58,421,29790921
25911008,zaltoru,1630.28,1428.42,266,29790920
14056414,Funginoke,1695.88,1428.27,186,29790918
14371278,z xd,1626.95,1428.17,286,29790920
33386702,YortFort,1574.13,1427.94,221,29790921
13934016,corncorn1,1738.58,1427.87,276,29790917
20021208,Goshujin Sama,1720.17,1427.83,329,29790917
1025207,Betsuto,1699.51,1427.08,509,29790918
26808763,TwiLiRaSk,1736.9,1426.50,131,29790917
14180303,FubukiShirakami,1582.09,1426.41,45,29790921
15107414,Senbonier_old,1713.68,1426.08,478,29790917
20845412,peaches15,1721.79,1426.06,469,29790917
2641039,Davyroo,1667.61,1424.99,356,29790919
9352009,TryHardMango,1496.54,1424.99,367,29790924
32180471,rifz,1644.46,1424.98,187,29790919
13103526,Zerloxius,1715.86,1424.60,387,29790917
31725458,tetrise,1580.29,1423.88,384,29790921
37618149,miaucrak1,1700.71,1423.53,306,29790918
11411299,zariell,1667.75,1423.50,433,29790919
22959490,Ayano_1410,1710.46,1423.49,535,29790917
14693136,eugen4ic,1714.4,1423.30,449,29790917
38320131,blobh,1611.37,1423.02,101,29790920
10743938,Maury531,1661.08,1422.88,259,29790919
16411693,Yelinix,1651.36,1422.79,229,29790919
35341963,zyy2024,1542.72,1422.75,163,29790922
846711,707Rabbit,1728.07,1422.37,496,29790917
18079491,bostick,1737.93,1422.36,333,29790917
14187582,KnuffKirby,1774.82,1422.33,221,29790916
20980124,SKYKRRU,1771.49,1422.14,45,29790916
35843353,Atsushi_oshi,1708.03,1422.04,300,29790918
12091960,Jabub,1754.89,1421.85,448,29790916
26220177,rainbown,1612.56,1421.70,332,29790920
29864437,Astherlyn,1650.22,1421.67,363,29790919
32334243,a368787,1669.49,1421.49,280,29790919
24297670,Curry NBA 30,1758.18,1420.82,401,29790916
31966809,Nanasen000,1663.83,1419.71,127,29790919
4622724,Skodifex,1691.69,1418.94,496,29790918
16409844,ItZ_Neko,1707.61,1418.63,408,29790918
25351122,Koterza,1789.37,1418.32,87,29790915
7428817,himazin,1769.96,1418.29,328,29790916
27183660,Dark_Crow_2050,1687.06,1418.18,117,29790918
12936012,Practive,1606.82,1418.17,226,29790920
18042773,Blue_Prince,1714.7,1417.97,436,29790917
24280537,agfg,1690.4,1417.96,269,29790918
27620494,vtb,1621.72,1417.95,97,29790920
11417554,Chinchatumaire,1602.3,1417.77,428,29790921
8705545,Stormiverse,1692.38,1417.61,449,29790918
8865413,Hellnickell,1555.77,1417.29,238,29790922
31277939,--[ Chino ]--,1643.97,1417.03,327,29790919
16905577,Kainod,1698.52,1416.86,331,29790918
16949579,Ataxo,1651.76,1416.80,490,29790919
2301343,gaboslo,1727.02,1416.74,504,29790917
3830643,NebulousFoxfire,1658.26,1416.69,172,29790919
27017229,Idiotwith,1597.57,1416.54,376,29790921
17732132,zhla,1472.54,1416.37,552,29790925
10192636,Arion Ashira,1623.37,1415.47,412,29790920
23478386,Cyr_v,1639.92,1415.40,152,29790920
6611339,Urie-desu,1758.34,1415.33,382,29790916
5744035,KFC Delivery,1726.7,1415.27,502,29790917
11842163,Fee1,1727.19,1414.70,293,29790917
39404369,Invidian,1689.58,1414.67,297,29790918
18403043,RandomJL,1721.55,1414.36,448,29790917
36490235,dejwidwunasty,1757.17,1413.99,-45,29790916
26323449,orimotosakiru,1653.01,1413.99,260,29790919
17002568,PedroAIM,1682.92,1413.59,430,29790918
3576909,rexxou,1736.73,1413.23,445,29790917
5526695,Ru-to87,1698.25,1413.07,468,29790918
2884268,Shinigami152,1740.99,1412.98,450,29790917
21296181,Skinnydequoi,1739.24,1412.87,128,29790917
1394594,DanliensX,1727.86,1412.78,453,29790917
18211739,Hwandit,1648.52,1412.58,327,29790919
14962272,dhunter96,1759.44,1412.46,265,29790916
3962668,Modem,1709.12,1412.19,616,29790918
14380802,Kotkat,1500.87,1412.07,420,29790924
11806577,martincillouuuu,1564.2,1411.90,344,29790922
9745519,Bloomster,1623.22,1411.85,321,29790920
8850293,Glock,1573.21,1411.78,126,29790921
33355452,POIKOMATIC,1675.73,1411.69,367,29790919
4701897,Estana,1742.34,1411.23,444,29790917
18763099,diabolikFIGHTER,1793.44,1411.00,191,29790915
4663676,Wildberries,1640.23,1410.64,248,29790920
9676089,rock-on,1730.8,1410.45,322,29790917
12232109,Black Jesus,1612.82,1410.43,251,29790920
36126424,x_a,1709.52,1410.29,398,29790918
4221787,Alundra57,1711.34,1410.16,476,29790917
38410820,dongbeiyujie,1544.01,1409.83,232,29790922
7185894,Riventt,1523.99,1408.61,366,29790923
20078860,Setraw,1698.92,1408.49,577,29790918
18309663,Huhuhaha,1679.24,1408.43,524,29790918
15464433,itzmecole,1715.53,1408.38,125,29790917
2005857,cdevn,1716.32,1408.32,541,29790917
12788770,Yulania,1748.47,1408.27,286,29790916
23994762,Yineko,1696.2,1408.12,534,29790918
6838097,Tharkuz,1554.25,1407.97,450,29790922
4675441,mahjong,1464.29,1407.94,311,29790925
14183006,Sireqew,1591.36,1407.32,335,29790921
4095587,Matctb,1738.44,1407.28,467,29790917
1801335,OpeChan,1718.63,1407.23,522,29790917
19983301,Eretik_monster,1750.18,1407.00,318,29790916
1052470,T1 Spin Echo,1693.41,1406.69,510,29790918
11746493,rawer21,1724.18,1406.46,261,29790917
24986129,Z00M,1565.72,1406.45,438,29790922
8587988,Xuvv,1683.68,1406.44,425,29790918
1724965,nonachan,1724.05,1406.43,464,29790917
29040149,Scarlet3562,1603.38,1406.19,272,29790921
12491290,Nazutan,1662,1406.07,204,29790919
22618761,Gubble,1499.07,1406.04,168,29790924
9035622,Lunax2,1599.44,1406.03,519,29790921
33461938,Shoka Shirokane,1512.89,1406.01,88,29790923
1372598,Midgeotto,1694.47,1405.79,472,29790918
15984185,niki612,1717.6,1405.72,352,29790917
26307287,Raiden_Shogun_M,1552.23,1405.72,331,29790922
3153690,Lullencia,1659.52,1405.69,515,29790919
36227140,FrixD,1573.79,1405.52,167,29790921
18359309,Zominho,1795.8,1405.22,131,29790915
21877230,Darnix,1727.28,1404.80,225,29790917
1586041,mimmi1999,1744.42,1404.51,418,29790917
37536487,dener123,1723.84,1404.35,392,29790917
34919928,Beniko,1565.11,1403.97,468,29790922
842824,robdgekke,1730.16,1403.89,427,29790917
21710728,sabage387,1723.33,1403.79,250,29790917
8664713,Arpi,1609.65,1403.79,181,29790920
10460328,ITROX,1593.39,1403.49,379,29790921
5167144,doia,1715.62,1402.86,501,29790917
39313071,mt_moon,1706.52,1402.63,516,29790918
28514186,[maux],1742.03,1402.54,116,29790917
19125177,zhaopop,1593.97,1402.52,180,29790921
14280022,Gorbino,1580.7,1402.11,212,29790921
12340000,airseni,1725.46,1401.87,209,29790917
17337448,mepcx,1558.35,1401.87,350,29790922
2530568,Toddy,1725.37,1401.71,497,29790917
12304057,feiasuna,1722.25,1401.62,488,29790917
316356,Japanfan,1690.16,1401.52,489,29790918
13594565,Nuk3y,1637.33,1401.51,478,29790920
11198996,A21,1577.73,1401.12,370,29790921
3273744,tony sempai,1706.18,1400.74,421,29790918
12675428,candyseul,1557.24,1400.68,285,29790922
12948624,fawazu6,1618.93,1399.94,344,29790920
6962552,Lukas_ka14,1713.49,1399.87,494,29790917
20654944,TheFoxyCat,1783.8,1399.75,200,29790915
38512391,Michilino,1428.57,1399.41,47,29790926
9370856,Kirisans,1730.27,1399.36,444,29790917
7301545,F o o n d s,1636.4,1399.24,346,29790920
12390956,Marbleous,1635.4,1398.74,367,29790920
5198239,Vhink,1671.46,1398.61,430,29790919
2403444,Ichigaki,1710.4,1398.16,513,29790918
10772044,mitny,1765.36,1398.11,320,29790916
2172718,SiNteZ,1623.76,1397.80,192,29790920
32910781,Alove,1594.88,1397.47,388,29790921
26012929,caonac,1633.67,1397.46,139,29790920
37330876,kudjiang,1702.49,1397.26,223,29790918
34653244,Grayling32,1618.52,1396.87,120,29790920
14260747,Solk,1498.74,1396.60,368,29790924
20930368,Nlxus,1650.63,1396.51,200,29790919
315062,Tim1994MY,1737.39,1395.95,475,29790917
6163585,EvilRedbull,1733.49,1395.78,457,29790917
36513718,Livvsiaaa,1747.49,1395.51,319,29790916
2753903,Apachai,1765.74,1395.34,298,29790916
19325603,Quoosh,1560.26,1395.27,107,29790922
38171103,Natalia-x,1405.63,1395.15,197,29790927
13628322,HDAndreasEST,1795.21,1395.08,141,29790915
22532983,NonexistentUser,1697.94,1395.00,544,29790918
4583833,ThisIsMyNick,1723.6,1394.74,446,29790917
14285752,ILOVEUUZ,1657.36,1394.56,315,29790919
5229030,nuori vornanen,1700.11,1394.17,294,29790918
21203707,emifuu,1732.64,1393.46,89,29790917
2262700,simon24,1626.31,1393.41,486,29790920
21280139,Araragi Kaomi,1709.92,1393.37,464,29790918
9502298,soloopooo,1634.05,1392.44,309,29790920
2200073,VegetableJuice,1694.53,1392.38,327,29790918
13709158,Prd00,1646.74,1392.02,325,29790919
4859362,steved,1678.52,1391.83,302,29790918
3286918,[ iL ],1572.82,1391.83,268,29790921
14946384,k0r1na13n,1720.74,1391.73,476,29790917
14242512,TheSplatDom,1790.81,1391.68,253,29790915
38698899,axiom_kaleek,1654.48,1391.66,197,29790919
30192089,Renato_Rorb,1552.05,1391.65,228,29790922
2738490,Misuzu21,1717.17,1391.57,460,29790917
11030282,Hakenlien,1756.82,1391.56,345,29790916
10640078,DancoreDanny,1590.31,1391.33,375,29790921
14040810,gilgamesh815,1594.12,1391.26,210,29790921
12358286,- yuuyami -,1731.01,1391.16,317,29790917
4791412,Hitmongoose,1622.75,1391.11,547,29790920
37940960,Kaylumin,1416.28,1390.91,242,29790927
8824226,FooTShOoT,1593.5,1390.84,289,29790921
7455936,LemonDemon,1713.08,1390.64,430,29790917
13278981,NaniDafug2310,1577,1390.50,431,29790921
15190287,BabyYunna,1659.94,1389.84,542,29790919
36014339,wakefulblock262,1692.92,1389.69,405,29790918
38578007,Bl12nChiK,1622.33,1389.46,434,29790920
7326548,[Soju_Desu],1537.75,1389.26,390,29790923
36280630,XxEVASIONxX,1470.8,1389.09,117,29790925
38192351,wKo,1513.36,1389.02,23,29790923
23043787,Pharaoh Kai,1722.69,1388.99,341,29790917
5189446,xX-Karloz-Xx,1704.68,1388.80,465,29790918
7269198,Mildly Accurate,1682.21,1388.45,308,29790918
18008268,sonofrain,1657.43,1388.31,230,29790919
9317938,soft bunny,1498.82,1388.08,119,29790924
360133,ChaosOTD,1741.58,1387.86,415,29790917
8980363,hkn,1615.82,1387.74,235,29790920
2141785,kurodark3,1600.12,1387.55,492,29790921
10364231,iProva,1527.15,1387.40,377,29790923
37152010,-[Chiaki]-,1473.17,1387.10,305,29790925
35896753,Dam_gavna,1587.23,1387.09,449,29790921
16167441,0xAtomosphere,1755.43,1387.05,299,29790916
13747088,Artistchu,1707.49,1386.92,359,29790918
1511656,Skydaz,1706.25,1386.76,512,29790918
13470475,1akane1,1724.5,1386.75,357,29790917
29600556,brazosdemanteca,1627.3,1386.74,182,29790920
26413740,ESETOMAS09,1658.6,1386.71,185,29790919
3234126,noostale,1718.55,1386.52,423,29790917
11397496,Lefeuer,1644.73,1386.42,173,29790919
17680835,Bad Leon4ek,1670.14,1386.10,469,29790919
2227200,Macmed,1719.49,1386.05,333,29790917
17171341,SSaberPendragon,1714.81,1385.75,309,29790917
24790727,JeffryGodBeat,1679.47,1385.06,316,29790918
21813479,Holes,1585.42,1385.05,401,29790921
8771439,KonnKuab,1684.83,1384.80,443,29790918
31144878,Hafoo,1636.69,1384.78,419,29790920
4006557,Mgkoo,1703.09,1384.65,436,29790918
7550938,waifuri,1725.84,1384.56,397,29790917
9336422,HodBestGirl,1614.22,1384.24,84,29790920
2532752,ikiryuu,1632.65,1384.14,502,29790920
4468999,Tomodachi23,1701.53,1384.10,489,29790918
10931846,weed machine,1715.42,1383.72,237,29790917
30813242,hnyuri,1700.17,1383.59,361,29790918
7169149,Rothes_1,1609.16,1383.25,275,29790920
8301141,dropzero,1690.98,1382.92,366,29790918
8071438,Horiiizon,1626.59,1382.71,404,29790920
25103169,Masamial,1458.16,1382.47,113,29790925
39602345,treeep,1712.82,1382.16,202,29790917
21206563,asdfmine,1629.62,1381.54,272,29790920
15113828,aoisanmyaku,1732.07,1381.42,393,29790917
27113874,Galih,1670.08,1381.41,622,29790919
10561139,Lins-Senpai,1717.03,1381.09,361,29790917
34253061,[H],1464.97,1381.02,59,29790925
953809,Misterkister,1563.25,1380.79,514,29790922
13905879,DJ-Nathan,1545.26,1380.53,182,29790922
10760701,hexi,1601.66,1380.12,223,29790921
32928320,Lars313,1701.65,1379.49,453,29790918
20202221,proudEEEEE,1758.71,1379.44,287,29790916
13267813,KazuuMee,1692.14,1379.15,500,29790918
18456592,Hata no Kokoro,1455.68,1379.11,174,29790925
12058601,Squink,1750.97,1379.09,324,29790916
11607879,wolfie31,1660.03,1378.86,326,29790919
9910665,Arithmophobie,1628.9,1378.11,261,29790920
31447957,Hazzzy,1563.34,1377.73,211,29790922
4329850,Skyuu,1734.11,1377.41,216,29790917
28380947,zantesan,1406.94,1377.38,296,29790927
4701376,Akyuh,1567.21,1377.26,412,29790922
7412138,Vesera,1696.11,1377.18,474,29790918
11141197,Borky_,1711.18,1376.80,209,29790917
20963649,Lois griffin,1671.55,1376.79,177,29790919
5333103,adhesive56,1600.24,1376.28,339,29790921
11149150,XNoobyNoobNoobX,1404.23,1375.77,167,29790927
33406065,lurinskiy,1704.98,1375.50,430,29790918
11497614,EndymionShadow,1689.73,1375.50,431,29790918
5204403,JerkiT,1751.25,1375.48,275,29790916
31402497,Qhari,1599.51,1375.48,466,29790921
11403899,SanyaVsunya,1490.79,1375.48,37,29790924
33389301,Xyhara,1620.31,1375.31,80,29790920
5386079,ccc77623,1684.38,1375.22,515,29790918
12400039,xliight,1572.88,1375.14,363,29790921
14462948,TheMenDen,1577.34,1375.12,79,29790921
25304316,TurtzIsDed,1640.66,1374.89,296,29790920
7331952,jamesvelasco,1493.79,1374.89,206,29790924
35132105,keiu,1762.5,1374.85,221,29790916
14586069,Vessichan,1589.29,1374.83,482,29790921
23384715,Worthlessnut9,1743,1374.71,349,29790917
3964918,-Candy-,1715.33,1374.43,238,29790917
23885724,ken2455,1533.3,1374.23,328,29790923
19644408,not a cat robot,1765.49,1374.15,223,29790916
11593433,Geftoon12,1621.83,1373.98,172,29790920
14438660,Hpkki11,1708.67,1373.46,317,29790918
8576251,Masamune,1664.47,1373.21,499,29790919
18357479,jykca,1470.12,1373.10,490,29790925
3833346,Wido,1696.33,1372.95,188,29790918
11797863,kilopjuhy,1512.7,1372.92,291,29790923
9684241,PhantasticPT,1501.29,1372.84,424,29790924
4828883,pixiechan,1727.46,1372.51,365,29790917
298669,Kuyumi,1699.12,1371.49,470,29790918
30826746,Merrys,1736.09,1371.46,420,29790917
2384722,takerublood,1678.32,1371.10,479,29790918
9102644,yayaasdf,1604.71,1371.01,406,29790921
29476322,Daskk,1712.52,1370.94,359,29790917
9905895,Mel8487,1709.4,1370.79,416,29790918
11278761,saido39,1594.78,1370.70,403,29790921
17565834,dampersito,1678.22,1370.67,416,29790918
4073004,IcesCreams,1656.23,1370.23,517,29790919
38232106,Nijuu,1548.16,1370.22,-16,29790922
12056844,Sc00by22,1729.63,1370.21,232,29790917
29654562,JardaMasopust,1562.34,1370.16,296,29790922
29413629,INFERNY,1643.89,1369.56,398,29790919
1827224,tkdrb3,1638.78,1369.53,508,29790920
33511402,Teeeeeneee,1590.08,1369.44,169,29790921
15592469,Tymoteusz,1560.96,1369.39,214,29790922
30802850,PRIMAL COOKY,1476.89,1369.37,390,29790925
3282300,AkemiSama,1665.45,1369.00,413,29790919
13620703,Pandora -,1700.65,1368.72,382,29790918
21425611,Chikinraisu,1679.37,1368.45,475,29790918
32673774,djpikori,1638.36,1368.44,444,29790920
5481817,kclee2172,1589.5,1368.21,422,29790921
9798217,will_fc03,1591.75,1368.14,394,29790921
14486950,_red_,1613.49,1367.68,339,29790920
3993044,Lytta,1660.95,1367.63,629,29790919
16618655,Fel1x,1522.01,1367.60,239,29790923
40044367,bruhguys,1453.05,1367.53,158,29790925
7645948,Nyang,1523.5,1367.22,335,29790923
6266507,CXXNinjaGirlCXX,1680.54,1367.03,507,29790918
16906562,Kiq Gabriel,1671.26,1366.53,446,29790919
6143933,garia 0,1676.63,1366.43,510,29790918
7292389,DestinyAnime,1666.19,1366.41,478,29790919
19543134,SpaceSkyNet,1686.4,1366.31,420,29790918
35267489,CoROS123,1664.93,1366.31,447,29790919
16396857,Si_vor,1708.85,1366.17,385,29790918
9266333,SlashingGaze,1594.58,1366.02,499,29790921
39404926,henryweston,1748.27,1365.93,310,29790916
28660983,miu_v,1711.98,1365.61,332,29790917
14974577,guthixthekiller,1481.36,1365.58,267,29790924
35612337,wlsgusan8170,1396.05,1365.54,215,29790927
34814600,Yuzw,1657.75,1365.47,350,29790919
9826994,radioactive329,1608.68,1365.40,357,29790920
12576301,ZeromaxFrty,1629.95,1365.39,344,29790920
4184947,Vizualize,1669.8,1365.26,505,29790919
11542691,KamiHextech,1582.3,1365.24,384,29790921
34264152,Teologia,1731.12,1364.99,283,29790917
13828594,SteinZero,1653.68,1364.84,460,29790919
30564165,Wolfie125o,1712.89,1364.09,390,29790917
10497269,Yawnblade,1665.18,1364.06,487,29790919
38899139,NoobDestroyr69,1625.28,1364.03,109,29790920
11676970,LKXD,1696.56,1363.76,355,29790918
17092367,ILikeTea,1563.52,1363.66,153,29790922
2563489,csMRHERO,1608.01,1363.52,426,29790920
26884485,-Ayatsu-,1701.36,1363.51,89,29790918
10767001,681743801,1642.74,1363.37,360,29790919
11833977,amber1710,1694.96,1363.34,440,29790918
37793999,Rojass,1444.7,1363.22,10,29790926
31840773,ShAlaPaiOn,1588.46,1363.14,65,29790921
17631701,Baszkiii,1634.59,1362.92,419,29790920
10829166,kinkan0215,1567.04,1362.91,269,29790922
2998675,Jenney,1677.09,1362.57,493,29790918
32173773,Sirebeto,1644.32,1362.56,531,29790919
20243759,WhiteKarasu,1713.01,1362.54,175,29790917
17836051,ezgi,1700.36,1362.45,325,29790918
32506154,Tom 67,1469.87,1362.21,429,29790925
16331558,nEo platnium,1694.6,1362.01,240,29790918
36173988,D1veva,1651.11,1361.99,360,29790919
9969591,Mystic Lux,1674.11,1361.83,492,29790919
36318046,Alice_mania,1493.33,1361.75,154,29790924
19918220,Siniestr0,1711.48,1361.73,304,29790917
10594702,octavia,1638.99,1361.30,272,29790920
14877080,Radiant Soul,1593.34,1361.10,395,29790921
3707069,ulknows,1616.9,1361.05,534,29790920
36828838,fotu,1591.02,1360.89,112,29790921
19512128,Laubbaum,1614.83,1360.80,287,29790920
8038420,okappi,1661.72,1360.69,505,29790919
8628889,DarkKuruni,1664.74,1360.57,429,29790919
3578403,xddxpot110,1647.08,1360.18,404,29790919
8354052,Kirauna,1611.2,1360.18,468,29790920
10328472,drachenfreund15,1629.02,1359.63,461,29790920
16885657,McAlbertHabolea,1685.52,1359.44,304,29790918
32812292,xOMENx,1462.96,1359.06,315,29790925
6175264,Flameshadow2,1698.01,1359.05,366,29790918
32721490,yuki21780,1575.6,1359.05,219,29790921
1139738,maxikg,1671.8,1358.83,455,29790919
221110,fateluis,1671.03,1358.10,463,29790919
3811831,Noko_BSF,1688.4,1358.04,369,29790918
1032048,AssassinSpirit,1682.75,1357.88,531,29790918
13652480,UTMONXD,1657.6,1357.88,397,29790919
14674958,FROWN PLAYER,1545.36,1357.87,418,29790922
18294922,RSI Gaming,1742.19,1357.74,313,29790917
15653095,Meowshiii,1545.8,1357.70,168,29790922
10731834,merase,1482.8,1357.52,129,29790924
8921810,Tada-kun],1663.71,1357.49,451,29790919
1969106,Anti Satan,1640.01,1357.44,316,29790920
3076318,OsDrakull,1598.62,1357.41,293,29790921
19413129,bro 6,1722.5,1357.33,318,29790917
11320967,Youmow,1568.57,1357.31,434,29790922
11038423,Hinokachan,1716.74,1357.02,337,29790917
4901066,4901066,1701.85,1356.99,241,29790918
3830599,josh885512,1669.58,1356.91,400,29790919
8611664,leifneo,1731.34,1356.89,611,29790917
11749215,Sya RE,1651.26,1356.66,410,29790919
16079581,krisibe,1625.12,1355.75,457,29790920
14274007,RhandYoshi,1533.15,1354.96,505,29790923
9071579,[o]___[o],1666.63,1354.47,404,29790919
11323368,jimicrowave,1711.03,1354.24,399,29790917
15404606,Phione,1648.72,1353.11,153,29790919
4736083,PiraNox,1633.97,1353.04,430,29790920
27691902,helloxinchao,1691.76,1352.83,338,29790918
23001090,Elimayss,1667.13,1352.56,335,29790919
35979413,Flutterloof,1628.27,1352.18,294,29790920
14455536,Relae,1585.81,1352.14,278,29790921
10888411,Setsoku,1566.31,1352.10,289,29790922
10891536,Maximxls,1596.12,1351.94,200,29790921
9968952,BlancoJhopay,1613.29,1351.89,448,29790920
18406895,Prophet_Sanjay,1657.69,1351.72,187,29790919
15514389,Good devil,1434.39,1351.71,195,29790926
3202696,NeckkMC,1650.14,1351.64,324,29790919
28391442,everis,1579.64,1351.59,198,29790921
18134336,PresBG,1517.21,1351.53,375,29790923
13019581,Chocli,1473.92,1351.43,300,29790925
7657743,vDoM,1624.22,1351.18,421,29790920
1071164,wuyingkuku,1645.68,1350.57,476,29790919
22745563,Fuzzyuuka,1631.77,1350.48,431,29790920
15089170,Bernivan,1605,1350.40,428,29790921
17363709,FuRu7_7,1562.22,1350.18,393,29790922
39381835,Sgrn,1512.46,1350.05,461,29790923
20705496,WolfBoi,1508.4,1349.54,172,29790924
10291314,LamaBaka,1649.6,1349.52,283,29790919
12254891,clickpersec,1686.15,1349.41,327,29790918
34919991,YZF-R1M,1533.66,1349.36,444,29790923
9977692,PAVO RANGER,1626.01,1349.03,316,29790920
26838360,Visi,1667.03,1348.74,377,29790919
3604063,Picco,1420.65,1348.54,500,29790926
6872873,Abdimitsu,1581.91,1348.45,484,29790921
21992559,-Arcangelo,1685.27,1348.29,380,29790918
6039570,Rayman1,1654.71,1348.02,352,29790919
29929198,JDB1017,1621.26,1347.97,151,29790920
626094,marshallracer,1588.62,1347.78,506,29790921
15950066,Sinistarz9,1563.88,1347.78,488,29790922
7097697,Meigami,1645.93,1347.77,518,29790919
1193738,Fabi93,1676.95,1347.11,459,29790918
15628036,TheMoonLoop,1652.78,1346.84,392,29790919
35239468,seresjo,1593.16,1346.53,200,29790921
10134777,sofiagumi,1669.06,1346.16,460,29790919
20150773,Capsaicine,1502.43,1345.67,95,29790924
9396680,Essentialess,1552.16,1345.61,218,29790922
15944956,MatchaLatte-,1529.77,1345.59,269,29790923
2887427,Loid-,1607.31,1345.39,404,29790920
12491745,kayto20,1519.53,1345.35,367,29790923
28212827,Frorg,1520.27,1345.06,222,29790923
14427114,Snackidoup,1748.15,1345.01,293,29790916
2433397,kimrio3904,1527.4,1344.61,401,29790923
11488368,- Utau -,1512.4,1344.34,257,29790923
8152210,TORCH2023,1616.46,1343.99,483,29790920
35001559,Bryamsao,1549.26,1343.86,380,29790922
6439806,LindaNoodle,1681.98,1343.06,426,29790918
18793279,Yoexer,1607.91,1342.76,527,29790920
6083660,[SPNG]Tom,1568.78,1342.58,304,29790922
12423370,AberjamLanxki,1387.14,1342.53,221,29790927
27520591,nhuhoang,1691.55,1342.43,342,29790918
32720761,Tisch,1432.86,1341.40,160,29790926
2881789,Deep Sea,1568.68,1341.36,460,29790922
1758744,akenoakatukiboshi,1632.44,1341.17,577,29790920
14361170,dipperkipper,1644.95,1341.09,144,29790919
26593727,Top_Kotya,1555.7,1340.71,403,29790922
35102363,pupok999,1667.34,1340.53,218,29790919
26587749,hello9000,1529.02,1340.45,91,29790923
32737263,iamfover,1569.84,1340.26,377,29790922
8941657,[lucy],1653.97,1340.08,478,29790919
3897175,Himegimi,1667.5,1339.83,474,29790919
28761144,Millim,1619.28,1339.60,271,29790920
3165416,Das,1664.65,1339.52,405,29790919
33992136,Haarua,1485.43,1339.40,252,29790924
318074,Addisunn,1651.48,1339.09,497,29790919
31555971,MeIIo,1686.83,1339.05,236,29790918
4157801,Szopez,1640.16,1338.75,431,29790920
2189313,YerbaAmanda,1348.07,1338.59,122,29790929
3829916,gelpere,1650.8,1338.58,436,29790919
30356652,Rindo,1444.64,1338.34,437,29790926
37034068,Yeety15,1555.29,1338.31,194,29790922
28253504,Gamesnake7,1688.25,1338.27,217,29790918
24211915,Axions,1666.07,1338.19,407,29790919
29777541,Su11yoon,1559.8,1337.87,102,29790922
10046122,Lassely,1652.17,1337.55,537,29790919
30216865,sconez,1588.09,1337.18,267,29790921
4552105,Davin Fortune,1697.31,1337.10,283,29790918
13890632,105MagicKid,1648.34,1337.01,379,29790919
2111699,XxEasyxX,1665.34,1336.85,447,29790919
11891719,yelauxd,1575.22,1336.55,394,29790921
5904837,Quirminator,1591.56,1336.29,330,29790921
11796581,Ozai,1522.97,1336.21,257,29790923
27023698,- lucky -,1615.25,1335.94,155,29790920
9708603,Vyxy,1678.07,1335.70,424,29790918
14071070,[Reflection],1572.15,1335.46,330,29790922
24985181,HK Origin,1604.92,1335.38,547,29790921
14120824,Stamer,1637.75,1334.39,387,29790920
3574945,femboy irl,1551.11,1334.29,249,29790922
1827162,Gonotokibayo,1684.55,1334.28,429,29790918
1170172,Bunny Goddess,1697.59,1334.21,448,29790918
17688100,Clababa,1641.88,1334.02,288,29790919
1195430,Snow Patrol,1545.06,1333.62,518,29790922
6394225,snyviper,1437.75,1333.38,450,29790926
39418256,Yuannnnnn,1508.02,1332.79,280,29790924
22123932,Kemra,1534.84,1332.75,390,29790923
35901848,fengpeng,1544.86,1332.42,160,29790922
17542552,Vrshs,1594.46,1332.33,175,29790921
34974903,JelloThere,1472.28,1332.30,61,29790925
25459498,CraCK_PoT,1495.09,1332.15,400,29790924
22960721,zinba2007,1554.9,1332.00,256,29790922
28209196,strawberry-san,1674.87,1331.56,398,29790919
11093679,MixoLOM,1431.21,1331.51,261,29790926
22231457,Meowin Mary,1615.32,1331.10,403,29790920
20023168,SomebodyTR,1593.09,1330.81,321,29790921
35619347,yakisode,1418.38,1330.73,21,29790926
16239427,Lynko,1563.98,1330.63,159,29790922
17350870,SquishyFemboy,1542.88,1330.05,134,29790922
35043497,Borkthet,1546.43,1329.87,133,29790922
18202770,KranaPT,1592.56,1329.43,446,29790921
12471020,[Teo],1587.09,1329.28,166,29790921
1240512,www,1581.79,1329.16,505,29790921
12273357,Auspicious,1425.86,1329.09,392,29790926
15517,Swiftwolf Yellowtail,1636.47,1328.66,481,29790920
26819658,Thecaty,1610.28,1328.65,385,29790920
22368895,Zai,1534,1328.64,84,29790923
35510696,SWWaby,1425.14,1328.58,216,29790926
3740832,Narthy,1490.95,1328.41,428,29790924
38841366,mus_kok_ic,1629.32,1328.22,405,29790920
33873206,My Angel Reimu,1473.85,1328.16,303,29790925
14597967,aferdeath93,1638.62,1327.77,370,29790920
31820605,Frost_Fib3l,1534.92,1327.77,307,29790923
22356454,deadnya,1637.64,1326.92,113,29790920
21515135,Naci,1540.13,1326.80,457,29790923
2944666,lotico,1656.15,1326.76,334,29790919
4509937,-Clarence-,1588.68,1326.73,403,29790921
12337353,pax233,1640.94,1326.71,181,29790920
2168476,peacekarta,1622.68,1324.44,336,29790920
10162727,meru106,1519.79,1324.44,388,29790923
4804131,ArjunaHM,1609.4,1324.40,450,29790920
18867523,flowerful,1557.76,1324.29,172,29790922
15722813,XxChina_14TQDxX,1567.64,1323.90,369,29790922
20338472,ACasualTryhard,1664.07,1323.81,369,29790919
19431544,KelvinYu0327,1481.11,1323.71,451,29790924
6265494,YuushiGER,1678.87,1323.70,435,29790918
20296778,BlackCowEdition,1474.31,1323.67,132,29790925
34871044,Calistophiar,1447.86,1323.43,368,29790925
8460904,shykid,1623.02,1323.32,497,29790920
27817732,happypotato1207,1468.22,1323.21,291,29790925
19220938,Neil6,1481.54,1323.07,112,29790924
9087849,suedaht,1543.06,1322.92,309,29790922
9483989,Dyrdymal,1581.34,1322.59,225,29790921
13039565,kaishimii,1516.73,1322.57,197,29790923
15166764,jfiu,1577.56,1322.38,189,29790921
2913584,acid,1651.42,1322.11,279,29790919
1788782,germanboys,1631.07,1322.10,480,29790920
28339587,cyberbruder,1682.44,1321.79,319,29790918
18320445,KEPTANy,1687.54,1320.94,345,29790918
1359070,Dekohawk,1521.25,1320.82,439,29790923
3858273,CookieDas,1442.83,1320.78,293,29790926
12752200,delzin,1673.67,1320.55,269,29790919
476892,shadowwolf623,1655.1,1320.36,436,29790919
14966074,BinEinMangoMan,1647.56,1320.16,388,29790919
4128565,-3-Enzo-3-,1538.05,1319.90,441,29790923
11578368,PINGU_3,1409.23,1319.89,205,29790927
11593053,justsomeguy50,1644.06,1319.79,305,29790919
4999526,white tigger,1581.63,1319.74,488,29790921
9358614,[M]asTer,1572.25,1319.68,320,29790922
34599488,MariaANana,1631.96,1319.38,468,29790920
31325331,sangwoo,1489.17,1319.19,270,29790924
20516185,Bix Caleen,1414.69,1319.10,19,29790927
31437089,extravaganza,1401.33,1319.09,247,29790927
29387075,X6H806,1390.44,1318.74,19,29790927
22397906,daydess,1534.69,1318.53,205,29790923
22900745,Sewaaasphieee,1622.01,1318.52,248,29790920
13676110,Jack0estripador,1652.02,1318.39,383,29790919
2448764,eva345,1630.86,1318.27,457,29790920
19397996,elfkabow,1629.56,1318.22,471,29790920
13324024,Jolleh,1433.6,1317.98,93,29790926
10321002,DaneROsU,1540.4,1317.52,434,29790923
778772,silikon no tama,1635.27,1317.16,433,29790920
1064333,Oikawa,1624.69,1317.04,439,29790920
35973347,g_oses,1522.1,1316.88,312,29790923
33997994,fennel,1538.41,1316.68,311,29790923
37518527,yunieschk,1547.61,1316.35,102,29790922
1937673,Mates0094,1541.03,1315.92,419,29790923
4472533,Zanark99,1666.3,1315.90,378,29790919
2478769,BlackHairEND,1594.37,1315.81,444,29790921
12244503,lambandwolf-,1567.58,1315.64,413,29790922
12283771,Tamiyo,1524.78,1315.62,453,29790923
36535845,pirnatiq9,1479.07,1315.55,94,29790925
19453469,TangyAlif12345,1559.94,1315.26,385,29790922
3703378,Apotoxine,1597.83,1314.87,333,29790921
23097320,keksikosu,1484.89,1314.81,321,29790924
37553364,tamabashi,1592.19,1314.68,387,29790921
12114116,Pacifistonly,1647.39,1314.48,125,29790919
5377178,Minorsonek,1542.66,1314.43,300,29790922
2827893,Kyuuten,1589.21,1314.41,473,29790921
11018882,aWINNERinLIFE,1659.66,1314.37,394,29790919
13643601,[-ICHINO-],1506.1,1313.95,284,29790924
39933425,RistoDF,1333.85,1313.95,171,29790929
38459641,mlvdysimba,1522.33,1313.86,187,29790923
16138333,hawnig,1586.62,1313.62,348,29790921
36450875,beat catcher,1746.63,1313.46,551,29790916
3629335,jhero,1617.76,1313.07,491,29790920
8068356,Gragas2002,1687.4,1313.04,251,29790918
34734429,hotvegetable,1624.36,1312.97,307,29790920
13042378,Kohanari,1488.65,1312.83,284,29790924
4874384,mikael2810,1585.02,1312.81,390,29790921
38715200,keesebytes,1427.69,1312.64,291,29790926
8496251,stella_imou,1616.07,1312.20,501,29790920
10445786,VuIkan,1504.7,1312.08,72,29790924
33257642,wizpyyy,1529.68,1312.06,439,29790923
1928871,voeld1716,1603.29,1311.81,478,29790921
12004318,Ceeikmnz,1559.41,1311.73,489,29790922
8002409,Pioter00000,1499.55,1311.47,391,29790924
3972737,827124418,1460.21,1311.40,417,29790925
18481445,[Mom] xbob,1377.87,1311.19,192,29790928
34581762,Sir Fangar,1643.63,1311.15,322,29790919
38714070,Soyb,1480.61,1310.97,63,29790924
28168516,NotSupple,1435.37,1310.64,541,29790926
6659116,Vordi,1412.06,1310.64,191,29790927
20760988,leafylia,1627.22,1310.47,357,29790920
24290041,Sakayori 1roha,1614.52,1310.19,259,29790920
11113213,Alyra,1478.1,1310.14,161,29790925
8332990,-Prelude-,1490.73,1309.46,303,29790924
7020670,Omgurafi,1553.39,1309.28,86,29790922
20690161,IamHammond,1602.91,1309.23,347,29790921
37620748,Rhopys,1374.53,1309.15,415,29790928
13348177,le99notp,1550.8,1308.86,417,29790922
3394696,Salvotore,1409.68,1308.34,239,29790927
39189130,pocoyo1316,1541.8,1308.21,379,29790923
31925571,hrnntz_,1526.44,1308.15,482,29790923
26312963,zdarkgon,1476.15,1307.96,400,29790925
17946487,Aiolii,1530.92,1307.92,283,29790923
12610171,bang9453,1406.69,1307.52,183,29790927
3257847,MyzeJD,1505.7,1307.50,255,29790924
4723053,Squackers,1652.49,1307.37,387,29790919
7739106,Ushanka,1680.44,1307.29,294,29790918
13709605,Suzumiya,1555.88,1307.15,201,29790922
11781214,onminervas,1606.63,1307.12,457,29790920
34743128,Sueouo,1520.07,1307.11,434,29790923
7442664,Sarunis,1532.04,1307.07,383,29790923
8503106,Luthien,1655.31,1306.85,378,29790919
3397772,broswen,1472.66,1306.79,272,29790925
14781224,Aspheria,1615.15,1306.42,349,29790920
9952987,Csabikaa_,1574.98,1305.78,422,29790921
17936596,lesnet27,1356.55,1305.71,326,29790928
29860943,Shadow rain,1649.54,1305.70,345,29790919
34079318,AboveTheEdge,1448.73,1305.35,433,29790925
17148657,Poity,1634.43,1305.25,238,29790920
39019425,Shoukolvl,1484.26,1305.10,267,29790924
32534688,TFTM,1654.9,1305.09,177,29790919
14695064,Loom,1543.77,1304.86,183,29790922
1192463,wroly,1643.02,1304.79,404,29790919
4029566,FacuGOLAZO,1641.03,1304.63,419,29790920
35794471,methice,1372.5,1304.35,124,29790928
29799629,ryo87328,1622.39,1304.25,220,29790920
19671996,Ensokia,1473.43,1304.14,65,29790925
4095317,yoshibox,1631.36,1304.09,475,29790920
37203445,Himesaki Rinami,1470.48,1304.08,177,29790925
2178101,Ulcres,1617.43,1303.92,472,29790920
25575503,HTR_Coreld,1618.69,1303.87,477,29790920
7992683,noodle10,1635.85,1303.72,436,29790920
13940193,DragonKatYT,1600.98,1303.62,425,29790921
38380740,Xpert5001,1639.59,1303.52,317,29790920
4649347,LALAFUERSE,1607.18,1303.28,544,29790920
14793973,M0n5teRz,1569.07,1303.26,189,29790922
9804749,ukyhukghl3,1574.27,1303.21,472,29790921
18407099,Nazuna_BR,1624.57,1302.66,462,29790920
2752961,Vensia,1652.64,1302.63,409,29790919
15242615,Noytaxz,1587.81,1302.58,567,29790921
1126759,lanfengyue,1622.51,1302.57,506,29790920
14562140,DamuxDamu,1547.86,1302.48,244,29790922
9977114,Ster Keath,1498.92,1302.47,368,29790924
20738290,derpytman,1635.59,1301.98,391,29790920
24490429,aqueous,1642.1,1301.88,170,29790919
19242771,-silly-,1575.99,1301.38,285,29790921
31939173,JeelyTeeava,1528.07,1301.37,453,29790923
30730129,TeoreKash,1371.86,1301.20,150,29790928
14725792,insect7028,1552.33,1300.99,329,29790922
10082283,TacoPieGod,1556.6,1300.93,429,29790922
12526845,Ckataliina,1569.01,1300.77,431,29790922
7215423,Leralice,1612.11,1300.64,518,29790920
12897894,qwedcxzasa,1629.8,1300.37,429,29790920
144566,TemplerKnight X,1618.41,1300.23,513,29790920
9185861,hoboweeb,1489.97,1299.82,357,29790924
37397375,[RNC]Maf1a,1483.96,1299.73,128,29790924
7157133,_yosh,1483.62,1299.62,315,29790924
31807305,DamDom39,1456.37,1299.23,271,29790925
8053930,Hanasano,1621.49,1298.99,475,29790920
2169329,69maow,1509.71,1298.56,313,29790923
4308977,Zombiebride,1654.06,1298.49,411,29790919
14421139,triffle,1510.61,1298.41,190,29790923
16335215,Rozeolifant13,1449.92,1298.41,145,29790925
20222452,Suang,1531.37,1298.40,238,29790923
12532297,[-Elaina-],1588.19,1298.25,143,29790921
16681100,thisu,1430.95,1298.07,97,29790926
11914947,The Savior,1381.57,1298.02,151,29790928
26514123,MajikMatthew,1602.18,1297.96,177,29790921
32856747,sdc6,1530.04,1297.81,21,29790923
8357007,My Angel Ram,1445.88,1296.93,443,29790926
11752835,Hungri 228,1575.36,1296.82,394,29790921
9701942,Lucas1,1495.02,1296.79,282,29790924
4409945,King for a Day,1604.52,1296.76,527,29790921
22410994,ignas4559,1596.91,1296.66,323,29790921
12698446,[Crz]Kohana,1423.41,1296.66,199,29790926
11854073,n1lz4,1540.7,1296.15,258,29790923
35995742,SPBread,1609.72,1296.13,304,29790920
1752862,BRS12,1606.29,1295.69,410,29790920
15579745,FelipePlayzYT,1672.78,1295.31,350,29790919
7497541,Kotikomori,1598.55,1294.91,527,29790921
295855,Dess1210,1628.42,1294.71,423,29790920
2435162,Kusomi Mori,1614.04,1294.04,460,29790920
21842491,Luiz Peixe,1579.93,1294.01,364,29790921
457399,bastien,1611.84,1293.88,518,29790920
35824409,buka0714,1641.74,1293.80,153,29790919
11553799,yellows111,1637.02,1293.75,399,29790920
24988949,zorey0,1433.71,1293.43,333,29790926
9858004,Bekus,1487.87,1293.10,234,29790924
12677705,treasssure,1551.59,1292.96,223,29790922
2934399,Ayitzchance,1565.38,1292.59,484,29790922
4763040,ATing,1525.22,1292.44,300,29790923
29190350,soulking210,1599.92,1292.06,392,29790921
32690559,Malkuth,1596.71,1291.99,101,29790921
2602191,Dylank5,1623.16,1291.79,410,29790920
18957093,Nergal VI,1668.86,1291.73,209,29790919
33865212,feardorian,1368.55,1291.69,117,29790928
16984744,iSaturnx,1554.62,1291.61,233,29790922
13829954,Akemi4,1587.89,1291.48,415,29790921
15447012,Stiwfwy,1454.6,1291.43,223,29790925
24366541,AffanSad,1549.62,1291.33,450,29790922
13418038,Pissezi,1494.56,1291.31,150,29790924
6676726,patrick308,1558.48,1291.25,382,29790922
33694679,MasterPonk,1408.99,1291.15,421,29790927
40231356,ArKaneX,1406.17,1291.10,331,29790927
1753052,Stillerhy,1656.91,1290.37,280,29790919
19082708,Tataluga_,1507.25,1290.35,355,29790924
29262319,kidazki,1654.38,1290.19,189,29790919
8009024,miriane,1600.56,1290.12,407,29790921
9292613,Ender Plays,1518.16,1290.01,210,29790923
34987666,Neonturtle_2,1520.6,1289.90,244,29790923
14838605,NekoTowel,1409.97,1289.90,254,29790927
28153243,0137,1409.82,1289.81,433,29790927
4587045,Maleguest,1610.56,1289.37,438,29790920
35077889,salmon_handler,1558.69,1289.24,550,29790922
14833226,sophhhia,1537.69,1289.01,254,29790923
1696846,Pocori,1603.84,1288.68,451,29790921
11256837,Josu,1653.58,1288.65,323,29790919
14524373,Riverwild,1426.29,1288.01,374,29790926
6227689,Polar,1608.97,1287.94,292,29790920
33304891,KMAVH,1499.45,1287.80,327,29790924
21920156,phanhoang1366,1456.17,1287.76,231,29790925
15564829,genusoo,1591.45,1287.75,342,29790921
4517168,nkkh,1561.86,1287.45,138,29790922
9726591,penta-krampus,1530.55,1286.88,259,29790923
3400511,Hadoken,1483.09,1286.63,505,29790924
14022033,Slayermoon,1565.82,1286.56,305,29790922
18770300,lulueldras,1620,1286.47,283,29790920
15843247,milkii,1397.31,1286.15,297,29790927
4667359,TyroneHayes,1605.39,1285.58,425,29790921
38983283,Eclipse0,1340.27,1285.31,140,29790929
15735164,Animi,1529.44,1284.82,316,29790923
7185555,R3D,1661.15,1284.18,165,29790919
30275345,stevie g 123,1624.82,1283.77,150,29790920
1350397,headcrab_human,1570.44,1283.65,443,29790922
28790350,rabbit123,1341.93,1282.68,174,29790929
21416683,kenneth_xd,1578.38,1282.46,441,29790921
17821735,Leo99Oliver,1426.12,1282.44,79,29790926
35052034,frobble,1547.78,1282.39,199,29790922
5121205,tomasukurosaki,1606.21,1282.30,451,29790921
15783394,ren0019,1429.88,1282.26,482,29790926
31335194,kokoko,1540.81,1282.16,383,29790923
22086398,HyeokTuah,1570.72,1281.94,282,29790922
31236164,AoiSo,1531.3,1281.61,252,29790923
17599714,Ly3kc,1502.79,1281.36,209,29790924
9817875,david_liem,1523.58,1281.35,317,29790923
13550504,SleepyGT,1606.92,1281.09,399,29790920
4130926,StrijkIjzer,1425.69,1281.07,220,29790926
10425756,milkawhite13,1562.69,1280.66,342,29790922
15292208,YablochkoSanya,1583.49,1280.65,491,29790921
8910440,MChromatique,1534.25,1280.45,449,29790923
6983746,IIAkito,1565.19,1280.28,303,29790922
14512297,Fubuki Kun,1571.7,1280.14,559,29790922
16694541,Cokolita,1585.49,1280.10,219,29790921
22362959,Ogrebone,1404.08,1279.79,450,29790927
23664890,mymelodies,1604.41,1279.76,465,29790921
27797072,sak,1576.64,1279.75,514,29790921
11742599,Vitas2222,1370.6,1279.04,408,29790928
5058071,Yorustar,1544.19,1278.82,500,29790922
35424513,jamskojid,1479.43,1278.52,439,29790924
5388858,Winter Miku,1546.05,1278.48,443,29790922
20763941,PaperPlane,1481,1278.33,371,29790924
19597812,KaKaoo161,1564.34,1278.15,277,29790922
22547308,Reeche4,1395.36,1278.02,456,29790927
383953,Risa96,1595.33,1277.92,453,29790921
1998214,Galaxy_Rainbow,1521.12,1277.58,469,29790923
13785908,Zorony,1477.2,1277.46,255,29790925
8785395,brainnotfound,1501.35,1277.41,359,29790924
14745137,Twilight_Daisy,1571.43,1277.32,456,29790922
838041,ioveyou0928520,1559.05,1277.26,520,29790922
10966302,JoanaBob,1579.32,1277.05,284,29790921
12498403,Bekham Na70,1551.38,1276.89,420,29790922
6673206,Vilija,1608.52,1276.84,285,29790920
6104750,Kirihaonuma,1470.99,1276.81,473,29790925
19611738,Cynthiia,1599.58,1276.79,416,29790921
15183294,ferzis,1583.85,1276.64,562,29790921
12373386,GOD-Plus,1560.16,1276.46,214,29790922
1633947,M4chiasukunGG,1357.39,1276.36,357,29790928
7213605,Cynoo,1645.31,1276.31,285,29790919
21037372,Weskg,1476.75,1276.21,257,29790925
11334594,K4L1,1436.59,1276.18,237,29790926
11713585,JABIRIGUIBARATO,1555.57,1276.13,272,29790922
33461819,shynxify,1507.92,1275.95,224,29790924
7484053,Galymzhan_old,1399.16,1275.84,282,29790927
30292111,Asifta,1566.63,1275.72,424,29790922
20428369,Akuoo,1406.54,1275.58,320,29790927
1767932,stickydog,1599.98,1275.26,502,29790921
4679126,alanoogg,1422.23,1275.19,441,29790926
9141973,elvisk-on,1635.46,1274.41,352,29790920
10960006,XxNeonkowaxX,1522.44,1274.39,322,29790923
34023330,-misha,1477.06,1274.15,255,29790925
4723069,sedi123456789,1596.18,1273.95,412,29790921
29877336,R5R4R3,1419,1273.92,193,29790926
2395691,Shin Aki,1625.49,1273.40,406,29790920
19305077,Voizma,1380.49,1273.35,168,29790928
13241562,DarkScrap,1630.96,1272.43,162,29790920
25647306,dearjudas,1548.29,1272.18,535,29790922
10235085,Asuma Toki,1428.45,1271.97,285,29790926
6340648,Snowely,1580.02,1271.72,400,29790921
12531484,Fountain,1494.11,1271.70,307,29790924
3680096,Elysah,1599.03,1271.48,440,29790921
2665746,FlipTheFish,1539.59,1271.47,212,29790923
6748185,[Jeely],1417.31,1271.01,347,29790926
16915136,Just_ArtY,1622.94,1270.87,290,29790920
5347741,Lunabyla,1596.41,1270.26,462,29790921
12532960,TranQuuueee,1483.22,1269.93,310,29790924
20620318,Yanq,1490.41,1269.81,239,29790924
26183125,_Holy_,1518.88,1269.79,315,29790923
26256928,Galactica_,1461.73,1269.59,264,29790925
17376783,Ginxy228,1537.26,1269.52,388,29790923
10225872,Ayvenas,1579.71,1269.50,423,29790921
24931919,Reiign,1472.95,1269.37,81,29790925
39490388,iffuwu,1580.87,1269.16,463,29790921
16519967,natsukinohikari,1430.05,1269.03,465,29790926
9811819,kim rae yoo,1625.79,1268.79,368,29790920
35585846,Vireya,1459.73,1268.77,178,29790925
7251993,Kawaii M4A1-S,1486.58,1268.67,73,29790924
14221557,Zilboz,1429.23,1268.35,306,29790926
27159064,Asaba Konami,1475.18,1268.34,298,29790925
3949289,Noblese Oblige,1357.28,1268.25,190,29790928
38353644,shrinkful,1496.33,1268.22,185,29790924
12176456,[ Potat ],1560.74,1268.17,284,29790922
4576295,Fudy,1391.07,1268.11,105,29790927
5229501,Ceifei,1513.96,1267.88,389,29790923
22812253,Meerzy1,1434.07,1267.75,292,29790926
1318985,xkatianx,1527.25,1267.70,402,29790923
2314379,SyamoZy,1465.81,1267.58,347,29790925
10699507,tatsumidiaz,1537.4,1267.08,370,29790923
11712987,igt4,1609.49,1267.05,321,29790920
10301215,N a t s u k i,1584.18,1266.49,476,29790921
8893772,Molli,1502.69,1266.45,251,29790924
4546317,Jokkerz,1571.93,1266.43,329,29790922
12219285,Diprimm,1438.98,1265.77,134,29790926
18349668,Aeghil,1490.27,1265.76,282,29790924
30393772,Luxtra_,1516.27,1265.64,252,29790923
33088910,e-rinn,1531.85,1265.44,253,29790923
10728432,Kaify,1557.58,1265.37,193,29790922
13642409,rysoo,1446.93,1265.31,170,29790925
3065849,juand0907,1594.17,1264.57,461,29790921
26265172,02lulubai,1600.41,1264.42,373,29790921
18305272,PavoliaReine,1531.22,1263.59,453,29790923
5340742,jkaee,1477.73,1263.55,438,29790925
4432964,Angry,1515.45,1263.46,312,29790923
2464841,12Mateusz4,1615.54,1263.39,311,29790920
6252080,Azzaro-Senpai,1470.74,1263.15,390,29790925
21872910,fpspwsEsAd,1576.25,1262.96,427,29790921
13239397,gabriel_0601,1597.63,1262.95,373,29790921
38054203,MoisesFx_KsTeto,1492.48,1262.70,342,29790924
6898631,Xuan6029,1514.83,1262.64,284,29790923
40023159,agrocwet,1337.5,1262.51,51,29790929
1763057,john2437,1558.08,1262.09,407,29790922
21435868,Schwarzzz,1587.16,1261.83,302,29790921
10746769,Matach,1413.3,1261.83,344,29790927
23731679,lucaleff,1586.88,1261.67,400,29790921
6962091,CelerenTheWolf,1562.77,1261.66,288,29790922
12243237,d3nd1RH,1548.02,1261.63,349,29790922
35828124,ChinoSaikyouGOD,1442.28,1261.42,413,29790926
34897682,leminhtam23,1370.89,1261.42,432,29790928
11549458,Starpelly,1542.14,1261.23,245,29790922
1283163,UHUTAOHUU,1492.98,1260.39,393,29790924
7560919,Cara2015,1576.43,1260.31,389,29790921
8672031,Renato-chan,1607.78,1259.78,342,29790920
12780575,kadoen,1510.83,1259.44,306,29790923
20972693,CamouflageBush,1478.78,1259.17,146,29790925
1014147,makafani,1517.49,1258.94,432,29790923
12513542,Lunareth,1568.03,1258.89,410,29790922
8870167,Boopy,1513.74,1258.59,87,29790923
29674904,Mizukiri88,1512.56,1258.56,422,29790923
6062973,leheng,1573.09,1258.35,497,29790921
39886078,sirtcz,1634.21,1257.86,247,29790920
18909986,BonesVivi,1582.77,1257.76,258,29790921
8270408,midrag3,1411.73,1257.67,261,29790927
11725223,Varrix,1541.18,1257.38,522,29790923
33198249,Leaf2713,1561.69,1257.31,352,29790922
11688893,hakashii,1516.53,1256.98,188,29790923
31819640,Kanikassss,1408.93,1256.87,139,29790927
15083621,xX_ZERO-KUN_Xx,1452.76,1256.81,201,29790925
11794749,snow leopard,1430.59,1256.78,241,29790926
9126736,-MagS-,1475.36,1256.48,541,29790925
6687670,PinkmanMen,1443.43,1256.22,407,29790926
2435997,DreamyCatUwU,1595.45,1256.13,383,29790921
18499466,Bluelonden,1387.37,1256.10,404,29790927
29144590,sylpsh,1552.54,1255.78,402,29790922
16726395,Lumiere22,1571.6,1255.36,408,29790922
14119281,JB warrior,1495.89,1255.24,335,29790924
4758120,Glazerrr_old,1491.09,1255.24,367,29790924
25319951,KITKA KURWA,1418.56,1255.05,156,29790926
19364028,Stormur,1454.92,1254.90,278,29790925
17271528,zJorge Aim,1455.45,1254.84,323,29790925
27883996,chivan_123,1380.69,1254.74,254,29790928
18715830,Irukuma,1495.98,1253.98,397,29790924
1874521,0utForYourBlood,1573,1253.74,453,29790921
12523654,AnaCastellao,1492.12,1253.72,368,29790924
13074692,FilyaLion,1538.3,1253.54,399,29790923
8255474,Umi reebun,1549.42,1253.01,391,29790922
8136654,Koka_No_Aru,1548.37,1252.86,505,29790922
7157854,kotonayo,1509.27,1252.68,438,29790924
4513278,Pradel,1393.74,1252.42,424,29790927
9166552,Ruwulo,1578.73,1252.37,411,29790921
12226345,pluaya,1512.09,1252.25,338,29790923
16318700,DragonPlanet,1584.4,1252.08,344,29790921
2364434,Go to HELL,1377.16,1251.90,495,29790928
15573188,I Love You,1567.84,1251.72,188,29790922
18764582,Kurt-,1612.69,1251.60,285,29790920
40137657,Onishinokagiaka,1574.78,1251.44,130,29790921
1178094,JPZV,1451.82,1251.06,325,29790925
36014331,Barrel-5,1478.62,1250.90,132,29790925
8171404,LumenLogic,1597.97,1250.75,249,29790921
822783,kamatari KUN,1559.15,1250.71,468,29790922
10504284,Wolfey-,1500.49,1250.62,171,29790924
27397371,nightdiamond07,1585.62,1250.59,474,29790921
12835498,Crystie,1507.51,1250.21,442,29790924
1935673,kv2000,1566.87,1249.90,476,29790922
24279105,shoop,1389.39,1249.68,224,29790927
11411858,luchomxy,1566.53,1249.64,356,29790922
13852825,javilinlin,1578.25,1249.12,376,29790921
1648822,WIN32API,1562.54,1249.03,481,29790922
9300826,Endnix,1543.23,1249.01,319,29790922
4755282,ElectroFisher,1327.56,1248.92,337,29790930
6476722,ReanimateS,1533.9,1248.86,383,29790923
11071772,juice0504,1510.73,1248.72,288,29790923
2696838,Emilek,1526.53,1248.26,439,29790923
4109190,animepl,1454.87,1248.19,476,29790925
35034809,39lover,1401.65,1248.17,93,29790927
14502020,kenketchup,1441.5,1248.15,221,29790926
35296768,half_split,1522.9,1248.01,303,29790923
2672036,ArcTic Excite,1516.89,1247.76,442,29790923
10763029,- Theya -,1471.35,1247.60,301,29790925
22341911,i_am_not_gaming,1372.56,1247.11,219,29790928
14687095,Emiliaaa,1557.13,1247.09,327,29790922
16278884,CubicKnight,1453.58,1247.01,392,29790925
5225966,ikki12,1570.09,1246.43,406,29790922
19698792,ZeldrizzOSU,1550.21,1245.39,420,29790922
33498511,Beshu,1458.4,1245.03,373,29790925
5637877,allx8912,1565.6,1244.77,337,29790922
35449996,Casper336,1372.38,1244.75,499,29790928
6233296,tilda,1541.29,1244.38,395,29790923
19662662,hlorkaa,1496.15,1244.03,320,29790924
6880444,ScarSugarbeats,1558.82,1243.90,270,29790922
9511285,Krezcent,1318.44,1243.88,103,29790930
11970862,NateIsLazy,1506.87,1243.87,218,29790924
7838041,Flan-chan123,1581.27,1243.69,427,29790921
23262448,dagocool,1396.3,1243.56,298,29790927
27480074,Taksma,1436.27,1243.55,252,29790926
17698463,flvxify,1403.42,1243.28,188,29790927
21818836,ZhemaM0n,1394.91,1243.26,360,29790927
15512291,Benshwin,1490.34,1243.16,72,29790924
39553128,gremmot,1399.1,1242.98,163,29790927
36801765,SupachaiAmogus,1424.38,1242.89,318,29790926
22699817,popu05,1447.93,1242.71,287,29790925
5232091,kuruming,1542.24,1242.32,415,29790922
34054788,DEVORIXX,1555.96,1242.04,316,29790922
812865,ndsf,1402.55,1241.84,432,29790927
2935374,XXtony81XX,1549.82,1241.55,506,29790922
32378952,hot pocket,1380.41,1241.30,431,29790928
6098277,cryi,1469.08,1241.18,268,29790925
15363974,Wolfgames108,1511.41,1241.13,51,29790923
22922042,Goodbye Brother,1349.21,1241.01,430,29790929
30165594,Perfect Neglect,1463.62,1240.95,121,29790925
6200807,karott90,1506.18,1240.93,462,29790924
4742068,- e - v - b-,1507.03,1240.92,308,29790924
221436,music_dog,1576.92,1240.81,423,29790921
5413391,Samgyun,1578.04,1240.75,484,29790921
18702228,BEEnard,1476.45,1240.68,334,29790925
5332625,InfinityBlack,1557.08,1240.66,440,29790922
17414986,Xoo,1593,1240.36,160,29790921
39274118,GevatterTxd,1565.52,1240.25,461,29790922
10029730,LITTlESA,1503.39,1239.86,411,29790924
20941123,wikosiek22,1480.93,1239.64,211,29790924
33555342,to1ex,1584.35,1239.58,226,29790921
36454947,xxyzzz,1402.89,1239.52,281,29790927
14323017,HirotMenes,1595.19,1239.39,343,29790921
25121543,Candy4462,1538.87,1239.34,291,29790923
2851526,SakuSakamoto,1564.56,1239.27,436,29790922
6636540,Okawashi,1547.25,1238.96,337,29790922
24403168,ryderro,1436.53,1238.88,400,29790926
12386899,Tiagna,1546.87,1238.62,409,29790922
11400399,DocQuixote,1519.92,1238.52,315,29790923
30783727,V_II,1495.55,1238.45,452,29790924
16870431,cheenie,1379.65,1238.13,322,29790928
21990799,Lolosaurus,1465.5,1237.91,145,29790925
37804036,nikaoIV,1408.21,1237.39,381,29790927
15756120,H1Pur,1530.36,1237.30,189,29790923
16057218,Vortex1231,1452.28,1237.16,403,29790925
27584970,ht2,1517.68,1237.11,119,29790923
3568645,JA1DIN1,1525.94,1236.99,346,29790923
17565449,josuernandes,1569.96,1236.52,407,29790922
26560165,BDSWillVictory,1324.73,1236.51,505,29790930
17496335,Saruei,1413.11,1236.43,369,29790927
31050391,hhhh4566,1359.67,1236.43,178,29790928
24417816,ray_kek,1491.35,1236.23,337,29790924
27413606,pbi_89,1550.68,1236.00,301,29790922
11701534,United Kingdom,1466.32,1235.89,242,29790925
5355591,Mikiuoni,1557.5,1235.88,459,29790922
7374066,DeltaLeeds,1354.51,1235.76,336,29790929
8229564,linkinch,1527.81,1235.62,303,29790923
29277451,hizak,1553.05,1235.59,57,29790922
11978470,iqbalhaaw,1587.3,1235.49,361,29790921
12445773,imgradeone,1552.69,1235.02,440,29790922
38017362,Kam-,1327.77,1234.98,197,29790930
16002378,yunoxoiixii,1560.89,1234.79,369,29790922
12446197,Locot356,1453.47,1234.45,84,29790925
16042232,user15123514,1429.04,1234.44,318,29790926
1163148,kazeragi,1567.3,1234.31,450,29790922
34934494,tsuk4sa,1332.01,1234.25,247,29790929
11021443,MasterKYS,1573.36,1234.06,197,29790921
13618534,blackestshallah,1491.85,1234.05,345,29790924
7217705,SomunLR,1508.2,1234.01,342,29790924
3038678,SeTSuRaX,1572.32,1233.83,432,29790922
3330293,stxpeculiar,1560.46,1233.81,429,29790922
14520910,Maimaing,1520.16,1233.14,307,29790923
2136175,liknlie7,1527,1233.06,459,29790923
22882719,Yuki Hanagashii,1549.7,1233.02,285,29790922
19756484,plastic angel,1452.01,1232.94,156,29790925
17486384,SoarinDash,1530.2,1232.90,396,29790923
26119591,[Lin],1410.23,1232.85,239,29790927
25345513,Velnal,1433.18,1232.51,185,29790926
21026703,geomekk,1553.54,1232.41,399,29790922
29584699,Mockis,1386.46,1232.27,373,29790927
34865282,Pinguing,1547.7,1232.00,190,29790922
3119614,Neru97,1553.26,1231.90,426,29790922
17207616,csr,1544.94,1231.66,161,29790922
70435,assassin0tt,1456.46,1231.17,481,29790925
26736132,ShyGuy26,1505.8,1230.91,293,29790924
10616026,JarekJanner,1573.97,1230.87,301,29790921
33463540,Lekalanine,1532.25,1230.60,222,29790923
12950773,DADINUB,1336.85,1230.49,292,29790929
7683407,[Kwazii],1476.35,1230.42,421,29790925
15202195,yeyow38,1403.89,1230.14,358,29790927
34441262,Eviternus,1431.87,1230.00,235,29790926
12667420,iShq,1418.5,1229.60,222,29790926
8756517,Viv,1343.28,1229.55,273,29790929
3147311,[Luna] RinLen,1515.99,1229.25,502,29790923
24097242,WowItsOsu,1449.54,1228.49,116,29790925
22325988,leg912,1401.04,1228.21,369,29790927
17239046,gloxinia318,1395.51,1227.84,128,29790927
4100150,Garto,1503.26,1227.80,359,29790924
36976054,bigosek,1430.76,1227.56,466,29790926
19902133,Jun Kyoran,1489.55,1227.35,399,29790924
6724679,Xanobia,1525.33,1227.12,421,29790923
2325922,[D_Ace],1537.52,1226.64,486,29790923
10192760,LuluChanTV,1507.74,1226.19,331,29790924
31401563,Eden8542,1532.73,1226.15,280,29790923
19589196,CiferaX,1401.73,1225.81,340,29790927
5992551,[Bau],1514.95,1225.70,278,29790923
32917135,ravenX,1384.76,1225.40,166,29790928
40109057,gioscotti,1443.25,1225.24,265,29790926
3417712,Pandaaaaa,1360.19,1225.15,363,29790928
8662966,Math29,1497.46,1225.13,374,29790924
15218817,Ksyro_,1324.85,1225.03,65,29790930
8119324,Little Amiee,1445.31,1224.45,454,29790926
10613075,Nutellitah,1507.64,1224.29,247,29790924
36722824,Liper,1421.64,1223.44,335,29790926
56200,sagelord,1491.76,1223.17,462,29790924
8247932,JohnnyOP,1550.32,1222.79,387,29790922
35984408,quocvietdeptrai,1492.79,1222.75,462,29790924
1183081,TOOCAGERO,1532.55,1222.72,496,29790923
39688178,lautarocdzo,1572.61,1222.59,127,29790922
9871151,Vitriolic Tyro,1574.58,1222.19,337,29790921
12178365,1NO1NORI,1425.28,1222.17,392,29790926
13370447,S1R_ALT,1463.84,1222.11,94,29790925
16491210,Amane Yugi 707,1501.74,1221.74,392,29790924
7311219,Itssammiee,1468.97,1221.54,355,29790925
11902309,Eula,1483.48,1221.53,275,29790924
9198142,Quadri,1433.51,1221.42,397,29790926
17400549,ChuChi597,1468.64,1221.30,370,29790925
9216538,teddy444,1510.35,1221.25,379,29790923
22387577,blueoak,1414.57,1221.15,270,29790927
17945458,Baller,1547.5,1221.11,199,29790922
24466034,falconu,1403.65,1221.10,301,29790927
2621123,Earlson,1512.97,1220.86,454,29790923
15328093,Mirsaaa,1573.49,1220.73,297,29790921
7627776,dani4159,1434.29,1220.73,377,29790926
21063935,RADRADKe,1484.33,1220.72,367,29790924
6389311,Mango_Apfel,1447.66,1220.59,436,29790925
9069196,Turtok,1470.2,1220.54,295,29790925
14243234,Himeri,1364.77,1220.41,344,29790928
4167678,Claire Farron,1514.13,1220.35,286,29790923
10677946,TricksterSong,1523.71,1220.20,324,29790923
5148759,Majora,1571.23,1219.93,232,29790922
13629805,choi5747,1529.22,1219.81,243,29790923
8023947,Frypo,1582.94,1219.03,290,29790921
11705938,Mahlzeit,1444.39,1218.49,207,29790926
8425548,Nitrokd,1481.83,1218.45,415,29790924
11990510,Belfegor666,1532.46,1218.08,359,29790923
7602521,borgar,1506.7,1218.00,196,29790924
21825940,Lezgin-,1455.77,1217.87,208,29790925
18612740,Panzito-Kun,1555.23,1217.84,453,29790922
28253109,ntriminh_,1519.87,1217.80,321,29790923
3291562,Ninther4,1431.58,1217.76,419,29790926
4256461,Riot,1469.15,1217.58,309,29790925
13039178,Dia Nevado,1551.29,1217.45,414,29790922
14872882,Natsunga,1551.86,1217.16,385,29790922
11940231,SkavAngr,1590.85,1216.53,219,29790921
13560506,Okand-_-,1451.43,1215.98,408,29790925
29359436,ScarceXD,1464.43,1215.53,349,29790925
33150412,kitwolf34,1480.53,1215.43,372,29790924
11643419,Rinata tyan,1565.89,1215.15,152,29790922
7279186,manmilky,1536.57,1215.01,455,29790923
36706851,Reg1r,1482.08,1214.94,331,29790924
25798943,AneNeko,1399.71,1214.73,167,29790927
19989406,RenCML,1516.63,1214.64,142,29790923
14197654,Ichijo Meguru,1400.91,1214.36,440,29790927
20647230,1shika_,1521.86,1214.33,249,29790923
8867698,M4X_,1341.35,1214.14,195,29790929
31125006,justakinkyweeb,1413.78,1214.03,385,29790927
10452525,TTV YukioDxD,1512.16,1213.84,447,29790923
3440586,Funkoffey,1543.53,1213.51,391,29790922
10875320,Jet-Black-Hero,1497.02,1213.51,374,29790924
19321999,khoile90,1392.99,1213.37,179,29790927
11721391,[Log],1404.36,1213.16,363,29790927
12904237,stupid dog,1406.36,1212.86,243,29790927
16819499,Vurv,1440.48,1212.68,442,29790926
33049731,ThesillyJavi,1581.45,1212.56,247,29790921
4573205,Rayne Sylvania,1487.94,1212.42,457,29790924
8753108,Loli_Willow666,1539.44,1212.32,430,29790923
13020713,kuoyu73815,1399.95,1212.30,407,29790927
16232429,Nicox_1,1460.91,1212.27,379,29790925
104798,axelhack,1485.27,1212.26,471,29790924
7713445,Synthesis,1575.8,1211.99,450,29790921
10883179,Sja,1413.57,1211.94,375,29790927
28443723,Squid3110,1433.84,1211.92,199,29790926
16261357,miked,1540.52,1211.90,431,29790923
14146017,rinderlan,1379.94,1211.76,130,29790928
10651409,enslow,1428.69,1211.58,214,29790926
19525918,Almeyda,1544.58,1211.54,369,29790922
18036756,Tenshikiro,1542.57,1211.50,359,29790922
21751606,ChicoFlash,1364.14,1211.39,403,29790928
36665655,UnknownIsAGamer,1490.2,1211.25,254,29790924
14843688,Insect_TW,1424.94,1211.03,190,29790926
13364001,freishmejt,1494.75,1210.97,387,29790924
23610195,LordEgehan pff,1389.52,1210.93,357,29790927
7798116,jbutlers123,1510.01,1210.46,461,29790923
37054601,BakariShiro,1402.38,1210.39,324,29790927
35096707,Fabritell,1534.46,1210.37,183,29790923
2930060,SheepTsu,1495.3,1210.34,465,29790924
32975250,Chito_,1394.08,1209.80,432,29790927
6843626,Rezinkles,1533.23,1209.64,461,29790923
12272470,Neneen,1447.41,1209.57,307,29790925
4192771,GoldHibiki,1538.22,1209.34,405,29790923
15447992,endier,1409.57,1209.30,258,29790927
10420707,ilyaking6,1362.9,1209.25,449,29790928
9985126,MatchaL1z,1486.76,1208.98,232,29790924
8123923,Gplanx,1416.51,1208.48,499,29790927
3318322,uzumakiii99,1508.82,1208.34,441,29790924
20632026,Shapley,1499.36,1207.99,453,29790924
10636892,Ritsu_Tuzuki,1362.74,1207.91,331,29790928
4417286,alexDM,1537.04,1207.86,405,29790923
34126756,[TCD]Tadd,1420.33,1207.40,262,29790926
13838491,K i a t o,1515.7,1207.36,454,29790923
7566813,Patataas,1464.55,1207.20,386,29790925
20691261,aegywo,1503.76,1206.82,329,29790924
24005317,gralpus,1432.53,1206.65,260,29790926
16662508,takumit25,1324.38,1206.02,50,29790930
31044063,osu playsus,1448.25,1205.86,203,29790925
10626097,BoruPL,1503.94,1205.74,186,29790924
4135074,jinsokukagai,1348.86,1205.63,271,29790929
38832745,StableMap,1361.19,1205.39,219,29790928
6229518,Dxnl94,1484.6,1205.18,335,29790924
25952679,Sosedov,1362.51,1204.51,252,29790928
11480028,Law_xl,1437.98,1204.44,304,29790926
8447831,zombe_and_zombe,1523.27,1204.39,388,29790923
14905429,Tlaloc-chan,1504.13,1204.36,391,29790924
32905699,sheepyweepy,1348.41,1203.94,169,29790929
622676,dan1234567,1498.04,1203.93,447,29790924
10126088,zaguh,1479.36,1203.90,357,29790924
3777956,akai02,1511.8,1203.62,522,29790923
22815672,Nooblet01,1432.94,1203.53,297,29790926
38508471,terror444,1478.24,1203.42,555,29790925
37735458,wandderq,1492.25,1203.13,308,29790924
11733412,Kyoko-kiri,1458.7,1202.88,422,29790925
12964646,Soupmio,1377.22,1202.84,174,29790928
10750703,- Ragnvindr -,1535.47,1202.54,444,29790923
39304811,yummerbaitola,1487.38,1202.26,184,29790924
16728812,Dreikez,1410.56,1202.02,265,29790927
8547527,Dreamy,1347.05,1201.77,-12,29790929
37797678,RA3,1360.86,1201.44,418,29790928
27003469,Shino akishiima,1428.07,1201.29,142,29790926
974239,LOVELESSLaLaLa,1515.07,1201.23,398,29790923
3868929,xlKuroNeko,1523.18,1201.18,428,29790923
3347105,Leiatic,1435.86,1201.02,454,29790926
19554046,Shadow_GM,1349.07,1200.71,236,29790929
19356353,HikariNat,1364.48,1200.34,355,29790928
35297480,bigcheeseenergy,1496.62,1200.05,85,29790924
15143352,IIucbkaGpbI3,1353.91,1199.84,324,29790929
6123812,Blume_Cast,1511.54,1199.34,340,29790923
22593063,Sanhuza,1503.68,1199.26,438,29790924
6819368,Hoshisan,1518.03,1199.23,423,29790923
11954090,an3,1469.67,1199.15,259,29790925
17728406,Itzcyz,1458.83,1199.05,317,29790925
14481646,Min,1473.34,1199.04,217,29790925
29098220,klappy1,1368.31,1198.83,0,29790928
10740098,Kodipher,1354.16,1198.47,293,29790929
7679935,issucck,1458.98,1198.19,366,29790925
13035878,The_Neko_Whii,1452.68,1197.91,199,29790925
33809279,StigsGD,1431.31,1197.48,360,29790926
1590294,Pumukl99,1517.28,1197.30,338,29790923
34016426,Benenin,1352.18,1197.26,313,29790929
30600381,AWESOME_27,1459.05,1196.92,456,29790925
186782,MrLeafu,1499.76,1196.67,451,29790924
11172033,Leehi,1419.89,1196.29,306,29790926
16686839,MrAvocadoTHX,1476.95,1196.10,171,29790925
25325164,miku2201584,1343.09,1195.90,390,29790929
12860138,skulcker,1377.8,1195.77,99,29790928
10688382,Cam,1519.38,1195.31,298,29790923
11835830,DanishLeonex,1403.95,1195.19,159,29790927
30732590,MingxuanGame,1428.93,1195.15,232,29790926
12373866,ExileFromNoxus,1359.02,1194.81,211,29790928
14525023,Uke-Glitter,1536.76,1194.79,338,29790923
34476527,_MLB__0,1460.46,1194.38,185,29790925
3379576,gumifr,1394.85,1194.34,383,29790927
10201125,iyuzh,1454.08,1194.30,274,29790925
12322780,M0nty_,1446.39,1194.24,498,29790926
14279099,Liberty_Helm,1456.93,1194.23,274,29790925
7353226,Kompeito,1516.37,1194.11,294,29790923
18677101,MTJunko,1340.55,1194.03,131,29790929
13649940,Anideski,1472.74,1194.02,366,29790925
2438339,alma jeje,1528.69,1193.99,376,29790923
13588511,pacolism,1511.17,1193.70,365,29790923
586526,AnDr3SiChU,1500.08,1193.68,433,29790924
28948079,Miso0905,1465.07,1193.56,110,29790925
20415593,Adgad_BG,1479.25,1193.52,394,29790924
13551382,Dirtinator,1429.94,1193.30,179,29790926
20932269,kodzuselle,1489.1,1193.17,385,29790924
6587016,R0bert091,1502.21,1193.11,471,29790924
12353145,Maffiozo Games,1504.3,1193.08,360,29790924
12346231,NioCZ,1509.83,1193.06,344,29790923
18687319,iusethistomulti,1382.43,1192.83,176,29790928
16486603,Mental0ver,1451.54,1192.78,271,29790925
10004629,xinshura,1422.16,1192.78,216,29790926
12898016,Rui Kamishiro,1462.84,1192.66,205,29790925
16547768,Xinasair,1362.37,1192.48,446,29790928
12038601,KDMC,1422.04,1191.67,288,29790926
15663849,ElHugoxD,1525.62,1191.64,425,29790923
34040907,choose life,1381.86,1191.35,77,29790928
9708920,Livo4,1512.27,1191.32,483,29790923
12589072,alen457,1494.96,1191.21,491,29790924
21406960,kemmell,1421.4,1190.99,488,29790926
1009110,Tealaian,1543.15,1190.82,449,29790922
32645337,phaseluv,1462.66,1190.22,229,29790925
4697788,Xayaka,1454.77,1190.14,396,29790925
13945916,[NL]GaboNeftaly,1459.48,1190.09,204,29790925
9595712,Boomicle,1377.02,1189.90,257,29790928
16437447,HyperToast,1442.19,1189.79,483,29790926
6794747,Aniime404,1448.33,1189.69,405,29790925
7190672,I Cant Play,1402.84,1189.61,287,29790927
24234587,Star Bunny,1529.29,1189.46,102,29790923
38289312,king sento,1517.75,1189.35,257,29790923
8020089,Koroskun,1434.18,1189.32,392,29790926
10243968,Hakira85,1431.14,1189.03,394,29790926
34095095,DImentij,1423.93,1189.00,215,29790926
38890771,meb125,1507.57,1188.87,305,29790924
39523731,Awake In Sky,1355.39,1188.86,307,29790929
36486164,burntfolder,1382.9,1188.73,337,29790928
1446665,Lanturn,1497.54,1188.55,483,29790924
35789969,lovely_Firefly,1334.17,1188.50,188,29790929
14695754,BdmN,1523.82,1188.39,359,29790923
2160104,Alt_Pack,1338.33,1188.18,315,29790929
15841970,ISh0wSpeed,1471.1,1188.15,350,29790925
33622264,NothingWhz_,1407.82,1188.12,408,29790927
16083856,F3n1X,1382.61,1187.69,214,29790928
22639197,TeNo ReHl,1420.77,1187.63,80,29790926
17533485,Ottowa,1448.96,1186.64,204,29790925
25350322,Riritea,1392.11,1185.96,308,29790927
18784377,-blaire-,1334.77,1185.48,242,29790929
15844410,Miel-,1519.09,1185.41,382,29790923
32866057,WONDARBRONY,1499.01,1185.17,356,29790924
31198024,MilkManJohn5,1382.3,1185.07,183,29790928
10949469,burgoskaya,1425.01,1185.00,441,29790926
17424116,sovietFox,1355,1184.85,225,29790929
7644413,Aihara Yuzu,1378.57,1184.58,257,29790928
12100938,[ Demo ],1339.46,1184.40,316,29790929
17516926,Dizzyboi,1509.55,1184.09,337,29790924
22754925,black-rose19,1322.7,1184.05,452,29790930
15613604,Craftsman,1508.52,1183.98,409,29790924
14735838,RodSquar3,1331.62,1183.95,239,29790929
4184636,Minedient,1472.46,1183.84,397,29790925
12868917,Jontea,1330.07,1183.84,218,29790929
20708070,EmkoDelirdi,1360.42,1183.63,191,29790928
37542917,Rexyj,1325.69,1183.61,127,29790930
14006519,0_Tuxin00g,1349.38,1182.98,192,29790929
38218873,hkyo,1382.21,1182.63,355,29790928
29728416,Bentastic64,1493.27,1182.30,491,29790924
19875050,MagicPanda9264,1505.92,1182.27,151,29790924
16162381,Qiyanaa,1526.8,1182.26,263,29790923
16347942,ARiA1004,1318.99,1182.26,351,29790930
14880520,NintendoBB,1440.3,1181.14,286,29790926
4681947,raw0123,1469.99,1180.98,228,29790925
30426646,happepie,1409.4,1180.98,159,29790927
3767186,Blakuriia,1509.33,1180.96,455,29790924
17676658,Majcia18,1450.01,1180.88,382,29790925
7946730,Shide,1385.45,1180.85,335,29790928
2927048,EEEEEEEEEEEEEEE,1447.27,1180.77,486,29790925
35085080,HarumiSW,1360.7,1180.58,428,29790928
14495514,BoltFromGreen,1329.05,1180.54,486,29790930
14081815,valentina18,1505.34,1180.36,391,29790924
4711878,jeanette83,1537.63,1180.25,164,29790923
7239044,TheKingCloud,1456.26,1180.20,533,29790925
18856423,R3even,1482.96,1180.13,237,29790924
7043107,TheGazeRock,1508.92,1180.02,380,29790924
15992308,Snowy44,1351.18,1179.77,219,29790929
11011448,Andrey94,1512.35,1179.38,444,29790923
29223899,-44,1513.86,1179.14,442,29790923
20094211,Rikaru105,1329.64,1178.99,230,29790929
39687141,gothshiz,1523.34,1178.81,245,29790923
3323059,Luneyuun,1338.17,1178.79,237,29790929
2390691,sss0388ddd,1527.63,1178.52,394,29790923
10343292,mint breeze,1408.78,1178.49,92,29790927
14553814,antitelev2,1324.13,1178.44,204,29790930
11244433,RenShou,1331.3,1178.38,401,29790929
3200068,isak_noel,1509.2,1178.16,449,29790924
12194557,IIILaur,1427.43,1178.12,342,29790926
33793383,114homo514,1382.82,1178.00,125,29790928
35102100,bonjour2306,1542.32,1177.13,196,29790922
34976041,DRAGXNMASTER,1548.69,1176.75,228,29790922
9543313,FinancedCoder29,1450.68,1176.64,442,29790925
9831079,heylobo,1476.27,1176.61,188,29790925
24341641,LittleBird-Chan,1350.84,1176.32,392,29790929
12384922,Doghero,1441.9,1176.25,218,29790926
33636314,StoneyTi,1407.39,1176.12,420,29790927
1383598,Akira-thelight,1500.6,1175.96,430,29790924
16958574,Bacha UwU,1424.33,1175.85,388,29790926
15583649,Zantasis,1325.9,1175.44,302,29790930
19024986,struuf_enjoyer,1483.85,1175.43,413,29790924
5254505,crilema,1332.08,1175.14,356,29790929
2914824,ichi40,1544.32,1174.94,319,29790922
1984963,oFENDERo,1377.47,1174.83,371,29790928
1287941,Sean_The_Squirrel,1461.62,1174.43,443,29790925
14254434,OuEy,1353.09,1174.32,440,29790929
33605509,Eilamoon27,1424.49,1174.17,425,29790926
7861878,niunnn,1445.1,1173.87,214,29790926
21737219,Virus38910,1514.34,1173.75,395,29790923
32930741,666mope,1351.86,1173.72,270,29790929
9817079,DiegoGlez,1470.87,1173.56,347,29790925
20084481,timoti555,1451.93,1173.40,304,29790925
6861229,Near66,1437.83,1173.31,381,29790926
4436057,Alib234,1524.13,1173.03,257,29790923
11866233,VelveD,1513.21,1172.46,328,29790923
9949525,Lavi-A,1445.21,1172.45,479,29790926
11241765,Theshadowlol97,1334.54,1171.54,408,29790929
8803065,kisseriina,1401.1,1170.60,431,29790927
16554318,flake_flake,1491.23,1170.58,190,29790924
23598584,inextx,1458.28,1170.55,301,29790925
10201439,trans rektygon,1391.37,1170.27,368,29790927
4668717,mahju67,1505.18,1170.26,426,29790924
11565749,TheGamerOps1,1486.12,1169.90,392,29790924
31704987,redeemersfolly,1355.78,1169.72,341,29790928
15844264,GRINDFICTION,1331.68,1169.42,96,29790929
2125883,yyy555bbb,1421.95,1169.14,425,29790926
9301424,landon159753,1460.65,1168.97,243,29790925
17669604,Vendor14,1518.31,1168.87,297,29790923
6661913,AstroFP,1437.62,1168.56,57,29790926
9321159,josrood,1475.28,1168.48,365,29790925
4582149,CamperLt,1318.73,1168.29,402,29790930
30060272,Pla1nIce,1385.9,1168.07,234,29790928
6459827,Novalian,1374.26,1167.79,379,29790928
14041465,Xollistrea,1392.19,1167.51,312,29790927
16480419,latsderpy,1330.17,1167.39,24,29790929
3253611,VannieC,1417.76,1167.22,362,29790926
19637982,Muro muroo,1400.67,1167.10,374,29790927
14591094,BaenMarq,1371.97,1166.96,215,29790928
35652394,ShaliNoedel,1523.07,1166.77,316,29790923
20370401,P4prycjusz,1433.94,1166.63,383,29790926
4039450,- AlKaid -,1367.16,1166.46,442,29790928
3288553,TailsPuffPuff,1455.85,1166.21,419,29790925
4657197,Panda2501,1467.34,1166.20,399,29790925
6580130,ryukochka,1408.59,1166.18,202,29790927
39759317,maxuid,1434.53,1165.89,224,29790926
33762217,mama2,1448.88,1165.69,241,29790925
4737848,tumamalamendiga,1467.56,1165.50,399,29790925
11538089,neonkoksYT,1389.18,1165.47,246,29790927
10077264,nik,1413.17,1165.13,445,29790927
27003434,rayomaguito,1449.21,1165.00,398,29790925
3167074,yunyuhai,1471.81,1164.48,408,29790925
18621670,DrLuca,1346.97,1164.44,235,29790929
30017615,XtremeYisus,1329.48,1164.29,283,29790930
28119430,minhbungto,1401.97,1164.22,233,29790927
6489354,RonalRodriguez,1493.64,1164.17,458,29790924
2385818,allaneoiu,1407.58,1163.84,470,29790927
16802818,mpu,1321.78,1163.80,339,29790930
4676969,przygoda,1371.69,1163.74,361,29790928
6323831,vibro,1373.75,1163.66,361,29790928
3264841,Swem,1493.97,1163.33,451,29790924
26864069,-Eli06-,1488.57,1163.16,299,29790924
18166236,smol kitten,1337.19,1162.95,229,29790929
16083850,TasTyFanBoy,1328.82,1162.11,253,29790930
316855,vampir_lady77,1487,1161.94,453,29790924
2320641,Jawy,1476.57,1161.90,355,29790925
32972291,Torusama,1424.02,1161.86,358,29790926
12706337,ByShiza6969,1325.04,1161.29,327,29790930
39006483,czuczu,1446.49,1161.09,432,29790926
10706422,Kirigaya_GGO,1481.74,1160.46,366,29790924
401496,6800cube,1491.29,1160.39,435,29790924
25691438,Cognizan,1458.77,1160.39,397,29790925
15105290,CuteCreatures,1460.81,1160.34,433,29790925
11824827,weesvee,1474.07,1159.88,469,29790925
25069724,Vaishii,1351.56,1159.72,285,29790929
16762224,D-Ka,1350.46,1159.55,164,29790929
14487712,Fiftyppee,1568.46,1159.51,-34,29790922
2938520,cyaa846,1338.04,1159.47,459,29790929
3999924,ManzMalaya,1473.64,1159.33,386,29790925
12545033,Earsta,1428.37,1159.32,474,29790926
14435804,Pakbet,1323.81,1158.83,373,29790930
5245583,rodrigo123321,1473.11,1158.63,460,29790925
20049605,Anime Vanguards,1388.3,1158.51,422,29790927
24977062,black shot,1475.84,1158.31,459,29790925
33728869,Maypop,1345.47,1158.28,272,29790929
29299151,Michitas,1510.17,1158.24,312,29790923
36132087,tatepon,1367.04,1158.11,223,29790928
34193667,FireStreaker2,1333.06,1158.02,121,29790929
8439208,sigal7,1514.25,1157.98,375,29790923
36157641,MaTv333_yy2,1444.82,1157.74,82,29790926
5775709,Futile,1354.58,1157.69,313,29790929
22462348,Lleethenoob,1431.37,1157.62,103,29790926
5357570,ara jaeger,1499.17,1157.51,398,29790924
3974292,blourgh,1334.08,1157.38,360,29790929
26671951,Fairyuwu,1462.73,1157.30,368,29790925
4232144,Gaabichuu,1471.29,1156.90,445,29790925
12072432,Lovelick,1533.85,1156.61,185,29790923
20110195,WZMTS,1352.76,1156.41,416,29790929
30804244,Sn0opers,1342.51,1156.37,221,29790929
11143572,StineAR,1506.57,1155.93,255,29790924
23542334,SleeepyJay,1356.93,1155.61,381,29790928
31439249,- Jenna Ortega,1441.97,1155.56,250,29790926
16892858,Dogman77,1396.44,1155.41,221,29790927
30465053,Dimlbur,1492.35,1155.30,335,29790924
33740500,into,1354.3,1155.28,394,29790929
7456292,Rem Deadlock,1401.46,1155.17,252,29790927
35861697,Martaloid,1436.81,1155.06,440,29790926
37175399,VXS_drabou,1440.17,1155.01,416,29790926
11878001,mainstoned,1375.42,1154.85,120,29790928
8777786,Jun Maeda,1397.03,1154.74,423,29790927
17119297,benjamin2,1321.19,1154.66,349,29790930
35534629,hochwasserlan,1469.43,1154.62,247,29790925
16153465,burekspiletinu,1442.54,1154.54,381,29790926
4937095,LoliTrainerAndy,1453.23,1154.17,388,29790925
32813279,Sehat,1327.71,1153.92,216,29790930
7635873,0sq,1471.87,1153.65,378,29790925
9905726,DualSlinky123,1432.02,1153.60,185,29790926
5102782,XLThinOreos,1403.27,1153.44,214,29790927
6947483,DTownPrince,1477.32,1153.20,391,29790925
2145998,ShiShiYa,1325.31,1152.49,367,29790930
34955177,salpha_dtk,1511.29,1152.24,298,29790923
7264650,Milky Cookies,1381.09,1152.03,387,29790928
14039486,Matador718,1464.02,1151.90,389,29790925
25176275,PlusPearPi,1405.74,1151.87,376,29790927
7592977,Ex4n,1493.55,1151.86,355,29790924
6360564,Shadow 78210,1473.26,1151.68,393,29790925
14963905,Read Horimiya,1339.67,1151.65,252,29790929
16259193,Momichi,1338.95,1151.62,70,29790929
6900344,Henryyquee,1446.6,1151.36,419,29790926
4107782,MiPSR,1462.48,1151.32,311,29790925
33202701,Egregor,1386.71,1151.25,101,29790927
27484367,itsnicki,1393.58,1151.17,152,29790927
4075625,vampirito,1479.65,1151.15,395,29790924
16861477,Loremine,1377.72,1150.88,265,29790928
4948359,An1m3,1459.93,1150.73,412,29790925
19920399,smgzqaq,1448,1150.57,116,29790925
3979441,Rosput,1507.12,1150.45,383,29790924
35023064,Kamsky_fm,1487.49,1150.45,438,29790924
16055543,Darkvok,1465.42,1150.29,497,29790925
7093109,- Ruby -,1503,1150.24,146,29790924
16383529,eringiRa,1356.15,1150.05,131,29790928
10258846,GlitzzGlamour99,1501,1149.61,372,29790924
11840537,RedBad,1332.62,1149.50,392,29790929
10643975,opsing,1406.09,1148.83,399,29790927
12026413,sadboynah,1402.1,1148.72,285,29790927
36482821,Comint,1464.81,1147.71,180,29790925
30356662,LukaWannabee,1374.03,1147.44,128,29790928
12297693,ducklife4player,1403.54,1147.00,277,29790927
24916143,kkrla11,1484.12,1146.93,205,29790924
14491949,conyyyy,1438.25,1145.83,386,29790926
9923152,YuiLiax,1372.32,1145.83,411,29790928
37518724,TXXFRAN2,1336,1145.75,321,29790929
31935633,fdl2d465602,1323.9,1145.42,84,29790930
56266,Don_Burger,1385.26,1145.41,472,29790928
39112098,Adisowy,1323.05,1145.31,349,29790930
11973077,Dinotytto,1444.3,1144.86,360,29790926
30124835,ArchitectBrain,1395.87,1144.68,404,29790927
38682022,MrLynnnnn,1409.17,1144.39,302,29790927
9699818,Shirtep,1375.63,1144.00,387,29790928
6848721,Bruxao1753,1404.75,1143.97,379,29790927
8620922,Muffet123,1423.85,1143.85,329,29790926
20526287,strawberriesoki,1323.29,1143.63,374,29790930
3053241,nikocacska,1477.63,1143.28,402,29790925
36349105,MartaSova,1379.1,1143.01,453,29790928
29261041,Estebean,1400.78,1142.97,128,29790927
14792049,abraham-_,1346.04,1142.87,330,29790929
36481749,Mirasa,1408.42,1142.55,417,29790927
4210485,Sakura Miura,1449.08,1142.40,515,29790925
4999287,meny-,1442.43,1142.35,401,29790926
16216834,BambooHattedKim,1401.9,1142.16,441,29790927
34562966,TinyZ,1415.09,1142.10,410,29790927
13558508,jSeanjx,1465.58,1142.08,207,29790925
8803649,MRSHEEEP,1334.39,1141.81,321,29790929
19225446,coolmonke,1359.95,1141.79,382,29790928
7295728,FrankTheSiren,1398.72,1141.67,428,29790927
21909008,Laskerf,1447.73,1141.16,294,29790925
7862689,nagisa2001,1491.41,1140.65,386,29790924
24968959,Kotin,1429.16,1140.44,340,29790926
30928909,steve u,1426.48,1140.41,475,29790926
10972254,bosse1081,1319.32,1140.37,371,29790930
8591817,3Deviant,1466.81,1140.09,442,29790925
14563307,TwiceDice,1396.96,1139.59,271,29790927
12622111,Josee is my luv,1411.42,1139.57,266,29790927
27868061,itile,1477.96,1139.09,382,29790925
12451674,Angel1n,1352.28,1138.18,292,29790929
28096041,taruumaru,1450.79,1138.16,394,29790925
8541657,Aeuori,1347.97,1137.72,149,29790929
32639257,Mokk,1482.86,1137.16,393,29790924
29228400,Je4l0us,1368.41,1137.06,253,29790928
12026786,Reathetrash,1451.66,1136.97,471,29790925
10618063,chica zombie,1446.87,1136.87,389,29790926
28763588,mogxyy,1386.96,1136.48,344,29790927
31491582,Astrahv,1348.21,1136.35,54,29790929
7336729,cant hold combo,1372.2,1136.17,85,29790928
1340411,PedroMaggot,1319.49,1135.73,309,29790930
14469733,Father Time,1342.6,1135.62,397,29790929
24056488,melisa owo,1485.85,1135.47,346,29790924
24493479,ixTesla,1380.58,1135.39,121,29790928
3210181,TheSantyVegaX,1411.31,1134.78,335,29790927
3671593,Eagle Alf,1415.96,1134.44,514,29790927
1984629,PorquePuedo,1498.28,1134.28,412,29790924
17109058,MOrcinus,1360.13,1133.96,319,29790928
4879834,Aiba Keiichi,1328.65,1133.63,438,29790930
9705896,Muses,1337.43,1133.12,291,29790929
25302426,Draygon Fox,1331.43,1132.97,290,29790929
12919629,nifvimp,1321.93,1132.82,198,29790930
13532751,danko28,1343.88,1132.74,317,29790929
6188538,[- Rushifusu -],1465.69,1132.50,358,29790925
12418339,_dopamine,1341.65,1132.49,290,29790929
1077088,LilGreenMaster,1417.84,1132.38,432,29790926
14936736,NorXor,1432.28,1132.27,265,29790926
22919440,sllag,1362.25,1132.23,457,29790928
25147864,imzero7,1335.37,1132.16,315,29790929
33745889,ShindaEnma,1461.46,1131.94,436,29790925
1601664,jonimaca,1452.95,1131.82,381,29790925
1610805,hbs1020,1420.25,1131.48,421,29790926
6869266,VirtualCTB,1426.75,1131.20,372,29790926
35431268,kyzuzu,1390.89,1130.55,260,29790927
5882041,namiste,1442.74,1130.16,364,29790926
9228739,spaceman17,1385.59,1129.42,337,29790928
8620149,Tish11233,1446.71,1129.31,434,29790926
14860821,Bukser,1415.6,1129.17,217,29790927
4896241,Cia Q,1442.97,1128.83,434,29790926
10267148,darew123,1419.73,1128.62,359,29790926
9645893,Stecp,1344.7,1128.02,414,29790929
8016659,Burning-Sol,1350.3,1128.00,305,29790929
19913692,J U G G E R,1402.24,1127.92,446,29790927
2174647,-Hakureimu-,1397.48,1127.82,398,29790927
9137307,Kabzel,1395.21,1126.99,305,29790927
7298787,JesusGamer_PvP,1396.86,1126.98,300,29790927
3363076,[ Ivan ],1466.72,1126.47,397,29790925
1160358,Karukami,1460.97,1126.47,392,29790925
12055708,Shimiiowo,1364.61,1125.88,218,29790928
12486069,Freeearr,1382.7,1125.81,357,29790928
36987661,Luana_26,1434.96,1125.77,241,29790926
1922539,papamija,1441.42,1125.27,419,29790926
28621177,DarkcryValou,1349.88,1125.23,315,29790929
35392242,bu1ld3rfoxx,1386.63,1124.92,378,29790927
18391827,Alex2184,1341.52,1124.81,283,29790929
33414929,Igelkottsdraken,1491.51,1124.59,273,29790924
10516560,acrawford69,1333.47,1124.11,266,29790929
20715091,Wasab_,1338.49,1123.99,265,29790929
11630543,iSakinghdz,1343.67,1123.89,360,29790929
38808539,pwd3,1340.88,1123.53,350,29790929
4608215,durashcka,1365.12,1123.51,331,29790928
37211729,Shad3zz,1407.9,1123.36,191,29790927
4703702,-Mocha,1422.72,1123.05,448,29790926
9670960,Lutica,1335.65,1122.62,252,29790929
31438118,dazura,1361.92,1122.35,435,29790928
20627554,cata wont dash,1439.06,1122.19,409,29790926
29998276,Astoofoo,1392.42,1121.65,202,29790927
39752241,sageuk,1483.28,1121.12,131,29790924
11777436,Shi1na_ID,1341.26,1120.63,420,29790929
3638962,-Tynamo,1326.48,1120.43,341,29790930
9585775,Iodine12,1326.35,1120.28,257,29790930
29975485,sarutofoxy,1488.06,1120.06,322,29790924
11801316,Patasc,1394.38,1119.97,301,29790927
18923403,kubus25,1466.59,1119.62,337,29790925
13860959,Aimemee,1331.92,1119.61,359,29790929
39744754,jasonbiasa,1444.1,1119.34,289,29790926
13248873,dumbMO,1429.61,1119.20,237,29790926
647309,WiMpN,1433.07,1118.46,449,29790926
8050003,TheEvilSenpai,1435.06,1117.92,360,29790926
12579272,Kimjunn,1481.47,1117.81,265,29790924
14399682,guibbs,1382.36,1117.81,113,29790928
37038033,Kevin Spencer,1340.04,1117.54,293,29790929
26686235,JtpJtg,1388.36,1116.77,290,29790927
6092991,Bolo Explosivo,1426.57,1116.66,121,29790926
1071918,Arruma,1450.31,1116.51,427,29790925
12577836,Tinaeh,1336.1,1116.51,472,29790929
1712404,Sairyuu69,1445,1116.33,378,29790926
36196507,Gigilo2006,1421.76,1116.28,362,29790926
34833603,LeBron Jamez,1333.3,1116.03,118,29790929
30281632,948,1336.66,1115.44,395,29790929
4489605,eric44168,1436.98,1114.57,394,29790926
5315628,[Copy],1370.68,1114.45,405,29790928
14314371,Fimik,1415.26,1113.64,395,29790927
32736042,llara,1451.25,1113.55,228,29790925
16501776,omo,1367.47,1113.53,233,29790928
9098327,Fadit,1365.98,1113.35,287,29790928
18317889,vipersrtriker15,1399.31,1112.43,191,29790927
16806613,andr3kk,1367.35,1112.30,218,29790928
29803479,aktivplus,1392.53,1112.20,185,29790927
18597962,AFasterSlowpoke,1348.8,1111.76,262,29790929
1154829,Jejek120,1359.85,1111.31,395,29790928
20443246,Deu07,1446.12,1111.18,407,29790926
20600703,Zach Crom,1347.58,1111.12,257,29790929
34432964,MrKitune,1384.09,1110.99,307,29790928
9621571,redsakima,1381.98,1110.53,255,29790928
22200683,gustavo250704,1439.21,1110.49,339,29790926
12168263,EscapeNumber001,1441.03,1110.17,137,29790926
36832675,UsagiMeli,1327.33,1110.04,366,29790930
11278373,angelhana_,1429.68,1109.83,467,29790926
17591445,Dhighruler,1371.44,1109.77,328,29790928
591762,acgres,1371.12,1109.68,421,29790928
12380988,Dralle,1419.14,1109.64,290,29790926
18050910,KGLyu,1320.78,1109.54,210,29790930
8942955,jothn,1345.75,1109.31,375,29790929
9836651,UnicornDoll,1400.15,1108.98,346,29790927
33647637,FireWo,1438.37,1108.92,377,29790926
12801502,ddlcmemes,1412.36,1108.76,218,29790927
3382112,adrianGX22,1450.53,1108.52,355,29790925
3575962,Tessellate,1417.16,1108.23,436,29790926
7192772,Nikkimon,1405.84,1108.08,352,29790927
30067578,kre,1357.48,1107.78,216,29790928
9423419,PensubFansub,1439.65,1107.46,460,29790926
35993024,Mehibz,1405.35,1107.26,129,29790927
10047688,LuckySqueak3r,1385,1107.07,292,29790928
3973112,SlyPanda,1389.7,1106.92,394,29790927
10767904,seltlec,1357.91,1106.84,300,29790928
33918717,Liu0er2,1366.91,1106.70,80,29790928
3978334,poces,1435.56,1106.52,407,29790926
17048139,TBetterT,1344.32,1105.88,389,29790929
39799629,ohmygotto,1335.28,1105.71,334,29790929
2267678,littleduck_old,1341.17,1104.80,405,29790929
2409373,Cucario,1411.98,1104.69,348,29790927
4988820,9-baka,1378.37,1104.66,431,29790928
2066374,stanley021039,1326.17,1104.65,289,29790930
22625237,Answervers,1414.91,1104.33,428,29790927
26402143,impact7896,1349,1103.73,343,29790929
6946519,KingZer00,1419.27,1103.63,404,29790926
1261399,W Fanren,1339.93,1103.56,415,29790929
6476375,Shineneue,1437.54,1103.47,389,29790926
10105336,[ Adre ],1439.44,1103.41,386,29790926
16384734,Adirina,1412.56,1102.79,440,29790927
25764990,tulipily,1351.45,1102.10,243,29790929
38716689,xyiczs,1414.25,1101.97,207,29790927
2129581,jaleita,1410.89,1101.90,365,29790927
13786213,-Egor,1402.75,1101.68,430,29790927
16866821,Chinamii,1381.38,1101.60,343,29790928
15580637,bluesniped,1423.29,1101.20,246,29790926
13225738,Dave 44,1432.19,1100.95,448,29790926
19965836,vodk4t,1423.55,1100.61,403,29790926
13716874,Artyr1,1472.82,1100.33,255,29790925
2554483,Itachi59,1384.58,1100.07,378,29790928
12511947,Lebros,1329.14,1100.02,341,29790930
16240847,anelo,1375.9,1099.91,437,29790928
13898711,Krisz2004,1391.72,1099.70,370,29790927
7886336,Q w Q,1407,1098.97,430,29790927
17634790,Yakudzo32,1369.54,1098.91,291,29790928
16818096,Evangelion_guy,1406,1097.94,426,29790927
3302004,AKLL,1373.88,1097.91,397,29790928
1052396,Kearan,1339.35,1097.20,421,29790929
27608080,Kolta Mikame,1392.27,1097.14,383,29790927
7438143,marionix,1384.67,1096.37,310,29790928
39271775,SEKAIerTheAPer,1330.95,1096.27,225,29790929
457999,migatofuzila,1420.08,1095.79,448,29790926
10469821,JMv5,1427.88,1095.70,350,29790926
13146205,MaxRide500,1337.06,1095.65,442,29790929
1598262,moongadget,1344.98,1095.10,474,29790929
12965910,Naqy,1347.79,1094.86,264,29790929
35667701,Popil,1323.74,1094.68,359,29790930
13328531,leomaps1,1366.72,1094.54,441,29790928
13996280,Maazher,1373.16,1094.47,388,29790928
29860738,vickylove0203,1337.71,1094.13,438,29790929
2757808,-Chesitus,1415.9,1094.07,417,29790927
18213957,TWS030,1373.69,1094.06,338,29790928
8717829,8tv,1359.09,1093.86,338,29790928
7179743,hommedenulpart,1326.42,1093.67,373,29790930
8033294,TIKKA,1416.69,1093.42,233,29790927
9158097,Kugimiya-,1439.54,1092.87,335,29790926
8945298,Sataoriki,1426.03,1092.75,307,29790926
5528333,Sakura Akito,1440.69,1092.72,393,29790926
631042,sonic_downtown,1374.83,1092.13,431,29790928
3381219,PsyNin,1353.48,1091.81,397,29790929
35918840,DanielAlexis_,1366.23,1091.36,484,29790928
1077501,Golkmash,1410.41,1090.95,420,29790927
5637459,fortier12,1437.12,1090.44,360,29790926
9436126,Cocoamallows,1405.09,1090.43,337,29790927
11845654,Automato,1323.18,1090.12,253,29790930
11539032,TopZabarahum,1328.03,1089.63,306,29790930
4309023,Samirakis,1349.31,1089.50,337,29790929
33766274,Michicarlo,1352.09,1088.82,415,29790929
9287848,KawaiiNeko01,1408.1,1088.79,366,29790927
21131157,Swae6,1347.37,1088.14,271,29790929
11224435,shreader,1397.56,1087.96,405,29790927
2767074,WhiteNoise,1321.52,1087.25,394,29790930
30212159,mikah_Xo,1376.09,1087.17,333,29790928
18942170,kyoto_rhythm,1395.04,1087.13,417,29790927
20644390,J0aquin22,1421.05,1086.96,380,29790926
4799012,Yermani Salas,1424.76,1086.77,345,29790926
18642850,kylian54,1418.81,1086.73,413,29790926
7895134,Sleeepyy,1372.81,1086.68,398,29790928
15622136,Conve,1390.34,1086.24,220,29790927
11266555,snesko24,1436.7,1086.15,320,29790926
9292217,nicodead26,1432.8,1085.70,340,29790926
14342295,Iyasazn,1363.73,1085.32,320,29790928
30436515,Qwerto158,1376.35,1084.64,162,29790928
13678420,HummyChan,1373.09,1084.49,461,29790928
28900132,loccscooby,1388.98,1084.45,405,29790927
39368553,A1games,1402.69,1083.97,252,29790927
744856,LuneLocke,1441.84,1083.94,436,29790926
29461650,idokidoki,1405.42,1082.41,248,29790927
38324292,remiiw,1393.51,1082.38,454,29790927
641510,Lionik_old,1361.35,1082.28,461,29790928
10641585,YuuRys,1419.5,1082.08,312,29790926
3941320,HanakoDF,1421.52,1082.04,358,29790926
3795236,[Akiiyama],1344.8,1081.90,458,29790929
28965251,dramatck,1344.86,1081.72,354,29790929
1868745,moosepi,1330.01,1081.16,367,29790929
16828689,ADEMKILLER1995,1379.45,1080.28,329,29790928
24240953,OMG nalides,1385.96,1080.14,278,29790928
9519210,Etaleanic,1350.74,1080.07,157,29790929
14639809,KawaiiZetsu,1376.26,1079.27,272,29790928
20511839,JusTaBoYLoL,1322.4,1078.42,349,29790930
1077387,Full Tablet,1365,1078.41,431,29790928
5042887,Axel2015,1320.3,1078.32,282,29790930
16898745,Animax25,1348.36,1078.00,372,29790929
28512853,ryosuzu,1359.35,1077.87,335,29790928
10218789,kiritoeasuna,1416.77,1077.86,389,29790926
27506099,hoknows,1371.02,1077.51,335,29790928
2190172,swonners,1399.45,1077.31,417,29790927
12084837,Haz21,1397.13,1077.13,282,29790927
4325819,fabre8,1353.18,1076.52,418,29790929
24134203,Y_Gumball,1449.42,1076.09,246,29790925
3091204,Gorskil,1335.57,1075.51,403,29790929
17290197,mantul4185,1322.54,1075.04,161,29790930
39355006,deadendangels,1369.34,1074.96,272,29790928
20080214,Eve Katsumuki,1414.4,1074.41,274,29790927
35036648,nxbxko,1344.22,1074.36,141,29790929
34822279,Raysbute,1326.64,1074.21,357,29790930
26413069,sheesedeacky,1387.05,1074.17,464,29790927
14323603,Una-chan34,1396.78,1073.72,385,29790927
16035234,bagel1,1345.92,1073.61,349,29790929
20095938,Diyooo,1391.81,1073.11,324,29790927
5869231,Twiigy,1375.24,1073.03,380,29790928
18420247,oynoP,1390.8,1073.02,411,29790927
13000629,candle71234,1319.88,1072.77,165,29790930
24574781,sihamhamda47,1417.55,1072.23,364,29790926
32969381,tainaka1236,1353.78,1072.08,425,29790929
15894458,lazichicken123,1341.86,1071.07,116,29790929
19605868,cherrrip,1370.77,1070.39,311,29790928
14926537,MistyEXE,1330.86,1070.04,396,29790929
16935911,vollner,1374.34,1069.65,278,29790928
14240605,M a t y a,1346.56,1069.15,453,29790929
1670211,tsunayoshi6894,1409.08,1069.04,374,29790927
19198686,Chan UwU,1376.54,1069.00,386,29790928
12802955,ToxicDG,1358.68,1068.11,198,29790928
4754074,- Wotamin -,1372.67,1067.78,424,29790928
13102120,1011,1398.98,1067.33,282,29790927
28540257,itz_romashkauwu,1358.13,1066.68,459,29790928
38449378,ne1us,1356.3,1066.12,393,29790928
4728649,Eldigen,1360.35,1065.83,345,29790928
37028774,GEAR91,1387.29,1065.06,434,29790927
1072309,Dr_34m3r,1332.86,1064.85,418,29790929
33071200,Nyra27,1322.79,1064.17,166,29790930
23622188,davidguy207,1415,1063.35,221,29790927
2516294,ksero225,1330.49,1062.40,340,29790929
39649413,Dabrekuwu,1416.89,1061.40,160,29790926
10249166,namirin1,1348.69,1061.15,120,29790929
5644045,TheGamerjaja,1371.75,1060.86,343,29790928
16612690,agustin12,1389.59,1060.13,446,29790927
5129235,Liame,1393.99,1059.77,317,29790927
9736490,shoutgun93,1417.96,1059.57,294,29790926
15203084,Kjutyna,1358.75,1059.50,148,29790928
36939872,G4K7,1445.42,1059.36,226,29790926
8400453,e3treyark,1367.68,1059.28,93,29790928
4313172,fabiansky,1336.99,1059.14,366,29790929
16756261,animUsica,1379.24,1059.09,450,29790928
10481017,dumplingbae,1379.54,1058.79,340,29790928
36699467,Tanyaphilia,1374.9,1058.13,184,29790928
21773371,Polligazer,1339.05,1056.52,366,29790929
2020265,cvacva,1383.39,1055.58,385,29790928
18006662,jasongta34247,1326.71,1055.40,359,29790930
32412112,theoddster,1350.98,1055.04,279,29790929
35854779,Ratzs,1374.16,1054.08,249,29790928
32203138,klovrze,1388.1,1053.64,396,29790927
2338266,Meaff,1329.89,1052.76,328,29790929
4548015,312Min,1378.8,1052.44,342,29790928
38229017,Muchiouo,1346.39,1052.33,403,29790929
14476400,- Jewel -,1370.12,1052.18,496,29790928
4833090,Dovahki,1322.32,1051.85,358,29790930
10510440,Marui-psg 1,1382.11,1051.66,343,29790928
32630338,Ruxel Nova,1368.96,1050.95,352,29790928
14920810,Chari_,1353.66,1050.59,388,29790929
300379,Elkasador,1341.01,1049.86,478,29790929
18649675,TheAlexManWorld,1366.64,1049.52,353,29790928
2904140,Jason X,1358.9,1049.16,281,29790928
10722975,Weiss_,1384.92,1049.08,359,29790928
1733846,yub,1329.7,1047.79,397,29790929
10762143,yeetusDoriftus,1393.12,1047.75,210,29790927
6412202,tebainu,1344.6,1046.48,294,29790929
13045418,phamitsu,1324.94,1046.27,345,29790930
7309790,azusahoran,1368.74,1046.10,432,29790928
2005998,Malcou,1387.99,1045.54,398,29790927
14195974,browsthon,1327.38,1044.09,386,29790930
14990434,Fleksys,1342.18,1043.27,288,29790929
5249384,- Keiko -,1346.21,1043.18,293,29790929
7185992,Raainboow,1394.77,1042.78,381,29790927
35995404,hop vn,1329.82,1042.05,448,29790929
32623686,Marinickos,1337.61,1041.39,316,29790929
25323695,cand1eMaster,1342.79,1041.07,215,29790929
3787420,aleskiline,1355.95,1040.63,373,29790928
16353195,TemiVazmaer,1376.61,1039.16,408,29790928
21765217,Kurumilove1344,1380.84,1037.17,366,29790928
10631434,StarVictinII,1322.22,1036.31,395,29790930
1503555,Neko_Zombie,1354.66,1035.37,359,29790929
12579532,VarenikSmetana,1355.87,1034.29,374,29790928
14480922,HydraXs,1365.74,1034.26,440,29790928
30692757,snowstorm345,1319.76,1033.50,131,29790930
1395144,WankoMaknae,1335.83,1032.74,429,29790929
2890010,PPurpblue,1337.94,1031.70,399,29790929
2939758,ECCHI KAMEN,1363.5,1031.59,318,29790928
3039274,Wonderswan,1383.46,1030.30,290,29790928
26602114,D3athwish,1344.5,1029.49,304,29790929
18612258,Msuki,1358.41,1028.83,387,29790928
8702960,hapnes,1351.67,1026.73,330,29790929
11433636,KasiiD,1368.88,1026.72,385,29790928
21061287,ckoser,1328.39,1026.14,240,29790930
38727855,Gyxorq,1332.26,1026.03,407,29790929
32192866,HaltingThomas10,1404.45,1025.73,262,29790927
1775724,sam43125,1363.91,1025.04,359,29790928
10956805,jjon67,1354.01,1023.11,380,29790929
27408748,TheBridgerMC,1324.46,1022.73,29,29790930
558227,Fabix,1351.25,1022.29,399,29790929
3480860,Pomelux,1351.99,1022.26,328,29790929
587160,lifedreamer,1319.1,1022.19,409,29790930
32917807,Velvet Chaser,1384.02,1021.78,308,29790928
4430663,Lunyc,1347.71,1020.35,416,29790929
24330147,YujansMaster89,1352.88,1019.91,333,29790929
979620,Yuichan0w0,1365.55,1019.53,338,29790928
29825981,remykri,1346.14,1017.40,350,29790929
16153068,Nebby-Chan,1362.04,1014.81,453,29790928
7570407,Zike69,1345.29,1014.66,344,29790929
10482198,mrnedned100,1338.62,1013.75,366,29790929
37370585,NJa_old_4,1329.37,1012.48,341,29790930
8124429,1Kudo1,1350.53,1009.02,350,29790929
21193716,riribamii,1324.06,1008.93,268,29790930
3451340,-Sun_old,1335.92,1008.88,370,29790929
37920202,something_azul,1380.94,1006.68,282,29790928
21090224,SNAD the Onion,1347.23,1006.36,242,29790929
27653208,renosetiawan121,1354.84,1006.06,301,29790929
26237307,Luckyone4000,1339.54,1006.06,315,29790929
2302389,Mistglow,1350.12,1005.37,395,29790929
5001899,Losafairy,1363.13,1005.36,311,29790928
18231240,KADblPOB,1332.74,1004.89,378,29790929
35227816,Kylolan,1351.1,1004.51,307,29790929
9387621,nabreynug,1340.13,1004.15,387,29790929
32648480,efchika,1400.28,1003.13,220,29790927
20727932,clovxrr,1368.05,1002.25,328,29790928
10053953,v645,1384.47,1001.73,251,29790928
26914183,Osu Mania Hater,1327.49,1001.65,232,29790930
2751639,liikcan2007,1323.43,998.60,422,29790930
10334343,ElRaider095,1318.66,997.78,322,29790930
9321527,1zaboy,1357.62,995.02,262,29790928
922116,AncalagonHayden,1331.56,994.26,392,29790929
2315807,Leonhart August,1331.01,994.05,402,29790929
1130844,Keii_chan,1347.3,990.97,377,29790929
37658649,baka_kazumy,1338.72,989.41,347,29790929
27365856,- SS or S -,1336.31,989.19,215,29790929
1650024,Onny_1195,1324.24,986.98,357,29790930
699583,Rizu-Chan,1333.68,985.01,345,29790929
10907872,stalinjoel,1325.78,979.64,362,29790930
29524509,SuperGugo,1325.46,979.08,192,29790930
38114913,dexterford,1321.29,935.81,327,29790930