id,name,ppOld,ppNew,ppDiff,minuteUpdated
31148838,Sinon_33,27659.4,27342.56,-1485,29790514
3174184,shinchikuhome,27080.2,26555.66,601,29790514
983349,applerss,23924,23300.35,1014,29790514
11680357,kanten_07,23650.7,23044.08,-875,29790514
165027,Peaceful,23845.5,22933.11,-1731,29790514
28599539,Fsi,22662.6,22154.90,-654,29790514
7160196,_Kan2,22818,22065.68,-1240,29790514
9540073,Grape_Tea,22869.7,22014.89,-1232,29790514
9905079,Nurend,22131,21430.32,-1092,29790514
16320311,Eriha,22443.6,21370.51,-1521,29790514
16500346,Syoponjk,22134.9,20983.85,-2195,29790514
19148438,K8107,21197.2,20882.86,253,29790514
14356353,SilverTyrant,21528.1,20851.23,-879,29790514
17834696,Axitng,21608.1,20839.13,-611,29790514
11199742,nameless_ll,20819,20711.31,2327,29790514
37706408,sutea-,21919.9,20614.15,-2652,29790514
21542520,sachiqa,21757.7,20512.43,-2124,29790514
13249305,sourufire,21404.2,20472.69,-1335,29790514
14947043,hz404,21136.8,20442.18,-573,29790514
37347743,txyz,21208.6,20409.56,-577,29790514
11601107,Blaidd,20700.6,20093.37,-1007,29790514
17746140,yuranin,20909.8,20080.11,-1151,29790514
24391475,RKT0729,20841.6,20075.58,-1593,29790514
29485001,sraim,20310,20003.92,357,29790515
37918939,kacchan,20429.7,19959.90,-1968,29790515
8057655,goheegy,20397.9,19938.42,399,29790515
8276884,Devli,19783.4,19869.80,1354,29790515
19328432,HexaMaster,20391.2,19831.51,-82,29790515
30338965,HungryTurtle420,20690.1,19808.96,-1543,29790514
15134794,Selk,20525,19677.47,-2715,29790514
5991961,Ney,19449.1,19627.35,3275,29790515
26475388,sheplet,19995.8,19627.29,709,29790515
15117603,bombjj5,19654.3,19543.38,1664,29790515
12630336,miwoo,20503.3,19542.41,-1499,29790514
12136108,New ZeaIand,20404.9,19485.19,-1469,29790515
21948424,uRR-,19805.7,19462.42,624,29790515
12639462,Golden,20296.2,19364.80,-1911,29790515
12014683,Dizzayy,19979.9,19354.10,-10,29790515
32731855,LeuRu,19958.5,19309.40,-1971,29790515
8484987,Pied wagtail,19856.3,19281.83,-778,29790515
11325757,Shamirin_mzk,20006.8,19172.03,-596,29790515
33898203,shiffon2q,20002.5,19167.66,-1888,29790515
28571440,[Crz]yomogi237,19849.7,19009.63,-2287,29790515
16869472,soruiruna_,19751.3,19002.08,-1328,29790515
14510301,A-40,19939.5,18974.83,-690,29790515
9511518,351,19886.4,18962.12,-938,29790515
28653214,Belial_AISU,19543.3,18902.25,-1198,29790515
15159808,-yukineko-,19871.4,18868.30,-2044,29790515
10079336,cat1346,20005,18840.42,-1579,29790515
35619347,yakisode,19635.5,18802.05,-1153,29790515
30388979,Frostetic,19895.6,18759.80,-2976,29790515
9551196,kiyozi11,19014.5,18730.55,1089,29790515
25734391,CarsqL,19456.4,18707.59,-1659,29790515
1382717,Nekomusya7563,19542.6,18703.82,-1322,29790515
18962176,neah,19236.9,18663.48,-308,29790515
28854025,marusuke75,19571.1,18655.79,-1287,29790515
10072733,myucchii,19613.2,18628.95,-1081,29790515
24587831,My Angel Noah,19595.1,18558.15,-1796,29790515
24748957,SubMessy,19650.8,18554.33,-2449,29790515
15252950,Seren58,18472.5,18460.73,2904,29790515
14254867,Lynerrr,19193.1,18387.03,-1173,29790515
7231722,nananass,18945.8,18383.18,-1075,29790515
8987606,kitafuma,18651.8,18192.61,310,29790515
14553146,kagit,19137.4,18126.53,-1288,29790515
19931117,furry feet,19251.4,18087.34,-2503,29790515
14269506,nevqr,18625.9,18074.45,-751,29790515
16067522,chibamasu,18864.6,18017.18,-489,29790515
11114972,KGYMN2q,18828.7,18016.77,-1938,29790515
36055680,waidabu,18560.4,17985.65,-249,29790515
9119501,ekumea1123,18005.1,17890.61,2873,29790515
9773619,RAI_4,18482,17871.82,-343,29790515
6876752,h1g,18791.1,17871.59,-461,29790515
11563671,4sbet1,18510.9,17828.55,437,29790515
7612550,frukoyurdakul,17898.7,17776.91,1824,29790515
3337332,5henry,18455.7,17752.50,824,29790515
33109610,_tivo,18871.4,17744.69,-2093,29790515
24747565,yukkurinewww,18428.4,17738.82,-787,29790515
9169747,Nathanial,18693.1,17713.84,-1326,29790515
13664116,AuroraPhasmata,18690.1,17706.88,-1873,29790515
15776151,T w i g,18173,17661.30,-483,29790515
7115174,Den4ik228,18446.1,17649.41,-1428,29790515
29780191,Fz2311x,18644.9,17560.42,-2061,29790515
7774222,Akonine,18298.6,17517.65,-661,29790515
3044264,Skid,18252.2,17512.83,-492,29790515
9981017,fujisam,18189.4,17502.72,35,29790515
11260982,YaniFR,18358.9,17498.85,-1164,29790515
14520910,Maimaing,18138.2,17481.30,400,29790515
16650552,HaLTi,18517.5,17481.27,-1521,29790515
26454214,My Angel Eru,17919.5,17455.60,859,29790515
7555792,petterde,18088.4,17438.97,-710,29790515
12874236,cpu_alpha,18055.7,17433.60,211,29790515
16462012,cheesestingy,18387.4,17414.73,-1051,29790515
13613362,BFKB113PBK,18232.4,17392.66,-888,29790515
7632508,miki308,17994.1,17370.01,124,29790515
10907480,iNeon,17931.8,17356.46,-418,29790515
9208819,NanaFlow,18245.1,17320.78,-156,29790515
12160279,dragonmaxx,17487.9,17299.24,1737,29790515
18591473,JoshEco4,18349.1,17288.27,-2225,29790515
1263669,ulko,17910.1,17284.07,-68,29790515
9584873,Minekuchi,17734.7,17281.46,1392,29790515
7597165,-o-o-,17731.6,17266.77,499,29790515
27304274,UoxoU_4rk,18082.5,17247.52,-1161,29790515
24679550,rerovid,18006.7,17211.92,-1255,29790515
9599359,KaZuoo,18422,17208.38,-1592,29790515
12703319,WLYMinato,18001.7,17208.06,-1320,29790515
11604267,Maamu,17978.3,17167.45,-307,29790515
16910711,KatyB,18088.7,17118.61,-1281,29790515
35487271,MROK_221,17951.1,17104.87,-1339,29790515
12611862,ItsDiamond,17935.1,17062.04,-820,29790515
13811400,NeuralG,17759.4,17049.04,-1865,29790515
23487206,sevgo7,17641.7,17048.32,-591,29790515
16818858,-call-,18204.9,17043.40,-722,29790515
14179968,Chococoa49sg,17724.6,16994.55,-682,29790515
2076374,sobatsuyu,17000.7,16959.17,2760,29790516
30370354,LostF4te,17801.7,16920.52,-1211,29790515
21444412,IWASAKI,17709.5,16796.47,-1461,29790515
6956922,frz,17673.2,16779.54,-1051,29790515
7491106,7_7,16762.7,16775.51,3193,29790516
5136582,taiko_ryuki,17481.7,16748.44,-438,29790515
4315477,superSSS,17069.9,16718.85,1248,29790516
4609767,ndrrr,17367.7,16687.09,20,29790515
9057823,Escocyan,17539.7,16653.21,-1216,29790515
3918650,Raphalge,16821.7,16651.58,1138,29790516
8219167,xGeno,17218.3,16608.44,-470,29790515
2998248,6_9,17861.7,16595.16,-2657,29790515
24664049,TAG_M1Ra,17254.2,16587.45,197,29790515
13857986,MrCB,17421.7,16564.01,-1117,29790515
11293254,Ikakun4,17392.6,16561.29,-383,29790515
6490509,R J,16732.9,16560.91,1636,29790516
2875968,asuasu_yura,17140.5,16554.01,-199,29790515
12807783,InherentCross1,17183.5,16508.80,245,29790515
7994829,Sasara,17308.8,16489.74,-156,29790515
5427801,_Doodle_,17006.9,16475.43,334,29790516
9821194,Miniature Lamp,16685,16450.92,2329,29790516
7807444,chmekoe,16682.6,16432.43,-1510,29790516
12568571,Alejar,16985.2,16404.31,-1688,29790516
16662508,takumit25,17391.4,16401.14,-1579,29790515
37124299,yncha,17171.9,16380.53,-960,29790515
8303357,wandinfo,16586.1,16307.00,1921,29790516
32179762,My Angel Shinku,17251.7,16300.43,-768,29790515
12780046,Shinda,17256.5,16291.46,-1119,29790515
11117835,taikoshallah,16976.1,16275.23,-1104,29790516
14389442,MreMre,17073.4,16273.61,-620,29790516
13766261,Lougui,16874.9,16270.99,-668,29790516
26820002,seal--,17078.8,16262.38,-1069,29790516
24042710,RandomNameIdk,17078.9,16234.56,-1477,29790515
4493348,Yuemiao,17051.9,16216.53,-1529,29790516
7378343,ho322,16784.8,16215.69,-1985,29790516
8264451,vizokaa,16380.4,16214.65,1915,29790516
5115345,mafuyun,17291.1,16197.19,-1669,29790515
7609510,Blerargh,16155.4,16181.83,2625,29790516
24718103,mobmouser,17322.6,16175.68,-2334,29790515
8121109,Raytoly,15759.8,16153.25,-268,29790516
36812900,_Twinturb0,16700.8,16141.39,-655,29790516
13279859,Kyoko Sakura,16896.1,16131.36,-463,29790516
33698926,wrong12,17026.9,16115.04,-1315,29790516
8767392,ILOVEMARISA,16691.5,16110.07,227,29790516
15142530,Ticy,17082.3,16104.22,-1985,29790515
20089489,Maxmisil,17164.6,16075.80,-1616,29790515
8027517,miyagishima,16256.2,16064.78,1717,29790516
12615278,Maeda,16737.7,16012.30,-604,29790516
7168322,kawamura321,17226.1,15982.05,-1623,29790515
6451537,le gagoguigo3,16044.6,15962.07,1976,29790516
8847884,katekunn,16672.9,15961.36,-852,29790516
22338549,PepeTheShrek,16754.3,15960.90,-571,29790516
6333166,AlvaroYL,16470,15958.76,552,29790516
19154954,Dice,17084.5,15953.93,-2674,29790515
30496573,Gsuncraft,16831.2,15932.42,-2015,29790516
10726804,Polemo03,16280.7,15909.26,978,29790516
18265351,kaiho_,17109.3,15891.99,-1808,29790515
5321719,uone,15754.7,15872.76,2687,29790516
32553132,ntml,16330.1,15858.85,338,29790516
1893718,mangomizer,15655.6,15848.64,3314,29790516
8089664,Katdon_donKat,16546.2,15834.95,667,29790516
9912966,Zeth,16495.6,15807.55,-768,29790516
7479684,Foxeru,16762.8,15805.17,-643,29790516
2349769,kknegative,16787.4,15795.81,-1636,29790516
6439880,]]]]]]]]]]]]]]],16770.9,15741.29,-1293,29790516
5071871,Jesus,16371.2,15732.57,83,29790516
16011592,banan,16440,15732.02,475,29790516
2496768,Nishizumi,16522.7,15724.75,631,29790516
6194830,Shiny Froakie,16495.2,15714.69,-1387,29790516
8145223,Kyoumo,16582.7,15710.64,-379,29790516
7692731,Remi_hs,15709,15672.55,1774,29790516
14324722,Naverlyn,16451,15642.98,-1304,29790516
14415208,Dioramos,16103,15589.70,207,29790516
5663853,mariopokemon,15811.7,15581.66,1001,29790516
3023007,Hori_159,15871,15580.63,520,29790516
17061174,mBiscuit,15931.8,15580.06,1039,29790516
6372422,Prymal,16619.5,15569.84,111,29790516
16348066,noyz,16319,15539.44,-670,29790516
16360256,M_g1,16581.5,15539.37,-1019,29790516
7280717,ImChro,16713.9,15532.10,-1788,29790516
12725502,Match1230,16545.2,15529.58,-1655,29790516
4669728,BabySnakes,15845.7,15528.70,1619,29790516
2277798,monkeydluffy3u4,16486.9,15517.05,-1182,29790516
8650631,artemean,16346.2,15514.94,-1104,29790516
9864847,overdahedge2015,16134.2,15510.25,-367,29790516
10384069,dasadanan,16728.5,15502.58,-2614,29790516
32335531,nisio,16096.9,15489.85,-933,29790516
19021431,9CB,16097.2,15487.33,-515,29790516
35562611,soradayoo,16545.9,15483.58,-1972,29790516
13410346,Tropica_45,16732.3,15481.09,-2604,29790516
14623658,supesan,15858.4,15471.07,937,29790516
9258564,ChurroChef,15769.9,15464.61,520,29790516
12177903,Xok,15829.2,15456.83,1236,29790516
11499467,r1chyy,16077.7,15449.33,-603,29790516
6932501,vun,15530.3,15426.43,2208,29790516
15231510,K0rd31HP,16358.2,15416.70,-558,29790516
31430087,1823,16061.2,15392.49,-1360,29790516
37004936,minsimeji,16230.5,15297.15,-2104,29790516
12771318,Smilee,16284.3,15286.90,-1649,29790516
6359835,zkane2,15466.2,15270.49,1922,29790516
8190266,In Dark Sky,15943,15238.22,-1146,29790516
2774767,tasuke912,15312.4,15217.79,2848,29790517
16491572,Alph,16034.6,15216.71,-475,29790516
19421910,Arcyol,16014.6,15210.42,-1347,29790516
19883639,shinchikuhoe,16079.5,15187.95,-1639,29790516
28284695,KONAMIKAN,15879.2,15186.11,-1544,29790516
533502,Konpaku Sariel,15676.1,15160.48,1030,29790516
5082685,POCARI SWEAT,15852.3,15155.89,-101,29790516
8159528,JustALeaf,15456.7,15145.23,-34,29790516
9383908,SakurabaEmma,15864.6,15134.00,-1066,29790516
22741631,unsQuare,15961.1,15130.93,-1615,29790516
6096445,sing216,15083.6,15120.59,2253,29790517
15841682,goldenyoshi22,16047.8,15118.66,-1321,29790516
33008484,Edge2q,16049.7,15105.09,-2297,29790516
2617190,mikku1,15716.9,15096.96,-1154,29790516
8883498,remuresu17,15350.6,15092.13,1592,29790517
6349821,cheese salad,16144.7,15061.63,-1025,29790516
4841352,Jaye,15509,15052.70,1364,29790516
1656336,pet,15002.5,15043.24,1848,29790517
6922240,knibblet,15892.6,15040.70,-1754,29790516
12439209,Daniels,15974.8,15032.93,-1241,29790516
20843003,SceptifyMK,15394.4,15010.03,1879,29790517
215127,Ign1s0,15212.7,15000.45,1172,29790517
4050738,HiroK,15845.8,14996.45,-291,29790516
16262582,ImTutu,15928.2,14992.88,-1031,29790516
9213381,Lorenzetto,15783,14984.78,113,29790516
10869389,makimen,15409,14950.78,429,29790516
5482401,iceOC,14979.5,14947.38,2566,29790517
35356880,WWWS1009,15542.6,14929.52,556,29790516
11931563,Roxy-,15649.9,14927.47,-520,29790516
5217107,_Rise,14928.3,14893.10,2415,29790517
2852269,jmeh07,15700.2,14880.71,-1626,29790516
25289165,srmr Taiko,15575.1,14878.10,233,29790516
13175389,Ascrute,15894,14874.69,-1258,29790516
34612411,saebb,15292.6,14847.76,-113,29790517
8192004,Y u w a n,14825.3,14832.94,2282,29790517
12892087,HarryAda,15697.9,14819.23,-637,29790516
5918857,snz,15058.3,14817.40,2217,29790517
16892858,Dogman77,15869.1,14801.02,-1736,29790516
27018825,1208,15620.3,14800.68,-1238,29790516
38223065,tadie,15338.4,14800.32,-720,29790517
16536516,HiGreeks,15356.7,14790.22,-3,29790517
28263206,Mqruqki,15217.9,14781.58,-1095,29790517
12273160,6gicha,15424.4,14776.65,-191,29790516
11799110,Spicy Onion,15732.8,14769.33,-1633,29790516
5116922,salisburysteak9,15435.7,14766.59,-157,29790516
20602365,kamiradesu_,14920.6,14748.44,-1446,29790517
19975342,GamersDecision,15365,14739.01,-1023,29790517
20093775,EldoDebug,15660.3,14731.73,-1417,29790516
4126437,suni,14566.7,14726.66,2755,29790517
34269151,ADeLGLT_Cha,15683.5,14724.77,91,29790516
11071662,penchan_256,14600.9,14724.07,2417,29790517
34027024,knzk1234,15209,14714.44,-1413,29790517
12029122,Vanity8,15688.3,14714.38,-1289,29790516
36804138,- noah,15234.3,14709.69,-255,29790517
15013948,_TheXFactory_,15779.9,14706.07,-1908,29790516
16456158,Gholdengo,15094.2,14690.90,-661,29790517
4655546,aHTaoN,15317.1,14681.36,177,29790517
7556189,ankoro,14777.5,14679.09,1722,29790517
6680785,Ranshi,15532,14672.94,-963,29790516
7086439,Dargin,14900.8,14672.07,1569,29790517
1139209,XK2238,14939.2,14671.90,1813,29790517
32648254,barrier15300,15032.4,14659.39,546,29790517
15436568,Joltzzz,15454.2,14651.00,-1892,29790516
15821708,Sebola,15515.5,14648.25,-900,29790516
11296097,TaikoWorldCup,15713.8,14630.26,-1586,29790516
18390384,mr0223,15425.3,14627.62,-962,29790516
27166965,raimu4649,15794,14625.49,-1849,29790516
8214424,sighate,15316.5,14613.50,-765,29790517
4407678,_knots,15141.2,14590.17,85,29790517
26031453,chairIess,15499.7,14572.88,-1647,29790516
20937051,soltman,15405,14552.41,-1458,29790517
6506484,duski,15252.8,14525.44,-656,29790517
13892153,magev,15393.5,14521.21,-1186,29790517
9700317,Phrq,15446.7,14510.10,-1090,29790516
4632503,1RoHa_,14540.2,14503.55,2086,29790517
284905,Ekoro,15168.7,14499.21,-327,29790517
39395888,haaaaaji,14841,14485.83,-94,29790517
10894640,denaN,14806.3,14463.80,997,29790517
10882115,DescriptiCringe,15315.8,14463.78,-1794,29790517
11306153,jimmyreturnz,15106.9,14461.70,-1743,29790517
7189946,TFD500,14626.5,14454.83,742,29790517
31514073,makaruni,15008.1,14439.50,-801,29790517
19411222,Sweps,15053.9,14436.01,-444,29790517
37951666,glorius grown,15076.3,14432.96,-1523,29790517
4637369,Petit,15097.5,14424.11,639,29790517
7299864,Axer,14958.8,14422.31,-76,29790517
6866480,nyanmi-1828,14827.9,14409.34,647,29790517
24910091,krokodil_koban,14860.6,14404.26,1053,29790517
10168328,Voenkom,14648.8,14401.39,804,29790517
27486456,stupid dummy,15306.7,14384.59,-1445,29790517
8743513,awdse22,15166.2,14371.20,8,29790517
12488630,yzpineth,15407.8,14370.69,-1791,29790517
13643601,[-ICHINO-],15452.8,14359.49,-1119,29790516
8601048,JarvisGaming,14636.2,14350.62,530,29790517
38352644,gataaa62,15051.8,14341.57,13,29790517
15191942,Eltigant,14551.8,14337.26,288,29790517
5468461,Kreyy,14983.2,14327.98,316,29790517
15266039,pixixelated,14441.3,14308.03,1673,29790517
8071438,Horiiizon,14824.4,14297.69,-111,29790517
30474711,sakupopon,15195.2,14270.30,-1133,29790517
6574823,haga1115,14634.5,14254.64,1157,29790517
6419257,Zmor0133,15321.4,14243.98,-2115,29790517
8011704,J a c k y,14669,14243.50,885,29790517
3196091,Genjuro,14571.5,14233.39,42,29790517
3285867,Aesa,15298.9,14218.42,-1645,29790517
13673007,Hoshino1,15212.4,14215.38,-1731,29790517
21058672,_raider,15236.6,14212.47,-1800,29790517
1506103,numamuto1,14345.4,14202.96,1607,29790517
17413733,Henry03,15036.3,14200.97,-1672,29790517
13281473,Antti,14885.2,14198.61,-51,29790517
9311768,YouCanNotKnow,15039.6,14196.56,-933,29790517
4719175,Lefty3,13772,14164.71,4475,29790518
16238050,Rivana_Garakuta,14754.3,14161.00,-349,29790517
11719422,ASliceOfPi,14774.3,14158.24,2,29790517
29727936,irie-,14917.3,14146.16,-803,29790517
10457907,KyouRekii87,14497.5,14143.63,1668,29790517
502722,Cookie_Tree,14520.4,14141.70,480,29790517
4901066,4901066,14488.6,14118.95,-142,29790517
2286121,Mfy,14460,14104.40,698,29790517
21852708,resEureka,14217.2,14103.67,2849,29790518
7104549,cacao,14461.2,14102.92,1326,29790517
9117141,kotarou2525,14732,14102.63,-198,29790517
18793276,Coffecito,14876.2,14094.87,-1217,29790517
30114023,NaNaHiDa,14991.8,14080.03,-1435,29790517
12478373,TWIL1GHT,14788.4,14079.94,-311,29790517
33754270,linedcolt,14941.6,14063.89,-1191,29790517
12453848,Glassive,14927.9,14063.88,-1645,29790517
37558959,suzuki gonzares,14798.8,14062.12,-471,29790517
18853055,Cattleya26,14950.3,14038.31,-1285,29790517
11411697,alemagno333,14805.1,14020.55,-186,29790517
16403250,Ecchou,14966.8,14007.97,-1374,29790517
33275577,Takotti,14390.2,14007.70,535,29790517
1926134,bvrieivewvw,14387.8,14006.60,327,29790517
3802922,Fudgy,14639.6,13994.43,-447,29790517
8669774,yamfan,14865.8,13990.02,-1366,29790517
19924725,Momoiro Yume,14965.7,13973.47,-1157,29790517
18782185,[TCD] Azure,14539.5,13972.10,-941,29790517
14777912,ZeaIand,14938.1,13970.99,-1524,29790517
10868191,Ghost_r,14873.2,13967.10,-1236,29790517
14892190,Tiera,14624.7,13958.46,-785,29790517
28816427,yuzuriha256,14949.5,13945.18,-1735,29790517
3075337,honkers,14632.1,13938.59,-92,29790517
18577881,ama_hano,14624.4,13928.49,-1188,29790517
34393346,spongebobdesu,14841.2,13926.19,-1419,29790517
8283661,doulph,14298.9,13897.56,175,29790518
17415683,Undead Alice,14754.4,13890.67,-1861,29790517
25176275,PlusPearPi,14418.1,13887.03,29,29790517
7136990,_mai,13929.7,13883.90,1729,29790518
2198070,beary605,13700.8,13875.71,2753,29790518
14197674,TSC_Theo,14549.6,13866.52,-341,29790517
34475085,Tasorostn,14829.5,13863.26,-1612,29790517
22751262,metal_are,14342.7,13845.54,1232,29790517
25684740,k4i3_mk,14106.7,13843.65,1581,29790518
3811626,kolishimona,14177.6,13826.88,341,29790518
9472201,sakura_39,14136.3,13818.14,1011,29790518
24486635,iamNoobZexy,14402.2,13814.53,-718,29790517
30340849,ruritouwa,14536,13803.14,-466,29790517
18603653,-Ryuji-,14741,13795.91,-1662,29790517
8638977,CrowWhite,14262.6,13790.16,571,29790518
5938161,gaston_2199,14260.2,13789.03,-287,29790518
35748868,DONPEEN,14086.6,13786.26,-277,29790518
16415779,Peko,14669.5,13776.96,-597,29790517
11185769,thallrakh,14414.2,13773.82,-44,29790517
5128029,Mean X,14098.7,13770.51,1288,29790518
37234783,calcium4488,14610.5,13763.85,-1112,29790517
13546798,sasanqua,14514,13754.75,-933,29790517
21448085,Spinasson,14291.8,13741.73,-547,29790518
11495339,pizzafart,14252.4,13721.94,-1409,29790518
36024737,Anders8KJS,14156.6,13721.61,174,29790518
10079029,Skidooskei,14428.8,13701.45,-353,29790517
14822582,BCM,14508.8,13699.63,-304,29790517
39348217,konire,14341.4,13699.04,-280,29790518
20382819,4mi___,14051.1,13690.77,1254,29790518
4097035,Garpo,13826.8,13686.76,1933,29790518
21564948,R1ght4,14464.2,13665.49,-499,29790517
22547308,Reeche4,14396.2,13664.14,-254,29790517
6205471,Shallty,14047.3,13662.58,1707,29790518
12052009,Ratchet0203,14258.1,13638.69,-117,29790518
8897643,-Akitai-,13959.9,13638.67,1244,29790518
8917069,Piel,14043.8,13634.35,-203,29790518
37690305,yossi014,14434.6,13620.20,-1728,29790517
13108155,iTzzMar0,14319.2,13596.28,-423,29790518
2345156,Mew,13756.6,13591.94,1871,29790518
7488794,JarHed,13997.7,13589.73,-155,29790518
8023063,Gundham,13879.5,13576.39,426,29790518
9503545,EreNoq,13600,13570.53,1829,29790518
4940698,Xoretra,14368.6,13560.37,-91,29790517
12687433,pui,13794,13557.04,934,29790518
11619349,detteiuu,13843.7,13550.45,1372,29790518
37048690,2_tinheri,14417.8,13543.43,-1152,29790517
3738344,X a v y,13815.5,13531.24,798,29790518
6278008,Drecksackblase,13936.8,13529.62,315,29790518
35487753,ichi_yun,14323.3,13527.64,-1087,29790518
7341471,Seiong,13632.8,13524.48,1753,29790518
21973054,eim1n,14090.9,13515.52,973,29790518
16744181,laaamgr,14305.7,13514.48,-1124,29790518
23048879,fractal161,13658.3,13505.57,357,29790518
10931926,beru,13717.2,13500.96,1792,29790518
34934805,NoHaxJustTaiwan,14169.8,13494.51,-658,29790518
8609627,[GB]Edward_Tsui,14187.5,13493.30,-572,29790518
6752242,ZelLink,14039.6,13487.79,126,29790518
4251077,mug1,13903.8,13481.00,88,29790518
6092181,Dusk-,13564,13477.58,1977,29790518
12264918,El Milanga,14204.8,13477.45,-605,29790518
13100247,Anthoni,13585.8,13476.80,1589,29790518
17457030,stmilc,14422.9,13475.85,-1619,29790517
15517145,kocoten72,14230.6,13470.93,-1587,29790518
18649724,Warp,13718.8,13454.37,687,29790518
23064382,niboshii,14158.2,13444.79,-1127,29790518
7330199,B-with-Ee,13869.4,13430.95,140,29790518
5592441,Inigo,14012.9,13422.20,352,29790518
17359546,Murasame_,13735.2,13411.73,913,29790518
33340006,Vladkrip_49don,13886.3,13397.84,-1549,29790518
37673034,Fujis4n,13990.2,13388.89,-666,29790518
5750235,Sparxe,14079.6,13387.41,-237,29790518
8693851,Greenshell,13628,13379.50,818,29790518
9755504,CrabCow,13928.5,13377.09,363,29790518
16058676,Provoda228,13557.4,13372.33,1184,29790518
12164489,Liz7,13434.9,13369.45,2315,29790519
20855973,hamood enjoyer,13647.9,13367.53,263,29790518
18948846,MIYAHARA,13777.2,13366.73,315,29790518
22103250,OGAWtfffff,14177.7,13359.37,-984,29790518
10250413,kazzysan,13571.3,13354.98,1524,29790518
35764142,sakurasakimauuu,14107.6,13354.80,-707,29790518
19540047,Mfe3,13990,13348.72,-510,29790518
18512077,sshhjjpp,13955.9,13314.15,-1231,29790518
2326627,neikis,14193.3,13308.47,-1016,29790518
37084179,hach1mi2kuma3,14089.5,13306.86,-1540,29790518
7091511,kuroshishi16,14128.6,13306.00,-1246,29790518
3869519,Ideal,13689.4,13305.37,409,29790518
13959539,Bjorken,13801.6,13296.55,391,29790518
3043603,kablaze,14002.4,13288.77,-247,29790518
6048245,-Sera,13628.6,13273.05,1244,29790518
18486437,Kan_Forest,13972.4,13272.66,-280,29790518
6793778,rloseise,13694.3,13267.87,209,29790518
18456592,Hata no Kokoro,13719.7,13267.53,1508,29790518
4662795,tzechi,13932.1,13266.84,554,29790518
38052693,iorn22,12504.3,13255.19,1119,29790520
13189156,muriy,14006.9,13253.80,502,29790518
3866964,Bizen,14069.2,13246.26,-430,29790518
4964596,iloveyou4ever,13369.7,13244.99,1857,29790519
3439745,Fahrenheit7,13584.5,13243.87,588,29790518
10520757,WARABIMON,13994.4,13240.90,-713,29790518
25491585,okok lemon,13980.2,13224.30,-1171,29790518
34086357,KoneU_cat6,14097.8,13221.57,-1368,29790518
1616533,Riviclia,13870.3,13212.65,-225,29790518
11635488,Beanies,13571.2,13207.94,968,29790518
36026020,Tako_0728,14151.3,13206.44,-1684,29790518
28818110,nyakey,14120.6,13204.61,-1203,29790518
39929746,fiayache,13844.9,13199.93,-1833,29790518
4799788,vrnl,13467.5,13190.82,950,29790518
6807238,Akamileusz,13706.3,13175.12,-87,29790518
14890564,AlterRay,14061.3,13158.31,-1249,29790518
30885120,Firefly Neko,13801.7,13157.14,-888,29790518
13465246,TheSnowie,13872.9,13151.78,-343,29790518
27809747,TheCoconutHuman,13082.3,13150.38,1513,29790519
11290311,Tyronix,14077.1,13144.84,-926,29790518
21057120,oxypetalum,12984.6,13138.68,605,29790519
33031996,monmontytyty,13693.9,13130.21,3,29790518
17656872,Siamcat3938,13955,13126.53,-1047,29790518
31769185,crispy86,13934.6,13126.13,-1272,29790518
11609084,[ Kloc ],14004.3,13109.90,-1710,29790518
2169329,69maow,13284.9,13080.46,764,29790519
8200331,yuukoru,13649.7,13077.46,-1423,29790518
15386539,gr8er_goldfinch,13385.1,13069.63,538,29790519
3165416,Das,13554.9,13062.54,-270,29790518
8364237,Prehistoria,13364.2,13055.61,1306,29790519
8494233,Kaemz,13760.6,13041.18,-896,29790518
16731028,nezupoco,13554.8,13028.80,-61,29790518
7718539,Skey,13387.8,13027.82,540,29790519
6950720,kinranran,13921.3,13022.57,-1095,29790518
8697654,FORMless000,13702.4,13021.14,-843,29790518
6844521,szh134,13205.1,13001.63,1853,29790519
10852632,giyokon,13247.9,13000.60,2161,29790519
14034809,Nethen,13856.1,12997.10,-1102,29790518
8256770,_Illustrious_,13808.7,12996.88,-865,29790518
11833538,_somet,13586.1,12982.50,355,29790518
9039824,arley_,13846.7,12979.37,-1320,29790518
11574707,night_flower,13275.1,12977.54,848,29790519
7930622,Yona,13222.4,12965.48,1232,29790519
13525805,Hivan111,13882.5,12946.46,-1438,29790518
5992551,[Bau],13642.5,12932.89,-668,29790518
2586173,cagalin,13078.1,12928.47,2002,29790519
3716665,coed,13478.7,12924.12,-118,29790518
25160465,yulya,13386.8,12911.69,303,29790519
845733,Faputa,13212.5,12908.03,219,29790519
31945414,ramyu,13810.4,12902.52,-1089,29790518
8509562,ocularr,13458.3,12895.36,-602,29790519
3596834,xEchoAlertx,13647.5,12892.53,-266,29790518
12489832,spanner dude,13051.1,12878.83,609,29790519
19926884,SudoKu37,13403,12865.75,-751,29790519
2283992,Element118,13579.4,12855.96,-244,29790518
10335557,vodnanen,13124.3,12854.35,1217,29790519
12798183,_Llama,13356.3,12851.54,235,29790519
36064373,Y4gRw,13885.4,12847.45,-1230,29790518
24350989,Olnisexid,13376.3,12838.84,-455,29790519
10449071,Hidden is fun,13638.5,12838.25,-528,29790518
14451706,Huntey,13721.3,12828.17,-1142,29790518
5506349,Peach_Tea,12864.2,12824.97,1747,29790519
10208226,KO1824,13252.4,12823.92,1231,29790519
14167247,CoEqual,13661.6,12821.71,-838,29790518
17129882,itshail,13674.5,12818.73,-1472,29790518
25396679,reisen91937,13269,12780.21,-419,29790519
9757858,MrrMiller,13542.8,12773.04,-880,29790518
10887614,nurun,13458.4,12760.53,-181,29790518
15838689,sigmatapper,13400.3,12755.42,179,29790519
15373510,I v y,13329.8,12739.88,-708,29790519
8244404,kvgyubh,13662.6,12739.85,-1613,29790518
1762267,[- Maekawa -],13093,12736.59,1071,29790519
9468283,_mtk,12957.4,12734.96,1445,29790519
35594129,muradauuuu,13622.5,12732.18,-1695,29790518
9738123,sagwa,13387.3,12718.06,-721,29790519
7183087,mareep,13464.1,12717.23,-940,29790518
1235444,Serial Dreemurr,13145.6,12716.05,812,29790519
10268533,Chieri_,13466.9,12710.98,42,29790518
10363380,Aiery,13646.1,12710.96,-1180,29790518
19809779,Setonai,12920.1,12705.79,635,29790519
12908933,Darxad,13324.8,12705.72,-508,29790519
13196066,Batu,13548.8,12704.87,-1488,29790518
2828556,Coryn,12706.1,12700.40,1898,29790520
178038,Shyguy,12845.4,12689.43,1360,29790519
14095291,AelSan,13441.8,12687.39,-1090,29790519
14568255,7ava,12971.2,12683.22,837,29790519
1881639,Chromoxx,12625.1,12680.64,2678,29790520
6447505,maxie,13199.3,12680.32,231,29790519
21502158,cholarmor,13331,12675.40,-699,29790519
29260556,V1Pn,13319.4,12673.15,-1374,29790519
14955727,hariindee,12495.9,12671.85,2159,29790520
14041465,Xollistrea,13432.3,12665.85,-128,29790519
11392868,Rabitobi,13314,12665.03,-614,29790519
6198876,mizki_mlnx,13488.7,12664.54,-906,29790518
7495614,Carol,13158.5,12662.00,530,29790519
20215461,megalovania lol,13394.9,12661.28,-664,29790519
23465796,jackylu,13445.6,12655.43,-856,29790519
36958220,sparkle111,13349.3,12651.80,-975,29790519
2250574,Waribashi,12887.3,12649.32,1168,29790519
14404260,HydraNeoOnFent,13214.8,12648.72,-439,29790519
7722827,Nara Bocchi,13114.1,12635.98,512,29790519
35601714,kohakuwatoson,13108.4,12633.24,-627,29790519
20822544,Plasmusss,13228.5,12623.22,-130,29790519
14630770,jimo5487,13292.4,12619.15,-747,29790519
7095592,yassu-,12959.3,12614.52,-4,29790519
8265940,Krekker,12466.5,12611.10,2512,29790520
27121953,sebastien,13158,12607.56,67,29790519
2390351,pe-pe-,12514.7,12603.23,3111,29790520
16837711,Y4M1,12747.9,12593.65,1094,29790520
4734244,Informous,13482.4,12593.36,-1497,29790518
37622442,walk,13080.5,12589.70,168,29790519
30524649,luxem_,13442.1,12589.43,-940,29790519
13403462,WiiBoxing,13089.9,12583.11,-1685,29790519
32993153,tmk,13457.1,12577.15,-1557,29790519
1785084,IA vocaloid,12974.2,12576.25,680,29790519
2077833,H01-PX01-I,13179.4,12567.94,12,29790519
16383529,eringiRa,13328.2,12564.39,-792,29790519
11495715,Queenling,13134.1,12561.37,-223,29790519
7559291,Furu -,13367,12560.15,-818,29790519
19577961,Vasko2o,13208.9,12553.44,-283,29790519
25133826,teNdoooon,13036.4,12545.87,-22,29790519
39046806,myst1n0,13158.6,12538.62,-32,29790519
5310623,Blastix Riotz,12853.8,12538.24,1235,29790519
32021424,nmrrr,13445.2,12536.87,-1290,29790519
23672570,Rayhdesu,13111.7,12533.83,-672,29790519
174347,DarkStoorM,13170.7,12533.54,495,29790519
17789773,Khwan,12525.2,12531.88,-1070,29790520
13795732,Twin2,13104.4,12528.24,-878,29790519
9006320,Akivo,13201,12518.39,-331,29790519
9272314,sariaa,13502.7,12509.26,-1574,29790518
14386290,Eloi2525,13333.5,12508.02,-961,29790519
4566941,waisa28,12774.5,12503.34,681,29790519
5151647,apaajaboleh10,12708.7,12502.54,1381,29790520
5947521,dynutka,12950.2,12499.71,-54,29790519
22670606,Wanijimaru,13055.7,12494.14,-380,29790519
4130926,StrijkIjzer,13072.6,12493.46,-96,29790519
33475807,ponnnnnnn,13283.9,12493.02,-1443,29790519
5146144,Tsukani,13193.3,12492.51,-1344,29790519
7897892,Ponamis,13006.1,12492.43,598,29790519
37589029,hyperflip,13251.6,12486.88,-378,29790519
10096125,Bobfree,13007,12483.45,69,29790519
15698237,joheejy-,13299.3,12474.74,-1246,29790519
35733414,KUGAKUGA,13262.1,12472.02,-1609,29790519
14054504,yAmmy_______,13425.8,12454.82,-1554,29790519
8668896,Opersent,12593.5,12448.40,1103,29790520
16056694,Glipe,13057.1,12440.93,-121,29790519
22943605,ArjunWasFound,13210.4,12437.83,-831,29790519
17797595,Meguminx_MAS,12979.1,12433.23,325,29790519
459886,Nanners,12859.6,12432.24,1069,29790519
22437571,SANE_KIBUYA,13035.8,12432.22,-334,29790519
34167153,pEkoAr,12995.6,12431.79,18,29790519
21358668,Lynfreddy,12958.6,12430.40,-18,29790519
13715811,Koalexa,13127.7,12421.46,-378,29790519
6260841,Madsri,12894.9,12419.50,440,29790519
10804091,GDMem,13000.5,12418.28,-1218,29790519
37182011,devans059354448,13060.5,12412.81,-153,29790519
6503700,BluePlusSymbol,13191.3,12411.78,-882,29790519
14156639,Karmic,12867.5,12396.47,-615,29790519
34584314,Saniy0321,13438.6,12396.23,-1985,29790519
26065341,sutonai,12967.5,12395.12,-555,29790519
1697789,itemsgtkpa,12616.2,12383.08,1398,29790520
33166023,pikenano,12624.3,12355.13,934,29790520
6243805,nitori0,12641.7,12342.06,1090,29790520
8327905,Plasmodius,12831,12339.55,-3,29790519
1500725,pagr42,12274.1,12337.51,2756,29790520
3560258,Pare,12640.6,12331.56,978,29790520
16596008,Leon05,13013.7,12331.07,-735,29790519
25990072,acidbase,13283,12317.35,-1531,29790519
605973,Jerry,13044.3,12308.64,-133,29790519
8089834,Felt7z,12507.4,12303.19,1960,29790520
4232665,DaiKiu,12833.7,12302.37,113,29790519
35778824,YATSUHASHI96,12991.8,12301.99,-79,29790519
5769293,owatanimal,12534.3,12296.98,1356,29790520
12341492,fetet,13017.4,12291.71,-756,29790519
741819,Saikoro,12673.4,12291.68,273,29790520
16846749,merry08210,12656.8,12284.60,999,29790520
9708038,hiyokokko,13107.4,12258.11,-1347,29790519
20283950,stellanova,12970.3,12253.06,-762,29790519
34023013,igari,13068.3,12252.57,-863,29790519
33827439,stablediffusion,12718.5,12236.53,293,29790520
35490182,AYS_3L1,13226,12235.45,-1612,29790519
5384639,KKN,12542.1,12207.40,740,29790520
1603962,Touche,12937.8,12205.34,-662,29790519
587737,Zetera,12736.6,12191.11,141,29790520
33317792,kogudayo,12893.6,12188.21,-503,29790519
10854710,Denryci,12827.5,12182.54,-897,29790519
35386669,Wakame,12957,12181.98,-1932,29790519
13600684,kdj8381,12804.1,12180.42,-819,29790519
1031958,karterfreak,12293,12177.54,1674,29790520
3317042,Chernobog,12969.9,12174.44,-1109,29790519
6582864,Nekoharu,12968,12173.43,-1011,29790519
7742277,EvanAB,12519.5,12171.65,440,29790520
37480434,tyzho2-2,12698.1,12164.94,-757,29790520
4328137,XOlifreX,12937.9,12163.68,-198,29790519
3811831,Noko_BSF,12565.7,12161.30,810,29790520
4601806,Hana Hayashi,13078,12159.83,-1178,29790519
11653565,CC32_,12506.1,12158.54,718,29790520
12119797,[ Ruin X1 ],12798.9,12154.52,-924,29790519
9420989,wakotendou,12561,12152.61,457,29790520
16736215,Mqka,12761.6,12152.52,-753,29790520
8411158,831,12844.5,12135.35,-752,29790519
38664778,sakura_kaze,12692.2,12126.92,-633,29790520
8097465,Berg,12407.4,12121.84,717,29790520
25201175,Solor,13022.2,12114.60,-1680,29790519
19445999,wwowie,12534.1,12113.36,-840,29790520
22096284,refrigerante,12712.4,12108.35,-1359,29790520
17828041,noraneko414,12493.4,12106.18,109,29790520
24638065,Defentum,12693.3,12098.03,-1062,29790520
6822086,qjacppap,12651.7,12083.78,-171,29790520
13051275,CloudBurger4,12710,12080.55,-483,29790520
12155303,izu_illya,12403,12072.75,1011,29790520
13012096,Mora-les,12398.6,12059.98,-332,29790520
13217592,baniraSun,12396.1,12059.81,1535,29790520
33159585,poixioq,12756.9,12052.95,-923,29790520
2999359,Osamix,12548,12051.15,1117,29790520
12320451,vien,12700,12016.87,-684,29790520
9503098,hoku,12536.4,12014.89,425,29790520
28849179,setuna727,12185.4,12013.97,1111,29790521
4521357,ercs,11999,11998.70,2361,29790521
1258873,MEGADRAGONFLY,12160.5,11998.34,794,29790521
2535243,Ku Ren,12531.2,11997.93,585,29790520
1890084,Necromancy,12318.1,11997.40,15,29790520
10659264,SB Rookie,12257.2,11992.87,898,29790520
30549266,SORA_T4kAhqSh1,12536,11983.82,-90,29790520
30109442,Hataya,12905.8,11976.64,-1854,29790519
13303993,-Nervi,12489.9,11974.15,-488,29790520
24328769,udon01414_ebi,12647.8,11972.57,-413,29790520
6303021,Axurtel,12647.5,11961.82,-500,29790520
36987156,hagakure,12652.1,11956.95,-1454,29790520
26010872,Bruh_moment2357,12307.4,11950.64,711,29790520
10584732,KostPer,12874.7,11949.46,-1451,29790519
37502484,Hakatasan,12535.5,11939.69,-736,29790520
389880,Acrith,12193.5,11939.66,1403,29790521
1594036,Hypello,12494.8,11936.54,-303,29790520
7320933,-HiddenTaco-,12606.4,11925.87,-849,29790520
9287891,Hfgbrzl,12617.9,11923.38,-965,29790520
6204697,nagoneko,12691.8,11917.97,108,29790520
3949268,Liorine,12414,11915.24,111,29790520
6056862,Yoroiari,12437,11905.84,-254,29790520
1716059,bobson860412,12062.9,11903.67,1126,29790521
5009970,Dayzeek,12604.1,11900.78,-919,29790520
37694215,aqqqqq,12418.8,11899.50,-289,29790520
25350322,Riritea,12433.9,11897.87,-490,29790520
17112933,kamakuraikusa,12350.1,11895.68,-83,29790520
7792131,Crysally,12034.5,11891.53,1490,29790521
1282954,Cihyaa,12344.1,11891.27,9,29790520
14075839,Szafa11x,12726.2,11890.05,-1116,29790520
9099822,jyake,12108.9,11888.28,1304,29790521
34592699,nori_tama,12525.6,11879.65,-507,29790520
10613075,Nutellitah,12277.6,11879.06,244,29790520
2073644,Ookura Risona,12169,11876.21,1062,29790521
17278926,Rozlia,12558.2,11865.66,-220,29790520
14072678,hornedlove,12371,11864.79,85,29790520
23361435,Desinias,12183.3,11864.17,592,29790521
26523387,Mans23,12825.8,11859.80,-1367,29790519
1595370,Touhou Project,12395.9,11856.22,-419,29790520
4433058,sendol,12122.4,11849.84,1242,29790521
5179995,Maneh,12508.8,11849.79,-591,29790520
10806437,FlipRopiik,12507.1,11848.24,-896,29790520
10555660,Senju-Muramasa,12150.8,11845.61,827,29790521
20042402,ttota,12416,11843.00,468,29790520
13547861,hamocha,12213.8,11840.78,970,29790521
39802415,goatsloth,12021,11839.23,1361,29790521
18630149,rrapido,12736.2,11833.95,-1285,29790520
15378832,LuxBluxy,12502.9,11830.81,-705,29790520
20429487,m4gnett,12273.5,11828.78,419,29790520
12316285,Tomo_mo,12400.7,11820.05,-395,29790520
4069690,Ectomic,12600.4,11818.80,-1027,29790520
25662684,CRHIX,12667.8,11815.69,-1301,29790520
5040981,Maxbel,12315.6,11812.70,-231,29790520
5054081,RaiRator,12181,11812.20,818,29790521
4471879,Caelan,12551,11807.42,-560,29790520
16117959,Dashyy,12610.9,11799.16,-1724,29790520
27250864,amakaKE,12800,11796.38,-1439,29790519
14438623,Dust kona,12671.4,11793.52,-1118,29790520
6303313,Mathyu,12692.5,11790.42,-1035,29790520
8772103,nuku0315,12475.1,11788.63,-289,29790520
11430848,Marksmania,12408.1,11788.26,-262,29790520
16290649,SyuCreaaaaam,12409.9,11772.83,-1124,29790520
16327582,gg1ng_gg4ng,12105.3,11770.24,1324,29790521
13157438,faheen,12676.6,11767.31,-1220,29790520
21953667,mon421,12492.5,11764.64,-944,29790520
18535502,Yukiama95,12161.4,11758.22,179,29790521
19185353,DELTAFLAIR,12765.8,11753.73,-1426,29790520
2568493,ztrike,11872.1,11751.84,1805,29790521
22606600,Wazudo,12547,11751.65,-1278,29790520
26926139,malpiszon69,12568.8,11751.40,-1298,29790520
11253595,Acii_,12470.3,11742.43,-906,29790520
8275687,jleste,11903.8,11737.00,1455,29790521
14359856,weareslaves,12188.3,11729.29,-227,29790521
14948488,-[TwoGabriels]-,12067.8,11725.70,84,29790521
11824060,I LOVE REQUIS,12753.1,11723.19,-1671,29790520
2335913,--Madara uchiha,12089,11723.13,1188,29790521
12182568,miyabi3,12218.6,11722.89,-266,29790521
35196282,n4no87,12499.3,11712.45,-1398,29790520
31291088,yabayop,12274.7,11708.81,-338,29790520
10648818,Mazzuli500,11999.4,11702.60,1182,29790521
1533122,Lightning Wyvern,11783.5,11692.18,1280,29790522
13122339,KaEDe1106,11751.7,11687.88,1968,29790522
10734140,Issai,12397.3,11686.65,-643,29790520
38133216,nayer,12203.4,11683.51,23,29790521
9950122,ShimeAlpha,12417.9,11681.18,110,29790520
30584095,yoinii,11988.3,11677.39,645,29790521
17812031,patrick05,12457.3,11670.59,-604,29790520
38391410,im9ly,12377.3,11667.60,-1649,29790520
9274708,kageminori,12344.9,11666.34,-552,29790520
1945819,demon mami,12497.5,11658.33,-1341,29790520
6580862,Midorimomoika,11993.8,11657.46,212,29790521
16422988,SUPERNOOB20,12398.3,11656.13,-1373,29790520
24082590,kentyuuu,11483.3,11654.89,1158,29790522
11457644,splyrg,12563.4,11650.45,-1728,29790520
12389421,feed_YR,12217.6,11645.98,-236,29790521
15304838,chirusura,11865.2,11643.91,1508,29790521
25140935,Mochii_31,12313.5,11642.10,-762,29790520
27870048,h2o2_n,12239.1,11634.39,-476,29790521
13890993,-Noval-,12563,11631.26,-1574,29790520
10674189,Kinovia,12025.5,11630.10,921,29790521
34473431,miji_,12286.9,11622.25,-643,29790520
15330641,SKRIS-MI,12176.2,11621.88,122,29790521
16688499,njshift1,12240.1,11621.30,128,29790520
31500644,d n c,12452.4,11621.20,-1210,29790520
34387821,tsikai,12481.2,11613.95,-514,29790520
11515189,Iko,12452.6,11612.84,-812,29790520
15625432,[Crz]rebellion,12103,11609.35,-705,29790521
16455092,_Lise,12337.1,11609.06,-437,29790520
30537391,amaino3,12375,11602.25,-1087,29790520
11632258,BigNounours,12431.2,11600.23,-1011,29790520
7844013,Mafuyu Kirisu,12141.7,11599.10,-484,29790521
16867717,ryme,12247.9,11598.72,-712,29790520
38544129,77hina,11971.1,11596.88,-849,29790521
34243138,Zer0ize,12117.6,11595.86,-719,29790521
10214260,TheFalek,12333.9,11595.10,-1488,29790520
8829696,-hatzu-,12168.2,11595.06,-109,29790521
1926383,Chupalika,11561.3,11592.20,3103,29790522
16101321,DzXa,11948.4,11591.43,1327,29790521
3901754,Cynplytholowazy,11942.2,11589.30,604,29790521
4376346,remiria3150,12096.1,11582.36,930,29790521
8818089,Vendelicious,11667,11581.63,2125,29790522
34750396,heitonto,12005.9,11580.63,-1102,29790521
1490757,YERTI,11922.8,11576.74,1291,29790521
7700831,mitragynine,11609.7,11557.71,1883,29790522
15870307,MuraToy,12339,11553.25,-1455,29790520
8925569,Koto-chan,12059.9,11549.79,316,29790521
1292021,woam99,12072.9,11547.65,-148,29790521
4499547,Digsuke,12012.9,11547.62,252,29790521
37273638,monset7se,11310.4,11545.99,263,29790523
23395646,sigmax123,12201.5,11541.86,-615,29790521
2856150,Varbelsak,11618.7,11533.55,2462,29790522
3320280,WoahE,11875,11532.64,1640,29790521
14134115,LiLy1735,11891.7,11529.59,25,29790521
14433939,Kioshinxs,12205.6,11528.96,-507,29790521
10370310,KITEMMUORT322,12408.8,11528.51,-1251,29790520
5274209,Broken Chair,12084.2,11521.71,-170,29790521
16493469,jacky514,12264.6,11520.31,-1051,29790520
4588852,-Arato,11882.8,11518.62,614,29790521
5594381,riunosk,12219.2,11518.21,-945,29790521
16943565,T4B,11915.5,11515.62,889,29790521
19770798,guy7cc,11826.4,11505.53,999,29790521
25865268,NoRq_666,12491.7,11504.59,-1500,29790520
2865172,Briesmas,11698,11501.53,1930,29790522
854580,Mennock,11867.9,11501.28,845,29790521
32831855,yoezuu,11829,11499.50,1026,29790521
6214893,Cissrawk,11711.7,11496.54,2042,29790522
9421030,syysmyrsky,11801.4,11495.76,1157,29790522
9964420,paz08,12003.7,11495.69,-10,29790521
18718856,New-Zealand,12066.4,11491.78,-226,29790521
37624252,kalma2,11914.4,11487.78,193,29790521
24838906,Reizeii,12093.7,11477.10,-732,29790521
14544810,maniashallah,12317.7,11475.18,-1239,29790520
21203707,emifuu,11956,11474.82,451,29790521
5309575,_Rydan,11559.1,11473.12,2032,29790522
23996128,sum1randome,12451.8,11472.96,-1784,29790520
10705760,mist_0616,11941.4,11472.07,269,29790521
1625581,Thomas Papillon,11743.2,11469.66,1116,29790522
6252972,shinnme_ao,11872,11466.88,-57,29790521
33359101,Sakanafuyu,11887.4,11465.92,88,29790521
5207783,6_6,12017.8,11450.96,-188,29790521
36128025,fotsuki,11171.9,11448.63,909,29790523
13345184,Totodileuh,11839.7,11447.55,-598,29790521
6395930,Glaceon-,11757.5,11445.77,888,29790522
18402417,limulimu0910,11795.7,11444.97,909,29790522
18826833,QLoria,12400.6,11442.74,-1284,29790520
34406661,D41Y4,12173.4,11440.33,-873,29790521
33413494,AnjaAG,12284.6,11434.60,-1874,29790520
21990398,MattyIce,12054.1,11429.53,-307,29790521
8321917,sakuya1341394,12109,11415.64,-578,29790521
19398027,Ting_Min,12341.4,11415.52,-1196,29790520
9760363,ukasoh,11894.8,11415.25,29,29790521
7955738,C-light,11836.9,11409.86,331,29790521
34362997,JoseloFxD7,12178.4,11408.92,-1050,29790521
973409,-RizuMu,11348.4,11403.04,2395,29790523
14608076,causa1,12005.6,11400.79,-269,29790521
34713202,mochimochi_3,11869.5,11397.39,-222,29790521
19572709,SirousaE_4,11972.7,11396.26,-627,29790521
2505011,Shinzui,11808.9,11393.75,763,29790522
26337036,GX3KA4,12044.1,11386.38,-1134,29790521
7247654,PlayerNameHere,11747.4,11382.71,-54,29790522
30277006,produde14,12028.1,11374.74,-742,29790521
6476359,New,12061.9,11372.39,-940,29790521
2412835,koneeejo,11819.9,11370.96,886,29790521
2732162,k06y98ma,11487,11369.36,1933,29790522
8856806,ChocoPafe,11559.6,11367.28,1235,29790522
7528639,Teezel,11878.9,11362.40,406,29790521
11515892,Bin-,12076.2,11356.12,-929,29790521
31198498,Rookdaooooo,12110.1,11355.67,-797,29790521
6306704,Friggy-chan,11693.9,11352.12,1144,29790522
15232470,Syni-,12164.2,11350.07,-1067,29790521
22419404,mirovh,12043.5,11346.44,-154,29790521
12085251,OvO,12239.6,11346.42,-1630,29790521
22747806,na7yuta_osu,12095.4,11346.09,-1177,29790521
4364791,Metsaller,11653,11344.89,984,29790522
8497680,Henni,12048.4,11338.45,-720,29790521
19646138,JesusgBonnie,11524.9,11338.10,1311,29790522
2164993,Fynbi,11706.2,11333.83,846,29790522
4166621,awawa,11974.1,11328.24,-426,29790521
39434508,Sakuu19,12047.5,11325.30,-918,29790521
21823783,ecolo,12050.9,11325.09,-415,29790521
4125666,crim,11919.2,11321.85,355,29790521
35968093,Negroani,11851.4,11320.16,-247,29790521
3597096,Sivies,11615.9,11319.95,-705,29790522
866297,xMrtn-,11245.2,11316.87,2329,29790523
18397349,Arityle,11836.1,11313.60,84,29790521
8383573,luva,11676.8,11311.51,460,29790522
7390420,gumia0127,11830.7,11309.26,0,29790521
38282448,kuri0223,6154.42,11308.11,564,29790550
13042047,senbei0721,11457.4,11304.50,968,29790522
14340431,neko8325,12008.4,11295.41,-763,29790521
18337685,SzymeK_,11886.1,11293.01,-1434,29790521
8998040,Maloacoa,12057.6,11288.84,-1014,29790521
24820503,nyakki,11703.7,11287.84,474,29790522
38462808,yukaryu,11525,11287.69,617,29790522
18916920,Quiet Water,11499.8,11283.74,1669,29790522
6806934,NeoAxel,11742.7,11283.59,226,29790522
10633982,Metzo,11280.6,11282.56,2140,29790523
32586730,Ventrick,11704.3,11279.01,9,29790522
31929579,mires,11713.7,11270.50,183,29790522
10864040,Heipharambe,12196.3,11265.49,-1228,29790521
7500364,Xeltic Rival,11557,11260.49,1233,29790522
12056208,O0Q0O0Q0,11739.2,11255.62,-292,29790522
810813,HM495,11220,11252.10,2257,29790523
10623882,Heasive,11921.9,11251.25,-131,29790521
1271807,sti,11992,11248.61,-1178,29790521
36451150,3403779134,12033.1,11248.56,-730,29790521
4310087,Quin999,11975.7,11244.71,-1052,29790521
4802147,AliceCarroll,11734.4,11243.48,36,29790522
9604512,raxon,12143.8,11226.08,-1242,29790521
17526815,DemonSlayer6669,12000.7,11225.72,-1259,29790521
15515516,LilyBun,12003.3,11220.47,-1213,29790521
8957119,wth,11509.7,11220.40,655,29790522
13649560,Taa-ko,11465.2,11214.04,700,29790522
25695490,W-108,11648.4,11212.09,1115,29790522
40154557,nasea,11475.1,11204.38,981,29790522
17398531,Moriya315,11581,11203.62,104,29790522
5006818,drumchanon,11597,11201.21,772,29790522
31953268,Kuratake,11759,11196.85,-773,29790522
19337995,Zerkavitch,11921.1,11195.40,-1058,29790521
8306155,kabotyan442,11553.1,11194.72,248,29790522
1451311,whosthebox,11387.7,11185.50,1782,29790523
7935131,Quantom_osu,11361.9,11182.40,1271,29790523
8824190,mstf1925,11443.9,11179.90,1109,29790522
13385865,Reyi,11595.8,11179.25,2199,29790522
37836923,reinaorigon,11752,11176.81,-1018,29790522
34996709,s1gur,12004.5,11172.11,-1462,29790521
14088526,shakegohan_jar,11433.7,11166.75,1264,29790522
35528037,setuna_9,11926.3,11163.69,-1101,29790521
29177350,Ay47yA,11291.7,11163.69,1531,29790523
22221875,Nyarlathotep,11855.7,11161.19,-590,29790521
38228016,killwithIove,11236,11160.71,826,29790523
39461741,omega-OROCHI,11653.5,11160.56,395,29790522
13488325,ottenst,11897.2,11159.36,-725,29790521
29835234,SukaRuku,11895.4,11157.34,-1155,29790521
2563435,Captain,11934.7,11155.08,-711,29790521
37830634,wa5,11915.2,11153.01,-453,29790521
10480961,TkonicRabid,11845.9,11140.37,-683,29790521
11232658,satera88,11474.2,11138.80,963,29790522
7258362,Rai,11624.4,11138.00,-489,29790522
10489413,4mehibiki,11629.9,11136.70,383,29790522
37080274,_yamipi,11624,11134.22,-624,29790522
30933929,m__i,11888.2,11133.86,-1096,29790521
6647589,smelly DVD box,11489.8,11131.30,476,29790522
27484367,itsnicki,11924.9,11130.57,-1250,29790521
35215322,stymlooor,11848.7,11130.29,-1252,29790521
23015199,danielleisgod,11933.2,11123.28,-1225,29790521
35620411,xDeroama,11636.8,11121.56,-380,29790522
4707874,Chiyuki_Yuno,11464.4,11121.43,568,29790522
1676781,owatabito00,11065.5,11121.43,2390,29790523
2607498,Conor,11429,11117.89,592,29790522
14413148,Tcc_ow,11937.7,11117.39,-1398,29790521
6872873,Abdimitsu,11683.6,11114.10,-221,29790522
9805760,Brown918,11431.3,11111.96,1002,29790522
18092055,Inkcovenze,11796.4,11110.13,-360,29790522
2140739,Shinsekai-,11716.5,11109.32,-149,29790522
15756120,H1Pur,11447.8,11109.08,1062,29790522
11890001,IKIRI-ToA,11120,11107.39,1799,29790523
6890639,Fantazy,11696.4,11103.61,341,29790522
2211364,Shing_,11528.1,11096.55,779,29790522
5272167,Loc,11413.1,11092.40,907,29790522
5326467,YKocome,10831.7,11092.36,3256,29790524
13911899,Rezyia,11809.1,11090.84,-591,29790521
33041206,aait,11766.9,11088.74,-627,29790522
14832777,hashimoto1129,11682.1,11085.95,-306,29790522
10436827,Catbug1524,11496.8,11082.95,636,29790522
21740244,LBB22,11939.8,11079.81,-1686,29790521
15086387,0Ixcy0,11562.8,11079.14,227,29790522
2302140,boyan,11619.9,11073.19,-145,29790522
31177149,chanme,11296.2,11061.16,1222,29790523
35356189,tdgwapmj,11557.5,11060.78,-158,29790522
36183643,Keratti,10976.6,11055.91,955,29790524
35780950,ofuton,11906.8,11055.00,-1616,29790521
19093834,_percy,11893,11054.76,-1671,29790521
34612791,[Emillia4],11668.6,11052.18,-455,29790522
14838605,NekoTowel,11528.5,11049.40,-15,29790522
5394173,Nashigore n,11214.3,11042.92,1521,29790523
14272451,Juztan,11759.7,11041.50,-679,29790522
14225226,_HeLLFly_,11780.7,11038.16,-1013,29790522
36523069,pewkass,11816,11038.07,-1057,29790521
4007649,ikin5050,11625.8,11037.57,-391,29790522
28756454,Object058,11740,11036.69,-1135,29790522
18560307,Silicosis 2,11806.6,11035.26,77,29790522
17053470,usatake,11734.1,11033.31,-648,29790522
6657019,Moonwake,11754.2,11030.88,-752,29790522
3383404,OtakusRin,11534.1,11027.95,611,29790522
11148429,MichiMoon,11846.8,11024.07,-1229,29790521
1049467,PM____,11135.2,11018.99,2450,29790523
9786011,Ingrid10,11526.6,11017.56,196,29790522
25310542,zienkee,11492.2,11016.47,-642,29790522
13519759,Vardex,11635.4,11011.72,-917,29790522
11913050,8Neko,11526.7,10996.87,-557,29790522
36475495,heaven5,11705.4,10985.40,-1509,29790522
3784062,amuzaK,11190.9,10977.79,927,29790523
11002287,Sugamii,11272.6,10973.35,595,29790523
10167542,vernonlim,11640.2,10972.76,-663,29790522
35065923,nayu_s,11559.5,10971.98,-757,29790522
12803930,HHVanilla Ice,11219.6,10970.02,808,29790523
19242291,SISSELAQQQ,11705.5,10968.40,-735,29790522
12549834,arianeru,11466,10957.72,0,29790522
12424533,Acky_chinolover,11209.6,10955.77,1152,29790523
11716851,skolodojko,11266,10947.77,845,29790523
4616752,yuzu__rinrin,11082.5,10945.01,1566,29790523
11262025,Fenrisul_fr,11625.7,10944.41,-772,29790522
10547895,reu_nano_,11147.3,10943.58,1715,29790523
17914394,-nevo-,11496.9,10940.94,174,29790522
2610149,sed234rrr,11056,10940.86,1276,29790523
39237083,simomomo,11655.7,10937.72,-900,29790522
1346121,Iojioji,11415.7,10929.32,299,29790522
36972866,LSLV,11508.8,10926.66,-739,29790522
14621140,miklin cluro,11915.3,10918.43,-1846,29790521
12086753,JyaKeii,11312.6,10916.65,572,29790523
5285438,OneBurstMan,11331.4,10914.48,759,29790523
14886532,Azelikeu,11435.4,10912.00,-1,29790522
39486387,Kich619,11468,10910.79,-1135,29790522
12871335,Rubydear,11705.2,10910.41,-969,29790522
24562935,Xe2326,11255.5,10909.67,605,29790523
26012543,-M_A_T_C_H_A-,11620.6,10904.45,-587,29790522
7563054,Taka030,11303.4,10899.69,1179,29790523
22516156,CocoDig,11797,10894.99,-1599,29790522
10998824,Twi Telescopium,11823.8,10894.71,-1427,29790521
7945286,Hermite,11527.2,10893.75,-527,29790522
27616965,Strufe,11353.8,10891.34,170,29790523
3040937,Mayline,11446.8,10888.43,-538,29790522
21893710,makaki,11474.8,10886.41,257,29790522
10913397,ZaveryK,11320,10886.21,399,29790523
17002199,yashaaa,11565.3,10885.12,-876,29790522
1686908,Nanashi-,11032.5,10884.92,1293,29790524
7169208,Nozdormu,11214.4,10884.56,515,29790523
19161909,Arhythmix,11302.2,10882.65,-590,29790523
17823779,Farmer Brown,11616.5,10882.44,-927,29790522
7234023,Mills,11517,10880.74,-447,29790522
10220001,kanikama78,11032.3,10878.43,1113,29790524
24300079,Leon_ytb123,11661.1,10874.17,-933,29790522
4687701,Dropinx,11821.7,10873.77,-1445,29790521
19747043,flakeur,11388.4,10863.83,753,29790523
19352364,Ribboni7,11439.2,10860.08,68,29790522
1164931,Alepat,11303.6,10856.11,803,29790523
10999079,Veltlion,11583.3,10851.43,-897,29790522
16725206,Raizing0,11277.1,10847.17,613,29790523
19937614,Noledge,11709.3,10843.54,-1445,29790522
128993,MMzz,10934.1,10843.50,2093,29790524
28998720,kk47bowser,11479.6,10842.29,-164,29790522
11966019,wulf,11561.9,10841.16,-1380,29790522
3995068,Labyr,11081.1,10831.85,1285,29790523
23280447,hosesan1020,11452.6,10829.68,-645,29790522
14225265,HenNEET,11201.6,10827.77,188,29790523
21942127,vnl,11473,10826.02,-315,29790522
18962994,tacos334,11529.1,10825.82,-538,29790522
11630179,bugfinder1610,11379.5,10819.19,-855,29790523
16530589,trimopp k,11101.3,10816.28,1203,29790523
4045475,Bonehead,11039.5,10813.00,1424,29790524
17247832,derikawa,11286.8,10812.83,348,29790523
8049216,Dotory,11490,10807.07,-449,29790522
481582,Yuzeyun,10970.6,10803.78,1770,29790524
8082362,TrickyPugster,11788.4,10802.78,-1812,29790522
2660111,SHK,11127.1,10802.48,1192,29790523
18425848,ParraCharlie,11391.3,10798.67,-257,29790523
36687071,kokokoko,10927,10787.85,1218,29790524
16039831,buttermiilk,11237.1,10782.75,564,29790523
7575086,Capl1c0,11409.1,10779.95,-224,29790522
6651672,katacheh,11281.7,10779.23,768,29790523
30838266,baddoon,11076.2,10778.15,-892,29790523
10126927,Salimen,11140.2,10774.77,607,29790523
6232458,[Crz]FolAH1217,10862.8,10773.65,1459,29790524
16997964,Asuna 7,11230,10767.81,-1254,29790523
17776893,aimebitte,11354,10760.51,-310,29790523
12613966,MYANGELYUKI,11333,10760.46,25,29790523
35468051,log3519,11309.9,10750.75,-1062,29790523
5287838,bubbisha,11382.6,10750.10,-668,29790523
965038,NeGaTiVeMinD,10645.3,10746.47,2805,29790525
12082654,decidef_WEL,11570.2,10743.91,-485,29790522
18065598,azu420,11573,10739.19,-1656,29790522
10625447,CrayZeei,11517.1,10738.91,-1172,29790522
14396597,TYURO,11013.2,10738.46,904,29790524
17288302,GhostPsp,11353.7,10738.04,-499,29790523
26032976,ue ue,11059.1,10733.17,546,29790523
7850538,ilv_Rem,11027.9,10730.48,850,29790524
13324405,cube_0111,11422.7,10725.99,-843,29790522
13253502,knee co,11443.5,10716.23,-1306,29790522
15118934,KyeX,11435.1,10713.68,-785,29790522
11880324,Miunagi,11286.4,10712.88,-338,29790523
25606416,Rikkadasu,11409.7,10712.82,-1626,29790522
374950,kevin3333g,10327.1,10711.05,3550,29790526
8339729,pisu,11466.4,10708.69,-492,29790522
33984717,Done_4545,11017.6,10708.47,401,29790524
37592753,no-nemu,11355.3,10701.63,-937,29790523
21425611,Chikinraisu,11326.2,10692.24,-373,29790523
24326387,wwwwww,11471.5,10691.87,-941,29790522
8808087,- Nothing -,11467.1,10691.38,-876,29790522
11722058,CacoPholey,11382.3,10689.52,-1050,29790523
5250153,alexinet232,11144.9,10687.79,312,29790523
465153,OzzyOzrock,10849.2,10687.16,1963,29790524
9709548,driodx,11017.9,10680.14,1020,29790524
663075,KiruTerina,10881.3,10677.66,1118,29790524
16881532,yajyusen,11228.4,10670.47,-86,29790523
9901645,GARAKUTA0813,10997,10663.13,582,29790524
5425594,Esaphia,10919.7,10662.30,121,29790524
28489845,HazyXpotot,11108.5,10659.98,40,29790523
34876835,DarkVanty,11151.7,10656.63,-766,29790523
7137930,Sleepti,11376,10656.01,-619,29790523
17664300,K a y o k o,11144.5,10653.03,46,29790523
27997121,basshhii0610,11463.1,10649.57,-860,29790522
211825,L y s,10733.5,10647.25,2013,29790524
8532419,Mew S,11176.2,10639.38,-375,29790523
9135328,KEOM_KKO,11022.4,10632.11,-1184,29790524
7165127,Jintsuu,10906,10630.93,1511,29790524
21072436,s6ha,11549.2,10627.55,-988,29790522
3724819,Player-,11041.2,10626.75,462,29790523
33502484,Aokanav,9384.29,10626.63,-920,29790529
7241253,laisbgvi,11186.9,10622.35,490,29790523
34285753,ky-43243,10967.2,10618.25,472,29790524
13660273,fhz,11155.6,10613.46,-372,29790523
29984206,imai0718,11161,10608.81,-817,29790523
10678230,Irone OSU,11091.3,10608.78,464,29790523
10172860,Grimnir,10914.2,10607.05,973,29790524
30705971,BelgiumGL,11403.8,10605.54,-812,29790522
33699264,youma2009,10823,10605.42,1138,29790524
18162583,VoxL,11391.5,10601.64,-1244,29790523
39751622,pocoti,11331.5,10600.41,-743,29790523
38438639,Applecheegyu,10952.2,10599.57,-948,29790524
6107943,tatatat,11349.9,10597.56,-978,29790523
1567055,Rio3201,10774.3,10596.50,1817,29790524
4733185,KonKonKinakoN,10763.5,10595.74,1701,29790524
7171110,MattrexDark,11216.1,10595.67,238,29790523
7041138,k3v227,10810,10592.26,1244,29790524
15216030,G2t,11050.8,10591.40,-220,29790523
22412132,Sqtake,11276.4,10588.09,-1158,29790523
10993337,ItsGrif,11340.7,10587.63,-1304,29790523
15131712,Mekrin,11508.6,10585.44,-1553,29790522
8306118,AceIn,11406.7,10582.01,-982,29790522
29474923,6614,11349,10578.27,-815,29790523
24026578,[0256]KIKURI,11408.4,10578.00,-1133,29790522
25233154,12kiwami18,11291.4,10575.00,-846,29790523
17870152,_yuu,11366.8,10573.80,-1217,29790523
7511357,animexamera,10752.2,10572.70,480,29790524
13588741,minsuekim,11186.4,10569.98,-327,29790523
15859748,BlXnK__,11278.6,10568.21,-384,29790523
5693717,Kakeudon,11153,10567.56,-5,29790523
4897790,- Sandalphon -,10864.6,10566.92,883,29790524
8593837,Etholux,10853.9,10564.78,853,29790524
31769710,quearts,11231.2,10563.63,-733,29790523
13392709,Emre1504,11015.8,10562.54,603,29790524
7916800,Flicker,11103.4,10562.05,-293,29790523
32696742,__t,10632.4,10560.28,763,29790525
6921736,Cychloryn,11004.9,10559.04,691,29790524
17002314,tumugi_,11180.7,10558.57,-334,29790523
33466839,maesil,11290.9,10557.99,-849,29790523
23598712,Axx_m,11020,10554.96,-169,29790524
33783668,Mutouhome2q,11425.3,10551.51,-1509,29790522
11341131,N a N a,11281.9,10547.47,-623,29790523
492418,Zean_old_1,10885.2,10545.57,741,29790524
34256041,Yonechan1,11358.9,10543.79,-1353,29790523
1631148,Shannon,10989.8,10543.36,202,29790524
15540527,Hommy0130,10696.3,10542.84,1276,29790524
29290577,surippu777,11049.8,10542.76,70,29790523
33330620,lkpaswde,11109.8,10542.64,-317,29790523
13457399,Usoxsich,11527.4,10539.95,-1443,29790522
12868384,mythicalrocket,11501.6,10537.34,-1941,29790522
30833942,Co3los,11265.9,10536.61,-1083,29790523
12294759,-Caredu-,11135.6,10533.70,-44,29790523
25257487,takumin795,11124.3,10532.95,-503,29790523
19628248,bereavement,11235.2,10531.35,-760,29790523
17777679,Moziizumi,11007.2,10525.97,2,29790524
32315374,ShrekVexvn,11170.1,10523.51,-68,29790523
14473687,Count_B,11086.6,10522.62,-577,29790523
16100800,ICECAKE,11292.7,10515.36,-663,29790523
14076207,nanahira_fan,11070.3,10511.05,462,29790523
7289284,Ping7731,10998.3,10511.02,339,29790524
34154414,kanraaan,11155,10510.90,-512,29790523
32491496,G1nD4m4,11083.3,10506.84,-484,29790523
9892196,Hoshikuz,10849.5,10503.78,621,29790524
12502315,TheDanBogach,11144.6,10503.38,-505,29790523
6936385,Planecakes,11200.1,10502.62,-800,29790523
15430904,ruinqs,10961.6,10497.36,808,29790524
10151766,shougi_55,11134.7,10493.86,35,29790523
21403052,Angelina Kudou,11057.3,10493.85,-258,29790523
4013317,Servatory,10852.7,10493.77,552,29790524
4993032,Alchyr,10850.1,10491.07,961,29790524
18539549,Leriola,11037.4,10479.15,-633,29790524
2849992,Garden,11240.8,10479.07,-1187,29790523
22269440,Hy1ChaNTT,11399.4,10476.92,-1538,29790523
14942478,Tukumo_162,10900.8,10470.86,695,29790524
12749779,[Lily_White],11047.2,10468.90,471,29790523
17381947,plush seal,11127.2,10467.07,-620,29790523
3193698,tsunayan,11039.9,10461.60,624,29790523
4122437,nanoka,11322.9,10461.40,-1498,29790523
34516901,apo11-0,11122.5,10461.23,-816,29790523
37107205,Prime730,11228.8,10460.42,-946,29790523
263110,Backfire,10947.2,10453.30,382,29790524
12018470,Public-Sama,10826.7,10450.79,951,29790524
17050115,qish,11046.9,10445.75,-324,29790523
36682714,catsugiri,11357.6,10444.61,-1573,29790523
35688826,commoi,10896.7,10435.66,-1841,29790524
35863392,MyWifeFuuka,11016.2,10435.05,-804,29790524
9029238,uranosu1030,10776,10434.51,983,29790524
7280590,InBefore,11072.5,10434.17,-231,29790523
14748844,qRainbowSmile,11002.6,10433.52,170,29790524
10615367,ERA Pheon,11044.3,10431.19,-1354,29790523
37140448,Maksim_Lukin,10762.7,10429.84,121,29790524
8925266,Haadez,10712.6,10422.63,1135,29790524
6473147,Kerill,11196.4,10419.92,-1060,29790523
9623142,Minh,10914.1,10409.23,-106,29790524
3224958,roko100789,10505.3,10407.33,1581,29790525
18766595,Kyuui,10940.8,10406.58,-144,29790524
2217753,watun,11160.5,10404.73,-489,29790523
21665031,Pa0tte,11021.6,10404.63,-389,29790524
10885187,Monaka,11205.4,10402.24,-1210,29790523
12991343,Taichenko_oni,11030.3,10399.56,-301,29790524
6835183,Tsubasa2,10911.7,10398.90,437,29790524
3522512,Kita Ikuyo,11035.1,10398.44,-679,29790524
16898745,Animax25,10636.4,10392.89,1149,29790525
7269844,Zippywin,10895.5,10391.72,-537,29790524
2913584,acid,10966.5,10391.20,-452,29790524
30818471,shigetyan,11247.3,10388.05,-1239,29790523
33668768,Gravy Nova,11061.9,10379.32,-661,29790523
1538223,Roger,10518.6,10368.22,1519,29790525
205257,Fraolinch,10643.1,10366.37,1288,29790525
27702610,Freeze7,11138.8,10365.63,-426,29790523
14706521,Ognjen3800,11042.9,10361.23,-998,29790523
35708533,- GLY -,10930.2,10354.01,-466,29790524
1619547,MikuWRS,10628.3,10353.63,967,29790525
24331524,Renchi2525,10630.2,10351.97,412,29790525
12373386,GOD-Plus,11171.3,10350.40,-1148,29790523
29596080,asukaderadera,11165.8,10347.98,-1437,29790523
36334026,mya-3aoi,11272.3,10345.69,-1179,29790523
12404211,whoa,10725.6,10341.12,28,29790524
9044692,HEKUSODASU,10669.6,10338.26,819,29790525
6836658,quackadoodle,10782,10334.93,233,29790524
32813279,Sehat,11151.4,10333.32,-1309,29790523
4213375,meyu841,10194,10329.53,1976,29790526
11046507,Mag1234JP,10901,10329.17,-510,29790524
17706864,animotisy,11312.4,10328.25,-1473,29790523
1926937,ice man007,10509.5,10327.38,1716,29790525
33900732,Cultyz,10458.5,10324.92,604,29790525
36558139,tomeight,10060,10320.85,1037,29790527
9856910,Gamelan4,10545.4,10316.74,1564,29790525
15266747,--Xer0--,10868.4,10314.20,-1297,29790524
24002878,Zest2822,11133.2,10310.00,-723,29790523
547957,Nakarin,10871,10307.40,208,29790524
18929393,reido_iw,10403.1,10305.19,1250,29790525
11276129,elcho,10660.7,10301.01,893,29790525
4093293,Umaibo_Umai,10545.6,10300.03,1025,29790525
17668607,[BBC]Senzawa,11269,10295.27,-1475,29790523
35005298,Lxcixl,10813.7,10295.04,-84,29790524
25093656,hinononiton,11005.8,10294.36,-439,29790524
9117835,Beesu,11052.4,10293.56,-800,29790523
8024582,_Alice,10913.3,10289.11,-377,29790524
11263453,frla,10943.2,10288.77,-1048,29790524
38256111,o20w05o,10233.3,10284.23,-559,29790526
17833202,a_sa_hi,11025.7,10283.22,-1240,29790524
34775207,Lithium_L,11009.3,10280.95,-585,29790524
17081300,korok,11070.5,10277.93,-783,29790523
6300185,m1kado,10761,10277.26,121,29790524
14800030,layxa,10586.3,10274.89,816,29790525
7257168,VestaraKhai48,10780.8,10268.18,-409,29790524
11417629,kitty irl,9777.25,10265.42,1218,29790528
14119296,Tart-22x,10777.3,10262.46,236,29790524
16344784,xtxacc,8624.98,10260.97,-1127,29790533
2839766,CG624,11020.1,10260.29,-1054,29790524
1703330,Hanjamon,10536.8,10260.00,1434,29790525
14077499,Ri-Ru,10622.6,10257.49,330,29790525
5421176,P h y s i c s,10783.6,10253.62,-32,29790524
15918359,9_6,11029.1,10249.90,-1002,29790524
9567727,loutes,10797.4,10249.57,-258,29790524
1074143,[TaikoTori],10474.9,10247.00,1126,29790525
32052778,koaruhi,10978.2,10246.50,-693,29790524
9687503,KMYK_,10752.3,10245.63,575,29790524
16680872,noslowdown,10275.8,10245.25,749,29790526
17084337,sijimiA,10730.5,10244.24,289,29790524
1892059,- Yuuka Niya -,10333.2,10244.17,1842,29790526
9535088,kaito765,10583.8,10233.66,610,29790525
16830329,Vallejo,10963.7,10233.23,-1111,29790524
33797191,Mothers Rosalio,10952.6,10231.51,-1064,29790524
12172227,Sakupen Circles,11087.5,10230.32,-1209,29790523
34734429,hotvegetable,10296.2,10227.77,-218,29790526
1207106,Rappu,10462.3,10223.65,1312,29790525
11823851,49Leo,10776.2,10218.83,-542,29790524
2615199,Atreevete,10679.5,10213.85,-121,29790525
25611653,thesuslulkid,10807.5,10213.41,-289,29790524
8833940,Wilaner,10677.3,10211.13,-465,29790525
12268857,autumndayo,10735.8,10208.21,425,29790524
8438068,Furball,10972.8,10206.83,-1035,29790524
8628814,_Faithful_,11043.1,10205.52,-1025,29790523
3909293,DemonWaves,10496.8,10203.37,714,29790525
16734692,mintia,10917.1,10201.32,-159,29790524
10449125,Tfer,10710.2,10190.16,-429,29790524
36012045,Boko,10448.1,10189.64,621,29790525
28608716,Bonono man,10318.2,10188.36,654,29790526
3831514,Rimazii,10931.4,10187.00,-230,29790524
11294874,Dark G Reaper,10889.3,10183.91,-795,29790524
30243509,S3V21,11017.7,10180.65,-1257,29790524
20512411,micqaal,10529.8,10180.52,-1282,29790525
22371258,EndlessLove,10876.9,10180.03,-716,29790524
15789614,BlueRose765,11034.8,10173.95,-1120,29790524
11783016,beijing beef,11028.1,10171.18,-1131,29790524
14674254,kur4yam1,10418.9,10166.21,1227,29790525
16669841,amni sd,10061.1,10163.05,2041,29790526
6777358,beaw,10434.4,10161.04,680,29790525
3706996,JackRaBeat,10721,10160.91,-27,29790524
9920534,Rinchoce,10717.9,10160.75,-24,29790524
11990749,Enko_chan,10444.8,10159.58,1202,29790525
35309145,Gelopp1,10688.4,10158.41,-272,29790525
6938310,depth172,10563.5,10153.08,138,29790525
10196449,Socus,10448.6,10153.00,1259,29790525
4112610,kurage1735,10332.8,10150.05,1644,29790526
766371,qoot8123,10394,10148.40,1112,29790526
17787564,AnZaaayy,10668.7,10142.29,-494,29790525
10130688,twopebbles,10581,10140.40,579,29790525
901896,Makou,10724.6,10138.71,31,29790524
23244640,Kelbii,10532.6,10137.65,319,29790525
19285281,YuPrinse,10792.3,10136.77,-918,29790524
11447466,Issuko,10619.2,10135.94,512,29790525
12548363,LC0RT3S,10435.3,10132.81,219,29790525
19611305,tiresome_,10909.7,10131.79,-1145,29790524
36624742,aooooki,10572.9,10131.07,199,29790525
5422683,TrueTempo,10838.7,10130.89,-882,29790524
4697878,Saturn-,10503.4,10127.44,291,29790525
38564118,EvgeshaXT,10407.4,10125.64,1132,29790525
8512755,Arach,10689.6,10125.25,251,29790525
7792942,Chilly-,10835.3,10121.12,-785,29790524
6296932,sakakuxx,10781.3,10118.57,1,29790524
12409081,Irida,10936.9,10117.56,-1326,29790524
515277,tiamus,10441.2,10115.43,1007,29790525
34274874,singi2241,10251.5,10112.23,974,29790526
3073525,- Lui,10607.2,10111.15,161,29790525
22855242,ErMiso,10960.4,10109.94,-1210,29790524
27789192,m0ffless,10141.3,10108.20,1991,29790526
18850422,SIVA_217,10934.5,10106.07,-1474,29790524
4293990,sjfd,9976.85,10098.78,2946,29790527
697007,Hatsuse,10614,10092.03,357,29790525
31211041,uxoxu_oxo,10561.5,10088.31,-47,29790525
10767070,AutisticImouto,10357.2,10087.56,845,29790526
224280,Sanjenin Nagi,10470.8,10086.06,649,29790525
10871059,Rakuten_Teki,10911.3,10083.71,-1379,29790524
10005040,doradora321,10425.3,10076.49,253,29790525
33529613,goro_1708rn,10290.4,10076.48,1105,29790526
6443899,Niro-,10222.2,10074.84,1304,29790526
14631339,lnote_,10760.8,10074.21,-802,29790524
19530236,VanillaSky7a,10771.5,10071.75,-1016,29790524
10529105,Namfu,10693.9,10064.74,-768,29790524
6413125,juanilp4evr,10320,10064.17,1470,29790526
34833133,Take9,10003.8,10064.00,-990,29790527
3715691,Tapi,10599.6,10063.98,-133,29790525
2250747,mgtjo9999,10025.9,10063.20,2374,29790527
10792537,lut,10181.6,10062.65,1293,29790526
11094496,demonking7447,10809,10057.95,-487,29790524
13898575,JoJo113,10765.6,10057.47,-447,29790524
1488736,ll-oscar,10297.5,10055.87,1350,29790526
22698999,hi_there_osu,10658.8,10051.50,-472,29790525
6626190,kuusuke,10401.8,10050.03,349,29790525
13335015,SawattoJP,10791.6,10048.46,-1286,29790524
10850240,Sasa_,10690.3,10048.26,-366,29790525
8822535,Tino Argeni,10869,10046.33,-1158,29790524
15429414,dots_,10660.6,10045.29,-690,29790525
36455440,shashamo,10543.5,10040.95,-531,29790525
9489153,QEpicAce,10773.1,10039.49,-960,29790524
5302326,tsarbomba,10488.6,10035.06,418,29790525
7822081,-Ryan,10576.3,10031.86,-143,29790525
18467765,LmmAK_ld,10526.1,10026.74,132,29790525
8438530,l0weXp1oder,10900.9,10024.95,-1201,29790524
22193001,cherry desu,10633.1,10022.55,-1543,29790525
7394522,Rycy,10550.4,10021.04,483,29790525
10000211,suama1,10780.2,10020.24,-962,29790524
18275040,Helox,10666.5,10017.77,-1159,29790525
3992017,Hi Im Faker,10367.3,10015.12,1517,29790526
14050018,Gomen Yuuka,10721.3,10014.45,-815,29790524
8947341,Loff,10314,10008.95,1006,29790526
33254568,HungarianLolz,10695.4,10006.58,-443,29790524
8502764,Uni99,10202.1,10003.45,1105,29790526
31194565,takotaberu2948,10709.5,10001.83,-589,29790524
7160379,TheRedMati,10415.7,10001.17,654,29790525
7902082,Hotman,10628.5,9996.33,-292,29790525
6201335,[ Megu ],10870.6,9994.73,-1244,29790524
12876952,-Undefined-,10370.8,9991.34,346,29790526
5013564,ayyEve,9963.49,9990.69,1920,29790527
1530993,-xNaCLx-,10254.8,9985.58,1232,29790526
31429905,iPhone 13 mini,10482.2,9982.94,409,29790525
18912101,takano536,10673.9,9979.25,-854,29790525
9575624,R_Xink,10425.7,9976.98,52,29790525
14861282,pastelliano,10262.7,9976.41,725,29790526
26031324,Hkefp,10638.8,9974.51,-1032,29790525
35809052,TakanashiR,10731,9971.74,-1186,29790524
15672456,Ninlafu,10448,9969.98,-151,29790525
136385,xtrem3x,10582.4,9966.86,-260,29790525
4850066,Can,10728.9,9966.05,-1048,29790524
12248585,Sushibom,10537.7,9962.77,-184,29790525
35702997,ivil,10228.5,9962.00,610,29790526
9841880,Krishel17,10631.6,9961.92,-399,29790525
12130311,-Lucoa-,10622.2,9956.63,-222,29790525
14292228,Articlle,10205.7,9955.92,885,29790526
37198205,sominyuu,10264.7,9950.83,536,29790526
10796515,EvillCore,10259,9950.80,462,29790526
1082814,zxc83241,10075.3,9947.68,1576,29790526
24625655,SytHam,10749,9946.05,-1273,29790524
3086475,haruya225,10195.7,9945.36,1112,29790526
24728543,okazu_god,10484.9,9945.02,-155,29790525
37362987,Fuchs1q,10171.7,9942.36,-92,29790526
17194299,-Meteor-,10716.3,9939.05,-1125,29790524
35831210,kamitani41,9920.44,9934.58,1382,29790527
4866957,ayomikasa,10392.5,9925.05,434,29790526
17872429,laps,10744.4,9923.56,-1363,29790524
1096240,Reissfelt,10691.3,9920.50,-783,29790525
32560677,km9r,9842.85,9920.42,1497,29790527
31484227,TUNAKAN2000,10720.2,9920.30,-1392,29790524
20489038,Bezmozglij123,10503.8,9917.69,-836,29790525
22750981,Defined,10524.4,9915.77,-601,29790525
9262355,Tsuki_yura,10564.7,9915.30,168,29790525
25094413,raynald,10523.2,9915.11,-662,29790525
7041990,Chaosfan,10335.3,9914.64,680,29790526
10494860,MashedPotato,10538,9913.39,-560,29790525
6894424,Blue06_,10555.9,9913.16,-667,29790525
5671417,Heaxys,10502.4,9912.43,-631,29790525
11523326,-pineapple-,10619.3,9908.36,-1126,29790525
34963541,Rai_oN,9657.76,9907.71,575,29790528
1267030,kevin982226,10302.8,9907.46,855,29790526
6038576,nameless_11,10318.4,9906.12,718,29790526
10764969,ChivaJam,10662.7,9904.52,-825,29790525
2283446,vettel765,10496.7,9901.94,618,29790525
38159527,megane_donder,10491.8,9899.46,-215,29790525
21802096,wakusan,10611.9,9892.33,-824,29790525
9235001,paction,10180.6,9889.02,1175,29790526
7368943,sugarRune12,10170,9888.09,1145,29790526
11036509,HagareRu,10590.5,9886.89,-970,29790525
8257441,Pachekin,10588.6,9886.47,-1072,29790525
8838763,aceticke,10554,9880.01,-762,29790525
3487731,Bramble,10240.6,9879.79,1063,29790526
17078156,My Angel gura,10599.3,9877.72,-628,29790525
32843072,jamoji,10749.3,9877.60,-1388,29790524
29787888,fff123123,10500.9,9877.48,-687,29790525
7967465,Leeuwu29,10343.4,9875.74,304,29790526
17838237,kutouten,10557.2,9873.75,-701,29790525
30820738,noober2,10603.5,9872.12,-1001,29790525
13409407,bakji,10477.9,9869.87,-351,29790525
22907037,Invisible O,10692.3,9863.92,-710,29790525
15483812,CuLacllachan,10396.3,9863.35,200,29790525
36394580,hinatama,10652.9,9860.00,-1123,29790525
11680013,kumakki,9839.78,9859.80,1637,29790527
8987388,[Crz]LaoGan636,10528.9,9850.81,-275,29790525
6931932,Nazha,10328.8,9848.74,-196,29790526
29461821,nocopa,10002.6,9847.55,1159,29790527
18127876,kurie139266,10702.7,9846.51,-1254,29790524
32183491,mintchoc0,10189.2,9845.85,143,29790526
13679148,NGname,10337.9,9839.50,-374,29790526
37172172,shiinatyan,10417,9839.09,-1481,29790525
9676809,Nuggets-,10067,9834.70,1312,29790526
32752482,mqyumawo,10587.9,9831.26,-624,29790525
30432972,banakkotai,10452,9830.93,-542,29790525
14591918,AzukiSakura,10501.2,9827.52,-603,29790525
20128731,[ MG ] Yumiko,10322.6,9827.13,241,29790526
7209968,Kafuu,10260.3,9820.97,379,29790526
9628984,Shegard,10476.8,9818.39,-227,29790525
9517612,Plushsune,9918.88,9818.27,1386,29790527
18271627,grillroasted,10664.1,9816.99,-1006,29790525
25288942,uyu3,10349.3,9814.30,339,29790526
19859015,auneu,10462.6,9813.92,-616,29790525
2917312,Jona,9909.91,9812.08,1712,29790527
3728315,Barra,10416.3,9808.56,-544,29790525
11700865,Lemmie,10499.4,9808.42,-617,29790525
29297857,fesdw31,10506.7,9805.09,-796,29790525
36402293,girlie,9668.98,9804.55,866,29790528
38982461,FunniehJames,9789.73,9797.82,208,29790527
29532463,Terusan,10335.2,9795.47,361,29790526
14838522,Violin,10536.9,9783.71,-867,29790525
4641588,[Yuochan-0206],9824.3,9769.16,1566,29790527
38372618,pptpp,10109.6,9768.58,776,29790526
34255417,Walpurgiss,10204.7,9768.47,495,29790526
21779285,DrummerDragon,9954.28,9764.10,692,29790527
25956888,shinnshinn889,10500.1,9763.18,-937,29790525
4668842,Erst26,10441.7,9761.60,-786,29790525
11426995,rex0988476,10415.2,9761.55,-222,29790525
1188782,mikuhatsunegirl10,10534.9,9757.30,-884,29790525
6276709,Catulus,10410.4,9750.77,197,29790525
10507557,antigen,10280.7,9750.55,-301,29790526
19970447,King Furret,10481.4,9748.70,-1190,29790525
27848737,Sora_1061,10268.2,9744.12,-80,29790526
9028416,Shyza-,10087.9,9743.38,242,29790526
4408784,goatlife,10412.5,9742.37,39,29790525
14005209,_a9ua_,10401.4,9739.18,-635,29790525
11764134,Kurotsuki37,10499.3,9737.64,-1048,29790525
23647027,akari_chn,10522.8,9734.29,-1176,29790525
6574928,Happis,10381.3,9734.27,-242,29790526
28750311,faaaaas,10504.2,9729.27,-1426,29790525
11120582,wajosong,10038.8,9725.51,573,29790527
1544988,j73616,9613.15,9724.54,2499,29790528
13943427,Mirindai,10233.6,9721.62,-592,29790526
83291,omegaflo,10042.6,9721.21,625,29790527
31472656,Maromayu,10009.8,9717.23,640,29790527
2459469,suichanXd,10024.4,9716.66,491,29790527
8208142,GOM4,10087,9714.15,577,29790526
87546,Akiyama Mizuki,9894.35,9713.37,1323,29790527
4689256,eae,9944.67,9713.14,810,29790527
19047553,MelyRushia,10305.3,9706.34,-402,29790526
17379458,regu299,9786.67,9701.99,1437,29790527
19897367,AnanasW,10407.6,9698.38,-1290,29790525
8879204,TREEToTREET,10254.3,9698.04,522,29790526
1980256,komasy,9936,9697.94,923,29790527
35480611,Mixyy,10306.2,9697.42,-492,29790526
33813003,Kiuuukawitic,10023.7,9695.37,1037,29790527
33102244,proplayer weeee,9814.08,9694.25,763,29790527
9087132,Sakaki Taotie,10044.3,9693.27,921,29790527
6701207,NaleYuar,10081.6,9689.24,706,29790526
8369908,ryan940618,10226.1,9687.05,832,29790526
3643699,diegi,10344.3,9682.60,-263,29790526
21474133,Kenar,10167,9679.42,-158,29790526
13504695,Wassr,10190.8,9678.58,169,29790526
26116095,65miinion,9875.78,9677.53,62,29790527
4112195,7jasmine,10220.6,9674.07,619,29790526
23235016,Track917,10326.5,9672.30,-543,29790526
14248271,kakeru2315,10186,9671.26,-282,29790526
30080607,verycool_boi123,10160.8,9666.82,-355,29790526
8849448,Penvoltio,10096.2,9665.65,-10,29790526
7699030,ianpep,10526.8,9664.52,-1331,29790525
384034,BrokenArrow,10075.8,9657.37,418,29790526
6304161,umikaze,9836.66,9657.19,1784,29790527
38544953,miiyaa,10191.8,9652.82,-1060,29790526
32281511,yunese,10060.8,9652.22,104,29790527
37927552,ADWAFIIM,10227.5,9651.96,-434,29790526
19077203,DimonTheGood,10332.3,9650.96,-713,29790526
10054041,Jerops,10140,9650.55,32,29790526
37906845,ziblacking,9775.93,9649.76,1075,29790528
20161728,Pyruskitsune,10202.3,9648.53,48,29790526
6759472,dopamineFLOWER,9894.48,9647.09,1017,29790527
15420662,milpa,10448.8,9643.39,-1138,29790525
6050380,Maya Tendo,9789.01,9642.16,1234,29790527
13036880,puukusu,9969.07,9639.79,686,29790527
30458842,ioryov,10482.8,9633.97,-1306,29790525
21209893,Markiplier,10277.9,9631.60,-993,29790526
15340906,Fubula,9924.52,9631.01,698,29790527
6528929,hyun1,10423.3,9629.13,-1621,29790525
7715976,Wariatek,10284.9,9626.71,-441,29790526
12373902,Pachiris,10361.9,9625.98,-1108,29790526
11716366,Orcturus,10395.4,9624.45,-965,29790526
8631719,Tien,9578.36,9623.18,2147,29790528
4211142,Minengo,10244.9,9622.80,17,29790526
4084173,Yawarakan,9795.98,9622.27,1481,29790527
13223708,CANARY31415,9771.91,9613.77,1211,29790528
38651354,flamchangg,9796.14,9613.29,-68,29790527
29192289,sorachi,9904.19,9612.97,442,29790527
3672537,HimemiyaChikane,9821.82,9610.57,1690,29790527
33809456,HugoDonnerkock,10237.7,9607.80,-843,29790526
29393468,Eqxcel,10068.8,9607.66,-36,29790526
26218678,ark0101a,9892.31,9605.14,674,29790527
39503415,Reins_,9105.85,9600.79,-244,29790531
22002663,YzRacia,10187.1,9599.70,-329,29790526
16348899,Yasemin,10329.6,9599.34,-1196,29790526
10602205,MYMix,10217.9,9599.13,490,29790526
9581028,Toshinou Kyoko,10109.2,9598.25,299,29790526
11610495,[L]oSer,9778.57,9597.05,1203,29790528
11320798,Lix_0101,9866.48,9594.78,862,29790527
2463434,zigizigiefe,10247.5,9591.60,-314,29790526
11799304,brazos party,9796.89,9584.23,972,29790527
24025308,john343,10315.7,9580.05,-1100,29790526
17050171,yamaiy,10395.9,9577.91,-857,29790526
37257053,MonotonMusic,8943.95,9576.92,1850,29790531
7081179,Tevim,10097.6,9575.09,-196,29790526
30303352,T3nohira,10034.8,9574.39,-113,29790527
1787011,Falek99,10233.9,9572.00,-183,29790526
37143332,ousuke1001,10263.6,9571.03,-753,29790526
29026856,aisrate,9816.55,9570.02,-768,29790527
21799255,ThomasZQY,10018.9,9569.03,205,29790527
11488875,alekuu,10361.2,9567.88,-1089,29790526
21643105,ahirururr,10405.6,9566.41,-1448,29790525
12144395,pestoszx,10378.9,9564.63,-1264,29790526
7133228,Luwanix,9815.4,9564.35,753,29790527
31350995,Cae2q,10345.5,9563.90,-1364,29790526
13291360,jim-1207,10042.5,9558.15,7,29790527
26213723,ASU N,10078.5,9555.26,71,29790526
34310098,kamistato,10208.8,9555.11,-906,29790526
12819905,Ramherd45,9828.37,9553.23,1038,29790527
16912681,HaoDai1213,10000,9552.70,716,29790527
397297,RenKun,9358.91,9547.28,3223,29790529
1826898,ryafka,9849.45,9545.88,1063,29790527
25296492,yukino_387,9708.42,9545.57,1003,29790528
17392582,fshlasanoob,10203.1,9544.23,-1132,29790526
13353749,IJosephI[GS],9766.63,9542.24,684,29790528
2265974,wen294,9698.84,9539.80,1259,29790528
7109317,YonGin,9475.51,9536.35,2839,29790529
30617278,okkkkkkkkkkkkk,9995.98,9531.58,243,29790527
155707,aabc271,9479.31,9531.06,1882,29790529
28169878,ataki,10178,9525.65,-817,29790526
1222520,MineRiko,9710.53,9525.40,1613,29790528
34070921,hihiG,10177,9515.23,-861,29790526
11936599,Quibby,10084.4,9514.41,119,29790526
32738025,rmk03,10087.4,9510.47,-128,29790526
4949934,rubies87,9666.81,9502.88,1495,29790528
9611261,redbeancola,10104.7,9502.12,-350,29790526
1589409,mimi917,9799.06,9496.23,793,29790527
1461161,gyorin,9840.63,9495.45,821,29790527
11444001,SummerGuyKanz,10269.4,9490.93,-1101,29790526
14869946,Mitsukiiiii,10011.6,9488.55,-401,29790527
27161397,v5k,9891.1,9487.27,214,29790527
35653047,material583,9728.17,9486.56,1109,29790528
1764326,SAWA_PURI,9509.67,9484.61,1349,29790529
12645448,WinterIsPretty,9948.22,9482.20,-90,29790527
16045852,RaDiLBeLLFLoWeR,9516.3,9475.93,1769,29790528
11900347,IAmLunaaa,10014.6,9470.99,-300,29790527
14860617,Neymar 11,10009.1,9468.92,738,29790527
4183406,Awwy,9878.36,9466.29,378,29790527
19836550,_cfo,10222.9,9465.27,-962,29790526
1102135,pokestar37,9897.36,9464.98,406,29790527
16296302,unoop,9862.71,9464.98,635,29790527
9938229,ResidualAroma,10076,9459.74,-216,29790526
4673649,LUNAISTABBY,9605.85,9456.08,2649,29790528
11827728,sakaryo,10255.2,9452.22,-1109,29790526
12069972,zntx,9934.27,9448.75,21,29790527
32607793,Walnut_JP,10102.9,9446.76,-379,29790526
13079214,EHEPGODAP,9893.33,9445.43,425,29790527
2335982,azger,9416.34,9441.61,2472,29790529
33492227,_folt_,9980.12,9437.29,-174,29790527
119188,Noobita,9487.41,9436.75,2615,29790529
25525595,Yamatomato0211,9992.84,9433.86,-557,29790527
4653583,NO37,9878.26,9433.47,581,29790527
26520505,373,9938.64,9433.21,-40,29790527
7778655,Kenzooooo,10156,9432.60,-519,29790526
12421640,trol,9711.43,9431.52,979,29790528
6187838,Misolato,9901.32,9430.89,256,29790527
16818802,Miguel Mella,10179.6,9427.27,-1003,29790526
37172449,Notory,10017.2,9426.04,71,29790527
1993133,bokki,9456.05,9423.71,1664,29790529
27943152,yooosoroo,9603.57,9421.50,965,29790528
38583417,nemu_chi,9544.79,9418.54,677,29790528
28805702,KTN_more,10206.8,9418.46,-1006,29790526
8503743,Izzeee,10314.1,9418.12,-1405,29790526
13169969,Turkish angora,10085.1,9417.16,-563,29790526
33165669,MeteaP,9695.28,9410.50,195,29790528
12480076,Michaelonl,9406.31,9407.96,1760,29790529
21413443,Pablo Sanchez,10121.3,9403.54,-603,29790526
39475803,Dianquewu,9941.97,9403.22,-424,29790527
25435609,5haku_,10054.4,9401.29,-278,29790527
23115850,bokuMichael,10138.2,9400.77,-503,29790526
30384430,muuuuuuun,10175,9398.60,-1224,29790526
29219958,miso7989,9249.24,9397.56,841,29790530
19787040,-NTD-,9705.32,9393.92,829,29790528
3545958,kawa444464,9857.37,9390.84,-22,29790527
10533456,DeaDDDaN,9934.18,9388.18,-108,29790527
36737099,Lynnnn,9901.91,9387.72,152,29790527
12399222,Akitasochama,9795.11,9386.54,-246,29790527
27981771,NapieR_7096,10027.8,9386.43,-539,29790527
9013658,ErdbeerenBube,10072.7,9384.61,-530,29790526
32786211,rep0rt,9972.68,9382.86,-667,29790527
18175812,kamisuna,10194.2,9380.00,-1137,29790526
1843981,morijo-,9589.06,9378.21,1250,29790528
38419121,ako29,10228.6,9374.21,-1256,29790526
39497931,Hayun1225,9512.76,9368.03,-508,29790528
7912447,The Fart Lord,9977.24,9368.01,-687,29790527
3164010,Moja,9713.8,9366.28,979,29790528
10510542,Bread173811,10037.5,9365.79,-630,29790527
7001787,SleebyFluffball,10077.1,9365.19,-491,29790526
31720101,domityi,9952.94,9364.91,-116,29790527
3880845,Juanoker,10079.2,9364.05,-411,29790526
12859996,MemeMachine21,9810.68,9363.90,184,29790527
37693350,farpNooblover,9695.45,9360.86,676,29790528
38712173,HATO_1125,9405.43,9360.50,1259,29790529
34779074,Mahoune-,9881.93,9359.66,-466,29790527
26154433,GreyGerm,9842.74,9358.62,-515,29790527
394326,kanpakyin,9308.6,9355.76,2106,29790530
15880602,Piecis,9973.63,9352.97,-692,29790527
14841911,zbiotr,9532.13,9352.90,1100,29790528
20309663,Masokim,9962.33,9352.72,-579,29790527
5467865,phucdtd,10130.6,9349.86,-603,29790526
36265646,sugarrose,9968.4,9346.27,-641,29790527
14116351,Lukasek29,9711.94,9345.98,751,29790528
15664444,reltusar159,9996.04,9344.63,-915,29790527
16356614,BowDuel,10037.9,9342.91,-681,29790527
7158211,Shuriie,10106.3,9342.79,-727,29790526
257977,KDS,9070.4,9340.08,3199,29790531
25224152,tidakun,9268.19,9333.65,343,29790530
35313766,Mercuria_M,9877.99,9331.23,-882,29790527
24556073,Aqualol,9917.2,9329.90,-577,29790527
35848002,RiNoBowzer,10010.6,9328.46,-835,29790527
38136860,metaboli_,9708.57,9326.22,576,29790528
17633940,Tatara Kogasa,10103.8,9324.36,-1018,29790526
6621158,SolaEclipse,9369.24,9323.18,1490,29790529
13209796,rww-,9730.54,9321.01,751,29790528
10105902,Descend,9874.54,9311.68,-651,29790527
9336422,HodBestGirl,9926.82,9309.75,-440,29790527
1904899,bottikun24,9861.27,9309.21,-463,29790527
21520031,I owob,10020.9,9304.84,-529,29790527
255854,AgentYous,10161.2,9303.73,-1094,29790526
15019527,DXA FonG,9692.12,9302.61,856,29790528
14184157,woosungko,9582.88,9301.64,933,29790528
29463920,puti_o,10041.3,9298.03,-781,29790527
33720083,N J683,9834.4,9297.21,-196,29790527
15241608,u8_sunflower,9624.49,9294.16,740,29790528
20471817,Rage Aphid,9788.14,9292.78,326,29790527
28980174,Guiigax,9784.45,9290.04,-490,29790527
2061291,Otaku9801,9582.58,9289.12,783,29790528
29857269,Zyv,9404.76,9286.43,559,29790529
20297768,Beasnos,9704.73,9285.30,-70,29790528
6957262,juan736,10002.2,9283.46,-866,29790527
28938963,verosikashallah,10047.7,9282.87,-935,29790527
4975151,fumiko_239,9561.36,9281.18,311,29790528
5315712,Yo-Yo-Yo,9432.84,9280.81,1452,29790529
1539700,youjo peropero,9955.87,9280.12,-694,29790527
3663182,P i a,9870.39,9279.52,-437,29790527
17666714,namunamu6,9649.56,9278.22,260,29790528
5217526,[ Erika ],9871.35,9272.90,82,29790527
4687954,Majorca,9358.72,9270.85,1806,29790529
4221845,_mp1506,9653.55,9266.69,214,29790528
10324309,Flandre sca,9953.75,9260.79,-75,29790527
18346655,I luv loleez,9519.64,9260.57,877,29790528
37504452,AoJ,9879.36,9259.04,-660,29790527
5851253,Lyawi,9812.36,9258.68,-86,29790527
35738081,hgswuorhg,9908.76,9256.05,-708,29790527
10337636,phunky_psycho,9494.78,9255.15,962,29790529
36143651,vilifos,9282.05,9254.36,199,29790530
6744831,artyix,10051.7,9254.13,-1278,29790527
9996419,BezbasheniyCHEL,9037.97,9253.47,2573,29790531
9370133,hhza,9648,9250.76,244,29790528
8379046,cool bug fact,9729.62,9250.00,257,29790528
18827836,theangelov,9626.01,9246.53,663,29790528
32398107,kumokusu,9774.08,9245.76,52,29790528
22515524,Creeperbrine303,9849.87,9245.31,-49,29790527
14225213,Jhindred,9368.37,9242.98,1300,29790529
17957276,- joshh,9301.62,9242.18,163,29790530
14944234,kurohiro,9986.72,9237.97,-678,29790527
2900881,FastBoy,9940.44,9235.38,-377,29790527
11520909,PixeL Infinity,9864.67,9231.27,-522,29790527
8591087,ryushifa,9560.83,9214.49,795,29790528
20771841,dropgsharp,10057.1,9212.16,-844,29790527
33641040,syakusyakun,9530.62,9211.86,349,29790528
19569589,drakeplayer0,9971.48,9211.41,-1035,29790527
1483160,_HoSuKe,9753.08,9210.85,564,29790528
7491210,Deathwing1306,9544.15,9209.95,657,29790528
16191041,ain 229,9604.82,9205.96,98,29790528
5114604,PastaDay,9494.13,9205.70,696,29790529
12319960,kaisendon,9517.41,9202.71,714,29790528
25013783,KeyWeyy,9760.31,9198.31,-454,29790528
32806310,[T14]alicetier_,9770.96,9197.89,-775,29790528
15554569,robacplayer,9781.51,9197.14,-281,29790527
1660677,KTMX,9588.2,9196.21,698,29790528
15201504,NANAMAME,10033.8,9194.83,-1164,29790527
8963569,redmasterya,9780.98,9193.42,-107,29790527
12070555,day drinking,9995.83,9192.36,-1225,29790527
15457929,dem1se,9721.26,9186.87,-3,29790528
10208984,Tatane,9648.51,9183.24,365,29790528
14483380,Lum0,9236.32,9177.17,1814,29790530
28643778,NayuTea,9767.56,9176.01,-250,29790528
3351775,mira666,9419.05,9174.46,916,29790529
12332431,maerdtja,9275.02,9172.84,1607,29790530
1323170,yachinpa,9303.74,9170.84,1927,29790530
9420022,loveniconii,9569.91,9170.03,420,29790528
9050875,L1ght,9542.01,9169.57,651,29790528
11038892,Araxcrow,9855.18,9165.74,-902,29790527
19799531,EveningCrystal,9721.08,9163.24,-380,29790528
1581472,greenyoyo,9385.01,9158.53,1126,29790529
32137405,WasabeD,9713.36,9155.34,-373,29790528
4824714,-asayi,9602.39,9155.27,-12,29790528
8593057,KankitsuRemon,9775.46,9151.70,-419,29790528
5285786,cloudfags,9408.56,9151.63,1161,29790529
28554056,ishiku,9511.4,9151.23,494,29790528
15624467,MemeScream,9495.61,9150.34,1069,29790529
39315304,millykX1027,9438.58,9150.02,233,29790529
468029,yyyyyyyyyyypetu,9402.06,9148.16,1009,29790529
13648546,N4g_1,9622,9146.41,-67,29790528
11408442,wakkachung,9846.96,9146.37,-371,29790527
38083451,mayogohann,9228.65,9145.54,369,29790530
3138703,hinamin_clvf,9502.5,9141.36,564,29790529
7428814,Sezari,9483.73,9136.18,371,29790529
5810867,-F1-,9374.04,9135.94,1106,29790529
6290474,teamoku,9484.06,9135.84,323,29790529
11229259,kb131313,9571.68,9134.55,75,29790528
14575708,geometryshanes,9761.82,9134.39,-965,29790528
13484822,moat_ko,9373.19,9133.21,146,29790529
12276279,Glukeose,9438.08,9132.53,844,29790529
16191971,_Aishiteru,9766.21,9128.48,-316,29790528
23427068,Emir02,9747.11,9127.48,-92,29790528
10594702,octavia,9499.45,9126.98,356,29790529
17373077,naginagi,9623.93,9124.79,201,29790528
4653805,tangtanglin,9707.52,9123.29,165,29790528
31466828,fuyuuutuly,9552.52,9121.43,238,29790528
15391485,Einstein,9890.79,9114.42,-1149,29790527
31251191,yama1116,9265.4,9114.24,137,29790530
23033674,Akabane0306,9657.26,9109.28,-35,29790528
24417235,Estella3750,9611.05,9106.10,714,29790528
16733152,Eversa,9820.24,9105.76,-743,29790527
14214481,pauloreb28,9541.06,9103.58,299,29790528
14787434,Paya283,9856.51,9098.86,-1053,29790527
31447612,mnh_tntn02,9286.91,9096.23,933,29790530
5385606,nickname2500,9850.97,9093.79,-988,29790527
26262760,Ruby3dayo,8832.25,9093.79,272,29790532
11437033,Quloa,9446.2,9092.87,878,29790529
9950381,Haypzeh,9768.12,9092.44,-775,29790528
2782382,Nunuco,9599.7,9091.27,166,29790528
2537412,Koucha-,9218.46,9091.19,1414,29790530
32601635,xaxaxaxaxxaxax,9655.43,9090.97,-741,29790528
38292310,goriraiki,9593.24,9089.52,-158,29790528
4180422,2 2 1,9429.2,9089.35,793,29790529
6347389,KZYS,9390.27,9088.14,1206,29790529
5043517,Kiara,9717.58,9083.59,-397,29790528
3102720,eeezzzeee,9778.41,9079.63,-949,29790528
11448250,Ailaaa,9865.34,9076.17,-1125,29790527
14487061,karaageky,9768.67,9075.05,-996,29790528
18114917,SunnyDeez,9605.2,9075.02,-122,29790528
3968546,HD Enjoyer,9371.23,9074.99,1164,29790529
5332868,Pasalo a Nafta,9533.66,9072.76,-55,29790528
20795536,meowuwka,9388.94,9072.71,-395,29790529
18669689,chikuwa1016,9700.72,9069.80,-406,29790528
5088562,Edesto,9715.08,9067.32,-716,29790528
14418856,Lukasxde,9718.89,9066.83,-590,29790528
17938933,Hollandsnieuwe,9526.97,9065.42,247,29790528
2163544,Bowashe,9826.77,9065.36,-294,29790527
36451108,NemuSryk,9476.66,9064.82,631,29790529
19208174,inito,9421.39,9063.68,365,29790529
12634710,Kexrus,9763.66,9061.93,-345,29790528
29115513,ayabird,9683.81,9057.69,-834,29790528
23408794,Kolajo,9582.46,9056.19,-167,29790528
30018852,Nozester,9504.15,9055.55,-168,29790529
20522861,Iulius,9616.8,9053.71,-560,29790528
33676794,NobichasoN,9469.01,9049.38,614,29790529
10825359,esther0616,9266.09,9049.32,864,29790530
11859926,Hulk05089,9448.59,9048.76,84,29790529
2598555,Wadsy,9169.84,9048.55,1362,29790530
30048919,govnona,9701.04,9048.52,-500,29790528
33025956,Geordie,9704.22,9047.19,-275,29790528
17540374,krytwal,9634.72,9045.76,158,29790528
14173115,Bronzecrank,9361.75,9042.70,534,29790529
16320542,yogurtaste,9224.53,9040.61,1331,29790530
21309444,nawly,9875.41,9039.17,-843,29790527
6896699,Jin Kun,9902.87,9033.47,-1219,29790527
34258451,Hii_kun,9381.93,9032.22,445,29790529
20230505,Kug_Loaf,9441.71,9031.91,-599,29790529
27879048,81z,9569.66,9027.94,-235,29790528
12264218,-XxbluezaperxX-,9639.66,9017.19,-654,29790528
10487090,OmegaZeroGX,9638.08,9016.42,-362,29790528
14400817,ramojusd,9610.98,9015.22,-758,29790528
7184619,Upgradefort,9313.63,9010.85,799,29790530
9079969,Koxiuuu,9701.41,9009.36,-580,29790528
16767417,jmagine,9574.42,9009.13,14,29790528
11940631,YAMADAAAAAAAAAA,9309.94,9008.05,748,29790530
2478769,BlackHairEND,9307.62,9005.87,1074,29790530
24970417,hyu-i,9778.88,9004.86,-906,29790528
23155757,ZeroKungz,9493.89,9003.13,10,29790529
7952192,SaturnSolar,9273.14,8998.80,923,29790530
16857772,JAGD_SAN,9247.51,8998.71,409,29790530
6566043,xphenomenon,9260.71,8996.18,985,29790530
3215487,Yellow-,9396.67,8994.72,167,29790529
9019213,matsungo,9499.77,8994.46,-114,29790529
33035957,villuna,9714.71,8989.60,-732,29790528
14843027,Kwriter,9587.68,8989.24,-119,29790528
7056658,Agresywny Arbuz,9602.18,8985.34,-502,29790528
10238680,chromb,9844.91,8985.30,-1096,29790527
3580055,taikoplayer123,9377.41,8982.87,475,29790529
31502231,AquaDoll,9325.59,8982.58,343,29790529
9949381,kie,9493.52,8981.65,-1,29790529
30146716,Carmichael59,9667.31,8978.12,-774,29790528
25910551,Haru_dawnnnnn,9184.13,8977.86,990,29790530
23910968,harutasa,9388.81,8977.37,433,29790529
13250604,no_zz_dorapo,9281.15,8976.49,430,29790530
3649978,Stevenrama,9376.97,8974.47,629,29790529
3220847,Obama Taichou,9198.17,8972.65,973,29790530
3701211,perro chocapic,9159.84,8970.30,1016,29790530
11374564,Jriggrz,9685.3,8969.37,-828,29790528
12250316,Taiko Sigma,9795.06,8968.48,-1192,29790527
2499089,4399guangguang,9370.94,8965.17,304,29790529
125308,Tomoka Rin,9511.17,8964.33,217,29790528
29115112,Taikore,9611.18,8962.28,-356,29790528
36893572,matchaaaaa1234,9614.93,8961.06,-790,29790528
11237834,Block_rei1007,9334.66,8959.28,-16,29790529
4843973,-Wyatt-,9567.2,8958.05,-460,29790528
5419711,Radius,9539.87,8958.04,-431,29790528
11429256,Wadra,9118.24,8955.11,-112,29790530
22745563,Fuzzyuuka,9837.18,8954.53,-1258,29790527
12810679,Th4w,9423.24,8954.51,801,29790529
3064715,Kurakao,9287.81,8954.30,719,29790530
17895771,Mereq,9521.71,8953.17,-129,29790528
33438801,yucyo,9726.82,8952.76,-1022,29790528
12284961,kqw,9628.13,8952.55,-487,29790528
19413839,Fubuta,9332.82,8950.20,255,29790529
3294785,monguo,9680.45,8943.10,-909,29790528
2543764,Kbludoh,9210.54,8942.88,909,29790530
6018627,kumu1919,9720.9,8935.32,-1066,29790528
7050679,Sturvos,9598.09,8934.69,-457,29790528
22069182,nahieu2005,9327.48,8933.62,814,29790529
21291932,Sandile,9301,8932.75,1081,29790530
11043157,sinu,9123.33,8931.24,528,29790530
36484533,yng__sw,9178.49,8930.09,469,29790530
35079462,silly femboy,9675.65,8929.20,-998,29790528
13478044,Ranhd,9679.74,8928.27,-1161,29790528
4105747,John Doe,9376.54,8925.75,363,29790529
9761718,Caote,9547.15,8925.28,-397,29790528
35225399,kakehi,9330.09,8922.51,218,29790529
14497774,dd327592,9372.16,8922.20,420,29790529
14105435,Sobarashi,9558.13,8920.18,-542,29790528
6793883,AstraI Trinity,9475.19,8918.91,-123,29790529
9939790,Vtuber,9402.55,8914.79,39,29790529
23873884,Infinity21,9730.6,8913.67,-1049,29790528
3046232,zLeSshuhn,9347.55,8912.63,707,29790529
36048215,nemuc4tt,9204.45,8912.47,338,29790530
8932900,Siren_tale,9212.38,8911.42,862,29790530
8938243,ProXeS,9474.71,8911.09,-817,29790529
1359539,Lover,9101.17,8904.36,1282,29790531
5696361,Mjonsz,9294.05,8902.48,1140,29790530
26428417,mugicha517,9629.47,8902.36,-899,29790528
20882798,FabriGamer84,9510.01,8901.86,-453,29790529
12811744,Kuromiyaa,9158.63,8899.66,815,29790530
13695950,tjandra,9347.1,8899.46,-129,29790529
9943864,Lolagin,8908.08,8897.84,1849,29790531
21213243,Vaxii,9546.18,8893.22,-352,29790528
6449994,Darkknio,9014.08,8891.96,1669,29790531
10530930,Ney3,9496.15,8891.87,-271,29790529
11294294,travidia_to,9226.51,8891.51,-203,29790530
9362562,Claren,9269.56,8891.10,375,29790530
36063750,okaka00,9318.15,8890.96,343,29790530
6276900,lexcelent,9398.69,8890.01,35,29790529
5950591,Niroe,9119.94,8890.01,1192,29790530
1947720,josh716,9360.02,8889.14,12,29790529
7701255,sterumi,9530.79,8883.98,-739,29790528
19906177,MayoB,9350.65,8883.67,-65,29790529
30892322,rarufn,9448.02,8880.56,-662,29790529
10269683,_Koa_,9561.01,8877.23,-886,29790528
12962910,Jacerox,9265.71,8877.13,623,29790530
10647596,nanase kureha,9157.09,8876.46,689,29790530
17519250,NasiGaPakeNasi,9433.3,8874.06,-291,29790529
3679969,ezeenS,9292.96,8872.51,109,29790530
16581950,Kerlykun,9307.14,8870.68,260,29790530
14205544,z4718,9394.4,8870.09,190,29790529
29978316,-Kazuha,9507.24,8867.05,-751,29790529
7286821,Laut1G,9369.55,8866.86,326,29790529
1994145,Dakry,9169.91,8864.56,704,29790530
25415201,YUTAM_NY,9364.65,8863.61,-165,29790529
19756484,plastic angel,9537.87,8863.41,-731,29790528
10883964,no_min,9140.45,8862.67,1084,29790530
14983638,CRCRexe,9319.75,8862.36,549,29790530
11464752,dragonworm,9430.95,8860.40,313,29790529
8477303,momgi,9421.26,8859.88,140,29790529
37343727,yyygahsh,9610.47,8858.26,-845,29790528
27893944,IShowSpeed_TTV,9090.38,8857.44,46,29790531
9764630,FireCatPlay,9142.45,8855.40,916,29790530
15939360,ThinkCircuit,9350.92,8854.85,-246,29790529
10924058,AxReo,9130.15,8854.66,397,29790530
28956700,Fedgets,8967.04,8853.95,1267,29790531
33595249,Rhfyv,9409.68,8850.96,-350,29790529
906825,Flexo,9090.28,8848.68,757,29790531
1948903,Gonzaalooo,9016.14,8848.00,1437,29790531
26519728,nana-,9194.16,8845.54,741,29790530
1799191,kayaven,9219.57,8845.28,1112,29790530
12565402,meiqth,9280.7,8845.26,59,29790530
5554631,M1zu32,9233.39,8839.31,753,29790530
295488,shifon[0312],8922.93,8837.24,1796,29790531
964158,Celsius6,8948.76,8835.82,1244,29790531
13199768,Kuwamakamaru,9662.74,8831.86,-989,29790528
19075647,ankt168,9397.3,8824.96,-495,29790529
8888129,CexiRia,8966.58,8823.31,1390,29790531
36843525,yoooooooooooshi,9100.06,8819.23,3,29790531
9290253,Dynatech,9143.35,8817.79,1180,29790530
36309192,ssd4df2,8872.17,8816.59,1914,29790532
17018417,nyabura_old,9223.79,8816.29,-26,29790530
15526968,WolfBlood808,9181.88,8810.21,272,29790530
4144463,Mayyro,9250.05,8805.39,245,29790530
11181328,wawrzyn9,9483.38,8804.96,-480,29790529
14625987,Momose Kaguya,9210.76,8803.22,237,29790530
5707041,BANkun,9221.72,8802.38,866,29790530
25730162,osuplayer_exe,9270.33,8802.32,66,29790530
30883143,Tanyx7,9454.58,8799.88,-716,29790529
5164134,kururuminoah,9246.17,8796.15,374,29790530
6332530,Fury Dragon,9004.16,8795.80,1206,29790531
12853352,Sainami,8990.07,8795.46,1165,29790531
36178821,Yotsukawa,8857.92,8794.30,4,29790532
7740442,Spartric,9118.57,8793.41,704,29790530
11050944,21Jeff21,9329.92,8789.21,-129,29790529
14983929,LikeShiratama,9443.42,8788.27,-682,29790529
18441647,steve0202,9508.48,8787.60,-933,29790529
19534569,KazaraX,9090.76,8786.21,842,29790531
4516252,Malox,9078.81,8783.33,1375,29790531
10269027,goku5901,9316.71,8782.17,76,29790530
14697193,Auredios,9502.6,8779.16,-499,29790529
33555438,appru827,9392.93,8779.14,-535,29790529
35268871,astel00123,9280.47,8775.70,-732,29790530
7579255,Hettan,9010.42,8774.37,1161,29790531
17534633,sorakiri1515,8967.34,8772.04,338,29790531
14949578,Z12aS,9325.34,8768.92,9,29790529
4325444,ptar124,9017.24,8768.44,930,29790531
2244644,joel,8831.22,8767.91,1804,29790532
37740218,kaito_yoyo1a,8869.12,8765.62,471,29790532
18378545,Arayu,9365.04,8764.16,236,29790529
21342606,no skill player,9427.22,8762.63,-596,29790529
23031471,ryuu_ryu,9352.42,8761.35,-233,29790529
38120082,T101010101,9183.67,8756.08,-158,29790530
28958239,RenXD,9095.12,8752.33,871,29790531
1959804,maruse,8915.97,8750.81,998,29790531
2959941,Akyuu,9013.42,8750.67,1037,29790531
9036318,CerealBox42,9199.83,8748.29,363,29790530
34247852,howaitooooooon,8946.93,8746.98,518,29790531
32211942,waiddayo,9000.34,8746.39,394,29790531
2883031,luhh0110,8969.75,8742.78,1048,29790531
13612382,m0r3t4,9355.92,8739.42,-344,29790529
8751634,_Age,9351.74,8737.70,-134,29790529
7412401,Hydro HD,9233.88,8737.65,128,29790530
10510143,Black Astro,9460.48,8733.77,-712,29790529
5333656,[SkullGun,9216.59,8733.69,-244,29790530
17546086,Toriboy_SN,8928.39,8733.37,747,29790531
10896344,kelbeus,9125.97,8732.50,381,29790530
18509927,rurui096,9190.09,8731.91,82,29790530
9996861,Overdosed,9303.4,8730.37,-290,29790530
6916774,Blobby3000,9001.49,8729.18,980,29790531
12282108,wixoa,9439.01,8728.86,-542,29790529
2283137,kiethao,9280.26,8727.42,-53,29790530
30474979,46gohan,9333.64,8723.06,30,29790529
5504445,fluffyabyss,8917.43,8718.87,1401,29790531
35849870,hizou,9204.98,8716.95,-268,29790530
38349207,katorin_145,8899.41,8716.86,-416,29790532
5109759,ameba227850,9114.27,8715.77,365,29790531
32570686,wawawa2864,9117.16,8714.98,-580,29790530
2692432,shamrock_runa,8908.57,8714.66,1550,29790531
16206255,Rin_Sh1,8899.68,8712.84,1086,29790532
31254637,LeaderPork,9234.88,8710.44,-279,29790530
37784010,suminoA,9118.29,8710.37,181,29790530
38406396,Hiya_5,8814.96,8708.70,1404,29790532
18758897,Habie27,9353.83,8704.40,-583,29790529
15991137,iLoveSeroquel,9245.44,8702.81,-285,29790530
6625826,Aezi,9414.11,8698.25,-926,29790529
33377352,takoyaki_sensei,9438.33,8696.31,-643,29790529
19119172,_CaptainZero,9331.71,8693.70,-1099,29790529
27630150,nanegi0221,8884.77,8692.83,781,29790532
4999506,Alwaysyukaz,9031,8691.08,394,29790531
16445121,Youshow322,8846.02,8689.93,-135,29790532
3610305,misterbola8,9191.87,8688.92,54,29790530
26014189,yobana,9006.81,8686.92,151,29790531
19241376,Kirara FUWAWA,9341,8686.16,-240,29790529
28987722,xdays,9084.96,8683.79,904,29790531
8787678,lukitsa124,9148,8680.57,-27,29790530
8330710,Pop Team Epic,9523.58,8679.98,-1112,29790528
3337688,ZYuan,9287.93,8679.92,-141,29790530
3632469,Samsse,9031.86,8678.92,241,29790531
9445913,delibrium,9054.39,8678.26,576,29790531
3173459,Kr-ARIA,8777.81,8675.76,1013,29790532
38771558,shodon06,9192.5,8673.69,45,29790530
4964095,Hana Yukiko,8878.07,8665.79,967,29790532
35448570,Beclarity,9276.74,8665.55,-930,29790530
32587450,tyoo,8985.51,8664.73,343,29790531
34529572,coolcowguy,9265.78,8664.47,-404,29790530
10840984,-Christa,9361.23,8662.99,-252,29790529
10774000,Mista64,9415.28,8661.21,-699,29790529
13868263,shmoe-activated,8942.84,8660.02,612,29790531
16834783,MrApelsinchik,9386.33,8659.93,-964,29790529
35400024,okiokioki,9252.99,8657.15,-394,29790530
35512750,aipyon1114,9171.75,8655.44,7,29790530
42440,Pollotuc,8819.78,8654.36,1444,29790532
30269264,drq1_,8832.93,8652.82,1255,29790532
25015138,Bruhifyingly,8985.93,8652.59,938,29790531
20023920,Holoo,9213.55,8651.72,-266,29790530
34901103,QwertYui345,9200.27,8651.05,-146,29790530
11414361,dantoh000,9287,8650.87,-208,29790530
11160624,neo07,9163.01,8650.14,27,29790530
34697261,waro,9342.82,8649.11,-692,29790529
28443531,fmoas,8701.13,8647.93,783,29790533
2035344,ConieSan,8886.43,8645.96,776,29790532
7775885,MaplZ0mI,8772.12,8644.59,1031,29790532
13981991,TheFunk,9189.17,8640.19,362,29790530
15806224,roxan,8775.98,8638.91,1412,29790532
5439889,hayato1673,9138.09,8638.17,-178,29790530
7215423,Leralice,8869.92,8637.82,748,29790532
22942234,cev,9432.95,8637.08,-836,29790529
10747723,y_h_,9454.39,8636.69,-1097,29790529
10502280,MAIKEN,9154.47,8635.44,-120,29790530
13591867,voxdei,9249.48,8633.64,-351,29790530
38875496,GunmaP,8784.17,8629.20,996,29790532
10619508,lucia_72_k,8941.94,8626.21,745,29790531
8808859,oEDoTW,9132.59,8624.13,76,29790530
39997527,Lasairfhiona,5692.21,8622.27,702,29790555
8461297,Justin14p,9272.22,8619.50,-610,29790530
7674294,hyousyoku,8907.71,8619.32,561,29790532
4478074,kaaakun,8799.64,8618.11,1250,29790532
4450549,-Capi-,8744.55,8616.28,570,29790532
36954381,4neMon3,9140.84,8615.68,-204,29790530
39715048,bread3082,8588.51,8609.92,1509,29790533
7360104,tukumo617,8746.89,8608.62,1280,29790532
14727263,omegaY_,9174.75,8608.52,98,29790530
10950593,VlDE,9221.51,8606.77,-398,29790530
5200775,Quorum,8912.08,8604.53,576,29790531
3168085,Fblade,8972.14,8604.15,686,29790531
1695025,super_youchan8842,8475.11,8601.20,2663,29790533
17817363,kat0,9111.7,8599.05,208,29790531
17290268,Voltecker,8995.54,8598.89,353,29790531
12003365,milkwater,9001.67,8597.06,261,29790531
37677182,higure_nekoduki,9127.29,8595.11,-588,29790530
32913951,pochinki1023,8952.17,8593.84,-53,29790531
34362275,packethero,9176.15,8592.88,-553,29790530
11981504,aqward,9222.85,8588.17,-496,29790530
13046017,yuhuna_kor,8933.54,8587.15,571,29790531
840715,ian9696,8495.28,8586.39,2106,29790533
30593239,Meowthy,9182.51,8584.65,-276,29790530
3618427,SirEdwardo,9133.17,8584.64,-305,29790530
153949,racosan,8483.62,8584.13,2424,29790533
15630769,ayataka11083,8578.6,8583.36,639,29790533
15186865,ERA GulMyMommy,9324.58,8579.10,-607,29790529
3569225,Marec,9189.83,8576.78,18,29790530
14494844,guysmelly4,8871.67,8571.77,464,29790532
7184324,Wolfgang,8815.31,8569.18,703,29790532
13164643,Rq_dual,9167.92,8566.23,219,29790530
11380399,gauru-_-,9007.94,8565.69,259,29790531
35111263,unsure12,9107.67,8564.18,-191,29790531
4798653,doublemonk,8710.37,8563.96,663,29790532
13832554,SmokyBeen,8772.57,8563.41,1366,29790532
9980594,krsfantasy,9190.85,8562.20,-223,29790530
28189048,shirosuginakuma,8930.69,8556.60,611,29790531
34048347,VMWARE,8972.08,8554.61,13,29790531
28942616,Noamsq1nez,9304.29,8554.25,-952,29790530
508616,Lye,8622.48,8554.24,1627,29790533
16014856,runstyle,9085.53,8554.00,264,29790531
10170657,Gwynsun,9328.07,8552.40,-760,29790529
11864297,sashimi0427,8979.17,8551.82,456,29790531
3158302,Randomizersaurs,9300.63,8550.29,-893,29790530
31789626,Atyn,8815.12,8549.56,-224,29790532
11073212,Nikomise_ZONe,9298.91,8546.77,-517,29790530
37261932,Tarurunegi,9104.16,8546.61,-407,29790531
1368025,JessiChan,8936.67,8544.48,472,29790531
32754508,pochip_q,8822.98,8543.59,468,29790532
34766324,WT999,9283.92,8543.47,-695,29790530
13816713,Cosmic Corsair,9065.63,8540.77,94,29790531
33405883,GGwL,8869.78,8539.72,151,29790532
31012692,milksaying,9127.64,8539.27,-526,29790530
1558839,betairylia,9053.66,8539.21,505,29790531
16285390,nabeshinjya,8947.19,8537.98,263,29790531
22192730,Benjamin_reborn,9274.31,8537.22,-541,29790530
18182935,CptOctopus,9082.81,8536.31,-25,29790531
7845365,fizzydavid,8905.37,8536.26,262,29790532
14654889,My Angel Telegy,9196.37,8535.20,-388,29790530
29757434,McSyunri,8808.03,8533.25,448,29790532
9152166,Mayano,9218.95,8532.81,-186,29790530
2545134,puropera209,9020.94,8530.63,-102,29790531
27211068,Leafy_Peaches,9358.65,8528.29,-862,29790529
12918875,Godlyz1,9067.49,8526.94,-405,29790531
2648271,Magg,8934.29,8526.39,486,29790531
34170717,Rubing,9004.82,8521.03,392,29790531
537084,DoKito,8828.33,8520.87,811,29790532
24059894,KaguraChen,9069.44,8520.86,-274,29790531
31158823,rubikcupe,9224.78,8520.61,-768,29790530
32840486,ARON-DAO,9203.54,8519.35,-864,29790530
25912574,TroppleH,8891.13,8517.88,154,29790532
1900787,Lno,9046.55,8517.03,252,29790531
23343616,wenbin,9322.34,8516.98,-1025,29790529
11406987,willowww,9225.58,8515.80,-565,29790530
11720359,JunkyTrack,8997.82,8512.29,199,29790531
584411,howar5041,8628.94,8508.55,1380,29790533
35702374,araisouta0,9005.49,8507.55,225,29790531
23718701,Hami0813,8575.84,8503.21,1826,29790533
10760701,hexi,9166.51,8496.37,-227,29790530
10226925,martapushkova,8807.47,8496.14,999,29790532
2474015,Capu,9061.8,8495.28,496,29790531
21598290,Mamehinata,8899.16,8494.64,284,29790532
5361345,bure-ka,9143.03,8493.39,-455,29790530
2781054,da2b,8766.59,8491.49,1133,29790532
3997162,wwww,9217.2,8491.17,-659,29790530
22952205,Cryo1,9044.54,8489.94,39,29790531
36991472,Bayashi29,9006.06,8489.88,2,29790531
5235718,Tituh,9016.42,8488.67,164,29790531
11128609,Katikotisan,8869.65,8485.64,512,29790532
38045670,utuhuko,8743.34,8479.51,514,29790532
27609080,ha1363,8777.68,8478.10,523,29790532
17493012,Microbliterator,8411.59,8477.68,1792,29790534
22009057,Megpoid Gumi,9081.76,8477.03,-335,29790531
9586729,pob,9160.43,8473.35,-601,29790530
14721738,baked_mochocho,8725.07,8471.71,450,29790532
29242215,Toftir,9174.43,8469.00,-237,29790530
9670805,Aqua-Lily,9049.32,8467.49,-297,29790531
4455389,Renka,8180.75,8467.42,3772,29790535
16418971,AlloRus,9110.03,8466.44,-652,29790531
7772606,RolandKnight,9185.47,8465.70,-593,29790530
33153886,Layize,8513.85,8463.46,429,29790533
7178799,Rufoel,8851.5,8462.28,384,29790532
38030850,sa-nigo,9035.55,8461.86,-718,29790531
4682646,maxbireo,9178.29,8459.86,-493,29790530
14597896,hivstex,9138.75,8459.82,-701,29790530
35169293,feffefee,8834.25,8449.81,228,29790532
35905397,MKNHR_SK,8710.65,8449.43,638,29790532
14987337,R3flex,9032.19,8448.75,-351,29790531
5793075,minicasu,8772.91,8446.66,1019,29790532
33790522,offlute,9127.2,8444.82,-600,29790530
2294966,Lolisuki,8953.79,8442.12,-334,29790531
30681769,juana,9021.4,8441.43,-414,29790531
36546344,Yukiru ovo,8939.99,8439.57,-216,29790531
6574789,xjoun,8553.79,8433.83,1288,29790533
35291323,OMMC4545,9047.38,8433.07,-774,29790531
29257805,FC oni-chan kkk,8926.31,8431.94,49,29790531
36097731,hemyprox,9086.31,8431.01,-425,29790531
7673626,e_nough,8770.07,8430.87,472,29790532
38698891,flyoru,8912.67,8430.38,-422,29790531
21255747,DeBestNameEver,9121.03,8429.15,-153,29790530
6419788,naraicat,9102.6,8425.69,-765,29790531
11306789,Quansell,9028.89,8422.55,-153,29790531
17600931,ZENMAZO,8867.84,8422.29,-128,29790532
8548700,Flames99Fs,8926.24,8420.73,-180,29790531
29342363,ToomiOgyaOgya,8611.8,8418.81,640,29790533
12481695,Keyboard,8710.08,8414.33,827,29790532
37700779,BigBoss69,8701.46,8414.06,289,29790533
14748320,latioslife,8710,8411.72,699,29790532
9611035,Elfe,8897.67,8410.92,338,29790532
1387762,Grimbow,8670.63,8409.68,1142,29790533
18320637,p4rkr,8992.98,8407.10,-16,29790531
30769374,totcho,8944.22,8406.44,-270,29790531
6876404,SakuraRiri,9122.29,8405.20,-545,29790530
23008781,sanironi,8418.57,8404.13,1410,29790534
22753946,Brentywenty,8626.04,8403.77,1472,29790533
20378934,MissRina,8843.03,8403.45,-829,29790532
796530,Kotaro,8764.92,8402.28,623,29790532
10021449,Getty,8814.82,8400.73,651,29790532
17759140,Ykoris,8916.92,8399.66,-221,29790531
18852841,Em0_Boy,8928.1,8396.59,-48,29790531
1699875,Remyria,8784.95,8396.00,398,29790532
134410,apfhd9898,8641.73,8394.05,634,29790533
22221283,james95238,8877.93,8392.77,175,29790532
2526837,imzk,8963.12,8391.75,21,29790531
14812615,ItsHakki,8882.05,8391.08,-269,29790532
33548057,ebifurai011327,9123.01,8385.12,-829,29790530
20022289,RioWataa,9192.98,8382.92,-1191,29790530
8653980,PelaajaAika,8909.69,8381.74,23,29790531
566276,Rocma,9039.24,8378.77,-516,29790531
21646389,lishonne,8988.39,8377.66,-404,29790531
30086030,karune000,9004.35,8375.71,-551,29790531
36015321,creilia,8770.97,8374.95,597,29790532
14319366,AngelicK0,8867.25,8371.20,21,29790532
29076999,kamisousi,9024.82,8369.47,-214,29790531
13441391,vlad pogreb,9029.85,8366.80,-506,29790531
33754999,TERLE-RFS,8546.44,8364.80,387,29790533
4319655,Mwallx,9054.7,8358.83,-925,29790531
4557972,Lamery,8669.5,8356.61,1322,29790533
6932264,Yahiyahir,8758.88,8356.07,374,29790532
16996988,mezzyboi,8698.34,8355.88,413,29790533
11081750,Sidetracked Day,9120.46,8355.70,-814,29790530
5066136,local awoo boi,8571.57,8355.38,1127,29790533
33919569,mioiq2,8914.1,8350.39,-142,29790531
21541632,YukiRinne,8635.45,8349.34,507,29790533
17031509,2x6_81,8702.88,8348.56,566,29790533
1754540,SOOOOOOOOY,8694.17,8347.38,883,29790533
724230,Cyntu,8653.19,8346.62,833,29790533
35281121,AjitaniHihumi,8438.59,8345.33,1254,29790534
38499447,ritya,8097.59,8344.24,-391,29790536
4697635,LemonScentedAss,8620.09,8343.95,825,29790533
21610086,jhom2,8859.05,8341.11,-80,29790532
11545652,omdr eibdbghpv,8874.68,8339.00,-29,29790532
11847767,Korone,9038.52,8337.56,-768,29790531
36294116,xqla,8455.49,8336.43,1172,29790534
17564809,perroviajero,8672.65,8335.35,450,29790533
11028831,123_yeah,8953.71,8333.50,-132,29790531
27501617,Alolfa,9016.75,8330.98,-724,29790531
7937261,uohzemllac,8732.38,8330.55,-16,29790532
28803956,Catsujin,8794.5,8328.36,166,29790532
3178836,At that time,8907.81,8320.73,-242,29790531
4582149,CamperLt,9064.79,8320.13,-1031,29790531
21482528,Unchained-07,8913.92,8319.33,-229,29790531
27705725,morimoto25,8881.58,8318.13,-643,29790532
9411857,CM Animex,8667.07,8317.10,892,29790533
7269594,Toastytoast123,8566.49,8316.02,1038,29790533
29169414,MATCHA com JP,8761.52,8315.89,-168,29790532
12930001,Pixelz,9059.16,8315.88,-624,29790531
27604764,ChunkiMunki,8875.61,8313.60,-142,29790532
32317537,milestailsprowe,8731.5,8311.60,-785,29790532
16968817,_Ethan_,8737.85,8308.80,-551,29790532
4159873,Acetylcholine,8579.22,8306.43,1076,29790533
16005555,Code002 owo,9049.99,8302.67,-766,29790531
14207639,Arusi,8426.39,8302.09,1199,29790534
35589278,yupici,8747.6,8299.28,-74,29790532
35689789,uri10895,8638.65,8299.26,76,29790533
13918899,ANHIYA,8911.22,8297.22,-406,29790531
33461938,Shoka Shirokane,8785.17,8293.38,-48,29790532
31291336,osmond,8858.26,8292.38,-37,29790532
24275753,SoyUnTerere,8893.58,8290.47,-198,29790532
8902406,PaginOoOoN,8443.79,8288.14,1037,29790534
23686327,Lightdisc,8785.1,8288.10,129,29790532
9045874,Ryukishi,8959.24,8287.59,-658,29790531
15580725,Edam Cheese,8580.28,8287.48,16,29790533
30395233,howlazyyour,8760.25,8285.86,-120,29790532
26688450,Luqas,9026.98,8284.66,-1000,29790531
11475208,ltca,8916.78,8283.77,-491,29790531
8856850,Juice104,8873.93,8283.00,-59,29790532
11334594,K4L1,8959.06,8281.63,-686,29790531
643394,Snow Note,8815.67,8281.37,-153,29790532
21825940,Lezgin-,8918.38,8277.67,-513,29790531
6106680,clg riven,9062.41,8273.04,-1182,29790531
28305213,frogsocute,8730.28,8266.87,-86,29790532
11928691,Aidrestan,8751.87,8265.88,-97,29790532
1738436,MidSoul,8680.91,8264.98,360,29790533
4311251,terryaa,8588.45,8264.13,552,29790533
29999789,karaage4242,8786.26,8259.82,-257,29790532
814397,-[ SooHanZ ]-,8441.16,8258.71,1815,29790534
18694753,Koai,8800.11,8258.62,-229,29790532
2310786,kazelone,8654.63,8258.57,767,29790533
29398475,shirasu1005,8564.52,8258.11,173,29790533
11005307,sangoose,9040.14,8256.50,-945,29790531
13488860,Hyakilia,8871.11,8256.07,-231,29790532
29429550,Babero,8618.59,8254.61,366,29790533
15993313,Nikka Wave,8891.43,8249.31,-518,29790532
16972841,daria,8893.07,8247.76,-696,29790532
12682785,tkpnender,8829.83,8247.61,51,29790532
26158043,musenmainr,8569.09,8246.04,539,29790533
22896336,bonbeeno,8508.2,8245.64,677,29790533
19563222,GreatEstel,8401.62,8242.58,689,29790534
9629457,Kwstv,8973.87,8239.93,-641,29790531
37951027,460310,8442,8239.44,403,29790534
27631130,myidon1966,8490.59,8238.85,742,29790533
20521189,pastelle,8573.13,8237.82,522,29790533
7003484,C5H10,8510.66,8236.62,947,29790533
6498810,Kerasi,8474.75,8236.30,837,29790533
18603057,ikachaaa,8816.95,8234.93,-380,29790532
16911852,Ririh4,8679.03,8233.98,44,29790533
35373264,MrPogChamp,8580.89,8225.79,388,29790533
9550678,Kimero,8815.45,8220.10,-378,29790532
10492877,syresai,8601.16,8219.80,266,29790533
33405296,Victorica,8558.44,8218.15,712,29790533
15235652,mirashi,8922.62,8216.47,-651,29790531
7385703,Rosa,8342.86,8214.58,1372,29790534
10415491,Amasugi,9038.08,8214.41,-826,29790531
5242158,[Crz]Makii,8810.57,8210.27,-97,29790532
4786650,korewashiroi,8915.23,8210.14,-831,29790531
10887359,Bozbro555,8859.49,8209.67,-603,29790532
16083850,TasTyFanBoy,8856.62,8209.28,-769,29790532
6325392,kogepaaaaaaaan,8567.49,8208.69,728,29790533
6640253,nekotomokap,8481.24,8206.79,476,29790533
16368043,Mat1az,8819.6,8206.53,-382,29790532
37587737,arnemu,9027.15,8205.23,-1076,29790531
8573172,Lightedd,8926.69,8202.46,-720,29790531
29966884,dainel,8897.94,8202.07,-816,29790532
35415366,park-nago,8782.36,8200.84,-172,29790532
2265744,__loading__,8315.38,8200.75,1301,29790534
10505592,-Mars-,8767.98,8196.24,-252,29790532
12826983,PedSen,8806.96,8195.28,-326,29790532
1083344,Koume,8503.2,8192.27,768,29790533
11056763,Zhuosh,8914.19,8188.80,-767,29790531
12824657,AitaiEustia,8895.14,8188.55,-511,29790532
34944956,RainQwQ,8645.38,8188.15,-60,29790533
11005599,ujinnokelokule,8861.25,8187.34,-632,29790532
26241550,Joy Division,8609.23,8186.92,410,29790533
3058061,drimuter,8827.41,8185.78,-798,29790532
28352261,galoakun,8493.85,8183.83,510,29790533
32743807,hikqru256,8381.09,8183.62,-23,29790534
19910205,robson88,8792.37,8182.49,-375,29790532
11413336,zaoDayo,8473.09,8181.51,881,29790533
7726804,Squad,8587.29,8180.70,405,29790533
36193261,mlml1,8661.49,8177.62,-73,29790533
9103869,Eson-,8411.01,8177.60,978,29790534
12652526,yumi_,8590.17,8177.50,-924,29790533
2274922,terryyoyof,8472.32,8175.88,721,29790533
4773274,coden,8530.45,8175.77,468,29790533
20422042,Syurin,8773.35,8175.18,-295,29790532
9149201,saxo99,8467.91,8172.90,774,29790534
11060874,k_aed,8870.13,8172.32,-799,29790532
37088606,Yo8864,8568.44,8171.52,-122,29790533
9048806,_Raynard,8522.52,8170.40,591,29790533
37348836,NahTF,8789.91,8168.83,-676,29790532
5265524,ho nool,8311.92,8165.86,1404,29790534
16484750,PoorQuaIityMeat,8695.6,8164.94,53,29790533
1916043,39842086,8513.19,8163.27,557,29790533
21138904,fua,8894.06,8162.44,-1096,29790532
37690335,fuzita,8781.82,8161.75,-469,29790532
26996937,NdreW,8583.8,8159.02,305,29790533
11132947,Hope_fps,8693.42,8158.97,-471,29790533
22934882,TheOmegaLuaMan,8372.92,8155.55,738,29790534
455552,TraxieChan,8537.65,8155.51,438,29790533
3622412,Sypro2000,8627.11,8155.37,145,29790533
36277497,AgneSTaChyOn,8620.42,8153.81,44,29790533
252809,TunaWei,8460.13,8148.04,607,29790534
5255322,Shian,8344.84,8146.08,578,29790534
18971387,zyletinee,8704.4,8145.58,-219,29790533
34528787,UmbraRainy,8152.74,8143.96,1104,29790535
32249477,furofuro,8496.88,8141.06,-6,29790533
15595273,zloybloger,8819.24,8140.30,-512,29790532
1715562,Cawolo,8382.25,8138.67,928,29790534
10119845,cute boyfailure,8616.37,8136.67,210,29790533
36857121,chara1021,8426.89,8134.83,41,29790534
1291769,ALEFY,8590.11,8133.98,411,29790533
7418824,mikanyan325,8606.36,8131.70,-14,29790533
18841061,kabomeel,8727.07,8128.57,-567,29790532
15218817,Ksyro_,8431.18,8126.42,797,29790534
11081544,Quincy,8774.71,8125.15,-201,29790532
884059,Shinri_Shinri,8496.97,8124.92,718,29790533
12058803,alego4710,8359.16,8124.47,1327,29790534
7753330,pshxe,8461.33,8123.47,652,29790534
16988028,kuraiyoru1128,8676.4,8123.29,83,29790533
10790324,Ray1214,8559.97,8122.17,155,29790533
11871395,soooooooda,8613.9,8122.13,-49,29790533
18706950,Jamixiy,8719.17,8122.11,-247,29790532
12567790,hyouce,8289.06,8119.98,1063,29790534
5985099,Ksoam,8834.88,8119.48,-775,29790532
38233716,NoYumeWasHere_7,8651.08,8118.79,-536,29790533
33398866,whyamihere019,8703.54,8117.57,-262,29790533
38748265,kmdenden,8458.79,8115.37,525,29790534
787429,yuugaras,8651.78,8114.19,-134,29790533
31089187,ShiyuShiyusikos,8477.42,8113.53,87,29790533
15756768,rock960331,8537.15,8111.06,158,29790533
3334377,aposutorohili-,8596.66,8110.97,251,29790533
5590013,jigglypuff,8402.31,8110.17,576,29790534
25914360,MiniEgg_23,8636.08,8109.97,327,29790533
16754482,be114,8270.63,8109.89,1017,29790534
6442010,youtune3,8802.74,8109.14,-586,29790532
11870781,Solkay,8870.61,8106.00,-745,29790532
9950023,ZyKAL,8838.2,8103.18,-786,29790532
34317041,S0meth1n9,8424.67,8101.82,309,29790534
20586158,momoatgaming,8768.33,8098.82,-699,29790532
2516020,CthulhuSatan,8644.27,8098.02,-158,29790533
2969197,kuraya,8474.64,8095.05,616,29790533
30057156,REeEN_0,8266.82,8093.75,1196,29790534
3687287,Daigo,8282.85,8092.77,1436,29790534
12967997,swake,8394.16,8090.73,1042,29790534
34718169,ReinsTear,8566.69,8090.54,-1,29790533
13920423,flatspot_,8315.83,8090.43,1522,29790534
5618109,Edward,8353.6,8087.93,690,29790534
17993156,Rzt qqe,8749.45,8086.27,-598,29790532
39744080,yokaze,5147.61,8085.49,-276,29790561
16511599,Enderlegend87,8671.98,8084.35,-16,29790533
7188652,mouzee,8406.01,8083.78,456,29790534
426357,bxczyb,8197.59,8082.23,1638,29790535
13479665,harukachan,8632.49,8081.45,-8,29790533
22083330,Supercolbat,8642.56,8077.61,-474,29790533
11405263,Fametime,8899.07,8076.82,-1113,29790532
8071649,kome08,8215.31,8074.79,1165,29790535
7165767,lulu chan,8542.53,8074.64,433,29790533
38486331,mocn1,8101.63,8073.16,497,29790535
437259,Two Fruit Cakes,8202.21,8067.39,1256,29790535
6465995,naaar,8443.26,8066.08,495,29790534
15768715,Anton_Cena,8681.52,8065.96,-282,29790533
3692839,FoodPerson,8627.24,8063.63,-174,29790533
10147621,SeetherMist,7493.92,8063.53,1003,29790539
12352064,osyoyu5,8736.64,8062.29,121,29790532
13799949,Ena,8189.31,8060.55,126,29790535
6512678,hikiko-,8581.05,8059.61,24,29790533
36445783,kitaaaan,8140.65,8058.86,328,29790535
4636461,ur mum,8375.24,8058.62,625,29790534
6928305,Sona lessthan3,8698.81,8058.38,-188,29790533
2577377,himeshyakunage,8358.85,8057.65,775,29790534
3686901,Charlotte,7978.42,8057.04,2324,29790536
10677120,Claris_Zeinburg,8359.29,8055.98,662,29790534
32369154,alale,8636.91,8054.44,-281,29790533
12095289,abc7559485,8578.49,8054.05,-208,29790533
1897982,carnivore101,8366.3,8053.94,821,29790534
4271216,Konamiruku,8134.17,8053.02,1933,29790535
11145088,Clerne,8463.34,8051.96,604,29790534
7602019,RivenKing,8350.31,8048.56,436,29790534
8800979,jun3006,8406.63,8048.39,515,29790534
32700903,Yomogi0202,8278.74,8046.46,731,29790534
20041224,ikayaking,8539.68,8045.08,112,29790533
1610850,RealCuT,8622.86,8042.95,-146,29790533
6821436,_toko,8659.75,8042.83,-199,29790533
15420737,icedcoffee525,8416.96,8042.06,629,29790534
38176458,XRONIER,8134.82,8041.23,635,29790535
17449221,baluxi4572,8296.46,8040.66,1146,29790534
3582786,Spooky Mango,8343.85,8040.54,785,29790534
34026545,SiwooBi_,8711.48,8035.95,-603,29790532
18969685,saku1114,8409.06,8035.58,391,29790534
17125759,Heisya1582,8473.27,8034.87,-7,29790533
38460410,gomati,8154.2,8033.09,975,29790535
29517973,s_0224,8376.19,8033.04,242,29790534
14563850,Hyrstrill,8704.46,8032.85,-741,29790532
11150317,TrueZaya,8573.99,8032.51,-406,29790533
8798826,Ekosuke,8553.07,8030.48,44,29790533
13494088,la_055h,8505.14,8030.14,-106,29790533
34197854,FracDR,8603.37,8028.62,-243,29790533
2290294,MyAngelMiori,8356.55,8027.83,756,29790534
11381215,Remlet,8554.15,8027.03,285,29790533
19500985,kokkun,8728.5,8026.28,-638,29790532
14886954,MyAngelRuby,8519.18,8022.50,-127,29790533
4567864,MT_Fiolet,8520.67,8016.88,67,29790533
34906201,Yukarine-,8291.53,8016.75,591,29790534
2144038,playin14,8514.35,8016.41,109,29790533
8834793,MicSup08,8521.86,8016.38,110,29790533
21838547,Evrnoob,8714.01,8016.35,-842,29790532
1109122,roufou,8347.61,8015.99,557,29790534
11949584,aheface,8266.02,8014.61,887,29790534
31227474,konpe110,8719.78,8013.90,-586,29790532
8280090,Zomer,8208.79,8013.90,738,29790535
13951757,nageru,8159.8,8013.79,64,29790535
10954712,Noyk_n,8097.83,8013.74,1023,29790536
22061038,moshi-niki,8221.09,8013.15,1101,29790535
27418928,sizimi443,8254.45,8009.38,843,29790535
8662649,Thorold,8531.64,8008.98,-141,29790533
8828130,soy_asterisk,8174.53,8004.71,1016,29790535
16888639,NathanCathan,8218.19,8001.82,897,29790535
9591755,HappyChau0v0,8479.17,7999.81,438,29790533
11883100,XimperiaL,8735.42,7999.30,-890,29790532
2353490,[ AeonLust ],8260.42,7997.47,1005,29790535
32532492,shoumonster,8246.7,7992.97,1041,29790535
4598966,Intelli,8470.09,7992.88,210,29790534
9763365,pridesnow,8269.53,7992.82,342,29790534
14141617,Tty-hk,8316.48,7992.36,664,29790534
3101063,datlizad,8653.55,7991.31,-241,29790533
9077916,Hung Tran,8239.6,7987.24,597,29790535
5060259,Aatu,8367.02,7985.89,302,29790534
19014084,JabierGamerEz,8137.68,7983.19,268,29790535
36941170,jyurao,8433.45,7981.92,-28,29790534
31235935,Lasuenal,8322.25,7981.76,595,29790534
21899263,murabitVR,8456.65,7980.87,38,29790534
28250211,ryuuuuuuuuuu,8437.93,7978.27,-129,29790534
22188975,hakkyourokudan,8011.07,7976.83,646,29790536
3684443,taikorage,8253.53,7976.18,852,29790535
1119463,Bola,8376.06,7974.51,276,29790534
20020441,cyger,8174.77,7973.20,1042,29790535
6466083,Derut4_,8382.03,7972.66,476,29790534
1262784,Ayane Sora,8210.76,7971.08,1013,29790535
1119087,Soner Wolf,8336.34,7969.13,309,29790534
16261750,ewio,8250.59,7967.70,845,29790535
15906211,MaDorOmmmm,8472.76,7965.91,-105,29790533
20243467,hr0,8555.67,7965.33,-355,29790533
20211786,chBya,8094.71,7964.56,970,29790536
6239349,Napepe,8614.47,7963.97,-366,29790533
2685408,Gahyeonln,8391.06,7962.76,27,29790534
18416646,John glizzy,8569.82,7961.73,-718,29790533
36704481,iwanami_bb,8275.72,7961.03,619,29790534
10055403,noct-arcadia,8339.69,7958.86,521,29790534
7221207,Getsuyoubi,8333.58,7957.14,374,29790534
1757160,QuanTUM,7998.96,7955.77,1707,29790536
5254694,himazou,8293.34,7955.73,864,29790534
10794078,thepootisheavy,8587.96,7951.13,-290,29790533
4932456,yoshi-mk2,8283.04,7949.83,513,29790534
35785380,siqht,8465.62,7949.03,-319,29790534
14443745,dhuragin,8400.23,7949.03,475,29790534
14824520,WillTRM,8079.24,7947.50,588,29790536
11134074,Wexxxxxy,8725.47,7944.32,-977,29790532
14852786,choku2019,7888.35,7942.67,1047,29790537
7960435,Bwhaa,8110.13,7942.02,1191,29790535
6782586,A-YAYA,8010.33,7941.87,1682,29790536
352674,yikao,8060.84,7938.44,1141,29790536
21905639,KaRuKaRu_888,8472.83,7936.47,-174,29790533
12714641,Blanc124,8414.21,7935.16,-206,29790534
15669661,CyberCute,8263.84,7930.92,819,29790535
14875399,Midori5022,8377.6,7930.59,177,29790534
38200915,ririnotes,8236.44,7928.76,514,29790535
15507791,Juridiscious,8473.36,7928.65,-200,29790533
31148839,Mugi100percent,8360,7926.08,-250,29790534
30585411,pesho,8464.86,7925.70,28,29790534
371546,froon,8453.75,7925.53,-34,29790534
12116714,kqro,8183.63,7924.86,982,29790535
22816471,Kamenishi,8370.82,7922.70,735,29790534
14450410,Nonfakegamer,8625.96,7922.32,-801,29790533
13205755,Potato9756,8631.8,7918.27,-791,29790533
7109230,molhol9,8500.14,7917.93,-47,29790533
10583679,distinct,8241.04,7917.41,250,29790535
2345079,_vu69,8022.33,7916.55,1117,29790536
587653,[KOR]Atlantis,8364.15,7915.81,197,29790534
8819702,Tegarpmngks,8478.52,7914.92,-346,29790533
9898330,Haruharuuu,8290.29,7914.52,545,29790534
144536,Klefki,8452.01,7912.53,26,29790534
15501334,Noogliz,8410.28,7911.96,96,29790534
3002648,Ilikecheese,8138.99,7910.68,960,29790535
13054150,Kenrit-San,8381.58,7910.06,435,29790534
4961687,lolphis,8247,7907.00,556,29790535
5427781,musake,7982.55,7902.86,1457,29790536
33231846,banana8989,8151.19,7901.35,180,29790535
507455,kmt,8019.11,7900.74,1501,29790536
13377652,Shoira,8319.69,7900.13,69,29790534
8942131,Tedward765,8345.17,7898.76,10,29790534
14714592,Max_Prm,7775.29,7895.34,1976,29790538
11999598,sakuhime,8616.88,7893.34,-410,29790533
11798772,udidoudi,8406.35,7892.51,-121,29790534
13348268,DimplesRMe,8237.78,7889.78,737,29790535
36313009,rigachan,8069.89,7887.26,630,29790536
9191677,948794666666,8380.33,7883.85,-12,29790534
1381781,Jp-Tiger,7832.61,7882.28,2388,29790537
12816947,-[ Konomi ]-,8299.59,7882.02,387,29790534
6629754,ymist341,8235.9,7881.61,382,29790535
13925852,brandwagen,8312.5,7880.87,-863,29790534
249094,Anny,8015.69,7879.89,1159,29790536
12041955,Tanaka_Shoji,8504.03,7877.85,-589,29790533
27703368,LyunAvice,8561.28,7876.96,-805,29790533
38618508,ep_silon,8128.86,7875.83,101,29790535
13047656,jordee,8215.78,7873.36,918,29790535
17148657,Poity,8144.42,7869.46,745,29790535
13181855,Sqkurq,8175.25,7863.18,846,29790535
25168820,depny,8634.6,7863.15,-733,29790533
8945107,MMLYY,8293.54,7861.85,179,29790534
1502711,matu0770,8342.6,7861.25,131,29790534
1255920,Lost The Lights,8187.22,7861.15,612,29790535
7734408,Rh_tomokun,8102.96,7861.08,784,29790535
12154729,Ririmalism,8092.99,7858.19,471,29790536
10055204,Zoobin4,8300.12,7854.91,512,29790534
30786316,OVERDUSTFIVA,8141.51,7853.70,518,29790535
21401002,Seoi Ha,8226.8,7853.63,413,29790535
28063333,akaneko098,8328.57,7851.33,-149,29790534
32038767,OWbin,8181.38,7850.57,950,29790535
16683139,Ama114,8156,7850.51,876,29790535
23209237,Kaolel_,8389.97,7848.27,-321,29790534
12607655,Blazzto,8640.12,7847.67,-986,29790533
11842020,Pagandei59,8449.55,7844.06,-421,29790534
30899023,Mackia_168,8020.56,7843.56,405,29790536
17640749,4lw,8554.21,7843.30,-478,29790533
34700656,UnderKIMCHI,8367.32,7842.26,-708,29790534
5054602,makimakimax,8067.42,7841.76,1032,29790536
23043946,krolixy,8346.84,7840.06,106,29790534
11035895,_Kancho_,8517.93,7839.90,-680,29790533
16069983,Papitora,8076.13,7839.64,590,29790536
14971087,nikitanik133,8439.89,7838.36,-185,29790534
5036938,JJuya,8163.1,7837.38,672,29790535
16700987,Earthmover,8103.46,7836.02,794,29790535
8288396,Bogen,8177.52,7835.96,963,29790535
28868420,MyAngelDena,8295.92,7835.08,115,29790534
38608621,T_T413,7984.57,7833.33,-593,29790536
4557440,reyss,8113.65,7832.10,670,29790535
18482492,NyoBe,8470.99,7831.72,-364,29790533
24285111,My Angel Chen,8527.63,7831.34,-780,29790533
12820940,IWBTG,8396.7,7830.90,-12,29790534
15541593,Dau,8265.53,7830.14,424,29790535
36606958,koipasta,8454.74,7829.70,-156,29790534
10873482,KEK0,8546.9,7829.58,-762,29790533
33026657,Blackburne,8091.4,7824.23,1185,29790536
6291741,BlackBN,8083.62,7823.12,627,29790536
27165840,Tdesukonbanwa,8005.2,7818.44,492,29790536
10286018,shenglinnn,8224.26,7817.68,444,29790535
1054833,sebysebyseby,8331.6,7816.73,171,29790534
14402678,kuroneyagami,8416.39,7815.62,-353,29790534
290128,OnosakiHito,8082.43,7814.89,923,29790536
29874212,gummyworm1,8100.45,7813.61,467,29790535
35898762,iou1214,8297.55,7810.92,-262,29790534
8506045,Reone,8296.66,7810.62,302,29790534
16988593,SANO810,8317.88,7808.75,104,29790534
4833676,Playboi Carti,7912.41,7808.59,1201,29790537
36678458,blastocisto,8319.13,7806.39,-51,29790534
34550641,Milfy,8295.35,7804.93,80,29790534
3885705,natsumelody,8110.89,7804.51,645,29790535
18039175,shortcake1234,8094.77,7803.92,668,29790536
8053852,0TintinOsborn,7831.53,7802.43,1163,29790537
12478873,Aarqeus,8481.93,7802.40,-654,29790533
21412951,Originstory3,8373.37,7801.38,-293,29790534
12788770,Yulania,8468.49,7799.27,-314,29790534
30012667,misotan,8294.34,7798.18,184,29790534
8306932,Pl1M,8197.34,7796.62,232,29790535
10733787,hunterjos,8325.72,7796.61,-141,29790534
12332509,qb Metatron dp,7972.09,7795.36,1227,29790536
5256037,Axelouuu,8104.21,7794.18,970,29790535
15909497,hshstime,8446.66,7794.02,-368,29790534
7960161,Zismac,7917.39,7793.35,1165,29790537
13082668,Tsubackyy,8301.9,7793.05,286,29790534
22645899,Mushu0,8423.63,7791.93,-568,29790534
6880484,Block Head,8383.54,7789.25,-307,29790534
3662737,Blackener,8110.5,7788.95,715,29790535
36509415,kanta_house5,7906.27,7786.93,656,29790537
15995993,Elisie,7667.34,7781.08,2169,29790538
932414,Konata x3,8222.8,7780.80,789,29790535
7367965,carrot312678,8340.9,7774.55,-173,29790534
893368,[ Kagami-San ],8005.85,7771.17,1068,29790536
10510856,Beanies Toe,8337.52,7771.03,-139,29790534
23087748,danbo-ru0428,7976.74,7770.19,752,29790536
21493700,Kyoba Inagi,8154.71,7768.77,101,29790535
13747668,HSY,8543.16,7764.62,-931,29790533
4541873,Yukiyo,8130.95,7763.31,681,29790535
5664171,Beat43210,8091.2,7762.84,606,29790536
13338596,Squawks,8155.07,7762.33,466,29790535
1031172,Asherly,8227.67,7759.15,73,29790535
8170037,4c__,8045.48,7755.62,705,29790536
38559551,MAETAKU,8060.4,7755.11,232,29790536
34678048,redfruityfruit,8189.99,7752.48,-44,29790535
28729381,rainny,8151.25,7750.17,-126,29790535
37430481,SiAN39,8346.96,7750.15,-321,29790534
35717308,tlavelog,7557.31,7749.88,988,29790539
26051403,yukkeca,8109.43,7748.54,698,29790535
8868361,CurryDry0608hk,8049.17,7747.65,1093,29790536
5545225,- RNA -,8150.36,7747.18,499,29790535
12019388,LNbot,8301.63,7744.93,-123,29790534
12196335,schlip,7960.03,7742.69,937,29790536
35966853,Jituniomosiroi,8243.56,7742.17,-50,29790535
13451629,Memoire,8079.1,7741.13,532,29790536
6084548,tanakaa,8140.39,7739.33,450,29790535
12248285,-Storm7-,8019.85,7739.10,1214,29790536
4248565,metalS,8147.29,7737.24,99,29790535
1861025,Soviet Kebab,7983.86,7736.08,1066,29790536
14758501,jellium,8137.84,7734.79,586,29790535
12297375,Adam Yuuki,8454.68,7732.36,-657,29790534
4585661,downy,7863.13,7732.15,1541,29790537
5905091,MeovvCAT,8358.37,7729.70,-175,29790534
8392103,coolujan0x0,8016.5,7724.62,788,29790536
2198633,dppss93167,8084.8,7723.61,373,29790536
14444059,BachoDude,8237.2,7722.14,-199,29790535
10596647,-Puffy-,8112.71,7720.06,352,29790535
28031130,riyoru_2629,7943.42,7717.00,948,29790536
16250047,PeachHeadz,8362.96,7716.55,-702,29790534
13241562,DarkScrap,8401.79,7716.02,-831,29790534
28335936,SaKaSii,8117.69,7709.70,284,29790535
9702726,Weaotaku,8145.84,7708.49,272,29790535
34315937,serpp,8336.58,7707.40,-477,29790534
37572013,sqm0,7901.65,7707.34,255,29790537
2238673,burntpurple1,7966.1,7706.47,1204,29790536
2813324,TpSlimigt,8025.36,7703.46,-644,29790536
12042993,C O L L A P S E,8043.82,7703.42,727,29790536
10053774,Hozin,8001.01,7703.40,793,29790536
6942518,FlaMieQ,8185.5,7700.76,-20,29790535
4655851,akichan0118,7991.42,7699.98,799,29790536
8655327,Caesar Salad,8175.45,7699.86,245,29790535
14248122,Yorikaryl,7955.69,7698.73,318,29790536
9915797,Badplayer101,8440.31,7696.75,-881,29790534
3053382,melonboy,8123.1,7696.47,758,29790535
1847698,PiraTom,7665.35,7695.56,2129,29790538
28672453,Yuduru_1011,7729.74,7695.04,226,29790538
37804471,Griefsy,7342.82,7693.80,219,29790541
32572052,DsMAENOL2R,7839.51,7690.91,793,29790537
12134088,tekitoukun1123,7881.5,7689.39,593,29790537
5263581,Eze5,8317.44,7687.91,-217,29790534
21168807,JNrusco_,8237.47,7687.00,-84,29790535
35069567,[ [ ],8085.75,7684.47,525,29790536
34668170,miku2641,7928.72,7683.27,802,29790537
36313549,YOTTOO,8033.11,7680.98,256,29790536
6139212,astel,8249.44,7679.23,-15,29790535
18253607,Rekiill,8099,7678.87,168,29790536
12154967,Dame466,8194.64,7677.80,308,29790535
12392840,wetratz0,8113.47,7677.09,369,29790535
12309657,ToM4To_ChaN,8292.93,7676.95,-476,29790534
32727823,crashhh,8222.41,7676.40,-216,29790535
16181304,Spok_NoVa,8362.88,7673.97,-794,29790534
12242622,South Korea,7993.8,7671.87,380,29790536
15756183,inoheya,7819.01,7669.54,716,29790537
23214736,Shavix,8248.37,7669.50,158,29790535
1623066,sakino-san,8249.81,7669.33,-396,29790535
14316896,itsfuu,8004.84,7669.09,439,29790536
8581772,greenyoshi119,7915.53,7667.67,912,29790537
13563414,Yuchiyan,7842.2,7665.00,524,29790537
30714166,Peac3Sush1,8302.19,7664.71,-791,29790534
36225282,ochoblitz,8166.88,7662.35,92,29790535
1373847,ryu-pul,7708.39,7660.70,1614,29790538
12524547,Seolove,8082.87,7659.29,332,29790536
24730930,[-Omni-],8289.32,7657.47,-713,29790534
7303147,TheGastLine,8056.16,7657.44,368,29790536
19399741,Phonem,8342.33,7656.35,-884,29790534
15676812,Euanofthedead,8105.58,7655.98,467,29790535
26282380,Chocolat_6641,8333.48,7653.41,-668,29790534
34418111,monjaru,7940.59,7652.23,288,29790536
7625535,Kingo,8211.24,7651.83,-28,29790535
24854553,thereal8tsu,8032.04,7648.24,592,29790536
15591179,AshelliaKawaii,8182.08,7647.21,-17,29790535
7390305,Pyrex,8099.33,7646.70,409,29790535
37305969,memooooo256,7932.62,7646.03,508,29790537
25578713,Kanton-V3,7940.19,7645.21,760,29790536
35634622,ggggggr,7860.67,7645.13,657,29790537
30043630,Marrelia,8095.01,7643.98,308,29790536
10332424,Rivariec,8248.88,7642.89,-634,29790535
36644161,Fudelo4712,7962.25,7641.20,363,29790536
20720106,TheGrimmySoul,8080.02,7640.30,168,29790536
2393684,komo_dayo,7951.42,7640.11,443,29790536
34197530,micranela,8349.31,7637.90,-842,29790534
36780867,rx2afx,7869.2,7637.11,165,29790537
15635386,Yomogi,8119.79,7634.84,240,29790535
9694799,Light_dragon2,8352.24,7634.27,-810,29790534
9914579,NicoNesko,7932.73,7632.61,806,29790536
8097996,Nightcrawler,8046.02,7632.34,484,29790536
12227846,w2w2_37,8007.83,7632.16,244,29790536
20568072,caro1001,8067.28,7631.71,271,29790536
36751613,penguin0522,8052.19,7628.89,-583,29790536
7335062,[LS]SirroNL,8048.02,7628.70,286,29790536
13228917,oslash,8043.47,7628.60,459,29790536
3123832,cookiecrisp,8042.73,7628.37,599,29790536
7342322,limchiasiang,7992.46,7627.96,454,29790536
4498616,MBmasher,7364.09,7627.90,-558,29790540
1910766,Nwolf,7926.41,7627.61,839,29790537
33695405,Rm_onigirya,8102.05,7623.03,198,29790535
2192669,1Lili,7828.13,7621.24,1170,29790537
32753835,tuyoimogami,8195.44,7621.23,-161,29790535
27585185,yiu,8175.14,7621.21,-172,29790535
30820430,Reni4m4ru,7964.32,7617.71,292,29790536
6551869,CiRnO-TEiRI,7815.35,7614.46,948,29790537
4505744,Wim Are,8104.08,7612.70,265,29790535
10191009,syoooooooooooyu,7924.15,7612.63,616,29790537
36202355,MyAngelCellina,8295.11,7612.00,-671,29790534
11417993,Jarran,7259.75,7611.50,1308,29790541
28514186,[maux],8204.88,7608.26,-472,29790535
7982003,t0nik,8177.41,7608.25,-211,29790535
31690073,melonforever,8287.02,7607.94,-442,29790534
29640996,Leleux7,7616.88,7606.86,1320,29790539
20007335,ra-do,7909.47,7605.24,702,29790537
15136054,Seijuro Akashi,8265.13,7605.23,-539,29790535
10838767,Trevs343,8082.74,7605.09,101,29790536
33780096,FreshFruits,8101.47,7602.44,252,29790535
14676107,Totto66,8017.87,7600.00,220,29790536
11584592,PollyDoggo,8111.74,7598.63,88,29790535
7540346,JustMax,7836.53,7594.95,1060,29790537
8477407,O-Koke,7826.82,7593.46,480,29790537
14083194,Kurono0517,7885.83,7592.32,255,29790537
19191509,AquaSpark,8232.26,7591.68,-320,29790535
27519159,kunaidayo,7998.68,7590.98,158,29790536
6695439,kemono_shoebill,7910.1,7590.74,806,29790537
3457852,_krsk3,7970.18,7589.01,530,29790536
18746216,MeSonWasTaken,8122.93,7588.67,-433,29790535
17367989,Shibuya Kanon,8246.16,7585.02,-128,29790535
14360305,uwaah,8166.67,7581.57,-351,29790535
36831544,naeochi05,8122.3,7580.63,56,29790535
11674094,karamuchi,7802.42,7580.25,1031,29790537
25434509,Qvxle,6271.59,7578.97,-702,29790549
27977048,numata,8054.98,7577.90,-3,29790536
35027059,pablooofdzz,8087.54,7574.92,-112,29790536
16433513,marukyu2006,7944.18,7574.91,572,29790536
4596472,Mrkawaguchi,7948.27,7574.73,489,29790536
22121763,T3mie,8264.19,7574.53,-531,29790535
9582525,Kappu,7861.62,7573.91,704,29790537
9247688,Navi Markeloff,7911.66,7573.34,636,29790537
11328112,jrny,8243.42,7573.32,-581,29790535
22474333,Glacc,7889.1,7573.13,882,29790537
33680407,mabodo,7766.27,7571.66,364,29790538
23598312,Masumi Seki,8228.8,7570.34,-456,29790535
1441269,kuribo,7746.19,7569.70,1429,29790538
16157387,TheAo0402,7983.52,7569.00,525,29790536
9907288,licoris4611,7702.48,7567.17,992,29790538
3516241,Spazza17,8210.67,7566.62,-636,29790535
15526317,k1fa08,8360.92,7565.94,-886,29790534
28650404,akasoko262,7603.18,7564.47,129,29790539
15452790,fiscia,8037.13,7563.37,303,29790536
34718720,d4You,7792.73,7560.85,682,29790537
7245505,TibB,8034.1,7560.50,277,29790536
3577322,[R],7932.26,7559.89,563,29790537
13984403,xso,8031.28,7558.09,-279,29790536
14718763,ChasJC23,8105.36,7558.07,-127,29790535
16266640,AnimeOPMak,8161.87,7556.91,-186,29790535
35205903,SebboXIII,8188.92,7556.28,-451,29790535
6853438,5_5,7859.78,7554.92,1022,29790537
6351716,P1k4chu,8096.37,7553.77,-81,29790536
1762437,GGJaeger,7767.33,7552.59,740,29790538
7570311,brein62,7658.11,7552.57,1382,29790538
11261860,Timeattack,8049.67,7552.23,136,29790536
12702107,GOD82028,7875.57,7551.36,718,29790537
31099237,Henry0620meow,8028.03,7549.85,-112,29790536
5720389,Fallmorph,8030.82,7548.99,175,29790536
12999191,Suzux,8173.31,7548.33,-230,29790535
34037066,p1astics_,8001.59,7545.59,-181,29790536
15852209,Lqdc,7962.03,7545.35,32,29790536
12642144,pottee,7933.2,7545.16,339,29790536
11727492,Jekuru,7890.53,7544.44,580,29790537
36979309,house_0707,8092.11,7543.96,22,29790536
3648015,Edo,7857.58,7542.39,669,29790537
14543407,imT113,8033.72,7540.33,159,29790536
10612114,Corona-chan,7891.76,7539.37,395,29790537
38876202,k4zx_,8159.69,7539.09,-782,29790535
16049239,Nokuq,7951.75,7537.80,249,29790536
4307102,Shakti,7910.04,7537.31,700,29790537
7365988,Kith190,7893.68,7533.77,543,29790537
9171672,Godworrior,7984.01,7533.54,273,29790536
15372482,Namacha_10514,7777.75,7533.35,973,29790538
31308751,awaoooooooooi,7970.27,7532.85,268,29790536
548652,LemLame,7974.56,7532.43,342,29790536
9508031,kamaboko117,7988.62,7532.14,-136,29790536
5811057,Aletta,7805.56,7531.58,797,29790537
13097231,My Angel Ina,8139.45,7530.46,-363,29790535
16984744,iSaturnx,7898.65,7530.23,676,29790537
33706398,Kurosiro256,7789.7,7526.08,811,29790538
9331243,CyborKk,8155.65,7525.37,-360,29790535
13456532,ZTWZTW,7535.18,7524.13,1655,29790539
4707770,relto,7939.22,7523.48,794,29790536
12704335,pm04034,8053.46,7523.19,-158,29790536
40169899,RuriCore,7331.99,7521.91,535,29790541
24719267,mati-bmp,8108.13,7521.84,-248,29790535
38442885,onigiri1717,7826.96,7521.67,301,29790537
24372837,mE1q,7293.61,7521.17,-147,29790541
2250475,utidautidautida,8159.23,7518.95,-305,29790535
39156198,AkihabaraHome,8096.98,7518.87,-584,29790536
4392833,chaga,7947.5,7517.92,258,29790536
9005414,musicmaru9,7972.2,7516.38,175,29790536
10052192,InTheAir_old,8054.84,7514.86,-311,29790536
2385778,marshallx,7831.16,7513.20,1229,29790537
17555447,jesusito15,8167.36,7510.23,-537,29790535
35077889,salmon_handler,7923.88,7509.07,511,29790537
10625908,CapsulateRhyme8,8056.44,7508.40,-242,29790536
14819676,Ecul,7821.05,7504.04,364,29790537
909640,luijiso,8113.27,7503.30,-22,29790535
17545253,kira0728,7890.6,7503.11,-56,29790537
7617108,kawausokun,7577.34,7501.86,1102,29790539
21391654,mito918,7950,7501.46,532,29790536
17457562,[GB]sherweifa,7414.85,7499.43,1039,29790540
36289175,EpicSpark_97,8081.53,7499.42,-265,29790536
15312539,KaroikoChan,7960.25,7498.64,138,29790536
26040741,Makovzj,8036.89,7496.78,-157,29790536
13341525,ERA pepega,8198.63,7495.89,-604,29790535
28415289,curemarin,8015.09,7495.14,-235,29790536
3224612,MeeHawk,7850.82,7493.38,529,29790537
3867109,Zephyte,7653.86,7493.12,1205,29790538
2715118,Voltaeyx,7858.25,7492.60,543,29790537
21188734,-dex-,8221.51,7491.59,-612,29790535
5021649,ak9,8116.3,7490.85,-290,29790535
3180078,Claire,7989.51,7490.19,259,29790536
9949657,Zyphore,8219.3,7490.10,-393,29790535
30029511,chotkaia popka,7464.68,7488.11,-437,29790540
98985,DarkDunskin,7931.57,7486.16,268,29790537
7453536,EJ__,7798.98,7484.57,273,29790537
19875644,flowerghost,8094.4,7484.29,-555,29790536
8210178,Flikon,7871.48,7483.76,123,29790537
20104017,ASBQ,7961.15,7482.98,53,29790536
5194287,Kamia-,7958.46,7482.90,728,29790536
16608860,yoshyap,7986.71,7482.62,70,29790536
13900554,gvxxi_,8256.94,7482.46,-858,29790535
16774652,kusahaeruwa,7575.3,7480.70,956,29790539
34967720,Gaboelmascapo27,7898.46,7480.05,230,29790537
32676724,solsher,7936.63,7478.47,-446,29790536
16959084,Ramte,8288.59,7477.80,-842,29790534
14339913,ORCHID,7797.5,7476.44,1211,29790537
39546454,zhannnnnkkk,7485.6,7476.00,947,29790539
13356854,SpookyKraken,8155.75,7475.73,-698,29790535
7003491,AiAyako,7686.46,7475.62,1052,29790538
6787641,JESSMI2,7690.04,7474.48,1424,29790538
25558684,[Crz]XiaoJun,7980.99,7473.65,-446,29790536
14793606,ZzJeysonzZ,7627.2,7472.97,1389,29790539
9527894,[ Sui-chan ],8206.98,7471.60,-628,29790535
34272695,kitsunedayo,7946.95,7471.18,159,29790536
1254926,TimmyTimTims,7721.34,7470.51,614,29790538
1238085,i0200352,8002,7469.89,-108,29790536
10456585,Reaperwh,7642.72,7468.53,1427,29790538
37032630,AMERICAYA,7908.14,7468.04,74,29790537
10530606,[-Neon-],7910.67,7466.61,-71,29790537
14072485,gaharaaan,8107.13,7465.93,-426,29790535
2226395,Takuto271,7872.68,7465.45,298,29790537
20330147,boy940208,7709.1,7465.38,713,29790538
4922419,Sui za za,7891.49,7463.82,369,29790537
18406374,melancholicc,7770.08,7463.72,743,29790538
18106745,exogeroart,7863.97,7462.86,360,29790537
32658329,K_hideyosi,7737.68,7461.37,26,29790538
37306290,sysysysysy,8043.66,7459.05,-568,29790536
4858230,[ Tree ],8125.66,7458.98,-649,29790535
26592615,Failnaught,7884.33,7456.34,-159,29790537
27904312,HERUTETU,7742.73,7455.95,30,29790538
13362198,-Seth-,8026.22,7454.24,-249,29790536
447813,forevehappy,7630.6,7454.19,1556,29790539
10468971,Yoma___________,7746.25,7453.66,517,29790538
2375715,A man push car,7821.12,7450.96,180,29790537
20007645,EB John,8161.65,7448.41,-739,29790535
7383595,Quintic,8275.87,7448.32,-1117,29790534
4552767,abusan0806,7635.48,7447.84,1113,29790538
25417007,gyogyogyoza,7686.92,7446.22,48,29790538
10230145,needlele,7773.78,7445.88,702,29790538
33530705,raaaaaaaaaaaa,7690.58,7445.29,709,29790538
6661116,Mumrny,7692.47,7443.89,934,29790538
15470820,CPPNOPTR,7989.26,7440.97,-89,29790536
36227140,FrixD,7927.94,7440.57,-244,29790537
17159812,Jerrnando,7486.19,7440.21,-477,29790539
18322090,428LG,7758.14,7439.60,388,29790538
4090008,VIVIT02,7822.85,7436.73,572,29790537
6045121,oLaf728,7730.78,7436.58,533,29790538
1625585,Skeuddy,7884,7435.38,432,29790537
19951350,Jayceko,7748.9,7434.74,620,29790538
16467082,unnt,7453.84,7433.49,1025,29790540
15106800,zylia,7833.1,7432.97,218,29790537
7780995,tunakan2539,7882.3,7431.27,464,29790537
33445033,FLANK15300,7651.28,7424.17,585,29790538
10728432,Kaify,7902.23,7421.14,-39,29790537
2242295,pa0708,7810.97,7420.98,53,29790537
2221895,WonderMan,7805,7420.53,485,29790537
17191390,Lotus779,7966.47,7419.59,-216,29790536
33377826,Ralluku,7687.45,7418.24,3,29790538
36194741,KS_555,7911.43,7418.14,715,29790537
27745918,Zennan,7770.85,7417.39,573,29790538
2136175,liknlie7,7640.67,7414.88,945,29790538
20694625,kira0216,7724.63,7413.79,713,29790538
19803174,RainbowCatTW,7289.13,7413.59,479,29790541
15174223,[LS]Byte,8139.28,7412.87,-701,29790535
1918404,eterpay,7746.92,7410.48,590,29790538
326049,NeoRainier,7431.43,7410.39,1634,29790540
8645486,NianHow,8044.17,7409.08,-232,29790536
3792472,Woey,7750.73,7408.96,737,29790538
21567144,EIKOKU,7788.78,7408.41,462,29790538
26053413,MegAne2211,7813.17,7408.13,569,29790537
16162078,Usie,7918.67,7407.48,110,29790537
15512197,kouichi0717,7553.36,7405.03,1205,29790539
13681283,HEAVENLY MOON,8033.37,7404.83,-190,29790536
9751162,marcolkh,7945.4,7401.12,-308,29790536
20409319,nigori_sinrutyu,7786.35,7400.33,345,29790538
9456950,Schynagel,8063.59,7400.26,-318,29790536
4046913,pms3296,7769.81,7400.24,490,29790538
15532970,nadesoda,6143.49,7397.31,1551,29790551
8104504,yayuyoyo,7759.17,7396.92,541,29790538
36843669,kekke18,7608.59,7395.55,-7,29790539
29662189,Kuru Shirokane,8099.75,7394.90,-807,29790535
10951981,Cm0nsters,7888.99,7394.23,366,29790537
3408715,gman,7919.48,7393.32,-159,29790537
734548,cronotZX,7839.44,7392.88,281,29790537
6042123,Uzi,7807.79,7392.76,94,29790537
6063033,arieru_nico,7737.89,7390.18,414,29790538
3801579,KTosh,7757.9,7389.59,538,29790538
12315824,-Aku,7917.77,7389.25,97,29790537
37663827,uzuramotchi,7577.86,7388.47,459,29790539
6761832,Namirin-chan,7997.99,7387.39,-211,29790536
20679407,GTA Greta,7999.42,7387.21,-540,29790536
23991745,Mikolaj954,7951.69,7387.06,-80,29790536
22569403,DaduBelaa,7904.77,7385.43,-261,29790537
33475560,syphoney,7428.93,7383.93,670,29790540
30951432,My Angel Herta,8109.84,7382.21,-723,29790535
329264,my000,7554.81,7375.61,1091,29790539
3658228,Gu__,7334.55,7375.12,1971,29790541
17598323,Nanai10a,7832.49,7374.66,153,29790537
2789905,Gordon123,7728.43,7373.90,580,29790538
36087451,Spure,7792.18,7373.68,-363,29790537
10180454,Famelira,7796.19,7373.43,417,29790537
35645288,xyurinoha,7584.96,7373.38,955,29790539
1150178,senkai,7726.92,7372.81,901,29790538
11401218,Yz96,7884.77,7372.25,128,29790537
34098399,tubatti,6634.11,7368.57,521,29790546
8966140,Konrad20050,7829.61,7368.46,149,29790537
14320297,platuna,7698.23,7365.16,519,29790538
36772264,SawaYoshi,7555.65,7359.59,481,29790539
7559481,izede,7676.43,7359.32,998,29790538
11757516,ToshaChuu,8074.79,7358.09,-691,29790536
12424022,Guavaz,7846.11,7357.58,87,29790537
3530180,david0516,7521.82,7357.21,888,29790539
26823566,66_,7710.79,7356.25,264,29790538
35114876,massan09,7824.28,7353.13,264,29790537
9132490,Katzuuw,7775.58,7351.33,82,29790538
33346723,IAMU,7722.13,7346.03,583,29790538
11413548,SneakyNinja2041,7728.79,7345.70,477,29790538
14677596,olphatail,7821.45,7345.44,8,29790537
12040363,xocelestiia,7831.8,7343.99,-53,29790537
22137068,mable09,7639.38,7339.91,451,29790538
16277295,Qwertythanzip,7819.07,7339.67,134,29790537
16458467,Ha9534m,7484.03,7339.43,1195,29790539
12733884,Blasteroid6750,7972.67,7339.10,-506,29790536
9008010,AronMein,7663.29,7338.89,608,29790538
13043194,[WtO1]kaeleb,7921.4,7335.98,-165,29790537
10053669,Guext,7811.46,7335.15,155,29790537
13551943,bass wonder,7919.04,7334.97,-466,29790537
5568171,adrian_beade,7753.53,7334.35,380,29790538
6686968,panyasan,7692.65,7334.14,469,29790538
26383230,QuailLover,7723.06,7333.38,-305,29790538
4623263,Polfy,7596.02,7333.25,882,29790539
9206082,CruelMEIL,7512.22,7331.50,736,29790539
11390568,Viviene,8021.32,7330.39,-724,29790536
39484172,lordo,7865.19,7330.18,-410,29790537
29224783,KOSHKA_DEVOCHKA,7820.62,7329.76,51,29790537
31710352,StarMaster,7608.74,7328.60,885,29790539
33207950,freespider,8027.38,7326.14,-769,29790536
39046198,Yamadada,7594.16,7324.95,195,29790539
11021463,WalachCZ00,7717.66,7324.80,207,29790538
23545214,Dragonspikes74,7464.86,7324.68,1257,29790540
12559808,gamuuut,8077.31,7319.80,-685,29790536
5198060,Num5119,7971.91,7319.34,-163,29790536
5867033,IneedLOVE925,7839.37,7319.24,-58,29790537
26851066,_Im_Dumb_,7867.84,7319.21,359,29790537
32700952,dango0621pastel,7501.24,7317.68,696,29790539
15048710,zachmanthethird,7546.5,7316.95,1129,29790539
14278447,Satoshii,7867.46,7316.58,-116,29790537
6803970,Naugustogi,7634.59,7316.33,592,29790538
38598614,Fibonacci356,7562.85,7316.20,110,29790539
13945916,[NL]GaboNeftaly,7790.99,7314.24,364,29790538
244499,TW-KUMA01,7400.71,7313.80,1528,29790540
9657211,rara0857,5173.15,7312.59,-40,29790561
9650304,aci,7472.22,7309.18,1026,29790540
8428186,Apopaino,7819.47,7308.97,314,29790537
18144664,Nimacos,7745.73,7306.49,425,29790538
8417087,FruktoLove,7543.22,7305.91,1044,29790539
9526728,Kloof,7680.83,7305.04,189,29790538
25763554,taqqun,7297.65,7304.90,1083,29790541
632609,nioinomoto,7616.23,7304.03,646,29790539
14040810,gilgamesh815,7191.51,7303.95,2196,29790542
12123222,Kinakon,7534.63,7303.69,719,29790539
35515087,reireira,7505.11,7303.01,725,29790539
4477693,400,7535.11,7302.54,809,29790539
15932874,Borvorn,7669.41,7300.27,48,29790538
25009300,app3nd,7851.73,7299.72,-70,29790537
10888411,Setsoku,7790.01,7298.69,-26,29790538
22025328,rainbootzz,7822.34,7297.12,42,29790537
10400362,NachoMasher,7798.31,7296.05,53,29790537
13731605,XiaoYu_owo,7695.86,7294.60,221,29790538
37830734,nekogang3,7746.56,7294.00,-187,29790538
645775,nanoRL,7740.66,7290.59,348,29790538
11884028,Omores,8022.02,7290.56,-1023,29790536
10692856,- ease -,7841.46,7286.40,-174,29790537
23614418,Kaekyu,7924.5,7285.49,-170,29790537
8872846,Ektera,7684.47,7282.01,279,29790538
24533454,zis9,7611.41,7281.62,342,29790539
252266,yuyuko saigyouji,7358.9,7278.16,1351,29790540
22414780,Raiwww,7526.74,7277.76,680,29790539
15523060,bitami_n,7343.09,7276.54,1198,29790541
2503803,HazzardFreak,7719.06,7274.17,274,29790538
30619087,Mus1cgamer,7721.15,7271.10,-82,29790538
34783248,nikomaki380,7519.58,7270.83,805,29790539
8065042,LemonDust,7796.5,7270.11,162,29790537
792798,curimu11,7548.29,7269.79,643,29790539
19467116,AruMikan_2511,7388.58,7269.43,719,29790540
10474258,My_Angel_Utsuho,7931.13,7268.53,-591,29790537
14229374,Cipoaster,7477.25,7268.26,1379,29790540
23361135,Pakkoo,7885.64,7267.97,-499,29790537
14446046,CharsIsEpic,7583.38,7267.69,514,29790539
8903888,Kaho-Hinata,7936.02,7267.02,-565,29790536
3256305,S H I G N A,7464.56,7262.88,1072,29790540
32932831,tamago12345123,7345.98,7262.21,1122,29790541
29590751,Tanishy,7374.49,7260.43,298,29790540
5910131,aa25530123,7647.75,7260.31,382,29790538
7129011,KonaeAkira,7538.72,7259.71,222,29790539
13522955,Torcie,7799.17,7258.79,113,29790537
15719395,Umbreon mei,7777.82,7256.54,-186,29790538
28891684,MocaAlice,7615.86,7255.28,55,29790539
7266040,flowergirl,7679.26,7255.02,276,29790538
19380721,karupa,7748.65,7254.36,-34,29790538
3976814,dbgustjr38,7573.24,7253.48,714,29790539
30089512,produsan1999,7984.14,7253.11,-722,29790536
11305115,TheBushy,7928.64,7253.01,-593,29790537
7097990,aki,7593.46,7252.91,688,29790539
10153138,VileOW,7839.18,7252.56,-337,29790537
9264007,Dani24f,7646.05,7247.66,177,29790538
10255395,VestiaZeta-o7,7679.73,7245.59,322,29790538
35530920,Akratar,7411.86,7243.99,216,29790540
4924514,okoutan0831,7678.77,7243.95,179,29790538
39348748,xu7vy,6002.03,7242.95,-291,29790552
22920859,Ky1eee,7269.34,7242.74,483,29790541
1228286,sdgdxzt,7524.52,7242.25,710,29790539
7777155,My Angel oserry,7724.99,7240.23,207,29790538
9934416,Dorayaki,7575.11,7240.06,594,29790539
17184772,Mechafinch,7645.62,7239.23,273,29790538
2976543,[Navisir],7826.23,7236.27,-275,29790537
14341247,Cafei0526,7667.82,7236.17,373,29790538
9249982,Mirror1343,7683.69,7235.99,118,29790538
8331320,[humi],7634.02,7235.75,291,29790539
14961676,Morivv,7817.93,7233.49,-126,29790537
5616675,Kyrzer,7603.47,7233.24,267,29790539
7945495,HappyVappy,7424.15,7233.19,1083,29790540
37180859,ghi789,7778.27,7231.39,-299,29790538
12659195,Xtroee,7840.39,7230.32,-435,29790537
17392968,caaiitlin,7871.33,7230.28,-528,29790537
34113341,karyyyy,7803.4,7229.88,-232,29790537
7345342,broomsniffer22,7838.77,7228.95,-159,29790537
24283210,MiyamokuMusashi,7394.2,7227.60,1375,29790540
31323430,seou_,7972.79,7227.27,-1036,29790536
6911992,GodEater7x,7618.18,7225.14,407,29790539
21102847,justusa123,7565.7,7224.68,892,29790539
7088077,Graftiger,7601.15,7222.68,134,29790539
5387232,Naruni,7634.2,7222.04,206,29790539
9435232,Cirrinx,7861.7,7222.01,-549,29790537
19042090,Spooks256,7806.61,7221.33,233,29790537
36910349,katsudonchan,7582.05,7220.40,214,29790539
15400295,WhiteSakata,7639.73,7220.35,387,29790538
18220275,genericign1547,7916.8,7220.29,-820,29790537
38248840,yuchi0531,7567.64,7220.00,-121,29790539
2812098,Madeline,7789.42,7215.17,-91,29790538
34965653,loki0612,7508.68,7214.63,280,29790539
599290,JhowM,7665.59,7213.61,481,29790538
18310498,fhyre,7475.27,7210.95,429,29790540
37652575,shilvia37,7349.13,7209.69,868,29790541
16727751,5ucyy,7372.44,7206.75,1139,29790540
9096592,Derpysnowluna,7667.52,7206.69,67,29790538
18202608,[Nameless-1]],7638.47,7206.33,325,29790538
17131871,zxxr,7636.45,7204.96,222,29790538
1857120,mango11177,7534.39,7204.78,333,29790539
34721089,raurupilled,7657.24,7201.86,417,29790538
28302361,ironwasteMM,7652.89,7201.62,478,29790538
22003410,yupoko12,7692.55,7201.02,-2,29790538
10925451,Mitage,7568.95,7199.25,250,29790539
18382591,Chrisse,7452.52,7198.22,1276,29790540
17245860,-Kokochii-,7599.07,7197.24,-90,29790539
17066262,Drimba,7571.05,7195.94,393,29790539
2097409,Emenalus,6953.35,7193.53,268,29790544
34348134,Yuuki2800,7526.28,7191.65,334,29790539
17513840,Naluci,7668.55,7191.07,388,29790538
36087696,Nyanta0520,7670.5,7190.20,-199,29790538
15756331,tatuya4698,7425.57,7189.95,549,29790540
1421452,Tyistiana,7493.81,7186.85,564,29790539
24084514,fatalwound,7589.41,7185.80,481,29790539
38624640,diggle,6981.43,7185.25,344,29790543
21015192,Et_B,7517.14,7185.14,398,29790539
10843256,1Rize,7557,7184.49,389,29790539
3945273,Supersonic12,7587.5,7184.34,365,29790539
11294546,G G G G G,7447.24,7182.81,1036,29790540
34977126,Samuelito_XL,7766.12,7181.48,-290,29790538
3252800,flanflanflan,7359.86,7180.76,899,29790540
17860552,mikadono_5i2k8,7680.49,7179.37,485,29790538
8856180,zzdev,7603.9,7179.09,286,29790539
4620991,b912948240,7428.05,7179.00,1138,29790540
5954963,Aggrry,7563.62,7178.26,369,29790539
20920064,John Dih,7458.54,7178.07,828,29790540
21313351,fgood246,7324.52,7176.63,924,29790541
3915710,LVL GM,7664.4,7174.82,41,29790538
36745299,PoyotanP,7510,7174.76,407,29790539
10896526,WK258,7496.89,7174.34,573,29790539
7785093,Nivick,7517.55,7174.12,442,29790539
5415502,Wavelation,7700.29,7173.57,-65,29790538
6469056,Bonelius,7530.86,7172.89,265,29790539
1893238,Nearex,7684.68,7171.43,97,29790538
37750152,oMa090,7573.56,7168.76,-34,29790539
16135361,pizzako,7503.44,7168.56,611,29790539
30636936,kanghyeon,7791.21,7167.70,-488,29790537
5769229,inko0104,7381.27,7167.70,1241,29790540
12272964,THORWAVE,7693.86,7167.04,-1,29790538
11069917,xela21666,7838.25,7165.19,-471,29790537
25759992,TrinsungO-O,7677.82,7163.92,-194,29790538
11944138,MIZZALOVER22,7654.41,7161.77,-125,29790538
9997359,LewusekX44,7570.38,7161.75,483,29790539
22272631,Nachio,7795.45,7161.41,-537,29790537
30443802,tak3san1212,7639.46,7160.62,-347,29790538
36797135,Kou11Kou,7327.29,7159.31,517,29790541
21180771,chaozb,7602.25,7158.91,389,29790539
3299553,Mafaldar,7609.21,7158.88,81,29790539
35868579,papaxi,7428.48,7158.24,1291,29790540
16228835,aruto test ipad,7682.92,7157.49,-117,29790538
28445126,burger11291129,7233.55,7157.25,546,29790541
34170840,iskwa,7462.73,7155.22,205,29790540
20403543,top 5 rats,7174.97,7153.42,1643,29790542
15656385,roris_old_1,7199.99,7152.15,904,29790542
7669461,CB5,7529.3,7150.15,222,29790539
30798261,zjk_old_1,7525.58,7149.12,115,29790539
28133389,akunMM,7675.29,7145.81,-278,29790538
37562764,DogGoldBorn,7606.53,7145.76,5,29790539
6103683,naiton0001,7481.83,7145.55,578,29790540
7440575,PLAYER_001,7487.85,7144.63,553,29790539
25572143,noLeeR,7696.19,7143.37,-208,29790538
26238955,Jonathan0712,7727.37,7141.01,-722,29790538
23161294,iruka9,7840.29,7139.69,-609,29790537
9930472,SPECTER_X,7275.11,7139.46,640,29790541
10001218,crow16,7353.78,7138.87,663,29790540
13579078,Joylintp,7629.96,7138.78,352,29790539
9155002,M13H,7594.32,7136.60,298,29790539
21457065,Sqwik Sqwik,7285.06,7134.37,1253,29790541
3777672,Runneypo,7676.62,7132.71,-303,29790538
6784425,hiiragi1227,7222.59,7131.98,1313,29790541
1679799,DoRA9,7424.64,7131.97,1072,29790540
19386001,leojstar,7545.33,7130.34,427,29790539
6345176,Bastian,7499.3,7129.99,519,29790539
451278,kannaman,7392.05,7129.11,508,29790540
7241974,_Kana,7659.73,7128.99,-336,29790538
18139351,gayugebo,7446.2,7127.99,351,29790540
9972802,takosura,7414.42,7127.77,328,29790540
2451000,Warfu,7279.99,7127.50,1430,29790541
31313587,trashbin,7661.86,7126.69,239,29790538
31760358,Mr_CatPts,7490.5,7124.57,719,29790539
8268124,NeTsune,7443.69,7124.23,648,29790540
19770481,CaptainOut,7740.32,7124.20,104,29790538
1883166,-Kasane-,7477.64,7123.51,788,29790540
5259571,AnonymousDoge,7562.35,7122.21,-90,29790539
39932915,anbitaso,7511.52,7118.21,-107,29790539
16747102,YueBI,7742.13,7117.37,-327,29790538
9888395,Admirable,7649.35,7117.34,-201,29790538
9600566,LiGhT-SaPpHiRe,7529.2,7115.65,131,29790539
16658965,mari_apple,7529.04,7114.88,184,29790539
25626238,A1mane,7299.78,7114.23,695,29790541
7874017,Ryukyei,7547.12,7112.83,164,29790539
13195703,HirasawAtro,7648.91,7112.80,-70,29790538
799568,Yuin,7654.06,7112.27,-198,29790538
13033791,naki_tino,7413.62,7112.17,558,29790540
31794133,peroko_3,7172.23,7111.60,724,29790542
3059450,takatyan_2828,7352.9,7109.72,845,29790540
8766300,RoastBoxx,7220.97,7109.61,898,29790541
8951021,xogus0913,7451.41,7106.19,389,29790540
15969074,nyanposu15,7362.81,7106.04,601,29790540
20198306,sobakaa,7607.44,7105.00,294,29790539
11343559,Taro Asukai,7539.77,7103.52,196,29790539
9467542,assaassa,7760.37,7102.19,-456,29790538
16354982,rick and morty,7631.72,7098.76,-188,29790539
6666316,Swovine,7632.96,7097.65,-199,29790539
2288860,cpai,7504.57,7097.55,464,29790539
3969390,tuyanaruga,7477.49,7096.31,341,29790540
6951444,Fjell,7533.6,7095.68,283,29790539
29722471,aotw1light,7633.71,7095.23,-439,29790539
23292800,Alidrio73,7667.13,7094.65,-317,29790538
22940118,Amaori,7010.01,7094.24,1076,29790543
1801548,Stellaria_S,7445.7,7093.23,483,29790540
1387048,Lamey,7383.52,7092.21,416,29790540
17151450,- Sato -,7598.16,7090.92,-199,29790539
16879801,Nagowasaaa,7583.01,7090.69,-11,29790539
375143,KinomiCandy,7251.04,7089.75,920,29790541
8921847,PixelShibaInu,7601.4,7088.90,-76,29790539
13910074,Frederic,7642.65,7085.87,-117,29790538
3204677,Vvn,7618.88,7085.57,-268,29790539
9756829,rayu0718,7507.81,7084.94,-173,29790539
31057810,noya2023,7460.9,7083.57,306,29790540
454353,Tetriando,7111.81,7083.18,1881,29790542
10991977,H4z3r,7575.65,7082.22,-206,29790539
8503913,markuru,7606.95,7081.14,7,29790539
37525529,fuchika,7263.1,7081.08,-64,29790541
25654141,Mekka,7603.67,7080.96,-99,29790539
9564758,sasami3n,7259.07,7080.88,905,29790541
7874166,k4my,7479.77,7079.69,336,29790540
2377881,Y-Sun,7498.92,7079.45,-234,29790539
13101937,qousuke,7082.52,7079.27,1327,29790542
14304386,oreoreo3,7457.35,7078.86,448,29790540
4027584,SasakiSayaka,7341.64,7077.91,1105,29790541
14455536,Relae,7533.02,7075.37,721,29790539
2830446,rhyrhy,7411.65,7072.81,437,29790540
27742445,carlinhoslc123,7289.07,7072.05,1185,29790541
28929835,Joshcena962,7281.69,7068.76,498,29790541
5204980,LogicalCookie,7274.11,7068.46,1104,29790541
4193212,-[IA]-,7459.6,7067.65,402,29790540
1227199,Samwais,7151.14,7064.90,1433,29790542
9930377,ipad_siri,7498.63,7064.29,47,29790539
15967313,chk,7473.06,7064.05,273,29790540
5795337,TheShadowOfDark,7218.78,7063.82,1003,29790541
10399854,Ephey,7765.74,7062.05,-802,29790538
7379612,burstbeam,7473.44,7061.86,230,29790540
1677784,[WonYoungie],7709.36,7060.25,-402,29790538
2789345,neosu88,7424.22,7060.04,324,29790540
15281849,RKASK,7525.24,7058.46,221,29790539
7028585,ck_,7288.22,7057.27,695,29790541
34030341,UNImania,7424.85,7056.15,96,29790540
12572401,mpreg,7435.72,7056.04,-24,29790540
12811684,m1ZkI_0576,7369.38,7055.18,277,29790540
19527521,Terramesser,7350.21,7054.01,825,29790541
36585495,[Aqua],7343.4,7053.75,110,29790541
13387348,xdNoahB,7658.95,7052.75,-434,29790538
24184026,greedx,7605.31,7050.77,-353,29790539
2770422,Micka,7363.45,7050.70,446,29790540
10659298,SenranKafuru,7672.59,7050.25,-333,29790538
8672503,Lune Hivernale,7460.08,7050.25,372,29790540
7609677,Haru64,7175.23,7048.98,691,29790542
4815717,Feerum,7300.97,7048.56,712,29790541
5065096,-Teka-,7280.46,7046.89,474,29790541
22538263,Clanguage,7360.98,7045.53,202,29790540
7807460,shinitaichan,7375.98,7044.55,458,29790540
21852732,k6temqle,7471.97,7043.19,125,29790540
12631476,Meiiyuki,7649.03,7042.49,-156,29790538
8034438,loler123903,7696.96,7042.31,-300,29790538
5299293,JustinNF,7486.67,7041.32,-132,29790539
4744619,Ale555,7097.34,7041.32,1269,29790542
25942240,Pante,7605.7,7041.27,-508,29790539
15169460,Kinaso,7555.24,7040.64,-255,29790539
13517195,Ka38_PK,7138.18,7038.28,1039,29790542
18343627,tossan,7661.67,7038.11,-358,29790538
38504885,sugar4sk,7120.87,7037.26,64,29790542
13672182,inayakitori,7382.73,7036.76,874,29790540
3358219,YTFZ,7156.4,7036.30,1220,29790542
3053707,RU KI,7127.27,7033.89,1578,29790542
15722607,PNboy,7304.53,7033.27,505,29790541
35045684,Ghostyyy02_,7514.45,7032.10,-97,29790539
1754007,fei_1212,7216.39,7031.19,794,29790541
14774257,clownpo,7395.73,7030.45,373,29790540
40153770,hymg,4738.74,7026.06,1110,29790566
9267992,White Rabbit,7715.1,7025.90,-734,29790538
13233720,kitamajiro,7107.8,7024.70,649,29790542
20569770,NovaSeele,7553.86,7024.04,-105,29790539
17445741,fuhrawr,7464.06,7023.68,291,29790540
22943258,ru1er_EXO,7478.91,7022.68,-112,29790540
12387982,Nosfi,7460.4,7022.12,152,29790540
4283236,TOARUTABIBITO,7190.36,7018.32,1317,29790542
9463721,Ph0eNiiXZ,7561.3,7018.07,288,29790539
6064665,hsmie,7394.88,7016.82,242,29790540
29259837,DiamondN1nja,7348.16,7016.08,347,29790541
3153898,OH_MY_KNEEEEE,7278.28,7013.87,939,29790541
1452785,Torisan,7378.74,7012.96,591,29790540
16643800,yu256,6993.36,7012.11,1932,29790543
29288886,shimarinosiboba,7254.26,7011.90,460,29790541
8494571,4ioli,7367.69,7008.34,671,29790540
9975626,yui_SA,7360.26,7007.28,352,29790540
24949549,DistoN,7163.12,7005.23,584,29790542
8325847,Troll Face,7178.23,7004.23,1044,29790542
8683987,kakeru67,7400.15,7004.19,221,29790540
16747908,steven585552,7477.03,7003.85,28,29790540
225174,alieokiro,7238.66,7003.00,1147,29790541
22383997,MIzuiroooooooo,7484.14,7000.87,-88,29790539
3196762,-Tien-,7299.31,7000.83,818,29790541
8232998,God Only Knows,7401.91,6999.17,-432,29790540
32353179,MIRITA,7235.82,6997.96,538,29790541
4209803,Rey-Don,7386.04,6995.97,431,29790540
31182828,Malm,7597.83,6992.05,-415,29790539
18370231,bloodlustilia,7482.94,6991.85,104,29790539
3785523,esnx,7429.97,6991.49,187,29790540
19761926,Dari_702,7642.25,6991.28,-306,29790538
8999728,koresh_tututu,7104.79,6987.45,1510,29790542
4223849,Fertaku,7398.91,6986.73,419,29790540
11469335,RayJeeey,7185.74,6985.29,615,29790542
35367067,Neekos frog,7225.47,6985.14,266,29790541
1902254,cvadsdsa1125,7358.16,6985.09,541,29790540
31087870,1700pondokayo,7463.36,6984.26,-2,29790540
39418607,siom,7210.08,6982.97,672,29790541
3153062,DuckyDoom,7272.88,6982.89,676,29790541
2403444,Ichigaki,7307.73,6980.97,759,29790541
25206848,chai0k,7549.98,6979.36,-99,29790539
6509269,mihinho,7284.08,6976.35,468,29790541
13064399,chs,7567.47,6976.25,-450,29790539
1319686,Kagami Yuki,7152.48,6975.31,1121,29790542
10028914,jeffswt,7303.38,6975.09,1109,29790541
11665643,scharonne,7293.67,6975.07,285,29790541
5623529,Grantorio,7270.74,6974.32,714,29790541
10727467,ZFLamda,7337.72,6972.51,316,29790541
16012978,ElmanuOwO,7357.29,6971.61,415,29790540
11936632,DaDerpyLlama,6929.15,6971.07,1720,29790544
13171482,[Iron],7387.65,6970.55,617,29790540
4354389,Kazaze,7065.92,6968.66,1028,29790543
9108944,WOOTT,7411.06,6967.60,285,29790540
26539515,Fluorinedesu,7032.26,6967.40,1882,29790543
28768387,momo1369,7421.56,6966.05,-86,29790540
17646923,Ak1nora,7379.02,6965.41,290,29790540
22656345,MrYeehawTF2,7426.78,6965.08,156,29790540
9204624,ISilver73,7413.32,6964.53,-115,29790540
7099450,Ryouka-,7529.71,6963.07,-147,29790539
13600928,mist241,7450.77,6962.68,136,29790540
24083303,Maickol_Sama,7409.04,6962.58,380,29790540
17379159,Minyatoes,7200.98,6961.46,628,29790542
16976072,GDBlack,7142.47,6958.87,530,29790542
14186012,sakigake777,7163.48,6957.81,809,29790542
15342523,DeadPineapple,7636.31,6957.62,-392,29790538
14823736,Rubenvp3,7319.6,6956.80,48,29790541
36634605,gobou_ningen,7368.45,6956.68,116,29790540
2239680,SHAML,7249.99,6956.24,692,29790541
9905587,toro_king,7336.15,6955.85,117,29790541
8834079,dada922916,7475.75,6955.72,-105,29790540
19707754,Twissman,7403.31,6955.20,-9,29790540
14221916,Yonokid,7229.83,6954.92,463,29790541
16136556,sato1jack,7542.8,6953.25,-567,29790539
6965425,7kitte,7253.32,6951.66,632,29790541
5343766,tiz1203,7303.31,6950.62,305,29790541
16215559,Gattxxa,7062.72,6950.33,330,29790543
17741163,DEtermination21,7404.25,6949.71,63,29790540
26293247,Piekk,7483.46,6949.40,69,29790539
3483121,alpha800,7413.18,6945.47,139,29790540
9448577,zombooty,7490.14,6944.91,-298,29790539
2302306,PrinzDesApfels,7170.75,6944.42,1071,29790542
3452845,lukinhasxxx,7229.05,6944.06,1435,29790541
1116341,Hata-tan,7384.4,6939.60,255,29790540
22005940,Nendus,7508.16,6937.68,-317,29790539
25721828,hakkstar1k,7585.85,6937.44,-421,29790539
11237552,nekochandao,7079.05,6936.99,917,29790542
21339742,Plague123,7276.7,6932.74,789,29790541
38815102,tikuwa,6973.43,6932.71,705,29790543
17559294,GoterChen,7512.88,6931.63,-255,29790539
6243649,toramamesann,6986.8,6930.55,925,29790543
3874031,ComfyKroomy,7335.98,6929.85,104,29790541
8241712,Helie_,7315.63,6929.46,416,29790541
20959148,NinjaB,7566.41,6928.54,-595,29790539
7122829,AutisticWeebBoy,7520.3,6925.36,-194,29790539
21669102,harukinguyo,7511.92,6925.10,-274,29790539
1029022,kaji_,7137.61,6923.11,1051,29790542
6720962,King Shitmiss,7278.64,6922.95,531,29790541
36819072,runachi,7342.25,6921.60,124,29790541
8417491,Elinyna,7237.84,6921.54,333,29790541
14940790,Dartical,7357.21,6921.42,265,29790540
10889664,Fretful4830,7471.87,6921.07,-157,29790540
27356410,GG_Syaoh,7327.07,6918.56,-303,29790541
7850608,Etherealize,7237.47,6918.53,704,29790541
637452,Ciel s,7197.31,6917.47,464,29790542
16494567,-Maruko-,7347.22,6916.69,482,29790541
2055807,FlashLight,7373.67,6916.38,181,29790540
21820389,doryoK,7067.56,6916.10,11,29790543
21239645,Toaztei,7354.53,6915.71,118,29790540
2195829,Lusher,7153.79,6914.92,1066,29790542
4268722,Falling Snow,7228.56,6913.94,433,29790541
14358649,amo fresh,7115.9,6912.68,1123,29790542
37573708,Babadzaki San,7305.29,6912.32,246,29790541
22879634,zhewaxen,7433.88,6912.22,-128,29790540
16433619,oura12321,7385.66,6911.95,15,29790540
2206844,WaShoy,7209.85,6911.36,548,29790541
27232669,tamatyanx,7283.83,6908.99,493,29790541
18104565,bakaaaaaaaa,7131.83,6907.44,677,29790542
13280346,Suzuka06,7364.2,6906.73,142,29790540
33044603,cheingjkk,7505.57,6904.99,-594,29790539
37191498,mnevis,7479.55,6904.85,-77,29790540
37202282,soniameowow,7548.09,6901.57,-492,29790539
28185479,Mofu Shirokane,6925.42,6901.48,105,29790544
2448331,afroninja727,7231.96,6900.78,523,29790541
26457787,Grostymito,7551.56,6899.56,-459,29790539
35574504,TorZWY,6778.91,6898.50,514,29790545
728738,nagigame,7377,6896.72,214,29790540
12601996,akiwo03,7397.82,6896.18,-90,29790540
33247480,miyanox,7131.61,6894.85,612,29790542
17195498,A o i,7452.03,6891.93,-311,29790540
1175892,eddi_18,6707.06,6891.28,3013,29790545
27560620,pifuya,7034.15,6891.25,398,29790543
34089450,CatBoat1,7426.31,6889.42,-221,29790540
14435168,teatowne,7329.98,6888.80,131,29790541
3280555,Hakurei Yoru,7168.93,6887.39,393,29790542
16874279,VeggieBun,7405.27,6886.79,-48,29790540
8791217,gottenm,6915.13,6886.56,981,29790544
7443807,dopaminexd,7283.06,6886.28,86,29790541
26905169,Ni0x,7344.76,6885.54,-79,29790541
24581945,Arsyed1st,7204.93,6884.58,450,29790541
6523914,heiko7761,7365.97,6884.27,-41,29790540
34355914,mirowiec,7105.17,6883.65,478,29790542
32066846,Ayanamin_K,7461.66,6880.67,16,29790540
13760306,garlic,7441.25,6880.25,-276,29790540
21290592,MyWifeMiku,7350.28,6878.90,-259,29790540
8391044,Struggled7,7356.54,6875.26,-23,29790540
5917505,Teh Saturn,7380.49,6874.59,-95,29790540
17077244,Us_,7217.52,6871.60,40,29790541
39550027,mecat,6951.57,6871.54,34,29790544
9611081,Darkstabber,7077.74,6870.98,1181,29790542
2434301,Ayane-,7121.47,6868.68,1047,29790542
7172869,kanibako,7349.07,6865.98,42,29790541
23036264,MomI56,7390.5,6865.46,-205,29790540
2907791,S0ultaker,7304.64,6865.15,252,29790541
8189627,tomo0o0,7358.5,6863.49,-143,29790540
14580404,Lycaon89,7325.23,6861.90,503,29790541
11857171,terminator3621,7494.77,6859.94,-437,29790539
10508577,NickkyOnce,7290.5,6859.50,355,29790541
1473890,badeu,7428.27,6857.54,81,29790540
956677,-Alan-,7231.13,6857.28,571,29790541
12433555,Liptus,7574.55,6857.01,-498,29790539
8038420,okappi,6838.32,6856.75,1740,29790544
2564621,dou,7118.25,6856.66,836,29790542
15197302,erkimanzerki,7336.66,6856.31,364,29790541
15552380,rawr x3,7314.26,6855.64,455,29790541
1725266,majiomajio,7228.42,6854.80,393,29790541
11490996,zilaxx,7321.76,6854.53,33,29790541
9311301,tsugu,7148.72,6853.48,493,29790542
35641054,aslihn,7099.05,6853.39,28,29790542
242299,Flan-S,7233.7,6853.36,304,29790541
18341280,Lowuki,7402.32,6852.77,190,29790540
21643710,TEMPRATE_old_1,7352.23,6851.98,-214,29790540
30895045,hamuhamu_k,7406.63,6848.96,-262,29790540
2745759,surai,7062.32,6846.67,382,29790543
33358358,szk1212,6995.77,6845.94,759,29790543
9482483,conpoko,7162.39,6845.83,615,29790542
17474128,Joiii,7231.81,6844.29,322,29790541
1963521,seanwheeler,7133.46,6843.13,649,29790542
20610783,rere0430,7331.67,6843.11,127,29790541
10484445,LonBertZend,7474.84,6842.47,-98,29790540
11796581,Ozai,7160.46,6839.11,208,29790542
7867260,jasonkao08,7041.41,6839.05,789,29790543
7910282,ddm,6976.83,6839.02,1065,29790543
6467704,Lecty,6705.74,6837.51,2398,29790545
1269228,Tom Hutchinson,7188.87,6837.46,141,29790542
34768436,Tealen,7433.98,6835.63,-507,29790540
5245152,Korotora,7393.49,6835.37,-163,29790540
7056919,EightAtol7639,7227.88,6834.49,-87,29790541
4630368,Cabbig,7217.34,6834.45,490,29790541
10249300,dc474fa3,7294.19,6833.88,231,29790541
13806692,ThatG0y,7216.45,6831.30,764,29790541
4691373,dad come back,7162.04,6830.06,711,29790542
16608972,FutureLess Kid,7086.31,6829.88,267,29790542
14301338,sub2pew,7143.39,6829.73,918,29790542
21143519,Gilbert47,7316.62,6829.33,-43,29790541
18105116,Syntoxical,7261.07,6828.33,12,29790541
9395254,crashniels,7360.83,6828.31,-75,29790540
922094,bookustuchus,7023.61,6827.97,790,29790543
30430814,surosuro,7098.26,6827.56,308,29790542
12735929,Neptar27,7290.57,6826.53,-77,29790541
14108290,deksel8000,6821.17,6825.35,699,29790544
771819,reilusu,7153,6824.67,758,29790542
9836776,toshi1999,7073.05,6824.13,551,29790542
5194524,thomix3,7357.45,6821.42,-341,29790540
17118441,Aguacate,7354.88,6820.82,-254,29790540
9828983,_Caky_,7011.79,6820.68,1017,29790543
10989554,Ruwi,7287.22,6819.82,61,29790541
35773108,PharynxBoi,7003.99,6819.73,543,29790543
12212180,kafumii,7236.03,6819.57,389,29790541
4138746,Cielbami,7120,6817.15,789,29790542
28356954,AndyChenGLC,6945.36,6816.45,250,29790544
3083539,Minami-Kotori,7448.09,6815.22,-363,29790540
10683219,souya310310,7198.84,6814.38,562,29790542
32060154,cllr,7189.39,6813.87,437,29790542
11099739,InfesTMarine1,7306.19,6808.35,-123,29790541
1940325,DarkVortex,7009.47,6808.33,1036,29790543
1442333,-Tenshi-,6999.58,6808.22,936,29790543
1701922,M_M_kevin,7124.89,6806.03,520,29790542
7166532,Tromter,7282.68,6804.04,-8,29790541
9053338,Lolligerjoj,6983.04,6802.75,1116,29790543
14728477,Tohveli,7419.2,6801.68,-468,29790540
23299727,certain,7245.41,6800.77,275,29790541
4920798,-Moose-,7275.94,6799.71,189,29790541
10528333,Tiruniru,7285.31,6799.13,166,29790541
31013842,arisugawaarisu,7182.41,6799.00,240,29790542
2797162,imogoro,7101.6,6797.28,544,29790542
5291695,FourA,7292.91,6796.42,185,29790541
24975106,DonutLordOsu,7101.13,6795.67,336,29790542
11189453,lepinja77,7354.99,6792.92,-128,29790540
382103,Armaggedon25,7188.06,6792.69,573,29790542
15980728,Lizyuu,7377.2,6792.43,-147,29790540
5954847,_aika,7447.1,6792.39,-664,29790540
15931741,Nyeko Kawaii,7078.75,6792.10,888,29790542
15258956,asahara_,7119.02,6791.58,255,29790542
15293246,Sylvia8681,7169.76,6790.62,754,29790542
9459674,maxim,7391.28,6789.32,-273,29790540
29151565,Golrecc,6970.98,6788.90,599,29790543
34252047,kalisknight,6917.4,6787.74,-516,29790544
15146838,Firefaux,7220.81,6787.50,163,29790541
6044237,huu,7352.77,6786.10,-139,29790540
11348658,MysterOnymus,7191.07,6785.78,330,29790542
21292740,Just P,7196.63,6781.32,331,29790542
2588689,kuzupn,7055.61,6778.96,799,29790543
8453282,TeeZaah,6857.32,6778.56,1359,29790544
1934077,Moskas,7377.31,6778.10,-150,29790540
10051194,-Muke-,7076.1,6776.53,1105,29790542
8714682,SantixBF4,6996.11,6775.80,1112,29790543
22696562,K0dqkku,7134.02,6774.68,359,29790542
5168596,Siegmund99,7074.62,6774.25,435,29790542
1816763,rityaooo,6961.18,6773.04,997,29790543
22407131,jino,6679.89,6772.61,-484,29790546
14109277,NicoWrx31,7287.35,6772.53,-44,29790541
23606912,isepicworthful,7365.79,6771.88,9,29790540
6820539,Simonaut,7073.35,6771.39,716,29790542
9173837,KUROIROBACIN,6954.47,6770.60,829,29790544
34120610,uooookubo,6627.9,6770.01,361,29790546
33436743,RAIMUKKKKKKK,7207.5,6769.49,181,29790541
36573260,Yuri2000,7023.46,6768.86,489,29790543
2478472,Acrysal,7209.32,6768.72,34,29790541
31928656,Zunda_osu,7247.41,6768.70,-420,29790541
7128657,karasu0704,7015.19,6766.82,727,29790543
14682431,Chitopo,6910.48,6766.43,659,29790544
10039087,Sazkey,7368.79,6765.48,-288,29790540
32921890,Guil_diA,7043.18,6764.01,288,29790543
9837430,Xjan256,7010.42,6762.40,920,29790543
23257953,Jevil001,7196.54,6760.31,576,29790542
26527329,Pisslow,7354.28,6759.61,-323,29790540
3635636,flippy555,7179.15,6759.59,62,29790542
33532882,f_ronte,7294.46,6758.97,-369,29790541
29981825,chr042,7081.48,6756.59,326,29790542
2773015,2020Rivalry,7043.44,6756.11,822,29790543
34040629,Wildwooper,7184.31,6754.78,209,29790542
9875457,renatu,7321.64,6754.42,-212,29790541
12064711,chinmaru,6947.71,6753.57,423,29790544
10687091,kevin24320356,7313.94,6753.27,-297,29790541
8807701,Romelai28,7050.53,6749.79,726,29790543
12417555,sirloinsteak_11,7262.68,6749.48,-161,29790541
27698132,shiaidk,7331.07,6747.51,-528,29790541
2226052,[neyn],7069.04,6746.82,669,29790542
37481550,gari20030412,6823.33,6744.21,616,29790544
34343184,Roccia,7008.98,6742.53,523,29790543
14109405,moesode,7025.08,6742.23,671,29790543
2479487,PatZar,6943.82,6742.19,1223,29790544
18987434,keros,6780.6,6741.50,1980,29790545
39276785,jellyfish513,6789.05,6741.42,361,29790545
25106029,xenai,7056.74,6740.98,432,29790543
23604164,ze_taco08,6881.91,6740.35,1119,29790544
15014464,this game wack,7137.03,6739.88,321,29790542
5409249,gonX,6960.68,6738.02,851,29790543
15642150,CHara_AU,7126.04,6737.63,275,29790542
18194556,Hotdogg,6677.78,6737.60,499,29790546
2660050,NDsukeeeee,6991.29,6737.40,733,29790543
11032849,Takkun1120,6976.27,6736.55,630,29790543
9713372,Eloxrad,7222.95,6736.54,-378,29790541
19166920,Fizzik,7163.55,6735.92,366,29790542
5284284,HatsuseIzuna,7200.76,6735.47,242,29790542
2180992,Angsul,7198.55,6734.96,26,29790542
673542,b006089010,7130.09,6733.24,184,29790542
13820600,Nicodeme,7308.16,6733.22,-82,29790541
17222881,rinnnegreen,7242.61,6732.83,-70,29790541
8536392,Silliance,6955.64,6732.08,383,29790543
8708733,Bepop,7093.78,6731.62,582,29790542
38367232,Sp3arMiint,7102.55,6730.32,-49,29790542
8106988,XxCheesesteak,7324.3,6728.25,-239,29790541
7449632,lacto,7235.04,6728.17,121,29790541
25438212,abc_0820,6961.05,6726.81,844,29790543
13547767,Asa Kazato,7005.83,6726.36,929,29790543
16583271,esperism,7084.74,6726.22,504,29790542
35347271,qono,6600.13,6726.17,442,29790546
7428817,himazin,7128.05,6725.81,322,29790542
16757904,yuta013,6791.63,6725.78,917,29790545
38379632,namatamago3939,6524.93,6722.60,-90,29790547
10417384,Sylphid_IF,7011.67,6722.56,767,29790543
18392537,Aqur,6967.58,6722.55,1008,29790543
33924162,Voes,6912.41,6722.25,947,29790544
3352673,Leydro,6994.59,6720.66,740,29790543
37839685,Phas,7060.74,6720.63,192,29790543
10021819,Minion24,7128.7,6717.05,28,29790542
34829732,nrs,6861.19,6716.86,54,29790544
16653442,milkiez,7212.71,6716.75,82,29790541
20967026,tenP,7146.29,6714.36,30,29790542
32908054,The Jorker,7365.9,6713.93,-382,29790540
7402271,Solooll,7227.44,6712.69,86,29790541
13768634,Beepmap,7063.29,6712.10,509,29790543
10419120,Delwenya,7347.11,6712.06,-604,29790541
20279580,milk369,7015.91,6709.63,6,29790543
3711356,leonlin,7341.58,6708.61,-402,29790541
3773597,American,7159.89,6708.21,320,29790542
25080171,f0Cs,7156.66,6708.19,437,29790542
14739730,FiceDice,7202.13,6706.33,336,29790541
16274977,Expedition 33,7097.51,6702.06,638,29790542
13353162,Suumary,7227.99,6697.68,-96,29790541
10025924,3rise2525,6834.21,6697.27,1069,29790544
21591938,punpee087,7042.68,6697.24,395,29790543
13029254,themis21212,7254.63,6697.10,100,29790541
2428998,morton6111,7024.04,6696.70,624,29790543
3963991,MeKu,7117.85,6695.72,344,29790542
11464111,U n c h i i,6955.07,6695.63,574,29790543
15763622,Koishi Komeijie,7107.62,6693.38,494,29790542
6764344,Nepoch,7059.74,6692.40,572,29790543
13654799,Buggyderp,7109.57,6691.73,314,29790542
2044906,yanagida,7134.54,6690.44,294,29790542
21494011,AruuThought,7226.22,6690.01,-171,29790541
4912819,Super Saiyan,6944.58,6687.60,649,29790544
17198629,koishi 1,7248.81,6686.92,-145,29790541
1281945,Donesuku,6962.5,6685.07,339,29790543
4928998,AkaPatch,6985.17,6684.80,855,29790543
26414514,LaffyGhostHK,6998.23,6684.51,402,29790543
10472717,_Chi_,6849.18,6683.63,662,29790544
29920254,naochio,7057.83,6682.76,332,29790543
847079,Math Teacher,6883.31,6682.51,935,29790544
6202111,cilia,7102.17,6682.35,267,29790542
36649983,Ruinsness,7083.08,6681.43,231,29790542
37548739,Darcelmaw,7107,6680.26,150,29790542
37291564,Kil1Nyqn0,6940.13,6679.52,593,29790544
16764713,BrainLeft,6819.65,6679.17,1380,29790544
4148825,Wander,6928.14,6678.71,707,29790544
8570555,Maki7687,7208.23,6678.24,-36,29790541
21186386,tori4643,7070.53,6677.84,383,29790542
13487319,LinkDx Music,6881.83,6677.41,1178,29790544
1365973,[TaikoSlaxi],6892.1,6677.00,1186,29790544
15798900,javac_,6536.76,6676.69,1279,29790547
37574470,Bonks-,6811.7,6675.06,-69,29790544
9268666,RandomEwok,7231.39,6670.89,-165,29790541
16234052,shaaaaaQ,7270.07,6670.81,-350,29790541
10083910,InabaHitomi,7153.91,6670.37,-97,29790542
2330619,Mr HeliX,7053.26,6669.16,295,29790543
8848902,cycle hit,7321.14,6666.68,-576,29790541
21877037,ngqijun,7162.7,6666.08,-56,29790542
3794239,Brimothy,6902.81,6663.65,532,29790544
36878947,tahoe,7054.2,6663.47,133,29790543
13031222,gekiokun,7064.37,6662.17,246,29790543
11627809,TanOnline,7088.93,6660.08,602,29790542
14663983,kneshio,7133.92,6659.70,-788,29790542
30398989,[Azure],7140.07,6658.27,-88,29790542
7487058,Kornettissimo,7126.11,6658.05,-53,29790542
26190106,xoxodia,7209.65,6657.84,-318,29790541
6387795,RicoHoco,6972.04,6656.01,424,29790543
12549891,tarakosupagethi,7044.42,6655.93,574,29790543
10649452,ki_wa,7042.15,6654.22,400,29790543
11347680,11081,6947.17,6653.15,602,29790544
2391204,TMXa2,6907.56,6652.69,455,29790544
28237489,Rtnm101,6809.02,6652.67,674,29790544
2422822,Ebichuu,7245.99,6652.07,-427,29790541
34348800,ToorioCafe,6974.84,6651.89,447,29790543
13358640,Stick_Fish,7019.63,6650.07,593,29790543
12066087,lignix,7051.31,6649.52,273,29790543
24427979,EnigmaticG,6975.11,6649.13,337,29790543
35624866,Kei_1367,7039.65,6647.88,303,29790543
36607204,whatthe_old_8,6550.15,6647.59,994,29790547
12018352,Annbee,6989.81,6646.22,687,29790543
1863120,weiking1021,7059.6,6646.13,363,29790543
16088165,Azlis,7053.65,6645.07,269,29790543
4566160,Sirokano,6797.05,6644.87,554,29790545
16202447,Greeny111,7083.42,6644.54,343,29790542
23604437,nianguitar,6792.87,6644.42,740,29790545
686389,Makar,6835.07,6641.82,1217,29790544
11833832,shironekopo,6942.82,6641.66,561,29790544
28495411,Billsct,6974.59,6639.45,343,29790543
9179755,u2g1tune,7029.62,6639.14,439,29790543
1264755,Infamous Shadow,6865.47,6639.12,557,29790544
4936592,Meire,7003.12,6639.03,414,29790543
30860984,bintin,6970.71,6638.98,300,29790543
1935164,ika_ganmo,6952.75,6638.45,675,29790544
15356103,kyoumo de terno,7110.02,6637.26,25,29790542
15099806,Shewi,7171.47,6636.43,-180,29790542
18949212,ikechanda,7117.49,6636.10,-91,29790542
13199337,AINYLove,6653.9,6635.37,1053,29790546
1695542,phatweasul,6930.32,6633.13,747,29790544
29340030,reanegi,7092.27,6632.21,131,29790542
10763246,ilikerandom,6853.26,6631.24,1295,29790544
7289244,Zoel,7005.91,6630.67,418,29790543
10373568,Lawrence Angelo,6980.45,6629.52,613,29790543
1134919,Zefaurios,6774.52,6628.26,1360,29790545
2489559,Frobist,7180.3,6627.03,-278,29790542
28904165,Portrait,7249.52,6621.56,-584,29790541
16617299,gonii,6888.74,6621.31,336,29790544
7904667,xidorn,6891.93,6620.52,873,29790544
32347445,MoffXii,7052.2,6619.84,140,29790543
3030313,mayo0924,6962,6618.86,570,29790543
10615119,Ame--,6757.66,6618.57,672,29790545
16825317,Nemuna1202,6951.81,6617.12,-3,29790544
11121624,Teosh,7113.64,6616.96,-172,29790542
10821432,Kannes,7142.71,6616.92,-102,29790542
3314737,imakickurass,6952.64,6615.62,324,29790544
28520833,Anpaso2,7145.41,6614.23,-318,29790542
2315541,blendtec,7092.78,6613.15,86,29790542
14235858,FireFur,6777.52,6612.44,949,29790545
21686756,AGoodBurger,6553.36,6611.55,-231,29790547
2988243,wasonz,6892.19,6607.23,863,29790544
5175006,renhou325,7013.21,6607.08,283,29790543
1615143,ai7haru2sh,6767.01,6605.75,1015,29790545
12114583,GuyOfWeird,6901.6,6603.36,1013,29790544
34311257,Milkyyz,6743.18,6603.25,558,29790545
23726567,ZOxOZ,6699.18,6601.77,799,29790545
34676600,SrWester,7064.65,6601.13,252,29790543
11517748,SaTelliTe_Angel,7014.21,6598.88,262,29790543
8635850,- Ori -,7024.63,6598.19,387,29790543
8141173,textend,6811.85,6597.07,1001,29790544
16896082,DarkGiangi,6987.79,6594.63,230,29790543
37578714,togachan_33,6948.51,6592.80,-70,29790544
9944996,wolfruthe,6950.34,6592.61,554,29790544
38136699,Hacha,7022.44,6591.29,-104,29790543
23910823,9_7,6731.43,6590.54,758,29790545
33585604,Lunar Crux,6867.97,6588.86,717,29790544
11477253,Latia,6988.27,6588.48,289,29790543
28631101,milochama,6974.05,6587.46,451,29790543
12860138,skulcker,7165.26,6586.40,-309,29790542
23629906,sukirii,7034.41,6585.92,-57,29790543
4773721,NaeMar0_o,7026.4,6585.69,202,29790543
5491975,Poco_a_pocoVT,6978.4,6583.21,542,29790543
35147958,noname1421,7068.7,6582.47,-441,29790543
5965797,osu shallah,6864.07,6581.95,762,29790544
12256704,nekojir29,6634.56,6581.81,1159,29790546
8395504,Meldira,6798.84,6581.12,972,29790545
880932,YUIKIKAZE,6955.17,6580.67,427,29790543
5206883,CaioNotKyle,6947.36,6580.49,-98,29790544
36436669,yukine19,6779.34,6580.09,196,29790545
31964040,bixxy,6982.93,6579.41,359,29790543
14205174,TomaSajt,6958.6,6579.38,664,29790543
16330162,[Blackbox],7063.76,6579.14,54,29790543
25313316,kssttttt-0804,6819.34,6579.00,647,29790544
5105759,power4pi,7047.85,6578.33,46,29790543
11375105,lolol233,6958.26,6575.50,6,29790543
5066659,the_robot,7072.62,6575.39,-94,29790542
32540377,kenoceQV,6776.94,6574.12,1063,29790545
13689785,[Moonlight],6728.53,6573.61,602,29790545
1343783,pw384,6948.29,6572.05,261,29790544
25598501,tasomu,6784.51,6570.50,1143,29790545
35828568,yuahqmix,6948.01,6570.24,346,29790544
10158274,mabel,7024.34,6570.13,-111,29790543
10255938,chys,6800.69,6570.01,1214,29790545
6735738,AAAAHHHH,7177.76,6569.86,-243,29790542
2073319,Ando BR,6977.73,6569.14,173,29790543
6290453,TNLo,6989.29,6568.88,421,29790543
21104264,luxyzzang123,7045.63,6568.53,-438,29790543
587627,regi2,6780.36,6567.57,910,29790545
11587662,daniel_lm,6983.63,6564.88,144,29790543
5336716,kai53247,6989.45,6563.38,285,29790543
14032147,nyasan03059,7028.69,6562.38,127,29790543
11320627,Bouquetdor,6929.93,6561.86,537,29790544
23474164,feme2023,7051.53,6560.05,252,29790543
4325445,-Aki-,6881.43,6559.24,674,29790544
36047320,zion0314,6411.29,6556.29,581,29790548
36186150,317_,6757.19,6555.37,729,29790545
1273290,Snowy Heat,6921.61,6554.91,611,29790544
29144590,sylpsh,6688.7,6554.66,1416,29790545
32069548,Infringie,7065.16,6553.61,-11,29790543
16115877,Fasthard,6989.99,6551.73,535,29790543
2488637,aika357,6836.76,6551.62,913,29790544
22174188,Thrushpelt,6755.66,6550.67,182,29790545
16626263,mintfantome fan,7204.68,6549.14,-364,29790541
24366832,Jokk_,7035.86,6548.81,28,29790543
31682665,Ayanoooo,7113.94,6548.46,-342,29790542
38273539,LLLuke_,6615.59,6548.28,1607,29790546
8521259,mothmoon,6827.73,6544.26,644,29790544
13736385,diamondman-,6931.63,6543.45,257,29790544
38240764,kiuykry,7077.17,6543.26,-188,29790542
16940275,princessOfcats,7003.9,6541.68,-8,29790543
382310,Narakasu,6977.95,6541.57,285,29790543
1165368,Senritsu,6829.62,6537.73,756,29790544
1615184,LittleFox,6861.47,6537.69,762,29790544
10686207,Sweat-fella,6859.65,6537.34,760,29790544
13641450,Izutsumi,7100.66,6536.95,-94,29790542
10087365,Soii,7227.6,6533.92,-715,29790541
25845829,sumiren,6750.28,6532.51,594,29790545
5369661,siuyu88,6904.44,6532.23,559,29790544
12490530,-Kori,6869.66,6532.11,739,29790544
18590883,ScreamShot,6740.21,6532.03,1153,29790545
39167359,Bunny568,6584.85,6531.83,163,29790546
14777478,Hank6666,6646.98,6531.34,973,29790546
24894204,Rinley,6850.26,6529.99,442,29790544
6587806,Lefo,6957.82,6528.35,497,29790543
7953061,Gidix,6866.78,6525.15,436,29790544
32505374,kuroneko5155,6864.46,6521.89,393,29790544
13756990,mayoneeze,7109.88,6517.13,-288,29790542
24526559,agu1729,6956.26,6515.24,67,29790543
13264148,Magma,7036.62,6514.90,55,29790543
8399792,jerry11223344,6962.76,6514.88,43,29790543
13599874,cherree,6899.68,6514.03,429,29790544
19466189,Mercy_____,6735.56,6513.80,476,29790545
11356429,tyrese1605,7026,6512.98,338,29790543
30910435,My Angel Amamya,7013.65,6512.92,-321,29790543
2490216,IniAfi,6812.09,6512.62,748,29790544
24814724,Noah_cider001,6607.09,6512.62,617,29790546
11091594,Thatnoobguy,6997.15,6511.63,2,29790543
15154999,reinndayo,7072.24,6508.12,-419,29790542
18584208,_Midnight-Sun_,7002.78,6506.59,23,29790543
2408558,FreeDamu,6972.3,6506.53,-58,29790543
14158015,BBQsteak,6845.52,6504.52,590,29790544
32328042,idkx,6933.46,6503.10,-115,29790544
795612,Innocent Key,6765.87,6502.70,1016,29790545
9810109,melosun,6982.28,6499.24,-27,29790543
2808567,inugami0112,6950.68,6498.29,54,29790544
1772272,Effy,6561.27,6497.81,1199,29790547
30983079,neofall,6723.63,6497.40,861,29790545
25325164,miku2201584,7007.42,6496.85,-201,29790543
22147833,CPATb OXOTA,6969.24,6495.69,72,29790543
15316861,mimikkyu2ooo,6542.1,6494.15,663,29790547
32706016,gorirahan,6665.88,6490.48,200,29790546
31418438,ikasan286,6650.86,6490.34,929,29790546
26904549,Fork_Mint,6982.63,6489.80,0,29790543
26338924,coqpop7,6455.44,6488.45,1323,29790548
3167864,jacky10186,6876.56,6488.22,400,29790544
16288594,prismism,6700.36,6488.15,825,29790545
8639180,Byron159,6668.32,6487.29,911,29790546
32098606,apppaled,6796.41,6486.51,804,29790545
38751219,Itigo27,6907.11,6485.71,401,29790544
13161400,black650,6760.3,6485.66,400,29790545
10953386,Akorii,6971.06,6485.34,1,29790543
22778159,zetex,7115.36,6484.86,-227,29790542
10975145,DeuceOfClubs,6416.89,6483.29,799,29790548
614416,CivelMamosora,6777.81,6483.23,853,29790545
2001510,Soul Youmu,6856.7,6481.44,191,29790544
16663752,Koeil,6907.76,6480.80,109,29790544
9744218,samel12,6944.95,6480.64,234,29790544
10654844,Olympyss,6985.79,6480.36,-198,29790543
28108152,normi,6928.24,6480.24,90,29790544
10915454,Y4mada,6841.57,6479.91,120,29790544
9282958,miyahaya3993,6748.79,6478.12,502,29790545
2263115,Portamo,6776.7,6478.10,539,29790545
21870287,LongNote,6629.79,6476.22,-140,29790546
33632948,okomekakegohan,6528.49,6476.22,621,29790547
5166811,SkullNoise,6989.1,6475.61,-232,29790543
39654657,SAENSkinbot,6885.79,6474.92,-235,29790544
3084044,Slaybelle,6882.61,6474.44,421,29790544
29842148,inopy 1111,6611.39,6474.34,337,29790546
22446203,KisserBoy,6885.19,6473.60,292,29790544
23722432,dunkleosteus,6655.86,6473.40,1228,29790546
37562329,uji_,6900.74,6472.82,28,29790544
14491327,Norwexy,6878.15,6472.78,400,29790544
19668744,fntsia,6946.67,6472.34,430,29790544
14833226,sophhhia,6474.18,6471.42,1690,29790547
27707702,AvaOfTheNorth,6803.84,6470.57,696,29790545
12219999,pojok,7037.95,6469.08,-200,29790543
1127633,Risuxc,6875.03,6468.74,290,29790544
1933816,-Rmdy,6681.27,6467.77,1069,29790546
16701374,Nafn,6660.17,6465.05,991,29790546
10000699,shun0523,6776.28,6464.88,629,29790545
11695793,Slyme,6746.59,6463.84,761,29790545
26821603,Bonked Again,6766.5,6463.80,807,29790545
7761986,Vivit Yue,6916.07,6463.76,254,29790544
28204057,yuu2002,6675.26,6463.41,1114,29790546
29938689,Atrium,6717.46,6462.79,347,29790545
554879,orange-,6763,6461.73,509,29790545
16235386,shinrykausya,6411.76,6460.50,1292,29790548
2234896,LOLZC0LA,6886.6,6459.85,91,29790544
13802587,booblueglue,6851.11,6459.42,496,29790544
10396201,kaikalicious,6734.8,6458.59,1082,29790545
4248280,CrescendoV_Leux,6862.86,6457.24,82,29790544
23122298,twinkleutopia,6758.53,6456.97,405,29790545
7093037,FuguTaro,6836.54,6456.31,360,29790544
26086660,Selcaan,6839.29,6455.40,220,29790544
38315902,kstr,6619.18,6454.90,539,29790546
1646397,Crystal,6791.98,6454.73,577,29790545
16958253,Skaymin,6864.75,6453.90,494,29790544
23134914,4lw fan,6936.21,6453.87,-70,29790544
2557954,yuuneran,6657.87,6453.37,737,29790546
18646531,Chimchar,6879.83,6451.13,260,29790544
17463586,Jorixk,6786.92,6450.75,496,29790545
6746508,Cnote Johnson,6882.8,6449.75,357,29790544
23856368,CalmStarlights,6972.22,6449.57,-151,29790543
1607888,emiliop,6710.47,6449.27,356,29790545
10910584,Agent-17,6930.67,6449.22,419,29790544
7192837,harutakka,6786.62,6449.21,678,29790545
3928960,TheMadnessLady,6961.25,6445.60,-105,29790543
4485933,milr_,6743.96,6443.22,612,29790545
34718076,AsumiMiuna,6676.07,6441.60,950,29790546
18658630,Prinow6,6745.5,6441.35,974,29790545
18813161,piggypiggyrun,6768.48,6438.57,586,29790545
31300785,IOWAn,6873.44,6438.42,136,29790544
35297480,bigcheeseenergy,6990.09,6437.52,-415,29790543
9961662,pH7,6728.66,6437.30,244,29790545
12024014,lolek13,6933.31,6436.55,-65,29790544
12276492,-OUVI-,6901.85,6435.57,29,29790544
31233952,bo3,6973.87,6435.46,-138,29790543
7512585,dogcatdogdogcat,6906.88,6432.82,95,29790544
9466477,BillyWAR,6720.95,6432.20,913,29790545
17857743,mogumoguokayu,6879.04,6431.57,-165,29790544
11366399,XJG,6812.49,6431.32,231,29790544
37281689,knuckledust,6896.42,6431.14,-95,29790544
28921742,328,6737.25,6430.18,652,29790545
15153340,LavenderNoelle,7000.77,6429.38,-405,29790543
468393,kg2161012,6672.61,6427.48,549,29790546
11743268,Zgneet,6923.69,6426.92,84,29790544
2672643,Reia,6536.03,6426.72,1254,29790547
14085870,Wacom CTL-472,6814.24,6425.85,268,29790544
1597617,M4XD54,6774.71,6424.60,569,29790545
9787615,honokabestgirl,6974.12,6421.81,-106,29790543
17374802,Pnda13,6886.27,6420.98,-184,29790544
11904237,hungeradam,6961.35,6418.34,38,29790543
10625699,BKCM,6756.41,6417.27,362,29790545
38353644,shrinkful,6728.17,6415.75,399,29790545
4264592,Keegs,6931.17,6415.48,-30,29790544
1390823,david649713,6834.08,6413.98,387,29790544
15844439,tokei,6956.09,6413.90,-54,29790543
2199621,Creyo,6769.35,6413.63,686,29790545
29313787,Liru_,6828.17,6412.97,266,29790544
2913127,aska,6872.29,6412.40,94,29790544
5008289,Barodius,6721.61,6411.62,601,29790545
11562923,0gg,6827.09,6409.79,441,29790544
12935677,roy91918,6910.96,6409.39,-29,29790544
20895955,puring-,6565.03,6408.69,330,29790546
9098192,jakk,6511.79,6408.64,1385,29790547
7406198,-Havu-,6409.93,6406.88,908,29790548
14990237,dylancubr9,6854.46,6405.27,378,29790544
2037319,sylwia132,6909.65,6404.98,-33,29790544
35191001,orewahito,6690.92,6404.56,709,29790545
14351534,Seiran-,7015.5,6404.30,-294,29790543
3580864,Narita Brian,6554.18,6402.02,1219,29790547
2926286,Nurep,6733.05,6401.43,571,29790545
7342840,cantorfunction,6594.34,6399.85,883,29790546
29809957,i124q,6952.17,6398.70,-64,29790544
2505273,Tai_Archaeo,6591.61,6398.61,1006,29790546
5063236,Samuel,6664.57,6397.91,688,29790546
11735762,Nekoyee,6519.67,6393.75,829,29790547
32130083,SiKEEe,6815.21,6393.17,401,29790544
12905494,endezo,6960.03,6392.10,-408,29790543
6701104,Nene Sakura,6570.52,6391.97,1103,29790546
3388082,ThunderBird2678,6864.67,6391.43,16,29790544
14916246,kurukuru7,6416.62,6390.71,949,29790548
25817853,hairlinehd,6627.83,6389.12,348,29790546
695257,seeddestiny,6607.72,6388.67,1139,29790546
7033479,[ Naris ],6702.85,6388.38,806,29790545
5038956,Minecraft s,6905.68,6387.75,111,29790544
10789259,kivov,6801.54,6387.49,217,29790545
12398543,NighT_17,6685.49,6387.42,696,29790545
1132362,MyNameIsVincent,6735.31,6386.86,513,29790545
4615357,LotCian,6669.79,6386.22,776,29790546
10459064,Mayote,6847.47,6385.71,154,29790544
6515409,Yang Pings,6734.99,6385.68,127,29790545
1944019,Sinc,6546.06,6385.62,1073,29790547
9978570,brRNK,6388.19,6384.59,326,29790548
17555492,mastergato,6696.44,6383.82,937,29790545
34237869,sh1no,6537.93,6382.83,487,29790547
37411566,nekooftop,6624.13,6381.72,537,29790546
16509588,wIntEr7z,6991.82,6381.09,-278,29790543
38035224,LunaMurka,6571.17,6380.35,1012,29790546
7861878,niunnn,6906.05,6380.25,-91,29790544
8351316,ryusei1028,6661.33,6379.73,513,29790546
16894587,Riy38,6513.22,6378.35,997,29790547
30026168,Vaxli,6788.7,6374.42,263,29790545
9570374,pugee,6611.45,6372.74,444,29790546
25167958,DoomRogue,6788.09,6372.63,428,29790545
21929263,nabari,6846.07,6372.08,-229,29790544
13249066,jkboos,6715.53,6371.75,394,29790545
5017330,-Patchouli-,6649.92,6370.43,406,29790546
25357748,-8-,6807.26,6366.15,280,29790545
4288290,lambdaDerek,6608.06,6365.49,802,29790546
2523738,tatst,6779.58,6365.47,144,29790545
31983101,hiselo,6685,6364.47,562,29790545
7171949,takkyan_Maki,6868.49,6363.72,112,29790544
11011783,satoukibi2222,6626.03,6363.18,670,29790546
15814119,Sricknal,6879.29,6362.27,47,29790544
7926192,BocDyx,6812.6,6362.24,65,29790544
4555581,moon renko,6716.77,6359.20,274,29790545
274072,Firce777,6617.93,6356.71,684,29790546
2530378,LSK0204,6748.19,6355.21,311,29790545
5221923,DragonFangXV,6809.46,6354.77,-43,29790544
16277500,Kreto1477,6762.63,6353.74,307,29790545
33873206,My Angel Reimu,6738.7,6352.76,550,29790545
14913567,ValentinLight,6690.61,6352.00,563,29790545
1101092,takellia,6758.97,6351.54,439,29790545
8945180,molneya,6331.63,6350.34,1824,29790549
37052100,IL-HEL-U,6534.77,6349.50,-93,29790547
1399551,Sylphi,6692.13,6348.95,590,29790545
12018868,sandarai,6888.98,6348.59,-83,29790544
11124798,FoXKiLLS,6796.52,6347.19,-32,29790545
4230454,Froskya,6723.35,6345.86,593,29790545
1465765,-Vanessa-,6738.57,6344.67,418,29790545
8404791,REn-125-,6783.3,6344.14,268,29790545
14015200,dinozev,6544.66,6343.70,925,29790547
16178168,flurri,6794.81,6339.42,279,29790545
9651151,Miniministop,6973.11,6338.24,-369,29790543
7004043,Ivashka,6648.5,6337.09,642,29790546
13030803,Tireds,6927.58,6334.75,-323,29790544
30612577,390mikan,6634.03,6334.39,45,29790546
2313409,Dwarfda,6789.96,6332.64,178,29790545
27012447,Neckomeliy,6709.19,6332.53,-52,29790545
24902260,nekotume,6395.74,6332.16,560,29790548
3096441,MISSWANG,6561.96,6332.02,297,29790547
15809397,darkoverlord4,6629.58,6331.87,940,29790546
1876565,Mastasz,6725.8,6331.72,388,29790545
14886858,4sukanic,6599.22,6331.03,455,29790546
18133003,believer_i,6539.99,6330.75,576,29790547
4808796,-KalamityStorm-,6636.25,6330.72,283,29790546
11648117,Lesocheck,6956.43,6330.58,-145,29790543
11094869,Tolic,5704.71,6330.23,989,29790555
30873773,Norim4ki,6645.24,6329.61,605,29790546
8050865,PierrePoilievre,6865.08,6329.06,-256,29790544
5333154,alion02,6547.58,6328.15,875,29790547
18574282,AndysongLin,6474.65,6328.02,343,29790547
1998030,Treekii,6632.67,6327.60,459,29790546
6551164,Zexai,6720.38,6327.42,113,29790545
10558926,BlacKie,6651.3,6325.22,299,29790546
20779044,Kandelion,6660.96,6324.17,694,29790546
10558096,dex71ny,6660,6323.98,446,29790546
26751659,IryA_ARIAer,6021.83,6323.24,394,29790552
12510704,JackTVN,6762.47,6322.30,273,29790545
31793508,JDA 221,6828.39,6321.37,117,29790544
7562543,154s8a6,6804.42,6321.15,377,29790545
8840846,Exumk,6772.05,6320.99,-32,29790545
1841475,asd26970235,6811.23,6320.39,-75,29790544
12819177,Glacy,6808.45,6320.11,-73,29790545
30873473,Remori7,6724.16,6319.86,99,29790545
1385227,lemm,6794.55,6319.25,53,29790545
37745255,ryudr,6514.52,6319.18,980,29790547
9942311,Guild_Mode,6838.65,6318.87,-252,29790544
14877196,Naranarek,6802.96,6317.87,-115,29790545
14772070,Pandilina,6464.43,6317.48,1619,29790547
5165227,sucaca tenma,6595.47,6317.32,739,29790546
29607185,attake,6752.32,6317.13,170,29790545
6259161,NEKOBREAD,6844.36,6316.58,-191,29790544
7946038,Kunologist,6693.37,6316.16,369,29790545
29193607,Kururin_,6501,6316.06,365,29790547
29688099,hgrnryk,6538.2,6312.15,370,29790547
37226300,O3_O2O,6718.01,6311.44,-249,29790545
1753234,IsonamiPL,6763.72,6308.91,98,29790545
7349562,TK-hisui,6698.9,6308.54,293,29790545
25308131,RTrigger,6903.92,6308.21,-250,29790544
13420001,edwin2058,6598.23,6307.39,432,29790546
12134879,mebg,6853.37,6307.33,-317,29790544
36044684,mona_248,6694.47,6306.46,-376,29790545
14099842,COLE9001,6845.21,6305.81,-9,29790544
26117770,Debericator,6844.85,6305.14,10,29790544
37706795,fa_mi,6640.66,6304.38,-86,29790546
30706655,mamisuke,6567.16,6304.01,236,29790546
11766048,TakanashiCotori,6409.04,6302.82,697,29790548
25111950,4stronoot,6613.34,6302.24,982,29790546
11063920,yonipt,6787.42,6302.05,60,29790545
169796,Makimoke,6503.1,6301.59,1165,29790547
34918289,Buer_old_6,6823.89,6299.01,-288,29790544
758406,dressurf,6663.02,6297.21,536,29790546
31818811,soul_phsyuke,6639.56,6296.07,496,29790546
39461624,popodayo,6237.17,6293.65,260,29790550
5628585,Zaskert,6512.89,6291.93,546,29790547
28766705,TheMixxx,6778.58,6291.64,-166,29790545
10458237,Friedchicken,6809.89,6289.20,-320,29790544
9463427,Uhnuhneemoos,6564.65,6288.92,660,29790547
26382334,YY0623,6447.21,6288.27,637,29790548
18195733,kenopsia,6530.06,6287.88,653,29790547
14690932,AyameMyAngelwww,6729.36,6287.81,101,29790545
8868094,Furrigins,6807.09,6287.74,-31,29790545
35119694,tak-9101,6687.11,6287.73,439,29790545
7733917,Aorimiku,6536.56,6287.40,787,29790547
8534565,WasabiWoman,6539.29,6285.70,1020,29790547
32679777,unknown0713,6361.86,6285.34,241,29790549
8616928,yozakura777,6727.5,6284.95,-16,29790545
9122423,_vRy,6627.46,6283.98,525,29790546
10065976,Zippiqwq,6618.39,6283.92,580,29790546
12485342,eatcake,6673.64,6283.43,149,29790546
13378002,Sinsa,6583.48,6283.30,593,29790546
31343403,freaky_jamjam,6545.31,6282.97,560,29790547
25062305,oi_SUN,6620.38,6279.69,461,29790546
15764379,GOMAGOMA64,6675.1,6278.72,552,29790546
567322,Alkaeid,6661.2,6278.68,235,29790546
27958286,nowsuisen,6497.9,6273.51,736,29790547
3105376,Max35P,6651.45,6272.89,105,29790546
39828,WubWoofWolf,6386.52,6271.11,1445,29790548
14433362,WarArthas,6898.71,6270.77,-372,29790544
6210305,agzcagz,6550.22,6270.45,619,29790547
9128499,[Belajar-Osu],6563.08,6270.09,665,29790547
20300121,Rawrdup,6768.61,6269.91,-99,29790545
7195058,Oreo_Kun,6420.36,6269.76,1356,29790548
2314328,thebendoftime,6680.23,6268.28,338,29790546
2602338,bakugan2win,6468.26,6268.24,946,29790547
13271178,Yin_HK,6597.56,6267.56,582,29790546
767514,AREX_tomo,6537.73,6266.69,630,29790547
17307654,roxorotto,6748.65,6266.62,-69,29790545
10526814,Luminiscental,6552.5,6266.02,1078,29790547
38225997,Out of Mana,6521.99,6265.79,754,29790547
7674968,livetubegaizi,6761.36,6265.74,-146,29790545
18730810,pi2xoxo,6574.07,6264.52,506,29790546
37234243,Rum_toniC,6344.3,6263.94,695,29790549
2825305,Naservas,6799.86,6263.51,-231,29790545
6478296,kogeyashi,6435.45,6263.24,1202,29790548
1751879,shiroino,6630.03,6262.31,304,29790546
6093582,docks,6782.11,6261.57,51,29790545
7766387,saderen,6465.46,6257.82,1203,29790547
1471889,Airis,6343.4,6257.50,1397,29790549
17651703,Leni,6749.96,6255.36,-171,29790545
35607634,sorakado,6528.18,6253.94,419,29790547
29277424,sark1120,6499.49,6252.55,213,29790547
15926730,PeachMarrow,5915.06,6252.38,999,29790553
37301614,addrr,6334.18,6248.44,514,29790549
30750250,Kirigaya_Toko,5905.31,6248.13,772,29790553
2883809,Yosshi,6604.65,6247.19,251,29790546
9034794,Zefys,6631.29,6245.91,274,29790546
20740330,Markeraaaaaaaa,6550.06,6245.43,354,29790547
35796884,reorasii222,6248.98,6245.17,363,29790550
347574,[Zero_One],6425.13,6243.86,1044,29790548
7627061,Akbo,6622.15,6243.78,436,29790546
7301817,Eryzr,6601.1,6243.38,190,29790546
18660354,Race-,6803.03,6242.81,-202,29790545
24520265,Yuyu Asako,6694.34,6240.46,219,29790545
11308471,Asriel,6665.16,6240.39,612,29790546
31373683,Texshh,6669.6,6240.25,165,29790546
6443264,acst__,6610.2,6239.83,563,29790546
29042224,nagisa1234,6672.86,6238.71,87,29790546
38866714,pxrge,6619.31,6238.24,231,29790546
6725974,JibriI,6669.92,6237.77,386,29790546
35483368,starzxl,6413.12,6237.48,266,29790548
33947234,Matteozzo,6649.3,6237.42,298,29790546
12019628,PROSTAK,6738.27,6236.95,153,29790545
34255284,erinzzz,6295.29,6236.34,452,29790549
1989339,- Love1yV1ruS -,6491.85,6235.79,993,29790547
30122510,-fm777-,6812.4,6235.54,-455,29790544
6225808,551100kk,6797.92,6234.87,-445,29790545
32788216,Ra-0214,6365.9,6234.27,400,29790548
14083855,KitHoly,6646.61,6234.10,414,29790546
12905445,Phann_,6859.9,6232.13,-371,29790544
6275609,lightplayer,6590.51,6231.24,279,29790546
2998491,Akiyama Riemyo,6448.34,6230.92,1079,29790548
10098927,Luna Yuuki,6747.77,6230.82,185,29790545
2307424,Trajiic,6651.64,6230.46,520,29790546
17293948,Futoooo,6481.1,6230.03,175,29790547
32297386,haruomeen,6537.43,6229.14,157,29790547
10211978,tom102199,6575.91,6228.99,612,29790546
25531456,Spongybit,6691.41,6228.28,119,29790545
29769384,Mames1,6323.82,6228.18,167,29790549
24627066,Mafuyu_,6699.71,6227.89,-63,29790545
12296460,H4KO,6549.47,6227.89,446,29790547
13547517,magudonope,6380.75,6226.85,754,29790548
31417418,KuaAA325,6264.41,6226.25,1028,29790550
18981756,GallinaPng,6804.52,6225.11,-291,29790545
28463936,thelolhound,6563.8,6224.78,410,29790547
29488839,sirasusan,6289.77,6224.12,599,29790549
17404014,koyomi_ddd,6514.25,6224.00,-7,29790547
8174839,_Jaga_-_Jaga_,6374.91,6223.54,1526,29790548
17198651,[Koko],6720.13,6221.62,-469,29790545
21874643,momoti9696,6652.98,6221.43,53,29790546
708656,Zheant,6654.21,6220.89,280,29790546
10295980,akasora-,6551.68,6220.14,412,29790547
16650513,anpanan,6195.76,6219.44,584,29790550
24734858,massi_3214,6501.9,6218.73,393,29790547
35488626,RNNNN,6291.91,6217.99,598,29790549
34417813,floralfoxflower,6786.39,6217.90,-189,29790545
19207842,-[SnowFlakes]-,6506.11,6217.41,656,29790547
3290061,Azukicat,6531.44,6216.26,442,29790547
21138212,tai0622,6411.36,6215.43,534,29790548
32676554,AiLuUoxoU,6544.8,6215.22,315,29790547
37606399,Harvest,6647.95,6213.55,198,29790546
3452047,mark15345,6723.5,6211.59,-96,29790545
4046932,xCerial,6435.34,6211.08,861,29790548
14089639,yu-ma_0207,6345.12,6207.11,442,29790549
25426604,Montblanc,6653.43,6205.38,433,29790546
16084413,nyaarin,6656.78,6204.21,338,29790546
14286444,LET_ME_MAOOOOOO,6605.91,6203.44,276,29790546
10792516,Eyeonized,6741.22,6202.11,-142,29790545
20031741,H u m a n,6759.29,6200.20,-378,29790545
23767116,Kotori83,6392.64,6199.71,1086,29790548
7983776,Parkes,5818.37,6199.51,93,29790554
28434823,Fghy,6511.28,6199.49,680,29790547
27095646,kodama55,6696.97,6199.21,-196,29790545
3570595,jorgurt,6465.65,6198.79,747,29790547
36839964,K4I1228,6266.36,6198.12,901,29790549
7231180,Muumi,6584.45,6197.60,321,29790546
545751,gearcom,6550.73,6194.93,508,29790547
6512490,Simonosis,6634.37,6194.83,81,29790546
12093301,tamiraa_,6441.22,6193.45,280,29790548
21591349,Big noob lol,6741.35,6189.18,-169,29790545
3697323,takodesu,6434.09,6189.11,821,29790548
39344464,1nuna,6390.76,6186.32,798,29790548
3382629,Acarin_FWYKRin,6566.28,6185.80,139,29790546
36014619,elect sausage,6152.32,6185.09,884,29790550
13866341,Firiya,6507.96,6184.24,456,29790547
9529034,Chino_Chan,6714.96,6183.93,56,29790545
31771827,Linnecat,6546.65,6183.26,175,29790547
21813897,timothycore,6747.28,6183.06,-380,29790545
27254975,Valftdr91,6622.83,6182.60,133,29790546
16643173,bunny girl,6726.99,6180.10,-127,29790545
25114466,homuhomuo2,6360.48,6180.10,599,29790549
226413,ooooooops,6644.54,6180.03,-36,29790546
36531880,irlashley,6339.78,6179.33,67,29790549
1810719,Neoh,6554.55,6178.00,503,29790547
39720745,JiraiKeiJK,5839.44,6177.90,-373,29790553
8453403,starbiiit,6491.48,6177.57,595,29790547
16753572,indiadragon,6414.41,6177.17,172,29790548
4365562,rostld,6347.71,6176.82,1189,29790549
10192636,Arion Ashira,6393.03,6176.80,1141,29790548
9393764,Sirayuki03,6592.8,6175.66,77,29790546
18552558,RK114514,6603.76,6174.21,-104,29790546
2130952,Okkusen man,6446.61,6173.37,963,29790548
11672529,limeiru,6335.71,6171.97,125,29790549
855219,Lundlerol,6409.11,6170.80,787,29790548
13394649,Tomato466,6323.44,6170.75,237,29790549
11210912,need for speed,6681.34,6169.33,216,29790545
36546764,mokemokemokke,6613.95,6169.18,-96,29790546
4436249,orbstar8,6406.5,6168.76,944,29790548
23647502,Nikicho,6352.38,6168.02,1148,29790549
12034932,MetaManectric,6296.04,6166.64,980,29790549
32960563,90n1ce,6445.09,6166.03,476,29790548
11061080,anhei2,6589.48,6165.71,466,29790546
36769473,sonicthescrew,6543.2,6164.86,-165,29790547
2071008,yz1155,6581.98,6164.28,166,29790546
14870959,mak1non,6569.63,6163.67,327,29790546
13624895,ka-chu,6648.37,6163.63,-23,29790546
24878044,TetrisNerd12,6572.16,6162.82,395,29790546
16808117,KCaution,6362.9,6159.54,417,29790549
12264804,bq12005s,6606.56,6159.07,252,29790546
34027828,muumuu,6407.89,6159.05,559,29790548
34115286,yumalom,6348.82,6157.43,524,29790549
7061245,Tepes Krul,6499.15,6156.77,628,29790547
14495441,DaScooby,6601.44,6156.00,254,29790546
6275786,harry7805,6685.97,6155.47,-120,29790545
26664397,momomocchi0,6154.83,6155.22,1022,29790550
10311968,Xoran,6520.41,6154.50,394,29790547
32338924,3atS,6295.72,6153.80,1072,29790549
1610184,key_sugisaki,6645.48,6152.94,57,29790546
10284306,DeRukuu,6532.49,6152.58,410,29790547
33224301,maninbucket,6447.65,6152.45,239,29790548
2880867,zenon-alice,6455.13,6151.48,543,29790548
8175041,Lyanny,6579.8,6150.98,65,29790546
26258585,pokkun009,6573.13,6150.49,-42,29790546
10144817,[ Kon ],6653.53,6149.67,48,29790546
10304487,Tamelo,6628.67,6148.32,144,29790546
36942813,taiko master,6280.27,6148.08,725,29790549
12814208,Saisho,6295.02,6145.85,297,29790549
4635728,Trollface3399,6560.37,6144.65,468,29790547
10675884,x7Kuma,6475.58,6144.21,654,29790547
31052105,Arashiba,6294.64,6143.76,685,29790549
37529025,sattyann118,6597.06,6143.38,-407,29790546
37563237,Masao-kasuPC,6375.68,6143.20,82,29790548
9767342,Flyer,6462.21,6142.17,457,29790547
24983048,rriickwu,6534.19,6141.51,-367,29790547
17502534,tsutsutsuuuu,6583.26,6141.32,-86,29790546
16975471,Manp2K,6324.88,6139.83,168,29790549
4176622,nakayuu1227,6636.64,6137.33,176,29790546
25283619,Deb_,6519.8,6135.93,348,29790547
15478284,X_rrrr_X,6503.67,6135.82,365,29790547
1861242,allraula,6585.03,6135.60,225,29790546
10478697,-[ Sagiri ]-,6676.83,6135.34,-106,29790546
29133474,nariconn,6531.55,6134.93,365,29790547
33470087,ndakko,6187.44,6134.90,923,29790550
4636688,shotzombin,6640.29,6134.38,36,29790546
27315052,Octageist,6641.56,6134.08,103,29790546
2836412,LudH2O,6356.68,6133.27,846,29790549
8647759,Huskezi,6413.58,6132.64,576,29790548
19265535,Morsic,6643.76,6131.88,-420,29790546
9333957,[Skippy],6428.48,6131.35,798,29790548
4081429,Dom2112,6383.75,6129.74,984,29790548
10182014,Loading175,6396.23,6129.44,725,29790548
341371,Kuponk,6567.03,6127.98,180,29790546
35745776,aigakoi,6448.05,6127.97,370,29790548
19452545,Orenia,6452.12,6127.06,832,29790548
1724562,daic50577,6622.26,6125.81,-40,29790546
3524805,jeantommy5,6656.26,6125.13,200,29790546
9568542,Rurple,6641.46,6124.99,-238,29790546
10266344,Maximoose,6625.08,6124.55,-89,29790546
2391340,shobonvip,6689.22,6120.94,-392,29790545
4833654,Badeline,6401.93,6119.91,1016,29790548
30643783,StyrofoamSpoon,6553.05,6119.89,63,29790547
14082825,kurokuma10,6262.67,6119.79,558,29790550
1903966,Melano,6323.5,6119.13,1003,29790549
33271689,SweetMikan_,6650.97,6118.97,197,29790546
38753151,popin2,6426.14,6118.09,524,29790548
3757937,AruFoi,6338.65,6114.14,565,29790549
10176803,PSIXOPATKA,6518.56,6112.42,545,29790547
22398980,-fem,6617.85,6112.05,-74,29790546
8632061,debuseyo,6515.53,6110.79,341,29790547
3487376,Cazu_V,6497.79,6109.62,433,29790547
11817520,ZNDMON,6820.67,6107.69,-687,29790544
4045400,Dag,6387.32,6105.74,452,29790548
34022888,Qeter,6444.37,6105.49,595,29790548
33570685,RyaFu,6355.08,6103.92,635,29790549
38325223,GameOnArcade,6293.27,6103.09,612,29790549
10739453,romunn400,6579.93,6102.98,84,29790546
757783,Garalulu,6434.25,6102.60,378,29790548
29474810,henaki,6483.63,6101.59,133,29790547
12609194,shigatori123,6429.19,6101.59,686,29790548
8389759,Rika_Shiguma,6529.51,6101.38,390,29790547
21802089,Nassy317,6419.72,6100.48,574,29790548
2208144,miyatti,6593.62,6099.85,-62,29790546
12018916,bre812,6589.98,6098.58,-134,29790546
16033928,GenoSans,6618.62,6098.36,-48,29790546
14736711,owocado,6216.41,6098.03,1457,29790550
9496643,sharpiepaws,6489.08,6097.41,453,29790547
34033185,AdrianDough,6322.1,6096.86,641,29790549
14368072,tomatochan585,6356.02,6096.85,851,29790549
8056732,Sa7,6361.6,6096.82,710,29790549
30692757,snowstorm345,6514.6,6096.00,38,29790547
9511859,GISVEN,6599.69,6095.45,-31,29790546
3960351,Poiuim,6527.21,6095.02,274,29790547
403952,Albatrosick,6234.75,6094.63,1147,29790550
10374499,apiapilll,6187.09,6094.60,1470,29790550
10559526,PEAC 4,6529.97,6091.31,144,29790547
4045954,Epsile,6437.12,6090.92,347,29790548
39476643,shimashima111,5967.28,6090.69,534,29790552
18478563,satouneko365,6681.57,6090.43,-417,29790545
15886583,Cinnam_n,6580.23,6089.59,82,29790546
6854314,practice User,6102.96,6089.57,1231,29790551
8004633,Xeroblic,6607.48,6087.48,-243,29790546
21774764,Horsti,6546.33,6087.28,84,29790547
31020012,Jean_ofarc,6404.9,6086.17,554,29790548
8023947,Frypo,6368.61,6085.93,342,29790548
1853089,LettyWhiterock,6440.85,6084.94,288,29790548
3022806,smile86542,6350.05,6084.86,637,29790549
3417494,1th Grader,6528.74,6084.21,236,29790547
33195458,tomato1007,6361.97,6082.87,-122,29790549
16903694,Pinkiemane,6363.58,6082.27,632,29790548
21152418,Vaxy24,6615.73,6082.24,-192,29790546
9355383,JaleaSenpai,6517.68,6080.60,-62,29790547
9649197,1RenMaster,6402.7,6080.14,345,29790548
1133830,TurnipQueen,6485.52,6079.28,533,29790547
7479122,taiyo329,6432.98,6078.96,626,29790548
17526061,astraea,6522.59,6077.85,-110,29790547
7580428,HappyLife0918,6518.1,6076.62,71,29790547
38573624,MINEAAAAA,6329.37,6075.42,504,29790549
1126893,BooMuki,6571.05,6074.96,-66,29790546
14158692,huajixiami,6046.93,6073.50,1574,29790551
39821079,IGURANA,6076.81,6073.49,275,29790551
1535211,Syphist,6448.93,6073.04,484,29790548
16142907,qqrey,6422.43,6072.56,286,29790548
36528617,kmanadayo,6324.36,6072.39,227,29790549
6335703,shuttlespock,6471.05,6071.95,442,29790547
35132296,chibid_a,6336.19,6071.39,717,29790549
4815930,Applequestria,6485.82,6070.20,337,29790547
11226645,JackPaX,6354.04,6069.89,318,29790549
11594132,Vysion,6538.34,6067.89,202,29790547
7671011,J4ck50n,6472.49,6066.69,183,29790547
9805274,mintoooo,6226.38,6066.62,580,29790550
1928364,AyaS2461,6457.1,6066.22,599,29790548
12155307,anemone2253,6394.23,6065.77,407,29790548
13912123,MuseTaiko,6206.19,6065.55,571,29790550
9019230,p[O_HOU]z,6437.63,6065.54,537,29790548
6094923,MoguNeko,6469.36,6064.55,239,29790547
14083880,FabioGaming,6381.32,6063.93,399,29790548
13460759,Konatsu Aoha,6479.05,6062.75,98,29790547
1104278,TWO-J,6240.27,6061.54,813,29790550
3879885,MO66553002,6498.31,6059.78,80,29790547
9148286,E-M-i,6412.13,6059.18,603,29790548
544006,osuoragokuu,6508.36,6057.87,5,29790547
6645805,Pekka,6495.09,6057.13,234,29790547
1769432,Super Sayain 4,6319.91,6057.11,835,29790549
15332291,kamikaze1192,6531.62,6056.55,90,29790547
5093795,subnorman,6517.31,6055.94,-74,29790547
2018521,fujiqn,6393.48,6055.60,341,29790548
3162741,Aotoleen,6427.25,6054.55,315,29790548
36280111,-Ashly-,6274.29,6053.58,955,29790549
36398907,gorimuti,6383.26,6051.79,105,29790548
10183710,KatLeNeko,6435.87,6051.41,455,29790548
39425931,Aldi Gallagher,6122.54,6049.29,398,29790551
11721078,Cordeniz,6622.75,6048.29,-60,29790546
100263,nekofrol,6466.41,6047.28,402,29790547
6482848,Tatara Liry,6474.87,6046.76,181,29790547
16721131,Zafurin,6514.34,6046.40,3,29790547
34693820,skeet,6147.33,6045.21,1189,29790550
6709853,IoEtoile,6508.82,6044.42,-69,29790547
30195333,miogita,6177.59,6043.60,571,29790550
19615156,Rolled5L,6195.94,6041.49,-207,29790550
14393590,Sin Bernarie,6456.6,6040.83,175,29790548
4830970,-Rebecca-,6549.11,6040.63,38,29790547
16540997,MapleJqx,6408.69,6039.79,-131,29790548
13228582,sousoup,6323.68,6039.35,623,29790549
3564910,msds12110kim,6189.14,6038.78,1023,29790550
20727433,Helloguy91111,6394.4,6038.07,676,29790548
2535981,miyaneko,6432.62,6037.94,278,29790548
5104050,wjs4331,6344.88,6037.85,622,29790549
21447640,Lecky,6472.42,6036.91,-297,29790547
33662431,Makotora,6229.14,6036.87,429,29790550
39816139,iroha-168,5809.62,6036.71,770,29790554
29318867,Black callous,6215.67,6036.57,512,29790550
34098325,LenLitchu,6439.71,6036.38,175,29790548
4773254,tami1854,6305.77,6035.87,526,29790549
18500920,SpanishBoi,6495.56,6035.70,174,29790547
28930794,Bluegaytion,6342.3,6035.47,122,29790549
5364763,Nao Tomori,6482.68,6035.45,362,29790547
4249989,Crono,6464.52,6034.99,332,29790547
38672759,bloodlord1234,6093.01,6032.24,245,29790551
32205974,Rucea,6452.76,6030.99,76,29790548
489785,HunterHero,6369.06,6030.40,636,29790548
7760447,fading memory,6528.58,6029.78,372,29790547
1352179,- R a F i -,6597.46,6029.56,-271,29790546
34338684,recuta,6126.52,6028.85,1043,29790551
14614770,pi4oo,6512.27,6028.67,201,29790547
39760585,Hyou30,6176.38,6028.53,82,29790550
32168530,fengfengyou11,6454.8,6025.64,77,29790548
3159390,tomosei,6486.14,6025.49,-65,29790547
2731876,HUHYA,6470.92,6022.27,359,29790547
10009465,trevyt,6466.64,6022.13,163,29790547
16600612,Grest,6324.15,6021.86,492,29790549
37049524,smirkz,6168.88,6021.19,1313,29790550
17372884,weedahan,6412.88,6020.74,481,29790548
5867803,aesthetic kid,6508.93,6020.49,120,29790547
14725090,Raven_pear,6152.46,6016.94,103,29790550
15911658,Yakijake_852,6468.92,6016.23,39,29790547
15644957,miyaneki,6246.82,6015.39,563,29790550
39034404,bachibachi,6269.02,6015.20,247,29790549
35527595,iguninis,6206.63,6014.82,344,29790550
8463562,Kopog,6432.32,6014.27,208,29790548
29105812,sibasakigotu,6235.2,6014.14,445,29790550
4904938,DictatorChicken,6374.74,6013.91,422,29790548
24523726,nisshokuuu,6453.21,6013.18,818,29790548
16490362,KuroDFox,6431.79,6010.62,310,29790548
4485969,mct007tc,6431.59,6010.31,153,29790548
929775,-Hinana,6533.97,6010.27,-279,29790547
16465401,MatthewJFT,6392.48,6008.78,490,29790548
259446,Jing,6357.8,6008.45,620,29790549
27373910,lpekko,6410.72,6008.05,173,29790548
2172231,LokSiu__-,6064.22,6006.46,798,29790551
5010536,Piuma02,6439.98,6005.95,-19,29790548
4486018,Kuropuni,6484.25,6005.52,-7,29790547
5944963,[KN]Kanaakanaa,6362.71,6005.21,444,29790549
3934882,Chiral,6381.42,6005.20,221,29790548
4993235,Youth,6460.08,6004.64,161,29790548
25480029,2003hero,6309.67,6004.42,698,29790549
8574646,SP1IIRE,6489.45,6002.14,-194,29790547
5791833,TwinRedTails,6406.94,6002.14,322,29790548
32309896,DandelionFrog,6360.21,6002.05,295,29790549
11311597,Viridin,6012.08,6001.68,579,29790552
17701221,Valfruit,6410.03,6000.04,59,29790548
20674737,NFAN_marisa831,6174.93,5999.55,1003,29790550
7556673,-BunZ-,6426.7,5999.24,33,29790548
5322142,Grek69,6284.95,5999.07,673,29790549
7344872,Blun,6240.81,5998.85,734,29790550
10999356,bu5a1ku,6125.01,5998.70,809,29790551
13971254,Baek Seok Ju,6318.04,5998.35,-282,29790549
600259,Saso,6364.28,5997.74,332,29790548
6236366,KKorin,6476.58,5997.68,223,29790547
37081361,DOTPES,6487.01,5996.69,-122,29790547
4481373,Reiya0122,6314.21,5996.04,159,29790549
33300150,Fujile0,6368.8,5995.08,458,29790548
22914329,GyvraL,6281.54,5994.56,94,29790549
7618046,VoidStar,6397.24,5994.31,-80,29790548
9086438,TaikoMom,6319.02,5992.46,601,29790549
9644590,DiDiXD,6293.36,5991.98,392,29790549
6390603,Rame,6305.22,5991.56,650,29790549
37508996,Antsistra,6032.82,5990.59,252,29790552
20983500,Lxa,6461.08,5989.30,218,29790548
22943674,MsaMassaa,6307.13,5988.96,314,29790549
35697942,ONIMAE,6438.26,5988.16,-504,29790548
15984485,_Owen_,6427.08,5987.80,383,29790548
10890924,Good job,6343.26,5987.51,288,29790549
673028,Nicronight,6472.06,5986.86,46,29790547
14706888,Elgrows,6426.31,5984.69,210,29790548
20423715,MeaAqroix,6201.66,5982.96,275,29790550
16731666,Sinno,6422.66,5980.81,114,29790548
2290006,xxxddd12xd,6385.68,5979.77,257,29790548
3291308,kennyth77,6387.8,5979.26,212,29790548
32874224,EuphenACT,6283.69,5978.90,600,29790549
12121160,J Vtol,6441.15,5978.15,119,29790548
7011843,Atago,6329.94,5978.03,296,29790549
13077790,EZDT,6285.3,5977.39,677,29790549
19998006,JadeStone,6226.65,5976.66,973,29790550
6109711,Takeshi Hiroshi,6343.55,5975.91,380,29790549
8962248,tsutano_Lunatic,6277.42,5974.34,505,29790549
2488026,rew0825,6186.63,5972.28,811,29790550
25121794,A2kun1,6141.37,5970.44,899,29790551
6157735,Xenosi,6314.65,5970.23,574,29790549
1397979,tasksun,6170.92,5969.93,891,29790550
16411693,Yelinix,6471.26,5969.55,12,29790547
13069714,tachibanaka,6093.44,5969.49,1038,29790551
9395081,nkpy,6042,5969.45,924,29790551
5362422,Sephiroth256,6353.82,5968.50,252,29790549
30105933,Plexias,6453.8,5967.95,0,29790548
3660794,Hantsuki,6137.78,5967.18,639,29790551
8372504,RisingMist,6313.25,5964.87,599,29790549
2055184,Gwelawyr,6395.09,5963.21,-131,29790548
21274553,JefferLing,6267.96,5962.70,521,29790549
12883611,catgirlflowers,6531.12,5959.42,-62,29790547
11374209,Takadon,6391.01,5957.73,165,29790548
9248303,Miria,6368.54,5957.58,136,29790548
18779981,4izcak3,6332.3,5957.34,555,29790549
29420666,yuemufriends,6181.71,5953.63,252,29790550
26602336,MagicalTig,6351.52,5952.45,373,29790549
734878,Seror,6178.1,5951.94,1159,29790550
11066574,Pricetag21,6034.8,5951.79,1222,29790552
10510725,ItzNibrix,6360.32,5951.34,434,29790549
12248165,FireBat14,6364.07,5950.80,64,29790548
39084679,azuqwerty,6113.64,5949.49,53,29790551
36204436,Me-ow,6232.11,5949.22,245,29790550
11528818,1400W,6280.52,5948.39,504,29790549
12001727,Chima68,6346.27,5947.45,363,29790549
9161879,WaffleWaiifu,6331.35,5947.20,255,29790549
24682942,skywalk181818,6191.6,5946.55,398,29790550
13083959,Fevlia,6307.03,5945.08,-146,29790549
4314222,- Arisa -,6235.46,5943.65,398,29790550
15847145,BeesAtWork,6372.1,5943.19,183,29790548
22001339,konpaku_okura,6403.31,5942.45,-99,29790548
17310146,fishy15,6212.84,5941.35,673,29790550
20225504,Umeko_is_cutie,6206.09,5939.99,797,29790550
14061140,hencosa0254,6233.46,5939.80,614,29790550
8646059,UberFazz,6222.59,5939.06,720,29790550
16056170,Kilomboh,6489.69,5938.95,-199,29790547
8457406,ReMIRAI_hen,6349.58,5938.25,75,29790549
33522923,rosty333,6094.25,5937.94,97,29790551
17585799,dencate,6504.07,5937.57,-487,29790547
2137954,Neruxir,6237.37,5935.73,662,29790550
603925,Merry Christmas,6016.4,5933.82,911,29790552
10476395,Subrosa,6437,5933.28,90,29790548
15231398,TheAttorney,6283.04,5933.01,437,29790549
8590397,Nyarlat,6391.97,5932.68,-329,29790548
8892880,Includ3r,6249.23,5932.27,-14,29790550
17543256,gluecia,6470.53,5932.19,-156,29790547
13958573,QBB LSW,6460.33,5931.87,-201,29790548
16242229,asdcorf,6417.38,5931.04,66,29790548
9990949,AiLiYaSi,6284.46,5930.73,301,29790549
9116799,DevTheFox,6496.63,5930.26,-330,29790547
10046742,Blajuly,6320.48,5929.89,208,29790549
1320102,afrono,6306.11,5929.82,496,29790549
21047286,Syan-Zark,6105.4,5929.61,1175,29790551
37903584,pochi0618,6273.67,5929.15,215,29790549
812017,kkdi4983,6456.86,5928.76,-215,29790548
38257586,Fissheo,6367.54,5927.36,69,29790548
7242617,SkritterMuf,6417.08,5926.88,-14,29790548
339721,xxkagemaruziixx,6231.77,5926.28,707,29790550
7303267,Foraz44,6123.74,5925.60,883,29790551
1373228,play7,6139.32,5924.68,1062,29790551
7671790,Komm,6385.14,5923.48,60,29790548
15980868,Key_Elysia,6124.13,5922.97,899,29790551
14911407,Richliu,6486.01,5922.63,-279,29790547
33460455,suzumori,6365.56,5922.54,-335,29790548
2326770,Athens-rar,6027.91,5922.39,1431,29790552
9473055,Johns_HappyLife,6370.04,5921.63,2,29790548
25626705,amemura1gau,6115.11,5920.34,1081,29790551
27823272,Null_PxL,6378.45,5918.88,-144,29790548
7519802,Narumu_tama,6419.05,5917.91,223,29790548
7043629,Az MAX ru,6248.45,5917.82,365,29790550
32444276,Irose,6260.21,5915.07,-32,29790550
9405745,scylla,6264.85,5914.61,497,29790549
11211959,JostRc3,6462.88,5914.09,-174,29790547
35824742,wakaba0910,5825.77,5912.89,829,29790554
9746232,Vosko,6296.59,5912.63,169,29790549
222332,xorh1,6128.53,5908.20,707,29790551
33531793,4qin,6092.25,5908.13,606,29790551
12948624,fawazu6,6266.5,5907.58,346,29790549
20132404,Mqken,6190.87,5905.31,736,29790550
8256912,Jikanova,6265.16,5904.50,405,29790549
7302000,kentaloooupe,6401.63,5904.44,-45,29790548
33404714,narrrrrt,6179.53,5904.28,400,29790550
24906493,ria tiraimi,6275.67,5903.72,-182,29790549
35279228,reika41,6329.05,5901.01,346,29790549
8458918,L O A T H,6143.07,5900.51,1147,29790551
21880433,cutie patootie,6225.42,5899.01,647,29790550
36033065,Punisher,6284.35,5896.09,-287,29790549
5564367,SlayerPlayer,6387.22,5893.71,137,29790548
23747702,taku12191,6415.84,5892.82,344,29790548
1112175,gemiplus,6245.55,5892.71,365,29790550
12974125,-Crabix-,6288.26,5892.24,122,29790549
5933307,usagi0v0,6387.54,5892.17,92,29790548
12806558,lu_azi,6238.16,5890.85,452,29790550
32658097,kotaru18,6255.05,5889.89,807,29790550
6879864,dubuqiuyu,6281.29,5888.80,443,29790549
28535046,MeLpz__1,6022.41,5888.22,772,29790552
11851255,Bockwurstganove,6057.62,5887.18,184,29790551
26276488,Arpeggios,5835.94,5887.03,1380,29790554
4859830,luon7,6391.57,5886.74,31,29790548
1133763,dexter8489,6358.25,5886.50,101,29790549
17031243,Lymic,6043.27,5886.08,430,29790551
34618273,takanah-oisii,6222,5884.58,285,29790550
11660870,Vello,6242.79,5883.01,703,29790550
2790454,folence,6322.51,5882.71,15,29790549
33498615,rise2737,5984.45,5881.97,499,29790552
13997282,Biggest Shark,6063.96,5881.69,1304,29790551
10127427,Nano610,6137.88,5881.19,444,29790551
9441958,steen,6174.03,5881.05,654,29790550
2483772,haityuu,6292.79,5880.77,225,29790549
4194335,Wolpertingers,6318.22,5880.41,216,29790549
14412406,ChqNmA,6101.9,5879.33,709,29790551
30355470,MoCu,6312.56,5878.20,271,29790549
16108178,Ser_RY,6308.98,5878.19,22,29790549
8810173,Acrodiy,6143.33,5876.00,454,29790551
7641841,MonsterKao,6257.66,5875.65,355,29790550
5284765,OOAKOO,6157.57,5875.06,436,29790550
32118140,i3qRom,6320.96,5874.68,70,29790549
1266303,Kyoshizora,6158.91,5873.21,500,29790550
13432283,AliceInWndrland,6168.7,5872.66,742,29790550
18616147,wentai,6098.26,5872.34,889,29790551
36505081,srukapone,6052.51,5872.00,533,29790551
15205070,Dispel-,6215.79,5870.55,511,29790550
8789983,Dytrus,6092.6,5868.91,973,29790551
1564720,kuroneko0225,6257.77,5868.90,555,29790550
7179784,_the,6255.86,5866.99,287,29790550
24092342,nilusN,6355.51,5866.92,-51,29790549
26215857,foreyn,6348.24,5866.34,218,29790549
34912635,Teiru-KUN,5934.5,5866.08,841,29790552
31170933,Fo-SEIKUN,6327.14,5866.07,130,29790549
3941186,D0mis,6249.37,5864.75,493,29790550
8557723,alute55,5835.47,5864.00,619,29790554
7178423,Teacchyyy,5951.47,5863.46,545,29790552
37552979,Huajie,5731.71,5862.50,310,29790555
10838779,Dviler,6304.54,5862.20,98,29790549
1915415,Kornegi,6246.93,5861.33,391,29790550
18126826,tnts,6248.58,5860.06,266,29790550
12593928,Atra_,6177.52,5859.83,557,29790550
12304071,halouthere,6133.43,5858.98,660,29790551
3220712,RustyLesh,6200.13,5858.40,16,29790550
32795413,susann1161,6101.5,5858.37,42,29790551
3733240,pekkanto,6376.61,5856.98,-116,29790548
22075530,hiroki yukanai,6086.48,5856.91,781,29790551
37148126,syamu_mk2,5965.69,5856.88,570,29790552
18380221,Curcuma,6174.34,5855.76,390,29790550
21268086,doragon12439,6258.14,5855.22,282,29790550
15652429,Dexamethasone,6266.6,5853.91,196,29790549
8552518,REALmisha,6214.41,5853.48,304,29790550
7527240,yyrtt,6258.01,5853.46,56,29790550
10631434,StarVictinII,6134.83,5852.48,377,29790551
2730270,AnonX32,6274.58,5852.42,-30,29790549
16033535,yotyann,6183.25,5851.11,1182,29790550
1799781,Ruby,5787.95,5848.97,-26,29790554
3128214,Blackcat096,6245.97,5847.19,449,29790550
1543133,Sikei-,6210.62,5847.01,426,29790550
9634123,oudon2430,6249.68,5846.84,381,29790550
8305600,_ms,6369.79,5846.60,-130,29790548
20663279,cookiekoneko,5731.16,5846.56,288,29790555
17087507,NishiyA6M0,6311.76,5844.47,-82,29790549
3626656,keso-YK_252P,6396.94,5844.38,-346,29790548
10083439,bojii,5905.19,5843.03,943,29790553
7468492,Nabita,6353.94,5842.07,-110,29790549
31253607,nan0tyan,5917.9,5841.71,734,29790553
32567220,zozacholini396,6197.93,5841.28,169,29790550
25790379,fiortynka,6415.04,5840.67,-245,29790548
14910562,Reufel,6116.44,5840.34,307,29790551
9437738,bobthaboy,6351.96,5839.70,9,29790549
22439323,BeatsByLofi,6171.81,5838.98,511,29790550
20360957,Sxkuya,6214.73,5838.95,262,29790550
10961512,krh,6204.45,5837.55,190,29790550
19697151,MarceloGD,6228.21,5836.74,431,29790550
10702118,Upbeat,6325.1,5834.89,119,29790549
9056994,ShizukiYumi,6005.96,5834.45,1002,29790552
37960069,geribenn,5871.62,5833.48,57,29790553
12006526,Mireiya,6266.2,5833.06,-25,29790549
28803369,naokiiii,5768.01,5832.95,1195,29790554
34472874,Melosymphoria,6144.28,5832.91,-66,29790551
8637754,Sakura_Heroes,6303.52,5832.74,42,29790549
11835951,ray0409111,6087.61,5832.16,675,29790551
7364706,Aninoss,6252.02,5831.97,219,29790550
1806016,patye777,6247.83,5831.58,224,29790550
9986274,InfamousEpSYs12,6157.25,5830.58,508,29790550
11429719,perruH,6332.17,5830.46,117,29790549
15807665,alivn,6312.25,5829.97,312,29790549
9957103,Ominous Ragdoll,6208.56,5829.96,444,29790550
3580684,Coreyolk,5756.28,5828.15,2697,29790554
9219157,Subject TC,6093.8,5826.96,640,29790551
15416572,reversecard678,6033.72,5826.81,908,29790552
10740410,tsukasa_683,5964.79,5824.58,397,29790552
15839554,otudou,6033.03,5824.03,648,29790552
1752776,il_sandwich,6274.18,5823.55,146,29790549
30886957,GaZeL-man27,5959.67,5822.28,508,29790552
32589135,OYNKS,5828.7,5821.96,558,29790554
26818619,usagl,6233.22,5821.47,118,29790550
13456465,Yhank1008,6268.53,5820.74,69,29790549
8456849,Bupacho,6277.32,5819.80,-13,29790549
30286720,Lunalumicai,6288.6,5819.48,-328,29790549
39135938,HazardousDonder,6100.24,5818.12,162,29790551
10527868,an060369,6284.7,5817.68,-40,29790549
2511839,NeliNyan,6030.38,5815.82,710,29790552
20385668,MouseDelay,6179.07,5815.81,27,29790550
29511699,diaxyaw,6162.78,5815.41,424,29790550
39381978,sakuya0812,6109.15,5814.48,-105,29790551
38440027,X_YU_X,6229.91,5813.84,-422,29790550
24095895,BrianWoen,6257.28,5813.66,210,29790550
3220708,Pamela Ibis,6271.35,5813.46,13,29790549
14445283,er0ge,6273.58,5812.42,-61,29790549
9880523,AppleWuIsMe,6234.21,5812.42,-82,29790550
10085764,xKaLam_PVP,6339,5811.19,-137,29790549
18483813,theplya,6023.09,5810.68,994,29790552
2257060,WhoThatSword,6219.9,5810.27,224,29790550
16696350,GHUM,6310.22,5810.10,-185,29790549
4935188,Firmatorenio,6155.01,5809.57,333,29790550
34023706,SAKAhati8,6142.22,5809.05,345,29790551
19725412,GhostaN_GG,6366.06,5808.38,-391,29790548
31945646,kurikinton1016,5845.13,5807.19,307,29790553
13846359,x1mer,6115.66,5805.91,495,29790551
37390656,No9999,5956.37,5805.89,1020,29790552
2062410,UnagiDon,6188.82,5804.62,439,29790550
37546283,kokakora1024,6058.86,5802.05,-35,29790551
12729608,zhangjunyan,6059.88,5797.91,810,29790551
13229459,35P,6191.89,5797.15,416,29790550
3280315,Eon-,6039.44,5796.46,750,29790551
522188,Naryuga,6021.49,5795.87,975,29790552
2763528,caliburny,6183.77,5795.67,91,29790550
25437324,Net_Linkopt,6071.32,5795.67,294,29790551
1929336,Suikami,5980.16,5795.12,565,29790552
4165726,zion_45,6292.15,5794.29,-155,29790549
7066727,Lemon-OwO,6201.28,5793.77,267,29790550
4674932,vigneApr,6135.98,5793.77,175,29790551
11592579,polemik victor,6117.99,5792.77,445,29790551
14704201,NotEffort,6240.57,5792.64,304,29790550
3384640,Shadowzyx,6096.02,5792.07,728,29790551
6170448,Alichen,6046,5792.06,666,29790551
972568,Kairozen,6340.24,5791.05,-186,29790549
7233032,paprotkaaaa,6332.6,5789.65,-142,29790549
28691610,KIRIKA3963,5993.4,5789.17,730,29790552
37596725,Faderworld,5911.76,5788.58,342,29790553
1480226,ontschl,5886.08,5788.38,1936,29790553
30937318,MajesticWalruss,6058.45,5787.51,946,29790551
20194498,TimaEbobo,6347.41,5786.88,-295,29790549
32632539,Kera_,6159.89,5785.66,-256,29790550
33816692,sumerrrrr,6018.12,5784.31,738,29790552
17955043,ballbuster123,6193.15,5783.68,309,29790550
56200,sagelord,6138.69,5782.88,549,29790551
11917325,Ayaka-chan_24,6180.23,5780.26,32,29790550
38609318,demong,6038.28,5779.08,350,29790551
23577410,HayaFR,6101.37,5778.22,500,29790551
34858625,tuna123123,6223.68,5777.72,121,29790550
11596607,glass window,6004.46,5777.18,656,29790552
8609047,Jitsuzai,6189.2,5776.50,211,29790550
21539436,mido_,6108.53,5775.06,666,29790551
11504289,shunari,6027.27,5774.40,894,29790552
1740992,Awesomez53,5958.01,5774.21,1094,29790552
13083287,Yamada 2,5976.28,5773.97,671,29790552
36101704,Henoxy,6018.5,5772.15,402,29790552
33438370,Suwa Miyabe,6098.03,5772.12,345,29790551
6298898,Shikitashi,6022.08,5770.98,875,29790552
13338071,Ma_Boiii,6139.63,5770.94,576,29790551
9751674,KUU0401,6218.67,5770.61,88,29790550
8632537,unkobomber,6104.86,5769.11,371,29790551
11076351,remu0202,6126.85,5768.60,342,29790551
26455059,UmiTooko,6370.17,5767.40,-516,29790548
5706157,jajatoto,6221.52,5764.54,178,29790550
8097124,Lunare,6260.97,5763.49,-197,29790550
10558948,al4c,6031.77,5763.00,236,29790552
34004832,greenslime,6155.86,5762.84,-57,29790550
3149577,Coreanmaluco,6096.54,5762.19,262,29790551
19111396,Thomaslang,6068.86,5760.65,593,29790551
15228760,Codepilot9,6171.94,5760.53,587,29790550
26523813,to--ko,5999.77,5760.37,353,29790552
7855439,ReGamed,6177.41,5759.39,230,29790550
1790900,f971335,6100.49,5758.53,739,29790551
655925,AzureSky,6040.61,5758.10,621,29790551
7330584,BlitzArk,6131.57,5757.74,295,29790551
16759432,rukusu0227,6105.59,5757.68,208,29790551
25220448,lOlSlUlClLlHl,5934.1,5757.66,660,29790553
17373438,Sulphur1265,6281.78,5757.18,-84,29790549
33157990,lebekun,6028.58,5756.38,333,29790552
39017011,]sudo,5769.4,5755.80,337,29790554
36942425,ochino_san,5902.97,5755.62,453,29790553
37588645,hatabo,5818.91,5755.03,211,29790554
16913546,mill1113,5911.16,5754.44,937,29790553
38472900,Yusawa,5823,5753.67,400,29790554
1730989,kiyoya,6038.56,5752.50,540,29790551
28775171,0w0Demonic,6028.47,5751.85,690,29790552
28436541,0102022012,6085.45,5751.00,551,29790551
2033484,Burai71,6099.25,5750.71,162,29790551
9773097,mairudo_,6097.94,5750.46,-45,29790551
30851540,paul_pau_luo,5734.33,5750.29,538,29790555
2950870,RustyPPsH,6147.13,5749.08,303,29790550
31369424,shivaDao,5885.52,5748.58,649,29790553
18396177,asurastea,6037.57,5748.54,742,29790552
29717458,warapomakito,6224.27,5747.93,310,29790550
8868629,ReFlex_P,6089.12,5746.68,271,29790551
741940,Tenshi,6013.58,5746.55,1049,29790552
14546861,Dirty Doodler,6185.04,5746.50,-29,29790550
15660805,BozukuN,6029.27,5746.32,65,29790552
4270013,kabo_2468,6176.95,5745.40,221,29790550
21774350,Bliggies,6080.37,5744.74,584,29790551
7740853,akotoriya,6101.25,5742.10,448,29790551
722910,ledragon,6110.73,5740.24,221,29790551
25395878,Plastc Crayon,5669.38,5739.36,1248,29790555
12444196,Wisenty,6305.61,5738.92,-361,29790549
16690236,acer113,6251.74,5738.02,-82,29790550
2203240,Voltali,6188.23,5737.74,162,29790550
33802037,briskwalking,6057.75,5735.70,4,29790551
32651740,xorzh,5857.8,5735.14,1010,29790553
16761278,Sagasemat,6006.14,5733.63,898,29790552
34304650,chocochip1250,5924.12,5733.63,946,29790553
9159400,S_S_Syndrome,6114.53,5732.32,337,29790551
37242805,tniopsg33857,5922.17,5732.02,512,29790553
7516567,Jesuren,6006.96,5731.66,1022,29790552
18181183,Ka172628,6175.13,5729.31,100,29790550
18607029,SHEEEEEESH,6151.74,5729.25,-140,29790550
1773605,Kurumi Noah -,6255.19,5728.79,-196,29790550
1206459,suzunami,6033.44,5728.51,871,29790552
15184808,[Blanc],6343.75,5727.98,-481,29790549
13972069,4y]I[Ou_4OPT,6173.06,5727.90,329,29790550
35085341,su--pu,6029.14,5727.84,519,29790552
10579940,shakrs,5968.54,5725.78,591,29790552
13012045,a3215,5810.91,5725.68,1128,29790554
35420938,fanfanpapa,5908.38,5725.48,1147,29790553
9785179,Th30nlyFrisk0,6185.21,5725.32,186,29790550
13206919,twonicorn360,5688.34,5724.63,2161,29790555
14783659,keikun3939,6001.85,5724.44,273,29790552
24287532,gwanwapisu,6239.94,5724.23,-352,29790550
29180812,Renge Fuwa,6294.71,5724.03,-197,29790549
15449211,16 buckaroos,6145.47,5724.03,30,29790550
7895466,gaku0116,5995.93,5723.90,817,29790552
15656848,bobermilk,6239.73,5723.03,127,29790550
7440147,Annin5571,6121.13,5723.00,449,29790551
9281213,call me dodo,6026.48,5722.77,691,29790552
2568960,33linn,6094.79,5720.91,330,29790551
6764101,Greatvictory,5977.25,5720.87,754,29790552
4303325,Dream of Lights,6035.23,5720.84,452,29790552
17309115,Cybedra,6008.72,5719.31,797,29790552
37034068,Yeety15,5874.64,5718.70,740,29790553
7621152,Alamanar,6082.28,5718.66,283,29790551
13280563,o1zow,6046.43,5718.58,303,29790551
2215627,zerth,6073.11,5718.05,788,29790551
24266406,DerTesti,6078.91,5717.36,360,29790551
14217379,Wishtynite,5994.03,5715.17,757,29790552
22551472,TheGoldenTiger,6160.94,5713.76,190,29790550
17290008,nekomiko977,6141.07,5713.42,32,29790551
11686811,Marshall_0711,5892.33,5711.21,1035,29790553
19584334,- theDude -,6110.56,5710.16,345,29790551
7000961,Zouglou1,6026.13,5709.58,608,29790552
5028866,ibacot,6075.38,5708.92,456,29790551
224706,Influcca,6033.11,5707.60,479,29790552
10707580,Neko,5993.23,5707.47,588,29790552
25830417,dvenzelkom,5993.31,5705.91,753,29790552
14625763,shirasu1201,6038.18,5705.79,573,29790551
2956103,Mizxan,5952.85,5705.40,922,29790552
9483210,EdwiP,6160.64,5704.83,9,29790550
24301596,Flurryster,5960.46,5704.51,711,29790552
10792381,GregorePL,5838.47,5704.28,935,29790553
12143747,jijitan,6084.13,5704.02,314,29790551
12556432,ROriver,6181.94,5702.64,161,29790550
9414551,Nori-,6259.47,5702.55,-315,29790550
9140302,uchuuj1n,6133.56,5701.88,233,29790551
825223,Mosako,6095.62,5701.58,542,29790551
7353985,BigBuffBruh,6182.92,5700.47,-146,29790550
1860489,_Shield,5966.95,5700.46,931,29790552
31674611,aruchanwww,6066.3,5700.41,442,29790551
9346502,Santi199,6103.32,5699.75,140,29790551
12116244,ChipsDelayt,6146.94,5698.94,277,29790550
10445786,VuIkan,5721.13,5698.93,1110,29790555
36211947,Ripaoji,5945,5698.54,712,29790552
25384391,qoakzmi,6279.7,5697.88,83,29790549
10184558,deflateddolphin,6044.57,5697.74,315,29790551
10073499,DragonPlasmaYT,5963.72,5697.64,414,29790552
34787071,VeeVevo,5797.55,5696.82,329,29790554
7880480,yukir,6010.51,5696.07,555,29790552
18183270,- Moisi,6105.85,5695.17,56,29790551
11818585,Baguette2Pain,6219.38,5692.58,-260,29790550
3917219,octagonal,5954.15,5692.30,622,29790552
5067972,aimsorry,6057.02,5691.26,264,29790551
19708623,MunyaSuyaSoopy,5935.83,5690.75,297,29790552
4434050,Play121051,6145.16,5689.73,87,29790551
24748919,hibibi_111,5667.35,5689.68,503,29790555
24129476,Sulyya,6026.27,5689.27,530,29790552
9939112,Andydino,6041.56,5688.10,540,29790551
464040,sym,5712.34,5687.30,1278,29790555
33584206,remiss_nova,5996.05,5687.10,441,29790552
16239427,Lynko,6067.86,5686.19,308,29790551
36720056,screamsz,5633.97,5686.03,364,29790556
636114,autofanboy,5873.4,5684.65,1176,29790553
12890081,Ryoon,5725.53,5684.31,94,29790555
1799599,Sadayako,6135.25,5683.73,99,29790551
5662459,mdelta,5939.37,5682.84,1000,29790552
4554058,chetweezy,6106.18,5681.03,143,29790551
23443607,Lime_Cider,5761.57,5680.16,751,29790554
19110846,onjoujiee,5908.8,5679.83,661,29790553
30442367,Kuromasu0066,5933.66,5678.88,464,29790553
7678859,Tony G,6193.33,5678.64,-91,29790550
12623290,shiige,6098.75,5678.50,222,29790551
28972817,JagHeter,6261.11,5678.37,-261,29790550
295855,Dess1210,6047.36,5675.32,470,29790551
30931782,riliys,6095.81,5674.76,21,29790551
7157133,_yosh,5887.99,5672.00,1380,29790553
10248148,VirusAndMaz,6053.92,5671.43,255,29790551
12277436,AnraiYajin,6233.36,5670.51,-399,29790550
9224594,shintarrrrro,5973.52,5669.54,509,29790552
10611637,ronster1703,6057.42,5669.46,603,29790551
1663396,Kuroyuki-Y,6124.06,5666.95,138,29790551
36214620,[R0zen],5834.69,5666.88,1302,29790554
1309242,mulraf,5949.82,5666.10,733,29790552
14917430,s9119453,5889.78,5665.88,195,29790553
36857579,Rykoch_S2,5993.83,5665.78,388,29790552
15226768,SakAge_495,5796.12,5663.50,572,29790554
38569380,Bobsapp,5766.6,5663.12,712,29790554
8512378,s1nkai,6185.4,5663.00,41,29790550
29473094,CavoX5,6079.47,5662.58,518,29790551
4471128,TomNoTatsujin,6121.4,5661.25,68,29790551
31366986,SamBloeng,6208.13,5660.83,-266,29790550
6079435,ChikakuKabin,5991.38,5660.53,228,29790552
39173188,Crepe2Sarrasin,3088.04,5659.13,308,29790595
14971960,mok4suke,5702.2,5658.75,1169,29790555
20603707,Knightcrab,5903.2,5658.58,835,29790553
13360536,Crepady,6009.55,5658.47,251,29790552
30654071,Saltycat178,6036.26,5658.31,415,29790552
26696007,HANABI_RN,5826.42,5657.63,1180,29790554
30809109,Forza_,6098.99,5657.54,-118,29790551
38278638,Cynxrtia,5937.72,5657.09,608,29790552
27924582,muktahara,5895.04,5656.02,953,29790553
14090237,RarisZris,5941.66,5654.17,669,29790552
9981135,mochitanoi,6124.8,5653.06,-24,29790551
13092108,lxlANANASlxl,6014.5,5652.24,639,29790552
8108776,HyU_To,6060.78,5651.93,309,29790551
5432267,Alkantara,5857.73,5651.82,1111,29790553
6524765,Chatie,6010.13,5651.35,350,29790552
1125647,Sakurai Miyo,6072.92,5649.68,322,29790551
34606404,Kumagawaaaa,5927.31,5649.46,469,29790553
3008366,Konmakan,6015.68,5647.13,294,29790552
6078271,pkdcar,5944.92,5647.10,155,29790552
34169402,Koseki Bijou,5601.98,5645.55,2448,29790556
14590071,layarii-,6094.34,5644.89,-207,29790551
35846755,orehaore_old,5855.04,5644.65,439,29790553
11536406,ljaeyoon8664,5978.86,5644.54,375,29790552
3948444,enakon,6011.56,5643.63,362,29790552
15220386,marek12306,6097.05,5642.78,55,29790551
1711749,Miyucheese,5966.39,5642.01,832,29790552
36448582,coveL,5839.23,5640.48,709,29790553
1612475,koon2887,6030.46,5639.59,259,29790552
8998841,qqxiaopan,5965.55,5638.72,515,29790552
33119559,Haruumi,5958.49,5638.22,346,29790552
21242012,zhukongOvQ,5927.97,5638.04,501,29790553
562468,Defaultable,6101.56,5637.84,87,29790551
7502434,Mozzarella,5831.2,5637.41,892,29790554
20603165,nekowafu,5937.35,5637.35,686,29790552
32834674,cepter,6022.99,5636.98,129,29790552
20210612,takuzya,5539.14,5636.83,623,29790557
10069441,mgmgtoshio,5932.85,5634.26,463,29790553
3479995,Caliburne,5787.5,5633.72,279,29790554
29479062,BssIris,5795.35,5633.46,347,29790554
25322716,TripleAAA,6059.38,5632.91,359,29790551
16268100,ookamititan,5876.59,5631.90,791,29790553
33788874,metaRRRSH,5615.11,5631.70,651,29790556
10379870,ankle-kp,6089.69,5631.37,89,29790551
6515511,Jackaren22,6020.1,5631.11,390,29790552
11851406,moca,5717.9,5630.90,689,29790555
5149897,HitugiRin,6000.71,5630.75,372,29790552
35996709,KAEDE-13,5651.76,5630.26,569,29790555
467487,Love,5842.17,5630.11,836,29790553
30668698,CosmicPlayer32,5639.04,5629.99,913,29790556
10776260,TTHPanda,6051.91,5628.98,88,29790551
16284978,GooxManr1,5914.67,5628.22,881,29790553
4455632,gecho,6080.99,5627.66,131,29790551
1570277,Shelso,6046.55,5626.72,248,29790551
34690114,hiyokkoegg09,5889.43,5626.26,558,29790553
11590209,Fake ID Vendor,6152.83,5625.93,-183,29790550
4366403,Imacow46,5985.27,5625.26,368,29790552
9306627,MatvEvolution,6062,5625.13,344,29790551
31931881,Im Bocchi,5833.97,5624.22,567,29790554
15303868,yomogigigi,5762.36,5621.80,691,29790554
9890390,CringeOfficial,6025.6,5619.60,312,29790552
8231340,BigBaddyBryant,5926.36,5619.02,516,29790553
31271735,nanahira_hd,5613.15,5618.94,977,29790556
7934369,DnVelo,5693.52,5618.85,616,29790555
1740207,Nuiko,5961.75,5618.14,298,29790552
2070589,Velociraptori,5892.82,5617.65,533,29790553
12621589,Sikilia,5904.35,5616.84,441,29790553
16626593,Bochy,5703.49,5616.75,410,29790555
24543173,397 Natsu,5990.99,5615.63,262,29790552
11940767,Carlosflow,5758.36,5613.96,1432,29790554
11730796,IDan24,5861.09,5613.50,768,29790553
20932364,whatever,5852.81,5612.07,868,29790553
34752292,TvT2k9,6039.71,5611.95,220,29790551
14744799,wonderleif,5931.57,5610.84,549,29790553
29394703,Ilikegoodtrees,5810.12,5610.57,324,29790554
12446099,Bananamagic77,5859.91,5609.53,933,29790553
8400453,e3treyark,6039.11,5609.09,280,29790551
32146195,Helena Ekard,6177.21,5609.03,-41,29790550
16692133,Vxrikuu,6051.02,5609.03,254,29790551
21592779,paiqon,6142.06,5608.91,-355,29790551
7149244,-scy-,5863.82,5608.80,741,29790553
38988943,L-i-n-d-a,5614.63,5608.64,441,29790556
8144913,Cinnabuunn,5890.57,5608.12,693,29790553
16513120,Epic_Emilio,6089.92,5607.73,220,29790551
35764332,salamanEL,6060.1,5606.62,55,29790551
16390988,AciTelor,5876.15,5604.49,941,29790553
17049544,MuzukaC-na,5959,5602.98,333,29790552
33025185,ljh1795,5863.4,5601.98,565,29790553
2535456,batwoman3,5665.94,5601.77,780,29790555
34256479,Yakari_zzz,5960.67,5600.32,85,29790552
10291314,LamaBaka,5870.87,5597.26,746,29790553
3384733,yamin_25,5988.53,5596.83,245,29790552
23953902,Raker,5823.6,5596.41,354,29790554
2704438,musukasanpw,5617.41,5595.93,967,29790556
16064026,MCR,5879.39,5595.82,791,29790553
10834852,BAUtterNoh,5969.18,5595.20,524,29790552
1218502,wusi,5984.09,5593.27,325,29790552
30829128,sqzume,5977.07,5591.96,195,29790552
10030328,Parsee,5896.61,5590.33,354,29790553
216072,Onion,5880.25,5590.12,532,29790553
7029690,shihkenneth,6103.43,5588.83,-102,29790551
20698467,cocotm,5978.71,5588.60,592,29790552
16084878,haha i rolypoly,5900.7,5588.33,552,29790553
3270264,JTargo,5940.03,5588.03,688,29790552
3683387,Lunaii,5944.49,5585.35,494,29790552
9016251,UghThatGuyAgain,5906.65,5583.98,859,29790553
8065880,namethinger1234,6096.39,5583.89,135,29790551
10938570,Hikarei,5804.46,5583.11,1333,29790554
37790714,Iwaste,6011.26,5582.61,-85,29790552
10948259,croce_latte,6024.04,5582.43,319,29790552
5730389,Mot He yo,5833.16,5581.89,643,29790554
17871650,avaritia45,5788.99,5581.16,903,29790554
22482896,Noyyii,6084.71,5580.48,-16,29790551
19790915,Lusi0907,5930.67,5580.42,217,29790553
22338003,ScarletSugar,6029.38,5580.24,369,29790552
8788058,Jakson,5800.68,5580.07,874,29790554
17607871,BWsakura,5789.93,5580.06,485,29790554
14036825,MTNTWarz,5944.78,5579.77,475,29790552
22524142,davipetre,5896.88,5578.92,701,29790553
33443797,ADHDGirl,6045.18,5578.89,134,29790551
17716450,Ailurus Fulgens,5533.38,5578.60,1026,29790557
19172000,MusicGamePlayer,6009.23,5576.94,291,29790552
30831802,iwasan,5849,5576.34,517,29790553
371772,JanteSmith,5893.47,5575.25,356,29790553
5489311,NotToBlame,5916.64,5574.75,248,29790553
16807933,Nyahnny,5816.45,5573.89,969,29790554
28250867,soubot,5577,5571.63,1182,29790556
4521529,Gekim,5904.68,5570.82,545,29790553
10515166,kurumilove,5844.32,5567.16,912,29790553
355776,madorama,5779.31,5565.95,874,29790554
34796126,Duffy1096,5911.27,5563.80,355,29790553
8016274,lautaritoogames,5973.87,5563.38,788,29790552
32031411,ruin3141,5741.06,5563.09,302,29790554
2874208,rolf0504,6056.57,5560.22,-57,29790551
13831845,J1may,5976.41,5559.25,173,29790552
8949504,bag103,5891.82,5558.14,487,29790553
38829372,yomogi0510,5818.21,5557.95,-165,29790554
13529634,FabyOsu2018,5806.29,5557.64,258,29790554
16630962,A m y,6031.67,5556.93,26,29790552
29341570,c_alam1ty,5821.84,5556.77,258,29790554
6101352,ransyamaaa96818,5973.22,5556.07,139,29790552
13317396,Xmirus,5828.17,5554.90,396,29790554
26679840,yun1kiti,5702.5,5554.69,674,29790555
28413213,iemon_1919,5557.68,5554.51,559,29790556
35803393,UFO-CO,5566,5553.42,230,29790556
37395911,syumigalia,5896.25,5553.37,224,29790553
2439425,azs584044,5983.45,5553.03,172,29790552
32254842,runnpappaDX,5705.71,5552.95,183,29790555
13894938,- Lenkon,5969.34,5551.91,436,29790552
15420559,GiuJersu,5932.79,5550.78,632,29790553
2678812,Amanda,5895.78,5550.68,314,29790553
4584973,Akariin,5869.28,5550.30,567,29790553
1604737,raikam4a1,5926.7,5549.69,287,29790553
12105962,sorani1224,5811,5549.24,633,29790554
9675952,5fingersloth,5888.41,5547.95,197,29790553
12891742,rinchan0915,5858.2,5547.73,375,29790553
7256377,TaoTao,5677.86,5547.17,645,29790555
18016359,Ruumia,5932.6,5546.66,433,29790553
2295850,Lefafel,5952,5546.24,21,29790552
10801698,Pyrofermot,5988.3,5545.38,204,29790552
12536365,ta3,5794.27,5544.76,355,29790554
4916943,nomusan8810,5733.79,5544.76,894,29790555
4327130,Golterboose,6074.64,5543.88,5,29790551
16202000,wakatsuki,5872.79,5543.79,610,29790553
4711078,frogrocks,6081.46,5543.52,90,29790551
8452555,Aqva,5875.99,5542.56,495,29790553
1093006,yurippelove,5747.69,5542.49,985,29790554
25517912,SeagullBob,6000.48,5542.21,18,29790552
9199901,BR00KLYN,5847.66,5541.25,621,29790553
10742890,snowflake-,5888.68,5540.85,534,29790553
21255893,Pas Cool,5715.31,5540.09,984,29790555
15409012,KC_Chun,5732.64,5538.30,1153,29790555
8372698,fruit8067,6017.02,5536.65,65,29790552
4236855,BPChingu,5821.91,5535.95,553,29790554
25358813,ThavMin,5908.03,5535.77,515,29790553
10950638,TTL,6063.58,5534.21,52,29790551
5199710,Spearmint,5775.47,5534.21,757,29790554
6250135,Viewland,5697.17,5534.12,1288,29790555
5903981,Zepicone,6042.81,5534.09,-117,29790551
2904140,Jason X,6002.27,5533.77,143,29790552
3820377,sorrowxt,6003.46,5531.83,69,29790552
654296,Bitcoin,5864.26,5531.67,468,29790553
13686468,Dr Skill Issue,5911.63,5530.56,520,29790553
19905431,A1SU,5898.88,5528.54,399,29790553
14987094,Yujki,5884.39,5527.55,613,29790553
16208424,denpanohito,5669.23,5527.54,156,29790555
16359915,QBaraki,6013.18,5527.19,1,29790552
37031501,snowsan,5770.1,5527.17,547,29790554
1581776,Eoset,5745.68,5526.79,1015,29790554
7198327,girlystep,5946.32,5526.75,78,29790552
1701382,614Louise614,5964.41,5526.36,145,29790552
3833870,nava_old,5659.12,5525.16,608,29790555
34370316,suiminsan,5718.84,5525.02,559,29790555
12984527,____1____,5688.7,5524.35,916,29790555
40047561,activate,5629.54,5520.88,683,29790556
1167251,lianna,5712.78,5520.58,899,29790555
9220686,ppsspp123,5979.44,5520.51,214,29790552
39561468,vvrart,5681.71,5519.59,1201,29790555
39535554,Layler0006,5586.48,5519.32,153,29790556
35322886,BenderTTR,5988.82,5518.95,143,29790552
16427952,zeroiidx,5965.18,5517.99,43,29790552
20386441,ZEKYZEE,5683.45,5517.32,503,29790555
34152479,Yasashisa,5933.87,5517.02,255,29790553
19584481,[verty],6079.62,5516.81,-10,29790551
14119281,JB warrior,5918.01,5516.75,307,29790553
17323214,PengwinLover,5919.2,5516.38,443,29790553
37029201,AngryFace-_-,5689.12,5516.14,561,29790555
4591767,PunchNello,5899.08,5516.13,421,29790553
33927643,3Iq_ryumiso,6055.62,5515.84,-422,29790551
13701453,glowglow101,5987.21,5514.22,153,29790552
8805251,doroneko01,5888.07,5513.85,603,29790553
15653095,Meowshiii,5728.51,5513.75,619,29790555
6035768,GORDAO DO RODO,5740.07,5513.21,895,29790554
35279201,1uckysee,5890.65,5512.29,244,29790553
36781301,Nikomi2007,5824.2,5510.90,334,29790554
15951461,MaZe LaZeR,6032.93,5510.43,-173,29790552
8424404,HernanJnx,6019.15,5510.35,-39,29790552
18733683,Mr C B,5657.15,5509.96,1,29790555
32470546,shunshundesoo,5774.59,5509.52,494,29790554
24174721,nueeee1496,5591.18,5508.42,869,29790556
12081894,Jumala,5999.84,5508.18,-114,29790552
411463,yukiyarenko,5707.6,5508.10,1259,29790555
11739464,Fraest,5824.77,5506.07,620,29790554
39413356,Elziarr,5685.28,5506.01,867,29790555
8386898,Mixty6,5907.95,5505.92,506,29790553
13039565,kaishimii,5902.85,5505.12,440,29790553
35005394,SHANACU,5883.83,5504.64,189,29790553
11083180,BaNNBoo,5740.89,5503.93,529,29790554
2408108,kurimu57,5915.63,5503.48,118,29790553
9295941,Javimega23,5901.59,5502.79,256,29790553
33193688,A101QQ,5818.31,5502.28,458,29790554
2195449,D_Addy,5840.93,5502.12,385,29790553
17023454,Plexo,5881.78,5500.33,530,29790553
501055,I N Y A Z U M A,5782.78,5500.08,479,29790554
8195473,cyo,5634.26,5498.88,886,29790556
3230781,DJao,5950.22,5498.66,250,29790552
33049310,Floor-senpai,5878.93,5498.05,434,29790553
33565719,KebabONIICHAN,5750.98,5497.39,950,29790554
13171189,yUzEN_,5605.8,5496.41,1191,29790556
39504291,hitete,5257.18,5496.35,527,29790560
14329375,HydriZ,5581.5,5496.15,-289,29790556
30557569,Fumetsu009,5575.59,5495.66,814,29790556
4297805,Edogawa Conan,5807.38,5495.10,546,29790554
23986655,ritania,5738.34,5492.70,670,29790554
3139509,siratama,5875.18,5491.88,274,29790553
13257683,oishiiiwashi,5841.7,5491.05,739,29790553
13781163,Spurry,5934.64,5491.01,371,29790552
7518544,Crashedgaming,5647.89,5490.44,1033,29790555
39288845,HiImNewg,5785.56,5489.46,349,29790554
29530520,haseti8001,5664.54,5489.33,274,29790555
37321315,darkflame123,5843.06,5489.06,301,29790553
2845958,Skylish,5939.54,5487.87,60,29790552
7966003,Lily,5585.29,5487.76,606,29790556
32944024,m4ndeokyi,5820.39,5487.50,744,29790554
18642595,kira777,5901.41,5486.53,218,29790553
37261314,gekkou3090,5642.4,5485.48,463,29790555
2424584,Neatling,5931.03,5484.59,172,29790553
1385494,karama325,5635.46,5480.24,274,29790556
599367,ddyamazaki,5781.09,5479.33,572,29790554
15160514,lattesyrup,5807.14,5478.75,670,29790554
4223010,-azer-,5711.03,5478.38,984,29790555
5481817,kclee2172,5889.29,5476.77,212,29790553
6557199,Crumi,5868.89,5476.13,309,29790553
32603559,c i n n a m 0 n,5385.82,5473.78,864,29790558
917392,[Baobio],5936.56,5473.18,191,29790552
37437326,Dranoel02,5887.79,5472.80,-53,29790553
16900080,ganen,5696.62,5472.75,606,29790555
2724720,Karandashik,5943.68,5471.84,-96,29790552
11442899,Hgiang,5927.61,5471.58,125,29790553
12159681,KriO-O,5770.98,5471.48,830,29790554
14246489,StarPlatinum10,5838.65,5469.98,339,29790553
13002141,Alp,5679.29,5468.93,996,29790555
14616688,CDollaSign,5673.29,5468.35,984,29790555
2788409,rock0315,5990.34,5467.59,-24,29790552
12981268,Demonixal,5966.78,5465.57,66,29790552
10615681,Trag1k,5843.75,5464.79,606,29790553
17414508,Tomon,5417.29,5462.79,610,29790558
30493039,E5PR,5694.61,5462.07,504,29790555
7682181,SentiFlare,5844,5460.28,607,29790553
32061976,NoMyDarknesss,5806.87,5459.88,150,29790554
14579257,diviza,5562.52,5459.43,472,29790556
20025584,donby,5947.11,5458.14,-250,29790552
24490429,aqueous,5762.66,5457.26,819,29790554
16824009,pho21_3,5575.53,5456.99,870,29790556
32042662,yutter,5441.53,5456.43,629,29790558
4397151,SpiderCows,5839.36,5454.88,194,29790553
7425861,ramitas1000,5929.77,5454.28,12,29790553
17397533,Timofey2006,5781.91,5453.99,528,29790554
1219848,jyagarikonn1232,5784.7,5453.72,646,29790554
2398341,shaofoong,5793.03,5452.74,568,29790554
610462,BinGOSU3,5541.26,5451.52,1598,29790557
16631623,Spectrier,5890.49,5450.88,-162,29790553
5870453,waywern2012,5752.72,5450.19,694,29790554
28384512,Lee Chaolan,5782.11,5449.20,508,29790554
33688518,kenekene,5753.33,5449.14,454,29790554
14878199,Fyll-nds,5660.25,5448.18,771,29790555
31803228,pato14123,5807.95,5447.58,241,29790554
10584064,TheOliverBoy,5722.96,5445.15,635,29790555
13104856,1Nuttelinha1,5749.96,5443.86,528,29790554
32756408,-Shirokuma,5873.95,5443.10,170,29790553
15868630,Rank Mask,5844.88,5442.80,98,29790553
25181427,saltani408,5805.39,5442.18,166,29790554
16287971,MelonMarblePop,5803.35,5441.39,484,29790554
32080091,Valenciya,5801.81,5441.28,425,29790554
7348080,a33248264,5791.26,5441.09,530,29790554
9351030,Haryume,5920.77,5440.53,-93,29790553
5975021,Kazusa Touma,5639.38,5440.28,1254,29790556
4025883,Doep,5858.67,5438.56,177,29790553
9486777,suya,5630.15,5438.46,1055,29790556
35172840,GhostDragon,5658.41,5435.87,181,29790555
11464104,malvin166,5816.8,5435.85,696,29790554
7515767,Half,5779.7,5435.04,324,29790554
6389252,InsaneToe,5855.29,5434.91,131,29790553
13083105,littlechung,5624.55,5434.57,1240,29790556
2338482,iMOz_ON,5853.43,5434.54,371,29790553
15632726,Determy_,5784.88,5434.46,383,29790554
7240849,-dreamy witch-,5651.56,5433.47,875,29790555
7903208,kureitiro,5729.62,5432.74,404,29790555
16197406,XxOrbitxX,5835.01,5432.30,-76,29790554
21787542,uGatuOwO,5661.55,5432.13,943,29790555
11123381,vlazer,5726.14,5431.88,728,29790555
9780417,Ethereal_Winter,5827.32,5431.59,684,29790554
2920833,Girifan,5898.77,5431.35,57,29790553
20017785,iidaba,5508.19,5431.10,440,29790557
9048451,XxTheJKxX,5753.39,5430.66,641,29790554
10676922,AhYoOuO,5817.57,5429.80,371,29790554
16119061,Adachi Rei-,5701.12,5429.29,648,29790555
27613947,Kinpo,5810.45,5429.20,384,29790554
9984965,sa-baru,5731.93,5428.38,665,29790555
5384174,Hikari Yoru,5576.64,5428.22,1214,29790556
33201109,Liol,5708.94,5428.18,482,29790555
30902555,hiyosan0,5428.04,5427.45,316,29790558
18121419,lyvet,5779.06,5427.26,371,29790554
31367182,erlix__,5693.74,5426.67,965,29790555
15128337,Hakurei Miko,5771.85,5424.85,369,29790554
35726733,yuta65422,5672.12,5423.52,302,29790555
10495303,RisingZk,5835.78,5423.34,265,29790554
13605150,kylethe,5981.82,5420.72,-248,29790552
10191914,Dasssho,5601.33,5420.49,885,29790556
10868788,Noa Himesaka,5865.92,5420.09,66,29790553
9596955,Kanoina,5855.81,5419.78,125,29790553
34397465,rimaruro,5731.77,5419.06,368,29790555
16536564,yz77721,5804.16,5418.14,49,29790554
17324268,Ayataka03,5538.46,5417.68,382,29790557
6792545,Lynn-Rin,5904.01,5417.41,111,29790553
4905827,ma14e,5498.13,5417.06,931,29790557
14354581,ryIe,5586.71,5416.54,239,29790556
1958559,poundazaza,5806.8,5415.89,347,29790554
33132649,deepfriednuts,5764.43,5415.72,-153,29790554
16532555,DeityMatto,5763.41,5414.99,443,29790554
6800254,-Myouren-,5664.23,5411.86,864,29790555
9261187,Rhythmgatr,5536.89,5411.35,1283,29790557
5983285,KafuuChinoSaiko,5772.07,5410.92,206,29790554
14317141,pmbdude,5866.04,5409.58,100,29790553
9487492,xXAugoEidEsXx,5773.03,5409.29,391,29790554
20722981,towawara,5537.8,5407.19,361,29790557
8165672,L4mBert,5885,5406.73,-13,29790553
5535141,KoopstaKnicca,5707.39,5406.63,916,29790555
7514582,Karee Pan,5752.91,5405.94,214,29790554
36425219,Aikoluv,5724.61,5404.50,-20,29790555
11421908,syumaitaro,5800.35,5404.45,400,29790554
11752344,donky12383,5700.74,5404.14,467,29790555
34305611,alice_3589,5564.61,5402.40,593,29790556
9521171,Pochi Korone,5512.84,5401.69,905,29790557
8316352,Zedther,5851.1,5400.17,16,29790553
4839676,Pollo7ex,5748.61,5399.15,465,29790554
7127019,sczer,5855.1,5397.03,28,29790553
8509135,frownie,5870.04,5395.43,-30,29790553
13303818,TwitchDarkReika,5834.28,5395.18,251,29790554
14380867,SspoksS,5915.21,5394.71,-164,29790553
37973964,pirozhiki,5792.57,5393.93,28,29790554
13238024,Krakenlord,5668.97,5393.89,942,29790555
33573575,ke1ph,5663.16,5392.77,333,29790555
37493684,N_Samesame,5599.98,5391.86,785,29790556
643219,DCSF_Royal,5757.24,5391.72,709,29790554
3339073,- kouyuu -,5869.16,5390.70,42,29790553
7892510,sekirio,5465.74,5389.69,917,29790558
36136581,ajitaros,5503.27,5388.94,290,29790557
2203129,zonbimusume,5725.94,5387.25,343,29790555
26508944,vowels12,5798.34,5382.75,193,29790554
16925804,Okariemu,5731.48,5380.34,407,29790555
38155666,otyatya,5492.5,5380.09,243,29790557
30870258,Anthony2308,5542.56,5379.30,541,29790557
12236584,sampai_,5811.51,5378.94,304,29790554
9338968,peomarder,5637.03,5378.31,514,29790556
31321118,MqnuK,5517.29,5378.09,736,29790557
2633660,YukoNue,5747.27,5377.38,248,29790554
6524645,oSylao,5646.28,5376.57,289,29790555
2368744,LeaPhant,5745.98,5376.17,429,29790554
18676817,CallMeNanami,5817.41,5375.58,147,29790554
1605476,a13598761,5876.77,5375.23,3,29790553
8694649,DrumManager,5707.23,5375.16,553,29790555
28835458,yukiamaru02,5589.92,5373.82,547,29790556
6736899,chocobar_char,5671.5,5372.61,717,29790555
34942381,DedenneMaster,5926.58,5370.35,-420,29790553
18058836,hagumi893,5517.95,5370.30,352,29790557
17551356,ALC Zumo,5789.13,5368.56,115,29790554
17484475,ra-,5566.96,5368.51,399,29790556
30638686,chucat,5652.47,5367.77,423,29790555
19683491,Osu_RTW,5803.05,5366.92,67,29790554
35782176,aikodaa,5679.6,5366.38,334,29790555
11354436,Utiba,5726.36,5366.15,458,29790555
15872038,awesom cool guy,5808.29,5365.05,305,29790554
31229628,RB16B,5734.96,5364.18,412,29790555
4598907,Gamorou,5836.05,5362.62,67,29790554
26283803,yyuyuyuyuyu75,5473.52,5362.62,876,29790557
2582725,-Miruru-,5786.56,5362.54,291,29790554
8626419,nekomikann,5465.09,5362.02,968,29790558
35347823,Plusko_,5460.18,5361.95,535,29790558
32543620,Yu2e,5366.45,5361.85,487,29790559
22112583,diamondspark970,5693.16,5361.10,478,29790555
413294,yuto0819,5836.89,5360.67,106,29790554
33320317,yaire826,5420.98,5360.42,581,29790558
8049073,Flamun,5813.28,5359.95,89,29790554
1331537,gyukisan,5746.49,5359.34,464,29790554
22400269,FlyingMoose,5665.37,5358.75,838,29790555
11902236,YTponzu,5652.7,5358.38,711,29790555
23996416,sqoop,5893.83,5357.59,-135,29790553
4818604,Oscyy,5795.04,5357.41,241,29790554
19821066,zR4z,5688.03,5357.19,290,29790555
22963094,zukizukita,5736.27,5355.45,309,29790554
3878832,nika mika,5708.6,5354.44,252,29790555
12790513,-MinimalisT-,5778.05,5353.77,141,29790554
25036884,less than three,5656.56,5353.43,514,29790555
14146983,Sonja1006,5616.14,5352.40,400,29790556
25052301,enzui,5461.06,5349.84,1100,29790558
14191889,Yuchan98765,5780.24,5348.17,160,29790554
10502121,cake222666,5720.13,5346.99,633,29790555
3561508,synNOcnego,5797.47,5346.98,188,29790554
3536706,SveaRinkey,5688.18,5346.85,439,29790555
11700843,ZiBoT-,5625.89,5345.86,368,29790556
39240554,CreamLR,5566.67,5345.79,260,29790556
8390625,Worldwide,5840.85,5345.29,-42,29790553
17075859,NoMod,5625.46,5345.28,675,29790556
6116595,xman2807,5448.68,5344.40,1261,29790558
11602678,y_ri7610,5639.93,5344.22,392,29790556
37876019,unazyu,5628.81,5342.28,139,29790556
6087141,sheen02,5566.88,5341.76,995,29790556
29851302,Mqnm_i,5413.2,5341.46,611,29790558
37855449,Xagunoir2,5654.76,5341.17,501,29790555
13125394,jrdj19,5756.94,5340.60,166,29790554
16902373,anzyak,5442.89,5340.56,695,29790558
36467252,momoipp2,5559.36,5340.25,627,29790556
18284157,pcjoshua,5735.95,5339.39,222,29790555
37314992,fungc59,5372.75,5339.11,-85,29790559
8044135,JUSTANAP,5626.96,5337.03,845,29790556
3442319,Etsu,5624.66,5336.66,977,29790556
6352018,Tittala,5513.64,5335.05,1024,29790557
4818355,Krtek-Chan,5702.76,5334.73,510,29790555
17585908,LuiselprraYT,5820.33,5331.12,124,29790554
12432630,jojobooks,5697.76,5330.91,421,29790555
17799436,Creamen774,5583.81,5330.66,751,29790556
3934509,Hexeract,5894.7,5330.48,-466,29790553
28829646,12aaz,5273.14,5329.67,196,29790560
4549,Sasuun,5771.16,5329.40,30,29790554
1019305,Boku no Polaris,5538.83,5327.57,1142,29790557
957602,Darkwizard96,5780.42,5326.48,-21,29790554
3917138,Slofin,5673.74,5326.11,397,29790555
39600536,Koutun,4067.18,5325.94,399,29790577
28833389,hitterclicker,5560.56,5325.76,1089,29790556
18319269,Hatsuratsu,5570.23,5325.13,875,29790556
3604503,tigestick,5684.68,5324.41,321,29790555
23948198,hszr,5501.89,5322.96,229,29790557
1576095,Sinaeb,5639.31,5322.81,680,29790556
33441568,meto01,5499.25,5322.72,338,29790557
29723359,Me1chan,5361.17,5322.49,138,29790559
3095685,wohooooooo,5811.42,5321.46,-94,29790554
36030069,c0mma,5807.32,5321.23,-108,29790554
9834802,444s15R,5630.67,5321.15,520,29790556
30031810,D_emi,5804.59,5319.16,55,29790554
7764620,Denver,5747.01,5318.84,225,29790554
10145693,MaruBeat,5429.81,5318.65,366,29790558
4530476,PApeRBAKA_,5832.77,5316.03,-75,29790554
11992196,PatheticPerson,5617.52,5315.60,602,29790556
12863098,Veeti,5535.01,5314.61,1095,29790557
1080193,D_Sido,5663.81,5314.06,352,29790555
15265921,HappyDanny,5700.8,5313.07,448,29790555
9235738,tatsu5558,5819.71,5311.87,220,29790554
5631469,Ahoking,5727.16,5311.69,128,29790555
7973198,RivEltA,5498.44,5311.31,12,29790557
10976585,froggy chair,5638.4,5311.07,383,29790556
16988264,sanbadayo,5437.82,5310.07,31,29790558
10233705,-Zeraora-,5610.87,5310.00,283,29790556
12941916,Uzawa Reisa,5730.81,5309.48,384,29790555
16163260,Emtiness_,5603.55,5309.46,1137,29790556
35793369,-MyDearMoments-,5529.73,5308.37,1093,29790557
14505876,damiibeam,5803.6,5308.26,137,29790554
9731062,SilverWolf,5532.16,5308.14,1275,29790557
33552001,sasarya,5636.17,5307.91,444,29790556
6387858,Magical girl,5142.28,5306.72,1651,29790561
11694604,SarahIsWeird,5720.85,5305.74,398,29790555
4994598,Oolt cloud,5756.56,5305.62,198,29790554
18695122,daigorou714,5358.95,5305.24,523,29790559
11172125,Summer Corrin,5749.67,5305.10,193,29790554
13602761,- HatsuneMiku -,5575.88,5304.59,605,29790556
15743125,LN-nirumaaaaaaa,5531.34,5304.14,371,29790557
555543,pearlchendavis,5682.7,5302.75,369,29790555
40137354,EE E,5234.06,5302.66,363,29790560
37248579,kakerusama69_2,5594.91,5302.44,427,29790556
13243077,nazaza,5476.36,5302.15,702,29790557
692610,Pizzicato,5625.62,5302.07,596,29790556
9122742,JPN,5673.18,5300.59,339,29790555
598553,huiko12,5556.03,5298.81,786,29790556
3033531,Purplehoboes,5712.46,5298.79,179,29790555
5158601,Skarf,5657.79,5298.72,245,29790555
11354650,25911517,5741.17,5298.68,231,29790554
7365230,Master Fennik,5653.71,5298.01,657,29790555
28976265,twitch_roro,5720.37,5296.34,6,29790555
13955583,PadThai Kun,5600.87,5295.06,586,29790556
9185822,Photon Phoenix,5714.33,5294.99,327,29790555
19215263,hikari1242,5502.66,5294.99,837,29790557
13382147,[-Leon-],5560.29,5293.65,911,29790556
27559038,Th0masHDplayer,5478.79,5292.49,73,29790557
35381623,kamippoina,5433.07,5291.81,1302,29790558
2525951,splashos,5618.99,5291.32,436,29790556
29197325,john306,5767.74,5291.23,216,29790554
1719864,Malzii,5606.29,5291.21,723,29790556
32289669,LFG_Shizukuchan,5516.01,5291.20,1680,29790557
23627917,Munger,5767.94,5286.36,24,29790554
6909673,[- Demon -],5684.22,5286.22,355,29790555
16916981,weily_old_1,5415.11,5285.14,842,29790558
7858197,witch816,5600.29,5283.94,427,29790556
29387885,kuchkaspistolet,5400.14,5283.66,498,29790558
39406335,fd2,5483.09,5283.16,579,29790557
3357640,ElectroYan,5724.76,5283.14,71,29790555
17058859,CSquared Films,5539.92,5281.73,674,29790557
8496853,Sju,5638.92,5281.57,327,29790556
3063674,nagiri0821,5594.02,5281.41,508,29790556
2353319,XxLeonardoxX,5686.77,5280.87,438,29790555
2789090,duck_duck,5562.2,5280.72,635,29790556
10574996,Mircip,5792.86,5280.57,-165,29790554
22814249,100SUNNY,5711.49,5280.02,164,29790555
8411609,Sloth_TL,5549.61,5279.50,587,29790557
4113014,santa221,5439.06,5279.39,382,29790558
10352284,GomiGumii,5586.23,5278.47,736,29790556
3643581,madafakapish,5660.43,5278.21,178,29790555
25136118,Ringavuri,5525.7,5277.06,542,29790557
12656796,KingQbert,5718.97,5276.88,225,29790555
780910,-Rain-,5638.1,5276.63,688,29790556
18429972,Zarumu,5584.92,5276.32,566,29790556
9965069,Reed_405,5687.66,5275.85,504,29790555
23318599,tenzyu,5766.1,5274.66,-197,29790554
301969,YakumoRan,5610.94,5274.45,429,29790556
6447713,samiko_dayo,5681.48,5273.77,322,29790555
6155502,gyghiu7,5468.2,5273.54,644,29790557
10458575,D I V I N I T Y,5659.57,5272.34,295,29790555
15278885,pingpiing,5398.84,5271.67,864,29790558
9853595,Albionthegreat,5536.78,5270.46,639,29790557
11668476,knoe,5864.69,5269.59,12,29790553
17730163,gaybriel4,5603.11,5268.29,502,29790556
13203254,NukoKamui,5587.07,5266.22,737,29790556
21634728,rottel22,5481.1,5265.45,780,29790557
4868734,egfgs007,5651.09,5265.36,274,29790555
6226745,strickluke,5594.3,5265.24,678,29790556
35766361,TERmant,5760.72,5264.28,-170,29790554
2127413,E R N E S T O,5706.66,5262.76,179,29790555
189617,aiyulu,5308.69,5262.63,1234,29790559
16580744,MegaGamer22,5401.2,5261.82,1218,29790558
10487020,Fractured,5520.98,5261.75,787,29790557
10094181,PikChuPC,5679.74,5260.84,227,29790555
20538885,Wowland,5403.5,5260.18,1003,29790558
33168052,bonbi72,3439.11,5259.83,129,29790587
34203543,kdkmmf_old,5787.23,5259.75,-308,29790554
29152268,taaanaaakaaaaaa,5529.39,5259.35,90,29790557
14549651,BMB,5690.8,5259.02,139,29790555
5159715,[-E S I A-],5615.27,5258.85,519,29790556
4734947,neymar95you,5393.28,5258.83,1226,29790558
1865637,Vaticser,5523.31,5258.78,448,29790557
8685250,Nupi,5641.09,5257.97,379,29790556
11491034,Menbou,5726.48,5257.62,111,29790555
2382751,ke-to,5549.12,5256.43,439,29790557
10245691,hoanghailong,5717.79,5256.38,455,29790555
32753697,aimnoob_zz,5536.59,5256.29,191,29790557
26319097,thekrustykat,5656.24,5256.16,72,29790555
15822600,Awsomefrog10,5617.64,5254.30,420,29790556
11197096,Naheeno,5494.6,5253.31,1017,29790557
10368967,fraude sur osu,5736.2,5253.05,-223,29790555
10363566,XueJun,5629.89,5252.96,324,29790556
3538602,slientshot,5507.58,5252.90,380,29790557
38307144,isenit,5508.85,5252.08,550,29790557
1307553,Aka,5565.66,5251.55,502,29790556
15415,kvnyaoi,5559.97,5251.32,839,29790556
38647642,ImOsuingIt,5524.73,5249.78,604,29790557
16073839,saison,5284.28,5249.55,835,29790560
4576458,LinoAngelous,5420.34,5249.52,1068,29790558
17487255,-Pickle-,5653.57,5247.67,282,29790555
172957,Light667,5575.95,5247.18,732,29790556
17442279,Morcooooooo,5666.08,5246.38,384,29790555
16827919,ditchy,5687.59,5245.89,221,29790555
12162369,EmberPinball,5755.1,5245.38,364,29790554
38244488,My Angel Seraph,5743.07,5244.75,-101,29790554
2176412,osu is so good,5727.76,5243.67,-57,29790555
3271775,hiyokonomai,5414.59,5243.31,736,29790558
2965980,xAidan,5714.66,5242.13,75,29790555
25508578,drained,5630.91,5241.30,242,29790556
14401004,frdg,5729.79,5240.82,173,29790555
13446913,mixpowder,5450.71,5240.53,560,29790558
12202210,notabirdhater,5539.32,5240.08,710,29790557
12544804,IneQua,5667.18,5239.76,460,29790555
17112367,RykeN1,5591.41,5239.62,539,29790556
2014016,YuugenP,5592.83,5239.57,500,29790556
2625279,Kavao,5594.16,5239.39,487,29790556
7533456,Sanako,5513.16,5237.84,624,29790557
35276393,kitarotaro,5396.48,5237.81,596,29790558
4409037,Duisu,5649.31,5237.61,283,29790555
283963,Mgup,5484.77,5237.38,1001,29790557
21588239,NeilNeko,5571.68,5237.27,374,29790556
10780587,cosmospice,5728.26,5237.10,-115,29790555
35921235,B4tam0n,5359.15,5235.95,417,29790559
11913919,reeyarn,5396.69,5235.13,850,29790558
30305386,Chill-B,5249.69,5234.01,262,29790560
2980681,bubbagumperson,5666.53,5233.85,352,29790555
6781062,luala0130,5258.6,5233.32,594,29790560
17338141,ShowcatOuO,5355.58,5232.88,176,29790559
12292243,TygoreGD,5670.66,5231.40,136,29790555
9600597,nicoaaaaaaa,5640.46,5231.12,188,29790556
7566331,JaneD221,5704.9,5230.89,78,29790555
540915,ponta217,5401.56,5230.28,1332,29790558
2900875,- DeveRUX -,5627.8,5229.31,177,29790556
5774823,Rupertion,5649.04,5229.27,301,29790555
15262880,myosotica,4934.47,5228.92,951,29790564
36864969,BadTaikoPlayer,5596.56,5226.50,456,29790556
7426252,bacon457,5583.73,5226.48,273,29790556
36460838,YaniJPG,5394.86,5225.76,768,29790558
387394,allen2816,5576.57,5225.67,375,29790556
12842674,narukami0609,5555.55,5225.19,309,29790556
4698631,Flammula Colei,5652.55,5224.24,245,29790555
6379152,Erbraciola28,5619.46,5224.24,240,29790556
980460,wiggt143,5635.21,5223.93,298,29790556
32240046,ShizhanChen,5398.38,5223.28,302,29790558
11352411,Knifs,5532.97,5222.24,468,29790557
5049430,Mesda,5583.59,5221.89,500,29790556
29360297,AntrixGaming,5315.44,5221.63,1097,29790559
1881094,usosuso,5545.14,5221.57,396,29790557
88200,UglyLoser,5474.33,5221.57,996,29790557
27884280,VoomyEevee,5658.71,5220.18,387,29790555
2740518,Fenza,5196.04,5220.18,1833,29790561
12609639,schnadi,5621.36,5219.66,311,29790556
3767034,NlHIL,5435.31,5219.64,1026,29790558
15181168,pikaAK,5101.54,5219.21,862,29790562
12733839,ImDem0nPT,5531.63,5217.30,645,29790557
18104813,ami113211,5220.1,5216.38,517,29790560
17824886,EtoilexArmy,5558.27,5216.15,188,29790556
33540637,IXredXI,5614.07,5215.23,290,29790556
36987873,utata,5321.1,5215.21,194,29790559
18922309,mayokon_20,5235.28,5214.81,650,29790560
16975659,misudora,5452.51,5213.12,305,29790558
29806414,MyAngelSuki,5507.71,5213.01,514,29790557
26030547,etabeta,5440.79,5212.80,235,29790558
24036664,nu0,5435.14,5212.30,362,29790558
32379978,Username460,5657.36,5211.94,59,29790555
10903878,Sunda,5523.68,5210.34,938,29790557
8436311,Gmaniko,5548.34,5209.74,394,29790557
2714117,Youkai,5118.13,5208.84,1907,29790562
35685412,Bruh111221,5721.68,5208.18,26,29790555
22958601,Kion_Kouhai,5651.68,5207.71,125,29790555
2642824,Moria Ruruka,5576.37,5207.63,287,29790556
22270878,Cynthia,5187.75,5207.00,1071,29790561
26193210,Ganz0,5565.33,5206.90,370,29790556
3402967,Karryu,5646.02,5206.04,141,29790555
16412544,matatabi,5511.04,5205.53,275,29790557
32176154,xairon,5560.77,5205.33,175,29790556
3770603,sayun,5612.06,5205.17,207,29790556
23272185,K4n_0,5448.97,5204.20,1325,29790558
37549367,Baran Nashor,5262.96,5203.89,506,29790560
13735210,TheKusoAimer,5635.15,5203.02,-32,29790556
11120814,keremaru,5641.99,5202.92,47,29790556
445306,piglettang1,5503.48,5202.13,575,29790557
10144726,- Mikazuki -,5476.9,5196.31,919,29790557
22593048,Fu_ka,5604.48,5195.80,223,29790556
23647276,xR1ng0x,5291.67,5195.65,607,29790560
4408345,Douchebag,5263.85,5195.37,1037,29790560
29449003,chasedigi,5738.26,5194.81,-409,29790554
5402520,PG729487,5688.97,5194.66,39,29790555
10218998,Bomb,5275.91,5192.78,1347,29790560
16539445,Royal_TW,5538.06,5192.63,536,29790557
10364028,Dekodeko_X,5444.68,5192.19,272,29790558
26281496,ryu318,5498.27,5191.84,435,29790557
9430870,KOLLEGA 2002,5494.42,5189.70,718,29790557
11726949,0k0k,5616.99,5189.60,241,29790556
31492858,TajadasConArroz,5501.38,5188.50,481,29790557
12271079,linkssxx,5560.15,5188.47,252,29790556
1036441,Holic,5564.76,5186.17,399,29790556
1420501,Flemming,5513.06,5185.73,589,29790557
24099815,nekono_099,5585.7,5183.93,32,29790556
16339143,bN_0102,5595.59,5183.78,212,29790556
6969101,Apollon the Red,5333.7,5183.11,1495,29790559
32787226,minhnguyynnhoi,5595.78,5182.97,-5,29790556
39870767,rancid egg,5459.74,5182.73,397,29790558
22616679,1invalid name,5630.43,5181.98,237,29790556
17829697,zeroday_TW,5686.58,5181.79,-348,29790555
39030787,timbot37,5299.67,5181.37,1207,29790559
7133685,dandon2000,5593.43,5180.82,327,29790556
3842457,Adventurism,5593.82,5178.95,298,29790556
1116328,Oooch,5526.25,5178.92,507,29790557
56908,Vytaan,5509.5,5178.07,587,29790557
38344079,Furutori,5422.2,5177.63,680,29790558
15813305,Pluko,5651.49,5175.72,74,29790555
7488088,leina,5319.76,5175.60,743,29790559
6071549,Whyto,5612.9,5174.68,278,29790556
29658730,[urusai],5548.88,5174.18,308,29790557
8140462,ItsJpex,5442.67,5174.02,879,29790558
30983267,undead023,5484.46,5173.15,397,29790557
5879875,[Fyou],5633.17,5173.00,115,29790556
4563113,[ Asyon ],5563.62,5172.14,105,29790556
26139518,dainm77,5232.69,5170.00,498,29790560
9313951,Tsuwagi,5333.26,5169.58,914,29790559
4701806,yorsh_,5654.11,5169.50,-25,29790555
36728270,hoshinosan,5243.12,5169.43,891,29790560
25492863,torao_F,5416.05,5169.18,518,29790558
8899889,[ Kaworu ],5584.57,5168.92,317,29790556
1376983,Kaplan,5509.66,5168.16,282,29790557
14830593,Nanami Touko,5612.42,5167.73,366,29790556
613469,Master_Ovan,5563.14,5167.20,286,29790556
13113742,hanon4368,5527.76,5165.54,196,29790557
9322510,omamor1,5615.38,5165.29,35,29790556
15354426,XiaLef,5305.74,5164.95,331,29790559
29446140,Haru06112312,5367.78,5164.40,513,29790559
3347570,gyarxya,5568.02,5163.85,214,29790556
10321526,ponta00,5514.61,5163.35,100,29790557
34954615,justinthecat,5561.95,5163.05,322,29790556
16272661,4w65756,5578.53,5162.92,365,29790556
5046318,Tracer,5658.14,5162.33,-67,29790555
18043560,kohatamago,5350.64,5162.28,669,29790559
7137944,liuyui,5495.98,5162.27,339,29790557
9356598,imathegod,5547.01,5161.87,426,29790557
2885219,mac12321,5646.11,5160.70,77,29790555
38921385,Marsblast,5217.84,5160.57,73,29790560
31255993,BAGOO,5507.25,5159.90,288,29790557
35774875,DKSGplayer364,5094.8,5159.54,247,29790562
22841207,shwaerkbilathon,5524.11,5159.51,385,29790557
2345188,Ryukotsay,5541.42,5157.93,375,29790557
23127653,Foxuonolo,5044.04,5157.85,288,29790563
9583337,Dogepie,5588.63,5156.87,222,29790556
9812963,piopollo,5239.49,5156.85,1132,29790560
13603342,Demx,5509.96,5156.79,249,29790557
3603277,AKzknnnn,5582.29,5154.97,43,29790556
6865426,andysha,5462.39,5152.62,791,29790558
9116107,Darkyu,5331.53,5152.34,1209,29790559
5309194,huran_hshs,5513.38,5152.05,387,29790557
455562,emolitox,5592.51,5151.51,305,29790556
12148373,sorara-,5255.46,5150.83,1421,29790560
15929172,Ares,5622.54,5150.27,135,29790556
2272413,Esemoka,5550.49,5149.09,79,29790557
17609405,- k1ryaa,5518.47,5149.05,191,29790557
1993821,gameplyer,5363.87,5148.94,598,29790559
13651978,flourished,5526.93,5148.36,246,29790557
9603615,RealDevilfish,5610.4,5147.30,127,29790556
10424011,halldave3,5495.6,5145.90,418,29790557
4213730,wnd2821,5446.92,5145.59,387,29790558
1080802,junpi1030,5626.86,5145.20,65,29790556
10472266,[GS]LeBean,5580.79,5143.91,127,29790556
26637354,BioLogic,5366.24,5143.20,1101,29790559
9174198,irre9_rity,5300.91,5143.13,586,29790559
5193488,Koiidex,5334.36,5143.02,1062,29790559
7589556,EddisonLuck,5545.85,5142.49,655,29790557
19569799,motikirara,5181.97,5141.32,113,29790561
1467715,Gero,5446.27,5141.16,523,29790558
24722216,StormDragon808,5463.72,5140.22,377,29790558
22830777,Quaoky,5375.79,5139.96,-60,29790559
32304072,Kokori_,5317.84,5139.01,729,29790559
7239762,Vasyadogs,5412.8,5138.58,757,29790558
29788557,chahhan,5278.25,5137.42,537,29790560
3956229,fhl603975,5565.84,5137.23,213,29790556
2563453,UnladenSwallow,5604.88,5135.46,107,29790556
17038830,aubincrests,5471.75,5135.44,865,29790557
14859763,Deso,5363.76,5135.42,1099,29790559
3914391,Jegerikkenorsk,5534.33,5134.64,578,29790557
18517599,Summer-Core,5349.82,5134.19,951,29790559
4795674,nao6130,5452.13,5132.73,425,29790558
39461744,KafeOre,4728.65,5132.45,607,29790567
38499776,Samaki,5338.86,5131.02,927,29790559
8490753,NiwasakaRira,5403.93,5128.89,869,29790558
21642305,hinun,5360.67,5128.52,847,29790559
37130128,Alumeri3,5389.4,5127.57,272,29790558
15980195,Akstn07,5505.3,5127.41,-210,29790557
20095516,yusan9,5572.33,5127.33,9,29790556
17033940,R e z e,5390,5125.90,368,29790558
6053756,D_A_R_K_iceman,5408.32,5125.52,723,29790558
26326354,Waiku the Idiot,5450.23,5125.15,404,29790558
29867544,cutedrum,5515.26,5124.97,288,29790557
17382050,e4zy62,5450.51,5124.21,187,29790558
3380439,Karistar,5501.14,5123.85,404,29790557
8403862,Myawaki Sakura,5481.41,5123.22,79,29790557
1449691,Totoro le Pacha,5607.15,5122.91,511,29790556
1171233,dorataru,5540.76,5122.87,436,29790557
6225070,Aubrey Joy,5471.33,5122.64,764,29790557
35750882,nana1112,5150.38,5122.25,861,29790561
31412376,sand0928,5510.06,5120.99,-70,29790557
22981469,Sakireal,5443.79,5120.88,557,29790558
27014757,Qaaap,5550.86,5119.79,60,29790557
7703015,cloudyxs,5440.39,5117.88,425,29790558
13935221,meemee12345,5431.69,5117.79,361,29790558
3731134,omakenn,5579.92,5117.07,115,29790556
37955708,mokyygx,5236.63,5117.05,602,29790560
8147624,moonking0425,5518.04,5116.32,303,29790557
7469309,Shinde Imasu,5543.2,5116.05,148,29790557
20736385,setoto,5549.68,5115.74,146,29790557
1559606,favorix,5242.13,5114.49,896,29790560
39870906,S0O0KAR,5234.89,5112.39,615,29790560
12756108,DAAAAAAAA,5348.65,5111.64,201,29790559
13186313,bloggzutos,5424.3,5111.20,620,29790558
17959801,RhythmUwU,5497.56,5109.69,235,29790557
4512083,THUND3r_Ok1,5473.68,5109.46,530,29790557
1577846,imohori23,5480.62,5108.98,319,29790557
11492899,Kokumagu,5457.25,5105.99,257,29790558
25961938,Nezuu,5475.44,5105.34,-272,29790557
22310185,Medangxo,5552.82,5104.62,61,29790557
514953,fdscaa,5479.61,5104.56,471,29790557
31051560,uasm,5553.75,5104.54,2,29790557
10699588,cookingzie,5522.09,5104.42,291,29790557
16661497,Lizzy_leqctz,5335.7,5103.99,451,29790559
10837817,G3NI0US,5496.45,5103.72,401,29790557
2793301,a087935522,5540.82,5103.63,-64,29790557
12904746,[0v0],5553.82,5103.55,233,29790556
36421425,-Usiro-,5180.71,5103.39,641,29790561
30438576,Mashurai,5301.39,5102.67,631,29790559
18758433,Momenttt,5519.74,5101.70,-125,29790557
28549596,MakibaCat,5605.69,5101.51,-42,29790556
13304756,Ethermeral,5173.72,5101.04,1199,29790561
13493346,SaraSoul,5516.95,5100.81,274,29790557
20702930,Stexin,5300.97,5099.65,387,29790559
38105741,Sixtysandura,5175.79,5096.88,81,29790561
19676929,nukoneko,5466.77,5096.58,331,29790558
32502321,manco12345,5272.93,5096.43,926,29790560
883362,letmeknow,5354.94,5096.03,708,29790559
33379736,Pandemonium522,5233.44,5095.79,496,29790560
16523421,rabudo,5376.13,5095.78,361,29790559
13809779,_lemonlemon,5538.57,5094.78,109,29790557
7616811,Toaph Daddy,5350.84,5093.52,734,29790559
24347674,xphylzus,5359.48,5092.76,670,29790559
23803254,ihe_chan,5151.19,5092.59,439,29790561
10353661,-Kosaki-,5492.07,5090.84,205,29790557
14370739,Rz_,5226.8,5090.46,783,29790560
7300592,Koolay,5376.03,5089.84,619,29790559
6236911,Li77L3,5447.21,5088.72,376,29790558
35215929,RaniHka,5525.04,5087.80,305,29790557
4942012,Brutalbic,5512.71,5087.61,385,29790557
7633855,itsAdore,5507.47,5086.62,126,29790557
1499997,9ami,5511.35,5086.48,274,29790557
12023063,sagiri-neko,5493.16,5085.00,405,29790557
14664398,shionchiffon,5417.5,5084.97,-4,29790558
6304745,Aoziru0141,5424.59,5084.84,502,29790558
7169110,coolno3,5420.53,5084.18,658,29790558
11543122,Doristita,4959.59,5082.17,-383,29790564
18823414,pppppppr,5159.91,5082.12,400,29790561
24323190,luna420,5227.45,5081.90,558,29790560
15349232,CarCar69,5390.26,5081.14,578,29790558
30431253,LinRa Tsukasa,5432.59,5081.11,208,29790558
34370416,ivytameredit,5151.84,5080.55,85,29790561
33467965,suicaaa,5308.3,5080.50,413,29790559
1050201,shimiko,5421.12,5080.12,357,29790558
7030944,Renard-DON,5474.27,5079.90,175,29790557
9088637,fireblaze3028,5218.47,5079.67,942,29790560
5497675,Pichu-Kun,5323.92,5078.21,442,29790559
9978190,Muscari,5284.96,5078.04,328,29790560
4247712,jw9478,5281.22,5076.36,1069,29790560
30685000,Menajis6,5345.4,5075.12,234,29790559
23304907,frailty,5298.71,5074.76,911,29790559
20454347,MrBreaker,5261.65,5074.33,928,29790560
8979338,GanYiZhong,5184.01,5074.15,639,29790561
16902009,scpkz,5098.12,5073.13,472,29790562
17186351,bof,5387.66,5072.01,294,29790558
11977840,hqrth,5480.77,5071.89,243,29790557
1870547,thomas880104,5468.37,5071.85,260,29790557
17425393,Legoshi_Shalver,5463.96,5071.07,488,29790558
16689021,2vn,5352.62,5070.80,511,29790559
8960451,tolya,5295.82,5070.17,823,29790559
32876629,ChuuuuN_n,5477.08,5069.78,206,29790557
33218162,L4ze3,5340.12,5069.21,23,29790559
10917389,Ballesta,5418.58,5069.13,411,29790558
15913647,yecy,5502.57,5067.75,147,29790557
5403479,Zirael,5452.35,5067.01,348,29790558
8770622,ITotallyGetThat,5234.62,5066.75,1165,29790560
3987180,FirstOfDubstep,5376.37,5066.16,418,29790559
6246211,-Scott,5555.7,5065.26,12,29790556
11942259,Suwa,5248.06,5065.26,307,29790560
13156815,penkovy,5417.58,5063.93,466,29790558
31494492,Mirai_Saku,5411.87,5063.19,229,29790558
3310790,fact568,5449.17,5062.46,102,29790558
26193748,SKS398,5385.34,5060.88,327,29790558
10303068,aerplanes,5383.68,5060.71,736,29790559
13519077,Shadowaves696,5273.02,5060.43,992,29790560
11964563,H6U3,5492.69,5059.84,147,29790557
321112,koko6162006,5490.52,5059.42,535,29790557
2507040,okato,5448.35,5059.26,303,29790558
1074534,fairykabo,5406.96,5058.62,235,29790558
1451265,Asteriae,5415.27,5058.22,557,29790558
1493917,premium333,5240.93,5057.90,365,29790560
7156326,wwyczesany,5490.99,5057.45,263,29790557
19922606,muweon,5248.5,5055.95,1150,29790560
31342582,usiusi0209,5445.72,5055.30,426,29790558
16235093,TNT6454,5314.95,5054.98,754,29790559
14641500,kat5,5411.65,5053.99,378,29790558
35533437,Alcoholibed,5477.5,5053.51,193,29790557
13336727,Atokami,5463.8,5053.14,306,29790558
4429612,Luminous Sky,5197.19,5052.96,1226,29790561
29473953,Mocha3333,5302.35,5052.24,970,29790559
8815368,Mogeko,5361.81,5052.03,505,29790559
20516502,RealPizza,5468.14,5051.78,251,29790557
1719718,s564582,5485.02,5051.42,268,29790557
4694918,harusame567,5499.79,5051.29,76,29790557
37577660,nyannyandesu,4759.38,5051.23,222,29790566
5268367,whizvox,5459.92,5050.95,276,29790558
13792069,KAMAKOREAo,5207.85,5050.89,458,29790561
37661654,yyyy129,4549.73,5050.74,460,29790569
11612235,Slav Man,5384.38,5050.57,327,29790558
30509013,Tall_Goth_Queen,5372.27,5049.89,827,29790559
9955779,MRMEG4,5379.09,5049.82,224,29790559
2933135,Mihawk,5409.86,5049.41,448,29790558
32908281,Balons,5243.92,5048.66,1141,29790560
5406109,kinoko-kokoro,5321.88,5047.81,939,29790559
9606510,1moji,5426.75,5046.69,518,29790558
36427603,mikomonn,5245.64,5046.07,166,29790560
1863019,DockLee,5400.89,5045.52,519,29790558
6274470,jobe1234,5280.47,5045.30,859,29790560
4869346,Afmun,5528.21,5044.94,47,29790557
3356754,s4ku,5404.89,5044.57,294,29790558
32173373,ReYamu,5090.92,5044.37,1123,29790562
3107690,kgb0513,5426.54,5043.63,384,29790558
36269392,PizzaPasta,5393.82,5043.09,571,29790558
12530511,TALLBROSKI,5376.29,5042.47,225,29790559
21048854,AArreHeite_,5468.06,5042.02,386,29790557
16047688,Echidna-7,5350.18,5041.77,555,29790559
32028459,trooperr,5438.45,5041.14,284,29790558
37811957,SizokeFx,5384.29,5040.05,569,29790559
39567274,shun032323,5161.24,5040.00,199,29790561
10815099,THE_11th,5326.07,5039.57,603,29790559
19204954,Cytze,5326.65,5039.50,354,29790559
1251388,IHaRak,5479.11,5039.33,140,29790557
19869345,rriu,5497.29,5038.71,56,29790557
14100384,AstralLoki,5385.59,5038.51,486,29790558
11154860,Shiori Shiomiya,5467.83,5038.06,347,29790557
32029419,namatya014z,5451.82,5037.96,-50,29790558
36947098,lnqqq,5082.91,5037.29,292,29790562
13229906,ivan0753,5373.81,5036.94,217,29790559
7027423,yaffoi,5235.77,5036.63,291,29790560
5240728,Senilis,5397.8,5035.45,351,29790558
37558502,tomokun0,5162.87,5035.28,569,29790561
19579657,kiwibird01,5312.41,5035.05,-39,29790559
15863038,rinto48811226,5139.9,5034.77,904,29790561
9321923,furutori_tt,4941.68,5034.67,645,29790564
32465257,manatyan,5046.94,5034.53,583,29790562
4801284,Milosky,5271.67,5034.44,957,29790560
4854278,Wriggle Wiggle,5424.65,5034.04,259,29790558
19837663,riacha,5174.35,5033.43,720,29790561
19158450,ShinyaPoyo,5412.44,5032.12,368,29790558
8599070,IceDynamix,5421.89,5032.08,432,29790558
36835669,m a r y,5176.91,5031.85,788,29790561
4169943,Odirom,5401.08,5031.69,291,29790558
32574335,INOSENSE,5402.73,5031.32,80,29790558
13033512,pondjk,5308.6,5030.12,541,29790559
11678490,aGayTrap,5496.98,5027.00,-86,29790557
1526705,YOZAKURA1980,5418.16,5026.88,426,29790558
12908955,-_-WeiWei-_-,5404.49,5026.66,235,29790558
38830765,SS398,5217.98,5026.66,198,29790560
1238716,Fumika,5306.51,5026.35,716,29790559
7928944,WanCat,5474.2,5026.07,178,29790557
2835196,White Day,5288.59,5024.43,1090,29790560
8519584,kayabo38,5294.19,5024.36,714,29790559
25499668,SCARED ON OSU,5420.64,5024.24,296,29790558
35789950,Carrotdollars,5394.2,5023.34,326,29790558
3082335,tyatan777,5321.46,5023.06,608,29790559
16823679,skyarc28,5190.93,5023.05,604,29790561
18501529,Fantaa,4684.34,5021.96,1216,29790567
35855870,KaLm1a,5028.31,5021.86,292,29790563
38419182,kaityam,4878.04,5020.43,719,29790565
7415066,Rywak,5445.9,5019.79,156,29790558
9529504,Mierf,5471.45,5019.42,83,29790557
21132126,Ornitono,5281.85,5017.29,549,29790560
30580663,Spidermelon,5176.3,5017.24,1182,29790561
35496918,dad on osu,5337.62,5017.15,487,29790559
34602343,hitohashirame,5291.99,5017.09,837,29790559
33571115,ioernf,5313.88,5016.86,251,29790559
1984681,HuiTW,5402.59,5016.17,324,29790558
2269823,hjc4869,5333.87,5013.40,601,29790559
10174184,Delirus13,5401.82,5013.26,288,29790558
17836200,cyupa kabura,5396.04,5011.79,293,29790558
5593143,Alphafox122,5289.46,5011.58,877,29790560
15322059,Darkfire086,5420.78,5011.25,151,29790558
4915649,Lacrima,5336.62,5011.18,572,29790559
19783478,Vsusg,5323.79,5010.98,526,29790559
12122357,SHNsoulking,5360.27,5010.86,345,29790559
23167465,Misaki-Sakura,5367.54,5009.15,303,29790559
16558211,pillofghost,5361.92,5009.13,413,29790559
10137488,kjcomputer,5343.45,5009.13,433,29790559
24325006,Farishaa,5049.53,5008.25,450,29790562
8137318,NaTyC470,5407.05,5007.85,387,29790558
1502648,mash1024,5393.01,5007.84,322,29790558
8456618,toramuneko,5113.26,5007.50,63,29790562
30698623,mgroro,5218.62,5006.49,359,29790560
11937272,Blepsip,5472.49,5006.48,200,29790557
23394720,Dekaexi,5464.66,5005.82,115,29790558
5334857,PetHaas,5389.47,5005.47,375,29790558
73634,DShou,5341.15,5005.40,541,29790559
13445197,farmmergevalley,5335.86,5005.23,628,29790559
830575,eeeeeddddd,5340.33,5004.91,349,29790559
34818235,faction,5327.19,5002.23,647,29790559
2804249,aikuuu,5340.73,5000.96,385,29790559
8985856,Ponix,5405.25,5000.38,95,29790558
35488690,Ruuto,5033.69,4998.27,404,29790563
4153144,Gloria_19,5400.98,4997.90,175,29790558
16697988,eemy13,5346.1,4996.34,780,29790559
10854240,liok,5390.68,4994.34,280,29790558
9874282,fairy_glitter,5394.48,4993.02,281,29790558
15397129,Lexa14,5060.65,4992.40,1588,29790562
3970664,Groex,5460.58,4992.30,301,29790558
14531729,Defilantema,5415.39,4992.25,282,29790558
37335622,air_ow,5233.26,4990.69,344,29790560
1204886,name870620,5373.43,4990.05,308,29790559
30049930,ABoxOfDankMemes,5178.88,4989.48,984,29790561
29034266,thesayer,5290.7,4989.36,169,29790560
138866,Rodrig0v,5121.86,4989.25,858,29790562
13389861,blacktea12,5212.75,4988.72,399,29790561
11671235,Mydz,5308.43,4988.25,616,29790559
6719579,-[PluSxLeaF]-,5436.88,4988.14,51,29790558
2213375,grey bear,5295.39,4987.58,507,29790559
19876239,Chateauvision,5448.41,4987.15,57,29790558
6051693,NakuruFan01,5165.55,4986.53,218,29790561
7304141,GeneralWarned,5249.25,4986.48,761,29790560
17624183,Roguepolice,4886.79,4985.83,1620,29790565
2033256,djohn852,5484.28,4985.28,-24,29790557
2005970,Jaras,5451.67,4985.03,35,29790558
22749008,FerchoGamer555,5384.63,4983.52,350,29790558
14054514,_mrvadimos_,5365.95,4983.24,592,29790559
17337448,mepcx,5189.42,4982.94,750,29790561
4996310,Cain6666,5384.79,4982.93,341,29790558
3954449,Kat--o,5263.62,4982.80,975,29790560
35375401,Chromacat248,5269.09,4982.76,860,29790560
25129,francoabc,5209.74,4981.12,713,29790561
7172288,ppgamer,5291.02,4981.06,608,29790560
15414583,Haakinh,5330.53,4979.93,68,29790559
24847456,kajikin,5182.92,4979.07,299,29790561
38443524,kto614,5139.29,4978.98,1006,29790561
1575954,lieous_mtk,5416.79,4978.97,-233,29790558
5833001,Bretty0,5317.05,4976.63,416,29790559
9837084,Shikiiiiiiii,5257.03,4976.42,478,29790560
7091797,hiruzu253,5121.73,4973.95,211,29790562
24518245,fubuki,5225.59,4972.67,118,29790560
31031748,hotatemaru,5222.92,4972.02,472,29790560
653016,gaten,5296.27,4971.20,815,29790559
9570928,Zeldeik,5354.77,4971.12,412,29790559
17898758,Sylvx_,5396.88,4971.08,353,29790558
6628765,Drunk Cookie,5303.74,4970.99,357,29790559
4761247,UniqueBlock11,5015.76,4969.31,1079,29790563
4553253,reito1111,5287.63,4969.00,613,29790560
7170889,ZeneraxAcer,5383.25,4968.47,170,29790559
14209650,Spazzmic,5314.27,4968.43,411,29790559
37096396,HydrantDude,5402.91,4967.41,330,29790558
37436695,moj_san_1487,5256.71,4967.37,1177,29790560
4326431,DullahBill,5154.69,4967.27,1053,29790561
8504794,Xeronulis,5328.86,4966.33,245,29790559
16204122,TonyWorep,5081.45,4965.46,962,29790562
8840390,B0NUSDUCKS,5392.37,4965.08,231,29790558
10507002,otatatata,5184.33,4964.92,485,29790561
14991975,Son Goku,5365.41,4964.24,249,29790559
4896068,ForgottenAngel,5283.25,4960.59,692,29790560
9966106,zyune-bia,5422.3,4960.52,27,29790558
10066584,Zogyas,5237.66,4960.18,1046,29790560
2328126,lylaghost,5475.13,4958.62,-36,29790557
832256,TutePra,5181.03,4957.67,1244,29790561
34150693,MYONMYONMYON,5169.12,4957.40,161,29790561
9477978,Zymasis39,5207.79,4957.15,707,29790561
20461077,MidC,5370.29,4956.25,24,29790559
36093126,NEONL1KE,5193.76,4956.14,654,29790561
4094340,ash11143,5200.16,4956.07,810,29790561
6861377,Magjiikal,5147.42,4955.55,1170,29790561
17663431,Icary,5199.46,4955.41,792,29790561
23913012,Weebxtra,5073.57,4955.40,693,29790562
5913121,julian40401,5338.68,4955.16,339,29790559
11301046,theshadycupcake,5293.65,4954.97,187,29790559
1821350,Prancer,5323.44,4954.38,609,29790559
12385964,Cool_S,5213.47,4953.55,1018,29790561
35673886,Hehehehabrruhh,5243.48,4953.33,402,29790560
35114316,Fraxxq,5505.83,4952.77,155,29790557
35812837,potaitou,5292.73,4951.95,478,29790559
9016997,Arzeeaze,5371.01,4951.74,192,29790559
25211624,Elio Natanahel,5329.34,4951.55,540,29790559
6354627,tamosan10,5423.13,4951.18,-10,29790558
27846629,tori2959,5137.67,4950.93,254,29790561
11414984,xACEGx,5302.6,4950.62,382,29790559
33219455,tuna2763,5165.67,4950.11,349,29790561
2254970,robinyu,5277.63,4949.01,641,29790560
29436593,Hachiware_,5305.53,4948.34,324,29790559
36175931,tencho_ox,5244.81,4948.20,236,29790560
16020501,kyabez,5243.18,4947.92,622,29790560
16284223,_Patrick5839_,5027.11,4947.80,1538,29790563
23489950,tryhardkin,5274.43,4947.15,335,29790560
1081033,johnsonlee,5157.45,4946.87,608,29790561
22922661,Kurant3,5187.97,4945.83,333,29790561
18272029,Dinkii,5419.51,4945.67,90,29790558
24471893,shiiiiitan,5361.75,4944.94,66,29790559
27010357,toroosics290304,5216.69,4944.69,653,29790560
31404061,SN707,5356.7,4944.22,75,29790559
37328138,zhenyahuskar4,5065.28,4944.15,514,29790562
12338431,DinAimoN,5379.41,4944.02,191,29790559
7070876,Jarv1s,5381.92,4942.66,182,29790559
24867119,Chonizo,5061.92,4941.62,1143,29790562
17538736,donatsu11,5170.87,4940.03,1061,29790561
4143205,Kazuhiira_,5218.19,4939.75,796,29790560
14908446,XxNakkixX,5324.75,4938.57,392,29790559
6924018,terry12151,5093.99,4938.55,413,29790562
4806673,Mechprobe,5324.28,4938.39,245,29790559
2559954,- VayKay -,5357.41,4937.89,314,29790559
6563230,[-Moonlight-],5290.18,4937.57,410,29790560
7838361,helios44,5089.39,4937.27,882,29790562
34332200,prahda,5183.32,4936.57,830,29790561
10856052,kripi_,5397.4,4936.27,147,29790558
31278191,lacyuut,5289.73,4935.52,174,29790560
5405852,0e4ef622,5273.56,4934.73,581,29790560
13118071,Henrick_Zero,4985.23,4933.91,626,29790563
15716075,Puppet,5377.81,4932.19,300,29790559
1015397,Vae victis,5202.1,4931.56,528,29790561
29029,Jak64,5138.86,4930.26,1334,29790561
39569721,Shisoran lol,4824.15,4929.37,936,29790565
29292414,neco06,5310.16,4928.12,628,29790559
11357850,BOXBARE,5219.38,4927.53,460,29790560
1579359,La Chose,5214.81,4926.24,526,29790560
20228946,fefehfofo,5005.21,4926.22,950,29790563
29683417,Alice3465,5060.89,4926.17,339,29790562
13319779,Rasu,5251.41,4925.87,497,29790560
38682663,GoodC,5143.7,4925.67,334,29790561
10249166,namirin1,5246.16,4925.00,598,29790560
35331486,Luna_090,5235.71,4924.93,613,29790560
25995221,aoi_little,5167.36,4924.42,120,29790561
9814770,eisuke0530,5445.52,4923.76,-174,29790558
938261,olji,5284.85,4923.16,611,29790560
339845,Inspear,5038.81,4922.54,919,29790563
968942,strangypoo,5173.39,4922.26,658,29790561
7153255,HAIEX,5245.2,4919.04,464,29790560
7295728,FrankTheSiren,5238.9,4918.70,709,29790560
30121089,shelf2525,5076.6,4918.14,241,29790562
13364001,freishmejt,5180.33,4917.82,814,29790561
1011240,[Nico],5343.32,4917.65,279,29790559
11467955,xscorpionleo,5413.76,4916.51,-5,29790558
22459709,Mr_Ticklish,5383.18,4916.49,137,29790559
7552413,konismylive,5235.02,4915.62,57,29790560
22575067,Yuchy,5264.39,4915.41,462,29790560
38336946,Kazashiii,5125.35,4914.90,393,29790562
16838222,ocean006136,5297.87,4914.87,408,29790559
23670337,milatto310,4895.97,4914.40,1031,29790564
29719011,wLupz,4983.48,4914.39,88,29790563
29235379,her1q,5016.34,4914.13,859,29790563
8474774,ooishikoishi,5116.51,4914.00,687,29790562
32841637,aguasanmateo,5153.88,4912.93,325,29790561
21073612,bwLindahl,5310.78,4912.44,241,29790559
14703285,Fireboy360,5211.57,4912.41,450,29790561
951662,Dayu,5267.47,4912.16,487,29790560
3595899,lukkalazzaro,5270.1,4911.92,660,29790560
67498,Clario,5289.53,4911.70,404,29790560
1699757,Lost Abyss,5274.08,4911.68,534,29790560
15923012,Relate,5264.49,4910.49,-98,29790560
2013928,wolaizitianchao,5176,4908.97,953,29790561
33597817,nyaruto,5198.85,4908.69,157,29790561
34235303,S5Killer9,5217.56,4907.41,636,29790560
23890645,e7w,5129.85,4906.94,646,29790562
25108719,hyxuu,5352.5,4906.69,355,29790559
16111722,Olnik,5317.22,4906.52,413,29790559
8268075,Fuyusch,5225.85,4905.71,613,29790560
35519846,Mellowfow,5219.65,4904.95,529,29790560
8933968,Patri Lily,5310.95,4904.84,462,29790559
35819248,akanenk,4850.13,4904.79,918,29790565
14356517,Mashyuf,5241.21,4904.72,510,29790560
526787,SuperContact,5253.42,4903.52,660,29790560
542788,Canneh,5297.01,4903.08,333,29790559
37993423,leklek009,4992.34,4902.01,1717,29790563
5175521,Ranya,5232.98,4901.88,489,29790560
13102195,Kutarin,5332.12,4901.36,145,29790559
20229123,Miyamiya38,5278.64,4901.31,512,29790560
8863359,realy0_,4930.8,4900.40,1486,29790564
25798847,Rick_sao605,5107.08,4900.36,164,29790562
15025367,MaxZe,5308.93,4899.96,252,29790559
21085831,Corrin156,5411.49,4899.72,-153,29790558
3885626,Motion,5339.2,4899.50,290,29790559
1875245,Jalid,5190.35,4899.29,754,29790561
12180217,Mrr7782,5325.15,4898.97,168,29790559
20402985,otukarori,4904.83,4898.91,451,29790564
1887503,Mathox,5278.42,4897.73,234,29790560
27089537,tatarakogasa123,5222.79,4896.27,607,29790560
34118727,jiku,5130.91,4895.98,-126,29790562
6765712,ww322258,5147.95,4895.78,404,29790561
39563097,mizuki1346,5020.42,4895.38,851,29790563
35697331,bqrry,5211.29,4895.31,170,29790561
13627680,1 x,5065.59,4895.17,633,29790562
16693852,J4mison,5259.09,4894.73,320,29790560
4242075,Evolia,5378.52,4893.99,-25,29790559
38488328,Bxxchan,5022.95,4893.17,354,29790563
11636510,Dron_Gandon,5132.08,4892.81,1061,29790562
38578273,sorasora4893,5179.64,4892.38,759,29790561
2688103,IOException,5291.16,4892.18,329,29790560
7840771,MoltenPixels,5147.06,4891.60,808,29790561
5146794,batman701,5335.93,4890.83,229,29790559
6968660,shaq_fu,5195.19,4890.57,705,29790561
8204195,aa0987098711,5224.28,4890.34,627,29790560
7110363,Hououin Kyouma,5129.04,4890.10,663,29790562
866016,okiokiokio,5077.17,4888.90,1235,29790562
7817524,ril,5268.84,4887.48,231,29790560
8210074,Uneska,5324.83,4887.06,200,29790559
37802594,vrrrow,5136.71,4886.71,314,29790561
12681834,YASAI_AD,5146.3,4886.18,761,29790561
7062642,PoMAH nuBoBAPoB,5347.88,4885.90,328,29790559
38276941,zerugiusu,4734.86,4885.58,636,29790566
4237750,yuyujp,5238.47,4884.73,294,29790560
12807513,ho7788999,4921.36,4884.69,410,29790564
23696651,ReiiMeru69,5198.32,4884.05,757,29790561
34987690,owosnowo,5172.01,4883.91,-278,29790561
7143062,Calipsis,5318.21,4883.30,413,29790559
1386192,wabechan,4949.66,4882.85,570,29790564
27585087,d3l7x3,4763.18,4881.62,240,29790566
16668990,Asriel92YT,5282,4881.51,91,29790560
8936771,AfterPlayer,5269.71,4881.48,603,29790560
9490400,Hephaestus Imo,5239.21,4880.92,624,29790560
26060048,kaylagamerO,5129.35,4879.83,813,29790562
17642897,LoLsenks,5304.88,4879.06,236,29790559
18829671,Reina2977,5339.33,4878.91,174,29790559
33523847,llaminaK,4828.85,4878.75,382,29790565
3120332,huang87021717,5358.11,4878.33,60,29790559
11654947,Ryusu_,5157.85,4878.29,443,29790561
32541106,akagami,5027.94,4878.13,833,29790563
21344594,chosu,5272.6,4878.09,484,29790560
2646522,Soldsaga KunG,5358.6,4877.84,-22,29790559
38871930,sopuranohime,5213.96,4877.33,263,29790560
34230610,gdplayer123,5293.87,4877.04,-96,29790559
16984992,Xildatin_ethan,5210.89,4876.70,481,29790561
26220012,zampetas,5276.8,4876.62,452,29790560
24889219,DeffoNotFrost,5410.39,4873.66,-206,29790558
21776212,cheesemustache,5265.29,4872.82,272,29790560
29969669,Gechan,4979.42,4872.73,168,29790563
14465042,kudo_0423,5121.47,4872.59,227,29790562
31100017,4mqzonmannn,4965.65,4871.44,91,29790564
12221306,rui87,4999.23,4869.44,714,29790563
36144728,nakazi-,5230.37,4869.06,374,29790560
8911621,nassetyan,5275.81,4868.84,415,29790560
7235902,tokkyXpocky,5247.97,4868.69,276,29790560
16952478,Sanplatina,5143.9,4867.93,307,29790561
20299904,rayray1210,5157.64,4867.80,522,29790561
4954889,ThienThien,5225.05,4867.40,475,29790560
20340480,Shameimaru,5178.6,4867.29,578,29790561
12694894,Wings_AnChen,5218.56,4866.73,669,29790560
35304955,kan3ko,4975.31,4864.64,315,29790563
31108311,harunn416,5023.22,4864.30,529,29790563
28339022,mewwoii,5235.09,4864.25,368,29790560
4128695,[ -Charu- ],5173.09,4862.90,561,29790561
5822619,Cyndi Love,5136.58,4862.31,896,29790561
691427,Tomoyo777,5136.15,4862.18,772,29790561
17421016,N0Y0U2114,5284.7,4861.95,348,29790560
120310,miroku987,5069.06,4861.68,882,29790562
7575741,Moor,5216.57,4860.83,593,29790560
16519257,Faade,5108.87,4860.63,818,29790562
15400757,yomi__43,5166.41,4858.01,529,29790561
7050040,- Loyal Wolf -,5243.06,4857.83,287,29790560
35537672,kanitrama731,5068.16,4857.35,303,29790562
32319923,WhoopsCod,5042.27,4856.57,951,29790563
316356,Japanfan,5240.42,4856.55,266,29790560
12338300,Areager,5322.67,4856.42,143,29790559
7037880,Laserman_23,5322.22,4855.87,400,29790559
4856078,sock,5165.89,4855.70,436,29790561
35279458,Schmanub,5258.54,4855.16,223,29790560
37296968,stella8,5326.95,4853.60,-16,29790559
39572495,odai3,4885.52,4853.01,771,29790565
37614832,Xiao_SZT,5015.17,4851.87,875,29790563
3464823,Sean51423,5245.89,4851.23,189,29790560
14324686,laffy2005,5205.13,4850.58,469,29790561
12403581,DuuSuu,5213.41,4850.49,519,29790561
8312496,L1Nc0In,5294.11,4850.29,-55,29790559
9365281,waswel564,5329.56,4849.23,17,29790559
21719694,cyborqqs,5117.19,4848.92,892,29790562
11226836,warai2919,5131.04,4848.12,483,29790562
3772251,Ephix,5353.59,4847.66,146,29790559
26506493,Mzina,5206.28,4846.60,312,29790561
11423137,Z4ub3rwuerfel,5172.65,4846.60,808,29790561
28131429,syalu,5120.37,4846.09,538,29790562
9554034,No1 XBC,5317.73,4843.87,-52,29790559
10980668,Kikoboy,5250.33,4843.26,509,29790560
7079417,Koalemos,5296.45,4842.93,222,29790559
4686036,Sebaex,5111.8,4842.57,614,29790562
40185964,Nrpy_,4876.13,4842.16,321,29790565
32684048,CarloXYZ,4989.4,4842.10,457,29790563
8487716,Ogata-0,4984.99,4840.66,772,29790563
19700849,Ghosleet,5057.07,4839.82,243,29790562
3543061,BeatFox,5284.64,4839.20,576,29790560
31267492,yaszub,4754.83,4839.10,320,29790566
1539268,GigaRush,5142.81,4838.91,502,29790561
31772100,kawaidoragon,5199.12,4838.79,387,29790561
39768313,rR1xey,4426.25,4838.43,319,29790571
17917484,karenskii,5235.47,4837.94,375,29790560
12334039,Melville_,5144.63,4837.58,633,29790561
31156016,ilt255,5241.51,4837.02,223,29790560
1649291,studentccccc,5207.49,4836.70,537,29790561
8717831,Vexlol,5100.99,4836.62,661,29790562
20151959,Erys,5249.94,4835.37,161,29790560
1214625,[ K a g e m a x ],5246.84,4834.05,554,29790560
2502516,Roger_oh,5228.17,4833.05,164,29790560
6249364,chsim2009,5269.5,4831.41,42,29790560
11524610,GamerMario54321,5190.02,4830.40,453,29790561
6185399,Delldo,5275.27,4829.35,378,29790560
490835,gugin,5109.53,4828.73,580,29790562
35849579,aenos0718,4851.25,4828.14,144,29790565
8124454,gs100tk,5154.58,4828.02,801,29790561
16197690,exbwan,5030.14,4826.48,937,29790563
8841020,nonbiri_girl,5182.36,4825.70,395,29790561
17193963,Hellcat060,5369.33,4825.57,-283,29790559
9555640,sweater0918,5208.97,4824.54,319,29790561
487572,nink222,5059.64,4824.50,977,29790562
23195305,mushroomw1,4980.42,4824.13,691,29790563
19072549,-Cas-,5033.19,4822.48,787,29790563
2623762,Chry,5045.3,4822.15,1255,29790563
6845699,Conventend,4994.66,4821.61,163,29790563
33516585,tomato0320,5131.7,4820.31,442,29790562
2553938,N A R U K A M I,5090.37,4820.24,271,29790562
7407949,SrtaWoods,4968.27,4819.83,954,29790564
19890320,Wakan,5143.4,4818.04,616,29790561
38025213,Limeru,4849.47,4816.90,444,29790565
2565691,hyilag,5134.4,4816.54,498,29790562
21707228,Eserack,5160.03,4816.48,381,29790561
20237532,TheCatCosmic,5085.05,4816.41,303,29790562
32922658,Res_rei,5301.78,4815.26,9,29790559
10395238,ClickEverything,5303.17,4814.01,-97,29790559
466126,Gcode,5099.78,4813.62,826,29790562
13317852,10say_old,4880.4,4813.40,933,29790565
13051504,Kyurei909,5050.98,4813.26,561,29790562
21824404,TAISEKISAN,4850.23,4813.00,499,29790565
11109479,Rakety,5088.6,4812.01,468,29790562
9806095,Revillica,5204.02,4811.86,171,29790561
7408739,Hope-doka,5213.73,4811.45,251,29790561
2840544,itssofluffy,5217.3,4811.09,215,29790560
20922286,nimipie,5164.64,4811.03,535,29790561
34846461,kuroa_kageno-,5028.89,4810.98,420,29790563
3027755,Cybah,5247.37,4809.11,117,29790560
16602493,Tired_K0ala,5172.43,4808.60,268,29790561
17274052,TheMagicAnimals,5178.41,4808.12,308,29790561
32689806,xRumia,5113.2,4807.61,631,29790562
10907697,fram,4932.66,4807.27,1582,29790564
11530857,bew,5171.6,4806.85,294,29790561
33504755,AZcomi,5021.8,4806.22,826,29790563
16303180,bhubhu,4991.94,4805.20,499,29790563
10006423,nobbele,5131.41,4804.67,312,29790562
23172233,Wispy74,5098.66,4803.98,595,29790562
1995059,Phrog,5233.12,4803.41,281,29790560
3940102,TMDTeemoMustDie,5211.67,4802.81,321,29790561
6831777,USA-KEAK,5247.06,4802.80,163,29790560
6656586,suina0212,5086.45,4802.74,459,29790562
16027651,kalerain,5077.1,4801.74,590,29790562
9364733,Sakurinity,5194.61,4801.38,179,29790561
9236518,Hexexie,5126.57,4800.20,191,29790562
5404711,Des9,5256.26,4799.98,-107,29790560
25600154,MisterSneeze,5238.65,4799.87,220,29790560
30695510,yuu0807,5064.19,4799.26,603,29790562
13368273,Wozu,5221.29,4798.12,486,29790560
34202073,aquostma,4859.23,4797.90,248,29790565
2693499,Manaos,5056.75,4797.87,1013,29790562
8265956,prisma_PSR,5185.81,4797.04,250,29790561
2694803,Xevenst,5122.85,4796.89,563,29790562
2363017,Gukio,5103.75,4796.73,619,29790562
2597417,Jaltzu,4972.54,4795.84,1174,29790563
6701945,Domblade,5076.11,4795.73,463,29790562
15018844,nick235711,5258.28,4795.52,137,29790560
13414090,edjinsoo,5184.19,4794.65,376,29790561
18767654,x7shiro,5203.17,4793.62,24,29790561
39026526,Aalk,4897.31,4793.61,171,29790564
568740,l850127,5108.2,4792.85,343,29790562
29732115,Hxb_,4877.12,4791.69,613,29790565
15042855,Teemo_DC,5047.12,4791.13,541,29790562
16061928,offza3001,5149.92,4790.70,414,29790561
15950451,Danyippee,4932.31,4788.76,743,29790564
29617349,OnEmAnArMy_64,5109.03,4787.44,512,29790562
26685309,L30NonOsu,5240.31,4787.22,161,29790560
10384369,Jumpy_Lion,5204.81,4787.13,378,29790561
8281719,HayatanN7,5006.71,4787.03,481,29790563
16650520,SigRp,4861.76,4786.22,734,29790565
33622255,haruharu0417,5074.65,4785.87,441,29790562
6811785,ryokucha_tea,5118.85,4785.71,623,29790562
2459175,sd121212,5222.62,4785.41,299,29790560
5569003,Hartree,5204.08,4785.17,344,29790561
23633474,Slowpoke104,5062.15,4785.17,473,29790562
11377651,Balance Maker,5200.03,4785.11,325,29790561
11278761,saido39,5122.2,4782.96,505,29790562
20585342,lLenin,5075.67,4782.78,710,29790562
23391979,o13,5239.41,4782.10,185,29790560
13870111,ISHIKAWAKUN,5184.75,4781.59,176,29790561
30263451,syatyoudesu,5144.29,4781.45,87,29790561
34310471,Ayakagura210,5193.58,4780.69,59,29790561
3030724,Player0024,5110.46,4780.65,548,29790562
28635590,PrinceCake,5061.57,4780.56,852,29790562
343624,pkhg,5172.09,4780.21,337,29790561
32046997,Neigh,4928.55,4780.10,657,29790564
35083617,KetsyTheBest,4990.17,4779.33,-190,29790563
30855353,Tanisi2022fuhij,4818.38,4778.83,554,29790565
17989444,ERA Kaeseorin,5029.03,4778.15,481,29790563
1542687,sumyon_64,5067.82,4778.02,478,29790562
7718734,Bible,5200.1,4777.78,252,29790561
31093309,maria33,5113.77,4775.58,132,29790562
29142017,kilion34z,5091.82,4774.93,734,29790562
31159176,p1i,5045.19,4774.38,300,29790563
24006433,H2SO4skeleton,4870.69,4774.32,277,29790565
37889502,shiho_o,4913.55,4774.17,95,29790564
6673830,Toumei Dragon,4980.66,4773.64,401,29790563
22628598,ThereseORV,4905.11,4773.24,723,29790564
3968129,Roasted Fish,5203.72,4772.79,62,29790561
6860040,oolong teaa,5135.11,4772.68,679,29790561
501890,MrKulu,5181.28,4771.87,289,29790561
29069920,Chuka_Osu,4198.37,4771.81,401,29790574
34453548,Hun276,4891.28,4770.14,335,29790565
709719,Hawkii,5114.98,4769.76,549,29790562
2288363,SillyFangirl,5069.97,4769.40,553,29790562
3021408,Jikozu,5126.89,4769.35,507,29790562
4317287,Frakk,4970.58,4768.54,871,29790563
37469748,Anxize,5046.62,4768.26,184,29790562
6316516,Sakuya,4896.3,4767.99,364,29790564
18410509,porotchy,4958.94,4767.61,734,29790564
8632647,Anitama_ari,5096.47,4767.58,512,29790562
1859827,koara1212,5043.5,4767.48,339,29790563
32954636,psby,4839.32,4767.27,637,29790565
17758185,16-bit Princess,5124.56,4767.05,574,29790562
33832915,bkrenno,5007.36,4766.80,421,29790563
20863893,Dullriver,4971.55,4766.49,233,29790563
25292878,lovespaces,4905.73,4764.32,553,29790564
8434207,DinomiteDude,4939.49,4763.73,1042,29790564
26730160,Best_hoonseo,5072.2,4763.33,413,29790562
15501680,Mi0117,4995.15,4763.19,716,29790563
1964352,junior_32,5148.11,4762.79,562,29790561
11898356,harurun0824,4843.84,4762.55,527,29790565
11043627,NuuskiSS,5139.79,4761.00,260,29790561
3924013,Klee,5296.76,4760.66,-306,29790559
8509247,Aya Shameimaru,5215.62,4760.21,214,29790560
34261943,mov,5179.18,4760.16,110,29790561
5884165,miki2003pl,5014.86,4760.15,1069,29790563
9856623,Goofinator,5197.92,4760.04,145,29790561
11621976,Racers03,5026.88,4759.16,419,29790563
18212788,RAiMEi_BOTTliUM,4911.72,4758.78,939,29790564
10856276,henry8546,5082.75,4758.59,630,29790562
12462527,mark2033,5021.44,4758.29,797,29790563
14208559,ajki,5128.17,4757.47,491,29790562
5207420,maomoru,5212.36,4756.54,11,29790561
11732733,Furia,5131.97,4756.52,488,29790562
20842606,Kman909,5173.3,4755.75,188,29790561
29582085,simousa2008,4576.32,4753.65,454,29790569
32795038,osiridesu,4853.25,4753.17,149,29790565
10924050,IgniteTheCat,5086.05,4753.02,558,29790562
36551524,KashiraRiz,5089.85,4752.95,139,29790562
2485549,Earine,5205.02,4752.81,98,29790561
7057796,AnimeJoker,5199.4,4751.73,261,29790561
22180589,Envixw,5114.77,4751.61,426,29790562
22205348,Crystalllized,4725.94,4751.61,983,29790567
28355042,fushengll,5037.46,4751.26,475,29790563
12011880,A__,5124.07,4749.47,278,29790562
13414058,Adurine,4967.31,4749.42,1231,29790564
253055,Stygian Zinogre,5107.83,4749.00,529,29790562
20269653,Heil__,5154.22,4748.86,471,29790561
7337252,Watatsuki,5032,4748.71,987,29790563
1909938,CCX,5045.57,4747.53,620,29790563
22684809,Danny -,5024.05,4747.32,380,29790563
14697856,LazyChildren,5066.54,4746.72,871,29790562
35448030,zijunxu,4908.51,4745.77,592,29790564
12704283,mario881023,4845.46,4743.62,179,29790565
1131178,w940301111,5104.42,4743.20,193,29790562
15238783,DJYDJYD,5179.38,4743.14,134,29790561
9948284,Maki Konuri,5150.88,4742.73,92,29790561
33153176,xb_gemz,5237.58,4742.50,-70,29790560
6752116,Arraxey,4992.69,4741.75,765,29790563
28974717,xt69,5176.68,4741.38,28,29790561
10972689,ElQwertiest,5064.73,4740.45,544,29790562
23289503,_RomanTik_,4983.98,4739.30,1124,29790563
36228309,slow4433,4983.03,4739.27,976,29790563
17698463,flvxify,5177.81,4739.02,200,29790561
10054544,Jboszczar7,5077.02,4738.97,518,29790562
2845089,Lord J,5080.53,4738.74,541,29790562
1899412,Riinz,5013.64,4738.16,798,29790563
7009485,BadAimBoi,5083.67,4738.11,405,29790562
5041831,Nekuro_55,4855.35,4737.84,4,29790565
4511302,tailn,5076.39,4737.11,391,29790562
7522085,solguy,5008.18,4736.34,546,29790563
14471496,kou111711,4807.97,4736.12,746,29790565
5170506,Ballistic,5170.2,4735.93,256,29790561
23149233,NoNameM,5178.3,4735.92,223,29790561
360437,bossandy,4915.25,4735.89,1233,29790564
2634680,kuri1101,5153.34,4735.82,95,29790561
21423968,nerdneko,5015.11,4734.06,157,29790563
36454947,xxyzzz,5224.93,4733.94,-198,29790560
7909231,REGINAONION,5101.36,4733.53,435,29790562
865132,Reat,5036.12,4733.35,697,29790563
12094551,BUSH5441,5148.46,4731.46,239,29790561
11713871,DavGxyz,5016.65,4731.42,746,29790563
11848456,Zerinh0w0,5100.87,4730.62,325,29790562
15573526,ZeNe___,4955.97,4730.61,347,29790564
16722634,kyappikun,5048.35,4730.60,406,29790562
5137051,Stylez521,5129.6,4728.31,248,29790562
24883222,moon a smell,4888.41,4727.63,582,29790565
13962882,Shadowbolts1,5081.76,4727.57,618,29790562
872430,mugyuko,4955.46,4727.56,864,29790564
39739810,QuEntinmain,4863.42,4726.47,514,29790565
26202608,319haru,4890.68,4726.04,362,29790565
25352741,hirkoko,5103.37,4724.10,445,29790562
9983971,d2491,4948.59,4723.61,702,29790564
38081398,luvvyyy,5061.77,4723.34,-110,29790562
9457431,Yuie3,4868.47,4722.53,883,29790565
38803087,momomo_1262,4856.76,4722.37,87,29790565
10212497,ruuuno,5134.66,4721.19,528,29790561
213727,nuttee15,4987.97,4720.47,792,29790563
4254990,SoothingLight25,5007,4720.02,749,29790563
18493901,KirisameVanilla,4551.59,4720.00,555,29790569
14152195,ggaxa,5036.67,4719.93,338,29790563
34433473,5Y0YU,4900.93,4719.63,425,29790564
29384180,GD Luigi,5120.92,4719.59,179,29790562
467843,Ququlu,4753.64,4719.27,137,29790566
11813252,TheNotProGamer,5119.91,4717.38,229,29790562
13530221,Ore,4994.22,4716.44,711,29790563
28316837,Esthefano_1404,5077.87,4715.31,294,29790562
35237347,DONTKILLMELATER,4814.68,4715.29,832,29790565
16347333,Amu6060,5030.76,4714.75,559,29790563
4787843,Koltay,5225.33,4713.82,-140,29790560
37582402,poriniki,4924.66,4713.59,568,29790564
8417378,Sonanted,5022.02,4712.84,512,29790563
8105138,nejzha,4946.98,4712.05,900,29790564
243567,ratstar,5043.61,4710.76,642,29790563
7969342,Negro SanBenito,5066.67,4710.50,279,29790562
9206157,PetrolCake,5140.83,4709.61,4,29790561
3090369,Shepard550,5051.65,4708.92,492,29790562
14042736,kumasaka,5017.04,4708.28,657,29790563
18926253,aquaspirit55,4745.41,4707.87,662,29790566
37525307,sanyohchuu,4782.2,4707.29,747,29790566
7037423,Al-Reina,4999.51,4707.25,763,29790563
10115508,ReF042_snmy,5167.19,4707.18,366,29790561
17093997,BurnThisMoment,5059.01,4706.49,352,29790562
4778508,NF_Hunter,5109.21,4705.95,230,29790562
17085675,ImDet,5115.56,4705.30,196,29790562
36323850,jamojipan,4675.35,4705.09,243,29790567
2449200,AncuL,5063.87,4705.01,360,29790562
14440241,P1ved,5141.54,4704.10,281,29790561
28851233,SAITOUYUUYA,5018.18,4703.73,254,29790563
13451333,AinaFlyingblood,5065.14,4703.72,475,29790562
22752049,Icetea9487,4943.19,4703.13,330,29790564
15978680,tetora1004,4721.49,4703.11,373,29790567
4638525,ShadowMania,5070.29,4703.10,400,29790562
6888308,miniant,5037.39,4701.75,571,29790563
4505714,Ningo,4894.48,4701.08,943,29790564
28009580,gist010304,5023.54,4700.14,331,29790563
7916838,guib123,5098.36,4699.35,175,29790562
2098601,gjruddud,4799.61,4699.35,468,29790566
9118680,Jamie Wright,5165.11,4699.22,188,29790561
16242835,Joacox321,5048.58,4698.07,437,29790562
21730833,nekotorio,4882.79,4697.42,165,29790565
26387167,Lolucasoap,4931.1,4697.12,143,29790564
7894340,KnightC0re,4938.11,4696.73,632,29790564
27743982,Part_Time_Weeb1,4865.75,4695.78,677,29790565
28229708,GedichtBoss,4862.79,4695.33,1266,29790565
3104066,Sesera,5115.84,4695.21,39,29790562
7846422,-Evi,4943.6,4694.64,706,29790564
34005833,SeaDragnoL,4979.77,4694.42,275,29790563
5004322,Mugi Scarlet,4981.13,4694.00,573,29790563
3369839,--Yang--,5055.05,4693.45,309,29790562
39812281,AXLOL,4724.27,4693.23,20,29790567
25458009,WIzh,4894.37,4692.76,639,29790564
11479122,Nostril,4869.14,4692.53,1023,29790565
33797014,K1T_TA,4945.75,4692.36,541,29790564
4726216,ogi-,5078.85,4691.85,260,29790562
8236827,Fumatsu,5091.7,4691.76,169,29790562
38195623,tagew465,4955.83,4691.30,375,29790564
2533040,Bara-,5121.58,4691.18,86,29790562
29194481,DUCKNOPRO,5003.78,4691.08,173,29790563
3318668,Fayth,5080.81,4690.41,336,29790562
5221616,Astrovia,4846.06,4690.29,561,29790565
16504406,chriswsy,5205.9,4689.66,-166,29790561
24687546,plasterjello,5096.83,4689.66,410,29790562
8078099,sirukuro,5174.62,4689.57,-70,29790561
7036601,krx2ysk,5041.66,4688.80,288,29790563
38291810,riroru912,4870.78,4688.44,207,29790565
37530261,WMWMWMWMWM,4710,4688.07,178,29790567
38771045,doryaaaaa,4646,4686.73,1229,29790568
8794921,Tilamyys,4713.5,4685.64,644,29790567
11820130,hc_galaxy,5058.36,4684.08,324,29790562
9387883,dkp8fe,4966.78,4683.73,530,29790564
36194002,ym3476pio,4655.94,4683.39,671,29790568
1381049,Takisy,5074.4,4682.77,368,29790562
6603006,Daydrive,4945.86,4682.02,301,29790564
30136574,Nattow,4824.04,4681.59,621,29790565
35384542,koraa,4931.78,4681.50,642,29790564
11173470,TimeReactor,5052.77,4680.37,230,29790562
6573155,Haliava,4951.25,4679.02,517,29790564
13721434,ibu,4763.53,4678.09,496,29790566
17853701,Golgi apparatus,5036.94,4677.93,472,29790563
8458835,Yasuho,4848.15,4676.82,952,29790565
39690729,pyant,4806.17,4676.33,790,29790566
1907270,Azzy7355608,5034.31,4676.05,558,29790563
7326815,_quexia,5111.38,4675.73,105,29790562
33857223,NekoyanOwO,5070.81,4675.04,151,29790562
4691991,Lume,5141.2,4674.60,0,29790561
31242412,ut_sasq_,4959.88,4674.38,405,29790564
36031235,Scrambled_Eggg,4375.38,4673.71,742,29790572
15416202,Snorlax0510,5058.05,4672.58,359,29790562
32273158,ANNNAKA,4776.45,4672.50,372,29790566
3136263,Ponytheus,4943.01,4672.48,585,29790564
35632415,MyAngelSerika,4972.04,4671.74,693,29790563
11819851,maeaki,4927.08,4670.96,305,29790564
6021847,strk90,4884.35,4670.85,403,29790565
19113773,Lucio_,5117.74,4670.76,280,29790562
38092619,HARUKINGDA,4695.98,4669.71,419,29790567
9827904,polyhedra,4952.5,4669.69,853,29790564
32349297,Reddbug,4958.37,4669.12,589,29790564
30864422,ZEPHUR,5011.23,4668.32,398,29790563
10101384,Mrrp,4988.5,4667.90,737,29790563
10474797,jeff1090054,4975.58,4667.90,230,29790563
9701942,Lucas1,4965.99,4667.33,732,29790564
6402171,damotime,5082.39,4667.13,241,29790562
32390879,turbo_igor_777,4836.51,4667.11,1630,29790565
8726899,HKR_ARKK,4994.75,4666.41,638,29790563
917216,Ableh,4912.77,4666.18,1032,29790564
27074502,Myon_299792458,4934.1,4665.16,857,29790564
20873058,databendter,4894.97,4665.14,981,29790564
4642193,BriaNer,4996,4664.14,670,29790563
610382,oshjoshu99,5072.27,4663.41,100,29790562
21830623,Chanxie,5151.5,4663.12,-14,29790561
14161638,BlakeBelodona,4923.28,4662.24,497,29790564
12164426,haha8,4958.19,4662.14,964,29790564
39136392,be fr,4973.83,4661.65,601,29790563
13161855,deathtips,4979.2,4661.29,574,29790563
8026088,SatsuRare,4805.7,4660.34,962,29790566
4891433,denny31415926,5014.49,4660.28,409,29790563
34434384,kuwagonn,4676.12,4660.20,211,29790567
36577801,esolvy,4421.3,4659.71,1851,29790571
14093336,bitanami,5014.37,4658.58,503,29790563
3163649,GfMRT,4778.16,4658.40,715,29790566
38143334,azarea,4857.89,4657.80,403,29790565
14059135,McEndu,4977.03,4657.59,597,29790563
8891678,yolorosa,4963.65,4656.20,698,29790564
3067537,Javier,5074.94,4655.19,334,29790562
20971315,xXx_Arlet_xXx,4892.02,4654.72,927,29790564
17607667,Natelytle,5032.45,4653.67,58,29790563
19412492,RCdiedjg,5018.68,4653.60,324,29790563
1651146,leo0519,4868.22,4652.14,557,29790565
5879473,NagisaMiaomi,4912.57,4652.05,904,29790564
24091101,mark_of_mystery,4989.11,4651.44,422,29790563
32634517,wheee_s2,4959.7,4650.24,490,29790564
36559882,furea110427,4638.92,4650.14,163,29790568
1070443,zsPixel,4965.46,4648.62,583,29790564
26895890,isa_uwuh,5042.73,4648.53,332,29790563
34416215,gachimeni,5006.35,4647.77,397,29790563
31897532,Rapid_E,4872.28,4647.69,635,29790565
29743758,0PoisonedCandy0,4711.15,4647.54,817,29790567
38240875,wqcs,3869.47,4647.43,215,29790580
12871529,Kyumi,4888.96,4647.20,1033,29790565
9044178,mark2233,4986.81,4647.19,497,29790563
17394882,ranbaruhaomae,4903.66,4647.00,564,29790564
32567071,ramun1104,4579.14,4646.73,564,29790569
20718571,komurokei,4634.75,4645.78,411,29790568
3421998,BoxaBeats,5023.36,4645.31,332,29790563
36087694,mak_iff,4897.1,4644.30,689,29790564
4600688,tetu2487,4887.67,4644.22,894,29790565
14738570,SmokvaWeed,5046.22,4644.01,377,29790563
12724978,eyy_man,4924.06,4643.81,656,29790564
7347925,glec,4902.02,4643.74,1194,29790564
18060504,uShldGetCeleste,4947.54,4643.27,440,29790564
2544140,crepesdenutella,5019.86,4642.06,273,29790563
2573352,sketdans,5060.24,4641.66,202,29790562
9467611,ktmr,4976.74,4641.28,-80,29790563
9648341,SKTelecom,4936.02,4641.05,955,29790564
6537593,FuGuS,5049.15,4640.81,352,29790562
583040,xxYurei,5153.49,4639.82,172,29790561
10491903,Hana Uzaki,5101.07,4639.46,139,29790562
30160112,haruki_192,4900.7,4639.40,549,29790564
10186661,ms0541563q,4969.38,4639.15,455,29790563
9547517,SadGod,5038.37,4639.06,286,29790563
1596418,abcdefgwtw,5052.07,4637.98,506,29790562
20760143,iris0912,4777.46,4637.78,351,29790566
33463662,mini-wifi,5042.54,4637.49,312,29790563
19565563,sommeow,5031.47,4636.81,167,29790563
34954687,Nocta -w-,4655.49,4635.35,1452,29790568
5329471,Dab,5003.12,4634.97,336,29790563
19296942,Sazpax,4981.97,4634.76,606,29790563
13671897,MondaysAGlitch,4935.65,4634.62,532,29790564
1487905,Nixxti,4974.39,4634.59,481,29790563
37440742,Mofugga,5044.16,4633.85,67,29790563
15651450,soap21,4701.15,4633.34,229,29790567
9035622,Lunax2,4956.42,4632.19,401,29790564
39886075,chibibi123,4784.85,4631.40,540,29790566
8297181,Kusa_peko,5032.63,4630.17,191,29790563
2216520,dropion,4987.72,4630.11,294,29790563
15168337,NyanPugPlays,4944.99,4629.00,531,29790564
25476666,2S_Route,5116.75,4628.72,-115,29790562
10500541,FaintGun,4959.26,4628.16,453,29790564
34036169,kemasann,4834.5,4627.77,663,29790565
10613612,Merhaf,5083.29,4627.60,79,29790562
22640418,Tenk33,4941.82,4627.40,495,29790564
36696328,Exsses1991,4993.13,4627.11,538,29790563
14779189,Milque Toast,4937.45,4626.96,656,29790564
1610448,luk334,4979.33,4626.63,527,29790563
35550957,hellst46,4672.31,4626.15,229,29790567
5103820,sealion1215,4859.56,4625.53,768,29790565
9554698,Niflheimrx,4920.67,4625.31,692,29790564
10516560,acrawford69,4967.25,4625.16,343,29790564
6507627,goiabao,5049.91,4624.67,120,29790562
19541623,Astar2000,4950.87,4624.39,763,29790564
7758284,Xqq,4951.55,4624.04,636,29790564
15782961,Louru Juse,4818.01,4623.74,858,29790565
552716,Jdle,5022.53,4623.18,272,29790563
10976108,SiR-EK,4759.26,4622.64,599,29790566
36802605,ampere_tja,4674.12,4622.21,117,29790567
11076773,qwery567,4819.41,4621.64,753,29790565
20624358,meifuu,4908.88,4621.10,436,29790564
960051,Bruce841021,5094.55,4620.76,9,29790562
2109999,MizuiroMira,4869.07,4620.31,497,29790565
6834068,collapse0310,5007.74,4619.96,178,29790563
11557554,Cytusine,4914.99,4619.93,761,29790564
1623405,Okoayu,5029.56,4619.36,253,29790563
8961354,woodychen94,5089.7,4617.69,401,29790562
12142460,neeksal,4984.88,4617.47,469,29790563
670264,DrQwerty,4976.86,4615.71,533,29790563
2941196,vigorkiller,4971.19,4613.83,549,29790563
2195646,Kyubey,4973.31,4613.81,533,29790563
37770890,agodayon,4226.51,4613.36,314,29790574
1722426,nonnpal,4945.27,4613.34,345,29790564
15823344,Ryxliee,4930.49,4613.33,372,29790564
166169,Morshu,4989.92,4613.11,378,29790563
6849950,Iranigami,5037.55,4612.25,247,29790563
10913015,keyrinn,4970.75,4611.47,325,29790563
12191060,Timblegoat,4948.95,4611.39,654,29790564
978707,Pyrka,5035.7,4610.89,449,29790563
8352567,Elperaman,5008.58,4610.20,328,29790563
3069908,euheuheu,5012.6,4609.54,254,29790563
14407859,pest,5000.09,4608.93,601,29790563
29271883,UgandaNegora,4982.61,4608.63,413,29790563
11982886,Affected,5087.08,4608.33,143,29790562
22958007,Seastar153,4938.31,4607.33,739,29790564
11267642,futabas,5041.08,4606.29,63,29790563
1545078,leaver1,4925.55,4605.49,592,29790564
408088,Snepif,4594.71,4604.66,1900,29790568
35759161,yuji88819,4848.49,4604.13,420,29790565
35645180,TohnoToji,4767.16,4603.41,424,29790566
37495748,Der Otto,4863.56,4603.00,656,29790565
16823772,KirillKhit1,4557.43,4602.43,1200,29790569
7390851,Zecallios,4923.09,4602.04,630,29790564
2068599,tsugoiichan,4920.83,4601.64,614,29790564
10528762,A_DerpNIte,4704.21,4601.57,433,29790567
13264604,winterra,4881.05,4601.05,583,29790565
36618672,supersunoko,4542.45,4600.93,488,29790569
1723596,Pipexs,4931.2,4600.00,661,29790564
2255462,eric5363696,4810,4599.97,405,29790565
36568028,Kubinko,4963.49,4599.93,272,29790564
15889961,szkayt,4769.26,4599.49,609,29790566
17879961,EmilyKun,4899.35,4599.48,399,29790564
22641823,mt1,4844.7,4598.36,703,29790565
4922584,Kites,4999.3,4597.40,161,29790563
10785605,REVENGESEEKER,4987.39,4596.73,227,29790563
6161885,sprungeist,4963.99,4596.04,370,29790564
18747734,Terulion,4796.56,4595.86,622,29790566
2720411,Vallimarr,4805.78,4595.43,859,29790566
10307679,umnkenenezo,4712.99,4594.45,1461,29790567
28585260,haruyan0301,4748.74,4594.17,216,29790566
16166137,kim7877,5020.57,4594.14,193,29790563
40062877,JINp_q,4582.2,4593.25,265,29790569
18556828,YoshinoRai,4968.59,4592.42,333,29790563
10614988,jeff11223344,4702.24,4592.37,369,29790567
6988027,Dopyo,4943.93,4591.56,363,29790564
16815819,Conffo,4654.41,4591.33,1739,29790568
30996775,Tanuki11989,4824.53,4591.08,256,29790565
8816844,omphen,4846.95,4590.93,1050,29790565
12011367,Joe liu,4902.56,4590.63,564,29790564
14364385,nath0256,4831.53,4589.95,990,29790565
37215759,SUPERNOVA-9,4661.09,4589.82,351,29790567
766252,HksfFatP,4911.99,4589.77,263,29790564
11207219,OtterCon,4960.83,4589.74,340,29790564
2888925,BootyMusic,4975.23,4589.36,283,29790563
11395298,patos,4914.02,4588.80,362,29790564
10522678,himiko-,5063.34,4587.28,312,29790562
9054706,Celeb,4909.2,4586.79,483,29790564
5896405,to0122,4861.91,4585.05,896,29790565
12586195,Kemone,5385.43,4583.97,224,29790558
2201298,H1nano_Yume,5007.85,4583.79,65,29790563
36676493,zoroa_,4777.23,4583.40,985,29790566
19154602,ooshygirl,5035.14,4582.84,33,29790563
29560227,viperamari,4926.16,4582.63,488,29790564
33281984,neverm0tion,4929.76,4582.55,547,29790564
15721738,BadNature,4633.68,4582.40,534,29790568
12267441,Camaleon 13,4915.62,4582.31,667,29790564
10550971,S-hana,4909.4,4580.37,273,29790564
34379572,KYATY,4565.04,4580.12,432,29790569
1327122,EkinoTz,4947.74,4579.74,424,29790564
33135696,izqyoifanboy,4769.06,4579.60,241,29790566
15235790,biidol,4934.16,4579.38,754,29790564
12583636,dolpshing,4815.43,4579.04,802,29790565
11379377,MoNiKaMaDnEsS,5016.42,4578.96,376,29790563
35750410,toiremodoki,4868.06,4577.99,715,29790565
7755101,TXHXPKA,4803.86,4577.74,1329,29790566
13547544,RemChino,4652.39,4577.70,773,29790568
14895198,Maryren,4877.21,4577.32,429,29790565
2196858,[Xog]Kim,4960.66,4576.49,384,29790564
7793191,hire1767,5047.41,4576.29,-112,29790562
17030454,qa5454561qa,4759.46,4576.15,684,29790566
11320967,Youmow,4948.19,4576.10,673,29790564
4927755,r33k0lol,4632.76,4575.56,1501,29790568
26520776,Liiyu,4823.32,4575.50,393,29790565
355603,sawajiri1201,4866.04,4575.33,665,29790565
1601029,VayneLin,4816.65,4573.48,760,29790565
8064950,0chan_Nullcat,4859.13,4571.66,484,29790565
4960955,whei,4908.74,4571.20,263,29790564
12804769,kkksts,4794.7,4571.16,1087,29790566
19273233,Elizabeth0o0,4832.13,4567.95,318,29790565
9112872,vpertys,4847.3,4567.39,630,29790565
37571464,Fenfen,4889.58,4566.89,529,29790565
4748037,TSM Tyler1,5009.11,4565.47,78,29790563
749967,qnjfr6,4933.03,4565.24,281,29790564
4592763,faer,4925.26,4565.01,399,29790564
5782183,UtaWanijima,4853.02,4563.33,622,29790565
9979328,Kurokami_,4932.1,4563.05,510,29790564
9582932,a0976258843,4866.55,4562.83,399,29790565
12976731,Artifyber,4862.12,4561.88,652,29790565
10854281,MITSUBA_game,4753.49,4560.13,570,29790566
4410699,saturnk,4914.36,4559.81,357,29790564
28734766,tsuki_822,4729.21,4558.19,512,29790567
21074932,bloodskelter,4644.56,4557.95,249,29790568
10473213,LazyDeath,4733.95,4557.83,-41,29790566
17069951,Mochio1,4839.58,4557.62,545,29790565
9869595,thelogane974,4772.45,4557.30,616,29790566
28422513,bfsdfs,4901.29,4556.62,233,29790564
35017079,kotatsumuri_811,4575.82,4556.60,74,29790569
7624172,-Gaminglax-,4886.47,4555.72,716,29790565
7365810,sinonyan,4975.51,4555.45,242,29790563
14549531,cookir,4925.48,4555.10,293,29790564
10112926,hiku4405,4734.65,4554.31,349,29790566
10137224,ayy_i,4875.09,4553.47,529,29790565
35799090,Husker123,4891.87,4553.19,373,29790565
771561,weii55kt,4783.73,4552.99,993,29790566
9532683,Karri,4821.58,4552.85,884,29790565
17281081,Lithium-CORE,4910.82,4552.24,404,29790564
4453709,Meiko2012,4696.88,4552.23,762,29790567
16147389,fyreball,4852.41,4552.05,734,29790565
6529208,pikkoko,4930.35,4551.61,127,29790564
30279494,Demersio,4902.99,4551.47,245,29790564
12122829,velth,4684.09,4550.45,490,29790567
36308771,potato2200,4833.69,4549.46,442,29790565
13372187,danniel258000,4961.65,4549.38,240,29790564
13933591,matrix1313,4762.17,4548.93,739,29790566
24683834,Iize II,4905.43,4548.52,731,29790564
9292128,Trilt,4897.02,4548.48,545,29790564
15807315,[Paw]INKINKINK,4713.1,4547.90,713,29790567
33769101,micha1220,4627.58,4547.20,-4,29790568
1234747,simontom11,4770.57,4547.12,1007,29790566
17817412,littlebird1654,4669.09,4546.99,677,29790567
11711314,Bukwan,4989.62,4546.75,242,29790563
16312506,yu_te_,4763.02,4546.30,322,29790566
599332,emecate,4908.67,4546.17,403,29790564
28528657,Getac,4851.14,4545.47,360,29790565
6037298,2287773563,4722.85,4544.67,743,29790567
3059461,purplehaze,4966.12,4543.76,364,29790564
16005053,Kanekiru,4764.02,4542.41,191,29790566
7353829,peninsularcat,5012.16,4542.33,104,29790563
37911915,JamieKW,4835.72,4542.12,245,29790565
7915493,osoi,5001.67,4541.46,243,29790563
39350610,_scas,4577.1,4541.20,130,29790569
35825395,aqual,4841.26,4540.43,536,29790565
604212,ritomasu1,4883.93,4539.44,502,29790565
10535695,star0827,4508.44,4538.82,432,29790570
9264776,seasongamer,4755.42,4537.00,1518,29790566
28631939,octop,4562.62,4536.80,196,29790569
19883327,Xtvo,4922.85,4536.50,432,29790564
39057775,Sakura0828,4624.39,4536.19,132,29790568
18050910,KGLyu,4713.22,4535.08,558,29790567
39503455,Peaceful_gamma,4612.82,4535.07,-2,29790568
10605929,_Misti,5053.38,4535.01,-283,29790562
14101777,K2M1,4868.33,4534.49,550,29790565
29399073,hizyno,4501.37,4534.33,223,29790570
16521050,TheMasterPiece,4918.28,4533.14,258,29790564
22905348,danlol483,5000.81,4532.74,-87,29790563
33376542,sussymoogus3,4213.01,4531.97,162,29790574
12076436,asuIvaro,4686.6,4531.07,513,29790567
14703386,Luarii,4682.49,4530.54,563,29790567
27960287,aishiro,4937.07,4529.44,-136,29790564
21856180,story1,4884.88,4529.24,397,29790565
4844687,Sakaki_ILO,4913.87,4529.20,222,29790564
21978401,Nothing-Nothing,4867.44,4528.97,450,29790565
4287296,Ren_,4670.58,4528.11,536,29790567
6207107,KizuGotar,4940.56,4527.61,217,29790564
5286213,Deppyforce,4755.23,4527.31,944,29790566
35283067,kakun644,4695.67,4525.99,607,29790567
17973703,hermestia,4711.09,4525.14,969,29790567
4211758,daidarabotti,4700.2,4524.82,685,29790567
13179871,InfinityHorizon,4765.92,4524.67,374,29790566
27057302,UnusualDeviL,4742.01,4524.48,992,29790566
12442952,XardasIG4,4876.55,4524.40,387,29790565
10765111,pxlstuff,4834.34,4523.94,472,29790565
18983,Doomsday,4850.99,4523.62,493,29790565
36177392,Stayrefox,4896.78,4522.43,529,29790564
30259865,NightTr4shXD,4917.2,4522.32,-112,29790564
31334124,mogurasu,4698.65,4521.94,384,29790567
12125431,FrozenTea,4903.44,4519.56,410,29790564
22535640,AcediaV,4639.76,4518.65,994,29790568
11397496,Lefeuer,4819.56,4517.10,407,29790565
30614054,MyntFoxxo,4775.15,4517.00,680,29790566
17701407,GALAXYmusicgame,4657.67,4516.97,256,29790567
6226865,Anyade,4645.56,4516.14,301,29790568
1161584,windsmelody,4844.59,4515.14,583,29790565
22749195,[Crz]Yi_Luo,4625.03,4514.51,336,29790568
19975504,a7na,4769.72,4514.39,936,29790566
10396290,IDWhelan,4789.11,4514.15,833,29790566
32665158,Topo1,4629.18,4513.62,451,29790568
4194445,reflection,4794.83,4513.58,717,29790566
22289835,GeorgeBush2008,4896.1,4513.21,317,29790564
29564035,UniquePupa,4803.09,4512.78,831,29790566
15298270,coooom,4793.29,4512.77,690,29790566
8886396,Loozy,4803.26,4512.66,628,29790566
9042023,sabbatnya,4832.79,4511.78,397,29790565
20117541,CzlowiekEmulato,4626.59,4510.79,1379,29790568
1637983,MP4_NAT_B,4924.34,4510.35,298,29790564
10809251,sukiyuu,4419.52,4510.05,583,29790571
33433096,rxcu,4772.96,4509.66,617,29790566
3477325,- K I R I T O -,4956.52,4509.51,147,29790564
3284545,Reia0827,4895.2,4509.18,105,29790564
32133880,Lio_the_Fox,4621.81,4508.18,509,29790568
9562810,Andrea-sama,4716.99,4507.96,1115,29790567
8189776,vanducks,4872.75,4507.21,378,29790565
22613611,yellowbadbeast,4896.43,4506.57,310,29790564
31030022,Komatsuna,4548.81,4506.04,-142,29790569
7418991,Aujto12,4692.85,4505.72,1127,29790567
12265200,LilacCos,4852.3,4505.56,384,29790565
20690053,Frickinfricks,4809.7,4504.98,444,29790565
9693274,Twinlight,4705.31,4504.92,1307,29790567
7929913,ChiFallkezh,4712.16,4503.82,872,29790567
23228713,Noirle_,4874.79,4503.49,392,29790565
3597183,GAGUA,4834.95,4503.25,474,29790565
9473660,-Kotaro-,4974.96,4501.79,337,29790563
16595081,owotime,4869.44,4501.67,614,29790565
123938,Revengexsoyah,4645.26,4501.59,1315,29790568
39131570,mugi20001205,4560,4501.02,865,29790569
2845904,dectopia,4699.1,4500.43,193,29790567
14024352,zzykrkv,4853.67,4499.54,514,29790565
24910284,fol61,4512.1,4498.95,634,29790570
13215465,thefruss032,4717.89,4498.85,960,29790567
12798171,Taciturn,4874.94,4498.28,478,29790565
15741333,remonjirux,4782.3,4497.78,536,29790566
21354173,MasterInk,4873.23,4497.04,439,29790565
7956403,Meltical,4837.77,4496.91,399,29790565
310522,5Kingi,4895.85,4496.78,343,29790564
11250778,Roboto-Kun,4813.45,4493.69,697,29790565
6902233,bhudhi,4828.19,4493.57,573,29790565
16753400,swlvt,4774.54,4493.29,747,29790566
9680907,Hades,4871.3,4493.15,424,29790565
8259292,Eresh,4753.29,4492.72,351,29790566
17921265,Elexus,4919.69,4492.71,483,29790564
16593974,alos,4670.39,4492.24,918,29790567
39506134,neckload,4744.37,4491.65,428,29790566
15671907,loberlfick,4967.96,4491.46,-200,29790564
5911299,Valtz,4576.83,4491.37,251,29790569
3216107,Civil oath,4838.62,4491.35,646,29790565
12493211,Ch1ken,4515.85,4490.29,287,29790570
2103757,leafgreen,4820.41,4490.07,451,29790565
9693578,AfifSukma,4894.72,4489.27,198,29790564
25999665,777chi-aki,4679.76,4488.78,647,29790567
2773384,Kud16,4825.92,4487.87,664,29790565
1025207,Betsuto,4877.05,4487.66,290,29790565
8031009,glubohno,4886.85,4487.37,296,29790565
11517895,LivelyPeninsula,4767.22,4487.33,633,29790566
9396986,snappyguy,4743.11,4487.19,487,29790566
1697449,syiseiseki,4650.15,4486.21,1202,29790568
38397062,umeboshi_game,4615.48,4483.29,390,29790568
1406196,Elinia,4931.26,4483.04,393,29790564
7851066,Crimson5od,4864.41,4482.91,387,29790565
27476294,Chiwi,4977.99,4482.21,-152,29790563
16542398,LightRabbitz,4862.23,4480.94,234,29790565
2110851,digna,4791.48,4480.83,546,29790566
16982643,_-Nikita-_,4778.68,4480.10,111,29790566
2881724,Nicolas,4585.28,4479.32,428,29790569
491165,NightsOwl,4889.75,4479.22,421,29790565
30245480,WH_Constantinxx,4348.32,4478.94,940,29790572
7337511,BpaFree,4821.77,4477.13,466,29790565
17331239,Deviantchuckles,4784.08,4476.98,391,29790566
409214,RG Incredible,4793.95,4476.63,664,29790566
9849224,Dmoon26,4727.79,4475.63,801,29790567
16005504,RantabFanboy,4901.75,4474.80,257,29790564
24751026,sussy impasta,4773.21,4474.46,612,29790566
27395216,Sugarcat7,4674.92,4473.73,252,29790567
23828491,imiriblade,4404.57,4472.97,762,29790571
7022157,Cream Cheese,4719.95,4472.57,931,29790567
887074,RinRin1737,4832.36,4472.47,476,29790565
39130827,Peaceful_hello,4551.82,4472.06,-44,29790569
36859116,Lily_Vice,4719.43,4471.81,55,29790567
19740513,bouperson,4509.78,4471.67,242,29790570
12212802,Pala12,4786.51,4471.66,623,29790566
15470715,RobertHuy,4580.99,4471.33,830,29790569
19337172,DJ_BEA,4560.75,4471.09,169,29790569
4577722,Sipwin,4799.14,4470.91,613,29790566
1269969,mfgujhgh,4740.24,4470.17,597,29790566
20655884,ager_bot,4941.9,4469.41,78,29790564
11082107,Loox15,4796.1,4469.26,595,29790566
21853055,Night Cruising,4679.54,4469.04,650,29790567
3941160,mono_chill,4826.68,4468.16,365,29790565
8860812,Zenseky,4838.45,4465.78,346,29790565
23949736,rice030303,4717.52,4464.03,492,29790567
9908852,53mg,4938.03,4462.70,-89,29790564
2864691,st-under,4722.67,4462.67,387,29790567
2394721,aa10045aa,4893.74,4462.39,99,29790564
4814337,viktorger288,4842.77,4462.23,221,29790565
32648632,nekotaiko,4539.58,4462.09,175,29790569
15625697,Fennral,4761.81,4461.76,626,29790566
34812472,gloria_3rd,4602.84,4461.68,1316,29790568
38109367,Wenyan_Keith,4428.1,4460.84,510,29790571
20583910,beton312,4781.52,4460.38,272,29790566
5999137,Motakirukushi,4881.39,4460.27,497,29790565
1978650,Sakurai Momoka,4781.99,4460.02,485,29790566
34265097,-IrespectWoman-,4794.08,4459.59,516,29790566
10666075,the smiths,4870.6,4459.53,26,29790565
13937679,mikotunnta,4765.06,4459.07,584,29790566
24131167,yukoji0420,4804.69,4458.85,182,29790566
11202938,Ar_ma,4734.32,4458.40,751,29790566
19639836,jkwoth,4787.03,4458.30,597,29790566
12108891,JustFrankCheese,4727.2,4457.25,1014,29790567
30117242,asunano,4652.27,4456.84,325,29790568
1369252,stacia,4788.68,4456.22,586,29790566
25644402,epictuz,4746.92,4455.25,927,29790566
16980405,luce1nn,4766.03,4455.12,419,29790566
22440887,Hopieeee,4829.59,4454.38,384,29790565
9436300,takegushi,4642.94,4454.05,533,29790568
9920144,Kryterion,4786.41,4453.33,369,29790566
6819318,Sodawea,4799.67,4453.11,537,29790566
16628823,elasticliquids,4806.36,4452.97,149,29790566
15835450,clownbank,4803.94,4452.86,681,29790566
36405516,Wild-Geese,4788.96,4451.82,487,29790566
13097881,LimeTwist,4765.3,4451.46,674,29790566
15363974,Wolfgames108,4621.55,4451.27,197,29790568
16320935,Rasutya,4536.93,4449.75,509,29790569
10891105,NiZY,4674.78,4449.71,819,29790567
18414777,lilyama,4708.51,4449.60,541,29790567
20409746,yamilia,4516.99,4448.76,616,29790570
12888682,Sensei_Piken,4668.45,4448.63,801,29790567
604431,cmw1994,4797.14,4448.43,617,29790566
25554388,krysantheum,4669.65,4448.29,613,29790567
2774242,Luise Amamoto,4918.39,4448.07,197,29790564
19611159,press zx to win,4693.78,4448.05,561,29790567
9767611,OfficialAz3,4721.15,4447.48,779,29790567
14404547,SadrianG,4854.52,4446.92,334,29790565
1666210,HyunaBB,4844.78,4446.84,336,29790565
352029,SuperSatoshi,4854.58,4446.45,319,29790565
9022367,KostyaDT,4600.63,4446.13,834,29790568
32054931,K-Maeleonidae,4806.65,4445.03,577,29790565
38407574,SleepyKirby07,4626.53,4444.48,445,29790568
9375607,Fulmine243,4728.13,4443.82,674,29790567
8591891,Lucid,4799.34,4442.56,410,29790566
8405988,fvralone,4725.24,4441.97,662,29790567
30294488,new gumichan,4577.88,4440.96,378,29790569
31826550,rain-chan,4737.35,4439.61,320,29790566
605811,Kasumiirie,4755.83,4439.59,520,29790566
2794735,RUlN,4851.39,4439.54,176,29790565
6667024,Animerge,4763.36,4438.85,641,29790566
11636319,sigaer,4862.68,4438.45,478,29790565
22584375,Sayshiiro,4731.39,4438.34,685,29790567
36025479,Maxwell404,4585.9,4438.08,524,29790569
8754061,ooazrealoo,4627.32,4437.62,625,29790568
16705358,liadjo,4751.08,4437.54,323,29790566
4591712,TheoryKettle,4845.84,4437.41,514,29790565
6375060,Enohx,4792.28,4437.37,479,29790566
12456383,Takashi Higaro,4689.94,4437.34,325,29790567
14056601,RedcXca,4960.33,4437.22,-204,29790564
19606212,[darkness],4631.81,4436.61,855,29790568
20755937,CrunchyCat,4801.13,4436.51,514,29790566
14431904,Valueter,4703.79,4435.78,326,29790567
32738602,BeatenPuppy,4500.53,4434.77,798,29790570
35380580,MechaMechaGal,4603.54,4434.14,858,29790568
1823231,CrunchyWalnut,4738.59,4433.36,531,29790566
15124962,wind 233,4769.52,4433.09,579,29790566
16410850,Lchant1997,4820.08,4432.96,272,29790565
17422479,[KeQing],4836.04,4432.86,240,29790565
36671696,kevin012345,4469.27,4432.74,196,29790570
9740698,Eta UMa,4689.57,4432.34,982,29790567
1208354,Melenity,4728.97,4431.47,313,29790567
25118401,waifuwetdream,4689.24,4430.22,699,29790567
21555425,Sherry_x3,4555.82,4428.22,855,29790569
37754835,OGM827,4542.83,4427.69,152,29790569
4278552,[ Marie ],4445.02,4426.91,310,29790571
18825707,AppleTier,4817.55,4424.94,494,29790565
29945984,ASRUN,4627.05,4424.74,597,29790568
21792035,Valentinooo20,4612.35,4423.79,793,29790568
9307945,Nio-,4773.94,4423.78,582,29790566
17878258,Gushiken,4814.33,4422.96,301,29790565
1523038,meitantei62,4816.06,4422.66,285,29790565
5764985,PancakeReaper,4904.1,4421.77,-1,29790564
63192,ObserveAMiracle,4751.91,4421.69,553,29790566
6442133,cronchy,4724.83,4420.14,612,29790567
23764210,Kururu941218,4507.3,4418.83,559,29790570
8757093,joune,4629.56,4418.59,870,29790568
11270380,UnraiMatsu,4647.85,4418.35,953,29790568
8972795,Lyseria,4612.88,4418.32,1039,29790568
1843959,WELLY09633,4825.33,4418.20,299,29790565
8766906,beachTurkey,4668.66,4418.18,914,29790567
7175604,itandsr,4906.98,4417.98,122,29790564
30727230,EulaLawrence,4648.98,4413.38,417,29790568
2215660,aneyaru,4691.03,4411.87,864,29790567
3219301,Yellda,4656.06,4411.83,928,29790568
10581611,CharuIs,4804.19,4411.59,302,29790566
35850317,r4kugaa,4515.33,4411.10,415,29790570
4281265,yuuti,4790.17,4410.27,177,29790566
8007619,AikoTatsujin,4703.29,4409.98,601,29790567
3182387,Rennynnn,4774.69,4409.25,334,29790566
12991833,sayumiisdead,4732.67,4408.20,558,29790566
12366071,bsm,4608.21,4408.02,875,29790568
8440939,-Ryu-,4651.92,4407.40,602,29790568
8876527,bnuuyy,4699.94,4407.30,622,29790567
12017783,Benzi_LZK,4876.22,4406.97,282,29790565
16304009,Psy Fly,4725.4,4406.71,581,29790567
37036212,less_,4594.04,4405.53,148,29790568
14270233,Matt_MK,4580.75,4405.15,1189,29790569
31748729,gogosu1989,4752.88,4404.79,267,29790566
34141158,Cryox,4963.4,4404.45,128,29790564
31904852,tuckers,4609.05,4403.31,403,29790568
4654437,koub0804,4754.65,4403.08,545,29790566
17174118,PONKON,4591.46,4402.70,279,29790568
10972179,Miguel V,4672.94,4401.90,827,29790567
13596084,A c o l,4902.42,4401.73,-3,29790564
10521198,chstki,4697.86,4401.63,530,29790567
8842233,TsunLoli,4591.19,4400.78,593,29790568
9267784,FeltaSu,4772.05,4400.57,351,29790566
2266956,Cattleya Nei,4792.12,4399.97,120,29790566
6159717,Ranzel,4694.11,4399.10,358,29790567
2719372,Everror,4778.23,4398.99,345,29790566
10588504,[TKS] Vappy,4685.49,4397.04,723,29790567
31072057,agjok,4512.53,4396.85,161,29790570
8505621,katelynnn,4741.21,4396.52,589,29790566
17965706,[HD]Kotomi,4711.95,4396.15,364,29790567
10800415,AnimeDaily,4671.6,4395.93,870,29790567
4303071,raumikan07,4740.84,4395.41,460,29790566
39507012,Sdesu0123,4444.08,4395.16,409,29790571
14906835,Ikea-Besta,4658.88,4394.46,677,29790567
22955493,OnionConsumer,4670.02,4394.05,640,29790567
12226345,pluaya,4652.77,4393.59,945,29790568
14125461,4us1on,4804.39,4392.78,140,29790566
6216290,nmint,4735.38,4392.31,529,29790566
33182808,Wanio,4537.46,4391.82,456,29790569
5283687,silenturgy,4757.73,4391.06,302,29790566
12020859,CM Legacy,4619.73,4390.35,858,29790568
3285455,Mavenix,4778.88,4390.34,245,29790566
26190138,YES--,4697.07,4389.90,499,29790567
4206956,Mashimaroo16,4656.12,4389.43,1306,29790568
23886148,sousei0519,4638.74,4389.25,203,29790568
8096611,Elfiachaa,4826.88,4388.93,168,29790565
1124941,maru777kome,4798.69,4388.72,270,29790566
10492647,how do i fc,4812.49,4388.68,88,29790565
10807845,korokeme,4636.24,4388.56,1087,29790568
12279253,Ccyuan,4757.3,4388.02,264,29790566
21535210,inazuma0102,4441.04,4387.89,1042,29790571
7747872,Tenchin777,4786.59,4386.50,461,29790566
20358798,momo-210,4466.74,4386.42,147,29790570
37215518,kurida,3816.71,4386.26,409,29790581
17238812,fikter,4686.8,4386.10,455,29790567
37650063,jghhhihhjhg,4648.47,4384.76,-78,29790568
2150777,MocaBread,4787.21,4384.00,367,29790566
3893233,DerpyTurtwig,4653.86,4383.66,564,29790568
30327374,AmeILP,4485.59,4383.52,-21,29790570
30468698,aminoir,4367.7,4383.52,608,29790572
9133695,javitoo22,4606.15,4383.04,539,29790568
32353865,3D3,4800.32,4382.68,79,29790566
15585145,Re_terra,4475.45,4382.66,859,29790570
8455557,clavzno,4668.85,4382.62,791,29790567
36126069,MangaStrummer,4705.98,4382.28,389,29790567
29340816,sunnyyeonny,4571.78,4381.94,608,29790569
35024304,foszforeszkal,4706.53,4381.17,632,29790567
38163853,p4tr3kk,4198.92,4380.95,600,29790574
827240,Alo,4760.64,4380.90,483,29790566
3137836,roboprez,4854.76,4380.86,450,29790565
20426951,EpicKillerPies,4641.2,4379.00,847,29790568
37252964,yuruhasan,4317.95,4378.26,660,29790572
14638859,94ek786,4772.82,4378.17,281,29790566
16848054,RATATYI,4729.47,4377.68,586,29790567
31918854,Melomanic,4804.54,4375.84,97,29790566
5501235,Asmira,4475.7,4375.50,600,29790570
23236585,sh3654,4610.98,4375.41,682,29790568
24946943,tatacherry,4421.52,4374.35,447,29790571
26914183,Osu Mania Hater,4715.3,4373.21,277,29790567
37395723,f1002327399,4526.78,4372.87,471,29790569
904924,moonmel77,4695.1,4372.50,547,29790567
35536563,suzume_otoshi,4490.72,4372.04,251,29790570
23097493,InuraTheWolf,4755,4371.84,272,29790566
36239338,antaku,4301.89,4371.75,288,29790573
4770333,MaedaReiko,4746.21,4371.08,564,29790566
3807675,Kiraz,4777.6,4370.66,237,29790566
1915456,Rolling Boy,4702,4370.61,916,29790567
742778,sinc12,4728.88,4369.02,459,29790567
14237295,Nathan1,4803.44,4368.60,358,29790566
9734540,Saru-chan,4735.26,4368.52,139,29790566
34805171,Lolotte,4652.6,4368.38,550,29790568
13431947,Jerem[Monkey],4699.26,4368.27,568,29790567
10315012,Deerol,4452.33,4368.06,1720,29790570
37142338,Overk3y,4716.34,4367.41,244,29790567
7702212,gummibar,4512.23,4367.27,796,29790570
6101514,LoverofVocaloid,4687.1,4366.77,482,29790567
15801121,ReSabi,4483.15,4366.53,459,29790570
37090957,j123ij,4722.42,4366.49,385,29790567
20105533,seibunkan,4434.14,4366.47,392,29790571
9344489,Mystgun_jibril,4531.73,4365.00,1014,29790569
18577044,paxz2437,4588.35,4364.76,508,29790569
8785395,brainnotfound,4588.17,4364.67,1070,29790569
1560301,Nutnon,4724.53,4364.60,419,29790567
18812343,mikangames,4498.48,4364.45,128,29790570
34494724,m1ru_mu_,4277.01,4364.19,338,29790573
35705750,nami-ra-men,4339.38,4363.96,164,29790572
27699534,ryunji,4615.4,4363.80,689,29790568
9317938,soft bunny,4515.2,4363.34,497,29790570
25116090,pixlllol,4642.57,4363.02,759,29790568
6052953,SapoGordao,4778.78,4362.84,127,29790566
5364823,kannyaws,4759.94,4362.74,229,29790566
6433290,Acamon,4770.76,4362.66,404,29790566
35695964,iroha_ally,4435.8,4362.39,382,29790571
445778,nekosiro,4676.73,4361.98,458,29790567
25909484,zeru0101,4597.38,4361.42,155,29790568
2017139,seatuki,4641.4,4360.77,499,29790568
15807618,57557,4785.23,4360.62,331,29790566
31266012,Santiplay1,4620.06,4360.13,764,29790568
7432241,siowtiansheng,4705,4360.08,420,29790567
2992098,ToriSW_,4714.75,4359.25,439,29790567
3907217,manguelada,4447.87,4359.05,421,29790571
8320895,Yizeda,4783.17,4359.03,219,29790566
4132228,Alycia,4720.31,4358.78,552,29790567
39694671,mochi0m0,4414.73,4357.96,354,29790571
12444507,FChenP,4707,4357.73,472,29790567
39518340,Ytgodsake,4542.63,4357.25,444,29790569
1241453,japanjoe,4770.04,4357.22,207,29790566
27905542,Renate,4667.2,4357.17,581,29790567
33270313,hahahaw,4782.75,4356.58,284,29790566
16804407,nemuko,4715.24,4355.36,435,29790567
39314733,yakinasu,4378.49,4354.76,122,29790572
11168434,Tocco,4786.83,4353.16,123,29790566
2389481,Aryssiel,4641.6,4353.06,223,29790568
14704704,NoelClown33990,4710.6,4352.75,452,29790567
37932064,yh2023wyh,4528.96,4350.91,430,29790569
12074875,[Akachan],4388.84,4350.67,783,29790571
16711624,maimai_____903,4363.6,4349.48,170,29790572
22182471,kamisama0987654,4508.84,4349.34,429,29790570
28634307,Gaiusu,4752.44,4348.75,291,29790566
21353706,Nikva,4541.87,4347.30,860,29790569
16411504,Kleii,4754.72,4347.24,284,29790566
17707448,hachihachi888,4519.66,4347.15,513,29790569
22080991,Laical,4801.53,4346.27,283,29790566
16903407,yamadayama,4481.81,4345.93,275,29790570
11312583,Gohan4Star,4368.44,4345.23,2024,29790572
165605,IATGOF,4649.05,4345.06,848,29790568
12184565,DracowKusen,4669.32,4344.81,573,29790567
10059452,Thirce,4469.84,4344.38,735,29790570
37229534,Rein_uwu,4324.14,4343.60,176,29790572
8811442,-Jonza-,4780.08,4343.30,184,29790566
1442002,AdventTechno,4309.04,4342.94,1781,29790573
8143249,naganegi3993,4556.75,4342.31,325,29790569
1673227,calcalc,4416.99,4342.30,1075,29790571
11270035,Maryfer06,4559.69,4342.06,979,29790569
3186075,humithi,4587.41,4341.96,495,29790569
25135710,77na7gi,4408.59,4341.85,359,29790571
36051400,Bat9Vovan,4639.51,4341.49,406,29790568
17929270,changuila,4731.15,4341.48,229,29790567
2530869,Hyroo,4773.27,4341.26,252,29790566
8684596,kon1234,4634.25,4340.89,533,29790568
7516950,Cookmasta,4645.46,4340.05,814,29790568
5163523,Doku,4398.7,4339.23,1825,29790571
9396680,Essentialess,4711.6,4338.83,305,29790567
7148549,Flying,4712.76,4338.79,255,29790567
14424578,AniPoM,4623.14,4338.37,202,29790568
9770428,OzDen,4544.81,4338.30,1002,29790569
12974047,192,4690.28,4338.24,645,29790567
12111038,tisse,4404.69,4337.58,97,29790571
1618196,sio070,4731.92,4337.30,228,29790567
34591261,tokidayo,4463.17,4337.23,61,29790570
7846099,Tairemisu,4720.64,4336.24,529,29790567
6348213,Welel,4669.44,4335.83,381,29790567
9149310,yamineko042501,4752.51,4335.79,178,29790566
9337497,Cirno Senpai,4532.49,4335.76,1441,29790569
31166357,dareka912,4485.19,4335.72,356,29790570
9906990,flndl09,4599.54,4335.60,500,29790568
6855373,GPS,4744.11,4334.18,624,29790566
2281719,minuie,4669.51,4333.71,474,29790567
25204153,Pineapple840,4646.27,4332.82,358,29790568
12555865,Mio1017,4662.39,4332.81,320,29790567
5441660,DevD,4564.82,4332.77,835,29790569
11688893,hakashii,4667.94,4332.35,637,29790567
38659946,rayu0413,4445.2,4332.35,-43,29790571
14867867,wahin,4699.33,4332.23,376,29790567
12203613,Chrisuly,4730.31,4332.20,305,29790567
13279756,Hekatia,4547.12,4331.95,933,29790569
4881251,Lasseh,4473.25,4331.30,528,29790570
18766316,NiSSON88,4495.02,4331.26,523,29790570
16247587,sardines,4721.65,4330.62,316,29790567
3946347,[Micro-Quazar],4705.38,4330.36,346,29790567
21564274,grim reapers,4592.46,4329.57,343,29790568
14508269,MahFingah,4590.62,4328.94,525,29790569
1612131,infinityds,4738.02,4328.27,196,29790566
25354335,Le_Zozoien,4690.58,4327.02,502,29790567
4127419,Serpens,4597.78,4326.97,741,29790568
14220218,Panobu,4746.1,4326.43,321,29790566
34086301,totoka3710,4732.83,4326.20,179,29790566
2524181,Delivery47,4642.84,4325.41,440,29790568
39889561,ktotama,4662.69,4324.02,-172,29790567
16314022,MithiChang,4428.67,4323.47,683,29790571
10772015,sinvix,4507.55,4323.22,120,29790570
31414526,EMESSPAINT2,4471.06,4323.11,648,29790570
11663882,Jorikawa,4595.77,4322.89,681,29790568
4717050,[ Hydroiix ],4544.42,4322.55,1055,29790569
14709563,DragonK1ng,4862.59,4322.14,-279,29790565
6720695,poburan,4487.73,4321.93,633,29790570
21691443,KageyamiFubuki,4636.86,4321.16,499,29790568
10197511,Miyanocty,4344.64,4318.47,626,29790572
2457607,Riru2025,4494.42,4318.24,788,29790570
25522196,-DarkLord-,4676.95,4317.73,441,29790567
38880005,R_fene9,4337.61,4316.88,282,29790572
1727915,j0976303302,4657.6,4316.74,803,29790568
1629553,choke enough,4484.98,4316.40,786,29790570
7829704,kimahri-san,4611.25,4316.10,810,29790568
20316727,nekososo,4471.9,4315.79,821,29790570
12566564,BlueGalaxy85,4654.08,4315.43,417,29790568
7875558,myon1024,4693.4,4314.47,606,29790567
11857048,Alliemew,4776.76,4314.41,379,29790566
14669334,Window_Kittens,4461.36,4313.85,366,29790570
4689751,i am start,4670.52,4313.27,418,29790567
11308030,stanley960131,4655.16,4312.72,459,29790568
37969624,justIRD,4754.92,4312.43,-169,29790566
12012619,shouyuan,4634.9,4312.12,549,29790568
6049656,jeesusmies,4586.63,4311.75,663,29790569
11431902,NinjaCoktail,4389.59,4311.46,1772,29790571
3912008,Pcstin,4537.62,4310.68,536,29790569
32563737,kira02,4601.12,4310.56,327,29790568
22691179,Wildguy,4630.66,4310.18,613,29790568
22182259,kikilovo,3713.68,4309.71,683,29790583
8528031,Apciimlfe,4671.81,4309.63,559,29790567
9043582,airy4869,4603.26,4309.43,575,29790568
2169456,SAKURAKUN,4739.81,4308.90,223,29790566
13826890,grkn7,4408.96,4308.00,363,29790571
9629068,Cactuar Soul,4543.02,4307.88,705,29790569
4604295,[Izayoi Sakura],4552.94,4307.82,905,29790569
22505402,Vasquex_,4601.47,4306.98,706,29790568
6104641,RedHelios,4415.54,4306.97,1085,29790571
23114593,F4AC,4457.36,4305.43,1274,29790570
12221797,Ensku,4791.37,4304.31,166,29790566
21213535,momoko840313,4468.89,4303.02,531,29790570
9796083,Neguuy,4680.95,4302.92,326,29790567
21665842,vertexxxxx,4489.09,4301.15,328,29790570
16684956,GarconCafe,4636.72,4300.75,447,29790568
24138889,Erg4133,3753.4,4300.14,564,29790582
13011980,Borozoi,4622.74,4300.09,633,29790568
300321,Sh1ni,4544.88,4298.70,875,29790569
18843245,Sagiri_Sensei,4724.74,4298.26,38,29790567
17932840,Modern,4564.34,4298.17,456,29790569
10954103,GENNII101,4651.05,4297.43,223,29790568
20511149,LOTHRICOW,4451.02,4297.38,870,29790571
4082093,yezplz,4681.14,4297.01,419,29790567
10974146,ElGrando smokio,4741.33,4296.95,141,29790566
31082326,Macaron_PC,4486.61,4296.79,454,29790570
3760468,Salieri_ino,4744.73,4296.67,-1,29790566
32821856,misaki0314,4524.05,4296.64,174,29790569
35653313,M Beans,4414.63,4296.19,85,29790571
29761159,NikoN1nja,4412.28,4295.90,881,29790571
36268970,nekochaaan,4394.49,4295.61,76,29790571
14164116,yukasaba,4384.49,4295.61,476,29790571
24194007,Duriduro,4676.36,4295.58,324,29790567
32270423,chaodom,4634.54,4295.49,208,29790568
18741338,LigmaSquad,4768.61,4295.42,-82,29790566
4608265,Eeneehaww30PH,4683.14,4295.37,545,29790567
9653624,L-gi0s,4190.05,4294.33,400,29790574
30904861,kishiuchan,4487.09,4293.63,303,29790570
1981187,Santeri,4629.69,4293.14,588,29790568
2710081,pururun,4605.78,4292.41,585,29790568
19754171,andreu killer,4712.5,4292.18,271,29790567
37748075,kaeru4664,4553.67,4291.96,420,29790569
18671339,senritsusanda,4400.4,4290.92,581,29790571
27537548,Osanai114514,4686.54,4290.51,154,29790567
4884762,Cubiccl,4673.68,4290.04,414,29790567
19143287,zeromen,4758.04,4289.89,-35,29790566
17482520,Yasi6n,4579.65,4288.26,509,29790569
15200991,DodomanHD,4636.58,4287.73,391,29790568
23654866,ShadowFive,4232.25,4287.44,627,29790574
18270641,[LS]Shark,4710.21,4287.23,287,29790567
11078253,Farhan [UwU],4572.28,4286.16,495,29790569
35052141,shiroko_nikoP,4502.49,4285.74,376,29790570
32782719,pengyllis,4676.02,4285.01,168,29790567
15101413,f0od,4701.56,4283.80,-76,29790567
16356922,oprush,4631.1,4283.57,369,29790568
33230665,Aurokai,4583.95,4283.43,763,29790569
9049214,dezmant100,4496.63,4282.85,935,29790570
18004435,DarkLightNinja,4601.54,4282.73,648,29790568
16013112,Soysho10,4656.97,4282.66,486,29790568
10020589,Willyrex,4505.23,4282.35,852,29790570
17128251,Qu_xup0n_KeXeen,4343.74,4280.76,98,29790572
36753838,512,4324.05,4279.83,1018,29790572
13523360,Fighter_778,4620.96,4278.71,463,29790568
1087934,Kappa Police,4603.92,4278.20,562,29790568
27767,happy30,4605.72,4278.16,790,29790568
26018874,ae___86,4344.9,4277.76,206,29790572
17782483,Azide,4600.75,4276.16,908,29790568
9168267,Tatan-,4703.1,4276.11,142,29790567
34327352,Reuthan,4302.95,4275.72,285,29790573
1402808,Nad,4589.76,4275.64,628,29790569
7859738,Crustbell,4594.38,4274.54,801,29790568
29049541,KNKSLIND,4389.5,4274.18,238,29790571
7294440,napping9100,4649.54,4274.13,279,29790568
7138499,Iyouka,4652.85,4274.00,468,29790568
36065494,meditationtap,4376.52,4273.43,1168,29790572
26587279,Exampler,4520.11,4273.09,435,29790569
25677362,fduohgndiuofhg,4266.13,4272.86,328,29790573
12637685,nyinvaders88,4612.46,4272.48,598,29790568
37516811,kurai2847,4645.93,4272.22,199,29790568
13916214,n1trus,4570.69,4272.01,758,29790569
2559377,mizuki23,4655.24,4271.87,420,29790568
18664411,Potaterr,4133.02,4271.71,150,29790575
12926684,boifrosty,4610.36,4271.42,565,29790568
25037852,abebk,4584.79,4271.39,467,29790569
11632126,TIXon161,4571.93,4271.21,555,29790569
12102025,tenngumaru,4322.76,4269.34,252,29790572
26672899,Fengari,4551.07,4268.94,914,29790569
3239812,Bella_tsamara,4599.44,4268.82,483,29790568
14528211,Scarldoc,4637.57,4267.88,483,29790568
1366134,Tebby,4460.43,4267.34,728,29790570
2224182,as37111,4639.58,4267.09,442,29790568
28244217,meowweommeow,4630.07,4266.98,318,29790568
3628543,xLord Martinx,4567.71,4266.29,649,29790569
7428460,Razito,4613.64,4265.72,394,29790568
3895081,Azucchi,4673.11,4265.52,212,29790567
2529585,frutyfrot,4693.63,4265.14,66,29790567
33867598,amanotou,4523.1,4264.88,343,29790569
3510708,jefftamhokwang,4510.34,4263.98,577,29790570
2641242,OtoshivKami,4579,4263.61,223,29790569
5238745,CielTaiko,4723.42,4263.42,125,29790567
3739629,relotyu,4571.37,4262.79,229,29790569
19250186,taaigo,4472.34,4262.72,550,29790570
18863619,jay2001x,3676.5,4262.63,198,29790583
20230367,Mixa_G,4517.14,4262.42,996,29790570
34784020,Lnneto,4479.59,4261.90,735,29790570
8686358,HaroldGmrX,4501.29,4261.27,903,29790570
17756975,sibisisiCBCC,4484.67,4261.19,514,29790570
18922197,natee22,4607.47,4260.77,442,29790568
4671908,MatthewDesu,4606.31,4259.63,537,29790568
2249297,Reo,4666.7,4259.02,215,29790567
4694791,Otaku_haha,4709.65,4258.64,204,29790567
7306698,1103,4601.38,4258.52,602,29790568
15667452,kajxqeirscl,4644.76,4257.59,363,29790568
37554533,souchan163,4296.99,4257.11,188,29790573
3224243,Legless,4597.29,4257.09,584,29790568
39553128,gremmot,4432.65,4256.81,557,29790571
35126121,Pukex_x,4353.63,4255.66,391,29790572
4399390,-Lime,4575.53,4255.59,614,29790569
29374430,ito110,4344.46,4255.41,400,29790572
992211,ShouSaku,4672.17,4255.35,358,29790567
19923505,Orch1ld,4529.67,4255.16,1302,29790569
35191131,moru3966,4589,4254.88,403,29790569
12794580,ScoobTheHusky,4679.12,4254.82,342,29790567
22594669,choppily,4594.91,4254.00,526,29790568
29511221,sunshine335,4639.99,4252.59,430,29790568
4534644,Creamy Cupcake,4659.67,4252.01,331,29790567
13081031,QAZALT,4350.58,4249.34,297,29790572
17538324,_rninq,4437,4249.26,465,29790571
12490483,vacri,4644.64,4248.73,174,29790568
2972843,ksivakorn,4430.07,4248.19,1048,29790571
11244522,jasonhans19,4373.37,4247.03,351,29790572
32095399,Sanguinea,4560.45,4246.62,525,29790569
32968103,sana6012,4666.63,4246.32,137,29790567
9728775,gemzim,4363.39,4245.94,1024,29790572
1144963,stupud woman,4554.64,4245.78,593,29790569
25658618,Asarigohan1360,4229.84,4245.61,617,29790574
23301756,In Falsus,4530.49,4244.56,647,29790569
14045888,Kramgor,4522.26,4244.13,677,29790569
18957093,Nergal VI,4635.77,4243.28,254,29790568
8089619,not don,4344.2,4242.68,180,29790572
18189853,teknsl,4450.39,4241.45,1051,29790571
4502339,kyw,4532.06,4239.56,590,29790569
28218944,Ikiri_Neet,4199.04,4238.90,339,29790574
7382734,Mimir,4518.97,4238.82,870,29790569
12484031,Kitsumetri,4664.76,4238.34,159,29790567
11778353,AI_mymc,4572.44,4238.01,368,29790569
32604949,pochim3,4253.77,4237.76,213,29790573
8180450,Vistram,4580.31,4237.64,559,29790569
14739254,Lemari Es,4432.07,4237.27,1117,29790571
10903752,GeckoMeckoChan,4528.47,4237.13,768,29790569
26514272,LagNeon,4579.44,4236.92,-37,29790569
29608534,firstDown_funny,4425.31,4236.40,380,29790571
10515741,shirokuma0419,4505.15,4235.04,218,29790570
29605148,aluM_8bit,4278.64,4234.61,557,29790573
10161606,TBAdriel,4539.68,4234.20,719,29790569
2009542,MMd-,4570.9,4234.10,496,29790569
4958753,volca_no,4339.28,4233.40,489,29790572
14623587,Lambda0525,4279.4,4232.78,228,29790573
32987668,vicarya,4296.74,4232.68,1197,29790573
15255023,kokosekGaming,4623.06,4231.06,447,29790568
37952988,serialx,4619.44,4230.46,294,29790568
6066359,_Yiiiii,4574.98,4230.30,597,29790569
17170005,[HD]Nyantami,4583.11,4227.40,553,29790569
7617580,poomzza,4535.02,4226.89,547,29790569
22770154,jadedrag,4591.97,4226.40,394,29790568
10096180,lodas_46,4351.42,4226.33,185,29790572
15612292,Arrasy-,4395.93,4226.32,995,29790571
2036685,Fortuner,4451.54,4225.36,389,29790570
14264961,iisobeyan,4494.88,4224.44,944,29790570
17523947,Sydosys,4337.27,4224.02,748,29790572
34987136,panda01r34l,4569.66,4223.65,427,29790569
12128179,Zhannn,4602.35,4222.33,518,29790568
12524740,screw tape,4407.14,4222.20,629,29790571
25062602,KonanNiabocTruk,4610.12,4221.73,258,29790568
11157052,DanyShotCZ,4422.61,4221.61,471,29790571
11628398,PitTerGaming,4557.95,4220.67,320,29790569
31932184,Hi therere,4489.29,4220.51,781,29790570
11642443,meko207,4506.55,4220.28,646,29790570
14712262,Poliduck,4514.65,4220.07,851,29790570
13286326,yukarimybeloved,3940.02,4220.03,242,29790579
3477159,xLime,4453.18,4219.66,815,29790570
1103795,FeeFiasd,4513.95,4219.60,865,29790570
2514200,magistetel,4569.1,4218.98,382,29790569
1356855,RaidenXS,4568.51,4218.81,508,29790569
19141386,Pulsing,4421.59,4217.61,388,29790571
20684332,he_miao,4439.34,4217.14,381,29790571
34402670,slowburn,4532.68,4216.89,486,29790569
35772117,prank0929,4265.23,4216.38,224,29790573
10614731,nnda,4573.36,4216.35,588,29790569
11216472,Panda_0ne,4725.62,4216.24,249,29790567
4322131,not_Naich,4605.16,4215.69,384,29790568
18680202,koominsoo,4608.77,4215.44,613,29790568
22354417,hakaseru,4514.07,4215.34,243,29790570
9005618,twindrill,4530.56,4215.06,641,29790569
27540122,lIIIlIIIlIlI,4343.46,4214.88,1064,29790572
26471144,Mingyu,4342.11,4214.50,147,29790572
6910552,Nononisbestchar,4491.96,4214.20,754,29790570
14546751,Star-Bow-Break,4219.1,4214.19,79,29790574
17289098,LightningJ98,4481.52,4213.70,629,29790570
11135474,Jizzy,4378.65,4213.68,983,29790572
814572,mister-lihao,4663.39,4213.38,91,29790567
4886883,T o m a s,4379.61,4212.72,1322,29790572
32716457,FacDap,4234.71,4212.44,889,29790574
39100472,empressmay,4509.41,4211.90,531,29790570
4123029,[s0T]Zaii_Zaii,4598.43,4210.40,282,29790568
30736482,miyunimuchuu,4485.26,4208.94,750,29790570
17609820,TakETwTb,4266.35,4208.32,31,29790573
4227937,acetension,4462.98,4207.55,1014,29790570
37497800,fopan,4192.55,4207.33,301,29790574
13453929,strawbleach,4533.5,4207.01,319,29790569
26569454,satake_ayatoTTV,4649.13,4207.00,149,29790568
14816338,MelHelm,4575.34,4205.00,582,29790569
23258092,JpTheHUMAN,4473.5,4204.35,717,29790570
9675777,AsaiKentoCH,4481.93,4203.91,429,29790570
18003502,The Mook,4552.07,4203.89,521,29790569
12103701,Fabis3238,4189.9,4202.46,757,29790574
2344363,- [ Lowee ] -,4655.63,4201.19,352,29790568
34832744,Aspectzx,4389.91,4200.97,586,29790571
16675202,-Tofa-,4499.76,4200.67,837,29790570
4915323,a23190058,4323.99,4200.61,511,29790572
10482211,eidi,4517.77,4200.36,366,29790569
11010126,KatieKat,4616.36,4199.72,219,29790568
17429506,Mr Benya kun,4464.94,4199.18,1000,29790570
6307001,MayMarsh,4578.36,4198.95,384,29790569
16371404,takataka829,4327.93,4197.87,161,29790572
15293428,Chromate,4553.45,4197.59,344,29790569
15513319,happergamer,4432.99,4197.48,514,29790571
11680519,Lunar_ChanK,4284.24,4197.39,690,29790573
19660343,BCBC_1111,4244.07,4197.11,306,29790574
17909703,KMG1paint,4497.01,4196.26,704,29790570
9123307,TrueGamerPro,4461.89,4196.00,850,29790570
3489575,saumiu,4569.01,4195.47,629,29790569
19886295,C0rbj_,4565.29,4195.34,493,29790569
13629438,Trailsmix,4522.67,4195.22,669,29790569
10718217,bboykills,4549.3,4193.66,682,29790569
16411841,bylkanais,4536.23,4193.57,550,29790569
30879672,pekichan,4256.88,4193.30,185,29790573
34352239,himazin3,4190.88,4192.83,595,29790574
16396650,Ayamaki,4405.37,4192.75,553,29790571
3828535,Jisatsu,4573.6,4192.56,351,29790569
14201446,ADNHNO,4566.31,4192.20,396,29790569
11318913,BrandonThe4sian,4527.02,4191.40,373,29790569
10278890,Marota,4525.99,4190.90,740,29790569
24795744,tinpoginginmaru,4553.89,4190.63,350,29790569
32331410,hanpen_taro,4278.86,4189.96,212,29790573
2554133,Folk kosee,4453.58,4188.89,933,29790570
2613100,Makos,4499.07,4188.40,413,29790570
26665105,tirins_mp4,4373.01,4188.34,563,29790572
10506072,PossumPrincess,4475.03,4188.20,623,29790570
11758667,kuyusu,4416.3,4187.85,684,29790571
22340512,matrikarzo123,4314.46,4187.10,1012,29790573
33024136,AltSalted,4262.2,4186.88,941,29790573
26429221,gslim,4552.87,4186.82,463,29790569
11581407,Timely,4485.87,4186.67,583,29790570
22149172,pikkupaskiainen,4534.02,4186.21,512,29790569
11859918,coalaulrmp,4438.4,4186.16,421,29790571
10825975,RoeeK,4431.46,4185.70,959,29790571
9521509,eralfehT,4288.94,4185.47,1722,29790573
14311972,Cute3evee,4553.38,4185.05,469,29790569
25701884,okamino,4470.35,4184.83,788,29790570
14782587,jinxkore,4538.66,4184.20,385,29790569
965856,AbyssxInfinity,4587.52,4183.19,390,29790569
6254218,hiandbye,4487.95,4182.58,633,29790570
9915198,[ Verre ],4316.11,4182.52,1076,29790573
1244216,s114701234,4573.73,4182.31,305,29790569
24958362,Creationhunter,4495.65,4182.29,278,29790570
1825691,Roll8695,4407.22,4181.22,1012,29790571
11777243,KADXSN,4305.82,4181.17,756,29790573
314858,SisterOfScarletDevil,4518.05,4180.76,406,29790569
18749383,Codekid,4595.37,4180.50,303,29790568
12039257,hatte,4456.96,4180.40,800,29790570
31872436,Jesse78,4106.75,4180.04,1567,29790576
6686624,Idinaloq_old,4373.92,4180.02,673,29790572
35343242,Me1xia,4468.43,4178.46,435,29790570
16743093,BlueBudgie,4472.84,4177.89,542,29790570
3862491,Ranamir,4482.62,4177.46,679,29790570
11565668,BlastedGaming,4427.51,4176.63,683,29790571
603882,rtyamazaki,4317.14,4176.11,1359,29790573
34457129,Tuma2005,4558.25,4175.63,271,29790569
1925889,DaLooseGoose,4570.58,4175.25,-177,29790569
18313622,ggiana,4486.24,4173.65,603,29790570
2232402,Myosotis0,4493.3,4171.11,703,29790570
38370209,yxhxin1,4331.28,4170.79,788,29790572
29308937,KennyAtlas,4275.2,4170.04,359,29790573
4340564,YukiYummie,4627.67,4169.93,547,29790568
870295,BLEX_OPS,4598.63,4169.83,146,29790568
13302908,-Macoy-,4428.19,4168.99,442,29790571
656520,Gaabia,4465.13,4168.97,899,29790570
12592790,ww123_321,4495.31,4168.56,572,29790570
10982267,trawa,4613.22,4167.62,214,29790568
15803185,disperagioia,4516.62,4167.30,209,29790570
26410937,GEAR_kei,4228.42,4167.16,156,29790574
1896339,yacchanvv,4123.03,4166.70,577,29790576
8498692,Iswenzz,4554.58,4165.58,276,29790569
37570757,tchupaku,4297.1,4164.46,1233,29790573
10242712,Babbless,4502.3,4164.28,496,29790570
32823883,yukiyanagi,4306.47,4163.77,285,29790573
6959293,orange1008,4554.76,4162.13,341,29790569
7903278,walo2314,4517.38,4161.61,297,29790569
25654156,asphexi,4247.14,4161.50,579,29790574
33642178,natukunndayo,4282.54,4160.91,488,29790573
181449,da4tw,4373.73,4160.51,973,29790572
6050316,ingoro,4507.16,4160.15,173,29790570
12953447,marichanxd,4474.3,4159.59,761,29790570
36656117,sazanamiDMA,4494.66,4159.34,257,29790570
113646,arien666,4548.39,4159.10,430,29790569
30029375,oooo,4270.61,4158.97,908,29790573
17187793,joranadja,4528.57,4158.54,596,29790569
33890258,Hisoku_07232525,4352.21,4157.91,302,29790572
15179598,LeafoTama2000,4428.27,4157.50,747,29790571
1270520,jebouin,4369.68,4157.50,727,29790572
21602097,sui_private,4225.49,4157.46,102,29790574
2665207,Shiguri,4615.73,4157.04,-31,29790568
7960710,Miytz,4392.56,4155.46,490,29790571
15862851,eunhee,4573.42,4155.41,196,29790569
7675786,momosukeRX,4505.79,4154.98,495,29790570
32185294,4Us,4602.42,4154.91,51,29790568
8762217,Squadela,4480.29,4154.44,459,29790570
37572727,Aii24,4342.45,4154.16,172,29790572
4815716,hammycheez1,4444.38,4153.98,830,29790571
4869839,pizapon,4508.68,4153.61,394,29790570
11692777,yuyao0101,4576.92,4152.95,224,29790569
8133880,_fefe,4396.32,4152.68,730,29790571
688886,XLevoSaber,4596.67,4152.03,266,29790568
7312408,Ima_,4421.07,4151.48,666,29790571
16825352,tim_han1234,4400.09,4151.21,441,29790571
891934,andy1824,4492.69,4150.81,651,29790570
7355319,harlemshake555,4448.71,4150.68,508,29790571
23951649,charlie007,4311.32,4150.58,734,29790573
445415,kozuma007,4557.35,4150.23,138,29790569
4517168,nkkh,4536.58,4149.99,468,29790569
1108866,JudgeTheDude,4426.11,4148.41,695,29790571
22938331,px_xq,4327.07,4148.28,362,29790572
15210844,titose29,4230.58,4148.12,857,29790574
1129173,QuitarHero,4467.26,4147.77,736,29790570
11148488,pochinusi,4466.81,4147.10,501,29790570
674175,ms0004578,4506.93,4147.07,334,29790570
34085586,Frayed_Ravy,4252.63,4147.05,191,29790573
38902349,S4BOSAN,4164.65,4146.82,271,29790575
972790,McAkio,4545.96,4145.08,337,29790569
4238239,Rilipworldwide,4338.55,4144.98,232,29790572
15903729,Yaladah,4471.68,4144.69,364,29790570
5961807,hammy_pan,4375.03,4144.67,1131,29790572
23429953,Unramdon,4480.17,4144.62,557,29790570
16870995,lessarkawaii,4214.12,4144.50,460,29790574
32223168,Leon0518,4522.92,4144.40,290,29790569
8785563,Kilayna,4468.6,4143.58,521,29790570
1164677,Italo,4446.83,4142.95,446,29790571
30011436,shakemyhead,4486.14,4141.90,148,29790570
32206443,gabensamushroom,4569.6,4140.26,94,29790569
28937814,bizimzuzu,4388.27,4139.96,847,29790571
12052880,Jorlando,4590.06,4139.34,122,29790569
20495074,NikitaBoo2,4615.25,4138.91,363,29790568
7267267,SaturosBalmung,4417.88,4138.47,1338,29790571
15874419,CreaMint_old,4132.2,4137.85,323,29790575
21102581,Namia,3623.79,4137.84,600,29790584
31720303,Crush On You,4484.86,4137.52,453,29790570
7355980,x87,4504.03,4136.98,403,29790570
6951543,HaHaNa,4455.41,4136.87,442,29790570
5234141,NyraU,4542.77,4136.66,467,29790569
39646801,koushi84348,3256.05,4136.27,465,29790591
20089142,Kemae,4396.44,4135.77,112,29790571
36252671,hakanai64,4294.55,4135.45,591,29790573
2290995,Seejhae,4605.32,4133.83,-83,29790568
27942118,best_maniper14,4450.92,4133.71,366,29790571
13382488,Rickster_rick,4265.54,4133.62,1456,29790573
122974,dyx726,4482.36,4132.12,485,29790570
12591054,Cursewater,4483.47,4132.04,404,29790570
8545712,Bakuman55,4470.97,4131.85,537,29790570
2887427,Loid-,4436.67,4130.01,454,29790571
15230797,IceLing,4262.82,4129.05,546,29790573
20748215,[HL]amoun,4449.19,4127.78,508,29790571
5011197,_Aliora_,4357.67,4127.35,927,29790572
32715851,kyuise,4339.09,4127.31,608,29790572
30623978,- Himiko -,4381.67,4127.01,125,29790572
33384891,Faurn,4498.88,4126.65,620,29790570
27793484,epicosuplayer69,4556.92,4126.48,117,29790569
34946858,Shinmania,4311.5,4125.34,655,29790573
8199435,MauriciOSU,4473.02,4125.05,624,29790570
13552212,Enerjy,4405.48,4123.36,511,29790571
15348288,raika101800,4431.15,4123.28,271,29790571
2791958,Gladeryn,4393.51,4123.09,348,29790571
12524853,c0al_black,4413,4122.80,754,29790571
2625351,sakuraba1379,4429.92,4122.79,452,29790571
11934769,LSRevan,4419.34,4122.41,448,29790571
1089497,sentakubasami,4423.86,4122.32,639,29790571
12762763,potato2236,4388.15,4121.52,803,29790571
16126163,ambersummer22,4404.83,4121.38,684,29790571
11529135,Prezident,4202.7,4121.28,1739,29790574
25963849,aragi_ragiragi,4095.84,4120.97,389,29790576
33506951,dizzycloud,4430.93,4120.96,576,29790571
15631559,Kobuto,4523.25,4120.92,287,29790569
34719673,Cafta36mg,4380.72,4120.18,378,29790572
13709049,Ookami_Neko,4463.95,4120.11,271,29790570
1583954,at1129518,4508.58,4120.01,309,29790570
22486356,owc,4198.72,4118.89,1590,29790574
2302569,DiarK,4467.96,4117.24,599,29790570
36744970,bulcuber,4236.19,4116.72,683,29790574
14434882,sapgoon,4410.99,4115.65,564,29790571
2642508,minononn,4510.72,4115.18,364,29790570
3702489,RK4,4424.91,4114.47,392,29790571
2908243,SecretaryTitan,4387.85,4113.37,703,29790571
9475096,Sayaya_,4526.11,4112.95,564,29790569
34136381,wavecheck153,4488.44,4112.66,298,29790570
29394008,__v,4424.56,4111.14,521,29790571
34997229,Angstrom9999,4120.79,4110.16,306,29790576
38923428,S1GchaYT,3792.89,4109.77,331,29790581
19958170,0wl-s17,4410.46,4108.82,443,29790571
16424808,chaufan,4456.42,4108.76,634,29790570
393368,amin0019,4243.89,4108.66,1504,29790574
20085430,Not_Peni,4488.13,4108.00,474,29790570
17234967,matryoshkat,4412.17,4106.47,670,29790571
1572956,Syfou,4522.08,4106.44,267,29790569
3430152,CrescendoFuri,4409.92,4106.26,613,29790571
6179425,Snys_,4451.19,4104.37,86,29790571
32885772,sasamiyashuu,4356.82,4104.31,613,29790572
1878678,myks,4320.27,4104.26,519,29790572
286879,Lemon Cake,4242.88,4103.19,1405,29790574
28602276,mikumo kyou,4164.85,4102.60,99,29790575
9281487,Yorugata,4387.44,4102.06,460,29790571
33525221,wuew,4401.76,4101.89,664,29790571
15160715,yukinaM,4132.78,4101.63,141,29790575
17515388,peppercracker,4386.25,4099.36,664,29790571
25454761,shiooooo1023,4538.87,4099.17,404,29790569
19619948,Muh_Tiar,4404.35,4098.63,688,29790571
34368908,kurimatu0921,4068.04,4098.05,485,29790577
15104472,Noah0120,4403.21,4097.96,478,29790571
6721425,Eagle in Dark,4365.32,4097.02,346,29790572
3359654,HiroM,4401.5,4096.74,727,29790571
7274925,Aeolia,4393.09,4096.62,542,29790571
11854552,IndoBoys,4372.12,4096.60,237,29790572
10502251,FluffyGMD,4357,4096.52,553,29790572
18566390,Nubbo123,3526.8,4095.78,269,29790586
24900706,sattu1357,4386.6,4095.60,322,29790571
30742031,DEADENDMONSTER,4396.94,4094.72,281,29790571
35932431,Kziver,4432.42,4094.65,732,29790571
30309551,tteok,4574.67,4094.58,403,29790569
3326900,Aeoran,4444.16,4094.50,307,29790571
25508193,noobemed,4363.07,4094.05,579,29790572
21497069,anjinn,4318.73,4093.43,204,29790572
13837396,RealDeathmatch,4554.2,4093.32,90,29790569
3388410,Annabel,4231.77,4093.27,1431,29790574
11211402,ShizukaKun,4380.03,4093.25,593,29790572
10176875,SmileyFace,4544.94,4093.07,125,29790569
4979648,Darg777,4480.46,4092.09,397,29790570
14563156,frame6476,4458.99,4091.90,268,29790570
38061923,Draekoryn,3738.78,4091.38,571,29790582
16968362,quatinhs,4476.44,4090.47,-16,29790570
15621000,nose uwu,4472.62,4089.87,413,29790570
9908055,BladeFanboy,4227.56,4088.90,1269,29790574
14657430,zen6,4305.35,4088.55,724,29790573
14795712,AnLy_,4383.45,4088.06,377,29790572
17758486,Batta292,4197.39,4088.01,106,29790574
9139388,ijuryu2003,4266.61,4087.36,743,29790573
24502155,hhhhhhhhhh7,4361.08,4087.35,736,29790572
35548901,AltoidY,4106.84,4087.25,404,29790576
29304214,waiuu,4280.67,4086.79,678,29790573
7070461,Moonie Wolf,4381.94,4086.09,651,29790572
70730,Sure,4416.55,4085.66,1007,29790571
6345512,rosafeles,4432.58,4084.76,451,29790571
8137960,[Distant],4422.08,4084.65,243,29790571
5012729,Arcelanya,4052.66,4084.58,368,29790577
14793702,hyymaidou,4321.52,4083.92,570,29790572
3701859,Teguh805,4319.24,4083.79,1166,29790572
14732891,Puykee,4297.57,4083.70,449,29790573
40062054,lyxxc,4205.3,4083.41,167,29790574
32020137,Sedrist,4406.53,4082.22,525,29790571
13211236,VarvalianFanboy,4400.92,4082.11,506,29790571
3304892,bbigari2,4410.4,4082.07,565,29790571
7930633,Riglumyi,4080.69,4081.74,372,29790576
35027492,lazzzzybear,4427.98,4081.59,374,29790571
14647102,Viscania,4308.16,4078.44,666,29790573
3591320,Ortex,4447.43,4078.11,558,29790571
14708166,SakuyaIz,4375.13,4077.70,726,29790572
9238843,INikkuI,4469.76,4076.79,411,29790570
626907,Stefan,4402.09,4076.54,761,29790571
10368859,Code_Silver,4413.87,4076.25,460,29790571
735584,peels,4378.86,4076.21,726,29790572
2875497,dennischan,4355.3,4075.99,645,29790572
21494118,daito_coffee,4227.32,4075.86,898,29790574
33733361,xxuurruuii,3305.07,4075.53,469,29790590
7579909,misteryong0518,4385.41,4074.73,394,29790571
11227299,DoubleTriple,4460.89,4074.31,422,29790570
31756342,Mochiinu,4281.16,4074.13,540,29790573
8306746,AquaticWyvern,4169.66,4074.08,1040,29790575
28691914,Tail_T,3938.06,4074.04,433,29790579
32130172,bada-,4337.04,4074.03,774,29790572
12950451,midlulu,4317.06,4073.76,606,29790573
13453939,yehifb,4562.05,4073.68,-21,29790569
6673228,amax,4427.24,4073.35,484,29790571
14081774,Yunaa_,4485.32,4072.60,297,29790570
9885863,AtroSpecter,4433.68,4072.32,445,29790571
36425815,Fricey,4395.11,4071.82,287,29790571
35528287,eirist0123,3990.54,4071.74,104,29790578
9325409,AideKaedechan,4455.05,4071.58,413,29790570
16918654,JVRed,4308.62,4071.40,822,29790573
13009185,equalsthree3,4251.09,4071.32,982,29790574
12082939,jesusxd144,4338.68,4071.07,921,29790572
2948139,ChicagoTed,4416.38,4070.67,514,29790571
35901074,ikiaG,4163.18,4070.61,506,29790575
12782765,Enekyo,4295.53,4069.93,353,29790573
10518825,Ichiko,4410.81,4069.09,549,29790571
12270596,Castagne,4338.01,4069.01,894,29790572
31909179,Califormia,3364.5,4068.97,92,29790589
27192115,Nanatic77,4437.26,4068.29,637,29790571
2329651,massyuruumu,4406.92,4068.29,519,29790571
11257528,Koliber,4313.12,4067.68,526,29790573
1513687,AkuRyo_C20,4308.86,4067.42,730,29790573
2306859,Trinka,4445.54,4066.20,262,29790571
16997503,asimari,4292.94,4065.72,652,29790573
9022451,Bloxi,4420,4065.40,573,29790571
6573997,S I L V E R I O,4366.66,4064.84,668,29790572
29507591,cgghoi,3957.89,4064.44,270,29790578
649571,pvh,4355.95,4064.34,727,29790572
28948079,Miso0905,4320.72,4064.24,633,29790572
25237494,dragonTCH,4354.65,4063.85,605,29790572
15493529,XxJoeSwag727xX,4533.77,4063.21,195,29790569
7801901,Cadm1um,4327.85,4063.04,940,29790572
38252167,sawaz99,4110.61,4062.67,387,29790576
37025275,abdrsksw,4311.21,4062.26,704,29790573
31859116,Emerald Block,4318.66,4061.98,929,29790572
11159281,Celestyaa,4392,4061.96,633,29790571
11119484,jerry beat,4373.47,4061.92,520,29790572
4239014,funnelkake,4527.22,4060.91,255,29790569
20265869,owo76544ISNOB,4371.89,4060.51,290,29790572
37608817,Dunkle Seelen,4112.17,4059.82,939,29790576
8244805,OSU-Coco,4347.74,4057.97,407,29790572
11279775,BinahBestWoman,4538.93,4056.49,-9,29790569
39433334,Two Moons,4186.25,4056.24,605,29790575
12780575,kadoen,4380.65,4055.38,519,29790572
1497100,uranoura1,4303.4,4055.20,226,29790573
29789393,nirachan1234567,4032.51,4055.15,181,29790577
23854006,CorrePraFuji,4335.27,4054.88,844,29790572
38431225,y_d,4113.61,4054.58,64,29790576
16687439,Mu3y,4172.61,4053.71,144,29790575
16607874,life1101,3653.48,4053.59,258,29790584
20569104,Krystal Quan,4474.78,4053.51,59,29790570
20727092,Aregularhuman,4397.57,4052.98,183,29790571
6506555,_sakura__,4375.63,4052.62,280,29790572
6385052,nenoriu,4276.52,4052.52,1064,29790573
19857906,Fubk,4323.34,4051.67,991,29790572
9699160,-Chen,4389.72,4051.38,623,29790571
39969418,dontwannadothis,4099.53,4050.73,402,29790576
12159899,MineFrostID,4347.64,4049.74,512,29790572
7168912,M4hU,4340.61,4049.08,816,29790572
29879238,eliassfck,4341.93,4048.75,640,29790572
24225287,yzbg,4323.52,4048.50,468,29790572
758181,Iris,4289.54,4048.08,1091,29790573
485474,Ken Doll,4335.64,4047.85,853,29790572
359756,Shiki H,4404.13,4046.95,499,29790571
12484908,Traz,4408.36,4046.89,386,29790571
13514678,MordeyMay,4398.57,4046.84,435,29790571
14840965,Nostalix,4346.71,4046.15,487,29790572
15259671,hiro2828,4164.92,4046.03,284,29790575
3969897,Tokinode,4473.6,4045.66,261,29790570
19759673,mjj,4311.68,4045.00,1021,29790573
15796773,FoxtrotOnce,4281.42,4044.61,705,29790573
2301886,Laretta90,4416.9,4044.35,508,29790571
17608115,MMG_GMM,4340.41,4043.77,488,29790572
3298835,LazyHamilton,4210.05,4043.66,894,29790574
37926271,CyanRotsk,4064.05,4043.62,196,29790577
16365373,hayabusa1002,4167.09,4042.68,447,29790575
25063738,Redgard Telign,4387.59,4041.58,431,29790571
11130202,Megumeme4466,4478.06,4040.07,149,29790570
11549304,stan_bells,4352.89,4039.78,829,29790572
28863709,xpotato135,4218.12,4039.51,847,29790574
30924602,Essence,4500,4038.27,36,29790570
20861940,Calcitonin,4338.77,4037.54,678,29790572
3623805,kjuszino,4436.37,4037.53,207,29790571
5357565,Devus19,4377.48,4037.52,441,29790572
14304844,Ryi777,4244.18,4037.39,426,29790574
21240032,KKai8,4348.75,4037.30,651,29790572
25612605,Evil M14,4218.58,4037.20,573,29790574
6624958,Sayonara-Bao,4093.36,4036.17,576,29790576
2808144,Mulo,4416.82,4036.05,407,29790571
14137468,TomiRG,4245.61,4035.99,856,29790574
11435769,ZoltanHolmes,4477.27,4035.82,97,29790570
37308589,cestlaviet8438,3972.35,4035.27,205,29790578
28286661,just a mob,4372.48,4034.75,463,29790572
8784852,andrecraper,4327.54,4033.38,315,29790572
3556891,_demo,4299.16,4033.11,633,29790573
1102273,DestinySonata,4397.9,4031.62,402,29790571
11284997,Denchik050,4312.53,4031.28,633,29790573
10367236,Danapel,4192.32,4031.14,606,29790574
8187883,swordmaster59,4429.08,4030.55,376,29790571
8725508,OMERU_YS,4199.17,4030.54,515,29790574
40015689,raichaan,3964.08,4030.17,82,29790578
9380604,Kasperatu,4464.51,4030.06,209,29790570
1962678,WRX_STI_SUBARU,4353.16,4029.72,964,29790572
25328004,Codename LNX,4074.16,4029.50,245,29790576
2056493,ShinRunner1st,4351.98,4029.35,599,29790572
8269841,RinAmagiFanGirl,4414.29,4029.11,212,29790571
34361388,tottemo_nina,4142.97,4029.09,343,29790575
25711070,Lxivaz_,4041,4028.89,113,29790577
13825455,Skzynic,4334.05,4028.86,570,29790572
1893674,mojarin16,4278.31,4028.67,442,29790573
23337237,FirebreatherYT,4366.29,4028.21,385,29790572
12172599,shikasennbei,4394.21,4027.88,376,29790571
37828247,tocchinozo,4201.21,4027.73,494,29790574
18021371,Frodyan,4307.59,4027.70,123,29790573
13095607,Narugaya2,4334.4,4027.63,594,29790572
25293341,kiwi961224,4188.26,4027.47,511,29790575
33775306,Latibulater,4401.11,4026.97,121,29790571
11405431,Letor,4501.89,4026.68,94,29790570
2364610,HalfTime,4348.9,4024.66,190,29790572
7754110,BluGalaxian,4250.17,4024.66,1069,29790574
5750909,-Treble,4343,4023.86,608,29790572
8105655,-Vid,4402.87,4023.11,429,29790571
15293531,RyuZX0,4430.99,4022.93,288,29790571
2766029,Nelvin_27,4459.4,4022.78,442,29790570
34831130,AJBest,4244.75,4022.67,553,29790574
1029152,pmon,4234.52,4021.02,906,29790574
6463885,_WWEaboo,4342.73,4020.09,445,29790572
715675,Charming,4048.66,4019.95,2043,29790577
10306849,Skrub,4131.81,4019.75,1444,29790575
29704364,Tranquanto,4301.82,4019.16,502,29790573
4603452,shinon0729,4365.01,4018.88,437,29790572
4228412,poktopus,4418.68,4018.56,326,29790571
38517431,20081111,4003.89,4018.17,350,29790578
10048194,GotGamezM8,4316.94,4017.66,464,29790573
6087472,sebasellol,4388,4017.03,445,29790571
10078803,Moyatamasan,4291.79,4016.95,528,29790573
39242886,Taiko1409,4290.33,4016.94,442,29790573
24335917,nichijou,4190.43,4016.52,550,29790574
7556517,stealman,4338.13,4016.34,153,29790572
900727,MUFFIE,4292.68,4015.28,695,29790573
21674561,Lanalgadetomoe,4228.33,4015.24,1363,29790574
1620982,PDJoon-,4376.24,4014.98,302,29790572
18229415,Maniysya,4089.97,4014.80,544,29790576
37698054,Bny319,4066.39,4014.35,4,29790577
34350838,ZEX1021,4129.63,4014.02,811,29790575
6054853,KyuSharp,4223.38,4012.66,1044,29790574
26007463,kimchi_b,4297.7,4012.60,604,29790573
654108,Aurele,4361.73,4012.44,673,29790572
10502375,HolySteven,4230.72,4011.78,473,29790574
19480650,ElderSubZero,4254.87,4011.66,675,29790573
38242554,Shark03060,4261.1,4010.61,174,29790573
2554751,Silence Y,4455.15,4010.26,151,29790570
15891037,oaan,3968.75,4010.24,199,29790578
14585583,RylieXD,4436.44,4009.88,175,29790571
10167123,Naschama,4019.83,4008.80,247,29790577
31050465,higuti,4044.43,4008.59,179,29790577
1511679,hardplasticman,4306.64,4006.82,577,29790573
29387175,siomizu,4073.36,4005.53,339,29790576
33606305,OtiaS,4126.41,4005.39,346,29790576
22074452,MiniMatheus,3306.04,4005.23,378,29790590
5061802,shuzou54678,4111.01,4004.78,235,29790576
1866926,nvrsebas,4353.49,4004.26,594,29790572
12087564,Alcea,4274.36,4004.00,616,29790573
5364668,Kaigamer_old,4322.44,4003.20,533,29790572
5351518,-Kaguya,4242.76,4002.76,588,29790574
12068083,eraserguy,4241.02,4002.10,1078,29790574
1901911,Tarochan2,4183.12,4001.63,419,29790575
29846391,cotton__0609,3891.31,4001.47,520,29790580
9482176,aqilmanuar,4297.77,4001.33,213,29790573
19875979,NeekamiArt,4350.98,4000.65,533,29790572
38891814,yang_jing_yuan,4002.39,4000.40,459,29790578
8859231,kureon21,4235.16,4000.05,823,29790574
9299438,inoru25,4017.92,3999.62,959,29790577
11624396,albuhn,4356.28,3999.34,431,29790572
19702299,Chibihallo,4330.88,3998.00,619,29790572
14918539,bedfastlamb,4383.19,3997.49,447,29790572
12561637,ESTER HABFARM,4262.05,3997.36,886,29790573
20656485,antony88fayah,4262.42,3997.25,622,29790573
5714473,Teud,4425.15,3996.31,156,29790571
3671876,5201413,4307.44,3996.09,596,29790573
9333626,Flandre_0495_old,4184.15,3996.04,1045,29790575
29690433,Ninym_,4203.91,3995.81,813,29790574
16767400,ridesu,4315.85,3995.74,414,29790573
35277175,twun_tya,4252.52,3995.13,274,29790573
2300364,Lost Story,4199.36,3994.95,1388,29790574
16803166,shun6400,4004.32,3994.89,647,29790578
7663545,shetonic,4248.05,3994.69,930,29790574
22862401,Juega26elprro,4236.42,3994.31,721,29790574
1578354,Zack_F,4357.42,3993.91,378,29790572
165495,slymaster,4312.61,3993.27,509,29790573
35470426,TaikoRRetad,4042.82,3992.90,139,29790577
211243,CVCHIEZI,4425.38,3992.77,434,29790571
35756600,ryOyr,3915.14,3992.59,282,29790579
37664243,ElysiaTaiko,4395.36,3991.43,253,29790571
14924757,Ducklett1,4211.8,3990.78,485,29790574
27721617,altimet-tntn,4123.09,3990.33,89,29790576
30252801,DragonZz203954,3967.82,3989.56,302,29790578
11300738,narrie93,4405.6,3988.82,124,29790571
15591751,V1g1lante,4279.06,3987.57,683,29790573
10985346,Airasevitaa_,4313.74,3987.41,507,29790573
15174983,jasonlin0601,4237.46,3987.24,393,29790574
30087396,ramsec,4234.86,3987.03,721,29790574
2842181,_Hanako,4340.91,3986.82,345,29790572
32605587,luvmyfamily9783,4165.15,3986.08,803,29790575
3513752,Skyvz,4306.17,3985.60,670,29790573
14591224,pssb_osu,4204.13,3985.40,1061,29790574
17290197,mantul4185,4320.19,3985.31,599,29790572
7833299,keno492,4312.17,3985.10,569,29790573
14429959,Zorropanda,4211.11,3985.04,912,29790574
13484677,kariage3313,4141.65,3984.98,1377,29790575
13810563,Seigasms,4272.54,3984.97,463,29790573
7668748,Hickacou,4295.22,3984.77,605,29790573
8874778,TarkusBlackIron,4314.68,3984.48,558,29790573
2622505,xxperigosoxx,4359.85,3982.33,402,29790572
33659670,Yoshiftw x],4278.48,3981.88,572,29790573
13106858,reina255,4321.4,3981.70,495,29790572
9462837,[GI] Inby,4122.2,3981.34,428,29790576
7375505,Titovare,4294.76,3980.90,687,29790573
16764526,airballer,4331.42,3980.85,494,29790572
13941047,elidle,4070.27,3980.64,925,29790576
15470738,kooo,4285.57,3980.17,774,29790573
23712595,non non non,4199.5,3980.17,710,29790574
7768626,Xiaysa,4369.28,3980.07,407,29790572
7319564,Eisokin,4256.16,3978.87,318,29790573
31395059,0-jun-0,4074.67,3978.86,287,29790576
4820793,Unlucky_w,4209.39,3978.48,837,29790574
32830556,fanfale,4156.32,3976.58,193,29790575
9289070,Iridium,4136.12,3976.56,800,29790575
26699834,hdao,4137.64,3976.25,-41,29790575
16550316,Silona,4158.14,3975.29,280,29790575
20805191,enhri,4379.12,3974.04,253,29790572
36144793,Artemiy_228,4088.33,3973.60,802,29790576
23986227,Itiruka,3947.14,3973.59,521,29790579
10903072,KitMaid,4269.23,3973.42,708,29790573
25830112,sha333k,4036.34,3972.29,285,29790577
23909894,ChottoMatey,4285.82,3972.27,501,29790573
33834757,Aochan1305,4071.78,3971.41,461,29790576
4018724,AyaseMitsukasa,4254.39,3970.98,644,29790573
441380,ethox,4163.24,3970.91,1003,29790575
20205897,entelecheia,4040.64,3970.56,354,29790577
32252494,mistyOSU,3091.9,3970.43,204,29790595
3114630,a666,4392.43,3969.80,172,29790571
28270458,Spring__Rain,4200.98,3969.78,470,29790574
10329055,Lin-KZM,4121.1,3969.37,592,29790576
10208196,IgryshkaDiavola,4323.65,3968.82,296,29790572
6716636,runa369,4199.62,3968.46,623,29790574
37738787,Shloam,4274.15,3968.17,482,29790573
6372167,KsamGnik,4404.91,3966.74,210,29790571
31406508,kitunekun,4300.38,3966.70,29,29790573
2946481,Vanilla,4185.94,3965.98,53,29790575
27939810,yukanoosushi,4307.32,3965.83,459,29790573
11086223,Fluffy_kat123,4223.18,3965.83,856,29790574
35837104,TW_noodles,4130.78,3965.67,432,29790575
9573836,Barry Chopstick,4205.77,3965.29,851,29790574
37018477,cobra6731,4335.2,3965.20,332,29790572
31042682,Fuuneral,3298.71,3964.16,588,29790590
5919873,Xan-,3875.72,3964.09,650,29790580
7500352,-Mimikyu-,4359.1,3963.55,276,29790572
32677341,howard9555,4247.93,3962.21,398,29790574
11353503,leev56,4349.12,3962.00,254,29790572
7592136,Daletto,4163.91,3961.12,1202,29790575
27682423,honda_honda,4301.63,3960.83,461,29790573
17866055,tanj21,4279.67,3959.46,369,29790573
6865575,StarLightPeter,4334.92,3958.22,189,29790572
38524409,Miyu_0915,3928.62,3957.26,438,29790579
23069895,jish0407,4320.53,3957.05,519,29790572
6991510,bensonky03,4239.96,3957.03,757,29790574
14937480,Zhuzhu10,4294.7,3957.01,159,29790573
35017845,HIRORIN_Melee,4168.93,3955.89,557,29790575
9905256,Kaseyy,4356.61,3955.62,127,29790572
29413629,INFERNY,3948.37,3955.44,1523,29790579
4212983,PerroArg,4246.82,3954.07,576,29790574
20871530,greg__heffley,4279.27,3953.86,319,29790573
12537169,Fitsi,4438.57,3953.12,86,29790571
10869622,Yawlo,4243.68,3952.63,691,29790574
26908506,Vaicai,3982,3952.52,764,29790578
39720429,AK-74,4137.92,3951.62,425,29790575
28149922,manjuukami,4005.89,3951.58,189,29790578
4591602,R4ViD,4112.96,3951.14,669,29790576
36525717,Necoya,3968.33,3951.01,316,29790578
19917226,corrot,4241.68,3950.41,388,29790574
3918346,Flumpb,4347.93,3948.95,208,29790572
36088641,Tadikk,4249.69,3948.52,567,29790574
21233184,pandalovesm1lfs,4220.42,3948.01,329,29790574
34581149,Qqqqwp,4071.52,3947.89,203,29790576
17805814,po1,4339.03,3947.58,99,29790572
29355941,-Nexus-,4213.56,3947.29,701,29790574
14315035,KuusneLy,4358.3,3947.24,276,29790572
6781503,AeCw,4221.92,3946.83,793,29790574
4914515,Zex,4338.35,3945.75,307,29790572
5931019,PancitoHD,4302.62,3945.67,467,29790573
12999187,kawaiipanda369,4255.04,3945.59,316,29790573
5127266,Destiny_0915,4097.08,3945.57,601,29790576
11274429,koliwil,4339.74,3944.66,434,29790572
26682359,MadSamurai45,4124.44,3943.63,753,29790576
16446976,kunyim,4151.25,3943.30,866,29790575
6157373,_NiceW_,4231.69,3942.88,650,29790574
36094164,omalpolkaaaa,4065.69,3942.36,-55,29790577
3639458,Bokasa,3932.95,3942.20,816,29790579
9858230,astroboy11957,4252.98,3940.86,411,29790573
39008152,peko-1,4049.45,3940.45,191,29790577
5104578,Bub,4068.53,3940.41,323,29790576
2158836,lyuteily,4240.73,3939.25,747,29790574
1515975,tmddnjs2569,4311.98,3938.43,479,29790573
26369381,gintoki04,4143.33,3937.67,1287,29790575
10177427,karen0717,4208.93,3937.28,379,29790574
11941281,AyumuRmix2,4065.27,3936.34,681,29790577
13204495,[Rewna],4296.2,3936.33,387,29790573
30299500,Bruthhinder,4262.67,3936.28,321,29790573
10888689,[LS]Gavin,4191.21,3936.01,776,29790574
33849166,sadrrh,3893.88,3935.60,432,29790579
26616489,Bao_Tempest,4171.25,3935.18,963,29790575
25486924,fuka-,4083.09,3934.49,482,29790576
1906975,Hellotomlol225,4134.18,3934.29,451,29790575
16967740,Sk31lz,3975.84,3933.89,1266,29790578
19006237,MissAim_mig,4149.62,3933.83,513,29790575
9932339,ParseeMizuhashi,4215.21,3931.76,239,29790574
30897232,mipChil,4248.6,3931.30,566,29790574
12703087,dream1054966,4249.54,3931.11,577,29790574
4774021,chainzuki,4301.25,3930.21,716,29790573
14948820,Tegame-Chan_,4092.97,3929.57,596,29790576
7446372,Giman1204,4196.77,3929.30,690,29790574
13684312,Rl0,4049.16,3928.59,59,29790577
16229396,Jiminho,4228.96,3928.11,599,29790574
8089276,itspoohpy,4047.68,3928.08,1661,29790577
3304325,daemok,4287.5,3927.81,693,29790573
16125019,lowlier,4252.23,3927.53,429,29790573
15153963,ahomo,4037.49,3926.93,407,29790577
6357293,-Amuse-,4117.93,3926.82,947,29790576
39333531,[Harumi],3896.8,3926.74,249,29790579
8660184,67667,4256.8,3926.47,505,29790573
23297065,Syubarut,4354.32,3925.22,106,29790572
19107638,DiamondGenius75,4088.53,3924.82,385,29790576
32488148,haru1027,4127.39,3923.96,672,29790575
25433526,Densha,4319.71,3923.88,155,29790572
4834038,tgi74000,4207.69,3923.60,618,29790574
26577009,IMSAYZEMLOL,4111.2,3923.52,714,29790576
24552735,RealRandoGuy,4214.75,3923.48,579,29790574
9023192,apex6941,3980.28,3923.30,562,29790578
31409645,tiioriti,3991.56,3923.28,30,29790578
34948669,hanyuu furude,4219.53,3923.23,450,29790574
8705788,Ashtwee,4269.93,3922.94,489,29790573
9143594,reshiramS,4315.39,3922.64,489,29790573
22994926,[MG] Socialista,4340.1,3922.20,221,29790572
22984722,drdr emotion,4320.98,3922.19,237,29790572
18472130,qingfeng9997,4188.06,3921.91,691,29790575
14501426,lilieze-,3845.28,3921.34,693,29790580
25311607,miyosi,4003.77,3921.30,246,29790578
1443497,Ninewolf,4256.99,3921.15,519,29790573
6959747,uppdatee,4182.75,3920.58,795,29790575
22597206,beruru,4234.38,3920.50,315,29790574
3315650,YuKiToKoi,4128.08,3920.00,967,29790575
4395133,[bear],4289.86,3919.98,418,29790573
10354402,Gothem,3240.16,3919.00,931,29790591
7605565,Royce551,4164.43,3917.30,587,29790575
1597488,Thrust,4155.46,3917.21,1063,29790575
25845463,lemon_ade2238,3856.27,3916.85,168,29790580
17740440,Foxy007cz,4005.59,3916.40,627,29790578
34222443,soratama869,4076.54,3915.71,603,29790576
3089753,moss5252,4329.87,3915.38,53,29790572
31747041,arthv,4252.89,3915.06,403,29790573
28480279,ZEN0609,4307.71,3915.04,177,29790573
38729476,EineKleine_NK,4093.21,3915.04,392,29790576
10931814,chiyokotannn,4331.76,3914.63,376,29790572
18274787,TzDesc,4227.66,3914.56,446,29790574
12777897,Hail Emilia,4071.33,3914.34,832,29790576
34978265,GANTA5,4237.82,3912.71,48,29790574
7184830,suzumotoHikari,4135.35,3911.87,974,29790575
31139760,rosssx24,4048.78,3911.82,84,29790577
13859320,UTAU,4170.06,3911.80,659,29790575
18960805,saeze,4308.76,3911.41,326,29790573
17797442,ItzCuy,4161.33,3911.25,456,29790575
27835620,NovaProXGD,4245.98,3911.00,725,29790574
7163399,ikarinngu2248,4267.11,3910.45,181,29790573
7862767,Colorful_skies,4273.05,3910.13,602,29790573
1485679,skywalker_z,4251.34,3909.54,392,29790574
6567273,emo_drain_2009,4319.37,3909.51,217,29790572
14657774,neapolitans,4076.62,3909.46,1040,29790576
27653812,sakuremi,4072.4,3908.31,253,29790576
2436051,Hisoka,4200,3907.70,772,29790574
5009534,mjcoaster,4306.96,3907.34,46,29790573
32929520,MadEyeAlex,4329.54,3907.14,120,29790572
13719548,HerbalChihuahua,4131.66,3906.97,997,29790575
2808197,IIIIIIIIIIIlIII,4345.84,3906.76,141,29790572
17516010,oT1452,3620.42,3906.69,933,29790584
36184369,akiyammie,4212.09,3906.12,621,29790574
35898997,pemguimn,4391.47,3905.97,-75,29790571
2592165,hasamint,4206.2,3905.80,452,29790574
7233152,RetroFizz,4228.72,3905.00,612,29790574
38087702,hakoooo,3946.64,3904.85,1022,29790579
4175623,h4chi3,4258.45,3904.67,345,29790573
1205554,ryouka-sogetsu,4174.84,3904.61,854,29790575
9680798,qwertyqwyu,4189.03,3904.47,718,29790575
12164975,sim1222,4175.18,3904.11,529,29790575
35402783,machiroon,4216.97,3904.05,329,29790574
27574846,atore-to,3967.71,3903.39,629,29790578
16024762,JyroZeppeli,4117.22,3902.89,393,29790576
21451547,imitation__milk,3941.64,3902.40,222,29790579
37646126,pair-of-lens,4018.73,3902.21,756,29790577
18228070,Tinlong1208,4190.31,3902.14,616,29790574
16531150,hakanaiume,4265.66,3901.38,183,29790573
8527574,WozzleToff,3967.49,3901.00,418,29790578
28146835,E2-9000e-loser,4202.56,3900.49,364,29790574
31331801,yoistan,4296.8,3899.39,194,29790573
11656686,nonoman45,4238.26,3899.06,555,29790574
37362262,SCG64,4054.16,3898.91,574,29790577
14022033,Slayermoon,4254.76,3898.04,622,29790573
37753109,sebastyan7,4055.79,3897.38,315,29790577
11093440,kagerou1138,3943.75,3897.00,424,29790579
11648931,cccqqq,3970.57,3896.27,242,29790578
25535722,Swd_146296,4170.9,3895.91,563,29790575
3189069,dnfd,4150.06,3895.78,742,29790575
37215847,stupidguy,4251.88,3895.76,212,29790573
22928965,Spurran,4052.93,3894.85,731,29790577
28098141,Kituneaneki,4193.64,3894.48,736,29790574
4470775,razorfruit,4335.35,3894.27,-9,29790572
15237135,L2X,4283.39,3894.19,471,29790573
39355482,sanuss,4310.15,3893.37,67,29790573
29532641,takasan1129,4149.24,3893.20,367,29790575
10881626,Atendiendo,4249.92,3893.09,342,29790574
28974362,sea-island,3777.48,3892.01,184,29790581
32064468,takonigiri,4103.4,3891.79,-185,29790576
17673611,Anwul_,4194.16,3891.63,477,29790574
9088428,catria,4178.67,3891.24,409,29790575
1060081,Chie Satonaka,4199.28,3890.99,535,29790574
315888,a3461379910,4281.6,3890.53,490,29790573
13131179,Segnitia,4220.32,3890.16,517,29790574
4094860,Billythekidzz,4276.37,3889.80,311,29790573
38186362,scrotisms,3957.14,3889.45,1001,29790578
5569341,Rossi,3961.7,3889.13,1794,29790578
19267745,Xanthous,4238.84,3888.90,561,29790574
14481646,Min,4298.45,3887.56,225,29790573
7439226,Feraligatr,4169.21,3887.49,727,29790575
37186556,WhimpyLad,4068.34,3887.22,565,29790577
16834311,syame,4107.4,3886.20,-27,29790576
5794505,zxc1,4161.66,3884.96,969,29790575
13164989,hypernoval,4127.11,3884.38,401,29790575
19123870,ustasishn,4172.86,3884.18,612,29790575
23148945,The_Oyonve,4173.3,3884.14,730,29790575
7798349,PakaZ,4286.39,3883.60,267,29790573
39208859,chiten1088,4034.05,3883.21,460,29790577
8264181,Lirei,4168.67,3882.29,892,29790575
6711592,IceFreakii,3943.5,3882.07,898,29790579
33463540,Lekalanine,4221.24,3881.69,298,29790574
24071361,beefier,4292.59,3881.62,348,29790573
29688003,xMasahuzi,3860.58,3881.56,139,29790580
8267620,Yolight377,4297.35,3881.13,-15,29790573
1594767,Hunteriwi,4161.23,3880.63,637,29790575
17414986,Xoo,4230.17,3880.39,466,29790574
36621410,superfkr,4256.6,3879.41,224,29790573
7094393,OcklePod,4197.59,3878.57,487,29790574
27980194,BRDNN,4115.3,3877.90,543,29790576
13915963,Buzzy,4234.79,3877.54,273,29790574
24474976,sleqprexw,4248.53,3877.25,387,29790574
19173189,Diavulu,4069.13,3877.01,303,29790576
16734203,instal,4264.89,3876.33,266,29790573
23184105,Otoyo Raiu,4004.38,3876.32,371,29790578
1400073,moncar321,4235.56,3875.06,437,29790574
21650448,ImmortalWaz,4218.9,3874.70,427,29790574
33856458,w1ngester_q,4078.15,3874.62,655,29790576
23788501,IPlayWithMyFeet,4114.8,3874.41,723,29790576
28406069,kenskenpapa,3894.09,3874.05,80,29790579
13301803,StarFallingX,4248.16,3873.84,443,29790574
1338373,PauseNPlay,4222.76,3872.88,426,29790574
20969950,Tervi,4162.82,3872.82,423,29790575
4377555,Kelpo Flakey,4136.66,3872.75,628,29790575
1997633,Lliria,4134.94,3872.46,662,29790575
16168363,chameleon93117,4000.61,3872.39,316,29790578
6704297,emiIio,3976.71,3872.36,651,29790578
10855993,AmazingSausage,4049,3872.18,633,29790577
18392959,eins2674,4001.31,3872.11,616,29790578
7124930,AeolusRaZor,3958.8,3871.91,178,29790578
19531847,Xiyisilix,4147.74,3871.82,639,29790575
23094975,Perikov,4326.61,3871.70,-6,29790572
35064074,x_D_,3908.5,3871.58,1145,29790579
13351654,Anime,4084.77,3871.06,798,29790576
38186427,banapi,3945.34,3870.79,68,29790579
32172955,mana omg,4145.22,3868.88,432,29790575
25992039,rairapusu8,4068.76,3868.33,517,29790576
3083175,civic0960,3976.06,3868.33,578,29790578
30596475,pixiie,4250.57,3867.74,314,29790574
10925847,Rinne Ohara,4054.89,3866.92,549,29790577
14902715,Mamo3,3839.46,3866.70,224,29790580
2391960,Kwom,4147.98,3866.27,483,29790575
14808011,Huhkun,3988.91,3866.22,701,29790578
5105552,kio togami,4078.59,3865.89,992,29790576
6157219,Saru_kun,4175.93,3865.84,264,29790575
28059584,RGraisu,3920.81,3865.57,75,29790579
31373063,wasabiaisu,3965.64,3864.81,984,29790578
21830852,Cry_Wh,4061.74,3864.61,471,29790577
21367988,zblader6,4223.81,3864.22,352,29790574
30492668,_Navio2421_,4087.71,3864.21,790,29790576
25033390,PAChaos,4254.67,3864.13,345,29790573
22504447,Goatsyy,4092.57,3863.94,570,29790576
4950395,Binarization,4253.6,3863.72,281,29790573
12958376,EXTERNALIZATION,4135.9,3863.53,772,29790575
29193192,Kitsasan,4101.78,3863.52,1075,29790576
11269247,[-mel-],4177.89,3862.74,558,29790575
14304945,mycho2003,4219.01,3861.85,365,29790574
39126539,Jabberwock,4038.05,3861.70,585,29790577
21706431,man gaming,4227.92,3861.15,453,29790574
32909991,nasubiALLERGYYY,3939.43,3859.61,555,29790579
3692533,Pog,4149.7,3858.98,666,29790575
8737650,username_16_21,4179.39,3858.92,309,29790575
1769338,7 K e n a n a 7,3924.69,3857.93,671,29790579
14494717,BlueChinchompa,4261.63,3857.70,403,29790573
23973323,kiryy,4131.08,3857.57,434,29790575
31512704,icehearted,4195.26,3857.34,309,29790574
22265545,FireOfEnder,4056.55,3857.32,963,29790577
322799,Bodzio,4155.3,3857.08,977,29790575
8040749,Raykkai,4146.42,3857.03,772,29790575
9344363,ChocoVanillaOsu,3888.97,3856.24,331,29790580
39874461,respia9GsOeDx,3809.28,3856.05,403,29790581
19144739,Dingo1234,4110.47,3855.57,872,29790576
25497882,Sakutoja,4156.52,3854.66,498,29790575
7023371,sciboy,4092.32,3854.31,985,29790576
8893772,Molli,4155.89,3854.25,490,29790575
7775146,Vacivity,4138.78,3854.20,333,29790575
2760954,Mile,4242.41,3854.10,363,29790574
21870555,seven17500,4088.45,3853.11,661,29790576
9773141,murakumo5266,4119.42,3853.09,95,29790576
36906426,grodingprime,4035.81,3852.65,398,29790577
40156357,LKHolly,3308.55,3852.42,673,29790590
16868806,Cessna,4034.47,3851.95,369,29790577
31196690,icebeee,3912.7,3851.58,668,29790579
18064998,Osutohardforme,4014.64,3851.44,1211,29790577
24115820,HPPineapple,4158.67,3850.61,298,29790575
2474018,MostDakka,4160.75,3850.58,555,29790575
4270412,mhatyu,4222.9,3849.75,219,29790574
37994105,pa-sento,3973.75,3849.63,-8,29790578
30947041,ChickenPieBest,4280,3849.58,25,29790573
6251363,xkamen,4129.95,3849.29,844,29790575
29819804,I am SeoYul,4224.22,3849.14,310,29790574
11143063,Clefie,4056.93,3849.03,648,29790577
5804081,furubaki,4264.75,3848.83,158,29790573
9126009,HatsuneMiku_92,4197.51,3847.86,624,29790574
16943921,Shiba Kun,4265.98,3847.53,59,29790573
34876224,jsisjsj,4303.16,3847.19,-64,29790573
27703515,richietozier,4178.06,3846.94,287,29790575
18068505,sevenhundred,4210.81,3846.81,660,29790574
34423401,tokiha_,3941.29,3846.54,684,29790579
6349512,Aoba_San,4102.59,3845.57,821,29790576
1957682,DanteMan,4222.17,3844.84,278,29790574
11890721,-[ ExVoid ]-,4074.35,3844.35,306,29790576
13921248,1narc6,4233.87,3844.29,219,29790574
3394851,Board,4106.21,3844.27,401,29790576
36753806,Janomecho,4141.01,3844.25,701,29790575
2765421,ning052688,4179.81,3844.23,463,29790575
9680548,oioi,4049.98,3843.32,408,29790577
15815791,GasmaskChan,4233.11,3841.53,374,29790574
14089698,YeahCraz,4112.42,3838.49,385,29790576
12108301,Gurkenmann,4147.38,3837.44,293,29790575
9508109,onetabby,4072.34,3837.44,528,29790576
26591665,rking16288,4061.42,3836.93,393,29790577
30054285,Xxy0987,4046.47,3836.81,367,29790577
18292548,Blubyoshi,4086.94,3836.25,387,29790576
31753192,Nugul_E,3922.88,3836.23,650,29790579
34013173,TheGoddessAzuki,4096.47,3836.15,578,29790576
20400659,qurut,4017.4,3835.87,147,29790577
20370645,DIMASICK,4221.58,3835.22,426,29790574
1136098,Celis,3935.89,3835.11,685,29790579
12675121,guest3s,4271.84,3834.93,-94,29790573
18543431,NaiPofo,4159.97,3834.53,429,29790575
14106450,worst hr player,3900.93,3832.24,616,29790579
15595060,MilesPrower,4022.56,3831.87,494,29790577
24172909,Cosmarina,4162.26,3830.90,471,29790575
8307248,PAUMIEep,4063.02,3830.14,295,29790577
11961175,TheGamerGuy654,4168.57,3830.01,583,29790575
15973903,Zeto_69,4040.09,3829.81,696,29790577
39824537,HyperTsu,3897.47,3829.45,416,29790579
9643628,siranyamu,3982.83,3827.61,296,29790578
38241718,kout4,3938.39,3827.61,259,29790579
3032612,Terrabasher,4096.83,3826.16,250,29790576
8251923,Velvet Neko,4119.3,3825.19,731,29790576
4931536,syugorms,4283.86,3825.02,19,29790573
16520738,insa2018,4008.57,3824.52,576,29790578
13630137,rantabie,3860.85,3823.94,276,29790580
2870475,Fransupan,4018.18,3823.13,896,29790577
13075119,captain waffles,4170.13,3823.11,581,29790575
14374484,PurpleAngel,4032.24,3822.31,365,29790577
28365645,mozzarella2865,4123.22,3821.74,546,29790576
16520701,AuronTakeda,3881.49,3821.17,743,29790580
3169817,Tsumineko,4120.6,3820.33,697,29790576
37454789,rainy boots,4185.63,3820.00,763,29790575
1373019,magunamu77,4081.5,3819.77,735,29790576
29697002,kakenama4g,4105.26,3819.66,314,29790576
23029355,Fenixpro980,4166.94,3818.89,377,29790575
9512790,Kalesy,4140.5,3818.63,584,29790575
34428731,orif,4124.2,3818.11,452,29790576
8499833,Jorioz,4205.07,3817.86,246,29790574
2618601,- CTCT -,4195.19,3817.81,309,29790574
19248632,ThugXY28,4138.14,3817.37,365,29790575
9707589,LastriZ,4000.73,3816.78,540,29790578
6838794,Garfellini,4119.91,3816.23,648,29790576
16986297,maaron,3823.54,3816.08,343,29790581
4410902,Fachundo,4154.35,3816.05,320,29790575
2699198,Bat777,4016.1,3815.97,1043,29790577
30987112,Ruk05,3986.6,3815.72,8,29790578
2979129,tutinotomi,4139.64,3815.38,710,29790575
13451704,MeiYang_SSS,4111.29,3815.20,689,29790576
13863006,pascall,4060.39,3814.72,434,29790577
27707751,jx63,4066.5,3814.54,809,29790577
555517,puratina,4132.09,3814.40,625,29790575
18092569,LazritDc4K,4054.52,3814.14,447,29790577
30163447,Pokklo,4066.97,3813.43,558,29790577
34606924,GabiDrak616,4151.71,3813.38,437,29790575
1723744,donnma,3902.23,3813.36,762,29790579
37639252,Chilemy,3939.09,3813.19,164,29790579
32902653,IdolunbaMMK,3798.7,3812.79,317,29790581
14439857,Skeleton 120,4107.18,3812.32,870,29790576
12284608,RJbyM,4191.12,3812.26,422,29790574
791477,Benton,3954.56,3812.26,1153,29790578
1776603,Kagamiu,4136.84,3812.15,485,29790575
16297925,shimoji,4090.12,3811.56,721,29790576
5241655,Parachor,4034.16,3811.50,826,29790577
32878510,kokokoco,4163.8,3811.14,213,29790575
6796722,StellaFox,4201.72,3811.13,291,29790574
16547923,asveatan,4242.82,3811.09,652,29790574
13588932,pii,4164.08,3810.97,477,29790575
4703725,bloodc4,4223.74,3810.59,424,29790574
6799924,YahirNicolas,4121.17,3809.81,386,29790576
15083785,bbanthrax,4088.62,3809.30,741,29790576
28206437,colorfulcat2434,3905.6,3809.08,202,29790579
3541394,Falcon,3933.63,3808.80,1542,29790579
3937808,shoe lace,4177.14,3808.46,334,29790575
32923208,rakasah,3837.65,3808.31,297,29790580
14926274,fivlier,4081.8,3807.39,574,29790576
38945142,nimame,3853.84,3807.19,410,29790580
21664343,64bits_,4086.8,3806.38,881,29790576
6177591,ALWAYSWANNACRY,3813.57,3805.65,332,29790581
9081535,YonaP,3912.59,3805.42,364,29790579
39965350,meitei_kawaii,3836.07,3804.78,166,29790580
10406522,MoosterCZSK,3993.24,3804.58,1022,29790578
6775828,gafu0320,4003.83,3803.85,567,29790578
14396902,s105669516,4203.99,3803.39,280,29790574
24772408,eli_bee,4023.71,3802.24,602,29790577
1993363,caplico18,4277.93,3801.28,-37,29790573
29366033,Aullow,4138.6,3800.81,384,29790575
2073890,Colvertmetal334,4223.5,3800.54,164,29790574
10814653,Potatoritos,3990.7,3800.52,481,29790578
35329057,Zovi,4162.17,3799.19,333,29790575
4425399,Ken Yin,4111.48,3798.94,860,29790576
13160815,sasapanda0721,3757.19,3798.65,292,29790582
13632897,Bastian06,4048.55,3798.32,697,29790577
2024543,geass0101,4174.03,3797.98,252,29790575
16054558,___eric___,4138.06,3797.80,557,29790575
12052646,umasou039,3937.37,3795.69,66,29790579
29314451,If_Xiki,4092.89,3795.31,221,29790576
34885323,soph1nn,4091.78,3795.23,511,29790576
12126082,Locurador,3929.77,3795.21,829,29790579
9647636,tolvrylander,4043.99,3794.82,1063,29790577
698870,L0sErBoI,4116.19,3794.73,500,29790576
23625318,jinjenfoool,4059.48,3794.32,567,29790577
18564015,geiboi77,3903.73,3794.21,1349,29790579
7306062,ZFxSky,4113.5,3793.72,740,29790576
8404990,Sonmi,3901.99,3793.12,935,29790579
6650660,macchan0408,3880.57,3792.43,792,29790580
10998462,erichsieh,4109.45,3791.70,318,29790576
17276611,furry69420,4020.85,3791.47,590,29790577
8324732,bug_player,4131.43,3791.39,678,29790575
10831582,Ganyu1,4271.67,3791.35,42,29790573
9896619,Pelzig,4060.62,3790.99,482,29790577
4628550,CrazyTempo,4131.72,3790.90,483,29790575
13553095,Yukina7407,4084.33,3790.48,723,29790576
13196735,denp4,4143.5,3789.46,484,29790575
20725461,Mango_Potato,4067.25,3789.43,617,29790577
17646052,Japanese mrekk,3903.96,3788.53,304,29790579
16614789,EoD_Lauch,4006.21,3788.47,1150,29790578
27961114,Hayuki,3977.29,3787.57,48,29790578
7578369,Akyg13,4060.99,3787.12,879,29790577
7812289,Antisheeps,4020.68,3786.79,830,29790577
671603,Juje,4176.82,3786.55,385,29790575
6642597,Rukairi,3958.23,3786.32,1125,29790578
30484424,terana,3790.72,3786.02,560,29790581
30909476,mei 02,3812.75,3785.67,311,29790581
18472529,magnolia0129,4073.48,3785.55,370,29790576
26469768,funny610pear,4104.06,3785.35,705,29790576
16704949,cd2114,4209.08,3785.13,262,29790574
4586549,picki,4110.85,3783.63,409,29790576
33035363,kuun,3834.91,3783.39,347,29790581
7337463,spiderman224,4134.11,3782.57,836,29790575
16151396,yamcha_boi,4115.9,3782.17,560,29790576
4313928,gugasn,4075.77,3781.94,415,29790576
12086239,sammyfrogy,4026.94,3781.82,499,29790577
14737821,dora wong,4019.07,3781.71,747,29790577
26514123,MajikMatthew,4178.43,3781.36,183,29790575
20427321,tanaka1031,3830.46,3781.16,853,29790581
19902865,Imuwashi,3889.82,3781.10,536,29790580
36685009,kowman10,4143.67,3780.96,212,29790575
21605058,IUNARIHS,4119.13,3780.83,519,29790576
21448861,kitketkat,4087.04,3780.79,555,29790576
18113570,Noob,3958.45,3779.94,1172,29790578
31937830,nekota1113,3882.27,3779.76,291,29790580
12267346,thatdoggo_old,3957.99,3779.66,585,29790578
30512989,oyumaru0511,3815.84,3778.35,372,29790581
13061055,Kihiza,4031.75,3778.14,734,29790577
96890,kuymaster,4168.13,3778.12,490,29790575
1350496,habotan,4093.67,3777.44,661,29790576
16567864,Nameless-_,4084.86,3777.40,324,29790576
9974238,Green tiger,4050.82,3776.40,673,29790577
11778511,aa2103358,4079.33,3776.35,669,29790576
3373599,TrueNoodle,4095.76,3775.84,469,29790576
8476610,Chromaggus,4150.49,3775.77,345,29790575
9413097,themrkefirek,4189.62,3774.70,291,29790574
5707593,IonieMeow,4161.17,3774.43,316,29790575
37126409,MuffinBnnuy,3854.93,3774.27,573,29790580
23493662,asgax2crazy,4116.78,3773.83,550,29790576
16135124,toranowa,3919.69,3773.81,379,29790579
12513942,ngo,3866.74,3773.68,217,29790580
15679283,Raihan1242,4122.32,3773.44,22,29790576
113005,Shiro,4075.02,3773.35,771,29790576
23466009,riguren,4127.58,3773.20,335,29790575
31170941,pakumanchan,3991.95,3773.12,228,29790578
2331416,w140686228,4144.71,3772.88,341,29790575
15399445,Nator1,3981.63,3772.39,498,29790578
13277322,Wrusty,4146.73,3772.19,322,29790575
37077686,rurumobile,3755.13,3772.09,215,29790582
23865485,Henjai,3907.15,3771.69,559,29790579
10614993,namjeo,4113.4,3771.12,500,29790576
10557490,Akshiro,3937.48,3771.09,948,29790579
10703537,solis-chan,3873.47,3770.89,833,29790580
33889736,Josecasti,3937.77,3770.43,439,29790579
4198466,poti-pa,4159.88,3770.37,127,29790575
822003,tangtruyenvu,3853.24,3770.02,425,29790580
13094254,Inluhev90,3945.5,3769.52,816,29790579
8142224,pong pong,4096.38,3769.33,575,29790576
23854004,AkreLaK,3948.94,3769.24,771,29790579
39896738,mea__1123,3793.69,3769.10,176,29790581
13471675,star_jie,4085.06,3767.37,380,29790576
2668395,marcin99p,4021.58,3767.32,957,29790577
34865947,Gom19z,3735.79,3766.82,233,29790582
8205568,serious max,4095.43,3766.51,520,29790576
37019522,tyariodayo1223,3952.27,3766.42,100,29790578
16899553,Maitoo,4209.15,3765.65,340,29790574
15272997,SimplySynthy,3890.77,3764.95,1003,29790580
6104601,airu9497,3970.44,3764.71,446,29790578
12183823,Skrubble,4217.31,3764.13,-18,29790574
20504726,4grm,3944.49,3763.22,250,29790579
15085539,7qy,3957.25,3763.04,685,29790578
6739378,Touhou Fanboy,4062.51,3762.95,790,29790577
10046145,reiijuki,4023.49,3762.01,525,29790577
2388186,Pulongong,4100.35,3761.57,456,29790576
1764454,Gato,3786.83,3761.39,881,29790581
33575921,chinolove,4086.17,3761.32,361,29790576
1129768,samuel0824,4089.7,3761.24,452,29790576
1727716,EnzioBRFZ,4032.91,3761.05,1145,29790577
37542504,stars1227,3762.81,3760.93,147,29790582
2103927,topecnz,3890.05,3760.07,1297,29790580
10861156,Hensheyk,3947.66,3759.77,850,29790579
10748877,TheiCato,4028.35,3759.76,606,29790577
10661747,makoto15,3992.82,3759.47,487,29790578
8884687,Livvo,4100.72,3759.27,583,29790576
32330373,meisurua,4079.71,3759.17,364,29790576
33840325,right12,4021.21,3758.78,422,29790577
39270573,LostGiratina,4072.68,3758.50,472,29790576
36582577,IkerElGod,4052.5,3758.30,500,29790577
37651625,kt6543,3410.43,3758.15,577,29790588
4424564,mizmiz,3861.22,3757.63,857,29790580
4372552,S h i g u r e,4116.26,3756.98,537,29790576
11072183,iniwach,3857.16,3756.42,304,29790580
32446607,yun0043,3778.13,3755.59,385,29790581
36171189,melonkake,3949.92,3755.55,534,29790579
11028060,Kamkina,3871.62,3754.63,261,29790580
6810783,AChins,4007.75,3753.32,511,29790578
1492327,Sonicoro,3802.44,3752.88,261,29790581
6646234,Machako,4181.82,3752.77,185,29790575
4831633,GumDX,4072.92,3752.75,910,29790576
12940020,Garun3141,3996.11,3752.12,463,29790578
28325328,nqnuta,4082.7,3751.56,487,29790576
6008659,silversword02,4128.43,3751.33,443,29790575
598200,w0000095,4116.03,3750.56,465,29790576
39434212,hatonabe3,3635.47,3749.89,264,29790584
9229968,GG_com2016,4067.92,3748.64,478,29790577
8804301,nnmmj,4070.49,3746.49,727,29790576
8263033,ShkrimpSauce,4081.08,3746.26,905,29790576
10724940,xBinalk,3880.86,3746.20,299,29790580
13725537,okthen098,3955.34,3745.99,681,29790578
409174,tinynewtman,3925.4,3745.94,1097,29790579
7566921,Poko-Tin[mania],3924.86,3745.91,1115,29790579
1406145,royni42,4068.46,3745.69,404,29790577
6880420,Sequoia,4112.06,3745.30,504,29790576
12157886,low acc gamer,4032.08,3745.09,443,29790577
38363768,Vain_,3851.54,3745.04,345,29790580
5303913,Purbiworl,4012.57,3744.46,625,29790578
14163177,monika1023,4025,3744.16,341,29790577
10537763,negitoro_6262,3752.67,3743.92,133,29790582
33451176,Holl,4144.92,3743.85,116,29790575
2132525,okatin2,4030.86,3743.85,354,29790577
8732440,-MasterKing850-,4100.04,3743.83,527,29790576
13151625,Marshmellow,4072.14,3743.81,341,29790576
39486687,rumi313,3738.94,3741.84,129,29790582
9781014,Miwiki,3900.47,3741.73,638,29790579
9105477,SomeRandomN00B,4067.36,3741.35,446,29790577
14869736,oppastyle09,4002.12,3741.12,562,29790578
17104032,Speaki,3903.31,3740.90,278,29790579
25807326,ImJun0,3950.93,3740.61,629,29790579
33294593,mugfiiii,3735.54,3740.18,112,29790582
10569381,Fading Reverie,4075.63,3739.33,322,29790576
2895497,Kouno_,4109.25,3738.61,424,29790576
17343720,_Gibus_,4239.9,3738.47,405,29790574
31236123,PringDeSu,3872.28,3738.47,676,29790580
17864390,PotatoChipsYee,4077.76,3738.36,436,29790576
36539009,kava0331,3894.83,3737.65,234,29790579
4707671,Scyph,4453.41,3737.62,144,29790570
16701326,Gamtor Games,4151.78,3736.82,170,29790575
10794612,nnamue,4062.69,3736.44,505,29790577
4721984,sharou1,4077.96,3736.25,387,29790576
9506860,Skuudere27,4087.35,3735.94,520,29790576
12470177,Rentoi,4168.38,3735.21,-264,29790575
10841651,toe,4028.59,3735.19,548,29790577
17318413,BeikaChan,4111.66,3735.00,251,29790576
644861,flood91073,3914.92,3734.75,1430,29790579
29420030,LuLuOn144Hz,4032.4,3733.98,702,29790577
2010225,SAIR,4033.95,3733.63,573,29790577
10190767,NanoStella,3944.61,3733.20,307,29790579
20120615,Pipipupu997,3910.4,3733.03,405,29790579
13035155,Kureem,4101.18,3732.91,382,29790576
11185550,pb2007,3776.68,3732.80,673,29790581
35248773,oworiku,3871.55,3732.19,216,29790580
19654013,Taiko 10,3721.52,3732.14,496,29790582
4197838,Huzair,4027.17,3731.64,748,29790577
4660337,samchan1331,3791.91,3731.49,564,29790581
37069801,Skrybl_,3788.49,3731.33,347,29790581
15328563,kkkkkkjeff,3838.63,3730.00,720,29790580
33399444,Taxling,4099.73,3729.72,330,29790576
24155751,Adiwatt,3882.42,3729.07,455,29790580
18016917,jimoryo104,3796.36,3728.81,251,29790581
15504921,reptier,4190.62,3728.65,192,29790574
7892722,C4P741N,4125.93,3728.57,407,29790576
19370327,Benisyouga,4035.73,3728.12,387,29790577
36593969,meatball0618,3797.05,3727.05,549,29790581
10361846,WumbleMcFurmish,3867.46,3726.71,654,29790580
13678178,-Firee,4097.79,3725.83,-12,29790576
37018044,-elmoto_,3905.4,3725.37,1061,29790579
3819901,Inoculum,3865.2,3725.31,1306,29790580
29934391,Gelps262,3998.83,3725.27,611,29790578
30117443,thekitkat,4093.94,3724.88,200,29790576
6502403,Lilily,4049.25,3724.58,413,29790577
9817140,GoldenJumper,3799.85,3724.50,889,29790581
25182702,GIBONCHO,3847.29,3724.42,159,29790580
18291266,Fuku0507,3683.69,3724.06,455,29790583
6233685,ssa_izumi,4107.85,3723.70,449,29790576
30113679,KevRytee,3821.02,3723.63,952,29790581
16401605,Xypr,4065.79,3723.62,269,29790577
22480269,-Lynnari-,4188.82,3723.35,-9,29790575
16355371,ahjklospb,3942.74,3722.76,817,29790579
30788444,iiSymphony,3778.41,3722.46,945,29790581
29475923,tianlu727,4031.08,3722.39,349,29790577
22700213,Prilithyie,3362.68,3721.73,672,29790589
15720030,S a x o,4056.35,3720.94,549,29790577
27436959,Rikies,3746.39,3720.94,503,29790582
25160374,Riim,4061.13,3720.81,364,29790577
7388306,Sakuya Izayo,3907.33,3719.50,998,29790579
663131,Loneight,3976.12,3719.10,764,29790578
4641826,Melo,3746.16,3718.92,947,29790582
22942811,corokuru,3794.57,3718.54,816,29790581
17833917,Bagu Ette,4040.86,3718.42,692,29790577
5104632,Elektro,4038.9,3718.15,438,29790577
33079631,tomoya02021,3893.52,3718.09,277,29790579
13343321,lucatsuki,4055.27,3717.91,522,29790577
9713189,yorieru,4052.14,3717.29,467,29790577
13703145,V-M-T,3949.8,3716.97,580,29790579
21267303,Leluki,3970.1,3716.50,520,29790578
37772685,SNORLAXxXXX,3819.63,3716.34,901,29790581
29929488,daaaaakun,3709.8,3715.53,206,29790583
1878712,PhoenixKev,4059.28,3715.47,558,29790577
23940957,Coffeee33,3838.71,3714.60,905,29790580
15900156,tire,4114.52,3714.57,256,29790576
30640702,Wafflet,3828.64,3712.66,105,29790581
1825634,nojao,4133.98,3711.51,371,29790575
4135074,jinsokukagai,4010.88,3711.16,419,29790578
1752183,poelcarr,4002.22,3709.98,840,29790578
29386467,urbarnb,3794.48,3709.96,139,29790581
7802195,jackd23,4023.34,3709.82,547,29790577
10961983,eloto,4002.06,3708.70,500,29790578
34518973,tyokop877,3923.18,3708.00,651,29790579
1417058,alrud5412,3916.92,3707.49,622,29790579
1766157,shki157,4113.92,3707.43,248,29790576
2197600,self,3786.91,3706.93,974,29790581
7237108,Fenzoid,4044.22,3706.89,250,29790577
8823248,zeezar,4000.98,3706.75,713,29790578
31888305,LunaticKiriadre,3725.14,3706.23,167,29790582
3987594,Ostrovsky,4093.14,3705.91,278,29790576
8925661,waturn,3744.23,3705.90,928,29790582
38478823,Eienshu,3718.56,3705.85,94,29790582
25908201,yonrei,3905.92,3704.36,491,29790579
375174,Kari,3971.06,3703.95,930,29790578
12540812,Likeiwouldtellu,3971.95,3703.64,882,29790578
5088519,Bleztor,3995.62,3703.31,703,29790578
26282580,Tamanegi-P,3857.48,3702.72,412,29790580
8857931,benellim22,3920.48,3702.71,797,29790579
11412605,NicBarr,4011.44,3702.65,555,29790578
7426108,Zilchq,3631.77,3702.29,375,29790584
35408924,HVNSDVL,3708.48,3702.18,209,29790583
10679197,[ Aitsuki ],3912.53,3701.73,994,29790579
2038301,Sumiaow,4085.85,3701.32,150,29790576
8707869,Yandeloid,3960.63,3701.15,650,29790578
35695990,Miyabm---,3645.14,3700.44,223,29790584
37970834,TISHADWFAN,4056.02,3700.15,482,29790577
11887852,[ Yagii ],3966.79,3699.71,804,29790578
13591425,Brittany Miller,3802.85,3699.23,1627,29790581
19169816,AMEKOI,3852.74,3698.76,194,29790580
31380335,froggo100,4100.83,3698.73,349,29790576
12272491,kogmawww5566,3890.95,3698.15,533,29790580
11416421,aw_shootingstar,3997.06,3697.82,425,29790578
39606291,meriodas1240,3805.05,3697.31,-71,29790581
13083411,horikogasa,3876.67,3697.10,554,29790580
32094492,human1714,3739.33,3696.97,255,29790582
39903393,hasumm,3441.62,3696.69,199,29790587
8511972,tera0506,3778.2,3696.47,242,29790581
8825653,OgataiP611,3898.32,3696.19,604,29790579
448423,bbbbbbb00123,3880.35,3695.83,1231,29790580
30135281,YyinhuaY,3883.22,3695.77,1269,29790580
3732785,final4ik,4070.92,3695.47,423,29790576
23978965,mikaninn,3968.43,3695.25,524,29790578
23098451,luckyleopardz,3833.5,3694.92,1263,29790581
14942648,machahiko,3909.37,3694.82,539,29790579
36502787,Fujiwara Mori,4022.78,3694.68,430,29790577
24435923,JonnyFingerlock,3947.88,3694.64,526,29790579
16325113,RealWings,4065.03,3694.56,414,29790577
8552999,_KEBUCHO20_,4112.71,3693.96,229,29790576
5122796,Dr_Manfree,3804.22,3693.89,653,29790581
20707338,Rubah96,3885.24,3693.58,836,29790580
11690982,Skixol,4024.53,3693.56,532,29790577
6045788,Cursetyl,3985.06,3693.18,795,29790578
1179503,Astra Retaki,3939.51,3692.75,942,29790579
10910838,altheary,3591.53,3692.57,479,29790585
5610117,yuunagi_Senno,3759.67,3692.53,440,29790582
23775360,ottoblotto,3973.07,3692.29,541,29790578
12072432,Lovelick,3970.23,3692.08,750,29790578
665469,Adiz,4032.85,3691.15,486,29790577
37623647,nemu1u,3771.71,3690.77,87,29790582
20584672,yuuummm,3981.82,3690.74,1179,29790578
37571825,lunacy66,3825.47,3690.32,40,29790581
34857268,space,4026.54,3690.13,360,29790577
10178792,Darumanka,4041.57,3687.92,493,29790577
36853302,Anima24rust,3735.95,3687.81,127,29790582
24540421,Hegetsu,3984.04,3686.79,437,29790578
17023263,4verage,3818.57,3686.59,1310,29790581
32179499,Pionamuu,3872.79,3686.56,608,29790580
9632648,soft kitten,4051.41,3685.88,282,29790577
24135047,popyy_ILN,3706.23,3685.11,252,29790583
19966820,Yuzuki16,3923.64,3684.51,858,29790579
19666787,Tachis5,3952.33,3682.97,674,29790578
34131049,kikuch4n,3726.38,3682.69,233,29790582
12375207,[ [wolf] ],4125.73,3682.06,73,29790576
13040342,Anichibi,4026.63,3681.10,441,29790577
5961027,Zerefy,3995.75,3681.09,397,29790578
29166607,rainbow1925,3619.55,3680.49,352,29790584
4633900,whitemegane,3942.04,3680.40,422,29790579
12000132,HaNaSaKi_Shion,4060.7,3680.26,423,29790577
7862914,hotwheelskid1,4048,3679.86,261,29790577
30254282,Mido37564,3859.47,3678.23,424,29790580
13050082,LagBr3akz,4031.14,3678.15,235,29790577
4525098,[Moca-Cafe],3970.68,3676.64,305,29790578
30259140,maimaixd,3649.02,3676.64,151,29790584
6530986,Ryudius,3930.98,3675.57,982,29790579
6662703,dragonflame771,3892.5,3675.31,1151,29790580
23429619,- [ Mat ] -,3808.21,3675.21,1372,29790581
37791585,pikaneko295,3705.41,3675.07,206,29790583
36129169,The_Shogun,3483.54,3675.07,275,29790587
4478768,Nyansei,3874.47,3673.80,1197,29790580
16994138,Milos_179,3988.34,3672.14,433,29790578
16714586,ssshira,4006.35,3672.09,482,29790578
10524500,PikachuMeh,3933.46,3671.43,849,29790579
32556511,C4r1n4e,3608.7,3670.77,304,29790584
536038,jagatti0624,3888.4,3670.70,667,29790580
16723657,rainbowrider,3947.29,3669.78,836,29790579
5352555,ocin,3965.9,3669.60,435,29790578
15243233,Kurboh,3630.56,3668.51,683,29790584
10006722,ClaquettesGucci,3982.31,3668.49,726,29790578
16746850,katoras,3732.21,3668.06,346,29790582
32970323,CoolIan,3830.89,3667.51,617,29790581
8126553,Evirir,3868.47,3666.62,723,29790580
37682188,hikikomori143,4008.68,3665.91,612,29790578
15870690,IIZIMA,3910.89,3665.71,258,29790579
14193228,furuunya,3930.66,3665.60,601,29790579
17096206,whosoru,3731.97,3665.42,767,29790582
34231823,Yui7s,3724.6,3665.15,37,29790582
7247700,Cpt-Gabri,4101.67,3664.33,309,29790576
24766553,ChurroStix,4005.31,3663.91,443,29790578
3616895,imasushiroll,3990.06,3663.69,446,29790578
4568537,Predominador,3939.76,3663.56,782,29790579
11638527,Dagoth Ur,3862.02,3663.38,911,29790580
14969539,tysoning,3904.47,3663.36,481,29790579
29834922,ojjjij,3914.17,3662.84,402,29790579
1436713,Oranqqe,4041.51,3662.38,606,29790577
10247656,zghunc,3791.73,3660.62,395,29790581
14808735,-DarkG,4004.08,3660.50,512,29790578
3970545,Starcrunsher,3871.8,3660.46,1074,29790580
15829495,KKAqoz,3821.48,3660.32,1382,29790581
35403646,menomaekurai,3661.7,3660.24,1025,29790583
8208277,Buster,3795.56,3659.64,1370,29790581
14117667,Dayshadow_,3962.12,3659.45,567,29790578
34579755,abj,3866.52,3659.26,757,29790580
16795106,Larcade,3841.48,3659.22,593,29790580
11045067,Dexi,3925.85,3659.15,527,29790579
35250148,miro_snow_cat,3989.33,3658.76,416,29790578
7298693,Tranzite,4176.61,3658.73,133,29790575
1425253,DakeDekaane,4045.58,3658.47,428,29790577
15828057,Aho-Anime0,4015.36,3658.42,635,29790577
36787259,Noname618,3820.57,3658.20,70,29790581
37863982,marakasusugoo,3820.04,3658.16,469,29790581
6939004,nekoma2000,3927.75,3657.44,453,29790579
12167947,-jusu,4008.34,3657.25,128,29790578
13072038,luke123443,4022.9,3657.11,611,29790577
32873138,BananaSplitt,3851.44,3656.27,323,29790580
14479550,peachkiller,3948.52,3655.18,563,29790579
6386863,decster_rus,3849.84,3655.18,960,29790580
30131759,minecas31,3987.38,3653.86,641,29790578
36127252,kkrriiss,4041.79,3653.74,364,29790577
2295157,Shockwave000,3866.93,3653.40,925,29790580
7707816,BLEAX,3972.6,3653.25,475,29790578
409142,Scarlet Sisters,3968.06,3653.09,896,29790578
7602112,Chinchi-panstu,4124.88,3652.54,234,29790576
34621811,Gay_tairitsu,3078.43,3652.15,332,29790595
36584517,AIRISinwdl,3950.63,3651.77,458,29790579
10436922,Shinjiroukun,4040.2,3651.30,246,29790577
32928478,randomXDD,3890.42,3650.33,615,29790580
33138610,The Bearodactyl,4036.75,3650.26,381,29790577
6453047,Yanilou,4029.73,3649.49,361,29790577
31762468,Suikajuice,3737.35,3648.99,171,29790582
18132820,Floating floc,3943.93,3648.79,532,29790579
13720339,x0pinga,3854.72,3648.07,1078,29790580
36952878,Ranzelona,3720.11,3648.05,495,29790582
24187411,Cellist,3959.38,3647.64,477,29790578
17828905,dolgodumat,3838.9,3647.37,1200,29790580
6690550,DaikiLeSushi,3946.7,3646.99,419,29790579
23088648,Lumunkel,3887.09,3646.85,389,29790580
3302004,AKLL,4013.77,3646.74,518,29790577
14581544,Pdog4ni,4039.65,3646.69,253,29790577
28500865,siraha,3710.08,3646.47,359,29790583
38573241,Taiko2201,4037.78,3646.45,581,29790577
10636367,SKY LC,3898.07,3645.81,795,29790579
24082707,sHrk1,3931.48,3645.46,612,29790579
1897905,Tanaka,4041.19,3645.17,231,29790577
16583824,mimhle,3914.46,3644.95,752,29790579
31300617,kukuruxx,3887.23,3644.87,757,29790580
1550183,Chap14,4123.41,3644.73,228,29790576
4401815,soundy88,3838.24,3644.60,1421,29790580
861519,ploki0909,3905.1,3644.29,839,29790579
7397496,Cryceptio,3927.16,3643.99,730,29790579
4532366,takatake49,3789.4,3643.83,312,29790581
19321158,z70py,3701.12,3643.25,184,29790583
10749303,Deluxe_gamer,3933.79,3643.05,1092,29790579
35673276,10102110100,3673.85,3642.60,199,29790583
16436669,tito31158,4019.93,3642.42,517,29790577
3785157,[ XSpec ],3993.38,3642.35,493,29790578
14721101,cdwcgt,3960.73,3641.71,531,29790578
30098254,nyanko0121,3720,3641.65,612,29790582
37855471,Lunaviera,3795.35,3641.60,760,29790581
25681794,apex_legends,3851.3,3640.66,306,29790580
33541408,kiddiamond1,4038.37,3640.53,193,29790577
3818878,winterwolf321,3917.26,3640.16,808,29790579
10708884,FenixMusicBaka,3977.5,3640.13,779,29790578
9870435,magalphs,4002.29,3639.97,473,29790578
9005442,HdkDempa8,3936.95,3639.76,580,29790579
12024175,DKPK,3736.67,3638.75,295,29790582
11362372,BaByTeamGG,3983.34,3638.08,542,29790578
4475429,Diu,4016,3637.50,541,29790577
8601970,FishySquidMan,3981.56,3637.11,544,29790578
8262748,Angelblack11,3893.71,3635.86,791,29790579
14922801,lemonchezt,3962.61,3635.44,871,29790578
6570842,BigBraGirl,4021.5,3634.88,312,29790577
11338720,stickyblue,3995.91,3634.80,501,29790578
15538779,velamy,4033.59,3634.26,173,29790577
6284376,_FarhanP,3851.04,3633.42,1050,29790580
14449781,Rovdjuret_100,4025.71,3633.20,268,29790577
21511041,Ayzure,3936.68,3632.02,449,29790579
7767683,SuperTAS,3935.08,3631.34,605,29790579
22882252,paraldisk,3855.32,3630.98,863,29790580
8522722,K1tTychan,3781.7,3630.18,158,29790581
1840663,175,3993.66,3629.23,280,29790578
5214397,upan,3781.35,3628.87,670,29790581
15570911,-DalilaChan-,4047.51,3628.50,141,29790577
37937134,kyuk,3655.84,3628.36,78,29790584
25862726,aiueochan,3657.78,3628.34,224,29790583
9052834,Dark Trix,3797.95,3628.21,1153,29790581
16075247,bibobobi,3940.56,3627.25,567,29790579
6702666,still bummed,3965.72,3627.24,350,29790578
24603239,a013slaker,3862.7,3626.86,429,29790580
17199578,REINERO1224,3799.36,3626.64,561,29790581
3078914,IamBaum,4020.54,3626.21,541,29790577
7915804,takami_san,3773.36,3625.27,451,29790582
22533032,AG719Boi,3772.37,3625.27,633,29790582
7042834,James Ong,3972.29,3624.95,433,29790578
18249647,-Japa-,3933.17,3624.95,441,29790579
10855171,suwon0826,3881.56,3624.03,594,29790580
29743133,ArashiZero,4008.19,3623.40,315,29790578
3062998,rollpan,3708.84,3623.11,150,29790583
29856432,9rosszewski,3627.92,3622.84,117,29790584
113965,Blazingstars,3965.78,3622.62,520,29790578
6152754,lina1523,3932.17,3622.57,852,29790579
22076017,Wong_meow,4065.35,3622.41,113,29790577
15135294,XCDaniel,3893.31,3622.23,483,29790579
15422975,Fukuro-sama,3853.7,3621.94,871,29790580
8290012,Lavreen,4055.54,3621.55,43,29790577
33383432,raindropQwQ,3906.95,3621.18,304,29790579
12660835,Maria-Miau,3887.84,3621.04,891,29790580
10273602,SleepyCorgi,3909.59,3621.01,467,29790579
23353632,viskasss0,4025.94,3620.85,269,29790577
28794872,gakkiaa,3730.02,3620.55,381,29790582
36102356,remlyz,3851.74,3619.97,506,29790580
15004806,Nirimi,3904.35,3619.41,585,29790579
23690131,alextars,3975.44,3619.40,339,29790578
8709647,Kunn,3859.09,3617.56,729,29790580
16845442,Lucho,4028.72,3617.51,80,29790577
163108,AquaStream,3781.54,3616.97,1358,29790581
21539228,Siekiera111222,3944.18,3615.95,423,29790579
10436568,qwl,3652.28,3615.39,482,29790584
23850468,Fisou,3971.45,3615.17,380,29790578
772248,impreza cc,3904.15,3614.66,570,29790579
17258072,Alicia,3775.93,3614.66,450,29790582
12386417,GreenTeaz-,3855.26,3614.60,733,29790580
36876642,NemoYOll,3741.32,3614.15,509,29790582
36379681,himiosu219,3950.55,3613.74,375,29790579
31282911,Ant__,3815.43,3613.44,381,29790581
1199766,xixingsiuuz,3719.63,3613.13,1505,29790582
36171600,juan zepeli,3955.57,3613.02,350,29790578
32147484,big_riber1160,3614.55,3612.97,421,29790584
29353664,urarauraura,3670.84,3612.83,8,29790583
26400804,TxHStylesDT,3843.22,3612.74,456,29790580
27214070,lubludoru,3998.13,3612.63,477,29790578
12868020,sfq3n,3806,3612.53,304,29790581
36613703,abelist,3796.92,3612.15,599,29790581
32479021,taikosota1028,3473.79,3611.60,627,29790587
24101350,enkidudiddyer,3945.57,3611.12,314,29790579
19658140,MarinaraMeister,3891.41,3611.07,790,29790580
4741164,Nelly,3768.71,3611.07,720,29790582
30840562,kotatumikan,3525.98,3610.55,304,29790586
28261246,NathanZeldaFan,3870.34,3610.09,802,29790580
550473,hassanfitt,3791.83,3609.98,1286,29790581
7745702,Exodus of Color,4013.58,3609.72,656,29790578
16849319,janmagtoast,3998.95,3609.64,231,29790578
34771499,[TCD] yukim-,3726.68,3608.36,270,29790582
8712541,mikkoxd,3868.09,3608.30,449,29790580
28693400,teryam1,4063.83,3608.02,-38,29790577
22660903,sakura_kun562,4016.77,3607.77,311,29790577
973717,gn03120650,3897.75,3606.90,701,29790579
13079119,myxeroa,3672.12,3606.64,188,29790583
19687662,Seragaki Aoba,3974.32,3606.19,324,29790578
38127381,SKsama,3697.85,3605.90,-73,29790583
7849703,elisecorona,3782.19,3605.76,375,29790581
2496576,utaware-ikka,3908.84,3604.91,651,29790579
15227108,infenro,3988.6,3604.40,477,29790578
10345034,PByyy,3818.94,3604.06,651,29790581
11888362,Nymbus,4017.23,3604.05,129,29790577
1290291,Activity,3988.12,3603.88,289,29790578
37897921,Winderrgs,3946.79,3603.60,532,29790579
12286516,RAINER GAMING,3859,3603.56,799,29790580
37507022,zemp,3954.91,3603.46,287,29790578
493378,Mindwaves,3917.67,3602.93,530,29790579
34093007,chiqa,3990.85,3602.61,159,29790578
10645962,Soviena,3861.03,3601.79,886,29790580
194294,Mara,3631.69,3601.78,390,29790584
8926244,Yeong Yuseong,3851.16,3600.98,750,29790580
32905167,hiro2845,3663.38,3600.78,295,29790583
4294475,Diony,3425.92,3600.76,742,29790588
1982017,hoshi_kr,4065.16,3600.40,360,29790577
4332715,TreasureDestiny,3676.24,3600.17,377,29790583
29236906,yojo_0923,3926.95,3599.52,353,29790579
9680008,_Sira,3817.01,3599.43,494,29790581
10261029,wenect,3510.13,3599.18,847,29790586
37821120,MaxmisiI,3589.68,3598.04,86,29790585
40261868,arusiseda,3594.25,3598.00,206,29790585
5358875,Senxuality,3973.99,3597.93,455,29790578
3535339,BAldoTridentE,4005.22,3597.11,186,29790578
16607607,monkey12121,3782.94,3597.05,602,29790581
7258536,Anemic Witch,3859.75,3597.01,767,29790580
15961009,Bart,3952.49,3596.15,461,29790578
1665764,ehara,3890.56,3595.76,409,29790580
22934753,verily,3844.89,3595.70,923,29790580
17045125,Fusaji,3827.74,3595.64,984,29790581
21569444,Jasorca,4001.9,3595.29,249,29790578
18695913,Hokaze Kanade,3694.62,3595.03,316,29790583
15673828,Giannithegdnoob,3828.91,3594.97,424,29790581
17971170,Marciano123,3838.16,3594.92,777,29790580
8901940,Akane no sora,3834.74,3594.65,461,29790581
85564,Rails,3978.02,3594.49,387,29790578
19213988,VIolE_,3836.26,3594.37,1019,29790580
1563421,manda9n,3686.19,3593.92,831,29790583
7587295,tafo,3964.89,3593.85,427,29790578
18272437,Mikali08,3934.51,3593.15,128,29790579
30804833,onions,3290,3592.72,430,29790590
11869327,Zheneha,3785.77,3592.18,512,29790581
10164074,Bsenss6,3875.61,3591.91,619,29790580
37717480,ichiro19398899,3657.24,3591.55,90,29790584
35432360,setuna0428,3655.67,3591.14,145,29790584
1200833,Lavanville,3674.57,3590.61,1709,29790583
32212048,Suzuse,3694.82,3589.70,576,29790583
28993856,susFries,3780.33,3589.58,862,29790581
14382626,-Kyoki,3861.4,3587.36,779,29790580
16327110,xiaoshii,3969.1,3585.99,446,29790578
15304452,Aruta_ooo,3620.13,3585.84,477,29790584
31830543,Badak Kaki 3,3870.07,3585.35,408,29790580
9820957,H3OTCD,3922.03,3584.32,437,29790579
17733038,menmacyan,3633.89,3583.58,144,29790584
315854,andrewchun,3818.76,3583.44,899,29790581
17154677,Cosmic Dreamer,3962.03,3582.28,301,29790578
36414175,TaikoNoTatsujin,3794.14,3581.60,227,29790581
33567828,meemsie,3952.56,3581.31,258,29790578
27192566,myato2541,3677.35,3580.92,41,29790583
34943332,chunfp,3864,3580.89,421,29790580
29456566,RUBRUB245,3921.67,3580.31,288,29790579
2375465,[M]egumiKato,3779.26,3577.81,993,29790581
34960953,illusory,3943.28,3577.25,170,29790579
10540368,_Loaz,3951.97,3576.66,553,29790579
36982750,bigpigman,3699.12,3575.94,568,29790583
9373077,Nohsa,3936.52,3575.49,402,29790579
2024709,NamaeNoki,3955.99,3575.28,511,29790578
19964977,CatGoSquish,3872.58,3574.78,612,29790580
2257071,Eco,3905.23,3574.76,638,29790579
997906,IcyCold,3882.95,3573.06,90,29790580
22792224,dlskadd,3656.32,3572.88,313,29790584
39350268,Hqrus4mee,3609.47,3572.64,173,29790584
16274564,x7xf,3923.82,3572.52,452,29790579
7632019,WYBH1,3886.4,3571.63,646,29790580
17894536,Squip0,3972.2,3570.21,547,29790578
16116483,LUX3r,3966.32,3569.93,145,29790578
10897869,ryoko1234,3843.16,3568.87,640,29790580
30465078,Matiduran99,3627.67,3567.51,37,29790584
39627677,Ezlvz,3756.14,3566.15,376,29790582
4321027,Marshobaru,3795.62,3565.50,375,29790581
36658148,eciless,3900.3,3565.34,505,29790579
3386674,Wanderful,3873.73,3565.02,690,29790580
35084673,ragnar,3858.86,3564.93,713,29790580
5807727,Kiinaz,3806.87,3564.19,587,29790581
33830062,MaxLee1011,3762.35,3563.52,316,29790582
13466990,shibahusan,3594.63,3563.43,253,29790585
6547396,asdf6404,3853.41,3562.72,689,29790580
11277393,eenaan,3892.57,3562.65,337,29790579
5139180,Nyaberasu,3649.16,3562.47,305,29790584
9409142,Emerold,3977.15,3561.90,568,29790578
15441864,D3stroyerG_YT,3877.92,3561.87,390,29790580
31655988,kanadome senri,3606.91,3561.66,134,29790584
18685950,owo-,3913.66,3561.53,362,29790579
10945523,samuelhklumpers,3804.7,3560.86,831,29790581
38811596,DenvikxD,3682.85,3560.77,767,29790583
32346477,whimsicchi,3831.75,3560.48,324,29790581
28369302,cola666,3636.81,3559.03,1112,29790584
8580085,andescot,3812.34,3559.01,960,29790581
28468976,NinjaBot1071,3837.31,3558.62,785,29790580
903699,Kanzaki H Aria,3743.98,3558.55,1197,29790582
12182399,Adisi,3966.94,3558.25,361,29790578
414340,tayu,3799.06,3557.37,1121,29790581
17128191,LeeemonLeaf,3903.01,3556.26,427,29790579
32942689,ysdrk,3567.31,3555.59,161,29790585
843155,RAMONLINKK,3767.41,3555.27,1058,29790582
20030542,flustix,3923.33,3554.44,360,29790579
3699578,Lanaaize,3922.34,3554.30,405,29790579
6507182,Reggimato,3833.84,3554.15,687,29790581
8327399,Ham5andw1ch,3858.34,3552.63,654,29790580
18722118,Darisu-,3896.11,3552.38,533,29790579
11311732,SnowyTaiyaki,3819.3,3552.23,772,29790581
18784377,-blaire-,3823.18,3551.50,710,29790581
36569011,Mofuwa,3946.5,3551.35,83,29790579
19363456,Est_Charlotte,3573.3,3551.30,239,29790585
26180826,hiyoko1212,3620.78,3551.22,1003,29790584
13064199,si_gaia,3921.74,3550.60,262,29790579
32324214,Shieru292,3630.7,3550.30,534,29790584
27198395,echoroomba,3923.11,3548.89,132,29790579
13592395,akunaumatata,3825.2,3548.83,723,29790581
8483968,Soocool2,3634.54,3548.82,598,29790584
18538404,ThunderousBlaze,3825.89,3548.50,749,29790581
32463505,Spaaget,3891.55,3548.25,302,29790580
27317805,Feb_08,3777.94,3547.19,179,29790581
37156938,Shzarn,3525.74,3547.15,31,29790586
1119730,77887789,3705.91,3547.07,1199,29790583
8583273,TappaT,3929.62,3546.57,315,29790579
1467472,willie791214,3879.67,3546.36,505,29790580
3930357,Gresiu,3813.68,3546.26,220,29790581
6155682,kariage1238,3725.36,3546.25,540,29790582
8303493,satoshi12151,3756.39,3546.06,544,29790582
10201083,Toseda,3964.98,3545.96,544,29790578
28461999,Rim_Twitch,3476.73,3545.95,433,29790587
38339406,zero_1127,3768.34,3545.77,791,29790582
33502022,hoxiadiana,3717.21,3545.63,717,29790583
10757087,[NH]LegitPlayer,3760.01,3545.04,726,29790582
17313609,gary54,3841,3544.47,526,29790580
19128413,MApril,3883.78,3544.23,351,29790580
30935064,okomaru0510,3797.65,3543.16,371,29790581
11857275,Frystii,3902.52,3543.09,221,29790579
33865212,feardorian,3885.72,3542.67,177,29790580
9694815,Meiharu Minata,3707.4,3542.25,1268,29790583
18970752,CATARINA_CLAES,3887.39,3542.22,429,29790580
29915327,Yun Shul,3975.93,3541.72,189,29790578
5303557,haziu,3655.36,3541.26,1327,29790584
9694443,Gosardo,3798.31,3541.10,518,29790581
15140504,Bjds-cso,3745.38,3540.76,205,29790582
3610369,Cassidy,3813.36,3538.88,771,29790581
17874200,Enzo -,3751.45,3538.08,408,29790582
23666464,citrus_dr0p,3639.36,3537.39,627,29790584
2962941,anson013313,3888,3537.34,596,29790580
8177073,AFK-,3675.32,3537.18,713,29790583
7269198,Mildly Accurate,3759.29,3537.09,689,29790582
21168193,zasxcd111222,3690.31,3536.88,134,29790583
2818040,Saienti,3877.37,3536.28,407,29790580
21710728,sabage387,3727.51,3535.93,782,29790582
18704854,mrlongmien,3745.86,3534.43,423,29790582
14198103,little ching,3878.35,3533.97,510,29790580
12259726,gunch,3967,3533.78,225,29790578
31362188,udonn9025,3562.28,3533.27,228,29790585
15179164,infinitia69,3858.27,3532.72,621,29790580
1077387,Full Tablet,3836.81,3532.39,529,29790580
10874744,DarkSnack,3966.51,3531.46,38,29790578
11273927,Zeeno,3783.75,3530.25,786,29790581
454182,jhonddr,3584.17,3530.18,1359,29790585
39716100,mknb,3588.53,3528.81,97,29790585
7352365,KoleciAlexandru,3936.38,3528.27,554,29790579
2292441,EaTro,3806.32,3528.16,549,29790581
19477321,sakurano uta,3614.28,3527.33,515,29790584
16587408,Kish1N,3816.07,3527.22,509,29790581
1269084,TheMusicDemon,3903.62,3527.00,430,29790579
10894552,Arphentx,3911.6,3526.70,429,29790579
68470,ichimaru_grin,3899.22,3526.13,323,29790579
2694475,kyle,3951.57,3525.94,169,29790579
26759226,adiarah,3832.79,3525.71,647,29790581
3938027,ArcticWind4,3782.76,3524.32,1044,29790581
15799695,figurine,3722.06,3524.31,960,29790582
6777553,NekoBaka,3749.51,3524.02,568,29790582
19029357,Salammdr,3869.2,3523.95,304,29790580
18755365,GrGuruto,3667.4,3523.60,-33,29790583
19495299,jsoahu,3720.94,3523.47,1051,29790582
36845825,Casstifan,3809.05,3523.36,602,29790581
10750451,RightCliick,4004.17,3522.76,39,29790578
31334105,Hurrepbek,3715.27,3522.17,356,29790583
5292883,x-yojoprpr-x,3675.97,3521.31,448,29790583
30872316,beastbeast,3490.45,3520.42,312,29790587
11256837,Josu,3816.49,3520.09,823,29790581
35048386,SUGAR3600222,3517.58,3519.81,76,29790586
10310719,strupEX,3855.75,3519.21,299,29790580
32760923,torisan626,3611.3,3519.03,198,29790584
34996686,Inkan,3722.23,3518.57,821,29790582
20285347,kusodasaiKUSH,3707.86,3518.45,451,29790583
15912412,MiNMiRe,3860.02,3518.07,444,29790580
22068543,torichun,3864.49,3517.94,423,29790580
3524062,Bready,3936.32,3517.87,117,29790579
3063410,SaGoAO,3867.53,3517.87,511,29790580
4776279,Dawnshot,3992.36,3517.19,-69,29790578
291181,ComoL-,3632.08,3516.62,680,29790584
10669290,Ivanova,3757.75,3516.31,637,29790582
38719489,jituhaomosiroi,3660.22,3516.30,-93,29790583
2905964,tetrapod,3821.33,3516.04,451,29790581
18378982,Sin Li,3651.81,3515.71,786,29790584
38893196,mona-monnya,3710.72,3515.50,313,29790583
39010218,ronng398,3808.99,3514.16,234,29790581
27070682,NyanCatLovrr,3857.99,3513.56,465,29790580
19967272,willstr88,3725.23,3513.02,376,29790582
4063127,deyv,3895.19,3512.69,519,29790579
1331447,XinCrin,3833,3512.20,569,29790581
36999533,Kayudachi,3802.37,3511.56,511,29790581
29533721,Valextine,3748.26,3511.05,323,29790582
35575235,Kagu104,3086.63,3510.65,292,29790595
7745617,hayato1208,3798.5,3510.34,246,29790581
25698869,funnymoth,3736.36,3509.56,616,29790582
25235208,Hermann_ds,3761.16,3508.75,524,29790582
27464226,daniel5973,3585.75,3507.30,280,29790585
8586655,kiyosumi_0423,3785.15,3506.58,123,29790581
2581696,Seijiro,3880.41,3506.20,552,29790580
13244259,BakaTsugu,3829.88,3505.85,479,29790581
35840547,idekaidk,3855.56,3504.70,322,29790580
13936687,beer678,3763.31,3502.70,648,29790582
30741112,wakiase tarou,3591.15,3502.69,452,29790585
16626350,TuMamaEnCuatro,3800.05,3502.47,679,29790581
16435989,PochoclosConSal,3642.78,3501.68,1052,29790584
27455316,Imsdali,3822.83,3501.49,512,29790581
10652357,vale-qb,3844.05,3501.23,556,29790580
34191576,BashhScriptKid,3599.57,3500.77,498,29790585
28247446,ahya_0413,3659.66,3500.68,709,29790583
17427866,CeLenoX,3639.22,3500.28,758,29790584
11064338,LlankerTolkient,3698.74,3499.71,1037,29790583
300011,waruo,3592.55,3499.48,608,29790585
20676050,yllomolly,3901.68,3499.21,192,29790579
7221546,IlluminatiTyp,3539.24,3499.20,544,29790586
27967638,LeftTapochek,3708.54,3498.90,699,29790583
122659,wesmnes,3832.64,3498.85,665,29790581
7922989,all23tor_old,3805.81,3498.80,444,29790581
141917,Vils,3856.13,3497.89,681,29790580
19616479,CaIim,3857.77,3497.66,388,29790580
6917869,aaa102157,3839.97,3497.65,513,29790580
26516915,JamixJP,3444.36,3497.53,447,29790587
15173952,BATBALL,3583.37,3497.19,912,29790585
4497666,Cynventria,3826.34,3496.31,256,29790581
37702634,jasmine-tea1,3619.3,3495.53,231,29790584
4346689,nenohi,3778.87,3495.27,511,29790581
6301645,Angeltangel,3588.01,3495.10,1670,29790585
14589435,Gekki,3654,3494.44,807,29790584
34643517,ApocalypticTofu,3506.17,3494.09,768,29790586
15765602,Green_tea_,3742.72,3493.92,849,29790582
35600605,aya___,3592.65,3493.69,557,29790585
10629063,jummy0,3723.54,3493.37,697,29790582
19669099,Randy Marsh,3787.02,3493.34,665,29790581
20136988,xprOriaj,3688.44,3492.87,494,29790583
2593280,Lolzep,3650.85,3492.39,1153,29790584
34804453,karlolFN,3538.86,3492.11,115,29790586
33550068,kimotii,3546.29,3491.07,291,29790586
18711575,Awon1200,3789.04,3490.41,617,29790581
6049302,Elusion,3686.86,3490.39,882,29790583
11692424,_gd,3610.74,3490.05,706,29790584
33957511,lvlzero_yt,3584.08,3489.38,341,29790585
215718,Tito Chan Kun Sensei,3771.83,3489.15,512,29790582
21993725,MyAimChillyPNDA,3730.99,3489.06,451,29790582
21600572,PEKO PEKO,3662.85,3489.00,531,29790583
10654629,Lucar,3813.81,3488.53,430,29790581
16199204,marcoma1109,3728.56,3488.51,494,29790582
452809,Nadger,3669.96,3488.22,1225,29790583
12634757,YunJeong_U,3802.08,3487.79,401,29790581
1279285,jj125125,3756.01,3487.72,930,29790582
30160002,xGhast_,3715.9,3487.69,388,29790583
30236198,Lumykio,3826.98,3485.37,480,29790581
39521704,n1kowCat,3524.42,3484.51,150,29790586
31198471,nyoronyoryo,3568.36,3484.27,395,29790585
9104805,PoroBee,3742.52,3483.79,667,29790582
27641736,MAMOSI,3580.75,3483.68,310,29790585
1916394,l0n3lyLuv,3594.82,3483.10,1385,29790585
14431181,Kissy1330,3583.84,3482.73,111,29790585
9173971,Soph,3900.53,3482.51,398,29790579
940964,Hydra,3847.54,3481.98,487,29790580
887602,Snapoon,3768.03,3481.54,872,29790582
10958550,ZURATOMO,3632.48,3481.50,377,29790584
4705120,Heam,3793.93,3480.99,457,29790581
23847539,Wakeshima Kanon,3610.56,3480.46,428,29790584
9665915,PianoLuigi,3748.5,3480.30,551,29790582
2399915,bunnyui,3803.7,3480.25,756,29790581
17010179,Ney_kn,3612.82,3480.21,191,29790584
21591099,MyAngelMahiru,3799.95,3480.08,621,29790581
33693224,Miya5531,3661.06,3479.95,133,29790583
6480667,kikino116,3477.15,3479.70,531,29790587
6328802,SeolRain,3754.03,3479.29,588,29790582
16358749,HiHallo124,3873.94,3478.22,289,29790580
1067076,DMGLight,3803.28,3477.99,479,29790581
8461097,ShinonomeEna,3750.08,3477.53,474,29790582
36776423,chain1192,3570.08,3477.00,275,29790585
22763319,VIPZYL4,3633.11,3476.95,674,29790584
35279780,SamU4716,3659.74,3476.85,569,29790583
25454707,masahiko,3638.9,3476.67,415,29790584
6796380,ww456_654,3836.63,3476.09,568,29790580
992439,Horo,3706.42,3475.92,991,29790583
992648,sunny15987,3723.28,3475.50,932,29790582
10816682,oliver,3854.23,3475.35,331,29790580
11248581,Kugochi,3747.37,3474.86,530,29790582
3043577,Just Nid,3696.7,3474.68,405,29790583
24329751,nns,3563.6,3474.43,526,29790585
17295616,Rus_me,3710.21,3473.68,504,29790583
12762957,Shinmyoumaru,3838.03,3473.58,374,29790580
20034495,tromino,3441.17,3473.54,218,29790587
14556418,Senpai_Lisenok,3763.06,3473.08,789,29790582
38791797,Asunarrrr2,3474.88,3472.26,369,29790587
7831756,shizuwu,3762.92,3469.86,424,29790582
31859423,spondes,3740.7,3468.13,501,29790582
39864919,TaikoLove,3462.28,3467.90,573,29790587
30771532,fbk1mi0,3458.56,3467.22,441,29790587
39845455,kylewii,3506.04,3466.12,561,29790586
4430263,Just2Gud,3711.28,3465.35,752,29790583
16749756,kekun,3447.06,3464.16,261,29790587
5774467,lefrutit227,3793.86,3463.92,512,29790581
17074143,teasebees,3792.79,3463.91,545,29790581
4375781,vince,3742.01,3463.69,503,29790582
30653081,Azakriel,3827.38,3463.55,266,29790581
13755046,cogaico2hondai,3880.95,3463.02,182,29790580
26679017,DingDom0,3787.97,3462.89,219,29790581
20166179,RinMrsws,3588.07,3462.66,285,29790585
35550144,kroba,3498.01,3461.84,150,29790586
12829892,Sora Harewataru,3846.18,3461.58,296,29790580
2056105,Mamiko,3628.59,3461.35,549,29790584
1853777,defused bomb,3745.23,3460.40,463,29790582
36950700,p_cos1101,3650.15,3460.37,422,29790584
21656508,_TangSan_,3709.36,3459.87,790,29790583
36768797,Tekuu,3718.18,3459.79,458,29790583
94364,Rusty,3741.49,3459.77,808,29790582
18214445,HAL-,3413.23,3459.53,998,29790588
29985464,Alyras Kitten,3860.97,3458.88,243,29790580
35894242,motihina14,3462.73,3458.87,904,29790587
33597035,yomogi0813,3472.32,3457.95,217,29790587
26655609,- Aka -,3739.91,3457.84,659,29790582
6097521,javond2,3889.15,3457.52,317,29790580
7628622,small willy,3763.44,3457.51,344,29790582
3905273,[- Rubik -],3695.97,3456.97,656,29790583
25317121,PRZEMOcowiec,3684.35,3456.77,1201,29790583
2351533,SleeplesMind97,3756.3,3456.56,824,29790582
13505607,Blue Orez,3885.18,3455.78,589,29790580
34035880,snowsabre,3654.26,3455.61,618,29790584
12686699,jxrri,3685.22,3455.60,331,29790583
6250024,kaimokene,3808.9,3455.13,442,29790581
18207843,Dominikuki007n,3800.25,3455.10,340,29790581
5208898,rainypuff,3263.53,3455.06,109,29790591
15322997,gloves of mason,3519.3,3454.71,1389,29790586
10303225,Bamboozle,3725.06,3454.01,814,29790582
20677890,crow7521,3732.65,3453.88,636,29790582
2443664,yomenmister,3769.29,3453.23,484,29790582
36272129,Imomo343,3510.72,3451.61,614,29790586
7104673,Zac Efron,3709.15,3450.55,640,29790583
24634208,Dapurpleguy,3858.69,3450.05,283,29790580
23548706,GingerSpring,3812.56,3449.85,331,29790581
1891000,Kiryu_Coco_,3526.28,3448.88,709,29790586
34306863,metamenmagrinho,3554.26,3448.38,470,29790585
12224853,MusicalA,3759.09,3447.49,617,29790582
9549889,Antoine92003,3797.49,3447.24,518,29790581
12523774,beerpsi,3729.21,3447.16,193,29790582
34931226,nao5297,3518.2,3446.94,177,29790586
2751639,liikcan2007,3772.28,3446.80,640,29790582
20502593,Harunyan,3610.34,3446.59,-32,29790584
14889673,CBanyi,3764.86,3446.42,648,29790582
2654986,Neavys,3857.25,3446.19,401,29790580
12532297,[-Elaina-],3739.44,3446.11,578,29790582
29149624,Gr33nlik3r,3680.75,3445.99,254,29790583
25539523,spr_Yanyan,3587.21,3445.11,322,29790585
3895753,LilGirl,3640.59,3445.00,483,29790584
22853033,TitiXI,3591.07,3444.53,432,29790585
38060778,ToA0905,3570.37,3444.40,704,29790585
26745460,komeijiwwwww,3609.07,3443.74,470,29790584
31245179,kito621,3835.96,3443.65,234,29790581
22122384,retro098,3599.67,3443.60,475,29790585
2445189,nosnox,3731.48,3442.96,575,29790582
1819985,Loneliness 09kX,3832.22,3442.74,624,29790581
34350778,Fox Chan,3641.84,3442.53,1222,29790584
32924985,Exploring_Soul,3662.59,3442.46,782,29790583
889638,kumigamihiyo2,3684.87,3441.92,399,29790583
35127570,KuriGohan_old_5,3465.82,3441.92,35,29790587
14696757,PlutoniumDrag0n,3709.03,3441.59,693,29790583
17305974,LIL0,3842.35,3441.54,275,29790580
2377299,mwahh,3552.79,3441.48,1285,29790586
10357456,m123121370,3758.04,3441.45,208,29790582
6651363,PastelSoul,3652.79,3441.14,543,29790584
20648836,reece-krispy,3780.71,3440.67,380,29790581
10085250,LeoLiu0054,3767.53,3439.85,532,29790582
32314988,manjyu,3517,3439.82,332,29790586
2659854,velthe,3761.39,3439.81,205,29790582
19945614,aalsoos,3679.31,3439.53,891,29790583
39799179,atiga,3530.58,3439.46,518,29790586
15142643,StarlixghtPR,3680.55,3439.07,411,29790583
24700513,Hahvulon,3758.87,3438.21,560,29790582
20198397,Colgate Enjoyer,3684.68,3438.10,951,29790583
29213424,kairey,3892.71,3437.59,54,29790579
34912578,Toiletwasher7,3635.12,3437.56,317,29790584
33297049,kasa2233,3680.68,3437.21,-219,29790583
9939642,Shina,3752.21,3436.50,212,29790582
10806757,pclightyear,3698.03,3435.95,440,29790583
336371,Shirokaze,3681.22,3435.52,992,29790583
17374644,Relatix,3713.54,3434.94,521,29790583
30341002,HIME UNKOWN,3440.88,3434.67,94,29790587
36576927,Dragonfly5013,3599.35,3433.86,396,29790585
34822837,Moutaindew127,3675.81,3433.23,457,29790583
15285902,Brst,3678.09,3433.15,754,29790583
37419050,Bozesteen,3613.22,3433.04,777,29790584
16116840,aaaAAAndrey,3775.22,3431.13,546,29790582
29178377,vasyakiller1337,3647.46,3430.34,339,29790584
13227297,phonetical,3758.54,3429.56,547,29790582
13611770,Systemmrm,3714.82,3429.49,982,29790583
5865593,DesRoise,3572.51,3429.36,746,29790585
25884807,Soresty-,3709.97,3428.63,463,29790583
5631025,hummingbirth9,3799.74,3428.34,815,29790581
939975,0983801068,3714.72,3428.29,632,29790583
22684834,Achiever101,3767.96,3427.64,641,29790582
15037158,Souyaen,3614.12,3427.43,457,29790584
23424497,ko4pi,3479.47,3426.42,401,29790587
4882979,Dereban,3701.89,3425.32,658,29790583
26413740,ESETOMAS09,3628.52,3425.15,688,29790584
33672225,Aiyoc,3818.67,3424.96,286,29790581
22696977,sheard,3705.34,3424.52,472,29790583
15555677,N1ghtStalker,3821.82,3424.36,341,29790581
18256195,c8763yee,3463.69,3424.34,115,29790587
13245261,announcerf,3745.74,3424.31,475,29790582
12868980,fanskutin,3577.01,3424.04,907,29790585
29769434,Nyapoko,3480.11,3423.38,383,29790587
35438453,tawashimin314,3666.16,3422.74,677,29790583
10378437,Kitsunobu,3713.34,3421.66,592,29790583
12347990,Degrelion362,3679.01,3421.53,751,29790583
12288862,Fairysakura,3587.05,3421.53,535,29790585
3859586,Zidyx,3776.29,3421.34,575,29790582
8178652,white-bob,3739.07,3421.30,427,29790582
3393821,ZeroEle,3808.54,3421.06,333,29790581
34161605,DragonL,3619.81,3419.67,449,29790584
6379322,Quadrocake,3774.67,3419.45,489,29790582
36821274,moonshota,3595.88,3419.00,1016,29790585
29164169,Hydos,3730.42,3418.43,325,29790582
13732053,siro0123,3480.45,3418.40,198,29790587
12446862,qaz42906622,3662.67,3418.20,783,29790583
9576335,osu is dead,3750.61,3418.19,544,29790582
14400456,Zaphky 8,3772.09,3417.06,321,29790582
37188590,takutakuta_ku,3478.05,3416.52,230,29790587
3174907,Lillia,3595,3416.49,267,29790585
36511874,Barsik784,3699.46,3416.45,331,29790583
34137839,den1224,3496.95,3416.42,278,29790586
11118192,HinaCopter,3569.68,3416.40,737,29790585
10778261,Razei,3724.78,3415.76,277,29790582
9776626,module,3719.82,3414.95,397,29790582
31074078,nazorau,3759.57,3414.67,182,29790582
8300729,KazerAzer,3746.29,3414.50,558,29790582
20418982,33cosmos,3728.05,3414.12,106,29790582
3657526,Ayano Kirishima,3718.76,3414.12,659,29790582
21589050,GORIRApapa,3492.2,3413.97,132,29790586
9870879,Setsuna Yuki,3704.94,3413.55,453,29790583
33545961,guguran,3578.65,3413.46,551,29790585
19935402,jonasama12,3698.11,3412.99,712,29790583
2485257,SARS,3646.54,3412.40,286,29790584
9861308,roeldugarte,3778.93,3411.76,372,29790581
8413712,xTenebrosi,3807.35,3411.01,386,29790581
11600893,GDArcturus,3605.84,3408.34,734,29790585
15253040,Mloah,3753.14,3408.29,581,29790582
6380925,c41125,3565.66,3408.00,804,29790585
7593474,Silence_BB,3340.58,3407.56,565,29790589
3614526,Waza-Ari,3724.66,3407.30,442,29790582
31807305,DamDom39,3708.21,3407.22,562,29790583
11404898,Taubugurr,3774.78,3406.96,248,29790582
10647022,Polski,3567.81,3406.87,831,29790585
17035266,kanadegx7,3527.93,3406.43,334,29790586
24941410,RoastedCarrots1,3720.18,3406.00,292,29790582
9878349,calculus,3604.03,3405.93,868,29790585
5191843,nerve85122,3675.61,3405.28,634,29790583
15223579,shyG,3439.89,3404.47,261,29790587
30386131,Nyadot,3637.11,3403.74,465,29790584
17026732,kimkimkimmiekim,3687.17,3403.42,886,29790583
14710059,AxelSteel2014,3615.15,3403.32,1048,29790584
445698,yipleemo,3666.57,3403.13,935,29790583
7824737,Nagalax,3666.96,3402.63,387,29790583
33397946,_tomFX_,3646.38,3402.62,-50,29790584
6059389,Chickensio,3737.24,3402.29,544,29790582
34844069,tukasa0515,3431.16,3401.40,107,29790588
17765974,Xcsbloom,3707.19,3401.30,186,29790583
33191229,Guillermo_FEng,3634.87,3401.27,295,29790584
4213009,Cuber,3673.09,3401.00,715,29790583
19341376,hogehoge,3487.79,3400.54,40,29790587
13477867,kai101010,3716.7,3400.10,624,29790583
1051076,XxSkLxX,3785.3,3400.07,354,29790581
1756419,Inner Oni,3678.81,3399.74,688,29790583
2636936,Hacchan,3705.7,3399.56,706,29790583
12010523,Rithsagea,3665.8,3399.55,538,29790583
8406711,GDLenny,3646.68,3399.53,595,29790584
14037848,mgiang003,3728.4,3399.26,406,29790582
13019157,SpaceLessDew,3697.14,3397.61,600,29790583
14737282,hatsuneanime8,3617.49,3396.78,1071,29790584
20706618,ryonn2306,3565.38,3396.45,448,29790585
4154261,maributt,3711.54,3396.38,411,29790583
37850157,misaaaki,3460.3,3395.96,262,29790587
11113772,origami is mine,3623.16,3394.45,452,29790584
3633360,Valenyr,3655.6,3394.04,411,29790584
1375955,Zak,3646.05,3393.86,832,29790584
4228007,Phi1osophia,3658.81,3393.65,408,29790583
22218770,AsukadelLitoral,3701.6,3393.33,448,29790583
6763403,dishonerd1,3683.37,3393.30,386,29790583
370985,MileiyHrmirlt,3570.91,3392.64,1180,29790585
10119963,1k1,3751.02,3391.45,280,29790582
10176920,ryonn5121,3533.69,3391.44,485,29790586
31440034,ForusDUMBForus,3807.01,3390.61,102,29790581
29685462,Nanakodayo1227,3697.93,3390.22,220,29790583
16785053,itoya5,3457.51,3390.00,128,29790587
5295630,StormPegy,3718.45,3389.94,379,29790583
8552077,nhi3go11779,3774.88,3389.83,562,29790582
5193565,TheguyJK25,3603.46,3389.41,852,29790585
36888437,arui1127,3689.09,3389.26,132,29790583
181479,andrevus,3629.2,3389.11,1092,29790584
8122157,kiehi,3412.94,3388.85,277,29790588
36997974,tgwalrus,3582.24,3388.25,524,29790585
12113971,Kurosenkaku,3818.04,3387.89,80,29790581
14163569,10N,3450.91,3387.17,166,29790587
28408549,phyxie_,3719.2,3386.81,462,29790582
20039841,Lakyyy245,3695.02,3386.09,453,29790583
37577243,onoKEnTER,3691.08,3385.66,541,29790583
34249002,vebkek,3667.73,3385.55,405,29790583
4363536,jasonlikeit,3815.14,3384.96,188,29790581
6210509,aikiakina,3694.51,3384.44,602,29790583
14406014,tawazza,3580.41,3384.35,609,29790585
6909645,Sternenstab,3551.68,3384.15,1287,29790586
32492004,Almazshaehov,3644.31,3383.77,712,29790584
34495780,Kirarin,3567.66,3383.75,1071,29790585
28818117,lag-chip,3468.53,3383.72,331,29790587
10215796,Liduc,3563.35,3383.57,486,29790585
39578649,TheTatakonGuy,3582.73,3383.35,496,29790585
3177141,quipo,3710.82,3383.23,232,29790583
6574526,krosisbh,3656.45,3383.18,614,29790584
38078806,rrron6n,3534.42,3381.87,264,29790586
20163519,_Yori,3408.96,3381.60,687,29790588
11816848,KaikyBr,3669.65,3379.96,619,29790583
20437014,LJA_old_1,3583.94,3379.50,487,29790585
14020868,Erviriel,3507.64,3378.90,1370,29790586
2380426,LongExistence,3168.46,3378.18,877,29790593
11264992,SonicxX123,3770.87,3377.89,283,29790582
17434845,BKBKBK,3518.75,3377.85,849,29790586
16357858,User_16357858,3597.94,3377.74,833,29790585
13409182,player32121,3729.06,3376.63,419,29790582
40099130,D-Apathy,3211.44,3376.10,337,29790592
23373295,K self,3451.35,3375.67,208,29790587
28306653,pupushka3653,3515.56,3375.39,736,29790586
34804024,NasyBakwan,3726.56,3375.08,294,29790582
11073207,squidstain,3596.6,3374.99,947,29790585
2138739,TrickMirror,3651.7,3374.87,639,29790584
36236319,akvamaris,3601.67,3374.84,430,29790585
33666771,Zukumi,3589.02,3374.73,897,29790585
29060726,BONYURTconk,3641.61,3374.68,799,29790584
27178077,BHXH,3667.46,3373.86,189,29790583
26076837,p12inferno,3607.14,3373.25,781,29790584
3994922,Meryuhi,3550.4,3373.19,1056,29790586
8651356,WatermelonArray,3712.51,3372.83,442,29790583
31014545,portia321,3691.92,3372.74,519,29790583
35549100,mejao3,3429.56,3372.14,95,29790588
30952107,mitsuimu,3558.97,3371.99,269,29790585
3609510,mileskitaro,3688.89,3371.84,736,29790583
3572355,Redon,3567.54,3371.39,530,29790585
23096539,taiyo0313,3662.13,3371.34,564,29790583
17419623,ricoxd,3769.97,3370.87,340,29790582
16474317,Rerer,3781.21,3370.76,400,29790581
6001891,Andreeeew,3462.41,3370.31,1217,29790587
6863921,XxWhiteGamexX,3609.99,3370.01,1071,29790584
14058950,osufanak16,3629.77,3369.95,547,29790584
18789721,Doxyy,3780.59,3369.41,296,29790581
12487139,phab27,3664.5,3369.21,477,29790583
6602894,cinnamon tea,3783.61,3368.96,223,29790581
10242527,oax,3717.99,3368.49,361,29790583
26043383,ElAzaelXD2947,3578.21,3368.42,705,29790585
28866899,Zeroplayer,3503.61,3368.26,-24,29790586
19971565,chklm,3557.21,3367.12,53,29790585
17411159,weak,3580.99,3366.92,423,29790585
32698562,puyo1029,3406.88,3366.73,567,29790588
12144912,Matt2e2,3505.31,3365.91,577,29790586
14597025,mintan_tukushi,3440.98,3365.81,208,29790587
11474963,2sleepi,3695.11,3365.52,282,29790583
37427968,NananEbina,3457.71,3365.38,64,29790587
18236684,poiqzy,3621,3364.97,793,29790584
34110557,taiyakisontyo,3432.32,3364.50,147,29790588
18234178,aoooooa,3585.19,3364.06,1069,29790585
11126230,Cristobal1324,3649.44,3363.97,649,29790584
17148741,AliFuat,3810.66,3363.34,-5,29790581
34162574,FiShStIcKs_Op,3609.24,3363.34,443,29790584
39551190,Gil303,3342.66,3362.38,408,29790589
2593189,Leafia_K,3459.43,3362.21,290,29790587
5538301,lanelane,3525.32,3362.13,1230,29790586
38682528,8lolqlq,3548.41,3361.81,658,29790586
1142837,peter2407,3643.39,3361.19,594,29790584
19166447,cara_mella,3574.48,3360.56,797,29790585
37843705,Arcadeyia,3506.91,3359.89,672,29790586
17458887,otoufu931,3569.33,3359.71,251,29790585
11278373,angelhana_,3763.99,3359.37,76,29790582
18502939,akoisme,3434.78,3359.29,713,29790588
7633695,TheKingSol,3471.7,3358.98,659,29790587
10758225,arslee07,3630.32,3358.55,516,29790584
18824986,Ubui,3747.64,3358.23,358,29790582
30112602,Isj Jeami,3728.73,3358.18,516,29790582
13223964,vin,3630.24,3357.66,441,29790584
18026993,-semih-,3786.69,3357.58,44,29790581
21028030,catjimmy,3646.26,3357.53,582,29790584
4584424,Bokyou,3555.14,3357.30,415,29790585
12209544,moharexx,3694.29,3357.19,495,29790583
16178605,1_CuteFox_1,3517.75,3357.09,554,29790586
11771955,Nicottw1,3558.3,3356.34,375,29790585
34484189,otyamame,3655.21,3356.14,357,29790584
5144063,xPaPaPax,3736.25,3355.98,361,29790582
38265518,charlifeld,3358.6,3355.81,539,29790589
1418541,damondbaird,3561.3,3355.13,818,29790585
11470095,pierat,3712.97,3354.91,350,29790583
5691061,Amerom,3645.26,3354.49,310,29790584
36003555,Ketsutin2,3243.81,3354.48,288,29790591
21125566,JustTatsu,3576.02,3354.17,1252,29790585
11311762,Jaydenchimp13,3702,3354.06,467,29790583
2757689,Toy,3590.36,3353.86,738,29790585
1276617,Feravel,3730.75,3352.97,297,29790582
12211980,frame lag,3687.97,3352.64,496,29790583
34473286,kaiihime,3467.69,3352.53,765,29790587
38922369,SilverSyuri,3458.22,3352.42,21,29790587
32978721,mad doggggg,3331.98,3352.30,257,29790589
31257672,in_credit,3750.49,3352.14,238,29790582
38388483,localcrt,3448.78,3351.77,517,29790587
22893730,hLiaaa,3582.89,3351.74,813,29790585
8610620,WZxiaolang,3634.2,3351.70,762,29790584
32668834,fuhu00,3049.15,3351.70,78,29790596
12980331,mitaka12102,3641.18,3351.20,805,29790584
36641974,espidy knight,3657.36,3350.79,523,29790584
9784171,Nicotinemal,3702.74,3350.78,240,29790583
25661835,GiGaBoyVN,3731.73,3349.87,238,29790582
31698858,WaSaBii_,3475.8,3349.84,537,29790587
20143815,KoVyL,3642.66,3349.81,566,29790584
23580977,ElmosNotRed,3687.9,3349.50,375,29790583
6082730,-BlaNc-,3669.78,3349.47,401,29790583
7434457,Infathom,3721.96,3349.33,407,29790582
33923195,Pueblo98,3567.11,3349.29,317,29790585
931908,Lyzen_,3671.28,3349.28,558,29790583
10508330,itigobanana,3569.01,3349.24,349,29790585
26283683,Ponyopayao,3372.34,3348.88,529,29790589
20503103,mremirosu,3711.95,3348.83,464,29790583
3279570,Terni,3626.95,3348.83,709,29790584
11183413,CertifiedPinoy,3602.67,3348.77,250,29790585
14425466,daiyaman0825,3441.7,3347.96,545,29790587
24750511,Optizy,3666.31,3347.72,737,29790583
24358694,Fallen Symphony,3766.65,3347.54,213,29790582
4592615,Ing,3691.28,3347.27,568,29790583
7643000,FlashgoKless,3679.7,3344.66,528,29790583
31878886,vopxi,3643.29,3344.58,496,29790584
15903620,Karolus2011,3654.66,3344.40,203,29790584
36374771,Netflix2312,3491.3,3343.89,578,29790587
5715397,Fanboyyy,3463.1,3343.59,1151,29790587
5927823,Blushing,3664.9,3342.77,513,29790583
15660696,GOMMASH,3712.72,3342.34,296,29790583
9358614,[M]asTer,3677.97,3342.19,649,29790583
3162675,yaowan233,3564.77,3341.99,470,29790585
31895713,TurtlemanThe1st,3532.8,3337.45,417,29790586
8391552,Relfy,3597.38,3337.15,338,29790585
7621552,Yuuto Sasaki,3634.31,3336.76,461,29790584
12891475,upikorin,3334.83,3335.15,618,29790589
21231932,UltravioletIR,3597.74,3334.79,730,29790585
4282445,Bad Apple,3679.86,3334.42,429,29790583
13688990,Lunar_,3778.3,3334.17,22,29790581
20561768,mktn1121,3447.42,3334.09,227,29790587
7831989,GoliathusU_U,3374.72,3333.88,181,29790589
12263396,rasskaz,3663.54,3333.82,489,29790583
11082760,Straye,3635.95,3333.32,587,29790584
30275345,stevie g 123,3625.06,3332.89,737,29790584
9261127,JUDAS,3732.11,3332.70,513,29790582
12955768,senyangfoo,3502.33,3332.68,431,29790586
13656706,BruederFabi,3653.38,3332.67,524,29790584
4279704,Megurin,3647.85,3332.39,302,29790584
17712521,Drama_Llama7936,3636.53,3332.17,496,29790584
38177849,cartslimechiefl,3205.18,3331.82,1031,29790592
11161343,Marurusannnn,3660.06,3331.52,309,29790583
5527957,Meiju,3572.22,3330.60,761,29790585
30673284,Coooba,3641.67,3328.86,365,29790584
6369380,dy_ge,3603.31,3328.05,733,29790585
15140972,Interferences,3584.7,3327.35,652,29790585
3457063,bemp,3635.53,3326.82,486,29790584
2921602,K_chii,3565.93,3325.50,723,29790585
4399426,ernst0530,3523.41,3325.35,512,29790586
9536238,Jeremiasz,3514.17,3324.68,1227,29790586
24373822,Kiirocc,3344.89,3324.59,192,29790589
8859999,Mudkip_07,3712.59,3324.51,591,29790583
11265827,Sedesi,3537.01,3324.50,308,29790586
4393993,XYasakaX,3654.1,3324.40,487,29790584
30035233,ovelhanerd,3618.99,3324.16,523,29790584
29645152,MeltNoir,3507.91,3324.14,89,29790586
8570644,synk_,3362.92,3323.76,297,29790589
33672556,gdoka,3609.65,3323.60,436,29790584
19369355,Xullyne,3463.75,3322.72,306,29790587
10107187,sioo,3590.94,3322.59,660,29790585
19710973,Y_Salmon,3518.38,3322.57,629,29790586
1726654,Ulilliel,3493.42,3322.19,640,29790586
16596706,SoniPortal,3631.26,3322.17,539,29790584
7428114,Kiv x Monster,3639.99,3322.06,561,29790584
34578745,mayuriiii,3377.23,3321.28,69,29790589
4351422,Suzu_chiyo,3417.44,3321.22,802,29790588
13909815,SlyBlue421,3519.95,3320.48,650,29790586
30962708,laimeclaud,3387.23,3319.98,301,29790588
11253636,NicholasTWen,3550.77,3319.60,599,29790586
18603335,MonShong,3665.69,3319.15,228,29790583
16340287,patron,3656,3318.75,446,29790584
34182646,TORIPI062108,3253.53,3316.92,322,29790591
39248614,BKDK,3268.13,3316.45,350,29790591
34700981,datemeganeyarou,3418.34,3316.13,335,29790588
26849395,AlowF2P,3510.4,3315.19,1071,29790586
13938219,scorpionytb,3607.86,3315.16,814,29790584
7587763,EVIL BALNER,3612.29,3314.93,446,29790584
958813,oswaldwylee,3648.51,3314.83,629,29790584
11159392,HellReyza,3583.69,3314.67,848,29790585
35967491,lawviro,3481.37,3314.54,176,29790587
9069628,Dark NinGen,3679.12,3314.35,321,29790583
4207512,Translator,3444.9,3314.07,261,29790587
17667775,cdoonhorrn,3437.12,3314.00,723,29790588
33675953,SUcraaru,3319.12,3313.49,1037,29790590
1593473,STepashkO_o,3573.96,3313.25,610,29790585
12450964,Zankai_LOL,3544.26,3312.82,439,29790586
751856,Choob,3521.55,3312.50,788,29790586
34631612,IvanDaR1td,3433.78,3312.19,72,29790588
7514460,petpoi007,3613.34,3311.61,369,29790584
12709450,Neru-Naya,3571.67,3310.93,448,29790585
37217887,AkariSukiRTX,3362.76,3310.70,815,29790589
27295852,zfia_live,3420.91,3310.09,1450,29790588
12560517,SuperTake11,3553.05,3309.90,416,29790586
27817457,tororotoro,3524.89,3309.83,377,29790586
641223,flax,3627.53,3309.76,728,29790584
38561180,Fubuki Feet,3171.7,3308.54,767,29790593
3256745,Netizz,3457.17,3308.43,935,29790587
20584387,MANJU_oishi,3429.66,3307.60,173,29790588
37115017,asacat,3621.91,3307.21,706,29790584
35404001,alohatree,3575.12,3307.18,391,29790585
12737625,800x600progamer,3615.65,3306.10,600,29790584
17606980,Azril71419,3533.35,3306.09,837,29790586
2350471,florian8080,3713.17,3305.44,304,29790583
36691174,angelstone,3471.86,3305.24,708,29790587
22563882,TheHunter983,3606.15,3304.53,261,29790584
12596647,MarcoCat,3569.14,3303.81,377,29790585
13736238,aceredshirt13,3584.25,3303.26,813,29790585
9124278,Axorite,3585.13,3303.13,698,29790585
13843591,Youbility,3588.34,3303.11,668,29790585
24271827,Darkdrake06,3575.34,3302.95,540,29790585
8618384,Rammy,3580.61,3302.27,541,29790585
39139345,neo-ref,3328.44,3302.14,281,29790589
18869639,Senkus wife,3428.89,3301.83,219,29790588
36143570,NiCoE,3555.41,3301.10,680,29790585
6566558,LimitlessBlue,3590.65,3299.08,591,29790585
4896306,Seasonal Waifu,3521.63,3298.71,547,29790586
2908919,benny881128,3534.14,3298.29,519,29790586
2159665,shaamooth,3638.51,3297.66,486,29790584
15141494,Kamio Senya,3555.06,3297.14,677,29790585
16577085,juniorsocool,3512.67,3296.97,260,29790586
18860560,AlexsStyles,3515.11,3296.38,714,29790586
28840088,YOSHI_SANS,3557.59,3296.15,63,29790585
5214626,Pocin,3531.61,3296.05,962,29790586
10153186,-xm,3605.26,3295.95,478,29790585
13731981,DirkieDurky,3630.13,3295.86,245,29790584
33511467,Menhe,3493.27,3295.72,19,29790586
10843635,SomePeanut,3651.34,3295.70,559,29790584
4375410,risacyi_1,3413.31,3295.65,252,29790588
23985984,baklazan,3650.21,3295.54,230,29790584
38155068,crazyboy49389,3386.46,3295.42,343,29790588
35042773,Galaxis-,3244.94,3295.29,1227,29790591
24966641,KirbyKone,3329.3,3294.50,51,29790589
39176054,XXXIIN,3377.78,3294.10,203,29790589
38457712,ISH mili,3538.62,3293.98,368,29790586
12801699,Niik,3461.35,3293.87,761,29790587
27354785,Mugiwaara Lufi,3529.14,3293.58,365,29790586
22707474,Zndyzlol,3421.14,3293.43,448,29790588
12998177,-x-razi,3545.32,3293.27,712,29790586
598742,kamiomio,3503.13,3292.95,908,29790586
13359708,cloudy75347,3511.45,3292.27,1171,29790586
9272675,ShadahFeir,3390.16,3291.34,866,29790588
10142268,OhCha,3637.81,3290.13,429,29790584
14335081,sleepy bex,3552.34,3289.42,921,29790586
12649468,Pherren,3554.15,3288.72,534,29790585
9207709,alonshpo,3583.25,3288.48,624,29790585
12037494,Dij,3677.28,3287.59,232,29790583
7006165,-Keila-,3623.64,3287.37,406,29790584
8842107,Kyousukee,3607.96,3287.19,544,29790584
32356661,kyioz,3380.99,3286.81,583,29790588
11796896,Squizell,3596.48,3286.56,262,29790585
12342879,SnowLucario,3570.48,3286.50,685,29790585
15353391,kasikomi,3468.17,3286.48,1091,29790587
8875339,Angela,3528.9,3286.19,220,29790586
4541058,Saya,3641.44,3286.08,430,29790584
34745386,mycatlacey,3542.82,3285.96,461,29790586
7367978,marxkerber,3484.36,3285.08,617,29790587
17126049,NdaAW,3609.88,3284.31,383,29790584
6947031,UMRUMR,3574.87,3284.26,421,29790585
31639893,AnthonyOI,3532.9,3283.43,646,29790586
8899405,Jenny Hooves,3430.7,3283.03,1274,29790588
13002666,RavinRaven,3585.61,3283.02,418,29790585
13284569,joaquicraft,3672.95,3282.69,383,29790583
35959181,shonpi,3301.41,3282.03,244,29790590
8673980,justin93216,3530.08,3281.06,949,29790586
1116729,Nijntje,3612.19,3280.56,643,29790584
10304577,zzz Domoro,3505.37,3279.19,701,29790586
11566638,Sazul,3545.44,3279.05,426,29790586
19805161,YUMEMIRUADO,3388.56,3279.01,52,29790588
11673363,omoide,3353,3278.99,643,29790589
16465883,zyuraa,3744.76,3278.79,-22,29790582
11641234,Cync1,3501.41,3278.74,524,29790586
16283754,kvakru7199,3485.83,3278.64,490,29790587
23231941,delo111,3599.21,3276.55,321,29790585
38413286,offdrummer,3490.79,3276.42,1064,29790587
17500568,IKoPaI,3580.16,3275.72,522,29790585
4825147,hccsimon,3671.06,3274.88,324,29790583
13362272,chocobuu,3428.99,3274.74,781,29790588
16942504,BurntBread007,3562.34,3274.71,441,29790585
36391146,xanneman,3588.16,3274.12,811,29790585
3294887,ShiitakeForest,3493.83,3273.94,296,29790586
2782769,newme96,3435.42,3273.88,1211,29790588
18310950,matu_pad,3291.73,3273.66,264,29790590
32700841,m1santhropeee,3401.92,3273.04,782,29790588
7251588,Deibitto,3421.23,3272.44,1378,29790588
36910254,Selynne,3634.06,3271.63,389,29790584
17473422,Gekken,3597.19,3271.05,359,29790585
21353582,_Dr1mmy_,3517.68,3270.63,711,29790586
10256562,muzukashii,3694.35,3269.66,531,29790583
7330364,Nakunnen,3587.54,3269.66,444,29790585
15652994,Fylu,3657.18,3269.38,303,29790584
37506172,hopeoverl000ad,3643.84,3269.06,370,29790584
3021955,Meldy Chan,3556.87,3268.92,576,29790585
5084766,wwcbd,3488.49,3268.20,622,29790587
29836670,Evorz,3457.29,3268.15,622,29790587
36105024,moji69,3314.36,3268.10,79,29790590
13800863,Huskiboi7,3579.17,3267.95,323,29790585
12034632,-Miu-,3612.71,3267.53,245,29790584
6778273,MissFernet,3580.23,3267.44,482,29790585
20823110,EpicBlaze,3552.55,3266.63,890,29790586
14617541,Leichyz1234,3309.53,3266.26,449,29790590
17363777,angel devil,3617.24,3265.68,148,29790584
6947211,Carrot113,3516.17,3265.68,202,29790586
32237597,LilyPop226,3431.63,3265.53,429,29790588
16232823,BlackHanekawa,3604.5,3265.11,586,29790585
14033344,Chengk179,3478.31,3265.03,451,29790587
13191587,Reikonfox,3548.25,3264.75,455,29790586
482135,rikku_hanamura,3512.01,3264.69,781,29790586
18643592,Basia4my,3302.81,3264.26,199,29790590
581498,Onee-chan,3611.65,3264.11,392,29790584
21132697,sadd_,3534.72,3264.05,835,29790586
3674465,ogmaend,3639.13,3263.98,377,29790584
14576362,Yu Chein,3529.77,3263.85,895,29790586
10080859,ataru_nekogami,3459.51,3263.74,734,29790587
14867968,Joolin,3669.31,3263.04,198,29790583
7671025,-Knife_Party-,3506.97,3262.86,830,29790586
1928757,XvX_AQUA_XvX,3616.73,3262.66,413,29790584
13946087,Captain-Levi,3525.63,3262.44,709,29790586
16828875,avgwst,3535.02,3262.09,720,29790586
30656711,Akirkayupp,3465.56,3261.05,1019,29790587
4187658,rikkusu,3281.79,3260.86,855,29790591
4881508,Comet Popcorn,3325.62,3259.88,546,29790590
24905336,myonmatsu,3209.09,3259.57,269,29790592
12411672,Hasukyun,3600.75,3259.54,430,29790585
3555989,Potatsu,3524.05,3259.36,701,29790586
16806613,andr3kk,3668.11,3259.11,147,29790583
19635609,OKBranflakes,3419.07,3258.72,323,29790588
52139,OrangeSkiesBurn,3614.72,3258.42,564,29790584
24403531,kiwaomine,3528.2,3258.37,753,29790586
7057787,chiliawa52,3582.62,3258.31,498,29790585
33307475,ryuujuy,3306.37,3258.27,29,29790590
19764578,hevswev,3553.95,3258.18,611,29790586
33065938,miru893,3277.03,3257.94,467,29790591
24626128,Yurasan,3286.19,3257.11,187,29790590
8369692,R1plex,3491.18,3256.65,484,29790587
9758637,-slim-,3439,3255.83,1086,29790587
24134337,ltsKii,3608.64,3255.23,473,29790584
19403485,Goatost,3546.35,3254.23,610,29790586
8538211,SlylyCode,3557.12,3254.07,486,29790585
684533,Pipithox,3296.87,3253.88,1252,29790590
31011919,hudebako123,3460.87,3253.36,475,29790587
2383766,Sayobatsu,3344.33,3253.22,809,29790589
3835436,XisK,3472.96,3252.79,851,29790587
1170929,Remilia ScarIet,3483.07,3252.62,991,29790587
38267707,DalmataGamer585,3486.87,3252.60,807,29790587
24730760,Left_hidari,3304.46,3252.25,226,29790590
6107094,Ceve,3551.94,3251.26,592,29790586
10622865,dekalb,3534.52,3251.26,561,29790586
26300204,beausu,3267.43,3251.12,414,29790591
17772381,Kamenichiban,3468.11,3251.00,753,29790587
14892546,Bombasnow,3566.7,3250.99,-75,29790585
29374869,orwenn,3636.42,3250.94,284,29790584
9521654,supuri,3413.94,3250.58,679,29790588
14876460,Falua_beta,3559.98,3249.71,646,29790585
24095153,LemonCandy1113,3322.62,3248.47,211,29790590
16096829,Arziox_L,3473.46,3248.09,502,29790587
20651092,Scope Crow,3369.35,3247.87,168,29790589
12420240,Klewis,3644.37,3247.14,307,29790584
6506395,ponyolollol,3327.08,3247.08,117,29790589
11064356,belensota,3553.34,3247.05,529,29790586
36734224,Kenta0727,3316.46,3246.77,391,29790590
29339916,Grunkyz,3553.54,3246.58,635,29790586
36528474,maitabasa,3271.14,3246.26,80,29790591
636828,45761130,3516.79,3246.14,744,29790586
17587841,StrawMango,3464.1,3245.24,970,29790587
20296406,desdespop,3552.2,3244.70,436,29790586
11716047,gogogoray,3519.06,3244.38,617,29790586
497015,superjerry,3495.89,3244.19,563,29790586
6935975,AkatsukiHaru,3643.73,3244.13,181,29790584
31411402,Yotsuha_Mil,3326.99,3243.98,16,29790589
7515589,R0ci0TP,3664.19,3243.97,209,29790583
2172384,sharonomer,3417.26,3243.06,765,29790588
11120415,natuyade,3366.52,3242.66,162,29790589
12991521,Freddy2607,3373.53,3242.56,200,29790589
8955594,Akusuton777,3236.45,3242.56,416,29790592
29186011,Mashifu,3491.92,3242.13,539,29790587
30810727,oof2022,3299.97,3242.08,173,29790590
15248016,sanpuruteduka,3393.08,3241.59,521,29790588
16332867,ringpyunn,3292.3,3241.54,190,29790590
29312959,saltyeg,3428.67,3241.40,270,29790588
20497757,MagicMirrorX503,3379.86,3241.30,1474,29790588
802598,evaming11,3523.54,3241.25,771,29790586
30428330,human1484,3247.1,3239.61,203,29790591
13254473,Phoenixien,3391.18,3238.89,1270,29790588
30044442,asas1233,3315.93,3238.80,103,29790590
39046023,gind,3249.06,3238.32,1026,29790591
14008423,JeM4Ri3_23,3466.62,3238.18,385,29790587
39078209,lipchan,3489.21,3237.97,551,29790587
5422789,Alan Reaven,3594.13,3237.73,419,29790585
22201039,Alysa Liu,3340.69,3237.55,1291,29790589
14466404,iSuniz,3378.96,3237.21,507,29790588
8517849,lemontree2016,3429.16,3236.98,524,29790588
19524719,LuongTRK,3636.63,3236.91,337,29790584
6867731,Ami-shiro,3423.26,3236.80,1046,29790588
4181562,Marawishka,3443.66,3236.77,810,29790587
14495514,BoltFromGreen,3382.68,3236.39,1495,29790588
16497228,rei46,3374.94,3235.22,1225,29790589
11882385,Hi Iam Ken,3588.78,3234.90,427,29790585
18526733,zero2794,3582.53,3234.67,323,29790585
10741873,kobuta moe,3466.9,3234.22,1047,29790587
2663232,kurikuri89,3358.72,3234.16,565,29790589
38645627,Govnonana,3392.91,3233.98,-75,29790588
1553011,TransparentFate,3469.78,3233.67,1073,29790587
11311583,Ness_Okey,3359.56,3233.59,1072,29790589
24533726,wee,3495.41,3232.81,454,29790586
903605,jinkian,3358.38,3232.52,1421,29790589
16038509,SaltedDegen,3572.74,3231.94,272,29790585
31429553,I14Adsc,3521.06,3231.65,467,29790586
18262836,CherryVinyl,3591.78,3231.53,432,29790585
11203242,-QYOURTX-,3567.01,3231.29,451,29790585
350917,Ncoze[M]LuNia,3606.47,3231.18,521,29790584
9561857,wimble,3577.89,3231.12,606,29790585
18661679,caletheslime,3335.54,3230.72,350,29790589
19422657,2D is cool,3549.56,3230.69,570,29790586
15699615,timerain,3226.83,3230.49,171,29790592
6744452,Koppe,3260.97,3230.17,137,29790591
18682720,kakuretate,3287.32,3230.14,23,29790590
15972010,GrimTide,3621.38,3230.00,123,29790584
35803063,ichirosou06,3262.16,3229.93,118,29790591
2834291,TeninhuxD,3505.76,3229.58,704,29790586
12966197,WizGeekz,3468.46,3228.96,1042,29790587
9545196,Neung101,3540.28,3228.86,577,29790586
38983272,combo0507,3180.66,3228.79,98,29790593
17827623,TimenTale,3456.58,3228.62,560,29790587
12023821,398maru,3133.44,3227.79,546,29790594
10746047,MazeMan111,3396.08,3227.61,792,29790588
12232109,Black Jesus,3439.95,3227.10,772,29790587
22279016,misaali,3609.14,3226.08,169,29790584
5287848,Rayleigh_8,3570.19,3226.02,530,29790585
22941174,fie12345,3326.4,3225.07,-26,29790590
20630278,avi_psychozz,3461.71,3224.86,859,29790587
17255289,Chidded,3490.65,3224.79,637,29790587
29040149,Scarlet3562,3509.92,3224.16,340,29790586
29708827,Meltkk,3306.87,3223.81,185,29790590
1666623,ocherpuppet,3523.65,3223.74,686,29790586
15384559,Fontdyla,3366.4,3223.25,529,29790589
6278316,AnnuiT,3618.49,3222.88,80,29790584
4046796,sawaken0214,3336.68,3222.58,370,29790589
17753122,invadey,3607.37,3222.32,245,29790584
7672141,seejay,3473.32,3222.27,676,29790587
16660139,B0r0n,3417.93,3222.22,603,29790588
1855292,MoTioNlZeroO,3518.82,3222.13,846,29790586
34321325,rfvuyh,3561.81,3221.84,34,29790585
6622427,ScruffiX,3589.42,3220.18,313,29790585
6372800,pro,3367.86,3220.15,1260,29790589
29493506,dotTorpAdrIno69,3360.66,3219.28,918,29790589
1045165,laujackycf,3515.86,3218.89,919,29790586
9709652,junglesnipes,3566.95,3218.77,332,29790585
15931886,976 ghostdance,3307.5,3218.72,195,29790590
59666,SeriousTeo,3491,3218.41,664,29790587
38203075,Kane-Ixa,3227.38,3217.56,64,29790592
13794811,adalvr,3505.43,3217.16,40,29790586
12810767,klim chicken,3363.5,3216.21,912,29790589
14714557,gdhdgfd,3339.58,3215.38,1493,29790589
8955399,UnknownSpinach,3362.98,3215.20,635,29790589
6382155,Slayer192845,3562.78,3215.03,557,29790585
11371077,wehehe,3512.2,3214.35,681,29790586
20260608,marin-0110,3465.22,3214.12,387,29790587
38025007,Hunmei,3447.75,3214.05,5,29790587
37665502,JME10135,3497.65,3214.03,737,29790586
38704408,papifernannn,3411.43,3212.37,481,29790588
36347634,Neko_Neppu,3447.28,3212.26,249,29790587
37047844,raskal4510,3259.35,3212.14,271,29790591
21638482,Celiq,3220.51,3211.84,489,29790592
26106897,Savackets,3472.11,3211.74,651,29790587
9681556,Momoka_Aikawa,3500.69,3211.45,445,29790586
34841440,harupen,3330.36,3211.34,86,29790589
970868,ben20136,3566.48,3211.03,527,29790585
12304004,Rach_Lag,3552.85,3210.38,453,29790586
15515509,soulles_old_1,3434.4,3209.65,684,29790588
32696199,kage00089,3427.64,3209.16,256,29790588
3067868,Aarow,3455.69,3208.82,404,29790587
14167431,Mahosuika,3514.28,3208.26,718,29790586
18041645,HotKeys_,3349.6,3207.47,698,29790589
1268187,v865327,3353.84,3207.37,1381,29790589
20189441,neo12098,3374.42,3207.10,125,29790589
11901445,manoschwarz1412,3553.21,3206.76,507,29790586
13762441,Orcanos,3492.28,3206.75,262,29790586
1250096,Pekorrat,3531.07,3205.96,530,29790586
5378012,ChochoPeluca,3184.23,3204.61,693,29790593
6171374,PeskyWheel0,3456.02,3204.48,617,29790587
14270901,aaaao,3549.47,3204.27,485,29790586
19135240,michiniki,3459.04,3203.70,676,29790587
17802537,sytrm,3535.44,3203.67,329,29790586
8254223,ieieiei,3385.76,3203.57,637,29790588
10221078,misty Te,3166.77,3203.28,133,29790593
13365819,-kitsuu-,3526.9,3203.08,456,29790586
4577302,DANAKA,3318.13,3202.98,1460,29790590
19989406,RenCML,3515.04,3202.19,359,29790586
34337920,MarkiTTA,3542.34,3202.18,469,29790586
26067254,HHLiu,3047.64,3202.13,306,29790596
10182184,qoeodn376,3561.12,3201.80,538,29790585
28639781,cheezydoor,3631,3201.07,155,29790584
17705648,Ashurii,3491.57,3201.05,373,29790587
21900504,acie33,3580.53,3200.97,346,29790585
19993739,harmoenia,3564.43,3200.73,426,29790585
23272007,Star_vortex,3184.76,3200.64,650,29790593
10763254,- [ Nugget ] -,3593.63,3200.32,280,29790585
10170398,OnceAgain,3194.56,3200.14,430,29790593
25902765,b3braaa,3403.95,3200.12,731,29790588
16710286,ILoveMeSomeJoJo,3422.03,3199.84,572,29790588
7003013,Muziyami,3451.96,3199.51,638,29790587
12165328,yadno,3501.96,3199.35,571,29790586
24476483,ledennis32,3535.3,3199.32,438,29790586
32012467,Zubochistka,3363.66,3199.27,393,29790589
1657637,Kexx,3272.57,3198.97,234,29790591
12007387,dianel3535,3452.53,3198.67,404,29790587
29889211,Redwywy2013,3233.64,3198.54,156,29790592
22847211,carroconsapato9,3528.8,3198.42,489,29790586
31205779,Foglake,3237.91,3197.96,226,29790591
1566910,Mam-U,3526.11,3196.59,470,29790586
428305,Frosty Fopps,3449.16,3196.01,766,29790587
10024264,Tre,3441.52,3195.90,532,29790587
13691761,Bravetale,3542,3195.80,710,29790586
1174962,ChibiValy,3435.18,3195.31,909,29790588
16794287,100sta,3231.8,3195.09,73,29790592
31411700,Shimanas,3488.26,3195.03,404,29790587
13873778,ChrisGamez10,3420.52,3194.79,482,29790588
14904602,chariczar,3464.58,3194.55,828,29790587
15492763,SoTA,3420.15,3193.54,561,29790588
33202754,Knifen4,3166.59,3193.38,271,29790593
33162734,Peleda_,3582.3,3193.35,261,29790585
12168263,EscapeNumber001,3440.15,3193.32,721,29790587
18013478,temper_t,3657.05,3192.55,10,29790584
39959841,sadewamc,3134.1,3192.27,555,29790594
16589522,Loveyou,3432.45,3192.09,425,29790588
5318327,ZXC29513187,3531.8,3192.08,615,29790586
3202909,Okini,3610.9,3191.83,248,29790584
38263873,Rizeeee1,3190.36,3190.97,94,29790593
1203663,suntea,3578.83,3190.92,289,29790585
3741162,WAR THUNDER,3540.37,3190.22,501,29790586
16326014,6787,3471.54,3189.13,757,29790587
14611120,sanitizers,3560.12,3188.87,311,29790585
36445946,new gate,3237.47,3188.63,159,29790591
8922491,Ira4ok,3586.33,3187.37,380,29790585
27534129,sekiyanky,3276.62,3187.36,-18,29790591
6621548,harry0206,3444.99,3187.33,662,29790587
12347779,AngiaMagie,3499.75,3186.44,575,29790586
11605749,zeck_40,3434.24,3185.04,1015,29790588
11335504,komecco,3275.45,3184.90,165,29790591
31053775,BaNe1y,3263.74,3184.82,33,29790591
39108534,Momosaka Moe,3195.99,3184.63,26,29790592
10664409,Boolin,3354.68,3184.32,559,29790589
14875497,CuteviL,3486.79,3184.09,769,29790587
39880096,Motti_Udon,3147.87,3184.03,357,29790594
10656262,AkariHanao,3611.54,3184.01,158,29790584
26837925,npc_BeaniCraft,3199.81,3183.72,132,29790592
2184751,Maxe191,3418.05,3182.88,644,29790588
32476592,L4ex,3088.18,3182.84,224,29790595
1805212,Komaji_old,3535.99,3182.33,617,29790586
12358286,- yuuyami -,3577.25,3182.22,345,29790585
17188575,kukuruzka MLH,3445.34,3182.16,413,29790587
33726949,xuan_yuan,3451.55,3181.23,570,29790587
35168745,beloUnil,3371.8,3180.26,591,29790589
38014499,mina373,3250.81,3180.23,107,29790591
15150996,Manoy1,3562.54,3179.45,345,29790585
36341781,Kazumax1202,3337.39,3179.00,530,29790589
7112023,DualFPM,3361.9,3178.21,1213,29790589
7341183,ASecretBox,3362.01,3177.68,302,29790589
36471778,pean8ss,3222.58,3176.58,143,29790592
28425669,tsurick601,3274.61,3175.59,475,29790591
1827540,kojihu,3506.29,3175.58,313,29790586
23085916,SquidwardGamer5,3447.53,3175.48,370,29790587
18495924,Davinchiii,3331.15,3175.41,560,29790589
11506951,ran_midare,3415.23,3174.81,912,29790588
7629519,Magnolia Steele,3333.99,3174.80,1219,29790589
37889882,GoopVT,3499.16,3173.67,546,29790586
31755222,FelineSheep1982,3517.22,3172.23,858,29790586
9504432,Reqto,3352.82,3171.31,242,29790589
15719794,Mike26563a,3462.99,3171.26,570,29790587
3364526,Redmoss,3482.46,3171.20,476,29790587
31480636,R0ZTKLP,3199.94,3171.18,447,29790592
15031425,[kmlehn],3394.27,3170.64,873,29790588
7717845,Avery,3269.58,3170.49,1282,29790591
5142816,PuddingRuru,3238.88,3170.48,133,29790591
7187012,SeBaXx1313,3442.82,3169.83,726,29790587
31244786,7eveN_OuO,3433.54,3169.57,498,29790588
28832556,akasatanasi,3196.99,3169.33,153,29790592
14256245,mog71,3321.99,3169.25,1157,29790590
12725372,aylaterra,3477.59,3169.22,844,29790587
8278456,Kazupoon,3432.88,3168.77,498,29790588
17455838,PharaohEgypt,3366.95,3167.95,346,29790589
15087988,sy2m7,3431.38,3167.46,681,29790588
14291087,MyAngelMurasame,3348.64,3167.15,675,29790589
35613546,Phan70mz,3436.85,3166.11,387,29790588
5532019,SoyMenchoWe,3482.79,3165.76,683,29790587
4911460,Dinilsu,3326.89,3165.32,789,29790589
38479436,katsuobushiman,3066.15,3165.16,216,29790595
15287567,Heidy0717,3284.3,3165.09,1427,29790590
6830327,koshi2000,3225.01,3165.07,764,29790592
23249541,kurichanlove,3297.28,3165.06,1168,29790590
36098920,Oka116,3189.4,3164.89,863,29790593
29596505,Tp_koge,3260.56,3164.87,226,29790591
11621469,XShiniki,3412.07,3164.45,925,29790588
27969092,Deilf24,3392.34,3164.44,315,29790588
28395759,keikyonn,3235.21,3164.34,109,29790592
12142484,futuresea,3587.61,3164.24,86,29790585
2863791,RedAssalt,3455.29,3164.21,701,29790587
12949361,LaaYuM4n,3159.32,3163.60,134,29790593
1186733,orzeszex,3484.2,3163.43,575,29790587
17266742,dotkun,3229.08,3163.19,60,29790592
9573745,kko_,3231.96,3162.46,0,29790592
18028338,Judger,3445.86,3162.01,581,29790587
17525666,onisan-x,3343.13,3160.78,526,29790589
38051801,chpa1_,3169.66,3160.59,65,29790593
31810768,SkylrStorm,3544.52,3159.12,367,29790586
14494339,QIRQLE,3501.06,3158.97,354,29790586
14512540,Ravelfett,3396.21,3158.25,701,29790588
17770953,PossiblyWade,3356.87,3158.11,362,29790589
714241,kong12345wai,3303.95,3157.95,1355,29790590
13844588,Sharipov,3205.9,3157.43,121,29790592
37263370,Rogerina_chan,3310.48,3157.37,1299,29790590
65383,octopod,3391.31,3156.77,589,29790588
35793119,kasei4545,3195.33,3156.51,231,29790592
33246086,MaLiry,3225.64,3155.64,134,29790592
15234585,HotSour Sushi,3397.3,3155.32,552,29790588
4810113,Yamboos,3422.1,3154.90,745,29790588
949653,Cable,3270.6,3154.42,570,29790591
11843967,Saylox,3477.68,3154.22,272,29790587
33489279,maweo,3262.51,3153.69,457,29790591
16085073,ikero,3486.37,3153.04,459,29790587
36833038,Alcyone0202,3211.89,3152.91,644,29790592
39863712,hazuraChan,3141.53,3152.90,183,29790594
991471,yoyomster,3511.02,3152.67,540,29790586
577705,LukeHilton94,3378.69,3151.03,698,29790589
13644465,s u i s e x,3362.53,3150.97,737,29790589
18590286,kumo_,3248.72,3150.96,794,29790591
6366823,OctoFlare,3287.15,3150.70,289,29790590
10653699,xanbar,3591.59,3150.09,231,29790585
35751251,lakluuu,3294.03,3149.37,267,29790590
2139990,rinfield,3480.17,3149.31,294,29790587
20152832,Xenophane,3427.94,3148.66,766,29790588
21314315,RokaIsPog,3387.96,3148.36,604,29790588
1949710,Misure,3347.77,3148.25,754,29790589
20150363,aeneas,3444.63,3148.18,173,29790587
9295239,Aich1,3202.32,3147.75,260,29790592
19141458,_Bartusieq_,3509.08,3147.74,154,29790586
35893942,ssk965,3229.84,3147.62,637,29790592
15620676,Rulojr,3408.19,3147.51,629,29790588
37841233,GUDEN-ZUDEN,3088.66,3147.27,418,29790595
9926856,Starwide,3530.25,3147.24,104,29790586
4975394,sam525566,3472.39,3146.65,634,29790587
1020951,Thank,3426.89,3146.54,634,29790588
8842090,rusiamu,3202.21,3146.52,935,29790592
36377221,RASEN23MEIJIN,3150.43,3146.52,112,29790593
31463858,kairyu,3207.26,3146.10,189,29790592
9110877,Chivash,3258.75,3146.07,1073,29790591
8972410,thomashani,3476.17,3146.05,421,29790587
33658180,ruriiiiiiiiiii,3246.29,3145.62,650,29790591
31136276,korosandesu4224,3184.07,3145.14,149,29790593
37889553,romanticist,3181.79,3144.34,786,29790593
10609466,gaquada,3463.53,3143.66,457,29790587
10731071,r3vision-,3592.48,3143.50,135,29790585
33676428,hunnsu,3170.21,3143.46,84,29790593
3024488,nurture,3396.78,3143.36,586,29790588
7636505,ZigzagTundra,3330.65,3143.31,685,29790589
4385325,Fence_2,3438.16,3143.30,646,29790588
10437594,mini103,3402.62,3142.89,1063,29790588
14003862,Geffalstein,3338.54,3142.75,540,29790589
10481377,dupest,3499.39,3141.64,380,29790586
5780999,Sh1rLey,3310.15,3141.63,569,29790590
7365617,AlfzKebab,3181.22,3140.57,743,29790593
5095632,KuroganeKitsune,3399.26,3137.79,910,29790588
14806596,Sparklebark,3061.72,3137.36,1076,29790595
295951,Terrahiro,3407.8,3136.91,696,29790588
23675400,turron,3430.18,3136.37,526,29790588
6385453,Nek1i,3463.45,3136.15,507,29790587
25528308,Kris-tian,3453.35,3135.97,568,29790587
10884561,Mafufu,3386.2,3135.88,449,29790588
16978364,CyberEmi,3498.75,3135.78,332,29790586
14100781,hav,3387.6,3135.58,694,29790588
10159928,Gelatin,3459.1,3135.43,455,29790587
6413779,umecchi,3426.28,3135.02,801,29790588
12521904,KoakumaKuromi,3487.48,3134.87,449,29790587
1464838,HidekyKun,3378.36,3134.41,1158,29790589
961622,Inwerd,3453.17,3134.30,608,29790587
4996989,Uldrennn,3226,3134.28,360,29790592
6812563,Ouress,3297.99,3133.00,277,29790590
13495173,amber duster,3465.12,3132.64,653,29790587
11495122,Dealife,3502.07,3132.27,282,29790586
8231721,Baruchlorid,3461.58,3131.98,435,29790587
4928643,[Crows],3449.08,3131.72,181,29790587
12578120,XiaoqiuMu,3406.5,3131.64,578,29790588
35647538,HACHODAYOOOO,3106.4,3130.63,370,29790594
8379270,Reddd,3571.56,3129.89,241,29790585
36263172,PM1225,3261.46,3129.80,810,29790591
2051293,Brettness,3458.71,3129.65,684,29790587
9692723,WUmax,3360.6,3129.65,503,29790589
12289495,Minako Ayano,3402.73,3129.39,726,29790588
20064469,RogerinMillGrau,3203.11,3129.37,948,29790592
14738604,180902,3424.17,3128.49,391,29790588
36144017,Sumar3xon,3243.26,3128.49,590,29790591
3363171,abinsan,3293.25,3128.30,523,29790590
9953811,Lovestruck,3520.12,3128.06,195,29790586
27769658,Martini1910,3116.17,3127.89,194,29790594
9305956,Shina2,3146.39,3127.80,333,29790594
10811914,willy2324,3394.72,3127.59,696,29790588
37931332,Brederino,3271.08,3127.43,760,29790591
16624688,alli666,3371.99,3127.41,771,29790589
15992927,USadU,3247.7,3127.28,282,29790591
8093700,LucyPoindexter,3426.1,3127.27,725,29790588
14281517,crisisNchaos,3392.8,3127.24,562,29790588
14547808,imaghost1057,3317.92,3127.11,857,29790590
4351681,Lsizeww,3317.67,3126.47,539,29790590
15225419,QTaGon,3382.32,3126.27,651,29790588
4641477,aaront,3314.2,3126.26,774,29790590
13094865,Tederby18,3340.82,3125.10,490,29790589
27376932,Sunshine48,3490.37,3125.08,304,29790587
14843688,Insect_TW,3240.53,3124.92,452,29790591
1594373,Maggi29,3431.75,3124.59,663,29790588
11723217,odynote,3258.97,3124.50,746,29790591
11386570,Flamburior,3260.75,3124.29,201,29790591
18720223,3497,3442.76,3124.18,530,29790587
14817281,Abdultheio,3411.65,3123.94,387,29790588
19128918,adamandyves,3454.79,3123.77,564,29790587
27269342,FFA,3424.93,3123.50,300,29790588
16923300,risunako,3178.66,3123.47,-4,29790593
2987773,Johata,3365.65,3122.89,864,29790589
1816439,DHRHD12,3257.67,3122.75,516,29790591
38273841,imata0709,3210.23,3122.47,468,29790592
1251266,[ LauThaiMing ],3508.59,3122.08,343,29790586
36853897,sudo_kukich,3243.19,3122.04,461,29790591
20447316,AKA_TK,3398.44,3121.64,708,29790588
35105585,protonchisel,3457.61,3121.44,456,29790587
13572080,vZephyruz,3350.51,3121.40,1123,29790589
29491584,urikingod,3147.24,3120.98,293,29790594
13791655,imono_katamari,3257.06,3120.85,815,29790591
5554619,Macinstein,3347.59,3120.83,237,29790589
1590487,Omesushi,3562.07,3120.56,634,29790585
31689247,Mocasuzuka,3191.63,3120.54,148,29790593
38859029,leeaimbotbtw,3230.24,3118.39,24,29790592
5604201,Reid Hezzel,3065.35,3118.20,417,29790595
13239834,Punnet,3449.73,3117.42,414,29790587
22383267,Spoon_56,3445.79,3117.17,705,29790587
39923445,Sparklette,3161.42,3116.72,597,29790593
14530440,snailflower,3399.02,3115.87,520,29790588
34187670,KazFewz,3117.75,3115.60,758,29790594
1216400,h964504h,3312.36,3115.58,709,29790590
1863177,Zatsu-chan,3466.5,3115.35,528,29790587
1147773,GIacia,3200.55,3114.96,295,29790592
3584316,Lux,3333.88,3114.87,841,29790589
11691889,okwolf,3375.46,3114.83,862,29790589
9847702,_laen,3545.65,3114.82,146,29790586
31368411,blocta,3380.15,3114.72,682,29790588
13306563,BrianPoff123,3477.27,3114.04,237,29790587
981591,Muzha ComboKing,3466.36,3114.03,362,29790587
9428458,GKT1,3494.75,3113.91,356,29790586
17990439,charley,3419.18,3113.78,389,29790588
9625600,rx7,3345.93,3113.52,892,29790589
34152578,zeusukin,3165.98,3113.00,135,29790593
6949599,Fu Ryou,3312.98,3112.85,668,29790590
30149185,seki0890,3146.99,3112.61,190,29790594
28735741,somo0127,3158.7,3111.85,132,29790593
31667697,KaedeHoshizora,3219.17,3111.52,148,29790592
35850149,asu77,3306.11,3111.42,486,29790590
9510649,SizukuGin,3446.22,3110.71,374,29790587
35427781,ra-mendaigaku,3310.74,3110.70,383,29790590
8317818,Hunter_TW,3376.53,3110.33,646,29790589
5860769,EDXVA,3449.86,3110.13,376,29790587
34910523,SishaCicko,3372.95,3109.91,471,29790589
17605917,Cirrious,3476.41,3109.15,345,29790587
16997804,MeowHou,3282.28,3109.05,1254,29790590
33708170,URAMEmeme,3340.25,3108.92,10,29790589
14842582,pastapowersteve,3324.53,3108.87,771,29790590
2676503,BemiWemi,3524.11,3108.63,382,29790586
1459769,mjj741,3297.76,3108.60,1102,29790590
247307,LUCARIO101230,3474.51,3107.95,467,29790587
31663262,ingraine31,3354.44,3107.87,802,29790589
22737155,Crossette,3384.48,3107.73,499,29790588
36705821,Bavard,3199.35,3107.13,267,29790592
10805961,Cupant,3419.69,3107.08,670,29790588
37115874,ryuchan110822,3133.12,3106.82,77,29790594
36740138,rstringy,3124.94,3106.59,233,29790594
11479385,Mei Komachi,3376.33,3106.48,635,29790589
26265172,02lulubai,3258.31,3105.95,1112,29790591
7000481,Anyse,3486.15,3105.38,260,29790587
869071,Keiyaku,3332.08,3105.21,724,29790589
11205353,Syudagye,3362.26,3105.07,398,29790589
11047654,echoforce4,3519.47,3104.94,357,29790586
36284219,uqnlz,3138.88,3104.71,241,29790594
38008966,blu_mmdev,3430.79,3103.37,555,29790588
17804194,sophie thatcher,3401.52,3103.16,164,29790588
17393541,h4usu,3174.26,3102.83,339,29790593
38743189,seasonmgr,3293.8,3102.48,707,29790590
28889074,takuchin,3069.85,3101.90,237,29790595
10167558,Ereap,3189.49,3101.64,459,29790593
11102213,vervid_,3419.63,3101.41,635,29790588
8923214,Reolk,3478.71,3101.38,420,29790587
8243581,386386,3291.15,3101.37,375,29790590
12119085,kellySTAR,3286.85,3101.35,578,29790590
26676993,mik4n,3173.39,3101.07,112,29790593
1593186,sanomin,3370.62,3100.65,947,29790589
12371820,plscometobrazil,3418.28,3100.41,574,29790588
16324135,Spaek,3118.96,3100.28,664,29790594
37398873,catapoule,3409.21,3100.26,539,29790588
18066297,LoveBulletHell,3382.98,3100.04,611,29790588
9798512,IChuddy,3437.04,3099.82,409,29790588
5231437,SevenFrenzy,3323.28,3099.66,882,29790590
2364434,Go to HELL,3160.96,3099.43,419,29790593
20901055,Lenk0,3107.08,3099.19,268,29790594
2593245,- RongEy -,3086.04,3099.04,535,29790595
7442495,hazzy -,3370.69,3098.65,706,29790589
10942212,luizabeth,3189.2,3098.10,669,29790593
31012383,kimikimchi,3400.12,3096.98,351,29790588
22306342,YARKOLOS,3349.69,3096.68,665,29790589
6111996,Darkric,3494.49,3096.63,357,29790586
6883620,wow789cao,3235.32,3095.18,419,29790592
28114605,only_1043,3148.35,3094.63,385,29790594
15331892,bu11sh1t500,3424.63,3093.99,174,29790588
7579945,wl02227976,3403.6,3093.35,642,29790588
18867523,flowerful,3334.66,3092.76,230,29790589
11756131,EmeraldXenax,3165.91,3092.49,527,29790593
10391882,YoYu,3377.3,3091.70,675,29790589
9108428,[celes],3332.47,3091.43,89,29790589
15127235,Le_other_side,3296.65,3090.99,993,29790590
36126237,puraimuxzombie,3068.11,3090.55,165,29790595
37597754,Ywann,3369.15,3090.45,487,29790589
22290563,einfehler,3214.69,3090.24,1403,29790592
12311356,maxeeh,3251.8,3090.01,889,29790591
27913700,CULATER,3118.3,3089.16,202,29790594
38079783,Grafia,3282.53,3088.68,1030,29790590
20028293,Lorak_80,3249.99,3088.14,562,29790591
38372840,he1ru,3126.28,3087.13,135,29790594
36424144,9NoNa9,3144.99,3086.83,75,29790594
28056258,Roxy_Dreemurr,3347.16,3086.74,460,29790589
10516999,De0rpy,3412.8,3085.99,459,29790588
37418846,Luscious_,3072.72,3085.46,247,29790595
35827867,dkkdk,3227.62,3085.18,344,29790592
19035528,nghiahcb,3426.5,3084.95,355,29790588
9810726,Fantastic Demon,3282.78,3084.58,782,29790590
9067959,n_harmonia3_14,3394.18,3084.12,530,29790588
25147623,fmthesis,3410.97,3083.97,421,29790588
36756339,volvic_mizu,3075.73,3083.79,233,29790595
13724765,relojito,3463.34,3083.50,186,29790587
5074981,Schmooky,3272.92,3083.44,1151,29790591
16701559,kawaiiPuniru,3254.32,3083.41,676,29790591
14149970,Yunarkm,3426.79,3082.82,264,29790588
36096072,K3n0ZOV,3400.56,3082.71,353,29790588
16966349,Yooun Seung Ho,3308.74,3082.65,537,29790590
10181028,Mouldydreamer,3147.75,3082.07,602,29790594
36942206,yurane,3360.97,3082.00,333,29790589
31325331,sangwoo,3303.06,3081.18,509,29790590
16191222,DragonZei,3334.97,3081.17,693,29790589
14835003,Beep_Error_2104,3343.68,3080.85,708,29790589
35146474,leromi,3301.25,3080.62,187,29790590
7374066,DeltaLeeds,3321.74,3080.09,775,29790590
8130685,jakRhL,3302.18,3079.98,478,29790590
10143086,hotcat190,3349.17,3079.77,650,29790589
39602889,uncletrout,3083.53,3079.62,362,29790595
4806886,ab1_old,3458.85,3079.48,249,29790587
34280494,m0timoti,3160.01,3078.79,75,29790593
27820599,Rebeccaaaa_,3483.85,3078.37,314,29790587
10266275,AnyaShy,3309.09,3077.70,667,29790590
17222134,siboi,3400.87,3077.69,499,29790588
3351926,simonf,3449.8,3077.62,327,29790587
20854976,Cartophilic,3283.82,3076.19,342,29790590
17596669,Walmutarti,3354.87,3076.11,565,29790589
15124407,Small_Lo,3393.28,3075.29,508,29790588
27010566,CFF,3218.95,3075.03,714,29790592
36492055,Ib_u_u,3071.61,3075.00,89,29790595
626094,marshallracer,3390.83,3074.71,572,29790588
6768293,LEON195,3099.95,3074.59,128,29790595
4539100,Diversity,3096.33,3074.56,1222,29790595
3895932,ALTERNATOR32,3324.38,3074.31,630,29790590
5249400,ByoBakcCiyt,3341.62,3074.13,404,29790589
1453120,hk0326159487,3354.21,3073.49,636,29790589
36292093,EnderBlazegames,3291.53,3073.29,375,29790590
23326338,eggyv,3458.1,3072.81,130,29790587
29315956,negnog,3141.96,3072.53,513,29790594
14540995,- Apollo,3355.96,3071.48,482,29790589
25422853,S4ucxy,3433.05,3071.45,181,29790588
18626202,potatue243,3423.34,3071.23,522,29790588
7858737,Global- Elite-,3357.24,3070.10,635,29790589
15023769,Coaster_Playz,3417.72,3069.99,187,29790588
9258670,DuoSushi,3431.5,3069.79,326,29790588
8840398,OneShotFox,3317.01,3069.60,599,29790590
13997725,bleachonthbeach,3384.01,3069.57,630,29790588
9554330,samububu,3268.33,3068.92,461,29790591
20782611,B00boo,3367.92,3068.53,525,29790589
3068636,Rapadespic,3314.73,3068.50,476,29790590
13242008,-FalseLove,3388.35,3068.38,546,29790588
22431338,haniwa828,3154.26,3066.71,134,29790593
13435366,Beww2995,3179.66,3066.63,495,29790593
30945591,imperfectionist,3360.36,3065.69,113,29790589
11188249,Plutes,3141.67,3065.69,680,29790594
17967520,KyoClove,3379.41,3065.57,251,29790588
10000899,shdewz,3246.84,3065.56,560,29790591
4141918,Thundur,3389.32,3064.79,471,29790588
34875324,nakai,3168.17,3064.78,345,29790593
29023379,papicopapico,3134.96,3064.32,612,29790594
10800983,Potatonao,3392.43,3063.89,553,29790588
17763519,azthste,3283.94,3063.64,1014,29790590
3437338,Matty7,3247.5,3063.12,766,29790591
1051192,woliying,3328.31,3062.69,606,29790589
18248035,Torru,3368.65,3062.65,446,29790589
31788069,poogalstaf,3317.82,3062.59,480,29790590
1248296,Muszlaaa,3354.07,3062.52,685,29790589
30509475,DenLoop2011,3160.49,3062.51,685,29790593
4256354,Kuugo,3395.19,3062.39,609,29790588
2422005,Eroge,3320.73,3062.30,703,29790590
13194444,nishionyama,3082.35,3062.10,797,29790595
11079687,Scarf1056,3377.94,3061.79,556,29790589
14732832,L1NO4I22I,3187.43,3061.22,608,29790593
38874831,dvdyyy,3100.58,3060.17,21,29790594
23572088,ohayousan,3365.99,3060.14,389,29790589
32868522,wafopurin,3216.22,3059.69,399,29790592
10562049,Nyas,3320,3058.63,715,29790590
9436126,Cocoamallows,3365.36,3058.45,617,29790589
472868,hannahwt,3240.67,3058.07,1123,29790591
29517030,Gugugu3538,3261.99,3057.83,374,29790591
37167887,Soelir1012,3333.37,3057.72,448,29790589
5244896,Bionexx,3333.28,3057.71,593,29790589
4648329,Kolo71,3380.93,3056.95,663,29790588
29956217,abc123111,3074.76,3056.73,207,29790595
12314276,Timak777,3338.19,3056.71,491,29790589
16858242,Venryi,3338.1,3056.40,474,29790589
1922268,VisualAya,3252.91,3056.32,1073,29790591
11925843,hina choco,3353.45,3056.13,392,29790589
34269043,arion195,3092.08,3056.12,155,29790595
33344962,mia738,3163.77,3055.89,914,29790593
36974006,mypp1s,3148.83,3055.78,201,29790594
19024016,UncappedSquash,3181.58,3055.70,260,29790593
21568554,ZeroKara_K,3246.46,3055.51,51,29790591
37264389,4901777018686,3150.29,3055.39,-77,29790593
1659884,Sove_King,3393.8,3055.24,441,29790588
1525371,Nishinomaru,3321.54,3055.22,455,29790590
11497928,zunsu__Q__,3319.4,3054.28,520,29790590
11859197,syarin,3422.53,3054.24,503,29790588
34932032,ahmetduran,3252.32,3054.11,331,29790591
4664968,cicrye,3401.2,3051.48,460,29790588
26068690,Aruka0,3073.33,3051.48,41,29790595
8547527,Dreamy,3363.91,3050.48,467,29790589
23469504,SSoleBoy,3252.19,3050.36,1135,29790591
16283389,Kanade Tenshi,3327.65,3049.97,782,29790589
33906623,window2265,3088.39,3049.24,61,29790595
36585467,Katsura_Jinsei,3134.36,3048.48,1200,29790594
10639056,DutchOwO,3228.04,3048.25,1087,29790592
1845387,yukio1991,3384.26,3047.95,542,29790588
10829559,Anmdromeda,3241.83,3047.77,997,29790591
26135064,ZED1112,3302.72,3046.72,660,29790590
34040907,choose life,3318.7,3046.68,269,29790590
2922733,kuritax,3247.92,3045.99,903,29790591
13687695,sh0ckR6,3234.53,3045.88,513,29790592
22135910,Salmon_55,3193.74,3045.70,243,29790593
36706106,Pamcakk3,3201.75,3045.60,445,29790592
17381440,424-siniyo,3244.03,3045.52,411,29790591
30000522,riia421,3089.55,3045.18,51,29790595
7015940,Elder Sister,3261.57,3044.97,1110,29790591
23923762,seyio,3248.18,3044.90,653,29790591
12285440,OsaT,3048.1,3044.57,115,29790596
10382670,BaoOtakun,3386.65,3044.54,360,29790588
514233,SuperPartzschi,3332.82,3044.32,651,29790589
10334943,Kitsuka,3221.15,3044.09,1130,29790592
21193304,isu_osu,3222.9,3043.87,677,29790592
120261,Peekaa,3256.62,3043.82,990,29790591
16214762,DGSANS,3259.87,3043.37,468,29790591
37987659,YukiTsukii,3410.57,3043.10,238,29790588
6791275,smh_annie,3419.41,3043.08,447,29790588
16427395,ZilverX15,3428.15,3042.73,88,29790588
13770529,mortuuss,3348.78,3042.37,699,29790589
3010224,JTxw19970411,3351.44,3042.24,507,29790589
39050225,Rhyss Peices,3068.47,3042.08,62,29790595
11847987,Meongmung_E,3290.16,3041.74,629,29790590
27725613,skyred50,3334.51,3040.93,747,29790589
19551907,worm,3397.74,3040.86,333,29790588
28973183,Vtuber Mikanyan,3134.72,3040.57,190,29790594
17619649,policevn,3270.43,3040.54,34,29790591
27823588,nikojaneksky,3208.7,3039.54,870,29790592
33599638,kaonashi1231231,3082.85,3039.35,152,29790595
7590894,ExNeko,3298.77,3038.88,741,29790590
32479649,altoufu,3366.27,3038.87,456,29790589
16758202,dokaaaaaa,3193.12,3038.04,302,29790593
12279615,Second5,3350.69,3037.58,469,29790589
10008218,Skyverrr,3181.71,3036.69,168,29790593
9163985,petragurin,3412.87,3036.55,198,29790588
289569,smallball_old,3083.32,3035.90,1196,29790595
38912205,bomby123213,3196.88,3035.61,-160,29790592
17363709,FuRu7_7,3374.27,3035.26,292,29790589
22368895,Zai,3200.98,3034.75,398,29790592
34594205,alexdebenada,3295.79,3034.44,621,29790590
31796346,thesheepguy,3275.35,3034.43,885,29790591
11184806,729710215,3203.91,3033.31,324,29790592
13320935,uwu_mimi,3303.19,3033.28,419,29790590
111092,command6104,3405.41,3032.28,308,29790588
7463048,mmikkoo,3350.98,3032.15,427,29790589
33083226,FelizAvis,3267.88,3031.67,688,29790591
93636,-Katchup-,3381.26,3031.60,525,29790588
18015319,Epine00,3368.46,3030.76,378,29790589
37974477,ryouyatry0618,3252.11,3029.69,371,29790591
8942891,KingOwO,3213.69,3029.38,1024,29790592
16564672,piggy-_-kk,3171.55,3029.32,1369,29790593
28584677,TallTarnation,3172.64,3029.18,1263,29790593
28016556,patryk0074,3241.32,3029.04,605,29790591
24606187,YORUIlo,3074.42,3028.59,874,29790595
12433926,vulpes owo,3326.1,3028.24,486,29790590
13756517,GODV14138,3275.56,3028.00,603,29790591
4775600,azer467,3383.16,3026.98,505,29790588
5926291,agitoism,3359.31,3026.14,485,29790589
4375128,-Ao,3220.65,3026.02,936,29790592
39676472,pui25,3150.84,3025.85,203,29790593
32707651,qqqqyyuy,3213.25,3025.61,414,29790592
13595784,Aninhabizu,3330.89,3025.48,828,29790589
5277538,Xi_,3339.64,3025.38,619,29790589
29689214,Rykozuno,3404.81,3024.42,376,29790588
28986603,Kururu,3182.18,3024.15,690,29790593
2347389,paladog2546,3228.83,3023.11,1084,29790592
38760981,RadShiba,3148.65,3022.49,175,29790594
4920515,trev0115,3227.31,3022.47,916,29790592
14018486,Pacify,3386.84,3022.07,365,29790588
2485758,GaWloo,3205.55,3022.07,1066,29790592
1688743,ikkic,3237.57,3021.35,593,29790591
7627097,FudanPremium,3288.91,3020.31,573,29790590
32813211,Aragami114514,3086.37,3020.14,100,29790595
17652842,Caboozled_Pie,3381.75,3020.00,17,29790588
7842506,Yucky,3322.9,3019.81,705,29790590
3388831,wormito,3182.34,3019.56,1316,29790593
29747860,Dr Weng940615,3238.12,3019.06,1089,29790591
38899139,NoobDestroyr69,3196.34,3018.88,236,29790592
13983526,Gestas,3313.23,3018.38,612,29790590
29453752,f7xbloodbath,3164.19,3018.24,632,29790593
4915701,Skyplayer02,3287.67,3016.87,621,29790590
32530839,kamiyokari_huh,3283.1,3016.60,570,29790590
13577441,kevin0406,3247.77,3016.16,526,29790591
6107576,Segarius,3293.73,3015.66,640,29790590
17218749,-Arte,3317.36,3014.39,566,29790590
10713711,ShyEDESU,3155.75,3014.38,1035,29790593
33438709,Chlortsian,3210.04,3014.36,600,29790592
5568161,Levkar,3392.02,3014.28,320,29790588
1828621,Modren,3129.04,3014.24,1147,29790594
17570994,Koharu18,3342.39,3014.03,447,29790589
11675248,Z1A1RINKA,3378.54,3013.64,208,29790589
2857130,_vanity,3292.56,3013.60,667,29790590
11397072,pottomotto22,3211.04,3012.70,456,29790592
24655846,Gnorri Slayer,3222.01,3012.38,587,29790592
17640839,thegamergoat,3388.88,3011.81,415,29790588
8455269,Yozoria,3195.49,3011.41,656,29790592
16637655,2wr,3321.15,3011.27,593,29790590
3938593,SirChronus,3382.07,3010.81,327,29790588
14903708,Piesel Artix102,3319.01,3010.65,450,29790590
33400323,Vinchep,3240.26,3010.62,834,29790591
12419303,intecorei5,3217.87,3010.02,308,29790592
30108745,Lemon4eck,3233.03,3009.92,808,29790592
33033040,M61,3323.42,3009.60,422,29790590
11731143,darknesstt,3315.24,3009.56,642,29790590
19460146,Insan1teee,3327.58,3009.34,251,29790589
14596406,TT87,3169.85,3008.33,373,29790593
25598172,Vexxin,3190.47,3008.29,612,29790593
32732509,Firune,3261.19,3007.89,438,29790591
2787415,MrPotato,3214.96,3007.78,725,29790592
20520574,Blas_Higuera,3239.99,3007.45,666,29790591
3076909,Mafumafu,3335.71,3007.30,563,29790589
27698789,[RUE]zozoritiez,3173.46,3007.22,-158,29790593
10164610,A-Seed,3051.99,3006.86,395,29790596
28835621,invitrose,3096.66,3006.80,356,29790595
7464798,EiriNeos,3316.13,3005.88,424,29790590
10745774,2391,3121.74,3005.49,370,29790594
24068840,Janquartz,3289.35,3005.21,746,29790590
8708204,ARTESTER,3274.95,3005.00,712,29790591
14592005,adcanada,3282.63,3004.71,580,29790590
7849509,LEX_3201,3242.43,3004.62,1047,29790591
30826405,bobbycyl,3105.79,3003.26,757,29790594
9727747,Vegan,3184.35,3003.16,565,29790593
14347252,Hikigaya_pzc,3279.88,3002.60,561,29790591
31949297,ayusi131,3087.06,3002.53,169,29790595
17425272,Aunn Komano,3378.21,3002.42,193,29790589
9924079,Ayanami,3356.61,3002.14,259,29790589
8579186,Greninja,3297.12,3001.80,532,29790590
12901125,Flam_glass,3065.01,3000.93,504,29790595
32498055,LemieH_,3076.32,3000.21,323,29790595
21164734,HODDOG_,3342.83,3000.20,440,29790589
19611177,-NGNL-,3213.98,3000.16,833,29790592
36050560,reincarnati0n,3063.75,2999.69,121,29790595
21734415,qAyane,3210.44,2999.41,908,29790592
10067936,Tati_Muffin,3313.64,2999.25,548,29790590
27064830,lo sai,3288.83,2999.02,474,29790590
17048596,MisterBread009,3291.41,2998.54,216,29790590
24280511,Withthebeat,3299.14,2997.79,488,29790590
29429252,AppleRank,3354.01,2997.63,313,29790589
9526124,Haru Urara,3230.58,2997.37,435,29790592
24951899,iKyzher,3201.93,2997.19,383,29790592
1472635,donpom,3387.66,2996.94,187,29790588
35608208,yuttari041,3153.44,2996.85,652,29790593
18396634,megapro2008,3276.26,2996.74,351,29790591
16254360,Blizzzy_old_1,3234.32,2996.60,509,29790592
3662205,Player0,3303.55,2996.34,547,29790590
7835949,sutnr,3351.17,2996.03,506,29790589
16211302,stylesclash,3272.67,2996.00,621,29790591
28789139,takoyakimaru,3268.83,2995.98,826,29790591
29518226,GranderUtai,3239.39,2995.98,541,29790591
17811763,SukiruToKiru,3279.5,2995.89,701,29790591
19563635,mark5056,3132.3,2994.83,964,29790594
2173309,Darkravens23,3312.76,2994.47,465,29790590
9233519,Chara_kill,3259.45,2993.43,400,29790591
35657888,mokomonosan,3101.67,2992.54,356,29790594
28498328,NoBudgetGuy,3337.21,2992.47,471,29790589
17081915,Freely_tomorrow,3089.43,2992.00,762,29790595
24725415,destroided,3210.11,2991.64,990,29790592
1044093,Alexis x3,3148.01,2991.19,1295,29790594
8085085,Aniwazan,3281.09,2990.72,648,29790591
6741390,EneJinxed,3298.09,2990.56,721,29790590
8829340,a1987550,3362.37,2989.00,287,29790589
10929618,Mors_94,3289.9,2988.76,491,29790590
1689556,s9406813,3319.68,2988.67,563,29790590
4637512,Momovelia-,3193.97,2988.51,893,29790593
14852929,XiaoJie987,3312.12,2988.35,449,29790590
10688382,Cam,3367.74,2987.54,352,29790589
12325229,Euel07,3217.95,2986.05,918,29790592
16358759,AnimeRamen,3306.47,2985.38,321,29790590
24795983,PepsiRets,3328.59,2985.12,346,29790589
35513495,yharonstism,3299.85,2984.38,386,29790590
4324195,frolica,3277.81,2984.32,356,29790591
33346738,GA_k,3199.58,2984.15,511,29790592
944558,naninarabe,3326.78,2983.94,770,29790589
11774003,rtario,3313.98,2983.88,352,29790590
10134692,PandaDL69,3317.55,2983.77,575,29790590
4225643,20Cat,3271.84,2983.74,624,29790591
3732348,zxz_regular,3237.3,2983.63,767,29790591
29080647,kira117315,3187.14,2983.47,721,29790593
17109298,SuperGion915,3176.77,2983.17,1030,29790593
20385582,Nevercer,3239.62,2983.05,745,29790591
31163391,TheShepr,3300.27,2983.02,361,29790590
23636785,parabeetle,3298.84,2982.96,592,29790590
32418188,Togachan,3282.44,2982.45,262,29790590
8876225,Shiinamashiro02,3216.7,2982.26,652,29790592
10889455,xilas,3272.86,2982.10,762,29790591
18095247,midonanana,3307.62,2982.03,403,29790590
11041478,Tuntor689,3180.21,2981.91,94,29790593
15432501,Fluff,3315.86,2981.80,390,29790590
7213605,Cynoo,3388.73,2981.70,203,29790588
7871762,Raimuu,3379.74,2981.59,399,29790588
10869541,ChimneySwift11,3272.33,2981.45,462,29790591
4569972,lilyaaaaopen,3250.64,2981.15,604,29790591
779443,a2279958,3305.52,2980.69,653,29790590
9834448,Black_Cat9,3292.82,2980.67,495,29790590
18605456,Lunamoon13,3124.8,2979.72,1222,29790594
10677044,TheD2R,3121.42,2979.29,1270,29790594
18435924,UniqueMilk,3256.28,2978.66,368,29790591
7331952,jamesvelasco,3112.47,2978.12,431,29790594
4840742,Cody Chang,3214.08,2978.06,443,29790592
22327215,ENVY_02,3299.25,2977.55,259,29790590
7468377,kaoyao123,3313.04,2977.45,468,29790590
3248954,akatuki1025,3186.7,2977.39,304,29790593
7624076,Totoch,3364.86,2977.34,274,29790589
7231976,Riruha,3144.06,2977.30,276,29790594
6922404,[SillyGoober],3192.13,2977.00,587,29790593
12349743,Atsuneko_,3072.17,2976.57,677,29790595
1038070,benryan1527,3281.88,2975.82,612,29790590
15968223,on_D,3370.39,2975.65,365,29790589
1155587,tuziel,3342.55,2975.60,373,29790589
1370859,z592756084,3280,2975.33,564,29790591
13181342,wsitu,3231.86,2974.99,489,29790592
20373210,M4nzanaGD,3275.18,2974.87,595,29790591
26266315,Agonokuusyo,3054.86,2974.50,240,29790596
24789103,BIoom Into You,3138.25,2974.28,242,29790594
4779609,Pavasaker5,3289.28,2974.19,614,29790590
1117407,Brando99,3217.52,2974.10,935,29790592
2365038,FateAverruncus,3220.99,2973.81,895,29790592
1515951,Guillermina888,3279.26,2973.43,478,29790591
43003,wieyqev,3118.76,2973.41,1210,29790594
11776535,ElizabethLiones,3151.83,2973.02,1153,29790593
10986355,world315492,3194.1,2972.76,1085,29790593
37705180,Loonaria,3104.74,2971.33,567,29790594
22267757,meemimayuri,3356.49,2970.64,176,29790589
10425823,BaritoneTenor,3183.24,2970.19,993,29790593
24807118,Setsuwa,3296.21,2970.05,417,29790590
12569040,Zhanxaing,3215.19,2969.27,793,29790592
14692782,7Mossss,3241.12,2969.23,818,29790591
15963327,Xgojfz,3051.03,2969.08,717,29790596
9542080,grazzegore,3295.72,2967.93,629,29790590
1039574,[-Ikary-],3169.59,2967.91,1039,29790593
11098035,Huukkeli,3195.04,2967.87,781,29790593
17332586,iamalexliz,3201.15,2967.39,757,29790592
6283052,Haegu,3263.82,2966.83,593,29790591
12723620,1_Overlord_1,3302.62,2966.67,488,29790590
18506874,homelybanana,3103.05,2965.97,465,29790594
34210302,Rurino,3239.26,2965.72,496,29790591
21399985,ReiKuma892,3296.56,2965.71,489,29790590
15056382,Gene410,3163.92,2965.38,503,29790593
8705545,Stormiverse,3115.71,2965.27,494,29790594
15333900,taikogodback,3112.08,2965.25,537,29790594
11957119,Kurojii,3285.64,2965.05,403,29790590
10522308,xeshing,3183.5,2964.87,473,29790593
12191259,lagdasher,3314.89,2964.67,433,29790590
11908434,TheMusicalGhost,3206.89,2963.89,524,29790592
22939752,M3I,3280.2,2963.59,314,29790591
17285852,chirumiru,3340.9,2963.49,406,29790589
17416390,raydeguchi,3204.45,2963.15,575,29790592
9465458,julialess64,3223.9,2962.64,635,29790592
17876874,Pantera_Rega,3310.03,2962.52,491,29790590
28264303,t37m,3217.18,2962.17,683,29790592
11300219,Trangkimnguu,3294.9,2962.14,458,29790590
498151,da123f,3207.39,2960.66,537,29790592
172187,LittleMo33,3124.54,2959.96,1290,29790594
26961285,PiMaster314,3193.53,2959.94,659,29790593
13103526,Zerloxius,3235.63,2959.81,713,29790592
38115032,Persimmmmoon,3087.27,2959.51,62,29790595
762118,Kuma,3106.27,2958.04,1059,29790594
37762861,EvilOsaka,3052.59,2957.78,210,29790596
13625195,tokakaneki1,3137.84,2956.57,487,29790594
14636842,zeero_sama,3306.65,2956.56,412,29790590
37793999,Rojass,3207.01,2956.05,283,29790592
36907455,RealKagamineLen,3126.47,2955.44,915,29790594
8252529,_Nevermind_,3233.49,2955.06,498,29790592
29282181,flower_mizuki,3080.68,2954.34,578,29790595
11186261,Marshmello X__X,3290.95,2953.87,609,29790590
32703409,bobbilly49,3173.58,2953.74,550,29790593
6536970,rockexe,3148.15,2953.70,819,29790594
21719026,Toa Narumi,3327.34,2953.63,435,29790589
4584806,Oranji Juice,3198.08,2953.34,860,29790592
14644584,finjtiny,3290.86,2953.29,476,29790590
22039838,GlowBlock64,3283.04,2952.95,417,29790590
13472074,Lee Chong Wei,3258.18,2951.95,257,29790591
4502238,zelda101,3105.2,2951.22,946,29790594
6504144,DeimosX,3300.85,2950.95,289,29790590
20870627,user000000039,3218.78,2950.41,561,29790592
8821300,Elenaflores169,3247.64,2950.32,680,29790591
6284683,Jagester,3225.2,2950.20,669,29790592
6954787,Hanswall,3309.75,2949.84,508,29790590
20211060,koim,3304.57,2949.37,341,29790590
15088888,4 EveryoneHD,3229.5,2949.37,564,29790592
35296768,half_split,3364.32,2949.27,241,29790589
19652382,Cheesecake7007,3207.73,2948.78,517,29790592
14738482,McBliss,3247.56,2947.70,533,29790591
15201104,ThiefTheBruh,3302.98,2947.65,299,29790590
9053638,Aesc the Savior,3325.78,2947.53,208,29790590
9528664,Terrantez,3238.01,2947.47,521,29790591
12972984,Hasuna,3184.5,2947.43,592,29790593
14320991,-shiroyusi,3280.84,2947.34,393,29790591
148960,Nuscrate,3092.77,2946.76,936,29790595
3859787,-Dragonite,3220.29,2946.71,689,29790592
25690184,JoeyGYGY,3084.01,2946.22,97,29790595
18564997,Edan Tae,3287.59,2945.51,467,29790590
17917815,ToybenjaguaXd,3143.65,2945.31,486,29790594
23265382,ilyaCrab,3241.02,2945.23,298,29790591
11804306,Burguecircs,3249.92,2945.13,446,29790591
9789441,MiYamori-Aoi,3150.55,2945.03,819,29790593
11283728,sam40305,3207.88,2945.00,260,29790592
35855284,naka1213,3083.16,2944.46,478,29790595
6177263,Kasumi-sama,3233.78,2943.72,465,29790592
12346126,iwi,3150.9,2943.62,308,29790593
16589745,moIoko,3414.57,2943.24,-52,29790588
16458512,MANMIK,3081.21,2943.22,807,29790595
24323105,ZydraYK,3241.94,2943.20,542,29790591
9811883,abateur,3203.7,2943.12,712,29790592
16779673,cheetahfan2003,3310.91,2942.85,344,29790590
9919528,Mohammad s,3351.67,2942.38,237,29790589
29803350,Slowpoke164,3091.42,2941.01,926,29790595
15414764,nisetanaqa,3183.95,2940.48,552,29790593
27647565,cirno gamign,3076.75,2940.43,54,29790595
14907419,Waaaaaaaaaaarm,3188.43,2940.29,824,29790593
9651029,NielNix,3234.24,2940.10,646,29790592
33470285,MOKAAAAAAAAA,3267.25,2939.81,150,29790591
10189211,_Nyu,3159.79,2938.48,616,29790593
22458254,nadanadieningun,3307.13,2938.00,443,29790590
3301005,vibrantdragon,3255.36,2937.60,581,29790591
34115250,DaVince,3296.38,2937.48,408,29790590
11788381,Renzzzi,3092.69,2937.20,564,29790595
6179267,CrunchyTooth,3219.29,2935.92,616,29790592
12011299,mmmF,3139.43,2934.75,1099,29790594
28583535,orange351,3061.5,2934.27,93,29790595
32783854,Oreli,3098.62,2934.21,539,29790595
5395077,REAPERXJ,3307,2934.02,202,29790590
21622176,shiqianyiya,3178.6,2933.75,237,29790593
9875254,bahamutozzz,3222.32,2933.29,154,29790592
11202804,en0reZ,3540.49,2933.15,469,29790586
28280736,Lucky_VR,3157.9,2932.82,133,29790593
9738159,salchow,3124.67,2932.79,818,29790594
16398185,monzai,3382.48,2932.46,265,29790588
21822645,Abstracto,3193.03,2932.00,687,29790593
9896917,DroiidBro,3221.91,2931.85,727,29790592
6661676,[TMEO]Sharli,3144.28,2931.66,399,29790594
22544887,WorstUKTaikoGuy,3227.19,2931.64,723,29790592
14106312,Maiiy,3128.12,2930.22,544,29790594
25362477,frogushka1100,3055.55,2930.09,1075,29790595
2428277,Nanael-sama,3189.07,2929.44,476,29790593
8663202,Kurei,3218.22,2929.04,602,29790592
1735597,kumiho_asakira,3155.28,2928.38,924,29790593
32721490,yuki21780,3122.2,2927.97,697,29790594
13244155,[Hansu],3140.09,2927.61,418,29790594
28954442,jasper069,3050.44,2927.51,1023,29790596
15006781,Xtradinary,3219.36,2927.03,767,29790592
16812701,Teashirt1,3267.14,2926.83,487,29790591
1425464,Teitoto,3188.64,2926.67,956,29790593
5157250,itsCl0udy,3231.64,2925.88,486,29790592
14993237,konah_Uwu,3232.39,2924.61,685,29790592
14001830,CheezWhiz328,3317.46,2923.94,121,29790590
12950111,nehotcat829,3294.5,2923.85,471,29790590
5166041,soadmaniac,3094.73,2923.06,620,29790595
30768094,baigao,3183.87,2922.56,452,29790593
13133142,jxy768,3165.14,2919.11,483,29790593
19998310,Sirexx,3083.25,2918.88,502,29790595
29279366,Chile24208,3181.16,2918.60,457,29790593
6922333,yadon,3210.69,2918.23,642,29790592
30462594,raptor 0433,3102.24,2918.22,464,29790594
14440125,g0rech,3053.96,2917.77,1087,29790596
16681913,KRUSHER99,3305.21,2917.36,55,29790590
20424437,niceXD,3127.24,2916.97,622,29790594
7287018,Shlapydoodle,3244.17,2915.99,688,29790591
16934555,MiraiKawaiiUwU,3234.69,2915.92,440,29790592
11115219,Green_Tea_owo,3248.34,2915.68,235,29790591
5269539,bonjour030,3265.7,2915.12,402,29790591
10950422,Justuks,3213.03,2914.48,521,29790592
26009615,NM4,3111.14,2913.89,625,29790594
8070266,abrahamsaitokun,3143.74,2913.54,1135,29790594
32633746,takataka8303k,3245.84,2912.84,585,29790591
9341205,yeomoon,3126.82,2912.80,1146,29790594
1531146,lovetoppy,3104.9,2911.42,239,29790594
10395684,Zezka10,3313.92,2911.07,65,29790590
18597962,AFasterSlowpoke,3243.4,2911.03,356,29790591
12154681,NathingHere,3205.75,2910.80,493,29790592
36512379,Ncvnnysensei,3259.54,2910.57,366,29790591
4570117,bzxiangzai,3143.25,2910.29,704,29790594
4101818,davidbeh_97,3255.22,2909.87,416,29790591
16660532,Guhh,3269.21,2909.47,37,29790591
8616034,win1217,3252.83,2909.44,376,29790591
6299319,kakunegizat,3060.45,2909.33,285,29790595
1154208,ilove2941,3264.08,2909.32,437,29790591
6403493,BakaUsagi,3260.24,2908.45,335,29790591
34298580,jerry1ricky2,3154.62,2908.18,556,29790593
35313257,Floating_FL,3260.43,2908.01,340,29790591
13743448,_SeiKo,3155.36,2907.67,553,29790593
247082,SolBerry,3125.48,2906.77,1079,29790594
9760098,Camine_Gamer,3059.21,2906.76,76,29790595
35425989,yu-ribook,3280.66,2906.72,303,29790591
16712232,1sk3se,3117.96,2906.19,443,29790594
35357990,sakamon1008,3069.59,2905.83,483,29790595
6826635,Cookuruzie,3269.51,2905.31,348,29790591
27515070,TakinaFangirl,3068.58,2904.83,748,29790595
6710588,singjai16,3101.17,2904.48,314,29790594
15350161,AriDae18,3167.51,2904.36,731,29790593
10710046,Kosetsu,3337.75,2903.59,257,29790589
5205629,Tiubi,3293.36,2903.50,574,29790590
10705108,vacivus,3254.06,2902.71,455,29790591
9461155,Spagyrie,3118.46,2901.57,874,29790594
22655132,DarQion,3152.91,2901.24,800,29790593
10553570,FantasticGamer,3267.99,2900.91,491,29790591
17610775,jno,3206.35,2900.70,413,29790592
17580295,Xenoplasm,3137.34,2900.57,910,29790594
3496374,[ Mikan ],3146.61,2900.03,908,29790594
12978497,Tronamo,3246.95,2899.42,338,29790591
17476342,BRUHBA,3201.84,2898.92,265,29790592
5352827,[Yumekui],3167.59,2898.48,673,29790593
10681880,Kaffu-,3124.48,2898.21,384,29790594
13310260,Blahdimir,3053.56,2898.21,659,29790596
16394013,JOJOIL,3216.9,2897.54,584,29790592
6578914,Senblue,3216.45,2897.53,535,29790592
25817390,forevervirgiin,3119.71,2897.28,1024,29790594
7562736,[Prof],3309.68,2896.13,466,29790590
27376118,Levianeer,3106.54,2893.34,561,29790594
1521651,kana_no_circulation,3172,2893.24,672,29790593
7705408,Irysital,3229.31,2893.03,411,29790592
25288669,Anvil420,3244.85,2892.92,337,29790591
17615821,Arnonkuls,3143.91,2892.32,673,29790594
12081264,fn225431,3127.12,2890.95,1004,29790594
10121184,nikkotya,3244.23,2890.84,464,29790591
8804631,supersanic7,3064.34,2890.16,717,29790595
33392976,tachtogosha,3180.13,2888.52,284,29790593
6295797,Devinaly,3224.92,2888.23,390,29790592
10939229,eason1230,3120.25,2887.97,233,29790594
2557980,BarbaricPanda,3208.48,2886.26,366,29790592
8509804,CyberRebel,3222.74,2885.55,355,29790592
12647024,anagor,3261.34,2885.51,302,29790591
17163951,Flunky,3170.61,2885.51,450,29790593
12157085,dogsachu,3262.58,2885.18,57,29790591
10756322,ParkIsGreat,3283.29,2884.92,141,29790590
17575466,Kiora Arioka,3198.45,2884.74,568,29790592
14503778,speckrow,3101.92,2884.34,523,29790594
21944805,Random_Gril,3190.87,2883.32,586,29790593
12290780,Phanalax,3163.13,2882.55,705,29790593
11397043,StartForKiller,3142.28,2882.17,938,29790594
34774376,idsosxdxd,3055.66,2881.47,448,29790595
23322958,Linkff001,3269.74,2881.08,237,29790591
4417929,Osten,3251.61,2880.50,394,29790591
12396320,Thebotania,3236.63,2880.45,255,29790592
12457140,MrBurns,3168.02,2879.83,708,29790593
14488522,RKADE 14,3179.46,2879.75,876,29790593
10127568,OtakuWeebster,3256.84,2879.25,357,29790591
5158343,kouguchii,3167.81,2879.21,790,29790593
34249243,Boyar_Hankoku,3112.71,2879.03,1074,29790594
16008885,NewbieFirst,3198.14,2878.91,564,29790592
36580100,-aon,3053.28,2878.85,737,29790596
8322360,Porokon,3084.74,2878.83,1068,29790595
32518266,e_flat7,3262.9,2878.57,240,29790591
34107542,NotAccolada800K,3202.14,2878.15,525,29790592
24232056,GoldFroz,3181.1,2877.77,513,29790593
15181134,Cynegetic,3122.78,2877.72,718,29790594
9458398,AllCan,3162.14,2877.53,513,29790593
1233055,www96258,3210.84,2875.87,372,29790592
2947198,rouii34,3188.87,2875.06,502,29790593
27081472,jenki,3171.86,2873.89,547,29790593
4775283,Melonturtle,3174.05,2873.69,466,29790593
8134294,D7vine,3173.7,2873.64,625,29790593
6739510,Perfox,3087.7,2873.52,607,29790595
10933158,Defract,3068.81,2871.91,712,29790595
35726607,Bibichette,3180.49,2871.61,658,29790593
12688277,ChiefCFL,3117.65,2871.19,464,29790594
12285943,LeCad,3195.11,2871.13,433,29790593
27707992,bongoL,3105,2870.92,476,29790594
7323772,kaakku,3061.62,2869.76,582,29790595
20586290,Mesiinu,3091.26,2869.57,198,29790595
2729388,TTGL,3068.38,2869.36,777,29790595
14736467,SJohn,3192.87,2869.11,451,29790593
8717773,poppasanas,3195.9,2868.30,459,29790592
11568702,MaKhaVi,3213.85,2867.46,395,29790592
5590317,7ambda,3223.52,2866.92,347,29790592
10233066,sktchi,3142.79,2866.82,619,29790594
12076629,zeliicko,3122.47,2866.39,188,29790594
2383336,Konata-,3221.32,2865.20,356,29790592
1817506,nico00007,3230.02,2865.00,504,29790592
21005738,L0LIT_Out,3176.42,2864.95,579,29790593
1072881,NiMe_17,3054.93,2864.87,1143,29790596
37681006,Mathegenie03,3200.82,2864.67,316,29790592
21093883,Joseishere123,3070.09,2864.57,625,29790595
4734560,Cat_Fairy,3149.44,2864.02,670,29790594
12233680,NyuPenyu,3250.16,2862.49,198,29790591
19432925,Deron744,3090.09,2862.22,480,29790595
11517157,masked,3186.35,2861.97,267,29790593
8582771,AkaNoTsuki,3177.58,2861.93,287,29790593
7804244,Myp4uk,3163.05,2861.86,390,29790593
22826676,RFS23,3098.88,2861.65,697,29790595
6995980,annie2947,3121.36,2861.42,492,29790594
27834686,obj0,3052.74,2861.40,592,29790596
13545955,HatThing,3142.18,2861.39,420,29790594
12193700,no6hope,3139.28,2861.06,142,29790594
1616974,twMisc,3120.72,2859.81,489,29790594
37273205,Techofs,3062.75,2859.00,814,29790595
20133906,Jura_Desu,3136.46,2858.76,614,29790594
10094097,LatiosGaming,3142.86,2858.14,589,29790594
14583534,yuushapetahiko,3228.16,2857.89,481,29790592
14799685,10TheDragon,3062.68,2857.57,1046,29790595
1083605,alq,3152.55,2857.39,787,29790593
28186411,User2077228,3228.24,2857.11,366,29790592
17635207,labubu skibidi,3129.1,2856.46,336,29790594
3990910,aaa901003,3093.88,2855.01,947,29790595
21317324,BZD,3164.49,2853.90,492,29790593
20716526,mildredisdead,3197.62,2853.61,298,29790592
28959269,Aouchyttv,3070.23,2852.91,570,29790595
37556544,lil_hylian,3220.72,2852.34,164,29790592
5351914,1v1me_in_osu,3186.9,2852.28,316,29790593
25663309,murajin7,3187.5,2851.74,413,29790593
8540278,Artyssala,3200,2851.64,434,29790592
1746356,Haenohira_Reino,3052.08,2850.93,643,29790596
367334,paruuu,3092.85,2850.47,858,29790595
14265994,SnowySummer,3059.91,2850.40,596,29790595
16879433,22dmw,3263.05,2850.23,183,29790591
8908795,Stormy Hero,3183.36,2850.22,639,29790593
23765254,SHIHOTAMO,3167.23,2850.16,561,29790593
23489164,mottsan,3126.62,2850.08,537,29790594
8191858,calamitynocture,3217.07,2850.05,630,29790592
16044194,zebirdeh,3061.02,2849.08,646,29790595
33109875,qistzl,3130.62,2848.64,488,29790594
18263430,Nemissa,3086.26,2848.62,710,29790595
8581210,8581210,3206.62,2848.07,261,29790592
12792975,Alpha_Prism,3207.65,2847.45,483,29790592
19385682,4Fs,3049.26,2847.31,706,29790596
15513544,hi9275,3090.35,2847.28,588,29790595
10234218,Chai the Tea,3203.83,2846.78,416,29790592
3840038,noob7749,3055.95,2846.17,814,29790595
7171553,Sweetie Kate,3154.7,2845.86,543,29790593
7264199,jason150cc,3053.18,2844.55,221,29790596
1018469,onlytaiga_old,3160.3,2844.38,428,29790593
37743877,katusousukk,3162.36,2842.97,25,29790593
5349769,RundownPaper4,3069.16,2842.81,957,29790595
11817622,SunApple,3152.69,2842.69,524,29790593
18148789,THESTRANGE,3107.55,2841.78,391,29790594
3988879,KENDO,3080.98,2840.86,940,29790595
22657381,-Stew,3065.44,2839.96,651,29790595
9377844,Dulphin,3132.98,2839.77,327,29790594
16836375,konc4,3201.52,2839.74,421,29790592
8601370,jszjeremy,3193.8,2839.61,364,29790593
14775249,AnarchyStar,3189.98,2839.10,346,29790593
3657459,Maino Zaki-,3157.43,2838.78,471,29790593
10918001,Bikudin,3127.61,2838.70,463,29790594
18769427,RZVojta,3061.36,2838.61,369,29790595
14639113,Jaruto45,3051.6,2838.07,1006,29790596
10513453,gh59,3116.46,2838.00,681,29790594
27541831,-bode-,3154.52,2837.42,191,29790593
21978240,kelowie,3149.23,2836.16,363,29790594
4735634,toki_wi998,3137,2834.64,822,29790594
25625257,Glaceon_Liz,3193.22,2833.14,9,29790593
19759223,ItsArixOn,3116.56,2832.69,469,29790594
7364477,Halo-PC,3077.4,2832.22,875,29790595
17390260,[Ralsei],3141.06,2831.87,364,29790594
2991641,[Loading],3047.39,2831.78,583,29790596
8316813,Buanarizky12,3116.11,2831.27,329,29790594
9833196,unhappy maiden,3199.7,2831.21,305,29790592
9627124,frysta,3064.81,2830.89,374,29790595
15136379,PenangLion,3132.53,2830.52,548,29790594
4143657,bunbuns,3102.73,2830.35,540,29790594
1484607,timew8s4no1,3177.25,2830.27,227,29790593
26513447,sanpintya_old,3072.31,2829.84,594,29790595
4122137,blackninja4000,3102.3,2829.27,478,29790594
22834679,M a r c u s,3137.67,2828.97,493,29790594
16039812,[eRu],3082.67,2827.53,519,29790595
13967541,Kufd00m,3203.01,2827.30,376,29790592
3045338,__Kuro__,3223.65,2826.91,317,29790592
3709250,Lilydragon,3130.15,2825.58,552,29790594
10341454,_Subak,3131.6,2825.52,528,29790594
19923186,W1phi,3206.09,2825.39,211,29790592
24444640,Ying_ZH,3129.35,2823.42,412,29790594
6986472,-Andrew-,3167.94,2823.04,424,29790593
17920649,amaritoiimasu,3049.95,2823.04,437,29790596
6766964,LaimOhh,3179.14,2822.44,348,29790593
1208667,adelta,3106.75,2821.79,510,29790594
12368573,Leffe,3137.12,2821.29,472,29790594
3521482,Willy,3134.79,2821.18,475,29790594
12102178,demonyos,3175.18,2820.93,345,29790593
1032457,lb_kanata,3095.16,2820.76,561,29790595
29571796,yuzuriha_a,3081.44,2820.48,376,29790595
8125731,GreLyy_,3082.98,2820.00,376,29790595
4026124,Infinitstart,3157.3,2819.58,365,29790593
7053774,xMelodya,3168.89,2819.45,352,29790593
6083463,Baltz,3076.07,2818.51,472,29790595
27674298,Gudatama002,3184.96,2818.21,296,29790593
27122738,the woke left,3054.04,2818.21,711,29790596
25911008,zaltoru,3108.45,2818.14,369,29790594
11797607,MonstoBusta2000,3054.39,2817.88,634,29790596
17560379,Laiman,3132.23,2817.34,483,29790594
2689867,fouap2,3153.52,2816.65,469,29790593
7659398,BigRumboBoi,3117.24,2814.70,572,29790594
703806,benson5215,3048.58,2814.20,507,29790596
10165383,mavis9nixon,3122.08,2813.22,521,29790594
2287319,dkfkrh,3156.27,2813.18,524,29790593
7010761,Kingling,3084.6,2812.37,468,29790595
2193899,ErzaxLucy,3212.92,2811.74,222,29790592
14865000,nyaaapurrrrr,3125.18,2811.30,198,29790594
27443059,Patito Enojado,3158.46,2810.64,502,29790593
24070903,Iwbag,3192.46,2810.05,316,29790593
12806567,Lerinka,3141.41,2810.02,385,29790594
11153291,BeatTrapStomper,3158.03,2809.85,447,29790593
39803623,nyum_serori,3081.67,2809.80,617,29790595
8961676,Weronika8910,3086.2,2809.20,877,29790595
6955175,Akuma Tenshi,3056.72,2808.14,532,29790595
22026308,Xion_,3066.09,2806.68,376,29790595
11544873,Atlantist,3090.56,2806.66,579,29790595
20057152,- Rika -,3089.97,2806.23,574,29790595
21955070,Kerocinka,3159.4,2806.10,602,29790593
15133123,624,3232.23,2805.57,-18,29790592
8655302,KouNer,3047.5,2802.50,602,29790596
4554126,Hinuru,3124.21,2802.06,428,29790594
23845529,TakaNori,3182.49,2801.71,226,29790593
29271877,Adhesive_Bagels,3130.43,2801.40,358,29790594
4559722,misodare,3194.34,2800.86,313,29790593
36703297,jsteel2,3074.11,2800.75,360,29790595
32243565,noob_gaming1,3058.38,2800.29,741,29790595
4043243,Henshing,3066.79,2798.55,529,29790595
1580033,zomcys,3113.41,2797.67,378,29790594
14256364,PineFugger,3097.86,2796.66,307,29790595
19863376,pluplume29,3094.28,2796.04,585,29790595
1923779,elinasoleha,3203.76,2795.98,269,29790592
34455866,ivan989,3114.9,2795.42,523,29790594
17844024,szappan_tarto,3105.13,2794.39,669,29790594
8219602,xljeanlx,3127.78,2793.81,509,29790594
16090295,Angela UwU,3058.7,2793.25,407,29790595
4873366,rodrigolaw,3074.31,2792.09,622,29790595
30288276,Heinharth,3060.64,2791.54,898,29790595
12329311,zerkala,3135.03,2791.40,386,29790594
30660503,GUOPH-DFS,3197.33,2789.04,224,29790592
5981443,Davidozzo,3146.46,2789.04,267,29790594
37875973,bondOzzl,3063.22,2788.71,141,29790595
7554042,pillowcase,3066.47,2786.37,372,29790595
6485672,pointing,3050.37,2785.94,570,29790596
3717496,Manterror,3101.53,2785.04,606,29790594
23395112,pilak24,3077.11,2784.23,578,29790595
8144126,hungzoo,3141.34,2783.02,478,29790594
11819476,Ristpek,3095.9,2782.98,390,29790595
3003778,Henkayy,3054.53,2782.49,600,29790596
15918651,TrialistiC,3132.78,2781.68,271,29790594
18172498,Tsunakko,3064.03,2781.34,391,29790595
6404488,bocchicookie,3055.49,2779.75,543,29790595
22207024,FKilledZone,3097.02,2778.57,497,29790595
12301072,DakkuKantori,3071.15,2777.91,438,29790595
1527242,KretopaZ,3138.31,2777.82,508,29790594
37352219,Ashn_,3093.54,2777.40,390,29790595
36696464,Osu-Igroman,3136.15,2777.13,473,29790594
6867974,Banh Mi Monster,3117.09,2776.25,373,29790594
7518232,[ FuruyoKaito ],3072.6,2775.00,387,29790595
16008823,Sidraea,3129.77,2774.45,353,29790594
10857037,ItsLanfan,3102.64,2773.36,364,29790594
14518570,LillieRose,3074.88,2772.98,378,29790595
5477175,DeAustin,3099.42,2772.49,691,29790595
14785307,mikashina,3083.91,2772.30,615,29790595
11339405,GDcheerios,3048.31,2772.12,440,29790596
20580229,Kilgrave,3066.62,2771.64,679,29790595
13019283,Nwrttt,3168.54,2770.66,295,29790593
36949900,Sunfloud,3059.54,2770.10,463,29790595
14337744,Wormsniffer,3115.44,2769.56,238,29790594
2227227,Mugino,3137.23,2768.82,393,29790594
7338010,nyrino,3049.61,2767.88,543,29790596
13302969,PIxslene,3213.16,2765.62,176,29790592
6301597,TeapotAmpora,3098.04,2762.96,424,29790595
3538079,Rainty,3078.96,2762.45,576,29790595
18651891,Magizumi,3061.1,2762.11,512,29790595
6504877,The_M,3078.72,2761.95,572,29790595
15724623,DDiraj,3174.14,2760.57,203,29790593
22913900,Jenh,3058.56,2760.48,346,29790595
8793459,l Zetech l,3088.86,2759.60,567,29790595
9507660,Dabo,3102.89,2759.19,494,29790594
30819495,Mik123832,3074.2,2757.64,513,29790595
18283636,lapis-karko,3054.65,2756.94,760,29790596
8376605,v0l1m4rr,3075,2756.03,690,29790595
11965641,Hyrei,3100.06,2755.08,373,29790595
7936146,IlyxXa,3085.36,2754.55,107,29790595
392873,Leasama,3060.1,2753.14,782,29790595
11538089,neonkoksYT,3075.59,2752.92,274,29790595
17476606,xKonny,3056.14,2752.82,217,29790595
20806921,Mink1402,3093.16,2752.03,306,29790595
8788107,Romain12,3167.08,2751.53,140,29790593
15966999,astetra,3065.82,2750.01,628,29790595
4059626,HoushouMarine,3116.99,2748.85,329,29790594
7026468,yasuHs,3082.06,2748.40,450,29790595
25062563,[Hitora],3076.26,2746.71,391,29790595
20543127,Khanstant,3108.13,2746.28,280,29790594
15826609,gonnabLiFi,3098.29,2745.13,391,29790595
9738202,Spok,3063.54,2741.93,320,29790595
17176440,willis,3151.05,2740.38,205,29790593
8732003,Cute Gamerboi,3062.48,2740.21,534,29790595
2339758,lain,3123.28,2736.06,309,29790594
7065116,Walko,3071.72,2733.33,537,29790595
21766107,-Andrea-,3070.49,2732.99,513,29790595
34060371,Nigelio,3120.78,2732.86,211,29790594
8033294,TIKKA,3108.73,2729.18,239,29790594
30645605,nagiisamii,3111.28,2725.56,301,29790594
15565033,DevGod2020,3047.08,2723.75,496,29790596
17216413,_Sosenka_,3068.18,2723.68,340,29790595
9083203,Jedsam,3110.24,2722.23,286,29790594
10635629,noexcept,3057.43,2720.94,396,29790595
2031887,MACHIU-MAJA,3055.42,2720.70,601,29790595
25085447,wersady,3107.87,2713.38,179,29790594
11261440,Elias9948,3083.06,2711.74,306,29790595
7306251,Chromasia,3098.81,2710.19,353,29790595
16030914,Spotify Mod APK,3049.05,2708.13,477,29790596
28352569,SejanusProbably,3078.78,2707.66,235,29790595
8880766,xPJS,3048.47,2706.92,490,29790596
30427840,tangenz,3059.36,2704.28,159,29790595
4605890,Teedex,3070.9,2703.93,385,29790595
20222452,Suang,3055.27,2665.96,376,29790596
19875050,MagicPanda9264,3081.53,2649.13,-62,29790595
14765598,0gur_,3057.11,2636.31,219,29790595