art,t,bpm,s
typeMARS,Triumph & Regret,175,347650
Kurokotei,Galaxy Collapse,270,400078
Team Grimoire,C18H27NO3(extend),210,303998
S-C-U feat. Qrispy Joybox,anemone,200,283841
USAO & Kobaryo,WACCA ULTRA DREAM MEGAMIX,200,2324877
t+pazolite,Oshama Scramble!,190,511480
Qrispy Joybox,Ascalon,185,334363
Kurokotei,Galaxy Collapse,270,2474975
ALiCE'S EMOTiON,Dark Flight Dreamer,189,460324
Kobaryo,Dotabata Animation [feat. t+pazolite],260,573280
Laur,SEV-26,220,2513401
Camellia,Light It Up,175,455164
Unlike Pluto,Rip Me Apart (Envy Frenchcore Remix),200,2389146
t+pazolite,Party in the HOLLOWood feat. Nanahira (HOLLOWeen Sitchaka Metchaka Remix),200,1027900
beatMARIO,Saishuu Kichiku Imouto Flandre-S (Camellia's Remix),666,2342737
yanaginagi,Haru Modoki (Asterisk DnB Remix),175,343093
ginkiha,Anemoi,186,381397
Kaneko Chiharu,Kai Dan,270,623951
S3RL feat Krystal,R4V3 B0Y,175,407186
Helblinde,DEAD END,230,2102159
M2U,Marigold (feat. Guriri),160,636272
Seiryu,Critical Crystal,191,376340
Camellia,Exit This Earth's Atomosphere,170,575053
P*Light,NINJA IS DEAD IIDX ver.,222,590032
Kaneko Chiharu,Yuki Onna,200,377004
Port Avenue,Odinoko (ily Frenchcore Remix),200,2341595
Jessie Ware,What's Your Pleasure?,115,1711665
Marshmello,Alone,142,468213
REDALiCE,Masakari Blade,194,395250
Noah feat. Ai Ohsera,Rebirth the end,280,1956376
Camellia,Parallel Universe Shifter,150,2062263
Nanahoshi Kangengakudan feat. Hatsune Miku,Rubik's Cube,174,170446
Risshuu feat. Choko,Take,183,1377628
High Speed Music Team Sharpnel,M.A.M.A.,175,176446
Kashii Moimi feat. KAFU,Cat Loving (kageminori bootleg),220,2200258
Hypernite Industries,Speedcore 300,300,228853
Kobaryo,Perfect Neglect,230,808872
Neru,Lost One no Goukoku,162,175684
ginkiha,Borealis,196,356253
AKINO from bless4,MIIRO,195,288794
ONE OK ROCK,Clock Strikes,192,249624
P*Light,Gekkou Ranbu,186,382403
ZERATch,tp na ame,220,2004998
BlackY,AlphaOmega (Evolutionary Extended ver.),208,1329899
Halozy,Kanshou no Matenrou,183,251365
Laur,Executioner,270,2369185
sweet ARMS,Installation,215,362395
trinadtsat' karat,davay rasskazhem (ily Frenchcore Remix) (Sped Up Ver.),210,2087660
sakuzyo,Altale,90,347779
LeaF,Armageddon,210,1127488
takehirotei,SEISHUN://NO_HACKING,179,2503449
SOUND HOLIC feat. Nana Takahashi,Wakusei*Lollipop,180,480769
Chroma,"Destroy, Destroy, Destroy The Happy End (Cut Ver.)",218,1769310
LeaF,NANO DEATH!!!!!,240,478161
RoughSketch,666,333,1430396
Kaneko Chiharu,Zettai Reido,209,514461
THE ORAL CIGARETTES,Kyouran Hey Kids!!,284,363594
t+pazolite,Pumpin' Junkies,190,484327
a crowd of rebellion,Alone//Dite,205,1202872
ETIA.,On And On!! feat. Jenga (Club Extended),170,2367080
Sleeping With Sirens,If You Can't Hang,192,409025
"ZXKAI, slxughter",NO BATIDAO,130,2524611
SAWTOWNE,M@GICAL*CURE! LOVE <3 SHOT!,192,2273820
TeamGrimoire+amaneko,croiX,195,326079
THE ORAL CIGARETTES,Songs Compilation,192,1428416
"Fear, and Loathing in Las Vegas",Let Me Hear,184,244565
Hexacube,Luminous Memory (Hexacube's OVERSHINE Remix),200,2559951
Colorful Sounds Port,ETERNAL DRAIN,149,468353
Frums,HALL,246,2055332
Camellia,overcomplexification,190,323493
jioyi,cyanine,182,581729
Alstroemeria Records,Bad Apple!! feat. nomico (Tracy vs. Astronomical Remix),145,926185
Siti Badriah,Mama Minta Pulsa (Speed Up Ver.),170,532917
IOSYS,Doutei Korose,200,530923
Kotori,Nanamori (youth Remix),215,913114
"ANGUISH, EXILED & elfass",Gulyayu (Sped Up Ver.),218,2182214
Seiryu,BLUE DRAGON,191,340810
Yooh,MariannE,191,387756
Morimori Atsushi,PUPA,202,366126
Team Grimoire,G1ll35 d3 R415,215,386950
t+pazolite,CENSORED!!,195,476221
Ludicin,Fallen Symphony,250,1925721
SHK,Identity part.II,150,359023
xi,XaleidoscopiX,180,2404667
cosMo@BousouP feat. Hatsune Miku,Hatsune Miku no Shoushitsu,240,360565
t+pazolite,"Electric ""Sister"" Bitch",185,310607
DUCKBOY,my love life needs a lobotomy,235,2335579
rei sirose,Lost Umbrella (Cut Ver.),137,1751372
penoreri,Preserved Valkyria,220,359196
sasakure.UK,Puppet Theater of Twee-Box feat. Hatsune Miku,170,459223
Camellia,Algorithm (Hitech Psy Self-remix),147,612842
ARForest,The Last Page,195,1276332
Sakuzyo,Cryptarithm,175,2433731
Halozy,Paranoid Lost,176,727348
t+pazolite vs. P*Light,IZANA,222,1118731
Ryu* Vs. Sota,Go Beyond!!,200,187154
technoplanet,Awakening [Long Version],208,1326970
Seiryu,Water Horizon,191,134829
Camellia,"magical, very magical world",195,2425833
Toby Fox,Rude Buster (Camellia Remix),265,1836209
BlackYooh vs. siromaru,BLACK or WHITE?,185,200552
Yokomin feat. Yuzuki Yukari,Story In Everlasting Princess,145,332130
xi,ANiMA,183.5,324288
beatMARIO,Night of Knights (Cranky Remix),180,1173144
"ANGUISH, POCHTISCHASTLIV & ily",Glaza (Sped Up Ver.),210,2182334
Camellia,PLANET//SHAPER,147,376293
The Quick Brown Fox,Big Money,280,440508
Yuyoyuppe,AiAe,180,174381
KISIDA KYODAN & THE AKEBOSI ROCKETS,GATE II ~Sekai o Koete~ (TV-size),206,482869
takehirotei vs. HowToPlayLN,Essence (Cut Ver.),195,2426199
Nothing But Requiem with Museo,Pentiment,222,1805268
Mqx,Sigma Anthem (feat. Christian Bale) (Sped Up Ver.),167,2048850
Zekk,Re_Construct,197,1492528
"Camellia as ""Bang Riot""",Blastix Riotz,256,349208
HyuN feat. Sennzai,Duplicity Shade,193,1698284
ARForest,Journey,200,942240
Tatsh,Xevel,185,981053
Umeboshi Chazuke,Bison Charge,243,838465
Sabaton,The Future of Warfare,118,1089835
Utsu-P feat.Kagamine Rin,Tokyo Teddy Bear,200,318207
Dj Mashiro,Prismatic Lollipops,202,120289
Kobaryo,Zero-Risk Syndrome,270,2400282
BilliumMoto,LIGHT LEFT BEHIND,285,2062241
morethanahalf & typeMARS,Kemilau Fana feat. Altair Aquila & Mariela Riona,220,2325708
THE ORAL CIGARETTES,Sesshoku (Cut Ver.),196,1149492
t+pazolite,Shiny Kung-fu Revival,222.2,1128753
nora2r,New World,172,910843
yuikonnu,Houkago Stride,225,703670
MYTH & ROID,Paradisus-Paradoxum,201,478273
NAKAMA,MENTE MA,130,2421096
"DJ FKU, farofinat beats, Dj Samir",MONTAGEM DIRECAO,135,2430780
Imagine Dragons,Bones,114,1988996
THE ORAL CIGARETTES,ReI,186,1141872
Umeboshi Chazuke,Panic! Pop'n! Picnic! (2019 REMASTER),190,1277503
DECO*27,HIBANA feat. Hatsune Miku (Cut Ver.),200,1955597
ZUN remixed by LeaF,Resurrection Spell,180,897547
RoughSketch,Ghost Family Living In Graveyard,238,1017769
Good Kid,No Time to Explain (Cut Ver.),180,2425769
Hiiragi Magnetite,Tetoris,170,2280150
Mittsies,Vitality (t+pazolite Remix),175,1228135
Laur,Euphoria (Cut Ver.),200,1664904
xi,Blue Zenith,200,919633
ARM x Komso feat. Nanahira,Onegai! Kon kon Oinarisama,175,1255066
Halv vs. kuro,Evreka,200,2262507
REDALiCE & aran,Sweet Requiem,190,1022130
Hachioji P,JOUOU feat. Hatsune Miku,200,2236887
DM Ashura,deltaMAX,100,2045174
Suzuki Konomi,Redo,190,516638
Lime,Chronomia,227,885596
Seiryu,Time to Air,191,347890
Helblinde,DEAD END,230,1852890
"ANGUISH, vlad pivo, YARCHE SOLNCA & ily",Krasavitsa,185,2270163
MindaRyn,Like Flames (TV Size),175,1561624
LiSA,ADAMAS (TV Size),191,860047
"Camellia as ""Reverse of Riot""",Completeness Under Incompleteness,194,491454
"Takamori Natsumi, Sendai Eri, Asakawa Yuu, Tanezaki Atsumi",Ne! Ko!,182,661920
Gardens,Counting Breaths feat. eili,222,2524447
KRUX,Illusion of Inflict,170,529574
P*Light feat. mow*2,OVERDRIVERS,177,563569
GLORYHAMMER,Rise Of The Chaos Wizards,180,1957138
AAAA,carnation,160,1563407
Sayuri,Koukai no Uta (TV Size),180,1066763
Houshou Marine,Ahoy!! Warera Houshou Kaizokudan*,170,1285818
takuori,good bye,163.39,2439051
Helblinde,Memoria (Original Mix),140,518266
sakuzyo,Magical Musical Master,187,513701
toby fox,MEGALOVANIA (Camellia Remix),242,1037578
Hanasaka Yui (CV: M.A.O),Harumachi Clover (TV Size),142,682518
xi,over the top,202,351320
Seiryu,AO-INFINITY,191,934974
L.E.D.-G + Qrispy Joybox + ARM feat. Nanahira,Dokkin Summer Adventure,180,349561
MAZARE,Mazare Party,200,650415
beatMARIO x MARON,Chou Night of Knights,193,2368620
"ANGUISH, Lieless, Taya iz Hentaya, ily",Navsegda (Sped Up Ver.),210,2181828
"TWC Sound Team ""Strike Back Squad""",BUZZ CUTZ,193,2367508
BURNOUT SYNDROMES,Good Morning World! (TV Size),191,1991830
Katy Perry,Part Of Me (Whippa Hardstyle Remix),170,2391949
anubasu-anubasu,Materialize Anything,150,1847997
xi,FREEDOM DiVE,222.22,1908399
sawawa,Fire in the Phoenix,196,818752
MisomyL,Amnehilesie,230,1440359
oaf1,think abt it w/ ppgcasper,160,1773437
Neru feat.Kagamine Rin,Abstract Nonsense,208,315193
Noah,Celestial stinger,259,491959
ShinRa-Bansho,Muishiki Requiem,195,1262661
Aimer with chelly (EGOIST),ninelie (REDSHiFT x Vesuvia Remix),178,484996
Mrs. GREEN APPLE,Ao to Natsu (katagiri Bootleg) (Sped Up & Cut Ver.),240,2367084
t+pazolite,QZKago Requiem,257,1997707
Marmalade butcher,CuttingEdgeInsaneArtifact,190,2416532
TJ.hangneil,Apollo,274,1587252
O2i3,TSLove,185,543830
M2U,Myosotis,160,386415
daisan,-+,185,1071024
Kaneko Chiharu,iLLness LiLin,280,587269
DJ ui_nyan,Shikanoko Norinori Koshitantan,183,2207100
Camellia,OOPARTS,205,2520599
Camellia,Clouds in the Blue,175,995539
Laur,SYSTEM ERROR,200,1931476
MORGENSHTERN,Novyy Merin,180,1974673
Laur,SEV-26,220,2529695
S3RL,Pika Girl (Cut Ver.),175,2419084
S3RL feat. Sara,Dopamine,175,2355421
Cres,End Time,180,1766740
trung-nova,Roars of V.E.N.G.E.A.N.C.E -Take Back Everything-,236,2131507
Yooh,snow storm -euphoria-,180,300599
kemu feat. IA,Six trillion years and overnight story,186,1213119
Christell,Dubidubidu (Cut Ver.),148,2105540
USAO,Cyaegha,200,962923
ke-ji feat. Nanahira,Ange du Blanc Pur,182,1989721
Yuyoyuppe,Hope,140,1082090
Ardolf,Split,160,1948972
Zedd,Clarity feat. Foxes (IOSYS uno DENPA Remix),200,2195531
LeaF,Wizdomiot,200,592272
Unlike Pluto feat. Mike Taylor,EVERYTHING BLACK feat. RATIRL [Lieless FRENCHCORE BOOTLEG] (Sped Up & Cut Ver.),300,2220369
Laur,SYSTEM ERROR,200,1986822
Dustvoxx,Trigger (Zekk Remix),200,555076
San-Z,Burning Desires,128,2269020
Slax,Too Much Loli,190,2219032
Halozy,Masshiro na Yuki,170,2441875
Camellia,GHOST (2020 Halloween+++++++++ VIP),230,1265570
Yooh,Shanghai Kouchakan ~ Chinese Tea Orchid Remix,188,258121
HyuN feat. YURI,Disorder,193,1131640
USAO,Rampage,195,779472
Roselia,Guren no Yumiya,181,770829
t+pazolite,Count down 321,321,2492718
Capi,"Watashi, Idol Sengen",180,1041437
Camellia feat. Nanahira,Songs Compilation,192,300721
FLOOR LEGENDS -KAC 2012-,KAC 2012 ULTIMATE MEDLEY -HISTORIA SOUND VOLTEX-,200,296478
REDSHiFT feat. Hatsune Miku,4U (Short Ver.),130,296752
LiSA,Datte Atashi no Hero. -TV ver.-,189,637445
a crowd of rebellion,M1917,207,552868
"Hara Yumi, Amamiya Sora, Takahashi Rie, Yuuki Aoi",Isekai Girls Talk (TV Size),170,957917
Frums,of Ambrosia,226,1900478
you,Hold Angel,300,2427337
GARNiDELiA,Gokuraku Jodo,131,490357
LeaF,ATHAZA,280,1154007
kis-kis,ne uchi (Cut Ver.),195,1875975
Maris,T3TRYZ,188,2464093
Gazan,67 (Six Seven),120,2537768
Morimori Atsushi vs. uma,Sweet* Witch* Girl*,180,636160
BlackY,Fontana,180,1413062
kors k feat.RIRE,"Nirvana(Camellia's ""BinaryHeaven"" Remix)",174,388162
Remo Prototype (CV: Hanamori Yumiri),Sendan Life (katagiri Bootleg),260,2043161
Presti,Veritas,175,803279
"TheFatRat, Slaydit & Anjulie",Stronger,160,1950211
ARForest,Lantinid,202,472269
Dispel,Weiss Schnabel,212,2338118
xi,Hesperides,200,309328
Brad Breeck,Fury Heart,109,624003
Hechizeros Band x Koji Kondo,El Sonidito x Athletic Theme,187.5,2161669
Gram,Odin,200,1981845
Kaneko Chiharu,Yuki Otoko,256,1751746
Reol,MONSTER,164,694349
Tanya Degurechaff (CV: Yuuki Aoi),Los! Los! Los! (TV Size),240,1630285
P*Light feat. mow*2,Homeneko*Sensation,200,315350
Dustvoxx,Deep Dream,190,2138193
Hoshimachi Suisei,GHOST,182,1466713
LiSA,Songs Compilation,180,347770
penoreri,Everlasting Message,230,307175
SHK,Identity Part III,150,304831
DJ OKAWARI,Canon,98,284229
Thaehan,Insert Coin,178,1015169
the peggies,Centimeter,140,1663628
Okazaki Taiiku,Kimi no Bouken (TV Size),200,866848
sabi,true DJ MAG top ranker's song Zenpen (katagiri Remix),170,1618310
MisomyL,Catalinesie,230,1904667
laura les,Haunted (dive to the heart remix),154.4,1683972
succducc,i really like u,136,844228
ginkiha,EOS,175,311458
t+pazolite,Pumpin' Junkies,190,2219697
Kobaryo,Cross The Finish Line [feat. Nanahira],260,1671244
Ludicin,Bismuth,240,2025951
Laur,Alteregoism,220,1223763
Leo/need x Hatsune Miku,Stella,197,1991849
NOMA,Brain Power,170,435430
a crowd of rebellion,MALIGNANT,215,1556170
WAGAMAMA RAKIA,GR4VITY G4ME,200,1916684
Yuta Imai,Into The Madness,155,994730
Wakeshima Kanon,"World's End, Girl's Rondo(Asterisk DnB Remix)",175,302693
xi,Quietus Ray,200,217951
ONE OK ROCK,The Beginning,182,71561
uma vs. Morimori Atsushi,Re:End of a Dream,212,531425
KOTOKO,Light My Fire (TV Size),186,37838
polysha,TAKEMIKADUCHI,175,1357994
Zekk,Vespera,185,894666
"Skrillex & Damian ""Jr Gong"" Marley",Make It Bun Dem,140,2501706
Kozato,Tsuki -Yue-,150,286411
Tonari no Niwa wa Aoi (NIWASHI + Aoi),NEMSYS ARENA World Hexathlon,190,2163071
Arkitech,Dehumanise 2007,174.74,2512442
DECO*27,Android Girl feat. Hatsune Miku,192,2165641
shimizushi,Eternal White,174,1683685
HyuN,Grin,130,923488
*namirin,Koi no Hime Hime Pettanko,178,613083
Kashii Moimi feat. KAFU,Cat Loving (kageminori bootleg),220,1956659
Helblinde,C204,210,925325
Porter Robinson & Madeon,Shelter,100,522660
bilbordy,ischezayu (Lieless FRENCHCORE BOOTLEG),200,2056100
Hanatan,Attakain Dakara,170,1670474
D-D-Dice vs. siromaru,Catch the Glory,210,1797184
meganeko,The Cyber Grind,190,1895713
Camellia,Ultimate Ascension,200,476565
Yooh,Ice Angel,168,379365
a crowd of rebellion,The Crow,210,884441
Yooh,Shanghai Kouchakan ~ Chinese Tea Orchid Remix,188,195390
THE ORAL CIGARETTES,Miss Tail (Cut Ver.),180,1443164
REDALiCE vs. USAO,SAIKYO STRONGER,205,1098586
KASAI HARCORES,Drop The Fire,128,1103524
Hinatabi Bitter Sweets,Otome Ryouran Mai Sakihokore,210,305110
Ardolf,SILVER BULLET,200,2201473
Kenshi Yonezu,KICK BACK (TV Size),204,1864421
Camellia feat. Nanahira,"Conveyor Sokudo Max!? Shainin*Kaiten Zushi""Sushi & Peace""",210,429664
Nanamori-chu * Goraku-bu,Yuriyurarararayuruyuri Daijiken (TV Size),175,1752575
REDALiCE,Acceleration,180,145553
Zekk,Swampgator,126,613792
Grailknights,Pumping Iron Power (feat. Joakim Broden from Sabaton),220,1928408
CY8ER,Summer,100,1142802
beatMARIO x MARON x VIRTUAL SINGER,"Help me, ERINNNNNN!! (Game Ver.)",185,2188045
Cartoon,Why We Lose (feat. Coleman Trapp),175,1974595
Ludicin,Echoes of Memoria,190,2218336
Linked Horizon,Shinzou o Sasageyo! [TV Size],160,595844
kamome sano,Elemental Creation (kamome sano Remix),128,1219293
Dispel vs. GoGoN-,Vindictive,210,2400382
Coda,Fighting Gold (TV Size),184,862547
P*Light,2 MINUTES FIGHTERS,203,363919
saradisk,166 - Suzuya Homerarete Nobiru Type Nandesu.,200,717834
succducc,me & u,160,775977
xi,Wish upon Twin Stars,200,314017
Kijibato,w/WWW feat. Hoshimiya Toto,166,1748728
Sharlo & yealina,Kakushigoto,200,208095
Nanahira,Monosugoi Ikioi de Keine ga Monosugoi Uta,180,1656541
ASCA,RESISTER (TV Size),183,899661
Levaslater,NNRT,202,481786
LiSA,Brave Freak Out (TV Size),200,2159430
Dj CUTMAN,POP/STARS vs. MEGALOVANIA,185,1167660
ANDROMEDA,MONTAGEM COMA,120,2430762
u's,Bokura wa Ima no Naka de(TV Size),196,569665
HyuN,Encounter,210,1301193
Rche,entelecheia,185,476394
Rick Astley,Never Gonna Give You Up (Cut Ver.),113.34,2271479
RAN,Dekat di Hati (REDSHiFT Remix),130,350207
IOSYS,Cirno no Perfect Sansuu Kyoushitsu (sawawa Shissou Remix),196,1087685
ARForest,Altros,195,922352
Altermis & takehirotei & Violet Delta,Christmas Slop,250,2473122
Fractal Dreamers,Celestial Horizon,200,896302
nekodex,circles!,184,1003217
m108,XIII Charlotte,186,1366994
Shu feat. Amau Syrup,Tono!? Goranshin!?,200,2513899
Aoi,excez,202,1914904
hanzaki,Your Soulmate -Undertale first anniversary medley-,160,1462798
Kalse,Laureate Grimoire,210,2028088
MisoilePunch,AstroNotes.,210,1225500
illion,AIWAGUMA,176,533037
t+pazolite,Angelic Jelly,200,577563
Caladborg,invoker,195,351126
Kry.exe feat. Ice,Last Wish,240,1866317
LunaticSounds,Dement ~After Legend~,210,557428
u's,Snow halation (TV Size),173,235098
DJ Myosuke & Laur,Break Through Myself feat. Risa Yuzuki (Short Ver.),200,1780278
ARForest,Regret,210,1254196
Yooh,"Road To The LegenD,",205,742288
Ryu*,KOROBUSHKA (Ryu*Remix),175,57192
nora2r,B.B.K.K.B.K.K. (hurce Remix),172,1342805
THE ORAL CIGARETTES,S-LOW,68,1268688
m108,* Crow Solace *,188,354157
Sasaki Shiori,Harenohi Step (Soleily Remix),170,2001958
GFRIEND,NAVILLERA,125,481279
Aiobahn feat. KOTOKO,INTERNET YAMERO,185,1962727
Zedd,Beautiful Now (Feat. Jon Bellion),128,442691
DragonForce,Symphony of the Night,177,478042
Roselia,ONENESS,190,1558772
technoplanet,Redshift [Extended Mix],190,1103580
Slax,Lunaticon,230,1805569
Sakuzyo,Ultimate Force (Game Ver.),270,2318291
Carpainter feat. Onjuice,PAM!!! (Foxsky Version) [WATARU HardStep Flip],150,1901547
USAO,BroGamer,207,617846
Nanahoshi Kangengakudan,Rubik's Cube,174,1324798
Dispel vs. Rakakun-,Funkotism,200,2120597
Iyowa feat. Adachi Rei,Heat abnormal,183,2442604
Laur,Calamity of the Mystic Garden : Doom,210,2528018
Primary,in the Garden,224,361117
TEARS OF TRAGEDY,Epitaph,191,2153097
Kikuo,Gangu Kyou Sou Kyoku -Shuuen-,130,1080799
katagiri,HIVEMIND,252,1665442
ClumsyRecord,Ever Green feat. Ganeme,180,1688622
KISIDA KYODAN & THE AKEBOSI ROCKETS,GATE~Sore wa Akatsuki no you ni~ (TV size),200,361535
Minato Aqua,Aqua Cat,142,2236810
GOING UNDER GROUND,LISTEN TO THE STEREO!! (TV Size),181.89,14610
NOMA,Strength,185,665463
AJ DiSpirito,BITE ME feat. Zephyrianna,255,2275730
Kaneko Chiharu,Lachryma<Re:Queen'M>,236,415886
Camellia,Bangin' Burst,234,140097
Xyris,Beyond the Edge (feat. Hanakuma Chifuyu),205,2321724
Tonight Alive,Little Lion Man,260,451311
30 Seconds to Mars,The Kill (Bury Me),183,1385621
Halozy,Deconstruction Star,155,310229
sasakure.UK,the EmpErroR,240,2310219
inabakumori,Lagtrain,147,1689501
xi,d e a t h  p i a n o ~for four pianos~,170,2349815
Halozy feat. Nanahira,Monosugoi Live de Cirno ga Sokohakatonaku Monosugoi Uta,220,802390
YOASOBI,Yoru ni Kakeru,130,1218852
EBIMAYO,NIGHTMARE INVITATION,195,2452954
LiSA,L.Miranic,192,271957
Normal1zer vs. Broken Nerdz,"DESTRUCTION 3,2,1",321.32,2099865
Imperial Circus Dead Decadence,Uta,205,552726
antiPLUR,Runengon,320,971561
jun,KIMONO PRINCESS,190,147232
crafter2011,keep out!,210,2068972
KASAI HARCORES,Cycle Hit,175,746817
S-C-U,Ambitious,182,340517
aaaa,Bokutachi no Tabi to Epilogue.[Long ver.],183,381334
shuzeios,intro,193,2559426
CustomiZ,COOLEST,188,451567
penoreri,Everlasting Message,230,1469677
kessoku band,Hikari no Naka e,191,1996131
wotoha,TESHiKANi,175,2474010
Se-U-Ra,Tsui no Maihime,202,1154776
Chroma,sink to the deep sea world,185,1674394
Fujiwara Chika (CV: Kohara Konomi),Chikatto Chika Chika (TV Size),178,921889
Enn,USSEEWA,178,1864407
Xiao Pan Pan & Xiao Feng Feng,Xue Mao Jiao,115,826088
kamome sano Electric Orchestra,HE4VEN ~Tengoku e Youkoso~,256,574578
Camellia,Parallel Universe Shifter,150,2416672
Tobu & Syndec,Dusk (Radio Edit),128,1798162
Getty vs. DJ DiA,Grayed Out -Antifront-,190,518351
xi,MEGALODON,200,1845627
t+pazolite,Garakuta Doll Play,256,1830658
KENTENSHI,paranoia (Extended Edit) (Sped Up Ver.),225,2128157
goreshit,burn this moment into the retina of my eye,217,309881
S3RL feat. Tamika,Tell Me What You Want,160,1640281
HoneyWorks feat. Minato Aqua,Heroine wa Heikin Ika. (Cut Ver.),200,1898243
Sasuke Haraguchi feat. Kasane Teto,Igaku,170,2147831
P*Light,Gekkou Ranbu,186,440924
Junk,Sparkle of Moment,174.1,2157449
Ryuichi Sakamoto,Merry Christmas Mr. Lawrence -2012 BlackY's XmasCoreStyle-,167,1617161
Rairyu,ra'am,222,495790
Nanahira,Monosugoi Space Shuttle de Koishi ga Monosugoi Uta,175,501057
Fractal Dreamers,Celestial Horizon,200,1018454
Doma Umaru [CV.Tanaka Aimi],Kakushinteki*Metamaruphose!,278,349774
Dustvoxx,"Music Machine, Pt.2",200,2235143
LiSA,Hi FiVE!,178,448188
LeaF,Alice in Misanthrope -Ensei Alice-,172,520399
RADWIMPS,Yume Tourou,178,518660
K/DA,"MORE feat. Madison Beer, (G)I-DLE, Lexie Liu, Jaira Burns, Seraphine",142,1288125
Laur,SYSTEM ERROR,200,2006102
KORDHELL,SCOPIN,98,2007310
Honma Himawari,Seishun Mode! Mou Ikkai!!,177,1238009
DECO*27,Rabbit Hole feat. Hatsune Miku,173,2175251
Se-U-Ra,"Gensehatsu, Kibouyuki.",170,2102023
Ta9-5,Positive (feat. Looci),180,1026168
Qrispy Joybox,Niflheimr,186,663499
Camellia,t/a/n/a/s/i/n/n,521,1930417
Sia,Snowman (Cut Ver.),70,2071805
t+pazolite,Contrapasso -inferno-,243,1104341
Silentroom,Finixe,222,772809
xi,Solar Storm,200,461946
senya,Kimi to Dareka no Yasashisa ni,160,295336
DECO*27,First Storm -Japanese Version-,190,2105496
ginkiha,Tithonus,185,1834533
Lime,BEYOND,276,1930076
DJ Genki,GAME 0VER,200,2370273
DJ Noriken vs. MASAKI,QiXiN MAdN3ss 2153,200,1325043
Pierce The Veil,Texas Is Forever,228,451070
LiSA,crossing field (TV Size),179,1477169
"BEMANI Sound Team ""Sota Fujimori""",OZONE,180,1204322
Mwk,Cool Me Down (feat. Megurine Luka),174,2271381
Alex C. feat. Yasmin K.,Angel Of Darkness (Video Mix) (Nightcore Mix),175,2258999
Aqours,Yuki wa Doko ni? Kimi no Mune ni!,167,682351
SHIKI,Air,178,1856760
Shirakami Fubuki,Say! Fanfare!,170,1217180
Hanatan,Airman ga Taosenai (SOUND HOLIC Ver.),175,134151
eicateve,R.I.P.,192,1036613
Faylan,Dead END,183,46449
PassCode,Freely,200,1836594
cosMo@BousouP,Hatsune Miku no Gekishou,200,1697477
Yoshida Yasei,Override,204,2389419
Niira Etsuko,Imaginary Waltz,170.04,189927
KORDHELL x VALORANT,VYSE,107,2255729
Who Killed Mickey,Monarchy,128,514550
USAO,Climax,190,933868
S3RL feat Harri Rush,Nostalgic (Nightcore Mix),195,591442
UNDEAD CORPORATION,Everything will freeze,240,2217940
ZAQ,BRAVER (TV Size),188,886763
Chroma,Don't Fight The Music,200,1916152
Hanataba,Night of Knights,180,5445
synoxa,just dance is now on xbox game pass (feat. jayceko),190,2149266
Camellia,Flamewall,300,1533028
Tatsh,HEAVENLY MOON,185,243654
DJ YOSHITAKA,SHION,179,345306
SAMString,Night Fighter,195,1721634
Pierce The Veil,She Sings In The Morning,180,537792
UNDEAD CORPORATION,The Throne,220,2398300
Sobrem a.k.a. Widowmaker,Giselle (full act),152,2107942
lapix,NEO TREASON,200,495539
Nekokaburi Cyclone(xi+nekomirin) feat.Emew.,After Burner,191,380680
Oomori Seiko,JUSTadICE (TV Size),185,1010916
ARForest,Final Resonance,195,909666
D-D-Dice,World's end BLACKBOX,244,2402893
BlackY vs. Yooh,XROSS INFECTION,194,486123
USAO,Blows Up Everything,215,1429690
Se-U-Ra,Elif to Shiro Kura no Yoru -Called-,202,1226466
REDALiCE Feat. Ayumi Nomiya,Little Star,183,134998
Laur,Viyella's Scream,228,1419506
Silentroom vs. Frums,Aegleseeker,234,1666003
Minamotoya,Ray,175,176813
REDALiCE vs. Kobaryo,REKKA RESONANCE,240,1507653
The Quick Brown Fox,The Big Black,360.3,2454214
"Betsy, Mariya Yankovskaya",Sigma Boy (Sped Up Ver.),150,2308228
THE ORAL CIGARETTES,Mou Ii kai?,192,847807
Laura Shigihara,Loonboon,160,1638266
yuikonnu,Otsukimi Recital,195,415560
xaki,rog-unlimitation,220,2045182
Pierce The Veil,Bulletproof Love (Cut Ver.),144,1849703
RIOT,Overkill,174,945496
SDMNE,Beyond The Aexis,240,1939330
gmtn. (witch's slave),trappola bewitching,190,702559
dat file records,SSuuiikoott!!,190,1078388
Orangestar feat.IA,Asu no Yozora Shoukaihan,185,301331
JKT48,Futari Nori no Jitensha (Cut Ver.),170,1641355
Pierce The Veil,A Match Into Water,196,368064
ME,Inikah Cinta (REDSHiFT Remix),128,328356
DJ TOTTO,glacia,186,930081
Victorious Cast,Take a Hint feat. Victoria Justice & Elizabeth Gillies (Sped Up & Cut Ver.),164.08,2028339
"Fear, and Loathing in Las Vegas",Cast Your Shell,205,707133
Yu_Asahina,eighth-slave,170,1425310
Kaneko Chiharu,Final Letter,205,882704
32ki feat. Hatsune Miku & Kasane Teto,Mesmerizer,185,2180255
Negentropy (a.k.a. Team Grimoire),ouroVoros,185,707164
Yooh,LegenD.,205,298006
BlackY,ARTEMiS,186,1539440
LeaF,Arianrhod,160,366362
xi,Happy End of the World,190,171880
Camellia,Venomous Firefly,264,857153
Mi Cha,Bete (Cut Ver.),200,2227714
Camellia,#1f1e33,181,1184620
Hatsune Miku,Hatsune Miku no Gekishou,200,22672
Kiyoshi Hikawa,Genkai Toppa X Survivor (TV Size),187.5,1978601
MisomyL,Ring ! Run ! Nyan!!,195,1274616
Icon For Hire,Make a Move (Sped Up & Cut Ver.),202.54,2004024
Camellia,potential curve,128,913062
USAO,XTREME,205,1230494
Pastel*Palettes,Harumodoki (Asterisk DnB Remix) [Rakakun- Edit],175,1034608
Nothing But Requiem feat. Aikapin & Chiyoko,Horizon Blue,200,1921040
nora2r,VISION,173,325566
nao,Soutaisei VISION,185,361016
BURNOUT SYNDROMES,FLY HIGH!! (TV Size),189,1457877
Ice,L (osu! edit),155,2398146
sawawa,Cirno Break,196,285795
yuikonnu,Yume Chizu,176,1068768
S3RL,Pika Girl,175,2442891
Apollo,Brazil,223,2123184
Morimori Atsushi,Txxs or get the fxxk out!!,220,2320547
Diceros Bicornis (xi+BlackY),Siva,212,1429714
TamaDo,Triumphal Return,260,1265691
"Camellia as ""Reverse of Riot""","Completeness Under Incompleteness (""true prooF"" Long ver.)",194,1134132
USAO,Level Up,210,2040918
Sleeping With Sirens,If You Can't Hang (Cut Ver.),192,2524797
Sayuri,Sore wa Chiisana Hikari no Youna,144,427725
THE ORAL CIGARETTES,ReI,186,754451
Maverick,opaque,191,831522
T & Sugah x NCT,Stardust (feat. Miyoki),174,1391233
AJR,World's Smallest Violin,116,2168512
"Hello, Happy World!",fantastic dreamer,185,955896
Amamiya Sora,Skyreach (TV Size),184,561775
USAO,Dynamite (Extended Mix),200,567907
Luck Life,Namae o Yobu yo (TV Size),82,451309
t+pazolite feat. Shama (CV: Tanezaki Atsumi) & Milk (CV: Ito Asuka),TOBIDASE! TO THE COSMIC!!,185,1721538
LV.4,Fragile... (2011 Mix),180,1123359
Azari,Who?,128,2019918
EZFG,Glucagon,137,2030433
THE ORAL CIGARETTES,5150,192,1156843
"Houou Karin, Seto Mitsuki, Taiga Lucia",Bakuretsu Thaumazein (Prod. ChibaNyan),180,1943968
MOMOIRO CLOVER Z,SANTA SAN,190,1045600
siqlo,parsley,180,1270255
garlagan,Uplift,180,2135686
ONIMAI SISTERS,Himegoto*Crisisters (TV Size),183,1909971
easynam,silly 300bpm thing,300,1975192
TOMINAGA TOMMY HIROAKI,JoJo ~Sono Chi no Sadame~ Archetype MIX Ver.,146,714329
Silentroom,Protoflicker,140,1895281
xi,Stargazing Dreamer,202,1813747
uet,Drug on the Drop (Zekk Remix),195,717251
DECO*27,Volt Tackle feat. Hatsune Miku,186,2084530
Unlucky Morpheus,Kamigami ga Koishita Gensoukyou,155,2469450
MiddleIsland,Achromat,165,195940
BlackY feat. Risa Yuzuki,Akasha,180,2101725
100 gecs,757 (dive to the heart remix),180,2080593
Kaneko Chiharu,WHITEOUT,198,653740
Yooh,Dignity,193,453960
Jiang Mi Tiao & Daily Tian Li,Spasmodic (Haocore Mix),200,2400873
Morimori Atsushi,PUPA,202,2422504
lapix,NEO GRAVITY,165,421497
Sangatsu no Phantasia,Collage,138,878288
Tsukasa,The Clear Blue Sky,178,290440
Billx,Equinox,190,692910
Ryu*,Second Heaven,149,153971
Wonderlands x Showtime x Hatsune Miku,Dance Robot Dance,190,1805257
t+pazolite,Tempestissimo,231,1179815
Aoi,King Atlantis,195,1887426
Tanchiky,ENERGY SYNERGY MATRIX,160,685580
Rem(CV:Minase Inori),Wishing,75,528131
Hommarju,Rock It,170,569903
Kenshi Yonezu,KICK BACK,204,1865663
T-ara,I Go Crazy Because of You,135,49776
MisoilePunch ~Takenoko Soe~,Fin.ArcDeaR Long ver.,225,908415
P*Light,YELLOW SPLASH!!,185,412632
seatrus,EXXTRA JUDGEMENT,200,2459122
Arihara Nanami (CV: Kusuhara Yui),Sympathy,110,816211
Ice,L2 -Reminiscence-,152,2496712
Various Artists,Umapyoi Densetsu (Game Ver.),170,1418151
Kuroneko Dungeon,Lilieze to Enryuu Laevateinn,200,530756
Will Stetson,Super Driver,200,2488299
Rokudenashi,Tada Koe Hitotsu,130,1784295
YUI,Rolling star,161,275817
Eve,Nonsense Bungaku,154,1537691
BlackY,Max Burning!!,190,320905
Alstroemeria Records,Bad Apple!! feat. nomico (REBIRTHED Original Vocal),138,2343633
Natsume Chiaki,Hanairo Biyori,182,143397
Mitchie M feat. Hatsune Miku,Suki! Yuki! Maji Magic,167,682665
Igorrr & Ruby My Dear,Figue Folle,188,347453
lapix,NEO TREASON,200,495618
Getty,B WiZ U,175,1716315
MYTH & ROID,Paradisus-Paradoxum,201,2306063
Rche,Todestrieb,185,424754
JINGBURGER,Konton Boogie,190,2224035
Slipknot,Psychosocial,135,31179
CHiCO with HoneyWorks,Historia,184,497813
Kizuna AI,future base (Assertive Hardcore Bootleg),174,1143243
ginkiha,eastward,186,385444
SOOOO,Happppy song,226,2549289
Digital Sexy,Til Death (Technoposse Remix Edit) (Nightcore & Cut Ver.),166.24,2184250
NIGHTMARE,the WORLD (TV Size),190,1970469
YOASOBI,Ano Yume o Nazotte,180,1120850
Masayoshi Oishi feat. Riria.,Kamiari Algorithm (katagiri Bootleg),200,2285361
sakuraburst,data corruption symphony,170,1308099
THE ORAL CIGARETTES,5150,192,850218
Halv,NeruNeru-Chan travels to the Luminous Stars!,220,2298580
xi,Last Resort,252,800102
Laur,PRAGMATISM -RESURRECTION-,174,2314654
seatrus,Animare Niveus,215,1558593
remixed by DJ TOTTO,The 4th KAC DJ TOTTO's SELECTION,180,533472
Ice Nine Kills,IT Is The End,186,1409573
DJ NAGAI feat. Ayumi Nomiya,Mono Logic,186,490166
Beach Bunny,Prom Queen,144,2470141
Camellia feat. Nanahira,finorza,225,1930425
ONIMAI SISTERS,Himegoto*Crisisters (nenpulse bootleg remix),180,2492026
Team Grimoire,Grimoire of Crimson,177,317861
Ruetekker,Rasselbande [HARDTEKK BOOTLEG],175,2171297
LeaF,Aleph-0,250,2406499
ZAQ,Minor Piece (TV Size),146,2164405
DECO*27,First Storm feat. Hatsune Miku,190,1930716
Eve feat. Hatsune Miku,Gekka - Midare Botan,200,1307715
inabakumori,Lost Umbrella,274,1455997
mustie=DC,Merry Snowy Fantasy feat. Hanon,168,1055617
Qrispy Joybox,Tooi Sekai no Toki to Sora,184,690530
FamilyJules,M.I.L.F (Metal Guitar Cover feat. ToxicxEternity),180,1598090
Ryu* vs. Sota,Go Ahead!!,200,572415
Hanasaka Yui (CV: M.A.O),Aozora Morning Glory (kageminori TwoRoom Edit),230,2187770
Cascada,What Hurts The Most (Nightcore Remix),170.42,20239
DJ Genericname,Dear You,174.11,153316
SHIKI,Pure Ruby,178,1466025
LeaF,Doppelganger,280,2352480
MisoilePunch,MarbleBlue.,198.22,1737067
MAX,Etude Op 10-4,176,2025583
xi,Glorious Crown,225.5,474900
DISH//,No.1 (TV Size),181,1845310
LYRi,SiGNALiZE,212,1303542
Hatsuki Yura,Guren Yasha,149,1008060
Amane,TWEEKER,165,871715
Suda Keina,veil,150,1023081
you,Shiawase Transmission,210,513064
Sako Tomohisa,Getta Banban (TV Size),167,1115875
BAND-MAID,Sense (TV Size),205,2521501
MY FIRST STORY feat. chelly (EGOIST),"1,000,000 TIMES",200,1213465
the peggies,Centimeter (TV Size),140,1197699
Shiena Nishizawa,The Asterisk War,143,499781
mafumafu,Super Nuko ni Narenkatta,190,982643
Amatsuki,DORAEMON (Cut Ver.),160,2045471
Asterisk,Ren-chon no Drum 'n' Bass,175,460142
Hatsune Miku,Hatsune Miku no Shoushitsu,240,8284
marasy feat. Hatsune Miku,SnowMix,185,1948165
Kano,paranoia,150,581065
S3RL,Bass Slut (Original Mix),175,375648
yax03,stresstest,180,2465370
xi,Wish upon Twin Stars,200,232650
Yabeno Hikomaro & Kotohime With Bouzu Dancers,Let's Go! Onmyouji,150,799781
THE ORAL CIGARETTES,BLACK MEMORY,182,2105488
Roselia,MIIRO,195,1002819
Ni-Sokkususu,Shukusai no Elementalia,150,440089
MARETU,Tool,172,2450931
Silentroom,Protoflicker,140,808867
cosMo@BousouP feat. Hatsune Miku,Machinegun Poem Doll,220,1744186
lapix,Amazing Mirage,153,523457
t+pazolite,Tomorrow Perfume (tpz Despair Remix),170,482617
Brian the Sun,Lonely Go! (TV Size),204,2067990
"GAVORN, TRXSHBXY, Scythermane",GARAMARARAM FUNK,125,2365717
7_7,Kill Virgin (Cut Ver.),220,2416935
DJ Raisei vs. Setca. feat. nayuta,Utakata no Sekai de,216,2385890
sana,Kotoba no Iranai Yakusoku(TV size),170,691012
Junk,Qualia,133,177155
Moso Calibration,Seishun Prologue,154,648170
nao,Miracle!Portable*Mission,176,351314
Killswitch Engage,My Curse,174,1986876
Tanaka Hirokazu,C-TYPE,149.3,2561773
Stellabee,The Fastest Love Song (Edit Ver.),279.97,2323787
Gram,Thor,150,2243512
WAV.AV,Double Agent,160,1120648
"Fear, and Loathing in Las Vegas",Stray in Chaos,197,574129
#EmoCosine,VIVID DEBUT!,182,957330
Aoi,King Atlantis,195,2000657
Ponchi feat. haxchi,Inferno City,215,1746870
beatMARIO,Night of Knights,180,352570
Morimori Atsushi vs. uma,Noel,220,1105266
katagiri,STRONG 280,280,1849145
hiroki.,Which one?,160,2420331
Reku Mochizuki,VEZZELiX,190,1778816
REDALiCE,LEVATEiN feat. Ayumi Nomiya,181,1045793
Ryu*,Sakura Mirage,187,183272
100-200-400,Fascination MAXX,200,409152
rejection,Signal feat. Such,175,2452086
LeaF,I,280,426638
Draw the Emotional,Stay by my side,160,1726624
Triple Booking,Yamato Nadeshiko Education,172,283727
Machico,fantastic dreamer(TV-size),185,440001
DVRST,Close Eyes,96.15,1603090
LeaF,Queen Aluett,212,2031577
TUYU,Anoyo-iki no Bus ni Notte Saraba.,240,1081552
DECO*27,Rabbit Hole feat. Hatsune Miku,173,2144164
Ryu*,Plan 8,212,172867
lapix,Amazing Mirage (Extended),153,608572
xi,Rebellion Trigger,212,1855635
Wonderlands x Showtime x KAITO,TONDEMO-WONDERZ,172,1680354
Tonari no Niwa wa Aoi (NIWASHI + Aoi),Mukuroju no Hakamori,211,1787103
kessoku band,Guitar to Kodoku to Aoi Hoshi,193,1894825
Massive New Krew & RoughSketch,Extreme Ongaku School feat. Nanahira,210,1378488
Junk,Minty Rush,182,2095389
yanaginagi,Megumi no Ame (TV Size),182,1767320
S.S.H.,Intersect Thunderbolt-Remix,250,127305
Marshmello,Alone,142,552712
gmtn. (witch's slave),furioso melodia,155,307371
Camellia,Quaoar,174,812418
Laur vs. Kanon Oguni,Latent Kingdom,201,2358631
BlackY,Discovered Attack (Original Mix),143,2060739
syzfonics,Never Ending,190,414856
S3RL,Pika Girl,175,40440
inoqx,BURDEN,199.98,2350749
HO-KAGO TEA TIME,Kira Kira Days (Cut Ver.),200,1384619
THE ORAL CIGARETTES,CATCH ME (Cut Ver.),184,1429483
Origami Angel,Noah Fence,200,1892177
PokeSky,Into Space,200,1359629
Paramore,Still Into You,136,1074482
Mimori Suzuko,Light for Knight (TV Size),190,839238
kessoku band,Seishun Complex (TV Size),190,1888769
bilbordy,risuyu krov'yu (ANGUISH Frenchcore & DnB Bootleg) (Sped Up Ver.),210,2088289
King Gnu,AIZO (TV Size),190,2490429
Lime,8bit Voyager,182,1570640
Ci Mei Gui,Wu Xuan Lan,167.91,80018
tieff,Sunflower,116,2467043
DJ YOSHITAKA,JOMANDA,195,527220
brz1128 vs. M-UE,Bloody Marquis,220,1212192
Kry.exe feat. Ice,Last Wish,240,1924015
Various Artists,International Wrestling Festival 2015 -WORLD OF ANIKI-,180,436910
aespa,Hold On Tight,120,2006713
ARM feat. Nanahira,Bakunana*Testroyer,200,324992
fhana,Wonder Stella,193,616765
USAO,Cthugha,213,1381405
"JO*STARS ~TOMMY, Coda, JIN~",JoJo Sono Chi no Kioku ~end of THE WORLD~ (TV Size),220,953252
Sayuri,Hana no Tou (nenpulse bootleg remix),175,2279444
yuikonnu,Chikyuu Saigo no Kokuhaku o,190,208765
kors k,Poochie,220,587266
Ogura Yui,Baby Sweet Berry Love (3R2 Remix),175,335072
Sewerslvt,Cyberia lyr3,200,2367582
F-777,Airborne Robots,200,473736
t+pazolite vs. P*Light,IZANA,222,1112619
m108,Crow Solace (2022 Rework),188,1931812
Kanon Oguni feat. timao,Tsumugiboshi,190,1959361
Kobaryo,Glitched Character,170,1436983
AiScReam,Ai <3 Scream!,132,2363513
Morimori Atsushi,Toono Gensou Monogatari (MRM REMIX),200,2308571
ALiCE'S EMOTiON,Dark Flight Dreamer,189,185250
DJ Okawari,Flower Dance,100,23207
DragonForce,Symphony of the Night,177,2313744
Ooguni Kanon,Fuuen no 135-byou,200,1877909
Alya (CV: Uesaka Sumire),Ichiban Kagayaku Hoshi (TV Size),182,2211127
ShinRa-Bansho,Kakumei no bullet,183,1518728
DJ Genericname,Dear You,174.11,286309
ARForest,Hidden Ending,190,965827
Juggernaut.,Antler,180,2462963
Chroma,Dark Sheep,177,939798
halca,Kokuhaku Bungee Jump (TV Size),185,1207300
fourfolium,Gugutto Work* (Short Ver.),186,568914
Jeff Williams feat. Casey Lee Williams,This Will Be the Day (TV Size),190,2032159
THE ORAL CIGARETTES,Sesshoku (Cut Ver.),196,1017310
Sayuri,Hana no Tou (TV Size),170,2083809
Alstroemeria Records,ARROW RAIN,180,785871
THE ORAL CIGARETTES,Kyouran Hey Kids!!,142,372510
Jamie Paige,Machine Love,175,2460785
EmoCosine,Love Kills U,160,2555988
DIALOGUE+,Omoide Shiritori (TV Size),172,1425200
Plum,Maelstrom,195,2345407
Hommarju,Sounds of Summer,175,349345
Yumeno Yuki,Utopia or Dystopia (TV Size),197,2553525
MisoilePunch,MixxioN,275,1717598
Keke,Cape Dech (Sped Up Ver.),209.3,1100913
SAMString,Quamara,190,1489335
Arashi,One Love,103,10061
Slax,Lolly Tomboy,190,2254598
Lapis Re:LiGHTs Stars,Watashitachi no STARTRAIL (TV Size),180,1246715
Tanya Degurechaff (CV: Yuki Aoi),Los! Los! Los!,240,625302
Linked Horizon,Shinzou o Sasageyo! [TV Size],160,594867
Ice,DJ Mashiro is dead or alive,190,1068198
LeaF,Wizdomiot (extended ver.),200,1360248
senya,"Utakata, Ai no Mahoroba",155,186159
Kurubukko,DENNOU City Lights,148,2264588
AKINO from bless4,MIIRO,195,256623
Phoebe Ryan,Mine (HANAEL Remix),125,1426207
HyuN feat. Sennzai,Duplicity Shade,193,2220829
takehirotei,Haiboku no Altra Vita,231,2417552
Hazuki,Legend of Millennium (Glory Ver.),192,2387779
Kobaryo,Raven Emperor (Absolute Ver.),205,2403206
Camellia,Bangin' Burst,234,1741320
BAND-MAID,Different (TV Size),210,1368401
MAX COVERI,RUNNING IN THE 90'S (Cut Ver.),158.5,2306112
STAYC,STEREOTYPE,148,1577308
Afterglow,Pride Kakumei,185,995007
Primary,Naked flyer,185,1112728
yuzen,Ouka Ryouran,191,554880
D-D-Dice,Gekijouban Muunya Poyopoyo Suppokonyaago...,210,2275174
hkmori,panic attack in bed,200,2358613
MisoilePunch,Mesheer,222,1698761
Getter Jaani,Rockefeller Street (Nightcore Mix),162.5,942866
Tomatsu Haruka,Resolution (TV Size),195,1690140
Camellia,Z:iRNiTRA,235,1882252
Tamura Yukari,Himitsu no Door kara Ai ni Kite (TV Size),184,144699
Kaminoki Koukou Cheerleading-bu,Jump Up Yell!! (TV Size),212,1138636
SawanoHiroyuki[nZk]:mizuki,&Z (TV Size),158,698840
Mastermind(xi+nora2r),Dreadnought,192,400351
Relanium,Leel Lost (Cut Ver.),130,2386495
BlackY,Paradission,154,532594
"SKWT Sound Team ""Aurora""",Celestial Winter Wake (feat. neur6sia),220,2523981
MIMI,Mizuoto to Curtain (Cut Ver.),186,2045473
Lime,Pixel Planet,222,2438566
Juggernaut.,OUTERHEAVEN,210,1482354
633397,run home,185,2203456
DECO*27,The Vampire feat. Hatsune Miku,164,2168317
BLACKPINK,JUMP,145,2404301
Kontinuum,Lost (feat. Savoi) [Sunroof Remix],125,624059
kioik,Altitude,188,2416343
TUYU,Under Kids,225,1815791
REDALiCE & cosMo@BousouP,Tenshi Kourin,203,1544167
zts,miragecoordinator,150,421341
Tune Up!,Bounce (Nightcore Mix),177.5,24315
Camellia,Wolves Standing Towards Enemies,191,1954374
Ludicin,Everlasting Eternity,175,2099753
penoreri,Preserved Valkyria,220,357488
Loos,Koi Yomi Zakura,168,128855
SOUND HOLIC,The Party We Have Never Seen,128,804518
P*Light,ADAM,200,1103802
Yooh,MariannE,191,285577
aubr3y,an egirl's daily thoughts,200.2,2131311
THE ORAL CIGARETTES,STAY ONE (Cut Ver.),200,1479205
Ice,Nostalgia Sonatina Op.3,170,2395454
Blend A,Bon Appetit S (TV Size),152,699794
TUYU,Daemonisch,200,1444121
Morimori Atsushi,Paradigm Shift,145,765055
penoreri,Lancelot ~Flame of the Rebellion~,206,1306461
Good Kid,Everything Everything (Cut Ver.),192,2495168
Ludicin,Everlasting Eternity,175,2266951
Satoru Kosaki feat. issei,Into the world (TV Size),115,2292680
Raimukun,Nyarlathotep's Dreamland,200,2059895
gladde paling,vleermuis,180,2486893
crafter2011,halloween day,200,2014470
"Chito (CV: Inori Minase), Yuuri (CV: Kubo Yurika)",More One Night (Assertive Hardcore Bootleg) (Short Ver.),170,2021229
Satoshi (CV:Rica Matsumoto),XY&Z,254,379028
garlagan,Uplift,180,1788341
Laur,Vindication,174,1055661
xi,Ascension to Heaven,200,1224013
Diceros Bicornis,Calamity Tempest,194,1304666
MORE MORE JUMP! x Hatsune Miku,MORE! JUMP! MORE!,202,1681655
-45,Reikou Hatsuden,250,1502322
Morimori Atsushi,Funkotsu Saishin Casino,198,1885416
2hollis,poster boy,111,2532288
Nanamori-chu * Goraku-bu,Chochocho! Yuru Yuri * Capriccio!!! (TV Size),190,1731739
halca,Sentimental Crisis (TV Size),167,930970
XenjeS,Inorganic Dystopia,220,2573467
SAMString,Akarui Taiyo,205,1904165
Shiron + xi,Magical Toy Box,184,803018
Yorushika,"Hachigatsu, Bou, Tsukiakari",220,1124086
BlackY's BEATFLOOR,Creutz=Wilknare (Short Ver.),185,285730
Kurokotei feat. AKA,Le Porteur d'Ombre,220,1995985
nenpulse,Becoming Myself,175,2461083
S3RL,Candy (feat. Sara),175,953777
Xtrullor,Cry,128,1313433
DragonForce,Seasons,193,488573
Chroma,Daiuchuu Stage,202,350484
orangentle,A Man In The Mirror,180,1749282
xi,Grand Chariot,191,506056
marasy feat. Hatsune Miku,SnowMix,185,1986250
SYNC.ART'S feat. Sakaue Nachi,Taketori Hishou,150,21098
Vicetone & Tony Igy,Astronomia (USAO a.k.a Daily Mix),200,1283536
"takehirotei as ""Infinite Limit""",C://YOU NEX-TIME,211,2424737
Kiyoshi Hikawa,Genkai Toppa x Survivor (TV Size),187.5,636959
Spriggan,Valkyrie Dimension,186,45935
orangentle / Yu_Asahina,HAELEQUIN,172,174550
CHUBAY,Itadaki,202,1111192
nora2r,B.B.K.K.B.K.K. (Extended Mix),170,311403
kamome sano,archive::zip,185,475698
Mili,world.execute(me);,130,470977
"KHAOS, Jmilton",Montagem Supersonic (Slowed + Reverb Ver.),113.35,2425829
Official HIGE DANdism,Same Blue (TV Size),184,2259286
S3RL x LIDA,My Girlfriend is a Raver,175,2443377
rintaro soma,Tsunagite,88.8,2389734
Leah Kate,Life Sux (Sped Up Ver.),180.9,2016497
PHOENIX Project,Youma Yakou,160,1068754
Orangestar,Asu no Yozora Shoukaihan,185,219728
Minase Inori,MELODY FLAG (Amii's Edit),182,629560
S3RL,Catchit (Radio Edit),175,2448902
anubasu-anubasu,Materialize Anything,150,1948306
Innocent Key,Toho-Assisted-Speedrun!!!,190,1852057
"BEMANI Sound Team ""DJ TOTTO feat. MarL""",Seiza ga Koi Shita Shunkan o.,186,875024
Masayoshi Minoshima,"Bad Apple!! feat. nomico (Camellia's ""Bad Psy!!"" Remix)",160,2393429
yaseta,Labyrinth,175,1595581
Fujita Kotone (CV: Iida Hikaru),Self-affirmation Explosion! Love Love Song,190,2511760
mary x jon-YAKITORY,Koko de Ikiteru (TV Size),190,2234518
Ardolf,Lycanthrope,185,1924071
Aests,FIGHT!,120,854292
nowisee,Koinu,176,1049065
yanaginagi,Haru Modoki,174,313208
Kou!,ZiWEiYUAN,220,2558054
Shiena Nishizawa,Meaning,190,335828
Ludicin,Everlasting Eternity,175,2069235
t+pazolite,cheatreal,200,1979588
Hoshimi Production,Sayonara kara Hajimaru Monogatari (TV Size),178,1425185
Nanawo Akari,One Room Sugar Life (TV Size),180,859248
Mayumi Morinaga(moimoi),dreamin' feat.Ryu*,156,189643
Rohi,Kakuzetsu Thanatos,200,357060
KurousaP,"Senbonzakura (Camellia's ""KAIKASENGEN"" Remix) [Uncut Version]",175,2021033
Blend A,Bon Appetit S,152,699427
O2i3,Belly Flopper,185,383929
Veil of Maya,Mikasa,220,480298
LeaF,MARENOL,140,2424356
Utsu-P,MiKUSABBATH feat. Hatsune Miku,190,634468
onoken,felys final remix,180,1899428
"BEMANI Sound Team ""HuMeR"" feat. Fernweh",Sakazuki,280,1968286
BlackY feat. Risa Yuzuki,Kannagi,185,2367105
Minato Aqua,Kaisou Ressha,164,1563534
Sad Keyboard Guy & Gardens,Illusory Truth,170,2407003
DECO*27,Salamander feat. Hatsune Miku,172,2027343
Chroma,[@__@],158,1738412
Lime,Campanella,227,2146184
Camellia,werewolf howls.,222,242484
Magnetude,Falling,174,2539608
Mio Yamazaki,Noise (English ver.),225,702892
Yu-dachi,Shukufuku no Shikisai wa Omoi Musubu Kimitachi made,235,2045075
YUC'e,Future Cider,180,1168331
M2U,Nemesis,160,620806
Pedro Silva,Just Leave Me Alone,192,1960740
Eve,We're Still Underground,148,1059169
ETIA.,Claiomh Solais,188,339822
ShinRa-Bansho,I,196,1437794
P*Light,Storm Buster,193,506110
Paramore,Still Into You,136,301830
Tamura Yukari ft motsu from m.o.v.e,You & Me,160,98728
Official HIGE DANdism,Same Blue (TV Size),184,2259450
Helblinde,Heaven's Fall,200,541483
Synthion,VIVIDVELOCITY,256,2120379
orangentle / Yu_Asahina,HAELEQUIN (Extended ver.),172,272643
Chiyoko,Alice's Mad Tea Party,147,215151
lumo,Denparadigm,220,1856730
Jeff Williams,This Will Be the Day (feat. Casey Lee Williams),190,130556
Official HIGE DANdism,Cry Baby (TV Size),100,1488829
Diceros Bicornis,ReviveR,238,1117248
Eve,Kaikai Kitan (TV Size),185,1276702
Matsuda Akito,After After,185,277353
Tanchiky,ULTRA SYNERGY MATRIX,160,2024734
Johannes Brahms,Hungarian Dance No. 6,160,2165632
Takamachi Walk,Forget Me,190,2155400
sawawa,Sugar Sprite,210,1032911
Shaito,Minesweeper / Sekai,200,2518613
gingus,homeswitcher,187,2053020
xi,Titania,212,1174746
dj TAKA,ELPIS,175,398656
Official HIGE DANdism,Bad for me (Dz'Xa's Amenpunk),200,1868761
Avantasia,Starlight (feat. Ronnie Atkins),193,985872
Frums,Credits,179,1212405
Hatsune Miku,Rubik's Cube,174,33651
ArXe,I doubt you could change my fate (feat. Kasane Teto),240,2476448
TUYU,Anoyo-iki no Bus ni Notte Saraba.,240,1070357
seatrus,Abendstern,247,2325707
BABYMETAL,"NO RAIN, NO RAINBOW",79,585019
nm-y vs. Kry.exe,Kaiju,200,2349383
*namirin,Koi no Hime Hime Pettanko,178,607139
ATL,Magic people,173,1117079
Hisaka Yoko,"Don't say ""lazy"" (Full ver.)",181,6593
Tatsh,reunion,184,346213
Yuta Imai vs. Qlarabelle,ALTER EGO,195,2223694
kanone,RAIKIRI,165,1388164
Halozy,K.O.K.O.R.O,178,780992
kessoku band,BOCCHI THE ROCK! Songs Compilation,190,1986500
Official HIGE DANdism,Mixed Nuts (TV Size),150,1743778
wa. remixed celas,Crystal World ~Fracture~,180,712414
ryo (supercell) feat.chelly,Great Distance,197,452409
senya,"Utakata, Ai no Mahoroba",155,78382
Minami,"Ame o Matsu,",150,1206019
Kaf,Montage,136,1344469
MisoilePunch,VVelcome!!,265,1235288
leroy,DILF repellent,195,2509473
TRONIC,Supervelocidad,195,2116670
Sayuri x MY FIRST STORY,Reimei (TV Size),185,1126766
ClariS,SHIORI (TV Size),176,914328
seatrus,DOOMSDAY THUNDERTEMPEST,244,1692926
tn-shi,Synthesis.,180,2120143
Lifetheory,Daisy,180,323163
toby fox,Spear of Justice,131.5,1044193
HyuN,Tokyo's Starlight,156,891712
t+pazolite,YURUSHITE,270,1185688
Mitsukiyo,Unwelcome School,180,1779730
"25-ji, Nightcord de. x KAITO",BAKENOHANA,180,2263581
HOYO-MiX,Termination of Desires,144,1686033
Poppin'Party,Light Delight,180,1098803
ensou feat. GUMI,COMA,180,147152
Tenacious D,BEELZEBOSS (THE FINAL SHOWDOWN),131,593032
Kobaryo,Sulyvahn [feat. USAO],200,965114
Lucky Star,Motteke! Sailor Fuku (REDALiCE Remix),171,3030
LITTLE BIG,BIG DICK,120,1956910
Fujijo Seitokai Shikkou-bu,Best FriendS (GoldenWolf Edit),163,1953393
SHIKI,Xecus,182,1901099
Mike Ault,Rocket League Theme,121,2142558
Mitsukiyo,Unwelcome School,180,2106008
THE ORAL CIGARETTES,DIKIDANDAN (Cut Ver.),182,2319545
void (Mournfinale) feat. Hoshikuma Minami,Testify,178,1802351
*namirin,Kanzen Shouri*Esper Girl,195,1004416
MAN WITH A MISSION x milet,Kizuna no Kiseki (TV Size),170,1984411
"TWC Sound Team ""Strike Back Squad""",BUZZ CUTZ,193,2552201
Daily Tian Li vs. EndCat-Zhongmao vs. StartDoge-Shiquan,Ye Hua Xiang (Haocore Mix feat. Jiafei),215,2198420
marshmello,WaNt U 2,142,514440
Vickeblanka,Black Rover (TV Size),204,781509
Arcaea Sound Team against. ETIA.,Singularity VVVIP,175,2061253
Alice Schach and the Magic Orchestra,Bad End Syndrome,126,2302403
Poppin'Party,God knows... (Full Size Ver.),150,847648
Helblinde,Nastrond,190,2473390
OISHII,ONIGIRI FREEWAY,210,1773165
AKIAKANE,FIRST,190,1945884
Sanaas & Soleily,Supreme Starbow,173,611552
Our Stolen Theory,United (L.A.O.S Remix),175,726545
Sound piercer & ginkiha (feat. Yuzuha & NeLiME),MI:LIGHT CONNECT,178,2341766
Shoujo,Reminiscing,175,435851
Tonari no Niwa wa Aoi (NIWASHI + Aoi),Xb10r,200,1730230
Yuyoyuppe,Leia,190,1764157
Aqua,Candyman (Speedy Mix),170,7300
Nanahoshi Kangengakudan,Rubik's Cube,174,837869
Chino (CV: Inori Minase),Mahou Shoujo Chino (nenpulse bootleg remix),176,1273005
technoplanet feat. Haruno & Daisuke Kurosawa,Far Away Light,216,1458344
Normal1zer vs. Broken Nerdz,Cybernetic Mastermind No.7,235,1939761
xofilo,.*302? ionwan2go*.,162.3,1971447
HOYO-MiX,Kaedehara Kazuha: Wandering Winds (Vetrom Remix) (Cut Ver.),137,1658019
KISIDA KYODAN & THE AKEBOSI ROCKETS,GATE~Sore wa Akatsuki no you ni~ (TV size),200,346872
Rairyu,Lightning,188,743090
siinamota,Shoujo A,130,2137985
xiiiac13,stepping on your cat's tail be like,150,2527825
HyuN,Soulwind,200,2000308
Cororo feat. Yuria Miyazono,Hikari Sasu Mio no Yuzuriha,190,1864043
hololive IDOL PROJECT,Asuiro ClearSky,182,1382779
Camellia,Kisaragi,230,2112649
Umeboshi Chazuke,Panic! Pop'n! Picnic!,190,528031
ArXe,Locus Amoenus (feat. Megurine Luka),165,2467187
Taishi,All For The Time,180,1029946
Jula,za kazdym razem (kyoto Frenchcore Remix) (Sped Up Ver.),230,2202208
ginkiha,Aite,210,2207932
DETRO,volcanic (Short Ver.),191,2484096
Kairiki Bear,Shippaisaku Shoujo [inabakumori Remix],136,1604016
Camellia,Mystery Circles Ultra / U.U.F.O.,200,2094665
Yooh,snow storm -euphoria-,180,2099774
Xyris,A Cybernetic-Superluminal-Apocalyptic Post-War Divination,160,2527014
Aethoro,Arielle's Wish,145,2533002
yandere,fall from grace,180.22,2129623
RiraN feat. Ai Ohsera,The Memory Of Summer,150,1992174
Station Earth,Cold Green Eyes ft. Roos Denayer,174,371128
MAN WITH A MISSION,database feat. TAKUMA (10-FEET) (TV Size),177,1655638
Tamura Yukari,Endless Story (TV Size),187,626290
Yu-Peng Chen @HOYO-MiX,Qilin's Prance,154,1470543
you,Hold Angel,300,2445891
Alan Walker,All Falls Down (feat. Noah Cyrus with Digital Farm Animals),98,706285
OxT,Silent Solitude,110,996444
REDALiCE,Always TANO*C (Kobaryo's FTN-Remix),220,1476222
capitaro,Tenshinranman Haikara Hime,170,475591
Roselia,BRAVE JEWEL (TV Size),192,1024827
Camellia,Exit This Earth's Atomosphere,170,517474
THE ORAL CIGARETTES,Kyouran Hey Kids!!,142,375365
himmeltengoku,Whisper of Rose,175,252947
Chroma,And Revive The Melody,220,2150411
Feryquitous,Central Nucleus,175,1973616
Qrispy Joybox feat.Chata,Yuuki no Pendant,218,608271
Aisaka Taiga (CV: Kugimiya Rie) & Kawashima Ami (CV: Kitamura Eri),Holy Night,110,692322
"25-ji, Nightcord de. x Hatsune Miku",Inochi ni Kirawarete Iru.,200,2058130
F-777,Ludicrous Speed,166,2540267
"TWC Sound Team ""Strike Back Squad""",BUZZ CUTZ,193,2369277
The Queenstons,Our Special Place,136,19536
HoneyWorks feat. HaKoniwalily,"Shitsumon, Koitte Nandesho ka? (TV Size)",170,2349987
Angelic Buster,Star Bubble,190,1761555
Juztan,#WE <3 YURI,230,2555754
Simple Plan,You Suck At Love (Sped Up & Cut Ver.),177.65,1272676
AliA,Kakurenbo,180,1951908
Imy,Meteora,132,2296917
MAISONdes,"Aiue feat. Minami, SAKURAmoti (TV Size)",167,1877965
Nightmare,Boulafacet,170,254581
Nana Mizuki,Nageki no Hana (Slax Remix),200,2081299
TrySail,adrenaline!!!,134,676340
rusino,Looping the Rooms feat. Hatsune Miku,162,2498335
Inugami Korone & Nekomata Okayu,Hyadain's Jojo Yujo,200,1983552
Zmey Gorynich,Zmey Gorynych,200,2175431
NOMELON NOLEMON,Midnight Reflection,180,2312406
Rika (CV: Tamura Yukari) & Satoko (CV: Kanai Mika) & Hanyuu (CV: Horie Yui),Happy! Lucky! Dochy! (TV Size),235,2019582
S3RL,S3RL Ultimately Presents,175,2378534
u's,LOVELESS WORLD,157,1575700
LiSA,Gurenge,135,1025171
Gabba Front Berlin,Lacrima Mosa Est,240,407237
Ado,unravel,135,2091753
the peggies,Kimi no Sei (TV Size),174,2003639
Camellia,Chimera Dragons,300,2421186
xi,.357 Magnum,178.5,155749
Myoya,Horangpungnyuga,160,728977
Katarzyna Laska,No Ordinary Girl,155.8,198978
HoneyWorks,"Sis x Love feat. Narumi Sena x Narumi Mona (CV: Amamiya Sora, Natsukawa Shiina)",167,1379558
Kyutatsuki,SOUND ARCHITECT,165,2532856
t+pazolite feat. Kabocha,OPENING,180,2527829
ClariS,Connect (TV Size),175,24565
Chroma,Black Emperor,185,292936
David Wise,Volkmire's Inferno Race,207.89,1985598
SPYAIR,Sakura Mitsutsuki (TV Size),179,1997276
The Killers,Mr. Brightside,148.2,2134701
633397,"nothing can hurt you now. it's okay, don't worry",200,2300685
Gom (HoneyWorks),Zen Zen Zense,190.1,571547
Kobaryo,Villain Virus [feat. Camellia],260,915764
rejection,Signal feat. Such,175,1548045
RiraN,Explosion,150,1242046
Sia,Chandelier (AoREdit),226.2,2436740
Camellia,Kikai No Tsubasa (feat. Kasane Teto),200,2422085
Momobako & Aihara Kaori,Senbonzakura,154,209952
bibuko,Reizouko Mitara Pudding ga Nai,190,90068
Aoi (as Midnight Shift),Magia omnia of blue sonus feat. GUMI SV,205,2276044
Nana Mizuki,VIRGIN CODE,212,494430
Divide Music,Against My Tide (feat. Sinewave Fox),220,2014428
Various Artists,Tracen Ondo,165,2515787
"BEMANI Sound Team ""S-C-U vs. L.E.D.""",THE DAY OF JUBILATIONS,181,1302727
tokiwa,Memoirs feat. Aitsuki Nakuru,175,976366
gmtn. (witch's slave),furioso melodia (2017 VIP),155,2340628
REDALiCE,taboo tears you up,180,7224
technoplanet feat. Kuroto Sion,Turn the story,220,1066161
Fractal Dreamers,Gardens Under A Spring Sky,195,1080892
Helblinde,Above the Clouds,180,416444
"Satono Diamond (CV: Tachibana Hina), Kitasan Black (CV: Yano Hinaki)",Ambitious World (PV Size),180,1762728
remixed by DJ TOTTO,The 5th KAC DJ TOTTO's SELECTION,173,591904
nao,Toaru Shoukoku no Ohimesama ga...,218,599960
solfa feat. yuki,Yami no Rinne,174,2253414
XX:me,Torikago,155,764067
Sound piercer feat. DAZBEE,Hanatachi ni Kibou o,187,1694166
Reku Mochizuki,KiNG FORM -XIII-,200,1495387
lapix,Flamenco House,130,1865291
Nobuo Uematsu,The Fierce Battle,162.75,5727
Lee Jin Ah,Target for Love,103,1791620
MobKinako vs. Axel->Show.T,Glad:atioN,184,2248194
Chroma,"Destroy, Destroy, Destroy The Happy End",218,1327306
Chino(CV.Minase Inori),Shinsaku no Shiawase wa Kochira!,175,443751
trung-nova,Roars of V.E.N.G.E.A.N.C.E -Take Back Everything-,236,2575813
Calvin Harris feat. Example,We'll Be Coming Back,128,107263
Qrispy Joybox,licca,196,287052
Trina Lydia,TETRATONE ALTiSSiMO,186,2310809
LOLI RIPE,All I wanna do is touch your power points,154,474288
Juufuutei Raden,Maitake Dance,143,2278208
Rohi,Gllensista,225,2376612
P*Light,Gekkou Ranbu,186,382668
odaxelagnia,Lady Gabba,215,2231331
DJ SHARPNEL,CYBER INDUCTANCE,191,1877490
Pastel*Palettes,Q&A Recital!,182,1395277
Divide Music,Say My Name,165,1868110
Spica,Make debut! (TV Size),180,1414044
itaojirou,Tze-Chiang,192,666169
Team Grimoire,Sheriruth,185,590341
katagiri,VIVID ABYSS,208,2323330
Chroma,Hoshi ga Furanai Machi,165,581509
07th Expansion,rog-unlimitation,220,28751
Shizuka (CV: Hasegawa Ikumi),I Wanna (Game Ver.),200,2515927
MIMI feat. Hatsune Miku,Ai no Sukima (Rock Cover),204,1092468
saradisk,176 - ikazuchi,140,365534
seatrus,Abendstern,247,2127527
USAO,USAO ULTIMATE HYPER MEGA MIX,200,847282
Se-U-Ra,LOA2,202,2420210
MIMI feat. Kasane Teto SV,Trick Heart,150,2499321
Diceros Bicornis (xi+BlackY),Hyper Vivacity,158,1433856
Hommarju vs. RoughSketch,Cross Fire,180,923851
Yuyoyuppe,Hidamari no Uta,136,831242
Minstrel,Yotogibanashi no Kamikakushi,240,2536810
TAG,STERLING SILVER,175,508896
Camellia,Tojita Sekai,205,2110867
Aqours,Thrilling One Way,195,1582906
Various Artists,Songs Compilation IV,180,1247857
ETIA.,Nihonshiki Koukaku-OukaRanman-,175,264127
Kyary Pamyu Pamyu,PONPONPON,128,36225
La priere,Sore wa Sekai o Koete,173,2469290
HOYO-MiX feat. Isabelle Huang,TruE,160,2333780
ClariS,Hitorigoto -TV MIX-,165,602861
ARForest,Inverted World,180,1776905
LeaF,Calamity Fortune,200,2288990
P*Light,TRIGGER*HAPPY,185,125856
u's,Korekara no Someday(TV Size),240,323413
Akts,Masks and Avatars,220,2479291
KURORAK,Gamma Stop Giving Me Hard Bags,222,2179231
Demetori,"Koyoi wa Hyouitsu na Egoist ~ Ego, Schizoid, Beat.",180,1921039
AKB Idoling!!!,Chuu Shiyouze! (Cut Ver.),194,1378148
"25-ji, Nightcord de. x KAITO",BAKENOHANA,180,2268842
Tree Palm,CRAZY FOR YOU,132,1110188
ETIA. feat.Jenga,Say A Vengeance,185,136881
Amatsuki,DORAEMON,160,853519
Good Kid,Summer,180,2253116
Junk,Yellow Smile(bms edit),174,302726
Ayaka Ohashi,Wagamama MIRROR HEART (TV Size),181,560734
nao,Himawari no Saku Koro ni,125,279429
USAO,You & DIE,210,2170119
apartje.,Cheeki Breeki Hardbass Anthem,165,2514545
Camellia feat. Nanahira,EDM Jumpers ({E+H}DM Reboot),145,1895971
t+pazolite,T+ VS SHARK,200,1835865
Omoi,Teo,185,1725797
REDALiCE vs. USAO,SAIKYO STRONGER,205,1258120
Camellia,Stealth-Dash,174,1679792
DragonForce,The Warrior Inside,200,330405
Enter Shikari,Radiate,195,967719
CK,Nirv lucE,260,1768392
Hayakore Tatsumi,Wedding of the Goodbye,200,1892180
wa.,Black Lotus,200,824258
HARU NEMURI,Trust Nothing but Love,230,2151520
P*Light,BUBBLE RAVER,174,796928
yuikonnu,Byoumei Koiwazurai,160,135358
Spica,Yume o Kakeru! (TV Size),195,1441695
PAPA TOPO,La Chica Vampira,164,2143329
Persona,AREA 184 -Platinum mix-,184,1105283
Billie Eilish,CHIHIRO,110,2183684
seatrus,Raindrop,155,2374747
Slax,Kazusa,216,2305737
Toby Fox,Megalo Strike Back,144,2148315
ReoNa,forget-me-not (TV Size),148,1109557
katagiri,Palace of Melancholia,227,1630274
Parry Gripp,Raining Tacos,138,2434762
t+pazolite & Camellia feat. Nanahira,"Boku no Yume, Mecha Kuso Mugen Waki",205,1328442
YO-KING,Tooi Nioi,154,1855918
ReeK,The Everlasting Calamity That Shifts The Time - Space Continuum...,286.5,1784978
sana,Senpai.,162,637706
kaitendaentai,Hubris,264,2399327
Waterflame,Final Battle,145,358679
P*Light,Sakura Reflection (P*Light Slayer Remix),186,154156
Remo-con,Matt Silver,146,1565587
loos feat. Hiiragi Rian,Omoiyoshino,168,2458045
Team Nekokan,Can't Defeat Airman,200,24313
bradbreeck,Star Vs The Forces Of Evil Theme,144.4,553866
Plum,Maelstrom,195,2447773
Terminal 11,Sparkle Downer,146.7,2083505
DJ Allstar feat. Naz,Last Christmas (Nightcore Mix),166.24,2283051
ZUN,Border of Life,152,1953606
Sound Souler,414 PER SPEED (Game Ver.),414,1943992
eicateve,R.I.P.,192,875415
TAK,"PPPP feat. Hatsune Miku, Kasane Teto",152,2515207
VTORNIK,Money Rain (Phonk Remix),102,1959771
Gram,Sigrdrifa,222,2007015
Kurokotei,wtf,200,932851
u's,No brand girls,197,207612
kamome sano Electric Orchestra,FIN4LE ~Shuushisen no Kanata e~,256,1697584
Aiobahn,Angel Breaking,185,2096660
xi,FREEDOM DiVE,222.22,1660279
ONE OK ROCK,NO SCARED,185,1080994
Amatsuki,Chiisana Koi no Uta,218,534788
Kurokotei,Chronostasis,196,2504508
Erio o Kamattechan,Os-Uchuujin (Asterisk Makina Remix),175,1911070
Seiryu x t+pazolite,256*256,256,2136134
Kurokotei,Nonbinarity (Cut Ver.),175,1933724
Geoxor,Virtual,128,1240240
"Danny Jacob, Phineas and Ferb Cast",Atlantis (TV Size),113.17,2370102
Laur,GIGALODOON,240,2198662
Dj fullcola666,Pentagramma (hardstyle yabujin core) Remix,170,2278354
Lee Jin Ah,Target for Love (Ludicin's Hardcore Bootleg),170,2126930
TOGENASHI TOGEARI,Wrong World,171,2222809
Liella!,Songs Compilation,164,1798188
Yokomin,Colorful Pastel,157,494699
LV.4,Angel dust (2016 Radio Mix),170,2361107
Getty vs. DJ DiA,Grayed Out -Antifront-,190,2447781
USAO,TAPIOCA,205,1754965
Wasuta,Pretty*Channel (TV Size),178,782157
glass beach,cold weather,155,2156619
t+pazolite feat. Nanahira,Niesonae,200,2088933
Bomfunk MC's,Freestyler,163.85,35629
Hermit,Dysnomia,200,303999
D-D-Dice,World's end loneliness,205,1822620
Hanatan,Shiwa,185,201333
ShinRa-Bansho,"Pink Kurage to, Sotto, Kiss o Shita.",194,1410566
NICO Touches the Walls,Niwaka Ame ni mo Makezu,186,378559
xi,Double Helix,156,398197
Foreground Eclipse,Last Liar Standing,158,572338
litmus*,Rush-More,160,1505336
Poppin'Party,final phase,149,1207984
seatrus,PHOTON BLAXT,165,1848553
Beautiful Day,Bang! Bang! Bang!,146,10842
Remixed by P*Light,We're so Happy (P*Light Remix) IIDX ver.,185,422313
Demetori,Higan Kikou ~ View of The River Styx,182,815683
nanobii,Rainbow Road,170,2481624
xi,Bad Elixir,203,1659467
TUYU,Yappari Ame wa Furun da ne,130,1217474
"25-ji, Nightcord de. x Kagamine Rin",D/N/A,150,2386075
RADWIMPS,Nandemo Nai ya,84,515939
MONACA,AIKATSU MODE (moto kano edit),140,891958
supercell,My Dearest (TV Size),168,2160393
BLACKPINK,DDU-DU DDU-DU,140,798572
toby fox,MEGALOVANIA,240,2205779
Tamaki Nami,Realize (TV Size),136.2,2514525
MASS OF THE FERMENTING DREGS,"Aoi, Koi, Daidaiiro no Hi",149,2162231
Kano,Stella-rium (TV Size),177,1324035
Hoshimachi Suisei,TALALALALALALALALALALALAAAAA LALAAAAAAAAAAAAA (Epic Ver.),200,1808439
Immortal Disfigurement,King,264,2136972
kessoku band,Seishun Complex,190,1973933
Rabbit House,Rabbit in the Black Room,270,2438872
remixed by DJ TOTTO Gt.TATSUYA,The 6th KAC DJ TOTTO's SELECTION,234,592476
Kagetora.,Reimei,185,2531098
Afilia Saga,S.M.L (TV size ver.),200,209651
Machico,Million Smile,178,640013
Laur,Absolute Domination,218,892380
Warak,REANIMATE,174,499185
CHiCO with HoneyWorks,Ai no Scenario,180,310656
Silentroom vs. Frums,Aegleseeker,234,1469980
Chocofan,LunaRainbow- marketeer,180,1606686
Mili,Nine Point Eight,164,202610
RoughSketch feat.Aikapin,Grimm (Kobaryo's FTN-Remix),200,597690
EmoCosine,Cutter,160,2150376
senya,Sakuretsu Irony,152,223960
Elephante feat. Jessica Jarrell,Hold (Candyland Remix),104,991368
KASAI HARCORES,TRIPLE PLAY,175,1738026
Getty vs. DJ DiA,Grayedout -Antifront- (Extended Mix),190,1541196
Ado,God-ish,142,1864902
Dreamcatcher,BEcause,170,1539091
SHK,Identity Part 4,140,144959
Various Artists,J-Core Mix,180.04,164429
Aoki Chihiro,Kodou,121,687511
DAOKO x Kenshi Yonezu,Uchiage Hanabi,96,654500
Kabocha,EmbryO,220,925317
[Alexandros],Koeru (TV Size),200,2399586
Nor feat. Kohara Konomi,RE Aoharu,180,1953362
dj TAKA,quaver,182,423527
NIGHTMARE,the WORLD  ~TV Size~,190,438535
Remo Prototype (CV: Hanamori Yumiri),Sendan Life (katagiri Bootleg),260,2373117
W&W feat. Kizuna AI,The Light (Assertive Hardcore Bootleg),170,1986541
LV.4 feat. Yuu Ikeba,Sentimental Surge,190,1935957
ReoNa,Scar/let,175,1226426
kors k,Uh-Oh,175,428822
sweet ARMS,Trust in you (TV Size),190,178826
a crowd of rebellion,Nex:us,205,2181733
Sharlo,Fantastic Future,171.96,466550
Frederic Chopin,Black Key Etude,210,1796615
Nine Inch Nails,"No, You Don't",126,835111
[Alexandros],Senkou,208,1521689
SAWTOWNE,Confessions of a Rotten Girl feat. Hatsune Miku,170,2310596
BTS,DOPE,154,497583
Tsubaki,Kyun Kyun Tamaran Inaba-tan.,180,312780
Kucchi-,Remilia ~Kyuuketsuki no Tame no Kyousoukyoku,182,636567
Team Grimoire vs. Laur,Grievous Lady -nothing is but what is not-,210,1932508
ShinRa-Bansho,Zenryoku Happy Life,190,1264931
TAG,Astral Stranger,190,2281835
yumemidoll,Lyrith -Meikyuu Lyrith-,177,1992352
Receptor feat. K.I.R.A.,Lullaby (Cut Ver.),173,1561448
S3RL,Ravers MashUp,175,912916
Kuribayashi Minami,Super*Affection,184,41244
Cardboard Box,The Limit Does Not Exist,260,379758
Envy,Observation (Original Mix),200,2322234
gmtn. (witch's slave),furioso melodia,155,426743
DJ SHARPNEL,Kaze no Naka no Subaru ~Hyougenshatachi~,187.18,1628745
Ryokuoushoku Shakai,Hana ni Natte,192,2078163
MISATO,Necro Fantasia,175,516494
TrySail,KAREI ONE TURN (TV Size),175,2058577
Plum,Maelstrom,195,1933912
i love you,my mother wants me dead (Sped Up Ver.),262.5,1985592
supercell,Kimi no Shiranai Monogatari,165,588765
Tokai Teio (CV: Machico),winning the soul (TV Size),190,1590788
Muse,MK Ultra,155,14217
Chroma,Lonely departure,175,1891714
BotchiBoromaru,TSUYOGARU GIRL feat. Mossa (NECRY TALKIE) (TV Size),244,2219430
siinamota feat. Hatsune Miku,Sore wa Mahiru no Suisei (Chroma gochapon remix),202,878429
Noah,End to end,255,420394
MakenCat,DanceCap - 2,90,2298125
youman feat. GUMI,Weenywalker,200,1933536
ZUN,Tsukidokei ~ Luna Dial,146,678723
EmoCosine,Summer Attack!,170,2414887
Kyutatsuki,SOUND ARCHITECT,165,2403854
kanemiko & Kyutatsuki & Aoi,Fractal Vertex,226,2424891
Fisky,TURN IT UP,210,2455736
Kana Nishino,Distance (TANUKI's Christmas Remix),175,540058
Chroma,Ryuuseigun ni Aeta Natsu,181,2221093
UNDEAD CORPORATION,Xing Noises,205,2528060
savogy,Say the Word,175,2279815
sawawa,Warm and fluffy,200,1922733
Mariah Carey,All I Want For Christmas Is You,150.17,2087240
Aoi vs. r0y,Coldlapse,200,845859
Gardens,Counting Breaths feat. eili,222,2524546
bradbreeck,Star Vs The Forces Of Evil Theme,144.4,484456
Rika (CV: Tamura Yukari) & Satoko (CV: Kanai Mika) & Hanyuu (CV: Horie Yui),Happy! Lucky! Dochy! (TV Size),235,1594964
Sewerslvt,Kawaii Razor Blades (feat. yandere),170,2469458
nao,Taiyou Paradise,147,297170
Ado,USSEEWA,178,1322727
LeaF,Doppelganger (extended ver.),280,1980729
jioyi attacked by mirror,I lost my flp,192,818926
Parry Gripp,Guinea Pig Bridge,180,1972230
t+pazolite,Gumbarlzo!,225,2530315
Maozon,Stasis,180,810076
PIKASONIC & Tatsunoshin,Lockdown (feat. NEONA),175,2062505
Nekomata Master,Sennen no Kotowari,153,571189
TUYU,Songs Compilation,175,1877372
DJ Genki,Introduction,200,1386859
Unlucky Morpheus,Carry on singing to the sky,162,2443056
Waki Azumi,Viewtiful Days! (TV Size),196,1616498
witch's slave,disperagioia,180,637240
"Team""Hanayamata""",Hana wa Odore ya Irohaniho(TVsize),160,209969
Rory in early 20s,Da Da Is Tape To And U U U,180,1785559
ReeK,Multigenre Smackdown,160,1721944
Roselia,ETERNAL BLAZE,155,804604
Notk.Y,2isin6,202.6,2508959
Nanahira,Youkoso JAPARI PARK e,170,582432
Se-U-Ra,Igallta,230,1680345
Hatsune Miku,Atama no Taisou,240,40344
Abydos High School Countermeasure Council,Kagayaki Summer Days (Short Ver.),158,1808934
Chroma,To the Milky Way,186,2001171
Sheena Ringo,Marunouchi Sadistic (neetskills remix),112,1125370
sugosugiii & SiLiS,20-Nen Ijo no Sonata,130,2289415
Team Grimoire,RougokuSTRIP (Grimoire crossbreed rmx),175,490717
NormalM feat. Echo,Resonance of Viscerharma,180,2214176
B Komachi,POP IN 2 (TV Size),176,2266540
xi,Garyou Tensei,200,210610
FLOW,Sign (TV Size),178,1945629
kessoku band,Re:Re:,155,2231452
Linkin Park,Guilty All The Same (feat. Rakim),200,342472
Dance Gavin Dance,Frozen One,200,1535317
Yumeji Ayumu,Somnidiscotheque,230,2329176
Sasaki Sayaka,Sorahana,154,545855
Raon,Queen Fox,108,1904909
DECO*27,HIBANA feat. Hatsune Miku,200,671199
jzxdx,zapreti redan,173.5,1954150
Chroma,Don't Fight The Music,200,2277697
winddrums,Goddess Bless you,232,823117
Tsukasa,Accelerator,186,46084
REDALiCE feat. anporin,Beautiful Dream,182,419697
Mitsuyoshi Takenobu no Ani,Amphisbaena,185,461514
Yoshino,Konton Boogie,190,2229950
Chata,Koisuru Otome,190,34164
BLACKPINK,JUMP,145,2401216
Roromiya Karuta (CV: Hanazawa Kana),sweets parade (TV Size),206,2492349
Diceros Bicornis,Innocent Tempest,180,367484
HiTECH NINJA,HiT! HiT! HiT! (Cranky vs. HiTECH NINJA),160,801161
Bring Me The Horizon,Top 10 staTues tHat CriEd bloOd,194,2254458
Camellia,Why do you hate me?,140,1854074
Blend A,Bon Appetit S (TV Size ver),152,678593
siqlo,"parsley (""Mix Up"" Long Ver.)",180,2373152
CHiCO with HoneyWorks,Koiiro ni Sake,185,453032
Kinjishi VS Kirin,Broken Sword,160,476589
Yooh,Destiny,222,1247458
Ogura Yui,Honey Come!! (TV size),184,353365
XeoN,Thor ~ Deepin' Absonant Mix ~,147,178426
Lonely God,Marlboro Nights,176,2068015
Neru feat. Kagamine Rin,Tokyo Teddy Bear,204,1165741
Neru x Rib,Jinsei wa Hoeru,286,245393
Camellia,"chrono diver -fragment- (Camellia's ""crossroads of chrono"" remix)",191,1932431
shikiura sougo,Laundry,187.5,2128147
Ellim Gnirps vs. Yomi,Khionos TiARA,200.01,700493
leroy,ricky bobby,240,2024427
D(ABE3),MANIERA,208,272871
DJ SHARPNEL,Pacific Girls,195,2261727
xi,Ascension to Heaven,200,421541
STEREO DIVE FOUNDATION,PEACEKEEPER (TV Size),200,2408250
LiSA,Rally Go Round -TV ver.-,190,303649
Ayane,Arrival of tears,200,9835
Kurahashi Yoeko,Tomodachi no Uta,200,790979
a crowd of rebellion,muzaisya,250,2259728
CHiCO with HoneyWorks meets mafumafu,Bibitto Love (TV Size),155,1922925
Akatsuki Records,KARMANATIONS,192,1283387
Gardens,Counting Breaths feat. eili,222,2524160
Senpi-,The First Part of Touhou EX Boss Rush!!,185,178018
Imy,Countdown,230,2092486
Yooh,LiFE Garden,149,436217
fripSide,only my railgun (TV Size),143,63089
tuki.,Pure Love Ingot,150,2344264
Nekomata L.E.D.Master+,Chrono Diver -PENDULUMs-,196,609806
Neru feat. Kagamine Rin,Tokyo Teddy Bear,204,2478604
FROZEN QUALIA,Aisubeki Hibi e,140,1291579
Soleily,Renatus,182,239048
UNDEAD CORPORATION,The Empress scream off ver,270,315435
Yooh,Enter The Fire,140,1459163
Liella!,START!! True dreams (TV Size),178,2084908
dj TAKA feat.AiMEE,True Blue,164,424743
Leah Kate,Twinkle Twinkle (Sped Up & Cut Ver.),176,2006553
jioyi,Platinum,182,468634
MYUKKE.,ROAD to 773H,220,1581028
The Strokes,The Adults Are Talking,165,1869189
High School Musical 2 Cast,All For One,150,10565
D-D-Dice,Seiga Itten (Tanchiky 'JOURNEY OF MEMORY' Remix),220,2099772
Junk,Full Blue Sky (Cut Ver.),140,2093213
Tokyo Machine,PLAY,128,2429511
Halozy,Don't let you down,135,432653
KK,Hidamari no Uta remake ver.,136,947162
kanone vs. Yooh,Cold Inflation (Extend Mix),175,1678052
penoreri,Vacant Rhapsody,144,2511269
sokoninaru,Tenohira de odoru,215,1088347
YOASOBI,Yuusha,208,2067764
Bring Me The Horizon,Kingslayer (feat. BABYMETAL),185,1952995
THE ORAL CIGARETTES,MIRROR (Cut Ver.),202,1341998
Redside,Sidequest,180,1876071
ginkiha x t+pazolite x Hommarju,CROSSING DELTA,180,1063841
Halozy,Shining / STREAM,155,419244
Demetori,Youyoumu ~ The Woman Who Sold the Moon,185,740641
ZUTOMAYO,Kira Killer (feat. Mori Calliope),142,1939339
umu.,Dareka no Shinzou ni Nareta Nara,145,1098181
QUEENDOM,Ciki Ciki Bam Bam (TV Size),128,1737733
Waterflame,Glorious morning,152,742228
MisomyL,Mukishitsu Sekai ni Irodori o,155,1812783
ZUTOMAYO,Kan Saete Kuyashiiwa,150,1001507
l ACE l,Fuck Her Right in the Pu**y (#Selfie & Freaks Remix),128,328597
Camellia,Embracing intelligences,212,1055424
MisomyL,Desive,230,2269057
Nizikawa,Isuzu no TRACK (speed up ver.),204,699203
Snails & Pegboard Nerds,Deep In The Night,150,513194
Banya,Beethoven Virus (Full ver.),156,16893
LeaF,Evanescent,190,2439440
Camellia,Final-Boss-Chan,161,1726370
Chroma,Made In Love,88,831569
Ludicin,"Fallen Symphony (they's ""Apocalypse"" Bootleg)",250,2524167
Ooguni Kanon,Kouen no Lateral Arc,220,1927752
Supire,Nebula,250,2335426
dark cat,BUBBLE TEA (feat. juu & cinders),160,769917
nayuta,"Nijiiro Kekkai, Gekkyou no Goku",148,751553
Yorushika,Bakudanma,180,1324742
5050,Jungle P (TV Size),145,53272
D-D-Dice,Unsinkable Memory,184,2317300
Fujikawa Chiai,Bakemono to Yobarete,175,1798752
coltrane,"zeke didn't ""invent dariacore"", i did",190,1774517
litmus*,Rush-Hour,224,2130605
Neko Hacker,People People feat. Nanahira,230,1765222
Fujijo Seitokai Shikkou-bu,Best FriendS,163,249939
Freezer feat. Kiichigo,Chocolate Planet,185,734969
Camellia,Kikai No Tsubasa (feat. Kasane Teto),200,2451984
Takanori Nishikawa,Eden through the rough (TV Size),195,1799685
Meu Meu (CV: Igarashi Hiromi),Meumeupettantan!!,185,2441237
Yasuharu Takanashi,Fairy Tail Main Theme,220,13686
feryquitous feat sennzai,Strahv -Encore-,191,497464
Twenty Knives,Crow's Ghost,190,666119
Lime,Replica,178,1253230
Roselia,FIRE BIRD,150,1119368
GRANRODEO,Can Do (TV Size),200,493273
Kazuki Katou,EASY GO (TV Size),168,21894
SMESHARIKI,O.M.S.K. (PHONK),130,2134011
LiSA,EGOiSTiC SHOOTER,202,972451
TUYU,Songs Compilation,175,1790660
LiSA,rapid life syndrome (Cut Ver.),185,2434802
TRUE,Soundscape (TV Size),186,838892
Raphiiel,"Once Forgotten, Nothing Remains",227,2438757
Pedro Silva,CHAOS ASSEMBLY,120,2042202
Sound piercer feat. DAZBEE,Hanatachi ni Kibou o,187,1805943
Ishihara Kaori,Cherish (TV Size),175,1741978
The World Standard,"Mera Nyaizer!!!!! ~Kimi ni, A ge u~",180,1143052
the peggies,Centimeter (TV Size),140,1204419
yanaginagi,over and over,183,735969
SOUND HOLIC feat. Nana Takahashi,"Help me, ERINNNNNN!! - SH Style -",190,507416
Curren,miss you,207,2410227
a crowd of rebellion,Ill,212,2277301
Tenjin Kotone,Darling Dance,153,1270156
gmtn. (witch's slave),furioso melodia,155,280107
DJ YOSHITAKA,VALLIS-NERIA,185,124866
SHK,Identity Part 4,140,39428
DECO*27,Salamander feat. Hatsune Miku,172,1722797
YUC'e,MUDPIE,175,633309
Persefone,Consciousness (Pt.3),135,1706638
piri & tommy,on & on,174,2269519
P*Light,SOUND VOLTEX Track Compilation,186,628076
Redside,Sidequest (Cut Ver.),180,2113834
Inori Minase,Well Wishing Word (Cut Ver.),172,2028126
Noisestorm,Crab Rave,125,891596
Masayoshi Minoshima ft. nomico,Bad Apple!!,138,13177
Camellia,We Could Get More Machinegun Psystyle! (And More Genre Switches),160,1034114
kessoku band,Tsukinami ni Kagayake,187,2199757
G Jones,Time,82,1359603
Senpi,Touhou Last Boss Rush!!,190,703004
Mami Kawada,Contrail ~Kiseki~ (Epsilon Remix),175,617077
FRASER EDWARDS,Ruination,150,1848184
ZAQ,Seven Doors (TV Size),203,1873937
MUZIK SERVANT feat.CHERICa,Over the Starlit sky,175,430151
Suzuki Konomi,Blow out,192,610067
ATEEZ,WONDERLAND (Cut Ver.),130,1918638
WALKUERE,Ikenai Borderline,161,478451
Ryu feat.Mayumi Morinaga,Din Don Dan,140,368331
kors k as teranoid,Bad Maniacs,195,332338
Umeboshi Chazuke vs. Morimori Atsushi,Pico*2 Funkoter*,198,1061110
Chroma,I,225,738673
kessoku band,Ano Band,190,2114819
Dreamcatcher,GOOD NIGHT,196,1760594
Skillet,Hero,142,52361
sakuzyo,Laplace,155,445079
fiend,2DF2,155,2170099
Nanamori-chu * Goraku-bu,Yes! Yuyuyu * Yuruyuri (TV Size),182,1716339
toby fox,Spider Dance (Camellia Remix),210,2385707
Cres,End Time,180,154929
KikuoHana,Nobore! Susume! Takai Tou,142,528821
Vickeblanka,Black Rover,204,913669
M.I.A,Paper Planes,172,6587
Poppin'Party,KIZUNA MUSIC,189,932307
TUYU,Shuuten no Saki ga Aru to Suru naraba.,235,1818626
Kou!,A.O.E::area_of_effect,220,2323413
AleX Tune,Neko Speedcore,270,2248167
USAO,FREEDOM,150,710179
ViViD,HIKARI (TV Size),210,1053509
M2U,Masquerade,128,2357381
Nanahira,Bakuure! Match Uri no Haken Shoujo (Cut Ver.),180,1181237
"Darren Styles, Dougal & Gammer",Party Don't Stop,170,843916
Yamamoto Mineko,Rinne,179,1076218
qfeileadh feat. Noa,Hybris (The one who shattered),158,2076104
DIANA,Beethoven Virus,156,1724615
Avril Lavigne,Girlfriend,164,44674
Ryu*,We're so Happy,185,120838
Jibaku Shounen Band,No.7,190,1907885
Imperial Circus Dead Decadence,Yuuaku no Inori - Anima immortalis est. -,270,2548485
Gram vs. Camellia,Ragnarok,234,999032
Minami,Kawaki wo Ameku,129,1302370
MY FIRST STORY feat. chelly (EGOIST),"1,000,000 TIMES",200,1467805
Alicemetix & Kijibato x wotoha,Conversation Logic,130,2136556
Official HIGE DANdism,Mixed Nuts (TV Size),150,1751696
Risk Junk,quaver,182,2061602
Reol,No title,200,320118
Foreground Eclipse,From Under Cover (Caught Up In A Love Song),200,1492606
Shindehai,ONE-PUNCH MAN FOREVER,190,335864
Shinzato Kouta,HANDS UP! (TV Size),130,89705
Brandy,Cross Time,160,886126
ARForest,Altros,195,877895
Camellia,B L A C K - R A Y,174,1656978
Camellia,Chirality,201,466552
technoplanet,Singularity (Long Ver.),200,2145489
YOASOBI,Idol,166,1974878
Camellia,Electromagnetic Stealth Girl Born In Philadelphia,132,1608630
yuikonnu,Chikyuu Saigo no Kokuhaku o,190,553359
morethanahalf & typeMARS,Kemilau Fana feat. Altair Aquila & Mariela Riona,220,2446942
t+pazolite,QLWA,150,685008
yak_won,Lucid,175,200945
SPYAIR,Imagination (TV Size),204,1967567
Ice vs. Morimori Atsushi,RE:UNION -Duo Blade Against-,202,734357
yuikonnu,Ghost Rule,210,440650
HoneyWorks,Watashi no Tenshi feat. Narumi Sena (CV: Amamiya Sora),168,1137400
Said The Sky,For You (Ft. Melissa Hayes),140,847645
STEAKA,Doping Dance feat. Hatsune Miku,194,2021993
Chino (CV: Minase Inori),Mirai Puzzle,160,1026602
LiSA,Rally Go Round,190,317275
S3RL feat. Nikolett,Silicon XX,175,875743
Adust Rain,Dawn,233,657204
YOASOBI,Idol (TV Size),166,1974438
yanaginagi,Haru Modoki,174,418942
ginkiha,Snowscapes,179,530201
THE ORAL CIGARETTES,Monster Effect (Cut Ver.),186,1353528
ESHIKARA,"Fuwari (feat. MIMI, KAFU, Hatsune Miku)",164,1957349
senya,Mahou ga Umareta Hi,130,579781
Yunomi,Mentai Cosmic,224,436773
Mitsukiyo,Endless Carnival,162,2109975
Imperial Circus Dead Decadence,"Yomi yori Kikoyu, Koukoku no Tou to Honoo no Shoujo.",220,742961
Helblinde,Gateway to Psycho,200,1605766
Dreamcatcher,PIRI,170,1623432
"25-ji, Nightcord de. x KAITO",Heat abnormal,183,2375676
m108,Shinku no Limit,185,1711235
ReeK & Asatsumei,Deity Mode (feat. L4hee),180,2400478
Normal1zer vs. Broken Nerdz,Cybernetic Mastermind No.7,235,2184238
Takebo3 feat. Hatsune Miku,Lolicon de Yokatta~ (Short Ver.),160,2376599
Franchouchou,Atsuku Nare (Cut Ver.),192,2439365
Nanamori-chu * Goraku-bu,Happy Time wa Owaranai (Cut Ver.),190,1437119
plastic feat. Sakito,Hitsugi to Futago (Delay Ver.),172,2466770
TAK,Paran Nunmul Sonnet (feat. Seorryang),130,332621
Yuyoyuppe,Sick feat. Natsuki Karin (Cut Ver.),250,2102784
coda,drive real fast (on fire) (Extended Edit),159.15,1894849
Chino(CV.Minase Inori),Shinsaku no Shiawase wa Kochira!,175,461904
Toromaru,Enigma,198,440024
Amateras Records,Guuzou Distortion,157,1108327
"Ayane (CV: Serizawa Yuu), Kurumi (CV: Ueda Kana)",Ding Dong Holy Night,142,1300920
Rib,Kisaragi Attention,200,1039167
technoplanet,Inscape,200,601607
inabakumori,Relayouter,151,2043744
RetBear (unknown Vo : 10fu),DEAD END in My Brain (TV Size),142,1828486
Roselia,Neo-Aspect,180,789926
KNOWER,The Government Knows,146,1075602
LukHash,8BIT FAIRY TALE,175,847930
Falcom Sound Team jdk,Sword of Swords,216,2084026
wasi,The Price of Dreaming feat. rachie,200,2232941
Blend A,Bon Appetit S (TV Size),152,690240
Hana,Sakura no Uta,180,1648596
Hito Ookami,Decisive Battle! Ho-Oh!,180,24875
Camellia,S.A.T.E.L.L.I.T.E.,150,2523700
Umeboshi Chazuke,ploof.,201,2089500
Ueda Reina,Literature (TV Size),118,1274961
Uesaka Sumire,EASY LOVE (TV Size),188,1429914
Kikuo,Searching for your love,145,1875344
xi,APOCALYPSE RAY,212,2041478
Five Hammer,fffff op.2,266,1452883
Kozato,Tsuki -Yue-,150,248504
ZUTOMAYO,Truth in Lies,150,2192355
Kou!,High Speed Particle Collider-beam Accelerator,216,2267659
Gang of Youths,Achilles Come Down,180,1872280
Seibin,Oriental Shade,160,427284
AliA,AliVe,170,2066329
MAN WITH A MISSION x milet,Kizuna no Kiseki (TV Size),170,1974897
C-Show,On the FM,200,531090
Abel & RiraN,Cotton Candy,180,1983524
ReeK & Asatsumei,Deity Mode (feat. L4hee),180,2310796
Satori-san,Hari no Sora,126,315793
Ayano Mashiro,ideal white (TV size),180,224498
saradisk,083 - nekomimi,200,1329723
Tamura Yukari,Fantastic future (TV Size),172,91301
LeaF,Doppelganger,280,407153
Yuaru,Streaming Heart,210,1674865
DJ GYROTTA ZAO,ZETRAKORE XAOS DA JUMPING GARGOYLZ,145,2093950
K-san,Akariakariakariakariakariakariakariakari \Akkari~n/,126,2223535
Morimori Atsushi,Paradigm Shift,145,432589
SawanoHiroyuki[nZk]:mizuki,aLIEz,99,211516
KOTOKO,Art as <3,208,1399810
Rat Boy & IBDY,WHO'S READY FOR TOMORROW,138,2107583
Watashi (CV: Yuuki Aoi),Ganbare! Kumoko-san no Thema (TV Size),190,1398110
Suzuki Konomi,Zenbu Kimi ga Ita kara Shittanda,185,860104
RURUTIA,Phronesis,180,1052074
Camellia,POWA OF DA WILDANES,300,1098578
Zmey Gorynich,Sorochinskaya Yarmarka,220,1899136
A-One feat. Shihori,Magic Girl !!,156,2534821
LiSA,Gurenge (TV Size),135,1442901
IOSYS,Miracle Hinacle,160,807527
Kyutatsuki,Dimension Wars,300,2097269
m-taku,Komorebi (Rough Mix),103,2478382
Tritonal & Cash Cash,Untouchable (Sacrofiz Remix),128,491608
toby fox,Heartache,119.5,1277549
Otokaze,amamichi,95,126508
seatrus,Melty Lover,173,2017987
xi,Angel's Ladder,155,1723681
linear ring,enchanted love,190,1403832
Nunununununununununununununununu,Mimukauwa Nice Try,126,2296404
Marmalade butcher,CuttingEdgeInsaneArtifact,190,2529922
Camellia feat. Nanahira,Kizuitara Shunkashuutou,256,2134686
Ganaha Hibiki (CV: Numakura Manami),Next Life,147,2290150
a crowd of rebellion,Ill,212,2285764
Camellia & DJ Genki,Feelin Sky,174,524256
TWICE,CHEER UP,173,456547
fourfolium,STEP by STEP UP,175,639906
MIMI feat. wanko,Minimum,202,1859134
BABYMETAL,Road of Resistance,205,1488069
sasakure.UK,Hisekai Harmonize feat. Kagamine Rin,220,934960
Laur,Laur-chan Taisou Daiichi,120,2134496
Nanawo Akari,Kanzen Houki Sengen,190,1265338
Camellia,PSYCHO+HEROES,210.5,1855737
Tanger,BIKE,105,2134460
Tsukasa Kaminose,ruin of opals (Full Ver.),175,2289293
HujuniseikouyuuP,Talent Shredder,280,47710
AUTUMN+GHOST feat. Akira Complex,PURE FURY,215,2020285
aran,Skyriser feat. Kanae Asaba,174,2445122
Kurokotei,#include <signal.h>,185,965816
Camellia,Routing,144,663255
Kanemoto Hisako & Iwami Manaka & Ookubo Rumi,GAMERS! (TV Size),186,978702
Nijisanji,Virtual to LIVE,156,1024346
Kano,Dear Brave,188,372359
MIOYAMAZAKI,Negaigoto,200,2281895
Camellia feat. Camellia,Achromatic City -Lost Palette-,166,1945566
Hatsune Miku,ARiA,175.16,30512
nao,Toaru Shoukoku no Ohimesama ga... (Game Ver.),218,2215741
xi,Mirage Garden,156,1280470
Waterflame,Electroman Adventures,170,2217638
BACK-ON,STRIKE BACK,180,563527
Hino Isuka,ULTRA MEGA HAPPY PARTY!!!,205,2456838
MIDy,CarCrash'n'Siren (Gekijou Ver.),200,2478474
Poppin'Party x Tokino Sora,Ano Yume o Nazotte,180,2199111
CHANMINA,TEST ME (TV Size),130,2500155
HHHxMMxST,Follow Tomorrow,140,553860
Suzuki Konomi,My Days,200,939960
uma,masaka IN Nightmare!,170,314071
THE ORAL CIGARETTES,Shala La (Cut Ver.),192,1350901
LiSA,crossing field,179,68500
Helblinde,Heaven's Fall,200,507745
WEAVER,S.O.S.,117,647137
THE ORAL CIGARETTES,Kyouran Hey Kids!!,142,962050
TrySail,Cobalt TV Size,170,337250
Haywyre,Insight,140,2423510
Croove,Minus 2,157.05,566381
Linked Horizon,Guren no Yumiya (TV Size ver.),180.68,243364
Aiurabu,Kani*Do-Luck! (TV Size),210,894883
Primary,in the Garden,224,629217
wa. vs. ETIA.,Akasagarbha,192,2040593
Reku Mochizuki,Falseimager,175,1398967
Yuu,U.N. Owen was Her?,157,7104
Michiru Kagemori (CV: Morohoshi Sumire),Ready to (Mokelmbe Bootleg),145,1245436
"Ayumi Sara, Matsuoka Yuuri, Aimai Moko",Hana Arashi,180,2480686
BrokeN,Kyouran Hey Kids!!,142,1135450
KINEMA106,N.M.W,140,1621874
Laur,Sound Chimera,190,1227519
M4 SOPMOD II (CV: Tamura Yukari),add ME,175,2333334
Xyris,Eviternity,250,1961513
LiSA,Rising Hope -TV ver.-,190,224058
THE ORAL CIGARETTES,Deai Machi (Cut Ver.),192,1687454
Kou!,Quantielectromolecularifeline Tunnelling,216,2198166
Camellia,Flamewall,300,1270879
inabakumori,SATURDAY SUNSET,190,2333957
Kou!,Frost Walker,220,2505403
KOTOKO,WING OF ZERO,143,117791
callasoiled,4172756869 (isagen remix) (Cut Ver.),130,1334074
inabakumori,Lagtrain (HowToPlayLN's 5/4 Swing Rearrangement) (Short Ver.),220,1701849
Vospi,Reverence,172,456709
REDALiCE vs. MASAKI,BUCHiGiRE Berserker,200,1324149
Cinamoro,Another,180,1910036
Umeboshi Chazuke,Run*2 Run To You!!,213,1506614
Nishimori Yusa(CV.Uchida Maaya),Rakuen made,152,341573
"takehirotei as ""Infinite Limit""",I.R.I.S,230,2027242
Ryu* vs. L.E.D.-G,PARADISE LOST,200,553390
ReoNa,Believer,193,1581056
witch's slave,artefatto vita,175,1726526
LiSA,rapid life syndrome,185,318102
Creepy Nuts,Otonoke (TV Size),170,2259234
Franz Liszt,La Campanella,100,14016
DECO*27,Ghost Rule,210,413117
Shirakami Fubuki,Senkou no Youni,206,2322733
yama,Mahi (TV Size),200,1348478
MisoilePunch -Forever-,Bloomin',234,2172905
KOTOKO,unfinished (TV Size),146,102519
fripSide,dual existence (TV Size),171,1225280
Hatsuki Yura,Le Bijoux,194,1417233
meiyo,Nani Yatte mo Umaku Ikanai (feat. asmi),125,1789372
Various Artists,Songs Compilation,180,736560
inabakumori,Lagtrain,147,1720379
ALEX TERRIBLE,Last Christmas,106.75,2105510
Gekikara Mania,Deublithick,228,725078
ONE OK ROCK,NO SCARED,185,69779
DJ Genki feat. Aitsuki Nakuru,"1,2,3 no LOVE Sign",180,2498155
MAXIMUM THE HORMONE,"What's up, people?! (TV Size)",161.05,1944345
SPAS-12 (CV: Kobori Miyuki),Sweet <3 Guardian,196,2173713
YOASOBI,Kaibutsu,170,1430064
MGMT,Little Dark Age,97.5,992322
Hasegawa Daisuke,Uragirimono no Requiem (TV Size),168,940726
dark cat,UNDERWATER POOL (Cut Ver.),171,2139927
Suzuki Konomi,Redo,190,2305269
Serenity,Lionheart,180,1390922
xi,World Fragments,180,486590
kors k,smooooch,177,81109
Powerwolf,Higher Than Heaven,154,2319352
P*Light,SAtAN,300,1358905
Ludicin,Fallen Symphony,250,2114750
S3RL,I Will Pick You Up (feat. Tamika),175,2066956
Yasuo feat. Hatsune Miku,Electric Angel (Theo Gobensen Remix),150,2456528
Humanoid,MENDES,168,21928
Taylor Swift,Red,125,113946
La priere,Chronologue,172,2320053
GaMetal & Friends,The Pepsiman Pepsi Jam,168,1386044
YOASOBI,Yuusha (TV Size),208,2066673
Sound piercer feat. DAZBEE,Hanatachi ni Kibou o (2020 Remaster),187,2395406
Ave Mujica,KiLLKiSS (TV Size),200,2344107
IAHN,Parasite (Original Mix),126,1461264
leroy,...during pride month?,193,1720775
Caramella Girls,Caramelldancing Christmas,164.2,2476427
MisoilePunch ~Takenoko Soe~,Staring at star,250,920688
Yooh,Tribal Trial,165,965664
Waterflame,Electroman Adventures,170,404318
Chroma x Lon,Wakaranai,200,1568720
NayutalieN,Alien Alien (feat. Hatsune Miku),152,1647839
LamazeP,Ai no Uta feat. Hatsune Miku,180,1898825
Toby Fox,Rude Buster,140,881601
Kizuna AI (Prod. Yunomi),Sky High (Mtell Hardcore Bootleg),170,1202006
Yu_Asahina,The Clown of 24stairs,204,1588699
Plum,Maelstrom,195,1728013
senya,Kegarenaki Euphoria (Cut Ver.),160,1112025
Yunomi [feat. nicamoq],Robotic Girl (Srav3R Remix),170,1592860
Houshou Marine,Ahoy!! Warera Houshou Kaizokudan*,170,1229122
BURNOUT SYNDROMES,PHOENIX (TV Size),137,1092306
Wayne Lytle,Pipe Dream,148,9850
Fractal Dreamers,Defiance,200,1665428
Nonono Nono,unravel,135,2396624
HO-KAGO TEA TIME,Kira Kira Days,200,444335
Koike Joanna,BEAUTIFUL WORLD,180,358334
Ibuki Kido & Erii Yamazaki,pupa (TV Size),240,2034520
TK from Ling tosite sigure,unravel (TV edit),135,206887
"Hello, Happy World!",Silhouette,183,762466
Chroma,"Destroy, Destroy, Destroy The Happy End (Cut Ver.)",218,1160351
CHiCO with HoneyWorks,Kessen Spirit,188,1118112
Sasaki Sayaka,Koi Saku Mirai,168,160570
ReoNa,ANIMA (TV Size),193,1220489
eyemedia,Bloody Purity,155,79989
Junk,Aihana,140,2023412
Mitsuyoshi Takenobu no Ani,Amphisbaena,185,524841
owl*tree feat. chi*tree,Valsqotch,125,1563853
Creo,Exoplanet (Cut Ver.),140,1912509
Manel Navola,Poisonous Chasm,138,2069912
SELEN,Reverse World,185,464856
Mestre3224,Caramelo da desgraca,250,1926366
Hino Isuka,Dreamin' attraction!!,205,2081438
Venetian Snares,WINNIPEG IS FUCKING OVER,245,911975
Deuce,Senretsu no ryu,155,125464
SOOOO,Happppy song,226,744593
Kyotsugyon,SUPERNOVA,252,2320109
Zekk,Fallen,170,1166091
Jack Black,Steve's Lava Chicken (Camellia Remix),210,2362621
Discord Registers,Kiri Kakaru Meiya ~Foggy Night~,180,1896626
ShinRa-Bansho,lunatic love baby you,163,2149438
bbn,Identic Conflict,178,241328
DJ SHARPNEL,Touch the angel,175.35,1936017
Cherry Poppadom Netorare Massacre,CMD+STYLE+C,195,1817231
Origami Angel,Dr. Fondoom,175,2193529
LEAF XCEED Music Division,Fur Elise,185,23916
Dragon Guardian,Tsuioku no Kuroki Makenshi,190,1330886
"25-ji, Nightcord de. x Kagamine Rin",D/N/A,150,2342166
Morimori Atsushi,Funkotsu Saishin Casino,198,811431
fether,"PF Concerto No.1 ""Anti-Ares"" (Nandemo Suikomu Pink-Iro no Tame no)",190,2082175
Murasaki Shion,KING,166,1325554
Suzuki Konomi,Redo,190,437055
Suzuki Konomi,Realize,206,2412369
svnth,oh so u stole my pencil?? ...yeah imma get that back in blood,200,2140022
Poppin'Party,STAR BEAT!~Hoshi no Kodou~,195,592526
enzo + O2i3,Mentanpindoradora,185,614438
Ardolf,BLACK MAGIC,180,2323003
Aqua Timez,Alones,95.17,7634
fourfolium,Hosshii no!,190,1075954
Frums,We Want To Run,243,1114402
SOUND HOLIC,Airman ga Taosenai (SOUND HOLIC Ver.),175,829145
HIMEHINA,BRING IT ON,160,2523928
hololive IDOL PROJECT,SHIJOSHUGI ADTRUCK,160,1697475
Grant,Starship,160,609900
Apol,Hidamari no Uta,136,931596
DJ S3RL,T-T-Techno (feat. Jesskah),175,83560
Ludicin,Lost Requiem,200,2327411
UNDEAD CORPORATION,Flowering Night Fever,290,393663
Sanxion7,EternuS,140,1600318
A?,Arrogation,175,2277779
leroy,will work for food,155,1667401
Ji Zhou,Theresa's teriteri Circulation,144,473858
Ayase Rie,Hijitsuzaikei Joshitachi wa Dou Surya Ii Desu ka? (Game Ver.),158,2460402
Ponchi feat. haxchi,Nyanderful <3 Summer!!,215,2180235
KASAI HARCORES,Cycle Hit,175,636839
TRUE,Storyteller (TV Size),192,1375335
DragonForce,Through The Fire And Flames,200,20237
saradisk,220 - Kumano,200,562394
CHANMINA,TEST ME (TV Size),130,2500063
THE ORAL CIGARETTES,Flower,192,1944822
fiend,Morrissey,170,1358575
"takehirotei as ""Infinite Limit""",C://YOU NEX-TIME,211,2555395
SHK,Halloween Party,155,1682134
kors k,Playing With Fire (Sota Fujimori Remix),162,484214
YUC'e x Snail's House,Cosmic Air Ride,165,1830144
Aoi Eir,IGNITE (TV size ver.),171,190954
ginkiha,EOS -INFINITE EDIT-,175,255431
"Cartoon, Jeja",Howling (feat. Asena) (Andromedik Remix),174,2135207
Yuuyu,Scrap Syndrome (Cut Ver.),200,1378602
69 de 74,Overdrive Power,186,2402211
Yokomin,Proof -Album ver-,138,465705
Cansol,Once Again (VIP),230,2215608
Nogizaka46,Yubi Bouenkyou~Anime Ban~,180,70589
Kagura Mea,Yoru ni Kakeru,130,1334937
Asaka,Seize The Day (TV Size),122,1345161
natori,Propose,176,2418526
Rish feat. Choko,Bi (veeeeeeeever),169,1757947
Jin ft. MARiA from GARNiDELiA,daze (short ver.),198,187538
YOSHIKI feat. HYDE,Red Swan (TV Size),132,829207
Frums,XNOR XNOR XNOR,243,1245249
Juggernaut.,refluxio,212,1751887
Kobaryo,Speed Complexxx [feat. Srezcat],128,1338046
D-D-Dice vs. siromaru,Catch the Glory,210,1974927
"Skrillex, Fred again.. & Flowdan",Rumble (sarochi Flip),175,2123290
Dachs,MOBILYS,144,2073978
-45,Midorigo Queen Bee,153,812792
Team Grimoire vs. Laur,Grievous Lady -nothing is but what is not-,210,1242120
Poppin'Party,Cherry Bomb,190,1359424
Wolpis Kater,Oxalis,252,1926740
Pinky Pop Hepburn,Yuushou,185,1853900
HISATOMI,lullaby (feat. KIRA) (uet Remix),200,1976750
angela,ANGEL,184,180632
Chimame-tai,Nakayoshi! Maru! Nakayoshi! (Kirara Magic Bootleg Remix),125,1377568
Yorushika,"Hachigatsu, Bou, Tsukiakari",220,1965867
Getty vs. DJ DiA,Grayed Out -Antifront-,190,2299375
mona (CV: Natsukawa Shiina),#Chouzetsu Kawaii,185,2011701
Anamanaguchi,Miku (Cut Ver.),128,2319885
Adust Rain,Misery Song,205,1962820
Juggernaut.,Distorted Heavens,200,1914648
Mikakuning!,Tomadoi*Recipe,170,200176
Mirage,Novyy geroy (Cut Ver.),147.35,2154370
Minato Aqua,"Mada, Aoi",185,1826609
EMILIA (CV: Rie Takahashi),Stay Alive,140,480963
ikaruga_nex vs. Kagetora.,Grabinschrift der Goetter,200,2483755
ZAQ,Minor Piece,146,2147857
Rin,Eientewi set 08 A ~ Maiden's Capriccio,138,1037725
Hommarju,Sahara,145,855816
Weezer,We Wish You a Merry Christmas (Nightcore Mix),176.42,2235435
BilliumMoto,1xMISS,211,989512
Maozon,Equilibrium,180,1182015
Ice,L0 -the conclusion-,156,2458513
Wataten*5,Kimama na Tenshitachi (kanemiko's stupid bootleg),252,2018784
Akiri X HowToPlayLN,Kuroi Hanabira,240,1996162
Feryquitous feat. Aitsuki Nakuru,Fake,210,1146723
Nanahira,Chikatto Chika Chika,178,942642
Normal1zer vs. Broken Nerdz,"DESTRUCTION 3,2,1",321.32,2464092
mustie=DC,Merry Snowy Fantasy feat. Hanon,168,2107018
69 de 74,DESPERATE DEATHPARADE,225,2008260
xi,White Peak,191,1745201
Dj Kazantip,Drum & Bass (CS:S Edit),177,2275590
Karetus,Full Flavor,128,974058
kessoku band,Hikari no Naka e,191,2008098
RichaadEB feat. Cristina Vee,BAD APPLE!!,138,751222
Wotamin,Gigantic O.T.N,190,80214
Chata,Winter Bells,180,696064
SHIKI,Pure Ruby,178,1310705
Gardens feat. xia,Reverie,172,2469381
DemonicNobility,~Always~,150,1921544
Nico Nico Douga,VS Misaka Mikototo,150,12663
HoneyWorks feat. Minato Aqua,Heroine wa Heikin Ika.,200,2011740
TWICE,Feel Special,129,1041786
TRUE,Hiryuu no Kishi,148,734191
Luschka,sheltered and abandoned,150,1236025
seleP,Cecilie,130,1518371
spellcasting,heaven in autumn,85,2054980
Houshou Marine,A Horny Money World ~legendary night~,145,2371965
Silentroom vs. Frums,"Aegleseeker (""Afterworld"" Full Version)",234,1868798
Hiiragi Magnetite,Tetoris,170,2299422
Nightmare,Dream to Nightmare,178,527728
Camellia,Kikai No Tsubasa (feat. Kasane Teto),200,2425533
Halozy,143 (extended mix),140,649976
Kushi,Yuumeikyou o Wakatsu Koto,151,440423
Wire,Brazil,213.25,1825240
Mutato Muzika,Pirates And Waverunners,164.5,19847
Warak,REANIMATE,174,411866
penoreri,Sailing Force,159,1985368
HOYO-MiX,Termination of Desires,72,1585145
Dimension & Arctic Moon & Zedd feat. Foxes,Queensland's Clarity (Arctic Moon Mashup),140,485725
TWICE,FANCY,132,1372098
irucaice feat. Choko,Rainbow Rush Story,200,1852868
Ni-Sokkususu,Blade Dance,187,745312
cillia,Melt,170,1595170
REDALiCE,Haachama Haachamatchama,170,1202913
Ice,Etude for the Sinners,200,2460253
defsharp,common courtesy,83.5,1683483
BilliumMoto,Four Veiled Stars,187,1008419
The Idol Formerly Known As LADYBABY,Pinky! Pinky!,196,1879587
DJ Myosuke & Noizenecio,Architecture,300,1022162
RAISE A SUILEN,HELL! or HELL?,197,1643126
Taishi,Unterhimmel,160,1378280
polysha,Keigan no Zettaireido,175,677755
Jonas Blue,Mama ft. William Singe,104,639660
Camellia vs. Akira Complex,Reality Distortion,200,2036440
Junichi Masuda,Tokiwa e no Michi - Masara yori,125.72,2499207
Kyary Pamyu Pamyu,Furisodation,200,1049418
Leo/need x Kagamine Rin,Voices,190,2001229
Sota Fujimori,Transport,147,652131
Machico,Growing Up (TV Size),190,2171494
Camellia feat. Nanahira,Touhiron,244,2375712
DJ SHARPNEL,Aim Burst,191,2416336
Bluemchen,Herz an Herz (Cut Ver.),180.4,1763882
Ayase Rie,Yuima-ru * World (TV Size),180,2220738
"25-Ji, Nightcord de. x Kagamine Len",Bug,186,1788765
Kobaryo feat. HiTNEX-X,SUPER REACTOR,152,1270762
Akiri,Symphony Of The Lost Souls,200,2489291
Hata Motohiro,Toumei Datta Sekai,168,520772
Marcioz,Mate Um Bonito Hoje Mesmo!,207.45,2085751
DETRO,volcanic,191,765056
TaKo,Halo,200,2133908
Sound piercer & ginkiha (feat. Yuzuha & NeLiME),MI:LIGHT CONNECT,178,2346444
Roselia,This game,147,749557
nekomirin,NO NIGHT MORE SOUL!,165,812546
"Camellia as ""fluX Xroise""",Xronier,234,1480868
MAXIMUM THE HORMONE,HAWATARI NIOKU CENTI (TV Size),150,1873157
Aqours,Yume Kataru yori Yume Utaou (TV Size),159,1159906
Dreamcatcher,GOOD NIGHT,196,603905
Ashrount vs. D-D-Dice,"Lament Rain (""Forlorn"" Long Ver.)",200,2460238
TUYU,Doro no Bunzai de Watashi dake no Taisetsu o Ubaou da nante,225,1242820
Ryokuoushoku Shakai,want,176,1967317
TaKo,Everything is blue,180,2212214
Kobaryo,Endless Adventure,232,1342855
tarolabo feat. Komiya Mao,Rojou no Girizin -Shou+rt Mix-,155,1248704
Masayoshi Minoshima feat. nomico,Bad Apple!!,138,18260
Shadren,Lolisquad,174,1998687
MY FIRST STORY,Fukagyaku Replace,200,2034454
Imperial Circus Dead Decadence,Yuuaku no Inori - Anima immortalis est. -,270,2475379
NicoNicoDouga,Cirno de Gozaimasu!,124.02,3367
"Hondo Kaede, Tomita Miyu, Naganawa Maria, Seto Asami, Asai Ayaka",Dai Dai Dai Dai Daisuki na Kimi e <3 (TV Size),192,2084559
LV.4,Burning Star,175,2109114
ARForest,Metheus,195,1123154
Miki Sayaka vs. Miki Sayaka (fw. Miki Sayaka),squartatrice,180,540175
BlackYooh vs. siromaru,"Infinite Strife,",198,1804062
DECO*27,Nisoku Hokou (Reloaded) feat. Hatsune Miku,180,2144426
Kazuma Kiryu (CV: Takaya Kuroda),Baka Mitai (Cut Ver.),148,2051835
seatrus,O,190,2027374
yuikonnu,AOI-IRO STEP,190,274645
BlackY,XENOViA,208,1702342
Iwakura,tell me i'm dreaming,170,2062486
Ryu*,Seventh Heaven,149,755579
dj TAKA,snow storm,145,151033
KISIDA KYODAN & THE AKEBOSI ROCKETS,Tenkyou no Alderamin -TV-size,197,501877
Yi Zhi Bai Yang,Ci Wo (DJ Xi You Ver.),130,2240334
Sakuragi Miria & PSYQUI,Highly Sensitive Heart,158,2463828
Various Artists,Honnou Speed (Game Ver.),159,1411085
t+pazolite,NEKOCHANG,175,2121522
HO-KAGO TEA TIME,Tenshi ni Fureta yo! (Asterisk DnB Remix),175,881769
takehirotei,Unwelcome School x Sua Deng O Dok Zua (Extended),180,2021360
XX:me,Torikago,155,765451
Sharlo,anesthesia,153,1557682
Pastel*Palettes,Shuwarin*Drea~ming,176,785222
Poppin'Party,Yume o Uchinuku Shunkan ni!,203,1861820
SUICIDE SILENCE,You Only Live Once,120,1671473
Imy feat. Aitsuki Nakuru,Zanshou no Resonance,175,2534986
Ouse Akira,Loving on stage!!! (Short Ver.),142,2024914
Toby Fox,THE WORLD REVOLVING,190,874450
EARPHONES,Arakajime Ushinawareta Bokura no Ballad,198,2148385
CHiCO with HoneyWorks,Nostalgic Rainfall (TV Size),165,767264
AAAA,Hoshi o Kakeru Adventure ~ we are forever friends! ~ [Long ver.],224,653414
Duoscience,Indifferences,174,722662
Roselia,Ringing Bloom,195,1015663
sakuzyo,Rainbow Night Sky Highway,174,699171
THE ORAL CIGARETTES,Amy,182,785544
Iced Blade,Sora no Senritsu -the melody of the cosmos- feat.lily-an (OP Cut),186,437171
PENGUIN RESEARCH,Fire and Fear (TV Size),195,2568765
SOUND HOLIC feat. YURiCa/Hanatan,VANISHING DREAM,142,1721052
Aitsuki Nakuru,Monochrome Butterfly,175,770300
ETIA.,9TH5IN,222,1127597
Bossfight,Milky Ways,183,1818929
mona (CV: Natsukawa Shiina) feat. HoneyWorks,Onii-chan Etiquette,200,2506807
MY FIRST STORY,KING & ASHLEY (TV Size),215,2399655
Petit Rabbit's,Tenkuu Cafeteria (Rabbit House Bootleg Remix),185,1278929
REDALiCE,Pekorap Tropical House Remix,110,2337474
Kobaryo,"Invisible Frenzy (Camellia's ""593: Insanely Fluctuated"" Remix)",296.5,1918684
rejection,Aimai Attitude (feat. Nakamura Sanso),200,2344912
CORO MACHIKADO,YOIMACHI CANTARE (TV Size),171,1950674
Ohara Yuiko,Iwanai kedo ne. (TV Size),115,718691
Camellia,In Black & White,150,1020196
MIMI,Science (feat. Kasane Teto SV),188,2562340
CHiCO with HoneyWorks,color,180,373114
Tatsh,Xevel,185,1174491
YOASOBI,Yoru ni Kakeru,130,1374931
Nardis,Cosmo Memory,175,533678
lapix,Duality Rave (Zekk's 'FULL SPEC' Remix),160,859797
FARIS ADAM,STECU STECU,103,2387847
solfa feat. Ceui,Koiiro Recipe,153,981822
"25-ji, Nightcord de. x KAITO",Heat abnormal,183,2347454
Nizikawa,F.K.S.,185,235927
Wooden,tau,155,2441425
IOSYS,Marisa Tanked My Score With an Incredible Hand,170,23987
tezuka,Yukianesa,210,1750944
Gram,Nibelungen,222,1858535
dj TAKA meets DJ YOSHITAKA,Elemental Creation,212,145573
Hanatan,Kitsune no Yomeiri,175,46070
D_AAN,Another Me,210,1662281
GARNiDELiA,Kyouki Ranbu,150,922641
Triad Primus,Trancing Pulse,143,1276188
kessoku band,Distortion!!,176,2216356
MisoilePunch,Memoria,236,1360267
Omoi,Teo,185,721804
TERRASPEX,AMAZING BREAK,153,1172666
Turbo,PADORU / PADORU,190,1317113
Ganso Boys Danshi Boys,X-TREME 6,200,1202890
Sakuzyo,Distorted Fate,150,2325154
Prico,Doko made mo Tsuzuku Kono Michi o (nenpulse bootleg remix),174,1574211
Puru,Filament,170,1071184
AliA,Kakurenbo,180,1158561
Gardens,Rafflesia,210,1997929
Oratorio The World God Only Knows,God only knows -Secrets of the Goddess-,160,108296
Umeboshi Chazuke,Owari to Hajimari no Oto,201,790045
Yuuna Sasara feat. Tai no Kobone,Imperishable Night 2006,161,92190
Getty vs. DJ DiA,DropZ-Line-,200,701369
dj-B,MirroR,135,1671792
Alkome,Innocent,210,1275180
Camellia,SECRET BOSS,220,2254202
yuikonnu,"Kono Fuzaketa Subarashiki Sekai wa, Boku no Tame ni Aru",152,1297930
Camellia,We Could Get More Machinegun Psystyle! (And More Genre Switches),160,2399709
kessoku band,Seishun Complex (TV Size),190,1894317
Various Artists,Umapyoi Densetsu,170,2421919
MyGO!!!!!,Utakotoba,190,2199114
DOUBLE HELIX,Our Faith (Faithful MTL Remix),185,354454
vivid undress,HAYARU YOROHIYA,147,1829285
Murasaki Hotaru,Re:TrymenT,190,642457
IAHN,Transform (Original Mix),174,1665269
Laur,Viyella's Destiny,180,2140655
ETIA.,Singularity,175,1154702
Lia,"My Soul, Your Beats! (TV Size)",145,136986
Minase Inori,Lucky Clover,177,924800
Doma Umaru [CV.Tanaka Aimi],Kakushinteki*Metamaruphose!,278,332623
Unlucky Morpheus x UNDEAD CORPORATION,Jealousy Inst ver,195,1894970
Armin van Buuren,Turn It Up,138,1276059
Sewerslvt,Kawaii Razor Blades (feat. yandere) (Cut Ver.),170,1520686
Fujijo Seitokai Shikkou-bu,Best FriendS,163,748836
Cranky,Danger & Danger,150,279063
Ludicin,Lost Requiem,200,2325151
xi vs. Kaneko Chiharu,Op.I <fear-TITAN->,212,1713675
A.SAKA,Nanatsu Issenzakura,172,2363447
Phineas and the Ferb-Tones,Gitchee Gitchee Goo (Extended),163.05,27246
Usagi_,Your Enchanted Smiles,192,2311045
SPYAIR,I'M A BELIEVER,194,363579
Chata,Winter Bells (Short Ver.),180,2268603
halca,Darekare Scramble (TV Size),150,1803693
CHiCO,Ace (TV Size),194,2080356
Sakamiya,Rebellious exorcist,188,1794101
DJ'TEKINA//SOMETHING,Internet bitch P*Light Remix,175,942796
itaojirou,Tze-Chiang Hao,192,2388987
Poppin'Party,Blue Bird,152,1570188
Chino (CV: Minase Inori),Shinsaku no Shiawase wa Kochira! (Cut Ver.),175,773502
ClariS,Anemone,140,955753
ITO KASHITARO,Shiwa,185,771114
LBDJS,Tari Ubur Ubur (Hendro Engkeng Remix) (Cut Ver.),130,1285848
xi,ANiMA,183.5,1549179
YOASOBI,Ano Yume o Nazotte,180,1227003
Aimer,Zankyo Sanka (TV Size),171,1713396
lapix,Debug Dance,151,688459
Primary,Perfect Lie,180,572856
Mono.,ST4RDUST * XABER,215,1658451
Poppin'Party,Cherry Bomb,190,971051
USAO,Try again (Game Ver.),170,1143855
Getty vs. DJ DiA,Fox4-Raize-,200,434405
"Karen, Koharu Meu, Harukawa Akari",Jounetsu Utopia,160,591748
Ohara Yuiko,Zero Centimeters (TV Size),154,1000722
Kry.exe,Rift Walker,200,2434670
AiNA THE END,On The Way (TV Size),186,2397155
"Jessie J, Ariana Grande, Nicki Minaj",Bang Bang,150,436523
Nakamura Eriko #1,Ego Ego Atakushi,170,2020475
Disturbed,Decadence,183.92,1994915
KANA-BOON,Silhouette,183,310793
Ogura Yui,Baby Sweet Berry Love (Tsukiko chan Maji kawa-E Remix),175,316659
sokoninaru,Lament moment,225,1747020
Guilty Kiss,Strawberry Trapper,195,528799
ZAQ,Caste Room,156,1340038
Vivlos (CV: Itou Ayasa),Marine Blue Magic <3,172,2432285
Dark PHOENiX,Taketori Hishou,192,606334
nayuta,Neoki Yashinoki,160,2038365
Tanaka Hirokazu,C-TYPE,149.3,757146
Akiri,Evolutionary Anima,173,2314344
D-D-Dice,BLACKOUT,213,2504403
NOMA,PEPSI * MAN,180,879193
uselet,reasons,200,2397851
HOYO-MiX,A Dramatic Irony,165,2042813
Lindsey Stirling,Senbonzakura,154,277421
Kry.exe feat. Ice,Last Wish,240,1964175
Roselia x Ran Mitake (CV: Sakura Ayane),Kakumei Dualism (Game Ver.),205,2316429
Apollo,SCUNTHORPE,245,1885413
Parry Gripp,Guinea Pig Olympics,160,2095262
Foreground Eclipse,From Under Cover (Caught Up In A Love Song),200,462386
Utsu-P,Corona,155,1001722
"Hidenori Maezawa, Kiyohiro Sada",Jungle Battle (Main BGM),150.24,2304643
TOGENASHI TOGEARI,Bleeding Hearts,200,2196885
Sati Akura,Chikatto Chika Chika,178,1038445
Feryquitous feat. Aitsuki Nakuru,Kairikou,205,2477820
Sakamata Chloe,Jinsei Reset Button Pochi,134,2141261
Radiohead,Creep,92,2416159
MisomyL,Desive,230,2359058
DJ Raisei feat. noeric,Submerged City,192,2522417
Acrnym,Knife,200,809495
MitiS & MaHi,Blu (Speed Up Ver.),167.56,261911
sakuzyo,Scattered Rose,180,294740
Ayane,FaV (Short Version),190,468778
System of a Down,Vicinity of Obscenity,230,13768
Origami Angel,666 Flags,215,1794518
yuri,Suki,180,2394604
Mili,RTRT,132,2486763
KARNAMEREKA,MISSIN YOU,160,1506339
Camellia,FINAL BLENDERMAN APPEARED. (feat. RichaadEB),230,2019520
Zekk,Feelsleft0ut,170,1145368
Tamura Yukari,Fantastic future (TV Size),172,100501
Tsukuyomi,Mayday,172,2527391
Falcom Sound Team jdk feat. Kotera Kanako,Senkou no Yukue -Opening size-,175,2007857
cYsmix,Tear Rain feat. Emmy,128,1921061
Doma Umaru (CV: Tanaka Aimi),Nimensei*Uraomote Life! (TV Size),170,1275911
N_dog,Cyclic Universe Theory,220,2298998
Utsu-P feat. Hatsune Miku & Kagamine Rin & GUMI,Kanbanmusume no Warufuzake,150,1876182
"Kirisaki Chitoge (CV: Touyama Nao), Onodera Kosaki (CV: Hanazawa Kana)",Taisetsu no Tsukurikata (Asterisk Remix),175,925343
KORDHELL,MURDER PLOT,140,2039455
Petit Rabbit's,Tenkuu Cafeteria (TV Size),154,1229067
DJ Raisei,Fractured Heaven,310,2241070
Official HIGE DANdism,Pretender,92,1662735
Camellia,Luin of Celtchar,153,1845998
Lily,Scarlet Rose,320,41686
Mastermind(xi+nora2r),Dreadnought,192,555681
LM.C.,88 (TV Size),175,14084
PSYQUI,Hype feat. Such,172,2323158
uselet,"n'aie crainte, a present tout est fini",150,1667457
Avenged Sevenfold,Blinded in Chains,192,2030573
TWICE,YES or YES,138,888676
Halozy,Brilliant Colors,143,359385
Roselia,FIRE BIRD (TV Size),150,947848
Ponchi feat. Haxchi,Love Chance!!,215,1544508
Cuzime & Nstryder,Windswept,183,2163039
HYOUKA,Transmission_Of_Radionuclides_In_Geosynchronous_Heights_<moduleGLACIER-X471>,210,2472371
Camellia,Operation: Zenithfall,230,2293949
Hearts2Hearts,STYLE,127,2395433
Slax,Body to the Drum,230,2540169
"Wake Up, May'n!",One In A Billion (TV Size),187,1835271
SOUND HOLIC vs. dj TAKA feat. YURiCa,TIEFSEE,165,861816
CHiCO with HoneyWorks,Heart no Shuchou,185,479188
SOUND HOLIC feat. Nana Takahashi,Ha lle lu jah,150,124867
penoreri,Monochrome and Vivid,176,974689
Yooh,Destroy,195,532375
Sound Souler,Paradise,126,1797319
Marmalade butcher,CuttingEdgeInsaneArtifact,190,2522815
Capi,"Watashi, Idol Sengen",180,944137
UNDEAD CORPORATION,Karakurenai feat. Ranko,170,2415448
Helblinde,A Reyvateil's Curse,200,2356945
Camellia,Blackmagik Blazing,256,1755294
Kuribayashi Minami,ZERO!! (TV Size),182,90419
DJ Raisei,Tsuikou no Toshi yori,201,2407173
estes_,bleeding out,175,2567048
Hatsune Miku,Recommended Spell,195,28864
Inori Minase,MELODY FLAG,182,1630848
iMarine (CV: Uchida Aya),Dive to Blue,186,595792
inabakumori,ANTICYCLONE,194,2114594
AAAA Chazuke,Myosotis no Hanataba,186,678182
Yooh,LiFE Garden (Extended Mix),149,626965
petit milady,Koi wa Milk Tea (TV Size),122,2339429
TAKIO,Kousoku 105gou XXXsen,200,2535725
PassCode,SKILLAWAKE (TV Size),194,2512348
Ryu*,Yukizukiyo,155,371237
mafumafu,Art o Kagaku Suru,182,1296986
Various Artists,Tucker's Skill Up Island (Game Ver.),144,2406274
bbn,Identic Conflict,178,246853
Hatsuki Yura,Black Princess,154,1831212
BlackY vs. Yooh,MEGATON BLAST,194,1404329
AAAA,Hazukashigariya no Toy Soldier,163,1113145
BlackY feat. Risa Yuzuki,Akasha (Long Ver.),180,2371356
Sub-69,kill the dog,297,2126332
technoplanet,Intuition,190,1778535
Yorushika,Itte.,180,985066
USAO,Interstellar Travel (Extended mix),180,1970617
Amane,We Are The Scarlet,175,2142012
u's,Super LOVE=Super LIVE!,186,611854
kamome sano,citrus,174,854717
Folder5,Believe,155,566875
Zemfira,kto?,192,1932625
Nanashi Mumei,mumei,96,2341512
Suzuki Aina,Hikariiro no Uta (TV Size),188,2351884
SON OF KICK,Hours ft. Lady Leshurr & Paigey Cakey,132,274111
Nightcore,Solo Tu (Only You),164.7,12219
TWICE,CHEER UP (Inst.),173,696037
SELEN,Reverse World -Extend Ver.-,185,1837663
Memme,Cherry Blossom,170,525533
Sayuri,Hana no Tou,170,1809252
Cres.,End Time,180,1448292
Tenjin Kotone,Ruma,154,1159426
Altermis & takehirotei & Violet Delta,Christmas Slop,250,2477332
Aso Natsuko,Perfect-area complete! (TV Size),183,1159165
kanemiko,Cold Fusion,205,2011539
DJ TOTTO,Crystalia,270,691220
LiSA,"Thrill, Risk, Heartless (Cut Ver.)",200,1862479
Hisaka Yoko,Heart Goes Boom!!,180,8193
-45,Akaikutsu Nise,175,1984720
USAO,Knight Rider,200,1007938
UNDEAD CORPORATION,Necrophilia,290,2120472
LiSA,ANTIHERO (Cut Ver.),203,2356585
DJ Genki feat. Yukacco,MAGIC & LOVE,185,1374646
linear ring,Can you hear me?,85,1621762
AliA,utopia,190,1555968
JOYRYDE,ON FIRE,125,1843271
Feint,Tower Of Heaven (You Are Slaves),175,2344392
Panda Eyes & Teminite,Highscore,110,332532
Fujiwara Chika (CV: Kohara Konomi),Chikatto Chika Chika,178,962521
Hino Isuka vs. s-don,Glooorious!!,155,1935691
Hana,Sakura no Uta,180,376552
UVERworld,ROB THE FRONTIER,220,1067110
Aoi Eir,Shinzou,190,1868544
EmoCosine,Love Pills,160,2534786
ONE OK ROCK,American Girls (Sped Up & Cut Ver.),177,1524587
BlackY,FLOWER -SPRING Long VER.-,170,300685
Xyris,Eviternity,250,2138173
SOUND HOLIC feat. Arima Misaki,Tokimeki*Reitou Pack,154,2141740
3L,Endless night,148,178968
Jibaku Shounen Band,No.7 (TV Size),190,1883951
Mc Creu,Danca do Creu (Cut Ver.),129,1022031
Yumeji Ruri,GATE of ARCANA,150,1659613
TWICE,LIKEY,132,814038
void (Mournfinale) feat. Hoshikuma Minami,Testify,178,1866121
SDMNE,Beyond The Aexis,240,2089383
Silentroom,NULCTRL,100,917159
SAKURAKOU K-ON BU,Happy!? Sorry!!,180,526180
ZxNX,FORTALiCE,180,1737101
Amamiya Sora,PARADOX (TV Size),166,1100732
angela,Otome no Route wa Hitotsu ja Nai! (TV Size),192,1178589
Halozy,Genryuu Kaiko,173,298499
deadmau5,Orange File,182,398366
Thaehan,Chiptune & Baroque,200,590323
Eri Sasaki,Ring of Fortune (Zekk Remix),175,1301119
Fractal Dreamers,Module_410,180,2378246
Helblinde,Grief & Malice,200,1846720
ginkiha,Starlight Express,200,216238
Camellia,Alone intelligence,150,1235533
SOUND HOLIC feat. Nana Takahashi,Chinmoku ~Cercueil no Shoujo~,140,1817787
cewer,thanks pat,196.52,2078166
Kon Natsumi,ISOtone,180,330074
Nor,HIGH5LANDER,172,2225091
Teminite & PsoGnar,Rally The Troops,150,719147
Therion,La Maritza,69,2339554
Camellia,Fastest Crash,210,1725902
Viatores Nebulae (ptar124 & SiLiS),Ad infinitum ~ein sof~,220,2265664
Tsubaki,Kyun Kyun Tamaran Inaba-tan. (Cut Ver.),180,2471841
Akira Complex,Ether Strike,156,884961
Camellia,N.O.,150,2155351
BlackY,Banbard's Summer,155,1518105
Hyadain,Hyadain no Kakakata * Kataomoi-C (TV Size),180,2162065
iconoclasm,Zirkfied,210,118383
cYsmix,Eden,140,792241
goreshit,najimi breakers,222,1079652
Release Hallucination,I.F.,220,2060223
xi,Zephyros,180,2475292
Aice room,Nyan Nyan Dive (EmoCosine Remix),160,1999339
Plasmagica,Have a Nice MUSIC!! (TV Size),172,1129916
Bring Me The Horizon,Kingslayer (feat. BABYMETAL),185,2118867
Hoshimachi Suisei,Moonshot (TV Size),185,2511666
JOYLESS,PRESS START,218,2545184
TrioStaR x Lilyca*,Floating Garden,136,1058621
Shigure Ui (9-sai),Shukusei!! Loli-kami Requiem*,165,2066358
Iguchi Yuka,RE-ILLUSION (TV Size),193,1167872
inabakumori,Float Play,167,1921679
sakuzyo,AXION,160,222073
Kito Akari,Kimi no Tonari de,198,1295266
Camellia,We Could Get More Machinegun Psystyle! (And More Genre Switches),160,2150979
Minori Chihara,Aitakatta Sora,160,639358
Official HIGE DANdism,Cry Baby,100,1636657
polysha,Ultimate Weapon -the Last Ruling-,185,1939252
Azusa Tadokoro,Junshin Always,180,410466
D-51,Brand New World (TV Size),159.99,20206
tephe,Neppa feat. Butter [Tanger Remix],180,1976366
BABYMETAL,MEGITSUNE,142,167880
DECO*27,Mannequin feat. Hatsune Miku,192,1971513
dj TAKA feat. AiMEE,True Blue,164,1579889
TOKOTOKO (NishizawasanP) feat. GUMI SV,Yomosugara Kimi Omou (10th Anniv.),148,2285485
Simple Plan,You Suck At Love (Speed Up Ver.),177.65,819112
capoxxo,perfect feat. oaf1 & dreamcache,160.95,1777995
Unlucky Morpheus,FAITH,200,1414107
Reji,Shoujo wa Yoru to Azayaka ni,140.08,1933985
Dustvoxx,Switchback,190,1935584
Asatsumei,MEI VS KILLER FISH - THE ULTIMATE BATTLE!!!,175,1966742
Demetori,The Grimoire of Alice ~ Alice in Wonderland,175,277279
ponkichi,PPBQ,152,1555101
it's different,Outlaw (feat. Miss Mary),175,2282702
Dz'Xa,Izumi 7983,180,1592035
LV.4,Burning Star,175,2102464
Camellia feat. Nanahira,You Make My Life 1UP,180,1911796
Riya,Shooting Star,175,1704136
S3RL,Bass Slut (Original Mix) (Cut Ver.),175,2258775
seatrus,DiSANiMATE,222,2163279
Dachs,Kalte -Life is like a Wizarding Journey- (BMS Extended Ver.),150,2255966
NOMELON NOLEMON,Hide and Seek,139,2287564
The Quick Brown Fox,The Big Black,180.15,867737
Renard,Gabberse Town,175,1947714
Pendulum,Hold Your Colour,174,1737085
Toby Fox,BIG SHOT (GaMetal Remix),144,2046911
The Hatters,Stay true,170,684428
Yousei Teikoku,Shinteki Souzou (Game Ver.),298,2446560
Mori Calliope,"Excuse My Rudeness, But Could You Please RIP? (Nhato Remix)",130,1558408
TWICE,HOLD ME TIGHT,198,616044
Hino Isuka x otoshi.b,Twin*kle Galaxies,190,1688958
Shiraishi,"Chouzetsu Gikou Renshuukyoku Daiichiban ""Shinsekai""",193,1814681
Juggernaut.,Apocaliptix,210,2273363
Zmagz,Smile (Katari Remix),180,2488779
Yorushika,Deep Indigo (Cut Ver.),210,1263899
senya,Zetsubou no Fuchi,174,605290
Yonekura Chihiro,Koiseyo Otome! (Game Ver.),220,2122109
Inugami Korone & Nekomata Okayu,Hyadain's Jojo Yujo,200,1279298
toby fox,Bergentrueckung / ASGORE,229.7,2120661
solfa feat. Milk,1 - 2 - 3*Paradise! (Short Ver.),175,2250076
Aiobahn feat. KOTOKO,INTERNET OVERDOSE,163,1794813
P*Light,Clip it Bro,200,1557811
Camellia feat. Ninomae Ina'nis,Drenched in Air,189,2051843
Our Stolen Theory,United (L.A.O.S Remix),175,1657003
Camellia,First Town Of This Journey,170,2372221
3R2,Theme of Rabi-Ribi,175,462232
DeformedEutopia (Nirotiy + AiSS),marguerite inorganique,180,2438208
senya,Nihil Kagura,150,365790
BTS,MIC Drop (Steve Aoki Remix),170,698526
Sakura Miko,Sakurairo High Tension! (Game Ver.),277,2382741
solfa feat. nao,hallucinate (game ver.),180,2496007
SakiZ,osu!memories,180,532522
Chroma,Test Flight,188,1818014
John Hancock & Gordon Hayes,Vapour,165.55,2404247
Faylan,Badge & Dagger,190.16,1802164
one eight,N,222,1597869
Mili,Summoning 101,186,1954482
Sangatsu no Phantasia,Pink Lemonade (TV Size),191,1711981
Official HIGE DANdism,SOULSOUP,144,2288491
lapix,Continue! feat. Aitsuki Nakuru,170,2161237
NateWantsToBattle feat. Amanda Lee,Kuusou Mesorogiwi,230,356752
YOASOBI,Romance,130,1577144
Ludicin,Bismuth,240,2141496
seatrus feat. Hatsune Miku,Karakuri,177,2450998
ClariS,CLICK (Soleily Remix),166,1232531
Panda Eyes,ILY,110,653534
a crowd of rebellion,Rebuild,153,616909
Sakuzyo feat. Nikki Simmons,Destr0yer,90,875074
Sakuzyo,AngelFalse,173,1125774
Dreamcatcher,Wake up,144,645662
Toromaru,Uncharted Sky,164,2219350
Nico Nico Douga,BARUSA of MIKOSU,180,4651
Meiko,Leave The Lights On (KROT Remix),170,76623
LazuLight,Diamond City Lights,182,1813911
Sasuke Haraguchi feat. Kasane Teto,Igaku,170,2178391
Eliminate,Elevator (Nightcore Mix),175,1986520
Hatsune Miku,"No,39",282,34097
xi,ANiMA,183.5,2184597
ASIAN KUNG-FU GENERATION,Re:Re:,155,426992
glaive,astrid,169.5,1805498
nitro,kiss the sexy robot?? ultimate championship 201X!!! (Cut Ver.),150,1393640
Green Day,American Idiot,186,1818185
yuikonnu,Golden Journey,178,1528682
TOGENASHI TOGEARI,No one,185,2343116
Mrs. GREEN APPLE,Kusushiki (TV Size),138,2359686
Yooh,"Good bye, Merry-Go-Round.",185,1759784
Azuma Lim,Jinrui Mina Senpai! (Mtell & Ange;art Hardcore Bootleg),170,1364735
kessoku band,Guitar to Kodoku to Aoi Hoshi,193,2010988
Project Pop,Metal vs Dugem,202,2482204
Symholic feat. Rina Komatsu,Veil of Ash,210,2397874
Numakura Manami,Sakebe (TV Size),195,2120190
Mori Calliope & Camellia,HUGE W,152,1727626
KOTOKO,Koi Kou Enishi,144,2166472
TK from Ling tosite sigure,first death (TV Size),164,1894503
TSAR & ariiol & Sou,ABYSS MOTION 192.333,192.33,2418138
tsunamix,Period. ~ Zetsubou to Hametsu no Kyoukai de Shiru Kibou,150,2132288
Hatsune Miku,Mythologia's End,195,48979
EliteFerrex,Tricktrack,160,7655
tom^s,fieryrage accordion (hardcore remix) (TV Size),180,2563805
Fleshgod Apocalypse,The Fool,230,1301878
kamome sano,archive::zip,185,453953
ginkiha,Silver Eclipse,180,2403887
Aoi Eir,INNOCENCE,183,104158
kessoku band,Karakara (TV Size),190,1912696
Qutabire,"Shiki Oriori, Shouyou to Iromeku Machi (feat. Suzuyu)",182,2262139
Lime,Chronicle,221,1931978
Halozy,Dut ~Usagi Tobi Suteppu~,175,64278
Camellia vs. Expander,AZISAI (Long ver.),155,1782485
ARM (IOSYS),Last Occultism ~ Utsushiyo no Hijutsu-shi,190,1428259
Jade Lyel,13th Floor,165,2431466
The Quick Brown Fox,The Big Black,360.3,41823
Akiri X HowToPlayLN,Kuroi Hanabira,240,2366876
SYNC.ART'S,Kaze no Touei,145,26946
Colorful Sounds Port,Fuujin Raijin,142,2442711
Yanzi Sun,First Day,176,49369
Kano,Yuudachi no Ribbon,230,2003133
Camellia,"magical, very magical world",195,2505216
XenjeS,Night Sky Solitude,160,2468221
KURORYU vs. Dispel,Miserea,224,2329509
PinocchioP,All I Need are Things I Like,140,525070
jizue,rosso (Live at Kyoto Concert Hall 2019.10.19),141.33,2199077
Teminite,Party Time,125,1262042
Kenshi Yonezu,IRIS OUT,135,2461103
Sakuzyo,Poem of Rapture,169.49,2139451
Getty vs. DJ DiA,Ops:Code-Rapture-,195,356681
mona (CV: Natsukawa Shiina),Fansa,176,1850351
seatrus,Raindrop,155,2119535
Nogizaka46,Yubi Bouenkyou (TV Size),180,779332
LACCO TOWER,Usubeni,183,2147047
Kizuna AI,"Hello, Morning (Pa's Lam System Remix)",160,1297440
Qutabire,In the Garden,210,2431316
Pendulum,Blood Sugar,176,326337
Kenshi Yonezu,IRIS OUT,135,2441218
kanemiko,Electrolytes,194,2250586
Aoi,c.s.q.n.,174,2061214
drumcorps,Pig Destroyer Destroyer,150,2194620
KOTOKO,Koi Kou Enishi,144,504995
katagiri,c0pyf0x,228,2334930
Camellia feat. Nanahira,Tsukitourou,191,929044
sakuzyo,Imprinting,175,318277
Dollscythe,Flashes,180,489950
Jeff Williams & Casey Lee Williams,This Will Be the Day (James Landino's Magical Girl Remix),130,179991
Street vs. Sin:cK,Adamantite,175,1836849
Hashimoto Miyuki,The Day Takeoff  (Short Ver.),160,20900
Camellia,S.A.T.E.L.L.I.T.E.,150,1773012
Criticrista,Bibibeach Bibibibeach! (411 Socacore Remix),175,1092567
Raphiiel,RoquiRa : Between Life and Death,183,2144809
D-D-Dice vs. siromaru,Catch the Glory,210,2058832
Lime,Campanella,227,2286223
halca,Arekore Drastic feat. Suzuki Aina (TV Size),210,1817602
TOGENASHI TOGEARI,Nameless Name,187,2206480
SHIKI,Angelic Layer,146,2196883
"MUZZ, Koven & Feint",Worth The Lie,175,2136934
Gram,Nibelungen,222,1553319
"Morishita Chisaki, Tanaka Minami, Kito Akari, Kurose Yuuko",Hitoribocchi no Monologue (nenpulse bootleg remix),170,2395088
Junk,Life is PIANO,133,2290237
Syrsa,Mad Machine,270,1940073
ryo (supercell) feat.chelly,Great Distance,197,329473
Kurokotei feat. Sennzai,"escape (the looking-glass, and what alice found there)",220,2422601
AZKi,Fake.Fake.Fake,255,1611987
Marika,Knowing,140,2374630
JIN,Additional Memory,200,1521890
mafumafu x Amatsuki,Yume Fanfare,190,864805
Hechizeros Band x Koji Kondo,El Sonidito x Athletic Theme (DitzyFlama Mashup),187.5,2253247
Idol College,Be My Zombie,185,499154
kessoku band,Seishun Complex,190,1863866
MIMI vs. Leah Kate,10 Things I Hate About Ai no Sukima,204,1921755
Camellia,PLANET//SHAPER,147,2417462
Sasuke Haraguchi feat. Kasane Teto,HITO Mania,150,2405793
Kitamura Eri,arcadia paroniria,220,2291923
sak feat. Myui,Unleashed World,232,1859895
ONE OK ROCK,One by One,197,1148073
Vicetone,What I've Waited For (feat. D. Brown),128,264467
USAO,Interstellar Travel (Extended mix),180,1028708
Imperial Circus Dead Decadence,"Yomi yori Kikoyu, Koukoku no Tou to Honoo no Shoujo.",220,689155
DJ Genki vs. Gram,Einherjar Joker,222,1128003
BTS,Boy With Luv feat. Halsey,120,955446
ARForest,Lantinid,202,1264129
Kero Kero Bonito,Flamingo (WTN3 Remix),110,733774
ABSOLUTE CASTAWAY,step by step,208,2255571
DJ SHARPNEL,BLUE ARMY (Raytoly's Progressive Hardcore Sped Up Edit),270,1944021
Akira Complex,Dying Scarlet,110,2186584
Gouryella,Tenshi,138,1330167
Amatsuki,DORAEMON,160,1210297
Celldweller,Weaponized,100,1119418
Camellia,ZOMBIE CIRCUS,150,1518740
SEREBRO,MALO TEBYA (Sped Up Ver.),175.15,1964831
ASCA,Gyakkyou Spectrum,187,1665299
UNISON SQUARE GARDEN,Phantom Joke (TV Size),200,1051745
Camellia,Shun no Seafood o Ikashita Curry Fuumi Paella ~808 Chef no Twerk to Trap Jitate~,110,1214021
sak respect for Arata Iiyoshi,Reason of being,190,553116
goreshit,one way to hannover,208,1010164
Shady Cicada,Fighting Spirit,200,1975096
Mutsuhiko Izumi vs. DJ TOTTO,Nijiiro Yuenchi,220,1072682
Jane Remover,Psychoboost feat. Danny Brown,149.97,2508593
Haruna Luna,Startear -TV size ver.-,134,192569
Kou!,Hyouryuu Hyourei,246,2553755
Hino Isuka,#be_fortunate,190,1046607
Harry Styles,As It Was,174,1873428
Billie Eilish,bury a friend (Cut Ver.),120,1039475
Raphiiel,RoquiRa : Between Life and Death,183,2543786
Camellia feat. Nanahira,Ju-Ju- Yakiniku no Hi kara Phenix!?~Saitan no Sumibi Yaki~,180,481371
Synthion,Hypervelocity,220,2068007
aa...hisuichazuke...,Tricolor circuS,180,1848066
Rita,Little Busters! ~TV animation ver.~,151,1942850
Suzuyu,Euphorium,186,870244
cosMo@BousouP,For UltraPlayers,201,733048
Ice,"L (Lost, Loneliness, & Liberation)",151.99,210731
Laur,Cyber Attack,240,1892814
technoplanet,Vomit,180,2203489
halca,Darekare Scramble,150,1811044
Poppin'Party,Christmas no Uta,138,888123
GUMI,PANDA HERO,190,25461
ONE OK ROCK,Re:make,172,38472
MY FIRST STORY feat. chelly (EGOIST),"1,000,000 TIMES",200,1591530
MitiS,Movements Feat. MaHi (Original Mix),170,405221
Nor,RE Aoharu,180,1928894
Sangatsu no Phantasia,Bittersweet,98,981608
nano,Nevereverland,206,612115
San-Z,Burning Desires,128,2266375
Cloudjumper,-Undertale-,101.9,1908440
Ayah Marar & Blue Marble,Invincible (Cut Ver.),174,1221214
DJ Raisei,Sekai kara ____ ga Kieru Toki,214,2180051
Yu Tokiwa,Shounen Ripples,210,763619
Serj Tankian,Sky Is Over,105,46304
Ardolf,Until the end of time,200,1909072
fripSide,LEVEL5-judgelight- (TV size),139.5,291772
Camellia,OOPARTS,205,2322183
ZUTOMAYO,Hunch Gray,124,1871491
cosMo@BousouP,Oceanus,196,539179
Aether Realm,Redneck Vikings from Hell,140,1621848
Freethinker,680 BPM Born Slippy,170,2364970
ICHIKO,First Kiss (TV Size),156,33639
Imperial Circus Dead Decadence,"Fusyoku ressentiment, fushiyoku no sarugakuza.",210,2300535
seatrus,Querasis,210,2353806
Utsu-P feat. flower,Living ghost is alive,140,1165437
Sakura Bakushin O (CV: Misawa Sachika),Bakushin Bakushin Bakushinshin (Extended Edit),150,2401621
Poppin'Party,Light Delight,180,1909526
PSYQUI,Hype feat. Such (sky_delta Remix),172,1598479
Sangatsu no Phantasia,Pastel Rain,135,2340582
Takanashi Yasuharu,Keisei Gyakuten,180,141605
IRyS,Caesura of Despair,174,1569343
Kanzaki Shion,Palette Lab (Extended),130,2019770
senya,Zouka de Arou to Shita Mono,155,495283
Mikakuning!,Tomadoi Recipe (TV Size),170,702775
HTT,Girls in Wonderland,235,27044
ARForest,Infection,170,2406790
Yorushika,"Evening Calm, A Certain Day, Illusion of Flowers",220,1087943
THE ORAL CIGARETTES,Shine Holder (Cut Ver.),135,1428278
Hakushi Hasegawa,Doku,203,1674871
Aimer,I beg you,128,1029661
Nightcore,Pinball,173.76,7930
Sad Keyboard Guy & Myntian,Void//Shader (feat. xia),170,2428561
DJ Okawari,Flower Dance,100,33688
DJ Changsta,River Flows In You,140,14091
xi,Halcyon -Long Version-,191,742318
xi,Quietus Ray,200,374277
nao,Dimension tripper!!!!,188.2,399702
SHIKI,Lapis,146,1652458
Tadokoro Azusa,1HOPE SNIPER,274,824132
THE ORAL CIGARETTES,Wagamama de Gomakasanaide,142,932567
Nekomata Master,Despair of ELFERIA,205,565431
Laur,Swift Swing,150,2362343
Ogura Yui,Clear Morning,103,1630781
USAO,Knight Rider,200,1008095
KORDHELL,MURDER PLOT,140,1972480
BlackY,Sakura Ranman Cleopatra,150,1595193
Heart Invader,Koukan Win-Win Mujouken,186,193980
B-Komachi,Warera Kanzen Muteki no Idol!! (Cut Ver.),176,2275557
MYUKKE.,Mach Roger,180,2229913
DragonForce,Through the Fire and Flames,200,382400
fripSide,black bullet (TV Size),155,157168
LeaF,Ka,125,1423264
After the Rain,Shikioriori ni Tayutaite,152,1845428
Toby Fox,Rude Buster (Camellia Remix),265,1970191
Maverick,Shironaga Star Jet -aquamarine mix-,170,1012634
takehirotei,SEISHUN://NO_HACKING,179,2541848
Minase Mashiro,runaway (Halozy Mix),180,736439
Morimori Atsushi,MilK,150,848309
ChouCho,Yasashisa no Riyuu (TV Size),177,850453
sabi,true DJ MAG top ranker's song Zenpen (katagiri Remix) (Cut Ver.),170,1567000
Designant,Designant.,200,2283870
Vickeblanka,Black Rover (TV Size),204,1885830
aran & Kobaryo,While Shining feat. yukacco,175,1012649
LeaF,Mopemope,200,1154288
ke-ji feat. Nanahira,Ange du Blanc Pur,182,1188740
Foreground Eclipse,Flames Within These Black Feathers,195,1001825
Nico Nico Douga,Masukudo Kajan,150,17730
TOGENASHI TOGEARI,VOID (TV Size),148,2172979
TUYU,Kako ni Torawarete Iru,180,1245686
Dance Gavin Dance,Son of Robot,218,1882566
Ardolf,Split EX (Instrumental Ver.),170,1670325
Kurubukko,Polaris Australis,205,2156216
Kana Nishino,Sweet Dreams (11t dnb mix),175,1910455
Meguro Shoji feat. Lyn,Last Surprise -Scramble-,123,1178471
TrySail,Honto da yo,175,1146189
Camellia,Final Flash Flight,180,1714520
VSPO!,Gotcha!!,133,2329454
"Fear, and Loathing in Las Vegas",Just Awake (TV Size),191,677924
Gekidan Hitotose,Curtain Call!!!!!,205,611200
Masatoshi Ono,departure! (TV Size),160,437582
sasakure.UK,GaLaXyEggPlanT,240,1944795
SUi,planetarium,180,785196
cluli,made me more observative,128,2543543
Jean-Philippe Collard,"Le Tombeau de Couperin, M. 68: VI. Toccata",150,1187093
Hino Isuka,Wonderful Paradise,222,1722598
earthmind,ARCADIA,177,121542
Casandra,Junpaku*study time,172,1969686
Gram vs. Camellia,Ragnarok,234,2424143
Yousei Teikoku,Zetsubou plantation (Cut Ver.),230,2250663
Groove Coverage,The End (Nightcore Remix),183.29,24918
TWICE,Candy Pop,174,718989
Nakanoke no Itsutsugo,Sekaijuu Tatta Hitotsu (Game Ver.),170,2038102
Wonderlands x Showtime x Kagamine Rin,Positive*Dance Time,210,1824194
BlackYooh vs. siromaru,BLACK or WHITE?,185,565779
Diceros Bicornis (xi+BlackY),Hyper Vivacity,158,1694349
Sumire Uesaka,Seikatsu Konkyuu Dame Dinero (TV Size),205,2004059
uynet,Mach space journey,223,2013835
Tsukuyomi,Moonlight at midday,140,1537310
"BEMANI Sound Team ""Nekomata Master""",Life is beautiful,155,860089
Shiro (CV: Kayano Ai),Oracion,166,2560335
Zekk,Fallen,170,1672239
Pierce The Veil,Bulls in the Bronx,160,1307974
7_7,Outo,310,2458618
solfa feat. Koharu Meu,fantasic capricious (Game Ver.),192,2358506
SHK,Identity Part 5,140,171676
Sakuragawa Megu,Unreal Creation!,190,2070866
Andy Lau,Gong Xi Fa Cai,132,2298930
Who-ya Extended,VIVID VICE (TV Size),184,1414338
BlackY,azalea,198,2073289
Seiryu,BLUE DRAGON,191,326920
Equilibrium,Waldschrein,200,369354
Yunomi,Mentai Cosmic (feat. nicamoq),224,591660
chelmico,Easy Breezy (7_7 Bootleg),210,2555689
ClariS,SHIORI -TV size mix-,176,661919
you vs. ETIA.,Shang A Lang (kamome sano Remix),175,896709
Good Kid,From The Start,186,2199033
supercell,Rock 'n' Roll Nandesu no,200,623518
Leo/need x Hatsune Miku,HIBANA -Reloaded-,200,1793916
nayuta,Toki wo Kizamu Uta,139,65847
HyuN,Infinity Heaven,160,2028108
Raimukun,Myths Orbis,210,1916843
toby fox,Death by Glamour,148,1953395
I.O,Lv.0,160,861974
Hachioji P,Kimagure Mercy feat. Hatsune Miku,160,2348610
cYsmix & Nhato,Oracle,128,2461104
Eminem,Rap God,148,801483
Hanasaka Yui (CV: M.A.O),Harumachi Clover (TV Size),142,866408
Creo,Nautilus,124,1015289
O2i3,Ooi,216,932214
Yuuni,Angel's Window,169,2356799
PinocchioP,Reincarnation Apple feat. Hatsune Miku,145,1976954
YUZU,REASON,124,2105174
Lite Show Magic,Crack traxxxx,220,123456
nameless,Last Battle,175,348498
LamazeP,Triple Baka,180,1224831
Houshou Marine,Ahoy!! Warera Houshou Kaizokudan*,170,1482982
Kato Megumi (CV.Yasuno Kiyono),M flat,160,444962
CHiCO with HoneyWorks,Kessen Spirit (TV Size),188,2539974
Syuiro,Ama no Jaku,200,39817
Mizuki Nana,Nageki no Hana,166,1743472
REDALiCE feat. Usada Pekora & Sakura Miko,Peko Miko Daisensou!!,180,1303143
Niji no Conquistador,Zutto Summer de Koishiteru,240,1263383
I SEE MONSTAS,Holdin' On (Skrillex and Nero Remix) (Cut Ver.),174,1564644
Street,Maritime Police,132,681410
Ludicin,Onus Regulus,300.73,2046363
Hino Isuka,#be_fortunate,190,1032511
Jun Kuroda + AAAA,Ultimate Fate,180,490208
Blacklolita,Antithese,172,2192430
XX:me,escape (TV Size),206,882486
Oomori Seiko,JUSTadICE (TV Size),185,1028120
Fractal Dreamers,Ad Astra,210,965651
765 MILLION ALLSTARS,UNION!!,172,919187
REIRIE,Rabbits,210,1986125
Aiyru,Station,174,1794071
Tatsuya Kitani,Where Our Blue Is (TV Size),152,2021201
DJ TOTTO,Windy Fairy,180,932356
kessoku band,Karakara,190,1996043
Akiri,Don't Let Go,190,2149840
Kaneko Chiharu,INF-B <L-aste-R>,197,1934192
Hei Shou De Yu Tou,o i i a i o o o o o i a i,150,1977087
BURNOUT SYNDROMES,Good Morning World! (TV Size),191,998427
youman feat. MEIKA HIME,Tiny Bunny,178,2006856
VeetaCrush,Sterelogue,202,2327005
Camellia,Lunatic Rough Party!! (Long Ver.),120,286262
Zekk,Re_Construct,197,1318329
System Of A Down,Chop Suey!,128,2021976
GReeeeN,Shinobi,168,202755
you,Melancholia (e_ku's Desolation Remix),225,1753058
sakuzyo,Imprinting,175,378705
Machico,Million Smile (Short Ver.),178,1020444
Unlucky Morpheus,Wer ist Faust?,280,2233240
cYsmix,Classic Pursuit,140,2360416
DJ Mass MAD Izm* feat. H14 (LEONAIR),Don't believe the hype,210,1850691
Yuricia (CV: Hasegawa Ikumi),Ao to Shin'yuu,178,2304280
Giga,CH4NGE feat. KAFU,115,1854144
Manoeuvres,Mad World (Station Earth Remix),174,434391
YUC'e,Cinderella Syndrome,100,2057835
Cuvelia,Tenkuu no Yoake,150,509270
USAO,Cyaegha,200,1314759
Hana,Sakura to Kotori,180,757784
"Suzuhara Lulu, Debidebi Debiru",Attouteki Sonzaikan,180,1180058
penoreri,The Dove,176,1672090
yaseta,Wommotion (Game Ver.),185,2483891
Leo/need x MEIKO,Kaisei,172,2394070
MY FIRST STORY feat. chelly (EGOIST),"1,000,000 TIMES",200,2028947
Kaga (CV: Iguchi Yuka),Kaga Misaki,133,398924
-45,suffruti,173,2474533
Tsukuyomi,Yume to Shiriseba (Cut Ver.),185,2166237
EMILIA (CV: Rie Takahashi),Stay Alive,70,511956
USAO,Extra Mode,195,967701
Wolpis Carter,Batsubyou,140,1594556
ReeK,Multigenre Smackdown,160,1836713
Yamamoto Mineko,Pilgrimage,190,937285
Turbo,PADORU / PADORU,190,1073074
Synthion,Spica,128,2412637
Erio o Kamattechan,Os-Uchuujin (TV Size),143,2308124
Hatsuki Yura,Onyx Veil -Boukyaku no Yami-,144,1537394
NIWASHI,Sapphire On Fire,175,1775437
penoreri,Desperado Waltz,172,1641449
Demetori,Natsukashiki Touhou no Chi ~ Sic World,196,2064233
SHIKI,Jade Star,152,1649612
Leah Kate,10 Things I Hate About You (Sped Up & Cut Ver.),176,1911190
Alkome,Mind Disorder,175,2583521
Camellia,shadows of cats,174,2311665
Lyrical Lily,Maihime (TV Size),130.5,2041798
seatrus,Melty Lover,173,2210112
Kano,Dear Brave,188,390668
MisoilePunch ~pan soe~,MeTear'n TruX,222,1708332
Xyris,A Cybernetic-Superluminal-Apocalyptic Post-War Divination,160,2321297
Tyrfing,Verflucht (Sped Up Ver.),200,1322331
ShinRa-Bansho,"Mugen Shitto Gekijou ""666""",170,2056650
Falcom Sound Team jdk,Endure Grief,200,2259178
LiSA,Catch the Moment -Radio Edit ver.-,190,570938
Savage Garden,I Want You (TV Size),106.07,527051
ZOGRAPHOS (Yu_Asahina+Yamajet),Verse IV,212,264749
YOASOBI,Yuusha (TV Size),208,2070252
D-D-Dice,Seiga Itten (full ver.),214,2031630
DJ Genki VS Camellia feat. moimoi,YELL!,170,591786
kamome sano,starlights feat. TEA,174,831653
Camellia feat. Camellia,Thule,300,2542686
"Dustvoxx, Loctek",Labyrinth of Mind,190,2485980
VINXIS,Applause,120,788001
Camellia,GHOST VS. GHOUL MASHUP,230,1828568
MisoilePunch -Forever-,Bloomin',234,1807266
Qlarabelle & Maozon,DOPPELT,174,2383044
Camellia,M1LLI0N PP,234,1290161
Sound piercer feat. DAZBEE,Hanatachi ni Kibou o,187,1300204
System Of A Down,Toxicity,237,1041151
kors k,Dot,142.68,328684
Centimillimental,Kizuato (TV Size),178,2258164
ARAKI x nqrse x Meychan,Odo (Cut Ver.),128,1871561
Laur,SYSTEM ERROR,200,2136188
Eisyo-kobu,Oriental Blossom,180,781373
Ryokuoushoku Shakai,Shout Baby (TV Size),180,1114964
Tee Lopes,"Lights, Camera, Action!",120,1602124
aran vs. Massive New Krew,THE ULTIMACY,200,1527687
"Aiurabu (CV: Nakajima Yui, Iida Yuuko, Tamura Nao)",Kani*Do-Luck! (TV Size),210,1855396
kors k vs. L.E.D.,SOLID STATE SQUAD,155,1065008
yanaginagi,Muteki no Soldier,210,52221
senya,Kimiiro Subliminal,150,1959309
Hakushi Hasegawa,Doku,203,1910705
Mwk,SPLASH,175,930264
katagiri,STRONG 280,280,1741321
Kawada Mami,INITIATIVE,134,1264866
44teru-k remixed wa.,Isetsu Higanbana Daini -Shuusei no Lycoris-,175,235278
Toby Fox,Rude Buster (Camellia Remix),265,1720248
VIichan,phony,170,2287627
Nor,Usagi Flap,170,2044583
Fleur de Lapin,Chaotic*Dream*Festival,193,2125163
Static-X,Skinnyman,183,2052208
Eir Aoi,RYUSEI -TV size ver.-,143,756123
Linked Horizon,Shoukei to Shikabane no Michi (TV Size),178,963651
DIALOGUE+,Hajimete no Kakumei! (TV Size),187,1061097
DeformedEutopia (Nirotiy + AiSS),Chong Xiao - The Multitude of Empyrean -,215,2133204
Plum,R,180,1624402
Silentroom,Nhelv,174.59,1140163
Sawashiro Miyuki,Ambivalent World (TV Size),174,12779
Fractal Dreamers,Ad Astra,210,1086164
Ryu*,Rondo Alla Turca (Ryu* Remix),142,1364962
Himeringo,Ringo Uri no Utakata Shoujo,225.2,752073
"Natsumi Takamori, Eri Sendai, Yuu Asakawa, Atsumi Tanezaki",Ne! Ko! (TV Size),182,1965109
Camellia,Newspapers for Magicians,150,1715032
Taylor Swift,Mine,121,26080
Hommarju,Slluuddggee,174,1946487
yuikonnu,Yume Chizu,176,467337
Slax,Sugar Loli,205,1439847
goreshit,the nature of dying,171,453378
Luca Turilli,Black Dragon,173,2013155
CaraCORE/Brank,Thunderstorm Catastrophe,176,1262843
Ludicin,Lost Requiem,200,2325184
TOGENASHI TOGEARI,Bleeding Hearts,200,2247839
Aimer,Zankyo Sanka (TV Size),171,1647290
kessoku band,Guitar to Kodoku to Aoi Hoshi,193,1894409
Iguchi Yuka,over and over (TV Size),170,1261488
DJ Noriken,#The_Relentless_(Modified),170,881771
Analogfish,Speed,206,797982
EDOGA-SULLIVAN,WONDERFUL WONDER (TV Size),160,1280506
Demetori,Hartmann no Youkai Shoujo ~ Todestrieb und Lebenstrieb,220,928647
LiSA,Shouted Serenade,192,2166655
Zmey Gorynich,Morozoboy,210,2077021
Camellia,Myths You Forgot (feat. Toby Fox),150,1821893
MAKOOTO,Tanukichi no Bouken,132,1923689
Cho Tokimeki Sendenbu,SUKI! ~CHO ver~,165,2008843
Falcom Sound Team jdk,Deep Carnival,204,2378066
ETIA.,Nihonshiki Koukaku-OukaRanman-,175,185362
Shiena Nishizawa,Brand-new World,205,364167
Camellia feat. Nanahira,Konran Shoujo Soflan-chan!!,115,867026
HAG,Hoshikuzu Orchestra,185,1221676
Demetori,Higan Kikou ~ View of The River Styx,182,178777
Roselia,Ringing Bloom,195,2225920
Parang,Gray Zone,141,2588509
Omega,MAX 300,150.05,1917268
Y&Co. feat. Karin,Sweet Rain,155,337204
ZUN remixed by LeaF,Resurrection Spell,180,292644
Powerwolf,Army Of The Night,172,1044785
Yorushika,Dakara Boku wa Ongaku o Yameta,125,2140371
hololive IDOL PROJECT,Daily~Diary~! (Short Ver.),172,1356841
Tamura Yukari,CordlessTerePHONE ~ Yukatan Concert Version ~,168,224293
MyGO!!!!!,Mayoiuta,190,2196828
Gojou Kai & Nakamura Meiko,fragment of tears,175,235122
Slipknot,Unsainted,203,1820756
Roselia,FIRE BIRD,150,1120493
LOONA,Hi High,194,1095523
Ariabl'eyeS,Tsuioku no Bara,140,1567447
Camellia,Routing,144,730034
yuiko,GLORIOUS DAYS (Short Ver.),167,1684004
uno feat. Chiyoko (IOSYS),Twin Rocket,185,796663
Kankitsu,Moments,138,1538146
Kobaryo,Eternal Ending (aran Remix),115,897754
Gram vs. Kobaryo,Yggdrasil,200,737273
natori,Absolute Zero (TV Size),221,2255371
ClumsyRecord,Naughty Kitten,185,1461937
BlackY feat. Risa Yuzuki,Akasha (Long Ver.),180,2383687
Yuusha Party,Endoro~ru! (TV Size),140,1044591
sasakure.UK x TJ.hangneil,World Ender,280,2363522
YZYX,Powerflux,253.29,2288428
TUYU,Loser Girl,186,1336615
HACHI,MATORYOSHKA,205,1687832
S3RL,Classic Mash Up 2,175,1061726
takehirotei,Haiboku no Altra Vita,231,2458512
Aoi,King Atlantis,195,1888794
Halozy,Don't let you down,135,626034
Utopia,Hujan,145,2019229
Silentroom vs. Frums,"Aegleseeker, over the horizon",234,2095585
Xyris,A Cybernetic-Superluminal-Apocalyptic Post-War Divination,160,2332985
Camellia,M1LLI0N PP,234,1651905
Yousei Teikoku,Hades: The rise,210,662526
S3RL feat Sara,Techno Kitty,175,345450
Porter Robinson & Madeon,Shelter,100,1477793
t+pazolite,Satisfiction (Massive New Krew Remix),200,1161543
Tsukikage,Spatto! Spy & Spyce (TV Size),160,1094309
ChamJam,Zutto ChamJam,180,1997922
TrySail,High Free Spirits -TV.Ver-,186,440706
Gram,GuNGNiR,222,1742951
Shinonome Ena (CV: Suzuki Minori),Charles,145,2263141
Shiggy Jr.,oyasumi (Cut Ver.),200,1086533
nora2r,New World,172,324294
At the Garret x Kekkan Orgel,Kanojo Kaku Katariki,114,1485927
Taylor Swift,Paper Rings,104,2065527
Hoshimachi Suisei,Kakero,176,1654907
Umeboshi Chazuke,White Parade,218,1485217
Hakuryu,Genesis At Oasis (MOONLiGHT Mix),212,779906
lapix,Day by day (PSYQUI Remix),170,1318545
ZxNX,Fana,222,2224325
Feint,Tower Of Heaven (You Are Slaves),175,128931
II-L,SPUTNIK-3,170,1671241
Vremya i Steklo,Navernopotomuchto,110,664924
bo en,My Time,199,1508399
Various Artists,TAKAMARI * CLIMAXXX!!!!!,210,1698855
Kabocha,EmbryO,220,947018
-45,Midorigo Queen Bee,153,1055780
Sound piercer feat. DAZBEE,Hanatachi ni Kibou o,187,1970783
Treyarch Sound,115,200,2089935
Eve,raison d'etre,152,1294617
BilliumMoto x Silentroom,"Sense (""Leads to Another"" Full Version)",180,2165863
Team Grimoire vs. siromaru,Glasya-Labolas,160,1593180
Yousei Teikoku,Kokou no Sousei,240,28705
Tanya Degurechaff (CV: Yuki Aoi),Los! Los! Los!,240,570679
Sayuri x MY FIRST STORY,Reimei,185,2321280
IOSYS feat. Nanahira,Shinchoku Dou Desu ka?,199,2150616
"Camellia as ""Reverse of Riot""",Completeness Under Incompleteness,194,1159481
Juggernaut.,Valkyrius:0,200,1955910
Polyphia,Playing God,137,2053357
Cita Citata,Meriang (Sped Up & Cut Ver.),170,2222223
DragonForce,Seasons,193,698914
"Iris December Uncry (CV: Hanazono Mei), Noel the Nextseason (CV: Ameba Tsukasa)",Crying Heart,178,1113841
MIMI feat. Hatsune Miku,Marshmary,182,962088
Giga-P,Electric Angel,150,172900
Rammstein,Mann gegen Mann,166,396339
Qutabire,Satelite:memories (Rework),202,2292728
IOSYS,Kanbu de Tomatte Sugu Tokeru ~ Kyouki no Udongein,200,1909936
Evin a'k,Coffin dance (Hard Renaissance),191,1166478
Slipknot,All Out Life,213,2283537
Asking Alexandria,Killing You,195,252631
Smash Mouth,I'm A Believer,164.75,102615
FELT,"Life [Eris's ""a Fate Encounter"" mix]",167,943788
Aquellex,Cortex Charger,270,2062236
Kanpyohgo,Unmei no Dark Side -Rolling Gothic mix,160,984737
Kano,Daisy Blue,184,850717
Analog digitaL,IBUKI,138,1282968
Faylan,Last vision for last,195,22571
Andromedik,Break Away (feat. RIENK),174,1509063
Exyl,MOAI MONEY,100,2079919
Adust Rain,TRAUMATIC SYNDROME -Lenboxx Remix-,148,1064743
RURUTIA,Phronesis,180,2426253
HHHxMMxST,Oboro,149,217956
Mayano Top Gun (CV: Hoshitani Mio),Tokimeki Scramble (Cut Ver.),168,2417924
Lite Show Magic,TRICKL4SH 220,220,368451
Ludicin,Blossom of Ashes,280,2455603
Sound piercer feat. DAZBEE,Hanatachi ni Kibou o,187,1259799
lapix,Carry Me Away (Extended Mix),175,808703
yanaginagi,Yukitoki (TV Size),165,1821940
KEYTALK,STARRING STAR,146,378596
xi,World Fragments,180,1638224
saaa + kei_iwata + stuv + *wakadori,New York Back Raise,160,1874409
Laszlo,Tribal,130,1381489
fripSide,only my railgun,143,1358802
Biser King x Timbaland,Dom Dom Yes Yes x Give It To Me (Club Remix),129.05,2057420
Sound Souler,Empty Stars,180,2043194
Birdy,Wings (Nu:Logic Remix),174,2372729
TIA feat. Le Thien Hieu,Ai Dua Em Ve (Cukak Remix) (Agnes Tachyon Low Cortisol Edit) (Cut Ver.),128,2511397
-45,Total Eclipse of The Sun,120,2126920
KOTOKO,Koi Kou Enishi (Game Ver.),144,1675516
sasakure.UK feat. Shirakami Fubuki,KINGWORLD,240,1778490
Camellia Vs. Expander,AZISAI (Long ver.),155,522725
II-L feat. amelie xoxo,THE EARTH,128,2002137
Chata,anesthesia,153,77093
ROTTENGRAFFTY,70cm Shihou no Madobe,149,694047
Hiiragi Mayuki (CV: Ogura Yui) / Hagino Chiaki (CV: Toujou Hisako),Shiawase Iro,122,666740
tn-shi,Contradiction,170,2127628
Silentroom,Shuu no Hazama (Cut Ver.),174,1321003
LeaF,Breakcore WTF!?,250,2362903
Pavolia Reine,KING (REDSHiFT Remix),178,1437868
Senpi-,Touhou EX Boss Rush!! +a Kouhen,195,165924
Nizikawa feat. nayuta,Babel,175,1334777
Fractal Dreamers,Whispers from a Distant Star,190,1739147
Hommarju,BEAST BASS BOMB,170,929247
takehirotei,SEISHUN://NO_HACKING,179,2498399
Rabbit House,Rabbit In The Black Room (2023 VIP),220,2162219
THE ORAL CIGARETTES,Mou Ii kai?,192,1269899
Tokai Teio (CV: Machico),Koi wa Derby* (TV Size),168,1426088
T.M.Revolution x Nana Mizuki,Preserved Roses (TV-Size),167,170327
Camellia,crystallized,174,890013
Kola Kid,sea shells,200,1114940
Miku Sawai,Colorful. (AnimeVer.),153,586296
Lime,Selenadia,227,2010557
cygnus,The Evolution of War,138,1987180
Aoi,c.s.q.n.,174,2052684
Cyoucyo-P,Toaru Shounen no Ichinichi,142,375607
capitaro,Tenshinranman Haikara Hime,170,364556
Takanori Nishikawa,Bright Burning Shout,180,785890
Inori Minase,Koiseyo Otome,174,2100759
TrySail,Gomakashi (TV Size),189,1098415
Pirendora,Pyroclastic Flow,162,2518911
Creepy Nuts,Bling-Bang-Bang-Born (TV Size),157,2117314
Halozy,Kanshou no Matenrou,183,350528
A.SAKA,Yosakura Fubuki,170,2431330
Kiryu,Q,192,1036157
Kagemori Michiru (CV: Morohoshi Sumire),Ready to,147,2008429
Xyris,Beyond the Edge (feat. Hanakuma Chifuyu),205,2337763
Asagi Shiki,Lost Umbrella,274,1628149
EmoCosine vs. nora2r,Initiating League,200,1913475
Minase Inori,TRUST IN ETERNITY,184,996959
PSYQUI,Hype feat. Such (lapix Remix),175,830537
goreshit,my addiction,197,1033403
Yamazaki Moe,Kataomoi no Melody o (Short Ver.),192,2017545
fhana,Hello!My World!!,141,657341
Shinomiya Kaguya (CV: Koga Aoi),Kotae Awase,153,1329463
Lifetheory,Daisy,180,695418
Aqours,Aozora Jumping Heart,200,476956
MIMI feat. Hatsune Miku,Ai no Sukima,204,952409
Hanazawa Kana,"Xin Sheng Qi Mian, Shan E Nan Bian",91,981837
Raphiiel,MooN,193,2509435
NU-KO,Pochiko no Shiawase na Nichijou,192,293130
Panda Eyes,Euphoria,174,747818
Fujiwara Chika (CV: Kohara Konomi),Chikatto Chika Chika (TV Size),178,1850047
Tsukuyomi,Yume to Shiriseba,185,2496837
ZUN,Fuujin Shoujo (Short Ver.),154,2261278
sweet ARMS,Installation,215,2139809
wotoha,O108ROCKET (feat. Neko Hacker),200,2137706
uma vs. Morimori Atsushi,GLORY:ROAD,250,1049362
"nitro (as ""summersick"")",summersick,150,1959431
Bowling For Soup,1985,120,569820
ODDEEO + Karma Wears White Ties,Chinatown Blues [feat. Megpoid Gumi],127,883669
SawanoHiroyuki[nZk]:Rei,INERTIA,126,2396544
ODECORE,GOOD LOYAL THOTS (Instrumental Ver.),131,2110486
Aitsuki Nakuru,happy palette,170,1923942
Takenoko Shounen feat. Hatsune Miku,Sou Datta!!,192,1750040
Blend A,Bon Appetit S (TV Size ver),152,697961
Boom,How Do You Do (Nightcore Remix),175.17,13393
cygnus,Aishuu Ningyo,145,2407557
Satoshi with Pikachu (CV:Matsumoto Rica/Otani Ikue),Alola!!,153,535569
ShinRa-Bansho,Itazura Sensation,192,2035737
chano & 40mP,Natsukoi Hanabi,158,650427
Suzuki Konomi,This game (TV Size),147,1708692
Reol,Plus Danshi ver Reol,180,295225
nonoc,Believe in you (TV Size),92,1412912
void,Just Hold on (To All Fighters),170,409440
lapix,Our Love (Extended Mix),190,2161364
Camellia,GHOST VS. GHOUL Mashup,230,1922400
Pastel*Palettes,Kyu~Mai*flower,183,1571607
Camellia,The Cat Evolved Into The Microwave-proof Cat!,150,2211610
katagiri,Kyuukou,216,2408668
A.SAKA,Kannagi,172,2343293
YAMAZARU,KAZE,162,339306
Nanamori-chu * Goraku-bu,Yuriyurarararayuruyuri Daijiken (TV Size),175,146875
Station Earth,Summer Soulstice,173,1103826
Justice,D.A.N.C.E.,113,875221
Tanimoto Takayoshi (Dragon Soul),Yeah! Break! Care! Break! (TV Size),161,628390
goreshit,o'er the flood,194,454793
Ci Mei Gui,Wu Xuan Lan,167.91,828931
Official HIGE DANdism,Bad for me (Dz'Xa's Amenpunk),200,1728049
Camellia,Light It Up,175,2076124
Camellia,Kisaragi,230,2402191
Professor Sakamoto,TRAIN-TRAIN,192,2210039
sasakure.UK x TJ.hangneil,raputa (Game Ver.),230,2105011
TAG,Romancing Layer,150,339362
cosMo@bousouP,Oceanus,196,1047505
SPIRIT GARDEN *,Akrasia,185,2531874
senya,Omoi ga Rekishi ni Kawaru Toki,150,250309
i_o,Possession,130,1025679
kanone,Falsum Atlantis.,160,1649024
Kaichi Naito,Routine work :(,134,2028085
BTS,FIRE,100,479385
Hatsune Miku,Parade of Liars,200,21926
Nijigasaki High School Idol Club,"NEO SKY, NEO MAP! (TV Size)",142,1362766
Unicorn (CV: Kakuma Ai),My Night,90,778969
Mitsukiyo,Bunny Bunny Carrot Carrot,170,1872276
Helblinde,Above the Clouds,180,344252
SMESHARIKI,M.E.D. PHONK,130,1940374
HyuN,Grin,130,1923546
Camellia,FM Synthesis Experiment,150,1132659
Yooh,RPG,190,1640218
Lime,Aurora,178,2375072
Ardolf,Eternally Onward,200,1939644
Mili,Peach Pit and Cyanide,154,2493980
Rhodanthe*,Happy*Pretty*Clover,182,583943
Various Artists,Umapyoi Legend (Game Ver.),170,2420379
AKITO,Sakura Kagetsu,138,472124
THE ORAL CIGARETTES,MACHINEGUN (Cut Ver.),188,2126021
TRUE,Soundscape,186,508222
Utsu-P,Imperfect Animals,170,1377324
Taishi,Distant Relatives,184,1700615
Imperial Circus Dead Decadence,Shinbatsu o Tadori Kyoukotsu ni Itaru,250,1647221
Laureley feat. Mizukami Sui,Meritocracy,130,2199446
Ardolf,Crimson Wings,260,2325770
saradisk,176 - ikazuchi_B,180,1956799
JKT48,Honest Man (Cut Ver.),175,2063548
EPICA,Wings of Freedom,157.5,737174
"Camellia as ""menaXe inXonnu""",Xronial Xero,335,1837666
MUZZ,Nemesis,175,2567618
May'n,Belief,208,487774
Aira feat. Hatsune Miku,Memoria,205,2277901
CHiCO with HoneyWorks,Koiiro ni Sake,185,431248
Camellia,Arche,200,1189075
RAMM ni Haiyoru Tamao-san,Kirai na Wake Lychee,150,2502080
Nakano Itsuki (CV: Inori Minase),Sunao ni Open heart ~Itsutsu Kazoete~ (Cut Ver.),180,2288732
Ogura Yui,Clear Morning,103,1972879
cygnus,Angel Ring,140,2466842
Mia REGINA,My Sweet Maiden,204,1979194
sakuzyo,ChaiN De/structioN (siilento's solid remix),180,71255
Nanawo Akari,One Room Sugar Life (TV Size),180,814033
Faylan,Dead END (TV Size),183,43584
Phao,2 Phut Hon (KAIZ Remix) (Cut Ver.),128,1398443
Laur,DANGEROOOOUS JUNGLE,160,1791283
Akira Complex,The World Ends Now,200,2018033
Helblinde,Nastrond,190,2524635
Eve,Avant,186,1738425
cYsmix,Classic Pursuit,140,730295
DECO*27,Streaming Heart feat. Hatsune Miku,210,160126
Team Grimoire vs. Laur,Grievous Lady,210,1274027
Len,U.N. Owen was Her?,180,27575
Yooh,Eternity,200,2438278
Laur,Rebuff,160,2385880
Akiri,Evolutionary Anima,173,2363694
Sad Keyboard Guy feat. vally.exe,Beyond Your Words (Cut Ver.),178,2113313
96neko,Uso no Hibana (TV Size),188,620764
nasuo*,Honey Jet Coaster (TV Size),175,1739359
Kshiraki,Seven (Cut Ver.),304,1435937
D-D-Dice,World's end loneliness (full ver.),205,1966708
RYO,Shuffle Heaven,190,85802
ClariS,Hitorigoto -TV MIX-,165,616149
MARETU,Coin Locker Baby,143,2589355
HIMEHINA,Heart Pie Dancehall,141,2114695
Shika-bu,Shikairo Days (TV Size),183,2208337
96neko,Primitive emotion,190,755512
Aiobahn & Yunomi,Ginga Tetsudou no Penguin ft. nicamoq (Stripe.P Remix),110,442510
Camellia,Bassline Yatteru? w,128,809424
Erabareshi,Picon de Metafiction,188,562475
sana,Packet Hero,236,936698
Yuna (CV: Kanda Sayaka),Break Beat Bark!,188,878387
"Harada Hitomi, Kayano Ai & Ogura Yui",Maware! Setsugekka (TV Size),159.99,129383
Shinsei Kamattechan,Boku no Sensou (TV Size),144,1361666
Exile,Indestructible,105,10104
Pendulum,Crush (Radio Edit),174,725428
Suzuki Konomi 'n Kiba of Akiba,Watashi ga Motenai no wa Dou Kangaete mo Omaera ga Warui!,200,109373
Perfume,NIGHT FLIGHT,145,11122
void,Valedict,156,217583
bigbean,bigbean gonna go byebye (not rly),205,2555375
B Komachi,POP IN 2 (TV Size),176,2262056
Aoi a.k.a. ALFOU,Fluctuate (2020 Remaster),195,2382977
Ludicin,Echoes of Memoria,190,2246382
technoplanet,Fairy-tale Planetarium,208,2174621
sana / HoneyWorks,Akatsuki Zukuyo,180,2182464
NAKISO feat. Hatsune Miku,Retry Now,145,2419665
DJ SHARPNEL,Touch the angel,175.34,304422
Camellia,This Future (we didn't expect),180,2221620
Noah,Deadly force,300,1800930
DM DOKURO,No Hints Here!,170,2010282
TARO KOBAYASHI,Paradise Lost -Avatar Battle-,118,762953
MILLIONSTARS,Rat A Tat!!! (TV Size),192,2078248
Fleshgod Apocalypse,The Hypocrisy,250,397784
Tessa Violet,Just Right (Jakki Remix),120,2147051
mikitoP,Shoujorei,150,1682403
xi,Parousia,158,355601
tn-shi,Synthesis.,180,2123098
Wolpis Kater,Kuusou Ressha,175,532596
Shano x 40mP,Natsukoi Hanabi,158,379430
Katero,what's next?,180,2173999
Sephid,Thunderstrike 1988,190,2069877
TrySail,Utsuroi,208,1433678
Zekk,Hatsukoi Memories,210,1157897
ryota,ODDS & ENDS,192,1509977
iconoclasm feat. GUMI,Idola,201,1173565
nano,Rock on.,190,600354
PIKASONIC & Tatsunoshin,Euphoria (feat. Tsugumi Nagahara),175,2108323
HAG,Colorful,192,931452
Hatsuki Yura,Eclipse Parade,208,1603535
YOASOBI x Creepy Nuts,Idol x Bling-Bang-Bang-Born (CosmicMashups Mashup) (Short Ver.),160,2121315
Various Artists,Grisaia Openings Compilation,171,1311349
cassie,me & u (succducc bootleg),160,1161093
Camellia,WHAT THE CAT!?,200,1063740
Mori Calliope & Camellia,HUGE W,152,2002227
PinocchioP,All I Need Are Things I Like,140,1503565
Yuki Honda,Yuukyuu no Catharsis (Golden Eggs J-CORE Bootleg),200,2324506
Marmalade butcher,Immortality Math Club,205,1787141
MYTH & ROID,STYX HELIX,123,444632
Finana Ryugu,TSUNAMI,130,2147855
Hana,Kuukirikigaku Shoujo to Shounen no Uta,182,1055510
MisomyL,Amnehilesie,230,1940328
D-D-Dice,Regret and Dream,192,2510738
Frums,theyaremanycolors,120,829383
Matsushita,raspberry cube,145,1932770
Feryquitous feat. Aitsuki Nakuru,Tsukuyomi ni Naru,180,2366679
LeaF,Aleph-0 (extended ver.),250,1234605
Hana,Kuukirikigaku Shoujo to Shounen no Uta,182,251951
Toromaru,Shounen wa Sora o Tadoru Prog Piano Remix,140,453912
Roselia,Charles,145,1032239
League of Legends,Legends Never Die (ft. Against The Current),140,669826
Thaehan,Chiptune & Baroque,200,1021450
Memme,Chinese Restaurant,175,252357
Amane,Space Time (Amane Hardcore Remix),175,194921
celtix,Baryogenesis,281,2349242
Inori Minase,Ready Steady Go!,190,1736577
Kry.exe,Moondread,220,2291491
RD-Sounds feat. Meramipop,Sanae-san,168,2487660
nao,Toaru Shoukoku no Ohimesama ga...,218,1933807
Various Artists,GIRLS' LEGEND U,205,2233584
Morimori Atsushi,Paradigm Shift (Extended Mix),145,1286752
Haruna Luna,Kimiiro Signal-TV size ver.-,164,305187
ZAQ,Dance In The Game (TV Size),135,1799825
ShinRa-Bansho,Sanyousei SAY YA!!!,150,1356104
Official HIGE DANdism,Mixed Nuts,150,2155635
Twin-Tails,Twintail Dreamer! (TV Size),198,1977298
sakuzyo,AXION,160,546168
OSTER project,Violet Rose,152,1178488
King Gnu,AIZO (TV Size),190,2490388
Gekidan Hitotose,a e i u e o ao!!,145,620436
Nanahira,Petals,192,634241
rusino,Looping the Rooms feat. Hatsune Miku,162,2569079
Lukthungdeath project,GANGNAM STYLE,264,2342939
t+pazolite,Cheatreal,200,1749630
ginkiha,Paved Garden,187,1215941
Farhan feat. GUMI,Dandelion,169,1180255
Yamano Satoko,Doraemon no Uta,120.65,117857
Akiri,Oshi Shinobu,170,2396967
Camellia,REX,240,2410087
UNDEAD CORPORATION,MEGALOMANIA,270,2372053
Sota Fujimori,"Mother Ship (Camellia's ""KABOOOOOOOM!!"" Remix)",147,1072867
The Flashbulb,Amen Iraq,203,2111149
Nishino Kana,Sweet Dreams (11t dnb mix),175,791866
you feat. ugu,PAINTER,175,2305181
D-D-Dice,Seiga Itten (full ver.),214,2037484
DJ SHARPNEL,BLUE ARMY,182.2,1918218
Ave Mujica,Symbol I : Fire,236,2380757
endofsystem,5 Beats,120,2463154
Umeboshi Chazuke,Owari to Hajimari no Oto,201,516824
ClariS,ALIVE (TV Size),180,1818715
MIMI,Mizuoto to Curtain,186,1529722
ChouCho,Yasashisa no Riyuu (TV Size),177,1455812
Various Artists,Sora Yori Songs Compilation,126,1171048
Hate vs. Brilliance,Qubism,180,524503
Morimori Atsushi vs. uma,Arche,195,757718
AAAA,A,245,2077414
Enako feat. Pmarusama.,Iden Tei Tei Meltdown (TV Size),155,1904207
Morimori Atsushi,MilK,150,933882
Soleily,Violet Soul,158,235126
Hexacube,New Generation Hardtek Lover,200,2258498
Shoujo,Reminiscing,175,487074
Beethoven,Moonlight Sonata 3rd Movement (meganeko Remix) (2022 Ver.),164,2119933
ClariS,Careless,185,2157103
Mrs. GREEN APPLE,Inferno (TV Size),185,1708797
d0tc0mmie,I Can't Wait feat. GUMI,128.38,2493125
Paitan,LEMON SUMMER,180,237212
natimernero!,#SWAGG ANTHEM!,194.37,2021203
Mitsukiyo,Dive into Summer,135,2143210
Aiobahn +81,INTERNET ANGEL (TV SIZE),180,2542664
Ashrount,DEUX EX MAXHINA,257,1946175
AAAA,Hoshi o Kakeru Adventure ~ we are forever friends! ~ [Long ver.],224,895664
Nekomata Master,Scars of FAUNA,165,644654
BlackY fused with WAiKURO,Alea jacta est! (Long Version),162,1931924
Imy,Tsukishigure,170,1779160
Raphlesia,PSYCHO-BOMB,155,2024298
aa...hisuichazuke...,Procyon,222,2360534
HAG,Colorful (Cut Ver.),192,1962079
Mori Calliope,"Excuse My Rudeness, But Could You Please RIP (ReeK's ""Dude Whats A Genre"" Remix)",220,1707074
LV.4 feat. Yuu Ikeba,Sentimental Surge,190,1935688
ISEGYE IDOL,RE:WIND,140,2146646
kemu,Ikasama Life Game,200,59792
Kano,Walk This Way! (Cut Ver.),260,1127002
24K,SUPERFLY,96.5,558362
Kobaryo,Bookmaker,175,1305249
Tsukino,Dohna Dohna no Uta,152,1459224
May'n,graphite/diamond (TV Size),195,1912365
SmokyThrill77,Congrathalations! (Cut Ver.),173,2081814
Chroma,sink to the deep sea world (FIFTH DREAM PARALLEL Remix) (Cut Ver.),185,2304810
asmi feat. Chinozo,Dokimeki Diary (TV Size),185,2028745
KOTOKO,agony,132,1697454
zts,miragecoordinator,150,1841989
Onabuta Ikuko (CV: Kurata Aria),Let's Roll!!,258,2261088
ChouCho,BLESS YoUr NAME,190,300480
Nightwish,Dark Chest of Wonders,189.17,82846
Omoi,Snow Drive(01.23),224,478405
Aoi,Welkius,210,2321296
Jackal Queenston,Rubber Band,175,1112418
Lime,Nocturne,188,2498466
USAO vs. lapix,CLIMAX,160,2173396
cewer,jetset,215,2075080
KikuoHana,Nobore! Susume! Takai Tou,142,580273
the peggies,Centimeter (TV Size),140,1206286
u's,START:DASH!!,150,99340
Goose house,Hikaru nara,160,440169
Son Tung M-TP,Lac Troi,135,909534
bbno$ & Rich Brian,edamame,106,1557107
Tomari Mari,Mari <3 Age (Short Ver.),158,2166981
Marmalade butcher,CuttingEdgeInsaneArtifact,190,2321277
Ludicin,Lost Requiem,200,2330141
THE ORAL CIGARETTES,Red Criminal (TV Size),192,1510988
Feryquitous,Vend,128,1031862
sasakure.UK,-echo-: NieR Song of the Ancients / Devola ~ Song of the Ancients / Popola,140,1493195
Chroma,The First Snowfall On My Secret base,133.33,1295555
penoreri,Prayer,144,952639
THE ORAL CIGARETTES,Kyouran Hey Kids!!,142,371118
Banshi,Kotonoha,188,469334
Reizoko Cj,Svensk Super Kung-Fu (Cut Ver.),250,1944267
KAI,Rover,93,1990263
Yu_Asahina,Ongaku -resolve-,170,540432
Nanashi Mumei,mumei,96,2073855
Miku Sawai,"Konna Sekai, Shiritakunakatta. (Anime Ver.)",88,552521
Nanamori-chu*Gorakubu,Acchu~ma Seishun!,184,451830
kamome sano,</emotional>,174,800663
Minami,Kawaki wo Ameku,129,1934859
SAKURA*TRICK,Won(*3*)Chu KissMe! [TV Size],153,141672
Silent Siren,Hachigatsu no Yoru,188,621593
JULIE SIGTUNA (CV:Yamamoto Nozomi),BelievexBelieve,122,257325
jeko,Geheimnis,185,2463674
Jipotan,"Piano Rendanteki ""You"" ~Higurashi no Naku Koro ni~",140,1830075
MIssionary,Song of Sin,190,1865984
Mr.T,athletic meet of sound toy,190,1855686
Du Vel Mat Te,1104,110,2038524
"NicoNico Chorus, Hatsune Miku",Romeo & Cinderella,170,11036
Himeringo,Idola no Circus,181,147177
Suzuki Konomi,Realize (TV Size),206,1192653
Falcom Sound Team jdk feat. Sasaka Megumi,Namonaki Akumu no Hate (Short Ver.),174,2190646
ALTIMA,Fight 4 Real (TV Size),148,153239
Zou Tian Heng,No.1127,232,160779
Aiobahn +81 feat. Nanahira & Pmarusama.,Ten Ten Tengoku Jigokugoku,140,2389740
Halv,Beyond The 4tmosphere,206,2206847
Coda,BLOODY STREAM,132,674882
senya,Sanzen Sekai,150,1461660
Kep1er,Back to the City,177,1972972
Datsuji-P,Anison Sprint (Anime Song Medley),192,45853
M9RVEN,Succubus Gabber,165,1961829
mafumafu,Moudoku ga Osou,156,956595
Dr. Flowershirts,Duel(O2 Version),150,7202
Hakubi,Doko ni mo Ikenai Bokutachi wa,180,997970
Zedd,Stay The Night feat. Hayley Williams,128,379313
Fujikawa Chiai,Kuyashisa wa Tane (Cut Ver.),182,1217471
Mitsukiyo,Rolling Beat,170,1847026
SVENS,Appeasement (Cut Ver.),100,1088978
Quarks (kradness & Camellia),Intro + Dualive,190,2140932
BlackY,Babylon,156,634232
DJKurara & Supire,Search And Destroy,240,2329041
cosMo@BousouP,Deux Saint-Co Odyssey!!,160,1497081
Shika-bu,Shikairo Days (TV Size),183,2208059
Frums,24eeev0-$,100,2322139
DragonForce,Ashes of the Dawn,180,2090760
xi,Solar Storm,200,1088476
Marmalade butcher,CuttingEdgeInsaneArtifact,190,2523377
saradisk,168 - 401,200,2516285
Bernd Krueger,"Sonata No.14 in cis-Moll, Op. 27/2 - 3. Satz",166.74,518426
Alex C. feat. Yass,Doktorspiele (Nightcore Mix),172.3,2080781
YURRY CANON,Nadeshiko color Heart,145,682996
Akatsuki Records,HANIPAGANDA,181,1780259
inabakumori,Himitsu no Shougakusei,185,1798456
UNDEAD CORPORATION,MEGALOMANIA,270,2419751
Zekk,Opal (Cut Ver.),170,1227902
Camellia,"#1f1e33 (Another long ""#ant1p01e"" version)",181,1646845
xi,Mjoelnir,222,1661762
Yousei Teikoku,The Creator,280,41242
USAO vs. DJ Myosuke,OUTRAGE,215,2447985
Mayumi Morinaga,Glitter (Starving Trancer Remix) feat. Another Infinity,140,2249483
Yamamoto Mineko,"Falling, The Star Light",178,1803919
Nudarai,Nuclear Fusion,174,25557
Camellia feat. Camellia,Following the Waving Wings -Last Plaudits-,255,2033977
ATEEZ,INCEPTION,150,1706886
tokiwa,Orthodox,170,1397714
Billx,Punishment (Dustvoxx Remix),190,1000065
Diao Ye Zong feat. Ranko,Tomo ni Aruku Sono Kokoro,152,938010
Kaga Sumire,Lead Control,130,2574711
KOBASOLO & Lefty Hand Cream,Zen Zen Zense,190,525926
IOSYS,Border of Extacy,204,7932
S3RL,Bass Slut (Original Mix),175,983911
o!mLN4 Sound Team,Illusion's End ~ Reflection's Awakening,270,2455633
TOOBOE,Tablet (TV Size),200,1877335
Celldweller,Weaponized,200,705668
TrySail,adrenaline!!! -TV Ver-,268,610333
Nishikino Maki (CV:Pile) & Yazawa Nico (CV:Tokui Sora),Zurui yo Magnetic today,180,290598
Kaneko Chiharu,SILENT BLUE,210,1726774
Slax,Kazusa,216,2278976
Infected Mushroom & BLiSS,Ani Mevushal (Cut Ver.),145,1348758
"DeltaH, Gardens, glasse, Musature, Myntian, Sad Keyboard Guy",Rite of Ascendancy,170,1908304
Sydosys,Voyage,132,2150872
Kou!,sub/zerO,162,2123291
Camellia,OOPARTS,205,1608837
Tanchiky,TATATATA,200,2235645
Qrispy Joybox,snow prism,196,186096
Zekk,Turbulence,174,1683802
SP-#,tinnitus,208,2045302
ARM (IOSYS) x PAPRIKA (BUTAOTOME),Barberia Tango,175,2063918
Muzzy,Endgame,175,397905
Brad Breeck,Gravity Falls Theme Song,165.8,313844
Azu,Haryu,218,183478
t+pazolite,cheatreal,200,88180
Spica,Yume o Kakeru!,195,2417907
Chai Found Music Workshop,Tanhou ~Blooming~,172,2192189
Silent Siren,Routine,176,811298
S3RL feat. Krystal,R4V3 B0Y (Future Shock Remix),175,2205447
Meg & Dia,Monster (DotEXE Remix),140,157896
Sleeping Pola,kuuchuubunkai,163,1988616
Bipmo Bopmo,Ultraviolet,147,1977151
Ave Mujica,KiLLKiSS (TV Size),200,2325733
Chikamori Kayako,Kigurumi Sungeki,185,1312079
Silentroom,NULCTRL EX,100,1128596
Sakurakou K-ON Bu,Cagayake!GIRLS (5-nin Ver.) (TV Size),170,2237062
NOMA,Brain Power,170,357777
Yonezu Kenshi,LOSER,121,852544
Camellia,Circles of Death,200,2177223
t+pazolite,Refactoring Travel (feat. Nanahira) (Cut Ver.),240,1743116
Mr. Bill,Pastel (voljum Remix) (Cut Ver.),140,2230124
Camellia feat. Nanahira,"Energy * Drin-ko * Fein-chan!  (Camellia's ""MONSTERISTIC"" D. M. P. Remix)",190,1316055
lapix,Cranberry City feat. Luschel,138,2023123
Kenshi Yonezu,KICK BACK,204,1864481
"Sound piercer ""Espitz""",Mirage Fragrance (Live Band Extended),158,1930178
"Uinyasu, Occhoko Bunny",Aa Kenran no Yume ga Gotoku (Game Ver.),146,2561883
Cranky vs. MASAKI,ouroboros -twin stroke of the end-,188,845135
Masayoshi Minoshima,Bad Apple!! feat.nomico (Nhato Remix),138,616378
Yooh,salvation,192,459200
Mimori Suzuko,Yumemiru! Shinjiru! Mirai Kanaete!,173,370502
HERO,"""Tenohira"" (TV Size)",207,1959118
Betwixt & Between,hydra (long edit),190,1217695
antiPLUR,One Life Left to Live,175,966408
Manami Numakura,Sakebe,195,511055
Morimori Atsushi,Paradigm Shift (Extended Mix),145,2022063
EmoCosine,This Club is Not 4 U (Short Ver.),160,2277552
KOTOKO,Koi Kou Enishi,144,2167548
Ryu*,Rondo Alla Turca (Ryu* Remix),142,34468
Waterflame,The Show,165,2052515
BlackY,Babylon -Prayer- (Remixed by Yooh) (Sped Up Ver.),166.92,991658
Camellia,BAD ACCESS (FROM A MOE MAID),150,1483944
RoughSketch a.k.a. uno(IOSYS),#SpeedyCats,226,1717111
D-D-Dice,Seiga Itten (Ponchi Remix),214,2162800
UNDEAD CORPORATION,karakurenawi,170,329497
Sagara Kokoro,Hoshizora no Ima,185,2211742
u's,"Natsuiro Egao de 1, 2, Jump! Funkot Remix",180,364112
Omoi,Nee William,181,164155
Noah,Deadly force - Put an end,300,1748192
katagiri,Kyuukou,216,1939261
halca,Darekare Scramble,150,1891721
Various Artists,Umapyoi Densetsu,170,2409371
PSYQUI,Education,180,983953
Nogizaka46,Tsuki no Ookisa (TV Size),185,1990517
Camellia feat. Nanahira,PAPAYAPA BASS,147,529991
Yuizuki Sora,"Koi, Hitokuchi.",190,1045588
HoneyWorks,Songs Compilation,140,1846623
Sleeping With Sirens,If You Can't Hang,192,1000309
SOOOO,Happppy song,226,2400856
Hoshikawa Sara,Youkya JK ni Akogareru Inkya JK no Uta,158,2068399
Ave Mujica,The Whole Blue World,200,2589471
Yousei Teikoku,Zetsubou plantation,230,86009
Camellia,Towards The Horizon,154.38,636393
BlackY feat. Risa Yuzuki,Harutsuge Kochou,202,1402981
BLANKFIELD,Goodbye,258,682520
Shimoji Shino,God Save The Girls (TV Size),170,1103239
Nogizaka46,Yubi Bouenkyou ~Anime-ban~,180,623924
TK from Ling tosite sigure,Tagatame (TV Size),138,2295052
BaconAkin,Yeah Boy - Shooting Stars,125,576426
ZOC,Chu-puri,180,2059282
YUC'e,Sugary Galaxy,172,1879397
Wonderlands x Showtime,TONDEMO-WONDERZ,172,1547596
DCX,Flying High (DJ Splash Remix),176.09,22194
Feryquitous feat. Aitsuki Nakuru,Fake,210,2508620
Petit Rabbit's with beans,Honjitsu wa Makoto ni Ra Ri Ru Rain (Cut Ver.),183,2087699
Street,Sakura Fubuki,175,1748991
UNISON SQUARE GARDEN,Haru ga Kite Bokura,132,862236
TRUE,DREAM SOLISTER,167,359501
Ludicin,Clinozoisite,175,2112596
Vini Vici,kookaburra remix,163,1217567
Gekidan Hitotose,a e i u e o ao!! (TV Size),145,843804
ESTi,HELIX,175,137037
Suzuki Konomi,Bursty Greedy Spider (TV Size),178,1423986
0 K,Virtual Beach,112.5,2342660
Laur,Executioner,270,2445798
seatrus,EXXTRA JUDGEMENT,200,2092074
Lime,Stellaria,227,2377592
ClariS,SHIORI,176,1668655
P*Light feat. mow*2,Hello Happiness,182,483147
Brian The Sun,Lonely Go! (TV Size),204,863227
solfa feat. Yumeno Yuki,Princess * Sisters!,190,2001969
Mili,Paper Bouquet (TV Size),212,1841442
Sakamoto Maaya,Yakudou,205,1420081
yonige,Mebuku Toki (TV Size),150,2538892
Nakamura Meiko,Scarlet Faith,151,144223
Massive New Krew,Kill 'Em All,185,1900450
"25-ji, Nightcord de. x Hatsune Miku",I Nandesu,185,1894015
LongestSoloEver,DAW WARS (Eurobeat Remix),175,1921104
7!!,"Sayonara Memory (""NARUTO SHIPPUDEN"" Ending Ver.)",152,525138
Virtual Riot,100bpm Future Chords,200,2001937
Daniel Ingram,"A True, True Friend",120,81493
Leon Lai,Zhong Ai Qing You (Speed up Version),168,103550
Chroma,Sayonara Planet Wars,224,1584414
LUM!X feat. Pia Maria,Halo (Nightcore & Cut Ver.),180,2408538
Frums,sing sing red indigo,114,1977616
"Kagura Hikari (CV: Mimori Suzuko), Daiba Nana (CV: Koizumi Moeka)",RE:CREATE,160,1813106
Sleepytime Gorilla Museum,1997 (Tonight We're Gonna Party Like It's...),109.79,1938196
vierre cloud,moment,171.25,1413104
Isekaijoucho,Kyoukankaku Obake,184,1953436
Tally Hall,Welcome to Tally Hall,101,1506202
Kawada Mami,Wings of Courage -Sora o Koete-,160,185572
cygnus,Graduation from The World,140,2508774
xi,FREEDOM DiVE,222.22,2405981
ZUN,Toragara no Bishamonten,149,1381135
Ado,Ashura-chan,156,1664354
senya,Koborezu no Negaigoto,150,1330002
Dieter Holesch & Ecco Meineke,Willi wills wissen,184,1343736
polysha & CK,The (un)cliched ending,200,2271210
Sayuri,Hana no Tou,170,2296722
BiSH,stereo future,174,906073
Camellia feat. Nanahira,Shakunetsu Candle Master,250,2313824
Magnetude,I'm For You (Cut Ver.),174,1986557
siromaru + cranky,conflict,160,1916285
Kikuo,Aishite Aishite Aishite,230,2039056
ZUTOMAYO,Time Left (TV Size),141,1868728
mami,Jousou Dystopia,228,235619
Imperial Circus Dead Decadence,Hyakki Yakou -Pandemonic Night Parade-,200,2138714
Camellia,Spin Eternally,222,1751794
NZBZ,Chao Yue Ji Xian,174.15,600528
"Maho (CV: Uchida Maaya), Kaori (CV: Takamori Natsumi)",Peaceful*Chanpuru,135,1926975
DOT96,JETSTICK PT.1.5,174,2153113
senya,Yakusoku no Chikara,150,349810
"Nanahira, Reol",Electric Angel,150,958353
Camellia,Looking for Edge of Ground,174,1560424
bill wurtz,diamond,105,2422509
seatrus,Disintegrate of Eden,230,2386306
NU-KO,Pochiko no Shiawase na Nichijou (Long Version),192,307034
Yonekura Chihiro,DEAR MY WAKER,140,1579180
Camellia feat. Nanahira,Tsukitourou,191,383147
Sayuri,Hana no Tou (TV Size),170,1807942
Chihara Minori,Kyoukai no Kanata (TV Size),184,1664358
Nakiri Ayame,Kaishin no Ichigeki!,236,939512
"ANGUISH, deepins & ily",Etazhi,185,2559592
Xiu Xiu,Apistat Commander,140.7,2302552
Suzuki Konomi,Realize,206,1244533
M2U,Wicked Fate,140,591635
kanemiko,Ruin in Cascade,200,2318032
wotoha,TESHiKANi,175,2347413
Halozy,Masshiro na Yuki,170,1444301
xi,White Peak,191,2013471
Sta,Iris,195,2014767
CTCT,All Stars Turn into Dust,153,1846313
inabakumori,Lagtrain,147,1222543
DJ Raisei,T.R.A.P.,203,1894276
BlackY,Sthenno,185,1412241
Hitotsuyanagi-tai,Tsunagari,187,2286192
Camellia,FINAL BLENDERMAN APPEARED. (feat. RichaadEB),230,1900729
Amuro vs. Killer,"Mei (Camellia's ""Yomigae"" Remix)",210,1827115
Knock2,murdah (ISOxo Remix),145,2322300
NIWASHI,Look At That Emerald,183,2134296
yak_won,Wind Tales,150,2080120
Wagakki Band,Tengaku,232,996706
LV.4,Clouds Schatze (Cut Ver.),180,1640425
yuikonnu,Otsukimi Recital,195,107763
Amane,Roaddoggz,165,15211
Galileo Galilei,Aoi Shiori,132,316861
S.H.E.,Chung Kuo Hua-Chinese,100,1943
Camellia,"Xeroa (""preconnaiXance"" Long ver.)",301,1305067
ak+q,Axium Crisis,170,797108
Lena Raine,Scattered and Lost,98,1181163
O2i3,Capitalism Cannon,190,626677
Powerless,CODE:RED,220,2326263
PinocchioP,SLoWMoTIoN,160,477058
ShinRa-Bansho,Aqua Terrarium,150.5,1284535
My Chemical Romance,The Foundations of Decay,150,1767845
YOASOBI,Idol,166,1982752
TAKIO,Kamigami no Sumau Ten'iki (self cover),235,2530258
Asterisk,Ren-chon no Drum 'n' Bass,175,331190
SPLAY,Drawing Days (TV Size),175.98,8838
u's,Snow halation,173,893614
TERRASPEX,AMAZING BREAK,153,571835
Tanchiky,ULTRA SYNERGY MATRIX (ULTRA EXTENDED),160,2191464
Atarayo,"""Boku wa...""",180,2118665
Franz Ferdinand,This Fffire,148,1866619
USAO,Try Again,170,804339
Imy,Tsuioku no Kakera,190,2093265
lapix & Massive New Krew,Bizzare Nation,150,2092121
penoreri,Everlasting Message,230,302447
crafter2011,ball hard,195,1775193
Y&Co. feat. Karin,Sweet Rain,155,74779
xi,Angel's Ladder,155,1768657
Frums,Thinker Walker Dreamer Scatter,154,1802547
HOLY SAMBA MASTER -SATOH- (Lime),Holy Sambaland,150,1817468
A?,ENERGY INFLATION,215,2358356
Pendulum,The Island (MaxNRG Remix),174,110637
DM Ashura feat. Skizzo & Hanna,Move That Body!,145,330717
JYOCHO,"a perfect triangle, rising sun human",300,2042835
PSYQUI feat. mikanzil,Pallet,142,1846038
C-Show,Invitation from Mr.C,230,293235
Frums,Star of the COME ON!!,250,1313199
ZAQ,Seven Doors,203,232290
Camellia,Syzygia,190,1468597
TOGENASHI TOGEARI,VOID (TV Size),148,2207220
Asriel,Shikkoku no Taiyou ni Yakarete,205,2244510
Shihori,Magic Girl !!,156,53519
toby fox,Metal Crusher,116,2036645
TamaDo,Triumphal Return,260,1800839
Kagamine Rin,Love is War (Remix),144,9220
Roselia,Synchrogazer,159,1654622
THE ORAL CIGARETTES,ReI,186,1465638
Grabbitz,Way Too Deep,140,383070
Maroon 5,Moves Like Jagger ft. Christina Aguilera,127.98,156371
MOMOIRO CLOVER Z,SANTA SAN,190,695316
Helblinde,Ritsuen!!,175.31,17670
Marina and the Diamonds,Oh No! (Nightcore Mix),153,2293442
Rex Orange County,Television / So Far So Good (Cut Ver.),165,1730672
kei_iwata feat. Lycoris Radiata,Frontier Explorer,200,1720028
Y..J,Wind Island,170,1462834
sasakure.UK feat. Shirakami Fubuki,KINGWORLD,240,1777999
THE ORAL CIGARETTES,ONE'S AGAIN (Cut Ver.),220,1510886
Saratoga (CV: Uesaka Sumire),Souzetsu Gekkou,180,713930
WEDNESDAY CAMPANELLA,Summer Time Ghost,142,2352150
Tears Of Tragedy,Toki ni Kagami wa Uso o Tsuku,185,1311668
Frederic,oddloop,172,595899
Baracuda,La Di Da (Nightcore Mix),162.5,17852
Ludicin,Fallen Symphony,250,1948301
Raphiiel,RoquiRa : Between Life and Death,183,1771781
YENA,SMARTPHONE (Cut Ver.),176,2208331
Armin van Buuren vs. Vini Vici feat. Hilight Tribe,Great Spirit (Extended Mix),138,765801
Fractal Dreamers,Whispers from a Distant Star,190,1494747
455-38B,G e n g a o z o (Delay Ver.),153,1696327
Boxplot,Tramontane,174,2270381
Celldweller,Lost In Time,210,1991630
R.B.P.,Y.Y.Y. Keikaku!!!! (Game Ver.),186,1539403
3R2,Bunny Panic!!!,175,573894
Misty Rain,Sakura no Sakanu wa Eiketsu no,152,59592
Toshihiko Sahashi,Tsuna Awakens,101.99,30933
u's,Music S.T.A.R.T!!,168,292823
Camellia,Antineutrino Witchcraft,242,2238682
VINXIS,Sidetracked Day (Short Ver.),188,771159
Camellia,"Fly to night, tonight",132,2522406
A.SAKA,Nanatsu Issenzakura,172,220432
Jea,snows ~Soshite Kiseki~,186.23,1505724
yoho,Ocean's Legacy,342,2541937
Arman Vesona,Makan Bang,170,2403306
HyuN feat. Syepias,CROSS SOUL,200,2418706
girl in red,we fell in love in october (Cut Ver.),130,2008871
Thank You Scientist,Life of Vermin,120,1217706
7_7,Shine,255,2123187
MARETU,Tool,172,2447241
rejection,Aimai Attitude (feat. Nakamura Sanso),200,2325129
yuikonnu,Uchouten Vivace,266,1000007
DJ SHARPNEL,FUWANITY,190.73,2286773
All That Remains,Two Weeks,224,1279157
Hyadain,Enemy Appearance!,170,184023
Camellia,POLYBIUS GB SPEEDRUN (Glitchless 100% WR in 0:03:57),198,2438737
A.SAKA,Nanatsu Hiiragisuikou (scenic mix),174,2341138
seatrus,GRAVITY ZONE,166,2261148
Korpiklaani,Vodka,180,26886
kis-kis,devochka-mal'chik,155,1859450
L.E.D.-G,EMPEROR OF THE AVALON,180,2272943
LiSA,Brave Freak Out -TV ver.-,199.95,483862
Raphiiel,RoquiRa : Between Life and Death (Cut Ver.),183,2250157
Mitsuki Kotono,Fuyu ni Saku Hana,170,1072946
cosMo@bousouP,Hatsune Miku no Gekishou,200,1370608
Sagara Kokoro,Hoshizora no Ima (Short Ver.),185,2185785
chano & 40mP,Natsukoi Hanabi (Sped Up Ver.),175.4,1244123
Rise Against,Whereabouts Unknown,183,327188
Yoomiii,Rhythm Of Love,130,102071
-45,Fuyu Hotaru,138.12,2398420
nano,Hysteria,210,168662
STEREO DIVE FOUNDATION,PEACEKEEPER (TV Size),200,2166051
Machico,Korekara (TV Size),162,794264
GARNiDELiA,Yakusoku -Promise code-,198,2089005
Toby Fox,Rude Buster (Camellia Remix),265,1197216
Liz Triangle,The Starry true,153,327114
Ludicin,Clinozoisite,175,2129939
UNDEAD CORPORATION,Xing Noises,205,2056340
Spira Spica,Sansan Days (TV Size),180,1671022
"BEMANI Sound Team ""PHQUASE vs. DJ TOTTO""",TWO-TORIAL,213,2449429
Amamiya Sora,Skyreach (TV size),184,191415
Laur vs. CK,Lost Civilization,210,2546541
Reku Mochizuki,FORViDDEN ENERZY -Fataldoze-,185,1479741
DJ Okawari,Canon (Short Ver.),98,44305
hololive ID,Bebas,85,1944544
Kou! & TBN,Neo-Chromoxidation (2025 Remaster),200,2403127
Ironami,Melty Sweets,177,968909
MikitoP feat.Matsushita,Kunoichi demo Koi ga Shitai,185,337127
Mahiru,Taishou x,136,1238277
Celldweller,Pulsar,86,272785
League of Legends,"RISE (ft. The Glitch Mob, Mako, and The Word Alive)",177,858938
SLAVE.V-V-R feat. Sakuraba Ema (CV: Mikitani Nana),LaVI-Bavellabion (Game Ver.),142,2416670
Agnete Kjolsrud,Get Jinxed,180,361740
SPYAIR,I'M A BELIEVER,194,362718
DJ S3RL feat. Tamika,Rainbow Girl,175,67105
Lime,Pixel Planet,222,2388871
KOTOKO,Sociometry (TV Size),142,1296053
"Sound Piercer ""ESPITZ""",NOVO HORIZONTE,166,2267666
Thaehan,Doki-Doki,180,2125740
Takamachi Walk,Redeemer,140,1942556
SUPER JUNIOR,Bonamana (Rearranged Studio Ver.),250,1751663
YOASOBI,Kaibutsu,170,1994184
aa...hisuichazuke...,Antinomie,242,2415880
Official HIGE DANdism,White Noise (TV Size),143,1914255
Nakagawa Kanon (CV: Toyama Nao),Happy Crescent,162,877573
Ichinose Go,Champion Shirona,101,1156409
umu.,humanly,250,1045518
ClariS,Careless,185,1596835
xi,Longinus,212,2374795
DJ TOTTO,Crystalia,270,782749
MirapiQ,Metamorphose=Metafiction,180,1988643
Roselia,Guren no Yumiya,181,825409
Imperial Circus Dead Decadence,"Yomi yori Kikoyu, Koukoku no Tou to Honoo no Shoujo.",220,461744
Yumemi Riamu (CV: Hoshiki Seena),OTAHEN Anthem -Massive New Krew Remix- (Cut Ver.),200,2361669
Camellia,Blackmagik Blazing,256,1309565
aran,Xperanza,200,788120
DUSTCELL,Anemone,136,1247651
ke-ji feat. Nanahira,Ange du Blanc Pur,182,2475471
cosMo@bousouP feat. Hatsune Miku,Hatsune Miku no Tomadoi,228,1964010
Secret Society holoX,Jack Pot Sad Girl,204,1924180
Kano,Walk This Way!,260,2237503
Kotoha,Yuki wa Naniiro,179,2046132
Azusa Tadokoro,Junshin Always,180,401869
penoreri,The Dove,176,1667363
Camellia,"d:for the DELTA (Camellia's ""PLANETARY//DUBSTEP"" Remix)",150,928491
Yuyoyuppe feat. Natsuki Karin,SICK -Yanderu EP-,150,1996989
Korone Pochi x Nanahira,Big Cheese! (Cut Ver.),160,1700363
Falcom Sound Team jdk,Like a Whirlwind,216,1898575
"Hara Yuuko, Kaneko Mayumi, Chisuga Haruka, Muranaka Tomo, Yasuno Kiyono",Junjou Midnight Densetsu (Game Ver.),171,1734025
Ardolf,(execute.),220,2026104
Nightcord at 25:00 x Kagamine Rin,Close to gray,108,1796206
Yuyoyuppe,Hidamari no Uta,136,2505838
Zekk,For Your Christmas,175,2479290
Nanakura Rin (CV: Hayami Saori) & Kitahama Eiji (CV: Okamoto Nobuhiko),Blouse,179.96,2581597
AA... Hisui Chazuke...,Stardust Prism,190,755101
AK X LYNX feat. Veela,Virtual Paradise (Cut Ver.),174,586954
Hatsune Miku & Megpoid Gumi,MATRYOSHKA,205,19789
livetune,Light Song,130,140257
GYARI,Zettai ni Chocomint o Taberu Aoi-chan,140,1607093
SB_YUNE,Dread of the grave -more fear-,156,1015450
Drake,One Dance feat. Wizkid & Kyla,104,1849267
kalon.,Juubaku,190,529724
NICO Touches the Walls,Hologram (TV Size),156.12,365702
YUC'e,Summer Lover!!,95,2057950
Krfawy,Kac (TV Size),112,273355
Frums,HALL,246,2414349
Eine Kleine,"Kyouki Douwa ""Daiyonshou OZ""",115,2255758
Xyris,FOXGLOVE,190,2318416
Minato Aqua,"Mada, Aoi",185,1825062
Ayumi.,Hanagoyomi short version,180,513745
Ado,RuLe,132,2282715
Camellia,OOPARTS,205,1505323
Fujiwara Chika (CV: Kohara Konomi),Chikatto Chika Chika,178,962996
Se-U-Ra,LOA2,202,1348806
fripSide,pico scope -SACLA-,169,1672943
Rish feat. Choko,Tanaka,186,1734003
yuki.,Nadeshiko Sensation,200,1003554
BlackY,Harpuia,186,295703
HyperJuice,"City Lights feat. EVO+, Jinmenusagi (Pa's Lam System Remix)",145,2259021
Imperial Circus Dead Decadence,Yuuaku no Inori - Anima immortalis est. -,270,2475387
Mori+,LIMBO,191.91,1963162
hapi=>,THE MEDLEY OF POKEMON RGBY+GSC -3PBs-,190,973932
KANA-BOON,Baton Road,162,609700
takehirotei as ''Infinite Limit'',Rules of the Chaos Dilemma,251,1981550
Lime,BEYOND,276,2306690
Nizikawa,Isuzu no TRACK,170,399377
Taiyou to Odore Tsukiyo ni Utae,Otowa (TV Size),142,2235627
BLACKPINK,BOOMBAYAH,125,500858
mafumafu,I wanna be a girl,140,1069248
Hei Shou De Yu Tou,o i i a i o o o o o i a i,150,2281018
Reol,Asymmetry,184,292077
TEARS OF TRAGEDY,Prison Of Abyss,243,2159296
BlackY vs. Yooh,Happy Voice,175,573298
Kishida Kyoudan & The Akeboshi Rockets,STRIKE THE BLOOD,208,155315
spoonXYZ,I have 7001 GAY FURRY in my FRIDGECORE,280.73,2518016
Imperial Circus Dead Decadence,Shinbatsu o Tadori Kyoukotsu ni Itaru,250,2348607
DragonForce,Chemical Interference,190,584941
Columba (Daily vs. Roon_kun),Muspelheim,155,2434689
BABYMETAL,Akatsuki,170,2160406
TUYU,Shuuten no Saki ga Aru to Suru Naraba.,235,1519445
Dreamcatcher,YOU AND I,194,1667016
DJ SHARPNEL,LITTLE GOD CH@NNEL,188.75,2040076
AAAA,Hazukashigariya no Toy Soldier,163,1060064
Omerta,Charade (feat. Vincente Void & Hash Gordon),180,2298540
Daisuke Ishiwatari feat. Mary Dale Sanchez,Childish killer,155,2031329
Cansol,"1,2,3,4!",178,1926697
7!!,Orange (Piano Arrange Ver.),84,505667
Nekomata Master+,Spiral2005,140,2085344
The Flashbulb,Chik Habit,210,1964687
Sisterz,Inverse World,185,476172
Guchiry feat. flower,Abnormality Dancin' Girl,220,1751091
Sewerslvt,Newlove,130,1097670
Suzuki Konomi,Love? Reason why!!,137,1900700
cosMo@BousouP,Last Piece ni Shukufuku to Eikou o,280,2347635
GYZE,HONESTY,185,586121
CHiCO with HoneyWorks,Sekai wa Koi ni Ochiteiru,130,549977
Nomizu Iori,Black + White (TV Size),192,1130937
nano,Born to be,192,192083
Zekk,Fallen,170,1170054
aran,L.F.O,180,937565
D-D-Dice,Wish Upon a Snow,218,2097618
nanawoakari,Doppel ally,187,770165
Mitchie M,Viva Happy,148,120002
IOSYS,Cirno Chirumiru,180,5708
you feat. nayuta,Comet (2019 Reworks),174,1702718
frxgxd,in the middle of nowhere w/ uselet,200,2329905
Ice,citanLu,168,470304
Halozy,Three Magic (DiGiTAL WiNG TRANCE Remix),140,564014
Yoshida Yasei,Override,204,2179299
DECO*27,Telepathy feat. Hatsune Miku,205,2340442
HO-KAGO TEA TIME,Kira Kira Days (Cut Ver.),200,1950971
Masayoshi Minoshima ft. nomico,Bad Apple!!,137.98,10435
Demetori,Retrospective Kyoto ~ Japanese Beautiful Barrage,185,897861
96neko,Buriki no Dance,172,1296562
Imperial Circus Dead Decadence,Tensei,145,2407477
Hamu feat. Natsuki Karin,Sunao ni Naritai (osu! Edit Ver.),160,2197136
Juice WRLD,Wasted (feat. Lil Uzi Vert) [huken x murkish remix] (Nightcore & Cut Ver.),188.5,2505062
Haywyre,Dichotomy (Soft Mix),160,1905886
REOL,YoiYoi Kokon,150,552854
DJ SHARPNEL,THE POWER OF UNDERGROUND,195.3,2288379
blink-182,Heart's All Gone,160,421518
MirapiQ,Metamorphose=Metafiction,180,1563204
HowToPlayLN,Veil of Maya,310,2040476
Matsunaga Maho (from StylipS),Resonant World,190,193326
NayutalieN,Ray Tuning,190,2117391
Batushka,Pesn' 8,180,2370103
Altria Pendragon (Santa Alter) (CV : Ayako Kawasumi),Jingle Bells,111,689134
Camellia feat. Nanahira,finorza,225,1751916
Yuuki Noa (CV: Kanako),The Order...,205,1644396
AKINO from bless4,MIIRO (LU-I Remix),185,1007148
Yukinoshita Yukino (CV: Hayami Saori) & Yuigahama Yui (CV: Touyama Nao),Everyday World (TV Size),154,2004882
Hatsune Miku,VOiCE,135,12776
O2i3,Heart Function,185,1139247
TEARS OF TRAGEDY,Prison Of Abyss,243,2371748
2hollis,flash (demo ver.),142,2290034
Draw the Emotional,Sad spring,184,994604
Yusuke,V (TV Size),200,1968395
Euchaeta,eien,103,2187234
Natsu,Regression -HARDCORE-,190,1820368
nora2r,B.B.K.K.B.K.K. (Extended Mix),170,368336
MYLK,Dream Catcher (Blue Satellite Remix),145,696380
DIVELA feat. Hatsune Miku,DERERERE,170,2453821
AiRI,Towa ni Saku Hana,95,1080804
Amidst,Digital,130,1320499
The Living Tombstone,Five Nights at Freddy's,103,213629
15 Voices,Non-breath oblige,148,1889729
Aoi Eir,INNOCENCE (TV Size),183,106040
Ouse Akira,Sacrifice,210,1932206
fripSide,HesitationSnow,135,141050
Co shu Nie,ZETTAI ZETSUMEI,143,918776
Remo-con,Matt Silver,146,2055306
roer & NormalM (as Final Art),Artlunefal feat. eili,240,2521429
MuryokuP,Frozen World,140,693381
Team Grimoire,C18H27NO3 (Extended Ver.),210,2430389
Minami,Kawaki wo Ameku,129,919827
the pillows,Comic Sonic (TV Size),150,37592
Syrufit feat. Mei Ayakura,Tsukikage Shoujo,136,1949019
AliA,impulse,193,1133470
Hommarju,Wowie Zowie!,128,711091
Matsushita,Ashura-chan,156,1628966
Kenshi Yonezu,KICK BACK (TV Size),204,1864478
ARM x Komso feat. Nanahira,Onegai! Kon kon Oinarisama,175,1302044
Pegboard Nerds,Just Dance (feat. Tia Simone),155,750147
Origami Angel,24 Hr Drive-Thru,155,1724847
JIN,Additional Memory,200,848963
Yorushika,Tada Kimi ni Hare,140,1186908
Vivid BAD SQUAD,Aun no Beats,103,2048346
Maison book girl,faithlessness,170,1063163
Reol,Midnight Stroller,140,388428
nicopatty,Komodo Dragon,140,2211868
DIALOGUE+,Omoide Shiritori (TV Size),172,1424129
ONE OK ROCK,Bombs away,160,737128
3L,Spring of Dreams,153,739119
Silva Hound feat. Michael Kovach and Chi-Chi,Addict,128,1396522
THE ORAL CIGARETTES,BLACK MEMORY,182,889313
HUNTR/X,Takedown,140,2417565
System Of A Down,B.Y.O.B.,102,2163815
Mrs. GREEN APPLE,Tomoshibi,185,1130594
KEYTALK,OUKARANMAN (TV Size),150,972282
MYUKKE.,Anti Safety Zone,170,2032982
3 Nen E Gumi Utatan (Nagisa & Kayano & Karuma & Isogai & Maehara),QUESTION (TV Size),177,988485
cygnus,Tree of Misery,146,2242640
nameless,Milk Crown on Sonechka,254.91,2410685
Jin,Outer Science,195,122376
Hoshimachi Suisei,TEMPLATE,200,1744678
Underoath,Coming Down Is Calming Down,190,487559
Mitsukiyo,Gregorius | Symphony,165,2273689
t+pazolite feat. Nanahira,ONOMATO Pairing!!!,158,1271793
Camellia feat. Nanahira,POLKAMANIA,160,1580868
BlackY vs. Yooh,XROSS THE XOUL,194,864908
Suzuki Konomi,Reweave (TV Size),183,2262089
DJ TOTTO VS TOTTO,Vajra,173,322526
Afterglow,READY STEADY GO (game size ver.),144,792819
BlackY,Mirrorwall,144,1026824
DJ OKAWARI,Flower Dance,100,502745
Giga-P,Okochama Sensou,175,131818
yuki.,Spring Signal,185,716211
AAAA,carnation,160,1410399
THE KOXX,A Fool Moon Night,138,2252748
Infinite Stratos Cast,BEAUTIFUL SKY (TV Size),180,1936188
Kou!,A.O.E::area_of_effect,220,2321798
Camellia,Labyrinth in Kowloon: Walled World,190,1929319
cosMo@BousouP,Monopole. (Long Ver.),201,361982
nano,"Star light, Star bright (TV Size)",190,2268829
Saikawa Yui (CV: Takao Kanon),Kyuuseigou wa Kyuuteisha!,200,1578629
Noisia,Shellshock (feat. Foreign Beggars) (Cut Ver.),172,2588771
xi,XaleidoscopiX,180,2516216
celtix,Baryogenesis,281,2475483
paraoka,L9,126,1565681
SawanoHiroyuki[nZk]:Gemie,x.U.,127,878907
07th Expansion,Final Answer,180,26226
Moe Shop,Notice (w/ TORIENA),125,2131778
Michelle Vickie,Du Li,168,953302
Nem,"Aa, Subarashiki Nyansei",194,53833
Halv vs. kuro,Evreka,200,2034830
kessoku band,Wasurete Yaranai,184,1965533
Lite Show Magic,TRICKL4SH 220,220,616696
Ayaka Ohashi,"Please, please! (TV Size)",180,2008972
MYTH & ROID,VORACITY (TV Size),200,814486
seatrus,DiSANiMATE,222,2164584
Ryo x xxxlolxxx,I//egaL SamplinG S/iceR,260,2223905
WAGAMAMA RAKIA,GR4VITY G4ME,200,1855321
Toby Fox,BIG SHOT,140,1580221
Demetori,Emotional Skyscraper ~ World's End,178,13223
Fractal Dreamers,Celestial Horizon,200,1742738
Plum,Mad Piano Party II,175,1981951
Lime,8bit Voyager,182,1408692
Falcom Sound Team jdk,Deep Carnival,204,2314515
Iyowa feat. Hatsune Miku,SHIAWASE FOR YOU!,200,2518008
Aso Natsuko,More-more LOVERS!!(TV ver.),182,213202
pan,Yamiyo no Nagoshisai ~for 2015 edition~,193,599978
"Gabry Ponte, LUM!X, Prezioso",Thunder (Nightcore Mix),148.5,1749750
Sisterz,Inverse World,185,718316
Marc-Andre Hamelin,Valse Irritation d'apres Nokia,210,2258064
Ariabl'eyeS,Reflect,140,744482
Sharlo,Xue Mao Jiao,115,2016251
BUMP OF CHICKEN,Karma,194,1807751
Fujiyori,Fly Again,105,2569794
DJ Raisei feat. noeric,Submerged City,192,2509542
Cranky,J219,147,2011490
kakichoco,Zan'ei,180,2199104
Igorrr,Vegetable Soup,210,1602283
Atarayo,"""Boku wa..."" (TV Size)",180,2117622
kessoku band,Seiza ni Naretara,123,1954728
Nico Nico Douga,Ryuuseigun,176,2459
Sun Yi Qi,Jiu Zui De Hu Die (DJ He Peng Version) (Cut Ver.),95,1711401
virkato,"Waltz Dai 17-ban, Totanchou ""Ooinu no Waltz""",300,2317060
Tomoyuki Uchida,Surf on the Light,160,2200806
Vikala (CV: Tanezaki Atsumi),Welcome to the PARADE!,136,1851399
Yuki Setsuna (CV: Kusunoki Tomori),MELODY,230,2321017
ePiaeon,FLOP ERA,163,2523883
Daisuke Ishiwatari,One Dawn,138,562302
MAX COVERI,RUNNING IN THE 90'S,158.5,739262
Kou!,SELENE-UI (v2.0_release),236,2562207
Linkin Park,In Pieces,160.08,2159101
Ryu*,I'm so Happy,181,113283
Camellia feat. Yukacco,Be Wild,160,890491
Iwana,Dr. Nyanpasu-,164.17,222623
Sasuke Haraguchi feat. Choten-chan,Cubibibibism,185,2299919
IOSYS,Makudo wa Taihen na Mono o Tsukutte Ikimashita,170,2236173
S3RL,Candy (feat. Sara),175,829956
rejection,Signal feat. Such (Mameyudoufu Remix),175,2417829
siouxxie sixxsta,ketamine,141.19,2156166
Hige Driver,Miracle Sugite Yabai (feat. shully),145,682290
Ghost-Note,Shrill Tones,147,1459218
Sewerslvt,Cyberia Lyr3,200,2443939
Ryokuoushoku Shakai,Hana ni Natte (TV Size),192,2094032
Apocalyptica,Shadowmaker,126,914754
IOSYS,Tanoshii Yoru no Ochakai - Ringo's Tea Party,175,374858
Primary,Awake,200,361428
ClariS x GARNiDELiA,clever (TV Size),182,538857
Hikasa Yoko,Listen!!,175,24610
ShockOne,Polygon (feat. Reija Lee),175,194188
Cafune,Tek It,147,1800225
ClariS,SHIORI (TV Size),176,2171750
Nhato,LIMBO,128,977030
typeMARS,Triumph & Regret,175,2471685
brz1128+suimag,Retribution,190,1910399
Raphiiel,RoquiRa : Between Life and Death,183,1792218
yuikonnu,Kakushigoto,200,1881554
TERRASPEX,AMAZING BREAK (TV-size),153,225905
Boss,Boku no Wafuu Hontou Jouzu,180,2296661
BABYMETAL,Gimme chocolate!!,220,452230
DJ Ashworth,A Meow Mix (Electronic Dance Version),128,309583
U2,Saigetsu (Koko & Satsuki ga Tenkomori's Sagyou Bougai Remix),180,1638844
Daisuke Achiwa,BASARA,130,13019
gladde paling,vleermuis,180,2509474
Y&Co.,Daisuke,157,697087
II-L feat. amelie xoxo,THE EARTH,128,1937881
Lime,Campanella,227,2248490
DragonForce,Astral Empire,224,2041044
sasakure.UK,Spider Thread Monopoly feat. Hatsune Miku,200,2292934
Thaehan,Final Boss,130,622417
Yooh,Butterfly Twist,160,1148070
OISHII,ONIGIRI FREEWAY,210,663098
Ohashi Ayaka,Wagamama MIRROR HEART (LU-I Remix),174,643742
La priere,Eiketsu no Gemini,180,2379595
7_7,Ehe ^ _ ^,210,2408680
sana,Packet Hero,236,404910
Subplaid,If you went out with friends in a way,185,2093565
Silentroom,NULCTRL EX,100,1086666
Deftones,Hole In The Earth,206,2181389
Pegboard Nerds,Hero feat. Elizaveta (Da Tweekaz 'Guitar Hero' Mix),150,1178515
The Cab,Angel With A Shotgun (Sped Up Ver.),142.56,1174505
Sound piercer,"Ten, Sen, Men, Rittai",124,2012308
Yunomi,Mentai Cosmic (feat. nicamoq),224,2358079
t+pazolite,Cheatreal,200,2207023
kanemiko,"comet casting capsule (""catching celestial clusters"" Long Version)",250,2229971
Suzaku vs. Genbu,Himiko,185,2055169
onumi,FAKE,220,1311103
Various Artists,Hashire Uma Musume,157,1454027
Minato Aqua,Dadadada Tenshi,180,1079554
Yuyoyuppe,AiAe,180,257793
USAO,Showdown,178,438839
Kenshi Yonezu,Peace Sign (TV edit.),200,594429
Ayase Rie,Yuima-ru * World,180,1151399
BUMP OF CHICKEN,"Hello,world!",211,302799
Marmalade butcher,Ushinahareru Runazuki,185,1486395
Aphex Twin,Flim,148.02,1178598
kamome sano,eclair au chocolat,182,292558
Tadokoro Azusa,DEAREST DROP,146,960904
ONE OK ROCK,Mikansei Koukyoukyoku,195,348604
DJ Fresh,Gold Dust,177,28107
Manabu Namiki,Tenshi (True Final Boss),270,1503789
Memme,BSPower Explosion,180,297960
Memme,Cherry Blossom,170,1986398
Takamiya Nasuno (CV:Narumi Kyoko),MeniMeni ManiMani (TV Version),154,620076
Nakanoke no Itsutsugo,Gotoubun no Katachi (TV Size),158,1925249
penoreri,Lord=Crossight,154,497026
Seifuu Meigetsu,Halloween of the Dead,167,2032354
UNDEAD CORPORATION,Everything will freeze,240,158023
DJ Sharpnel,Gate Openerz,198.68,1020319
masaki,Rhythmical Planet,162,82460
II-L,VANGUARD-3,170,1490200
Toby Fox,THE WORLD REVOLVING,190,1950477
BLACKPINK,Kill This Love,132,1092466
capitaro,Karen Aikyou Hana Saka Gumi,140,378527
Calliope Mori x Gawr Gura x DECO*27,Q,178,1693923
DJ Genki VS Camellia feat. moimoi,YELL!,170,661022
Halozy,Suna no Hoshi (Blue Twinkle Trance Remix / Version 2.0),136,2057639
aran,L.F.O,180,882805
Diva (VO: Yagi Kairi),Harmony of One's Heart,100,1477434
kessoku band,Nani ga Warui,122,1919435
seatrus,Cosmo Station,225,1684406
SOUND HOLIC vs. dj TAKA feat. YURiCa,TIEFSEE,165,1932403
AAAA Chazuke,Myosotis no Hanataba,186,2268229
tiku sens,fly a rocket to the center of your heart,206,1886203
Frums,Turnstile Jumper,321,1368942
2hollis,all 2s,138,2312164
kakichoco,Zan'ei,180,1759729
Unlucky Morpheus x UNDEAD CORPORATION,Miracles Inst ver,200,2092851
Aimer,After Rain (Cut Ver.),120,1764374
IOSYS,Usatei 2011,190,37563
xi,Aragami,196,2474846
Asatsumei,Tenshi no Kikyou (feat. L4hee),180,2385350
skymuted & Evin a'k,memory at angels landing,160,2406992
supercell,The Bravery,189,810543
Kitamura Eri,Be Starters! (TV Size),168,2104289
Sakuzyo,Fracture Ray,200,2231037
Minase Inori,Bokura wa Ima,195,1259592
ChouCho,Hajimete no Koi ga Owaru Toki,180,249230
DJ SHARPNEL,IVALTEK,208.1,1953575
Bumblefoot,Don Pardo Pimpwagon (Cut Ver.),142,1313951
"Music by Minamotoya, Vocal by SOPHY",Hello world!,175,310861
Sound Souler,Broken Stars,190,2045573
Feint & Boyinaband,Time Bomb (feat. Veela),175,652909
a*ru,Kizuato,173,569843
ichigo from KISIDA KYODAN & THE AKEBOSI ROCKETS,STONE OCEAN (TV Size),180,1639480
Kou!,Ankh Natron Collider,236,2527757
YUZUNO,shining! our life (Short Ver.),175,1323543
rejection,Calling (osu! edit),155,1868387
Camellia feat. Nanahira,Mathematics MA+MA = Magic!,192,1599124
BlackY feat. Risa Yuzuki,Imitator,146,2268000
Taylor Swift,Better Than Revenge,145.97,24224
Mizukara o Enshutsu Suru Otome no Kai,Girlish Lover,165,193583
tn-shi,Synthesis.,180,2130789
Camellia,We Could Get More Machinegun Psystyle! (And More Genre Switches),160,1927406
kanemiko,Ruin in Cascade,200,2319270
BlackY vs. Yooh,"HAVOX (Camellia's ""XATAXLYSM"" Remix)",260,1791046
Aiobahn,Re: searchlight (feat. yanaginagi),126,2180768
Laur,Cyber Attack,240,795112
7_7,;w;,174,2541183
MIRIQO,Before Ascent,220,2314271
MY FIRST STORY,REVIVER (Cut Ver.),200,992178
Aoi Eir,IGNITE (TV size ver.),171,190222
Luck Life,Symbol (TV Size),154,762407
Camellia,We Could Get More Machinegun Psystyle! (And More Genre Switches),160,2211806
Sound Souler,Eternalism 3,145,1177035
ribbon room,mint tears,188,1773264
IAHN,Pink Love (feat. Lency),167,548030
Baracuda,Where Is The Love (Nightcore Mix),177.12,16904
hololive IDOL PROJECT,SHIJOSHUGI ADTRUCK,160,1342689
Ito Kanako,Desire Blue sky,143,1538592
REDALiCE,Bad Apple!!,170,10353
Pmarusama.,S'il Vous President (Cut Ver.),176,1572674
Yunomi & nicamoq,Indoor Kei Nara Trackmaker (curryrice Remix),100,926885
yuchaP feat. Matsushita,Poker Face,184,1097446
Ado,unravel,135,2114428
Alstroemeria Records,SACRIFICE feat. ayame,180,836072
Loctek,Empire,190,633655
Hyadain,Hyadain's Jojo Yujo (TV Size),200,855946
Tomatsu Haruka,Q&A Recital! (TV Size),182,62021
Yousei Teikoku,Torikago,172,412140
HyuN feat. Syepias,CROSS SOUL,200,2167288
Redside,Sidequest,180,2087366
nui,Shoujo A,260,2377187
Kommisar,Clover,154,2134119
Coal & Lesitia. & KreScent,PRiSMBREAKER :: dispersion.POINT,245,2425955
Honjou Daikichi,Colorful Toys Wonderland,180,2043077
San-Z,Burning Desires,128,2271680
Junk,The Formula,144,2464556
goreshit,daddy can change,271,2242700
RD-Sounds feat. Meramipop,enemy of the society,165,1176404
Leah Kate,Life Sux (Sped Up Ver.),180.9,1905234
xi,Akasha,185,403427
Minami,Hollowness,205,954734
BlackYooh vs. siromaru,BLACK or WHITE?,185,972696
Minase Inori,Starry Wish,136,843045
Uchida Aya,Sign (TV Size),102,924891
Bub8les,Asgore Runs Over Dess,120,2411445
Big Time Rush,Big Time Rush (TV Size),121,885208
A Si,Re Ai 105C De Ni,137,1631603
Kairiki bear feat. GUMI,Manemane Psychotropic,210,1315151
"AISHA, Epsilon Zero",Love the Subhuman Self,138,1494707
supercell,Kimi no Shiranai Monogatari,165,10418
Kano,Sukisuki Zecchoushou,234,484532
Drop,Granat,180.96,497769
Kugimiya Rie & Kitamura Eri,Holy Night,110,236553
Kato Megumi (CV.Yasuno Kiyono),LOVE iLLUSiON (Megumi Solo Ver.),170,294336
THYME,forever we can make it! (TV Size),185,31236
SHIKI,Rose Quartz,146,2385073
Matrix & Futurebound,Fire (feat. Max Marshall),174,957835
Zemlyane,Trava u doma,129.88,940700
Bring Me The Horizon,Chelsea Smile,200,9823
Hirano Aya (Haruhi Suzumiya),God Knows,150,584
Aiobahn,Sugiyuku Hi to Kimi e (feat. nayuta),105,1032553
Shihori,Bloody Night,165,46223
Empyre One,Moonlight Shadow (Dance 2 Disco Remix),138,1304227
Ni-Sokkususu,Blade Dance (TV Size),187,2220445
JANK,General Tso What?,228,2305457
Kuribayashi Minami,Super*Affection (TV Size),184,36137
Hana,Sakura no Uta,180,738656
Anba,Attakain Dakara,170,276201
seatrus,DiSANiMATE,222,2137728
toby fox,MEGALOVANIA (Kankitsu Remix),166,2367364
Femtanyl,PUSH UR T3MPRR,155,2331207
Nor,Usagi Flap,170,2017609
Rish feat. Choko,Punai Punai Taisou,271,1532007
Kayano Ai,Oracion(TV-Size),166,197085
P4koo,Believe (feat. Tsuyuri Karin),177,2588346
Nanahoshi Kangengakudan,Meikaruza,300,302756
TrySail,adrenaline!!! (TV Size),268,2331916
kanemiko,Cold Fusion,205,2501772
Mastermind(xi+nora2r),Dreadnought,192,361643
Spongebob Squarewave,Free L-Town,200,1707554
DECO*27,Monitoring feat. Hatsune Miku,132,2299124
Nekomata Master,Nekozamurai no Gyakushu,152,518743
Erio o Kamattechan,os-Uchuujin(Asterisk Makina Remix),175,338762
Shintani Ryo,Neko Atsume no Thema,125,2067815
ClariS,SHIORI (TV Size),176,871481
Kikuo,Pokkan Color,140,1880080
SEREBRO,MALO TEBYA (Sped Up Ver.),175.15,1874064
fripSide,sister's noise (TV Size),144,130543
Nstryder,Santa-chan's Winter Wonderland Adventure,165,1830347
HoneyWorks,Hatsukoi no Ehon feat. Aida Miou (CV: Toyosaki Aki),190,1326119
A.SAKA,Nanatsu Myoukakitsubata,168,2386677
Koito Yuu (CV: Takada Yuuki) & Nanami Touko (CV: Kotobuki Minako),hectopascal,130,2088698
Hanatan,Omoide Kakera,200,2155148
"Yuni (CV: Kohara Konomi), Chieru (CV: Sakura Ayane), Chloe (CV: Tanezaki Atsumi)",Nakayoshi Sensation,154,1233855
Feryquitous,CydraL,140,1088609
Aiobahn,Shin'en no Mermaid (w/ YUC'e),125,2027785
DJ TOTTO,Alice in Mystic Garden,134,1128872
Snow Man,Grandeur (TV Size),128,1328147
Black Raison d'etre,INSIDE IDENTITY,186,108204
IVE,Kitsch,102,1964321
xi,Per Aspera Ad Astra (Long Version),210,2091552
TeddyLoid,ME!ME!ME! feat. daoko,125,236697
YUC'e,SPACE INVADER,100,2008307
Zutto Mayonaka de Ii no ni.,Byoushin o Kamu,130,833772
Helblinde,Putin's Boner,200,737714
Thaehan,Bwa !,188.5,1120790
NICO Touches the Walls,Diver,149,519090
Ayaka Ohashi,Wagamama MIRROR HEART,181,554618
Tsukimi Shizuka x LUNARiUM,Fight Against the Past,206,2055674
Mori Calliope & Camellia,HUGE W,152,1847612
linear ring with RNAcid,Gypsophila,151,2392491
Tsuneki Hikari (CV: Sakura Ayane),Shunkan Happening (TV Size),187,1101509
Muramasa Qualia,Kurokami Midareshi Shura to Narite,150,1906993
Outkast,Hey Ya!,159,1788354
YOASOBI,Kaibutsu (TV Size),170,1335792
44teru-k remixed wa.,Isetsu Higanbana Daiichi - Gensho no Amaryllis -,150,207599
Jibril (CV: Tamura Yukari),"Yes, my master my lord",118,1423728
yuikonnu,Ai no Scenario,180,282375
Nanahoshi Kangengakudan feat.Matsushita,Dance Number o Tomo ni,296,353398
A-39,WATER feat. Hatsune Miku,170,1994007
Silentroom,Nhelv,174.59,1369072
P*Light,Poppin' Shower,175,147837
xi,Akasha,185,87876
Inori Minase,MELODY FLAG,182,613403
Camellia feat. chiisana,re:||VERSE,160,2448938
Dictate,Empire,135,1718862
bo en,Tussle Among Trees,150,2005713
Risk Junk-G,Candy Galy,184,147745
Imy,Divine's Game,185,2003143
Aqours,Aozora Jumping Heart,200,494768
Kano,Walk This Way!,260,914242
Shinomiya Kaguya (CV: Koga Aoi),Kotae Awase,153,1381386
sweet ARMS,Date in Utopia,196,1304889
Shoujo,Reminiscing,175,2414280
Camellia,Flash Me Back,175,1835578
Shiina Mahiru (CV: Iwami Manaka),Chiisana Koi no Uta,102,2295966
Kalafina,red moon,166,729156
inabakumori,Lagtrain,147,1313664
HoneyWorks feat. HaKoniwalily,Ninkoro Dance (TV Size),170,2361455
Himeringo,Kodoku no Kakurenbo,220,319791
nao,Toaru Shoukoku no Ohimesama ga...,218,1814394
Akiko Shikata,Umineko no Naku Koro ni,73.35,15706
polysha,Where the Spirits Go On,212,2225599
Silentroom vs. Frums,Aegleseeker,234,1777235
Nami Nakagawa,DON'T CUT,170,163908
"Uesaka Sumire, Takahashi Rie, Inori Minase, Hayami Saori",Ponkotsu! Isekai Theater (TV Size),165,1572706
Sakura Bakushin O (CV: Misawa Sachika),Bakushin Bakushin Bakushinshin (Extended Edit),150,2401327
THE BINARY mido,Ego mo Id mo Tanjun ni,145,1268824
DJ OKAWARI,Flower Dance,100,476691
Amehurashi,Kimi Sketch,174,1651011
FamiRockP,Oni Kanojo,202,65759
Niko,Made Of Fire,162,2477633
The ROOTLESS,One day (TV Size),89,851838
xi,Blue Zenith,200,292301
Kobaryo,Radical Jinja,250,2314605
HoneyComeBear,Rainy Girl,150,2015361
KASAI HARCORES,Cycle Hit,175,706478
Camellia vs. Akira Complex,Railgun Roulette (Cut Ver.),256,1526058
Arte Refact,Reijou Shikku,142,379424
HoneyWorks meets TrySail,Senpai. [MOVIE Ver.],162,541765
linear ring,enchanted love (and the witch's selfish heart),190,2489861
LiSA,"Thrill, Risk, Heartless",200,1312103
Takahashi Yoko,Zankoku na Tenshi no These (TV Size),128.8,1901824
r300k,Energy Flower 3007,133,454071
"Yagi Yuki, Saeki Iori, Izawa Shiori, Ito Miku, Noguchi Yuri, Mizutani Marin",Shiny Happy Days (TV Size),188,1270148
void feat. Komatsuna,Akatsuki no Tsuki,176,212387
THE ORAL CIGARETTES,5150,192,818778
Bring Me The Horizon,Can You Feel My Heart,128,221860
Kenshi Yonezu,IRIS OUT,135,2473741
Hatsune Miku,i LOVE YOU,141,30162
SuganoMusic,Imademo...,155,2500223
kors k feat.Yukacco,Are You Ready (Original Mix),175,178028
Ishihara Kaori,Abracada-Boo (TV Size),152,2009418
cillia,The Snow White Princess is,200,1509983
Aiobahn feat. KOTOKO,INTERNET YAMERO,185,2074198
KAF feat. KAFU,Issee noo de,178,1782440
F-777,The 7 Seas,140,1833543
Sena Wataru feat. sana,Hitori Tabi,140,1273378
BTS,Not Today,110,575767
"Null (CV: Waki Azumi), Peta (CV: Ueda Reina)",#NULL!*Peta (TV Size),194,1242834
F-777,Viking Arena,135,1092856
Green Day,Basket Case,153,1142364
zts,lastendconductor (Cut Ver.),139,1446316
DINGDONGJI,Cat's Pajamas,170,2458508
Lime,BEYOND,276,1873425
seleP,Snow Marriage,108,1823014
"25-ji, Nightcord de. x Kagamine Len",Bug,186,1860586
MIMI,Sayonara wa Iwanaide sa (feat. KAFU),176,2072806
Sakuzyo,Amenohoakari,155,671056
ZUTOMAYO,TAIDADA,144,2270896
UVERworld,Itteki no Eikyou (short ver.),190,568110
KISIDA KYODAN & THE AKEBOSI ROCKETS,GATE~Sore wa Akatsuki no you ni~,200,480386
Sara,Ren Ren Ai Ai Cir Cir Cula Cula Tion Tion,220,683691
Zeno feat. Stardust Infinity,Ripple,200,1891040
USAO,Try again,170,1238702
Aiobahn,In My Head,170,1466792
THE ORAL CIGARETTES,BLACK MEMORY (Cut Ver.),182,1255164
Gram,Sigrdrifa,222,2522371
goreshit,fake ass bitches (Cut Ver.),255,2124747
vivid undress,FANFARE KOUSHINKYOKU,140,1738049
Ben Briggs,Why Are We Yelling,140,952380
Assertive Fluttershy,Boooring!,170,77534
Kankaku Piero,Haruka Mirai,182,1301767
Ruppina,violet flow,92,302913
Raphiiel,"Once Forgotten, Nothing Remains",227,2482958
penoreri,Monochrome and Vivid,176,1550061
Ludicin,Zoisite,220,2067095
katagiri,VIVID ABYSS,208,2525312
DECO*27,Cherry Pop feat. Hatsune Miku,192,2416410
Rex,Heart of Witch,170,184097
Kaneko Chiharu,INF-B <L-aste-R>,197,912201
livetune feat. Hatsune Miku,Tell Your World,150,321428
LONGMAN,spiral (TV Size),122,2147070
Laur,Viyella's Tears,218,1617567
Camellia,"Exit This Earth's Atomosphere (Camellia's ""PLANETARY//200STEP"" Remix)",200,1824189
Nunununununununununununununununu,Mimukauwa Nice Try,126,2290662
Sizuk feat. AYAME,Para Bellum,150,2332078
MowtenDoo,Blend W,152,806066
Chroma,Strange Inventor,180,1727126
LiSA,Rising Hope (LU-I Remix),185,561679
LiSA,AxxxiS (TV Size),194,1786224
GYZE,HONESTY,185,1108263
32ki feat. Hatsune Miku & Kasane Teto,Mesmerizer,185,2215986
Zips,Mushikui Psychedelism,210,87167
The Cro-Magnons,Totsugeki Rock,199,966062
mafumafu,Moudoku ga Osou,156,1113575
seatrus,DiSANiMATE,222,2139476
ShortStumpyEngine,Thick of HiT (S8-10 Opening Mashup),93,2506744
kawaii vocaloid,Sukitte 100-kai Itte (feat. Hatsune Miku),177,2275012
Omoi,Hey William (New Translation),181,1409184
ClariS,border (TV Size),178,1964020
Ray,Sweet Days,174,330461
Gentle Stick X M2U,Hades in the Heaven,130,114488
Oliver Buckland,espial,160,2396349
ikaruga_nex,Lilith ambivalence lovers,151,1084460
Demetori,Kanjou no Matenrou ~ World's End,178,133693
Nekomata Gekidan,envidia (Game Ver.),134,2256944
Amidst,Droplet,145,1587839
Zekk,MEJIRUSHI,195,1159152
Demetori,Shinkou wa Hakanaki Ningen no Tame ni ~ Jehovah's YaHVeH,220,1850841
Junk,Life is PIANO,133,1304251
UNDEAD CORPORATION,Star Voyage 2008,220,2221840
Mori Calliope,"Excuse My Rudeness, But Could You Please RIP?<3 (t+pazolite Remix)",260,1264863
Hino Isuka x otoshi.b,Twin*kle Snowglobe [Toward the Galaxies],185,2027937
Frums,Pictured as Perfect and Plus,95,1023425
Dreamcatcher,Eclipse (TV Size),195,1722017
MY FIRST STORY,Smash Out!!,195,478289
THE KOXX,A Fool Moon Night,138,2457229
Tsukuyomi,Dareka no Shinzou ni Nareta nara,143,1544600
Uchida Brothers,Oosanbashi (Irohachou),156,1490712
SENEZ,Misplaced Shadow,150,115729
Hakushi Hasegawa,Uni (Cut Ver.),111,1861785
Green Day,Holiday,146.5,221
Laur,SEV-26,220,2508618
CS4W,Atomic Disassembler,220,2377755
Camellia,Abyss of Frobenioid,190,2027649
Hatsune Miku,Senbonzakura (Short Ver.),154,36858
Camellia,M1LLI0N PP,234,2399839
Cartoon,C U Again feat. Mikk Mae (Cartoon vs. Futuristik VIP) (Cut Ver.),175,2349092
Martin Garrix,Animals,128,224299
SID,Ranbu no Melody (TV Size),192.1,1925812
Afilia Saga,S.M.L* (TV Size),200,1877657
Shinsei Kamattechan,Boku no Sensou (TV Size),144,1317896
Camellia,Arcology On Permafrost,136,977977
MiddleIsland,"Piano Concerto No.1 ""Scream""",165,90270
NH22,Isolation (Official LIMBO Remix),200,1662690
MYUKKE.,AKKERA-COUNTRY-BOY,150,1471537
Chroma,"Destroy, Destroy, Destroy The Happy End",218,2466559
Yorushika,"Hachigatsu, Bou, Tsukiakari",220,963814
fripSide,LEVEL5 -judgelight-,139.5,2371438
fur:trash,black tar heroin,185,2084909
Camellia,Hitech pistol -Hitech Ninja wa 145-do Shinu-,153,921229
Lilas Ikuta,Hyakka Ryouran (TV Size),150,2306183
O2i3,TSLove,185,620910
xi,Akasha,185,2383974
Kobaryo,Cartoon Candy,270,2033681
tokimo,Fuyu ga Kureta Kiseki (feat. nayuta),173,2227761
D-D-Dice vs. siromaru,Catch the Glory,210,2402676
DJ Raisei,Fractured Angel (Game Ver.),301,2175865
Falcom Sound Team jdk,Inevitable Struggle -demo version-,188,1690328
BURNOUT SYNDROMES,Hana Ichi Monme (TV Size),174,1344319
Icon For Hire,Make a Move (Speed Up Ver.),202.54,765778
lapix,Artificial Human,196,1903538
REOL,Give me a break Stop now,128,2207305
orgt,DESTINY,182,1946260
"Run Girls, Run!",Share the light (TV Size),180,1341759
The Black Dahlia Murder,Deathmask Divine,228,1363029
A.SAKA,REIMEI,172,2422832
Ruby My Dear,Gaviscon (Cut Ver.),272,2298494
senya,Kafka Naru Gunjou e,138,1030134
Hige Driver join. SELEN,Dadadadadadadadadada,156,2473608
mafumafu,"Haikei, Sakura Maichiru Kono Hi ni",186,971666
IA,Six Trillion Years and Overnight Story,186,51245
Len,U.N. Owen was her?,180,22699
IOSYS,Cirno's Perfect Math Class,175,5285
Billie Eilish,bury a friend,120,958856
diaxart,Mr. Beast!!,138,1902658
Vicetone feat. Collin McLoughlin,Heartbeat,128,295388
BrayanKitsn,Blizzard Heights,170,2071574
Yousei Teikoku,Kuusou Mesorogiwi (TV Size),230,2216993
MICHI,Cry for the Truth(TV edit),173,547857
Primary,in the Garden,224,492525
ShinRa-Bansho x Yuuhei Satellite & Shoujo Fractal,Genso Connect,157,1253755
mimizu,End Of Fake!,210,2491861
VALLEYSTONE feat. Kanata.N,Natsuirozaka,155,950550
Sana,Terekakushi Shishunki,170,125877
Shikiura.,Flower Melt Umbrella (Extended Edit),255,2111596
Mifune Shioriko (CV: Koizumi Moeka),Ketsui no Hikari,176,2017779
Yiruma & Skullee,River Flows In You (A Love Note),140,68893
xi,Akasha,185,1688086
Imperial Circus Dead Decadence,FUBUKI,195,2070834
marasy feat. Hatsune Miku,SnowMix,185,2106542
MisoilePunch ~pan Soe~,MeTear'n TruX,222,1701223
Betwixt & Between,Disturbed Mind,175,1733928
Iguchi Yuka,UNLOCK (TV Size),186,1687741
Fractal Dreamers,Ad Astra,210,1096683
bill wurtz,school,96,1879228
Laur,Rebuff,160,1919502
An,artcore JINJA,190,114987
Taylor Swift,Look What You Made Me Do,128,676677
Thaehan,Saiyajin,180,591074
Audition,Can Can,150,5177
Musashi Project & Toshiro Masuda,Ofuzake Mode,125,463233
Camellia,NEURO-CLOUD-9,172,1883182
Yunomi,Game Over (feat. TORIENA),138,1005468
Afterglow,Asu no Yozora Shoukaihan,185,2066748
Parkway Drive,Carrion,154,514196
fripSide,sister's noise (TV Size),144,87689
O2i3,TSLove,185,1197928
A-One feat. Shihori,Magic Girl !!,156,1999914
Yousei Teikoku,Paradiso=Inferno,170,1296273
M2U,Mare Maris,151.14,917906
OBSYDIA,Black Out,150,1532556
lapix,Kill The Beat,120,861400
Camellia,"* Erm, could it be a Spatiotemporal ShockWAVE Syndrome...?",242,1477789
qfeileadh feat. Lycoris Radiata,Soumai Musou Lovers,160,1758665
Frums,Orthoplexed,200,1955444
Minato Aqua,Indoor Kei Nara Trackmaker,128,1765293
O2i3,Ooi [Game Edit],216,355573
Serena (CV: Makiguchi Mayuki),Dori Dori (TV Size),178,1172130
Hatsune Miku,Kischer Marsch-OWATA,120,8086
Rat Boy & IBDY,WHO'S READY FOR TOMORROW,138,1861454
YOASOBI,Shukufuku (TV Size),170,1860627
HyuN,Tokyo's Starlight,156,1011055
mimimemeMIMI,Harebare Fanfare,168,497942
NoKANY,Mujinku-Vacuum Track#ADD8E6-,203,1151089
Festa,Lemuria,191,1771125
PassCode,Taking you out,220,1739766
Yorushika,"Yuunagi, Bou, Hana Madoi",220,1996257
Tamura Yukari,W:Wonder Tale (TV Size),183,1883928
Cinamoro,Linen,200,2036300
MORE MORE JUMP! x Megurine Luka,Parasol Cider,176,1857887
Uehara Ayumu (CV: Onishi Aguri),Kaika Sengen,135,1274865
Fruits Tart,Tart na Kimochi,175,1346493
xi,FREEDOM DiVE,222.22,1074758
Camellia feat. Ninomae Ina'nis,Drenched in Air,189,1995184
Kou! & KASOKUKI:Collective,Hatatagami Software,222,2111300
Taishi,False God,145,2209239
Sorakado Ao (CV: Takamori Natsumi),Hiyoku no Chou-tachi,154,2199863
D-D-Dice,Seiga Itten (Full Ver.),214,2165373
haunt,you were my gravity,210.5,2165022
MIMI,Marshmary,182,1195899
PESS vs t.A.T.u.,All The Things She Said (DnB Remix),180,73185
Camellia,Electromagnetic Stealth Girl Born In Philadelphia,132,2016163
Masayoshi Minoshima,Bad Apple!! feat. nomico,138,2525813
HyuN,Tokyo's Starlight,156,2413825
kessoku band,"Ima, Boku, Underground Kara",172,2197600
Metric,Black Sheep (Brie Larson Vocal Version),124,2046962
Kotone,Autonomy,230,1420776
Street,Sakura Fubuki,175,1224402
yanaginagi,Owari no Sekai kara,148,270999
Pmarusama.,Tokimeki Broker,171,1785022
Sasuke Haraguchi feat. Kasane Teto,Igaku,170,2168876
Halozy,Heart of Night,128,462878
senya,Tokuiten no Kaibutsuteki Kanjou,156,370545
cillia,Ringo Uri no Utakata Shoujo,225.2,517120
cYsmix,Manic,150,361175
Sot-C,Extra Stage,190,2249252
Cass2,Gravity Falls Theme Song- 16 Bit Mix,166,664315
ClariS,Blue Canvas,134,2044521
Dragon Guardian,Ankoku Butoukai,175,1606899
NormalM,Luas na Gaoithe: IU,200,2406416
Laur,Executioner,270,2471251
Kyutatsuki,Dimension Wars,300,2435396
Demetori,Kanjou no Matenrou ~ World's End,178,2070645
Minamotoya feat. Kuroa*,Hana Kagerou,176,2339001
THE ORAL CIGARETTES,ReI,186,842981
Hanazono Tae (CV: Otsuka Sae),Hanazono Denki Guitar!!!,188,943947
The Chainsmokers & Coldplay,Something Just Like This,103,765635
penoreri,Vacant Rhapsody,144,2501778
Alizarin,Blind Labyrinth,180,2172910
Last Note.,Setsuna Trip (Short Ver.),290,51065
dj TAKA,Colors -sasakure.UK Futurelogic Remix-,150,317439
Zekk,SUMMER,175,1159269
Nor,Usagi Flap (EmoCosine Remix),175,2168587
ARForest,The Last Page,195,2537151
KopophobiA & SpaceChimp,No Time to Die,282,2393282
kuro,"Judgement of ""Justitia""",327,2432404
Tenchio,skeleton (Lettuce ver.),190,1749371
CrYmson,Immortality,128,1850929
D-Cee,CITRUS MONSTER,220,537860
Sawano Hiroyuki feat. mizuki,TuNGSTeN,96,1918498
t=NODE,Four Seasons,149.99,285718
Pedro Silva,World's End Valentine,162,1801972
sweet ARMS,Key of Truth,192,665179
455-38B,G e n g a o z o - f o o n,153,869649
YUNG KAGE,OLIVIA,160.48,2060761
HTT,"NO, Thank You! (Full Ver.)",181,18841
Nightcore,Ass Up!,168.06,11947
EastNewSound feat. nayuta,"Nijiiro Kekkai, Gekkyou no Goku",148,2226125
AAAA,Hiyokko Santa to Yuki no Machi,200,1617344
Camellia,Dans la mer de son,175,2197536
WangleLine,Goodbye to Your Vicious Cycles,175,2489140
katagiri,Kyuukou,216,2128936
cluli,they besties,150,2520931
STEREO DIVE FOUNDATION,Chronos (TV Size),200,1758068
Rabbit House feat. NezMayo,Seculo Seculorum,210,2537170
Poppin'Party,Melancholic,140,781033
Akatsuki Records,HANIPAGANDA,181,1083844
Set It Off,Songs Compilation,170,2347415
Drop no Koya,Rouzensatorin,151,14298
James Landino & Kabuki,Birdsong,165,1009907
moumoon,"Hello, shooting-star",80,940681
Laur,PRAGMATISM -RESURRECTION-,174,2096688
Aqua Timez,ALONES (TV Size),190.32,1770247
daisan,Halka Kanata,178,2113591
Noah,Rebirth the end Part II - Starcluster,280,2394398
Camellia,Beyond the Geostationary Orbit Level,175,1011337
kors k,Our Faith,175,307276
Kou!,sub/zerO,162,2080239
myon,G Free ~ Final Dream,162,171090
"Uinyasu, Occhoko Bunny",Aa Kenran no Yume ga Gotoku (Epsilon Remix),175,2218443
CHUBAY,the 0rigin ''permanent'',196,2289234
Polyphia,O.D.,136,1378026
Ying Jiang,Jin Ye Xing Guang Shan Shan (Dong Official Remix),127.97,2407378
Kenshi Yonezu,KICK BACK (TV Size),204,1864702
takamatt feat. GUMI,TOKIO FUNKA,120,539611
DragonForce,Symphony of the Night,177,1140222
F-777,Fasten Your Seatbelts,190,2407113
Harumaki Gohan,Suisei ni Nareta nara,180,1990123
NM feat.Heather Elmer,Closer to my Heart (jun remix),145,209682
Dreamcatcher,Fly high,154,645657
Reol,Streaming Heart,210,339335
Saki Cast,Netsuretsu Kangei Wonderland,180,2144713
BACK-ON,with you feat.Me [Tales of Remix],190.01,25947
Aoi Eir,Satellite,135,86312
Zmey Gorynich,Sorochinskaya Yarmarka,220,1191853
IOSYS,Kanbu de Todomatte Sugu Tokeru ~ Kyouki no Udongein,200.04,1391
Ruler (CV: Hikasa Youko) x Swim Swim (CV: Minase Inori),Betrayal,112,555864
HOYO-MiX,Blossoms of Summer Night,145,2098906
Suzuki Konomi,Reweave (TV Size),183,2250620
DragonForce,Symphony of the Night,177,459901
Aoi Eir,INNOCENCE (TV Size),183,61447
Roselia,Six Trillion Years and Overnight Story,186,790041
Hanasaka Yui(CV: M.A.O),Harumachi Clover,142,652412
Lie and a Chameleon,mononoke in the fiction (TV Size),195,1102376
Mars Argo,Using You,107,643518
Asriel,Metamorphose,182,865017
44teru-k,"Yami ~ Shoujo no Yume , Kyomu no Sekai ~",156,17827
44teru-k remixed wa.,Isetsu Higanbana Daiichi - Gensho no Amaryllis -,150,1874141
vai5000,"falling up (feat. clwdy, stephie)",150,2418280
Poppin'Party,Senbonzakura,154,765565
Nanamori-chu * Goraku-bu,100% Chu~Gakusei (TV Size),210,2378281
Aitsuki Nakuru x Tsukino,Tententengoku Jigokugoku,140,2356075
TK from Ling tosite sigure,unravel,135,913031
ChouCho,Ashita no Kimi sae Ireba Ii.,178,687943
CHiCO with HoneyWorks,identity,185,1032959
Camellia,Chimera Dragons,300,2495468
xi,Time files,200,2290277
"Uinyasu, Occhoko Bunny",Aa Kenran no Yume ga Gotoku (Epsilon Remix),175,1289750
R3 Music Box / chano & 40mP,Natsukoi Hanabi,158,735755
Trerey-U + NIWASHI,Hisui,211,2173214
Afterglow,Y.O.L.O!!!!!,210,878211
KOTOKO,Aonatsu Line,164,2138012
Reol,No title,200,343672
Sleeping With Sirens,Kick Me,220,1038902
Hana,Sakura no Uta,180,440068
Nakano Nino (CV: Taketatsu Ayana),Suki yo ~Two Hearts~,170,1424956
NANAOAKARI,Muri Muri Shinkaron (TV Size),181,2400976
Nekomata Master,Avalon no Oka,158,799580
supercell,Hoshi ga Matataku Konna Yoru ni,182,2059046
LiSA,Catch the Moment,190,576112
Synergy Sound,Dreaming,136,966717
Akaza Akari(CV:Mikami Shiori),"Watashi, Shuyaku no Akaza Akari desu",190,313330
DECO*27,Relationship Scramble feat. Hatsune Miku,150,945190
LOONA,Hi High,194,835509
Camellia feat. Nanahira,FULLFLAVOR ONDO,160,1890699
Yorushika,Haru (TV Size),204,2133047
EBIMAYO,NIGHTMARE INVITATION,195,2321254
sakuzyo,Black Lair,150,93287
Roselia,Song I am.,190,1241753
*wakadori,NightTheater,151,1668038
Serani Poji,where is smiley?,170,2182420
Victorious Cast,Take a Hint feat. Victoria Justice & Elizabeth Gillies (Speed Up Ver.),164.08,984684
Aso Natsuko,Perfect-area complete!,183,927758
xi,Signal of Abydos (xi Remix),220,1994976
Imperial Circus Dead Decadence,"Yomi yori Kikoyu, Koukoku no Tou to Honoo no Shoujo.",220,1768954
Camellia feat. Nanahira,Sleep!,172,2566858
LiSA,Yuke,180,1611879
40mP feat. yuikonnu,Ame to Asphalt,190,842562
Riinu,Bocca della Verita,170,1402164
Chinozo,Good-bye sengen,170,2019825
seatrus,The Princess was gills breathing.,230,2576437
t+pazolite,Kick-ass Kung-fu Carnival,220,2524454
ShinRa-Bansho,Kirameki Inokori Daisensou,212,2089546
Hatsuki Yura,Onyx Veil -Boukyaku no Yami-,144,1455731
ginkiha,Auxesia,183,1124745
METAROOM,OUT OF CONTROL,181,2403524
Tezuka x Qayo,NINI,174,1969618
senya,Saihate no Kotoba,155,2039585
Tsukuyomi,Tsuki ga Michiru,140,1867271
Brian The Sun,Lonely Go! (TV Size),204,1540754
Primary,Inai Sekai,250,390619
Ayane,GO Love&Peace,128,356968
Shika-bu,Shikairo Days (TV Size),183,2208067
Flo Rida,Run ft. RedFoo of LMFAO (Speed Up Ver.),150.34,283731
toby fox,Spear of Justice (Cut Ver.),263,1173976
Cranky,Luvin' You,160,8923
Eve,Avant,186,1715131
Kairiki bear feat. GUMI,Manemane Psychotropic [Album Ver.],210,1156937
Imperial Circus Dead Decadence,Kuroki Sakura wa Ai: Sono Shi o Kou,254,1959767
MisoilePunch ~Takenoko Soe~,Fin.ArcDeaR,225,2085557
TERRA,Hana Ranman -Flowers-,160,939363
Sota Fujimori,DANCE ALL NIGHT,135,155621
Virtual Riot,REDLINE (color Bass Doggo VIP),140,1813261
bj.HaLo,Ende,200,79132
DJ TOTTO VS TOTTO,Vajra,173,432015
UNDEAD CORPORATION,Killing Me If You Can (Guitar Instrumental Ver.),145,2114955
SHK,Violet Perfume,140,1010865
Nanahoshi Kangengakudan,IMAGINARY LIKE THE JUSTICE,190,1386585
Rango Tenge Tenge,Chicken funny,100,2304820
toby fox,Hopes and Dreams,170.68,414432
Maison book girl,snow irony_,170,1351876
Yoisaki Kanade (CV: Kusunoki Tomori),Inochi ni Kirawarete Iru.,200,1789145
Afilia Saga,Neptune*Sagashite,145,501481
GRANRODEO,TRASH CANDY (TV Size),182,761804
MisomyL,Mukishitsu Sekai ni Irodori o (Cut Ver.),155,1742617
AIKI & AKINO from bless4,Tsuki no Mou Hanbun,150,1001156
Yuaru,Jitter Doll,180,773512
Xesi x Masew x Nhatnguyen,Tuy Am,149,2367885
Amatsuki,Outer Science,195,988132
fripSide,Heaven is a Place on Earth,138,2170785
Galileo Galilei,Climber,156,644566
BoA,MASAYUME CHASING,129,163330
Mitsudomoe Cast,Mittsu Kazoete Daishuugou! (TV Size),190,17755
Camellia feat. Nanahira,Animal Land,150,2134133
VHM4D,BABY LAUGH JERSEY FUNK (CUT VER.),135,2445518
AAAA,w = addict,192,1371217
toby fox,Quiet Water,60,1596272
USAO,Big Daddy,190,2093548
OSTER project,piano x forte,140,1296249
NEQRE,BLOOD/ORDER,145,1918729
Chiru-san,Insomnia,135,2580819
Reol,Streaming Heart (Cut Ver.),210,1955626
takehirotei,Haiboku no Altra Vita,231,2412331
Leo/need,Asu no Yozora Shoukaihan,185,1910436
Camellia,SCREW // owo // SCREW,228,1498834
Tsuzuri,NAME (TV Size),183,2025380
Igorrr,Mastication Numerique,220,210319
inabakumori,I'm the Rain,144,2168939
Kurokotei,qu'ils mangent des puchi pastel,160,2021678
casio dad,ends of the earth,180,1322215
cYsmix,Breeze,140,629575
Iyowa feat. Adachi Rei,Heat abnormal,183,2058976
Lady Gaga,Poker Face,119,17360
Camellia,TremENDouS,250,1842682
AAAA + Hino Isuka,Keep smiling.,150,1057773
Camellia,Tojita Sekai,205,1150451
RADWIMPS,Zen Zen Zense (movie ver.),190,513590
Falcom Sound Team jdk feat. Sasaka Megumi,Ikitsuku Saki -Opening Size-,190,1951296
La priere x ShinRa-Bansho,#Yamikawa,193,2019730
ReoNa,Untitled world,186,1157239
FROZEN QUALIA,WINTER DIAMOND,144,1726448
Aoi,War in the Mirrorworld,171,2134993
Demetori,Pure Furies ~ Vengeance is Mine,180,2375006
Asano Hayato,Hibari Kochi (Cut Ver.),200,1471618
wowaka,World's End Dancehall (ROCKETMAN Remix),171,88911
Camellia,Parallel Universe Shifter,150,2076634
celtix,CosmographY,265,2277451
Lorna Shore,...And I Return To Nothingness,260,2024918
James Landino,Aresene's Bazaar,155,1972034
beatMARIO,Saishuu Kichiku Imouto Flandre-S (Camellia's Remix),333,2259588
solfa feat. Chata + Rita + Koharu Meu,treasure pleasure,195,2251635
MY FIRST STORY,Shuuen Requiem (Cut Ver.),200,1474891
saradisk,210 - Maikaze,200,1575975
SEATBELTS,Tank!,140,801747
Juliet,My First Hardcore Song,155,45698
Feint,Vagrant (feat. Veela),175,354537
Frums,Nonstopwatch,163,1979148
ISEGYE IDOL,KIDDING,130,2053904
AKINO from bless4 & CHiCO with HoneyWorks,MIIRO vs. Ai no Scenario,195,325158
"Dustvoxx, Loctek",Labyrinth of Mind,190,2129944
Camellia,Luin of Celtchar,153,1281422
Camellia feat. Camellia,Ashed Wings,240,1916844
Imy feat. Natsume Itsuki,Lies playing Truth,197,2326621
Shimotsuki Haruka,Youka to Yumeutsutsu,186,960549
REDALiCE ft. Ayumi Nomiya,Crime Wave,156,105296
Ni-Sokkususu,Blade Dance,187,680533
Tarako,Bing Chilling-ish,142,1820912
t+pazolite,Contrapasso -purgatorio-,243,1815468
Secon,marple_arm,220,1997605
Roselia,VIOLET LINE (Game Ver.),200,2201820
Kocchi no Kento,Hai Yorokonde,147,2206788
Yooh,Destroy -agitato-,195,839273
fumika,Umikaze no Brave,156,66346
Ayane,FaV -F*** and Vanguard-,190,452690
Neko Hacker,From Zero feat. Rika,160,1531489
Kano,Batsu to Batsu,150,1836982
Within Temptation,Paradise (What About Us?) ft. Tarja,135,496174
THE ORAL CIGARETTES,5150,192,1587493
ZUTOMAYO,Nouri Ue no Cracker,128,1432232
Cartoon,Why We Lose (ft. Coleman Trapp),175,611956
PSYQUI,Hysteric Night Girl (feat. Such),126,1064438
Yooh,Destroy -agitato-,195,2172856
ReoNa,Believer,193,2357385
DJ Noriken,Amnesia,168,2348502
*wakadori,NightTheater,151,1636208
THE ORAL CIGARETTES,ONE'S AGAIN,220,1446439
Sharlo,Eisou Youga ~Meikyou Shisui~,170,380740
Amamiya Kokoro,Kyu-kurarin,220,1935685
Rin'ca,Pleasure garden (Game Ver.),153,2349851
Wonderlands x Showtime x Hatsune Miku,Niccori^^ Survey Team Theme,180,1703671
Akiri,the song of 2024,135,2465056
Kobaryo,Astral Paradox,185,2545191
Frums,Credits,179,1247210
Luck Life,Kaze ga Fuku Machi (TV size),198,576089
Stan SB,Compromise,176,51801
Victorious Cast,Take a Hint feat. Victoria Justice & Elizabeth Gillies (Sped Up & Cut Ver.),164.08,1967048
Yooh,Dynasty -al fine-,189,1176967
3 Nen E Gumi Utatan (Nagisa & Kayano & Karuma & Isogai & Maehara),Bye Bye YESTERDAY,180,480765
amazarashi,Sora ni Utaeba,204,1305320
Yuuka,Girls' Carnival,236,1884632
NU-KO,Pochiko no Shiawase na Nichijou,192,333089
Round Wave Crusher,Slash Dot Slash (Slim boy fat),220,823631
Sound Souler,Aqua Stars,192,1279947
Laur,Swift Swing,150,2088446
litmus*,Bliss,128,1741009
Minato Aqua,Kawaikute Gomen,160,1916008
MC Zhao Xiaoliu,Tan She,186.7,2511692
SEVENTEEN,VERY NICE,122,618500
Bring Me The Horizon,ouch,160,1964656
JUNNA,Kono Yubi Tomare,145,942476
NAOKI & Ryu,Treasure x Star,171,15893
Amatsuka Uto,KING,166,1377403
nano,Omoide Kakera,200,454627
Amatsuki,Outer Science,195,134767
Thaehan,Play,194,2440353
cygnus,Book of Dark Magic,180,2127556
Linked Horizon,Shinzou o Sasageyo! [TV Size],160,593620
Angela Chang,Aurora,84.93,2118
"Chito (CV: Minase Inori), Yuuri (CV: Kubo Yurika)",More One Night (Assertive Hardcore Bootleg),170,734135
Panda Eyes,On My Own,174,504958
PUP,"Bloody Mary, Kate and Ashley",85,1938104
Chihara Minori,Kyoukai no Kanata (TV Size),184.02,142382
Camellia,shadows of cats,174,2435368
Kou!,"TERABYTE (""XETTABYTE"" Long Version)",210,1939285
HyuN,White Aura,200,2010834
San-Z,"Honma ni ""Yada""",160,2597037
Orange Lounge,LOVE IS ORANGE,180,1499093
False Noise,Hallucinate (Cut Ver.),172,2234584
Various Artists,International Wrestling Festival 2018 - Aniki's Legacy,156,926508
t+pazolite,UMMU,180,910428
Yuricia (CV: Hasegawa Ikumi),Suki Suki Suki ga Suki na dake (Game Ver.),112,2297007
Roselia,FIRE BIRD,150,1451503
Mizuki Nana,TESTAMENT -Aufwachen Form-,190,1241779
Rammstein,Du Hast,125.1,4503
yuikonnu,caramel heaven,194,297969
Victorius,Twilight Skies,180,1016145
Endorfin.,white night story (Cut Ver.),188,1319284
Hommarju feat. Latte,masterpiece,180,12483
Ludicin,Lost Requiem,200,2365588
Zeami,Music Revolver,168,277735
Noah,End to end,255,1776437
METAROOM & TELEMIST,DOG BUS,155,2379880
Endorfin.,M:routine,148,1069336
Xyris,Wandering Star Seeker,160,2334158
Satyr,Bird,153,2150422
xi,Angel's Ladder,155,2319582
kessoku band,Guitar to Kodoku to Aoi Hoshi,193,1888886
katagiri,Scattered Pancakes (Short Ver.),240,2205899
The Gentle Men,2019 Guy,162,1385026
Ruppina,violet flow,92,443637
DeformedEutopia (Nirotiy + AiSS),Chong Xiao - The Multitude of Empyrean -,215,2279773
seatrus,DOOMSDAY THUNDERTEMPEST,244,1700903
lapix,Discloze (Extended),145,719520
Laur,Viyella's Tears,218,2211311
MisoilePunch,Aurolla,235,1206800
Atos feat. Haramori Yoshina,Leschenaultia,157,2209238
Kenshi Yonezu,KICK BACK (TV Size),204,1866392
AAAA,rainbow,199,2403016
Feint,Snake Eyes (feat. CoMa) (Cut Ver.),174,2436239
kessoku band,Distortion!! (TV Size),176,1904946
MaxNRG,Hide Away My Heart,174,668691
SHIKI,Canary,144,1547826
Gawr Gura,RIDE ON TIME (REDALiCE's CITY POP SHARK Remix),128,1336282
Nico Nico Douga,U.N. Owen wa Kanojo nanoka? (Nico Mega Mix),200,5807
MOMOLAND,BBoom BBoom,126,784632
ryo(supercell) feat. Hatsune Miku,ODDS & ENDS,192,1011573
Chata,Papapapanda,160,61046
DJ YOSHITAKA,VALLIS-NERIA,185,62800
Akiri,Symphony Of The Lost Souls,200,2146189
DJ SHARPNEL,Pacific Girls,195,1691734
Gardens & Sad Keyboard Guy,Fractured Light (feat. eili),230,2580914
nanawoakari,Kien Romance,103,1983142
Yooh,FIRE FIRE -DARK BLAZE REMIX-,177,242368
lapix,Day by day (PSYQUI Remix),170,2291408
Umeboshi Chazuke,Run*2 Run To You!!,213,1788950
Null Specification,"Aletheia (fake lover, fake summer)",200,2218815
KyoKa,Kirameki*Chocolaterie,138,1106356
DEAN FUJIOKA,History Maker,67,536049
YOASOBI,Yuusha,208,2067581
Camellia,Towards The Horizon,154.38,705022
Ishida Yoko,COLORFUL BOX (TV Size),161,874390
Camellia,Parallel Universe Shifter,150,2086467
Jougasaki Rika (CV: Yamamoto Nozomi),DOKIDOKI Rhythm,180,1619724
LUZE,!!! IMPULSIVE <!!> WAVE !!!,390,2438724
DECO*27,Monitoring feat. Seren Azuma (Cut Ver.),132,2330192
Nor,RE Aoharu,180,1935191
xi,FREEDOM DiVE,222.22,2237410
TK from Ling tosite sigure,Chou no Tobu Suisou (TV Size),135,1092341
mafumafu,Manjushage,140,939484
sabi,true DJ MAG top ranker's song Zenpen (katagiri Remix),170,1357624
Sorane,Love song with heart,181,1244298
CHUBAY,EncorE & cALL,240,2054460
Linkin Park,The Emptiness Machine,184,2246307
Rche,entelecheia,185,1164312
Supire,Helios,180,2498821
Camellia,Blackmagik Blazing,256,1863494
cygnus,M U T A T i O N (((((9^9)^9)^9)^9)^9),166,2481181
Hexacube & 4CYS,Real Rave Angelz,199,2414592
BilliumMoto,life flashes before weeb eyes,227,985172
Cranky,La Campanella : Nu Rave,178,235491
Kondo Akihisa,Black Night Town (TV Size),182,892003
Sephid et al.,MONONATI,180,2401466
Eve,Inochi no Tabekata (movie ver.),143,1370456
xi,Hesperides (Game Ver.),200,2283410
cygnus,Metamorphism,160,2407955
monetochka,poslednyaya diskoteka (prod. vitya isaev),110,871964
Kou!,Ankh Natron Collider,236,2432016
Camellia,shadows of cats,174,1644032
AAAA + Silentroom,UNDERVEIL IS REAL!!!,180,984247
Minase Inori,Heart no Iro,181,935429
sakuzyo,Suiren,276,545484
TUYU,Namikare,204,1177853
VINXIS,Sidetracked Day,188,809078
Akiyama Uni,Odoru Mizushibuki,138,153887
fishbowl feat. Yukichikasaku/men,Shinkai,133,1722448
Lime,Renai Syndrome,180,166062
96neko,Uso no Hibana,188,569503
Tanchiky,ULTRA SYNERGY MATRIX,160,2022117
KOTOKO,Re-sublimity (TV Size),135,731196
"Kanae, Kuzuha",Not For You,172,1183720
Spawn Of Possession,Apparition,240,216979
Shin Agnes,Shining Star,168.8,1147085
DECO*27,Undead Alice feat. Hatsune Miku,176,1308800
Nakanoke no Itsutsugo,Gotoubun no Mirai (TV Size),163,2059692
MIMI,Kuu ni Naru,166,1790742
Backstreet Boys,Everybody,107.93,3946
Okui Masami,Shuffle,168,15457
TAK,Bavaroa feat. Hatsune Miku,192,2441719
Ryokuoushoku Shakai,want,176,1870935
Yellow Zebra,Believe heart!,170,2193011
Terminus Est (CV: Kakuma Ai),Blade Dance,187,774204
Hoshino Hinata (CV: Nagae Rika),Yappari Mya-nee Number One (Cut Ver.),185,2107491
chano & 40mP,Natsukoi Hanabi,158,538998
Wiklund,Whip the Blip,170,8299
Takayan,Be Alright,90,1476172
Kendrick Lamar,United In Grief,131,1896342
Rohi,Kakuzetsu Thanatos,200,76396
Lan Zi,Yi Bai Kuai Dou Bu Gei Wo,96,425219
MYTH & ROID,HYDRA,166,732901
Will Stetson,Harumachi Clover (Swing Arrangement) [Dictate Edit],170,842412
Gesu no Kiwami Otome.,Romance ga Ariamaru,170,856645
Marika,Truth and Light,196,1594534
*namirin,The Noise of Rain,204,859370
S3RL feat Mixie Moon,FriendZoned,175,409164
senya,Akatsuki no Suiheisen ni,181,242360
SUPER BEAVER,Rashisa,168,190486
Masafumi Ogata,"Collision Chaos ""P"" mix",127.15,499809
Machico,Happy Magic,154,1132748
i*Ris,Re:Call (TV Size),170,1568907
ClariS,Careless (TV Size),185,1538547
Ayane,Itsumo Kono Basho de,90,549739
Hanasaka Yui(CV: M.A.O),Harumachi Clover,142,558217
Fireflight,Unbreakable,180,5913
YUC'e,Sugary Galaxy,172,2015526
sweet ARMS,Date A Live,178,729058
ShinRa-Bansho,Noumiso Rigid Girl,181,2498268
ASIAN KUNG-FU GENERATION,Haruka Kanata,175,632128
NIWASHI,Playing with Ruby (Cut Ver.),180,1744808
Massive New Krew,Majestic 12,140,2119554
SHK,Couple Breaking,170,153199
Ushirokara Haiyoritai G,Koi wa Chaos no Shimobenari (TV Size),158,104030
B Komachi,POP IN 2,176,2297849
3R2,Beyond the Horizon,175,215305
Kotoha,MoeChakkaFire,163,2273158
syudou,Cute na Kanojo,160,1480388
V.W.P,Reincarnation (TV Size),186,1675997
monobright,Anata MAGIC (TV Size),158,1190128
hololive IDOL PROJECT,Dreaming Days,168,1373114
Hazel Fernandes,Number One (vocal ver.),138,1884411
EGOIST,The Everlasting Guilty Crown (TV Size),172,2402875
Lime,Cynosure,242,2485122
Camellia,Z:iRNiTRA,235,1854070
Infected Mushroom,Change the Formality,145,2017220
Aoi,Quartzshaper,188,2409301
Dictate,Treason,170,848976
ribbon room,mint tears,188,2409671
F Rabbeat,Be With U,175,1673284
Kanzaki Elza starring ReoNa,Dancer in the Discord,204,1109271
Bowling for Soup,1985,120,2140
Yooh,Shanghai Kouchakan ~ Chinese Tea Orchid Remix,188,1930737
Dreamcatcher,Chase Me,200,586144
TrySail,High Free Spirits,186,455011
Infected Mushroom,The Pretender,174,79498
"JO*STARS ~TOMMY, Coda, JIN~",JoJo Sono Chi no Kioku~end of THE WORLD~,220,269969
mafumafu,Yuugure Semi Nikki,190,60344
Kito Akari,Tiny Light (Cut Ver.),170,1883953
ULTRA PRISM with Ika Musume (CV: Kanemoto Hisako),Shinryaku no Susume (TV Size),185,1008640
Coalamode.,Nanairo Symphony,155,911000
Suzuta Miyako,one's future,140,1353097
Milky Holmes,Future after Rain,178,20655
Sasaki Sayaka,Marine Blue ni Sotte,180,182958
EGOIST,The Everlasting Guilty Crown (TV Size),172,622109
Beniiro Litmus,Rin to Shite Saku Hana no Gotoku (Full Ver.),163,13973
3R2,Next Stop.With You (feat. KSP),136,342327
Adust Rain,Eleven Stud,200,2025551
Soleily,Renatus,182,241526
DJ YOSHITAKA,CUSTOM DRIVE,155,155973
Ito Kashitaro,Kyouhansha,155,751956
Camellia,"FLYING OUT TO THE SKY (covered by Nanahira, moimoi, Nana Takahashi) (Cut Ver.)",244,1308842
Polyphia,ABC feat. Sophia Black,140,1851537
Teminite & MDK,Space Invaders,128,1152802
Wagakki Band,Senbonzakura,153,427508
Kairiki bear feat. Hatsune Miku,BUG,186,1796464
Roselia,ZEAL of proud,195,1649795
randy,*LASAGA*,170,1955167
Camellia feat. Nanahira,Shakunetsu Candle Master Tomoshii,250,2444077
HOYO-MiX feat. Robin (VO: Chevy),Hope Is the Thing With Feathers,128,2178787
R3 Music Box,Harumachi Clover,96,2002277
Owl City,Shooting Star,124,142600
LiSA,ROCK-mode,180,1124391
SAMString,Ataraxia,200,2159928
MYUKKE.,re[in]flaw,170,2386651
Imperial Circus Dead Decadence,Uta,205,1839986
rejection,Aimai Attitude (feat. Nakamura Sanso),200,2235694
Laur vs. Kanon Oguni,Latent Kingdom,201,2375576
Ice,I D M,260,2211365
SHIKI,Rose Quartz (Cut Ver.),146,2226584
Camellia,FM Synthesis Experiment,150,914341
Iguchi Yuka,HELLO to DREAM (TV Size),160,1165894
w_tre respect for AT&HU,Schur's Theorem,180,2538971
Camellia,Circles of Death,200,1846046
android52,super anime groove 3d world,124,1827202
8284 vs wa.,Adularescence,190,337035
Falcom Sound Team jdk,Masquerade of Lies,150,1570994
Hatsune Miku,With a Dance Number,296,29691
My Chemical Romance,The Sharpest Lives,155,20426
"BEMANI Sound Team ""JYUNN""",Souhi no Fragment,130,2189113
Utsu-P feat. Hatsune Miku,Cocho Cocho,170,2563643
LucaProject,Pleiades,155,2474422
Suzuki Konomi,DAYS of DASH (TV Size),160,161328
Akiri feat. InabaYap,Tonight We Fly,161,2134137
PSYQUI,Hysteric Night Girl feat. Such (android52 Edit),128,1199392
Kurokotei feat. Sennzai,"escape (the looking-glass, and what alice found there)",220,1942597
xi,Event Hor!zon,200,2015867
Giga & TeddyLoid feat. Amane Kanata,Knock it out!,170,2121388
EARPHONES,Arakajime Ushinawareta Bokura no Ballad,198,586805
HoneyWorks,"Romantic Wedding feat. Tomatsu Haruka, Asumi Kana, Toyosaki Aki (Cut Ver.)",190,1545283
96neko,Buriki no Dance,172,588211
Matsushita,Hey Darling!,282,684242
YUI,again,140,623911
Kicco & Ouse Akira,Ayashi Tsukiyo no Enishi yori (Game Ver.),150,2056788
Yousei Teikoku,Kanzen Houkai Paradox,220,2239941
ChouCho,Yasashisa no Riyuu,177,63222
cygnus,STRIKER+,150,2065079
Yorushika,Matasaburo,200,1485265
my sound life,omega,191,1728309
zakuro,Inochi ni Kirawarete Iru.,200,693727
Pet na Kanojotachi,Kimi ga Yume wo Tsuretekita (TV Size),135,112675
Camellia vs. Akira Complex,Reality Distortion,200,1016559
YUZU,Hyouri Ittai,150,580549
Usada Pekora,Discommunication Alien,170,1153393
youman,R.I.P.,270,2475339
Mili,Fable,146,217722
Rameses B,Against the Grain (feat. Veela),174,2096997
YOASOBI,Ano Yume o Nazotte,180,1192677
FIFTY FIFTY,Cupid,120,2007456
BLACKPINK,Pink Venom,90,1831598
Various Artists,Songs Compilation VI,260,2347113
a-ha,Take On Me,168.8,850597
marasy,Moonstone,200,2170187
Nishikino Maki(CV.Pile) & Yazawa Nico(CV.Tokui Sora),Zurui yo Magnetic today,180,455273
NICO Touches the Walls,Hologram (TV Size),156.12,2020286
celtix,Cursed Bloom,230,2321288
Kurokotei,Galaxy Collapse,270,2345463
Lime,Smiling,172,810911
Aiobahn,Towa no Utage (w/ YUC'e),126,2308698
fripSide,Red Liberation (TV Size),177.5,2083710
Ouse Akira,Girlish * Love,188,1835785
TJ.Hangneil,Kamui,210,109438
Lite Show Magic,"TRICKL4SH 220 (22,000 Power Extended)",220,1603661
Akiyama Mizuki (CV: Satou Hinata),IDSMILE,171,2216672
Mami Kawada,PSI-missing(TV Size),130,311202
Getty,Party Out,170,2438662
Tonari no Niwa wa Aoi (NIWASHI + Aoi),Nostalgic Lost Logic,195,2095978
back number,Takane no Hanako-san,138.02,2228833
Cinnamon,Neoki Yashi no Ki,160,2083263
Plum,Vanilla Flavored Soda,128,1888573
Marmalade butcher,SUTEGORO,148,2555245
Yoeko Kurahashi,Sinking Town,249.94,2425812
Ariana Grande,Put Your Hearts Up,162,2106143
Remixed by DJ Command,Mermaid girl -Akiba Koubou MIX-,150,162737
Lady Gaga,Born This Way,124,1994595
Ludicin,Signal,170,2364931
Hatsune Miku,Stargazer,195,16608
Ying Jiang,Jin Ye Xing Guang Shan Shan (Dong Official Remix),127.97,2394857
Kuki Akumu,Ki ga Kurutta Noise,180,1864060
THREE LIGHTS DOWN KINGS,Glorious Days(TV size),192,458584
Given,Hetakuso,180,1237078
DUSTCELL,STIGMA,220,1323916
Laur,Viyella's Nightmare,220,1702668
Various Artists,Cosmic Princess Kaguya! Songs Compilation,170,2529807
Plum,Flower Rocket,230,2036263
KiRaRe,"Don't think, Smile!! (TV Size)",173,1590177
LEAF XCEED Music Division,Fur Elisa,185,1131805
t+pazolite,Doku LOCANdy,165,800811
Shannon feat. GUMI & Hatsune Miku,The Last War of Us,120,1754382
Kyutatsuki,Dimension Wars,300,2247080
Imperial Circus Dead Decadence,Hitsuunaru Kyouon wa Kanashiki Kaikou mode:Omega,276,1936926
fripSide,black bullet,155,179951
Camellia,Light It Up,175,1717042
FELE,Peter on crack,214,631020
katagiri,Kyuukou,216,2452664
Camellia,"overcomplexification (""Quaternion"" Long ver.)",190,1650276
succducc,azure,160,997064
SHIKI,Lapis,146,1968445
ShinRa-Bansho,Miko-sama no Aburaage disco,169,1856309
VALLEYSTONE feat. Shizaki Yuki,HEAVENLY SMILE,184,551771
MIMI,Lapis Lazuli,190,2090056
POP ART TOWN,i,142,1635846
Reol,Midnight Stroller,140,1014141
Kitauji Quartet,Tutti! (TV Size),194,877844
HyuN,Guitian,165,891348
Aqours,Yuuki wa Doko ni? Kimi no Mune ni!,167,1054647
GEMN,Fatal (TV Size),156,2210005
KiRaRe,367Days,180,1945285
Nogizaka46,Yubi Bouenkyou (TV Size),180,1178935
Hoshimachi Suisei,NEXT COLOR PLANET,132,1162605
Yorushika,Haru,204,2170006
Numtack05,kimi no hitomi ni / sayonara! (ED ver),188.5,632589
BoA,MASAYUME CHASING (TV Size & Nightcore Mix),150.9,2386367
Ardolf,Before The Storm,167,1934083
Celldweller,Weaponized,100,616637
C-Show,GIMME DA BLOOD,110,1935723
Memme,Uranium,170,872940
sound piercer feat. Ritsu,Ai to Bonnou to Rinne to Joushiki no Gokusai Sekai,274,2098695
RearDawn,T'Suramic,212,2075218
Ryu*,Plan 8,212,1466536
"Touyama Nao, Hanazawa Kana, Komatsu Mikako, Asumi Kana",Souzou Diary (TV Size),181,1845117
Leah Kate,10 Things I Hate About You (Sped Up & Cut Ver.),176,1881428
Parry Gripp,There's A Cat Licking Your Birthday Cake,110,2062569
EXIT TRANCE,SPEED ANIME TRANCE BEST pt1,175,21889
Qrispy Joybox,Winter Gift ~Qrispy Kara no Okurimono~,178,1658903
Chayanne,Salome,128,1256147
Minato Aqua,#Aquairo Palette,156,1246880
Eve,INSOMNIA,150,2196601
Araki,Teo,185,759178
"BEMANI Sound Team ""Captain Sonic""",DISPARATE,200,1761150
toby fox,sans.,128,1147471
96neko,Uso no Hibana,188,559489
FictionJunction,Parallel Hearts,165,7957
Boom Kitty,Shredageddon,128,2322155
King Gnu,Hikoutei feat. AVER,80,2503440
Camellia vs. Tsukasa Kaminose,Gunkyouzouteki Soseiriron,160,2379162
AKINO with bless4,Yuki no Youni,184,531713
Hanazawa Kana &  Itou Shizuka & Toyosaki Aki,Minna no Namae o Irete Kudasai TV size ver,190,161066
YUME (CV: Takahashi Nanami),Tobitate! DREAM PARTY,182,1850702
USAO,Wildfire,203,1913597
TVXQ!,Rising Sun,125,2305663
Minato Aqua,Dadadada Tenshi,180,1806101
Koloto,Fox Tales,174,1730492
Kito Akari,Kimi no Tonari de (TV Size),198,1939714
kurokumo,God-ish,142,1629837
LACCO TOWER,Usubeni (TV Size),183,2001123
mafumafu feat. IA,Adagaeshi Syndrome,284,938437
Mia REGINA / R3 Music Box,My Sweet Maiden,204,702111
Hoshimachi Suisei,Stellar Stellar,178,1597526
Katy Perry,E.T. (Nightcore Mix),188.06,33761
odaxelagnia,The Shortest Mashcore Ever,249,574811
xi,F,173,459899
Kobaryo feat. HiTNEX-X,SUPER MEMORIES,190,1000359
Kobaryo,Bookmaker,175,1562996
Christopher Larkin,Strive,190,2439097
TrySail,Hanarenai Kyori (TV Size),244,1734056
ARCANA PROJECT,Tomedonai Shiosai ni Bokutachi wa Nani o Utau Darou ka (TV Size),164,1650549
Maro Note,UNA ALARM,155,2543663
"Inori Minase, Sakura Ayane",Senryakuteki de Yosoku Funou na Love Comedy no Ending Kyoku (TV Size),197,1474843
Kanaria,EYE,137,1665328
MikitoP feat.Matsushita,Kunoichi demo Koi ga Shitai,185,218482
u's,Snow halation (TV Size),173,233123
SEVENTEEN,Don't Wanna Cry,100,618466
Diao Ye Zong feat. Meramipop,Moumoku no Egao,131,1212631
Falcom Sound Team jdk,Unfathomed Force,220,1257812
SiLiS,Hebe,135,2338039
Aimer,Brave Shine (TV size),85.5,501333
LiSA,EGOiSTiC SHOOTER,202,253313
Yukinoshita Yukino (CV.Hayami Saori) & Yuigahama Yui (CV.Touyama Nao),Everyday World,154,309176
Madotsuki@,Ikanaide,191,315799
Tatsuya Kitani,Where Our Blue Is (TV Size),152,2236275
Teminite,Earthquake,174,526626
JVKE,moon and back,90,2146136
Lucky Twice,Lucky,130,8007
Mindless Self Indulgence,Never Wanted To Dance,183,4547
Frums,We Want To Run,243,1025170
Laur,Exitium,260,1675996
Diceros Bicornis (xi + BlackY),Siva,212,2039280
Akiri,Blocko ET (feat. Jinjin),200,2321263
Infant Annihilator,Soil the Stillborn,320,1147599
Frums,VIS::CRACKED,242,1561114
TryHardNinja,"Revenge (feat. CaptainSparklez) (ReeK's ""Dude, What's A Genre?"" Remix)",165,1205236
BlackY,Vestige,160,2077955
DJ Raisei,Moonlit Tempest,203,2419203
ulko,REGGAETON BUT IT HAS AMEN BREAKS,200,1279587
AAAA vs. Morimori Atsushi,Xrocus,202,1825537
DJ SHARPNEL,Magic Cycles,196.51,2390428
"Pecorine (CV: M.A.O), Kokkoro (CV: Itou Miku), Karyl (CV: Tachibana Rika)",Connecting Happy!!,182,1922096
halca,Kokuhaku Bungee Jump,185,2288397
Rice Shower (CV: Iwami Manaka),Sasayaka na Inori,79,2141805
USAO,FREEDOM (Extended Mix),170,749304
anNina,ombre,175,2314867
Tsukuyomi,Yume to Shiriseba,185,2455961
Matsushita,raspberry cube,145,967904
DIANA,Beethoven Virus,156,2391392
solfa feat. Shimotsuki Haruka,leap in your mind,105,818672
Maki,Saan?,120,2323780
WAGAMAMA RAKIA,SURVIVE,220,1900283
Ryokuoushoku Shakai,Party!!,122,2136260
Sabadu,A Very Polish Christmas,210,1992471
"Hirano Aya, Katou Emiri, Fukuhara Kaori, Endou Aya",Motteke! Sailor Fuku (TV Size),150,924885
MY FIRST STORY feat. chelly (EGOIST),"1,000,000 TIMES",200,1205697
LUZE,"Love Song ""Negradolna""",555.5,2127480
Wanuka,The Fog,155,1843890
Tears For Fears,Everybody Wants To Rule The World,112.06,2543185
ReoNa,Seimeisen,170,1337052
Nanamori-chu * Goraku-bu,My Pace de Ikimashou,190,335145
Toby Fox,BURNING EYES,147.5,2405475
Yuyoyuppe,PYONTA,160,1770974
Koronba,Iwashi ga Tsuchi kara Haete Kurunda,135,602367
Yousei Teikoku,Kyouki Chinden (TV Size),280,2551283
Camellia,FINAL BLENDERMAN APPEARED. (feat. RichaadEB),230,2244982
Kankitsu,Prayer,142,1848177
KOAN Sound & Asa,fuego (sakuraburst remix),200,622946
Kotoha,you are my curse,160,2513418
Inori Minase,Paleotopia,180,2341330
Renard + Adraen,Physicality,181.02,601403
Kendrick Lamar,United In Grief,131,2210015
FELT,New World,195,407175
ARM,Mobbyca,160,511435
Serizawa Yu,Saiaku na Hi demo Anata ga Suki. (TV Size),186,2534093
Azusa Tadokoro,DEAREST DROP (TVsize),146,646199
DECO*27,Sad Girl Sex feat. Hatsune Miku,178,2273488
Ardolf,DEATHDOOR (Instrumental Version),180,2010466
MIMI vs. Leah Kate,10 Things I Hate About Ai no Sukima,204,1919786
Foreground Eclipse,Storytellers,183,311328
I SEE MONSTAS,Holdin On (Skrillex and Nero Remix),174,701330
BilliumMoto x Silentroom,"Sense (""Leads to Another"" Full Ver.)",180,1873293
Aoi,"!nterroban(?,",220,2385221
Hamu,Kaori no Yaruki Switch! (Cut Ver.),128,1338910
Marmalade butcher,=/=Virtual Futural,220,2472364
xi,Quietus Ray,200,1787200
Camellia,Luin of Celtchar,153,1095471
rejection,Aimai Attitude (feat. Nakamura Sanso),200,2399670
succducc,destination moon but it has amen breaks,160,843723
Silentroom,Aulture,172,1561522
Hatsuki Yura,Kaguyahime,154,1274776
Yousei Teikoku,Kokou no Sousei,240,2427146
"Pecorine (CV: M.A.O), Kokkoro (CV: Itou Miku), Karyl (CV: Tachibana Rika)",Connecting Happy!! (TV Size),182,1217129
wa.,Messei Lux Aegis,191,1196399
Eve,As You Like It,143,841277
EmoCosine,MAGENTA POTION (Short Ver.),150,1079970
yachostry feat. Izak,Ejsik Kochanie,178,2112405
*namirin,Kanade,150,607014
FLAVOR FOLEY,Static,190,2383590
Kocchi no Kento,Hai Yorokonde,147,2189291
Becca,I'm Alive!,175,30301
toby fox,Last Goodbye,180,744772
S3RL feat. Chi Chi,I'll See You Again,175,2013638
Tsunamaru,Daidai Genome,135,221954
MakenCat,DanceCap - 2,90,2296888
fiend,Morrissey,170,1211976
Beethoven,Moonlight Sonata 3rd Movement (meganeko Remix) (2022 Ver.),164,2409256
Gram,Nibelungen,222,2305280
Umiai,Drizzling Sun,140,757340
DJKurara & Supire,Search And Destroy,240,2197177
monet,Noborenai Sakamichi,123,768338
Nekomata Gekidan,AsiaN distractive,157,1070605
Gram,Sigmund (The Requiem's Extended MIX),200,2318379
Shigure Ui & Amamiya Kokoro,Daishikyu Daishuki,190,2178361
Shinji Hosoe,Submerged City,153.26,2009830
Yohane (CV: Kobayashi Aika),Forever U & I (TV Size),178,2123996
Amehurashi,complex syndrome,238,1590114
irohaRingo feat. flower,Why I hate you,156,2263303
MIMI,Moment,126,2465644
Suzuki Aina,Hikariiro no Uta,188,1358382
Toby Fox,The Third Sanctuary,170,2392899
TUYU,Kako ni Torawarete Iru,180,2435199
Kanye West,All Of The Lights,142,1566796
LADYBABY,Nippon Manju,186,910392
Jeff Rosenstock,HEAD,234,2537887
THE ORAL CIGARETTES,Youshi Tanrei na Uso,132,1029803
Minato Aqua,#Aquairo Palette,156,1244542
Hanatan,Niwaka Ame,90,1115060
HAG,Natsu no Arika,130,783234
Tomoya Ohtani feat. Douglas Robb (Hoobastank),Fist Bump,217,2322707
Jeff Williams feat. Casey Lee Williams,Time to Say Goodbye (TV Size),250,2285243
Yasuda Rei,Mirror,127,649225
Phoneboy,Nevermind (feat. Justin Magnaye) (Nightcore Mix),216,2287284
F-777,Airborne Robots,200,632505
cosMo@BousouP,Deux Saint-Co Odyssey!!,160,1492017
Beautiful Day,V3,159.95,4622
The Ventures,Sleigh Ride,165.5,393080
yuikonnu,Yume no Mata Yume,152,812160
"Tomita Miyu, Onishi Saori, Ohzora Naomi, Hanazawa Kana",Gabriel Drop Kick,168,572809
coldrain,MAYDAY (feat. Ryo from Crystal Lake),121,1030814
MT Nightcore,Welcome To The Club,181.25,15489
THE ORAL CIGARETTES,The Given,82,1171165
Masarada,Outlaws,135,2208906
Toby Fox,Chaos King,147,877955
Richard Stone,Animaniacs Intro,173,7672
Hoshimachi Suisei,"Tenkyuu, Suisei wa Yoru o Mataide",134,1600004
Jan Wayne Vs. Raindropz,Numb (Nightcore Ver.),177.5,14983
"Run Girls, Run!",Share the light,180,1693654
ginkiha,Silver Eclipse,180,2414413
Shika-bu,Shikairo Days (TV Size),183,2208262
LONG SHOT PARTY,distance (NARUTO Ver.),198.5,632130
SEVENTEEN,Pretty U,155,910871
Between August and December,Blow with the Fires,75,275841
Linkin Park,Up From The Bottom,214,2346466
MAN WITH A MISSION,My Hero,180,689957
Sambomaster,"Kimi wo Mamotte, Kimi wo Aishite",138,11581
Team.Nekokan[Neko] featuring. Katakiri Rekka,Salvage (TV Size),177.75,78506
SEGA,Koi No Disco Queen,132,2057717
"Ao Man De Xiao Rou Bao, Nana7mi",Hana no Tou,170,2256056
Tsukimi Eiko (VO: 96neko),Sakuranbo,169.85,1812791
ROSE & Bruno Mars,APT.,149,2270035
NAKISO feat. Hatsune Miku,Retry Now,145,2430612
Loki,Wizard's Tower,175,985788
nano,Born to be (TV Size),192,141505
The Living Tombstone,Cats,108,1395063
Roselia,Fatima,179,1039778
Nanahira x Camellia,Fuwa Mofu Happiness 24/7!! (Short Ver.),185,890867
luvlxckdown,wont interfere,112.87,2536648
MomoKuro-tei Ichimon,Nippon Egao Hyakkei (TV Size),160,74301
Yooh,RPG,190,2071247
Gram,ARCADIA,165,1918910
Cash For Sex,What You've Done (Original Mix),128,412353
Helblinde,Grief & Malice,200,2404717
Reizoko Cj,You're Gonna Love My Nuts,260,2003937
Halozy,Masshiro na Yuki,170,2586507
kanemiko,Cold Fusion,205,2352124
seatrus,Diossido di Carbonio,182,2194018
penoreri,Immaculate,200,2456796
happy30,You spin my world,196,2360595
Treyarch Sound,115,200,397378
MORE MORE JUMP! x Megurine Luka,Color of Drops,152,1686759
PELICAN FANCLUB,Sangenshoku (TV Size),200,2013110
"Fear, and Loathing in Las Vegas",Just Awake,191,44527
t+pazolite,You are the Miserable,163,2066968
96neko,"E? Aa, sou.",192,902346
Asriel,Judgment,204,1372170
kanemiko,"comet casting capsule (""catching celestial clusters"" Long Ver.)",250,2539679
White Brinyan,Want You Bad,100,2171896
YOASOBI,Seventeen,140,1986074
Kawai Sprite,M.I.L.F,180,1398983
Satou Hiromi,Hikari,150,1918985
inabakumori,Yoyuyoku,179,2091498
Midnight Grand Orchestra,Moonlightspeed,176,1850518
Digital Sexy,Til Death (Nightcore Mix),166.24,1002716
Nanahira,Monosugoi Ikioide Keine ga Monosugoi Uta,180,130092
GLORYHAMMER,The Epic Rage of Furious Thunder,180,1848202
Hatsune Miku,Homework Crisis,180,33068
Azari,D/N/A,150,2375698
Polyphia,Playing God,137,1777892
Metallica,Enter Sandman,124,1911884
Yooh,Eternity,200,2515980
kanone,CO5M1C R4ILR0AD,155,1962193
DJ SHARPNEL,BLUE ARMY (Raytoly's Progressive Hardcore Sped Up Edit),270,1627253
Street,Koiyamai (TV Size),145,1212132
Nhato,Virus Funk,132,1717150
seleP,Scarlet Rose,160,2018418
Minato Aqua,Youkoso! Sweet Carnival!,184,1773082
cast heal,traumacide,170,2336748
Leo/need x Hatsune Miku,Aoku Kakero!,190,1847076
Sound Souler,Paradise,126,686777
Official HIGE DANdism,Bad for me (Dz'Xa's Amenpunk),200,2195192
BlackY feat. Risa Yuzuki,HOT LIMIT Remix,145,1732883
Acro,Yume,178,2389260
Various Artists,SUPER SHOT Compilation,172,51037
V.K,Reverse - Parallel Universe,120,155439
Tsukuyomi,Kyuseishu,205,2026034
lapix,Day by day (PSYQUI Remix) (Cut Ver.),170,1551290
Amatsuki,Higurashi Moratorium,189,94506
Arash,Temptation (feat. Rebecca) (Nightcore Mix),126,2235601
amazarashi,Speed and Friction TV Edit,179,329969
Aqua,Dr. Jones,140,22856
AKB48,Heavy Rotation,178,1524839
SniperSnake19,Brunch (Sequel to BreakFast),180,55235
ClariS,Connect,175,25705
QWER,FAKE IDOL,165,2309188
lapix,Day by day (PSYQUI Remix),170,2308146
void (Mournfinale) feat. Hoshikuma Minami,Testify,178,1845408
YYVNG,WYNEHOUSE (Nightcore Mix),175,1986990
Ikareru Kin no Shishi,G59,170,85585
lapix,Silvia,128,805336
Paramore,Anklebiters,230,1512813
Camellia,Sage,145,2098225
kessoku band,Wasurete Yaranai,184,1911925
DJ TOTTO & Qrispy Joybox,Curtain Call Memories,173,393419
Stereo Cube,Destination Moon,150,1083536
the peggies,Centimeter (TV Size),140,1194221
sawawa,Koishi Circulation (Cut Ver.),190,2192796
Chroma,I,225,880256
GGN-,Energetic Shine,194,2135137
Tatsh,IMAGE -MATERIAL- <Version 0>,260,93523
Yun*chi,Your song*,130,126752
HoneyWorks,Akatsuki Zukuyo,180,351280
Yuika,Suki Dakara. (feat. Ren),82.5,1882996
"Alex Goot, Kurt Schneider, and Chrissy Costanza",Counting Stars (Nightcore Mix),142,205036
Imperial Circus Dead Decadence,Tinu rareta Syuren Ni Fukeru Homura,200,1643857
HEARTSTEEL,"PARANOIA (feat. BAEKHYUN, tobi lou, OZI, and Cal Scruby)",170,2081772
Kou!,Fermion Amplification,234,2435372
Juwubi,Primordial Reflection ~A Retrograde Adventure~,157.5,2539101
Wolpis Carter,Oxalis,252,2147095
*wakadori,NightTheater,151,1752717
-45,Ena,150,2224819
sakuraburst,SELF DESTRUCT,160,1283599
Uruha Rushia,Good-bye sengen,170,1749636
Kanpyohgo,Unmei no Dark Side -Rolling Gothic mix,160,2532082
Super Chorogons,Maid with Dragons (TV Size),140,1633866
KINO,Pesnya bez slov,122.61,1652193
Pmarusama.,S'il vous President,176,2464161
Suzaku,VANESSA,185,1208907
Three feat. Kagamine Len,Ego Rock,225,1955023
KOTOKO,-> unfinished ->,146,2081896
Capi,"Watashi, Idol Sengen",180,2183289
Sasaki Sayaka,Will of Adamant,198,1982229
Camellia feat. Nanahira,Bikkurisasetara Okoru yo!,215,1604806
Yoshida Yasei,Override,204,2322717
AliA,impulse,193,962863
Hotaru Murasaki,Anata dake ga Shiru Sekai,182,2328093
Primary,STRUGGLES,200,1144550
Memme,Plasma Gun,180,675615
YOASOBI,Yoru ni Kakeru,130,1128512
An Endless Sporadic,Anything,100,1291626
Katakiri Rekka & Suzuyu,Girl meets Love ShortVersion,185,413761
Yumeno Yuki,THE APPLE IS CAST!,197,879244
BLANKFIELD,Voyage,290,1201974
Nanaki feat.GUMI,Mousou Kajitsu,200,524966
QUEEN BEE,Mephisto (TV Size),150,1980579
O2i3,Dollfie Dream,175,1842979
Minstrel,Fiction,210,1085793
Camellia,"FLYING OUT TO THE SKY (covered by Nanahira, moimoi, Nana Takahashi)",244,1212452
monet,Kagami no Sekai ni wa Watashi shika Inai -another version-,150,685725
Hoshimachi Suisei,Starry Jet,144,1795227
Yoshino,Sacrifice (TV Size),123,2473457
DIALOGUE+,Deneb to Spica (TV Size),180,1777602
Takayan,Kusarikitta Jinsei da.,190,1229990
LiSA,Kimi ni Pierrot,177,775766
Eve,Kaikai Kitan,185,1273536
Baauer,Harlem Shake,140,105186
Zachz Winner,linga guli guli,135,2436630
Hasegawa Tomoki,Zetsubou no Minuet,120,343317
Archspire,Involuntary Doppelganger,175,1581431
Demetori,Emotional Skyscraper ~ World's End,178,13204
Feryquitous feat. Aitsuki Nakuru,Kairikou,205,740862
CELLON.,Virtual mode,191,1142201
UPLIFT SPICE,Omega Rhythm,173,147962
Yamajet feat. Hiura Masako,Sunglow,180,1193588
ZUN,Phantom Ensemble,156,12231
Chata,anesthesia,153,1148598
Yakushi Ruri,la la for you,178,562600
FLOW x GRANRODEO,Howling (TV Size),200,1033492
Saiya,Remote Control,165,53857
Ito Kanako,Fatima (TV Size),179,763819
xi,Sedap Malam,150,309237
TK from Ling tosite sigure,katharsis (TV Size),144,861289
Zektbach,Kagachi,170,894104
UNDEAD CORPORATION,Death is just the beginning,120,1304620
Inoue Marina,Watashi no Ki.Mo.Chi (TV Size),180,38506
Duncan Laurence,Arcade,72,1980176
Xyris,FOXGLOVE,190,2318030
Taro Hakase,Jounetsu Tairiku (Nightcore Mix),143.01,2269689
lapix,Flamenco House,130,1191497
Chime & The Wind Elementals,Constellate,150,1907057
"Vorso, euphee, djeb, Popbot",CoUNTrYfolx,133,2549278
Qrispy Joybox feat.mao,Umeyukiyo,167,234526
goreshit,o'er the flood (Cut Ver.),194,1257422
yanaginagi,Megumi no Ame,182,1976388
Pastel*Palettes,Kyu~mai * flower,183,1231905
Pastel*Palettes,Attsu Atsu Tokonatsu Love*Summer!,172,1339615
Sound Souler,Eternalism 3,145,1936398
ShinRa-Bansho,Haikara (Taishou Romantic-hen),143,922982
EDOGA-SULLIVAN,WONDERFUL WONDER (TV Size),160,1761527
Kuribayashi Minami,Tsubasa wa Pleasure Line,180,181877
kuro,Taikutsu to Shiawase to Toumei na Kokoro,150,2291928
cosMo@BousouP feat.Hatsune Miku,Hatsune Miku no Shoushitsu,240,125843
Team.NEKOKAN,Airman ga Taosenai,200,732994
Thaehan,Never Give Up,190,1048705
banshi,Fading Star(banshi-Remix),117,428023
HitoshizukuP x Yama,Crazy nighT,204,109401
LiSA,Hi FiVE!,178,852867
Stray Kids,MIROH,126,949028
Shiganai Koukousei,Moonlight,158,1950064
Maria & the Mirrors,Gemini Enjoy My Life,143,1829908
Holo Bass,Power Stance,172,1681558
Toromaru,Curiosity,148,2310855
katagiri,#WE_STILL_LOVE_PERFUME,220,2192542
Camellia,Dance with Silence,128,2317469
tephe,Genjitsu Escape,180,1994458
Satoshi & Go (CV: Rica Matsumoto & Daiki Yamashita),1 - 2 - 3 (TV Size),182,1775996
07th Expansion,Eiji Kuinbii,153,38235
USAO,Ashigaru,150,1023688
Twinfield feat. Hatsune Miku,ONESELF (Game Ver.),170,2349490
MIMI,Science (feat. Kasane Teto SV),188,2477002
SiM,The Rumbling (TV Size),145,1671360
Zedd,I Want You To Know (feat. Selena Gomez),130,355300
"Tyler, The Creator & Nigo","Come On, Let's Go",145.74,1736855
Nakanoke no Itsutsugo,Gotoubun no Kimochi,175,932291
Asaka,I believe what you said (TV Size),138,1276862
Camellia,[BLEED BLOOD],165,1021338
TRUE,Soundscape,186,518932
Shiyui,Kimi yo Kedakaku are (TV Size),210,2092318
Akira Complex,Ether Strike,156,945019
ClariS,Hitorigoto -TV MIX-,165,596704
Fvrwvrd,Speedcore Sonata,350,2047669
KUN,Deadman,60,2399746
Scarlet,Imaginary World (feat. Evara Lyrissha),170,2256821
Release Hallucination,Chronostasis,200,1665948
KARUT,CrossFire (Raytoly Hardcore Remix),175,1954243
wa. remixed celas,Gin no Kaze,175,340297
Akiri,Fortnite Battle Pass,174,2266660
Ayase Rie,Yuima-ru * World (TV Size),180,2209444
rN,"Quasi-Symphonic Poem ""The Young Queen of White""",249,2369970
Matsushita,Magical Girl*Conflict,276,1363987
SoundTeMP,Dreamer's Dream,140,350381
fourfolium,Now Loading!!!! (TV Size),193,529708
Maeda Jun x yanaginagi,Owari no Sekai kara,148,1443345
A.SAKA,Nanatsu Myoukakitsubata,168,2419051
ASIAN KUNG-FU GENERATION,After Dark,191,855765
DOES,Guren,187,424295
FLOW,Kaze no Uta -TV Size-,142,487622
Persona,Area184,184,1348822
YOASOBI,Kaibutsu (TV Size),170,1328989
Pokapoka Ion,Yajirushi-> (TV Size),168,1685918
Akiri,Void Of Altair,166,2246375
Hatsuki Yura,Snow Veil -Shoujo to Kemono no Mori-,160,1711125
Festa,Lemuria,191,589614
PSYQUI feat. mikanzil,Pallet,142,1871849
Wolpis Carter,Espiazione,236,2548855
Ata,Euphoria,190,2070307
HOYO-MiX,Got a Date?,128,2194306
DJ SHARPNEL,Mmmmmmm,192.9,2428964
Pegboard Nerds,Swamp Thing (Cut Ver.),135,2197956
Ariabl'eyeS,Raison d'etre,185,2259433
Umeri,paranoia,150,2085311
SHK,Death Moon II,150,472158
HHH,Ignited Night,149,207949
ELISA,ebullient future (English Ver.),145,2211019
Nunununununununununununununununu,M o m i a g e w o   S h a k a a g e w o,160,2181933
Giga-P,LUVORATORRRRRY!,128,153206
P*Light,YELLOW SPLASH!!,185,363882
Trial & Error,Tokoyami no keiyaku KEGARETA-SHOUJO feat. GUMI,190,786498
Shiina Mahiru (CV: Iwami Manaka),Kimi ni Todoke (TV Size),146,2177949
Yuuki Aoi,Guda Fuwa Everyday (TV Size),220,1479296
Down,Ekoro,165,2197940
toby fox & RichaadEB,Megalovania Dual Mix,240,763337
BiBi,Cutie Panther,170,1757266
BlackY vs. Yooh,Happy Voice (Cut Ver.),175,1799500
AAA,Wake up! (Anime ver.),176,159068
MIMI,Gyutte,184,2160681
IOSYS,Danzai Yamaxanadu,175,13654
DJ Genericname,Dear You,174.11,43466
ELFENSJoN,ASH OF ROUGE,226,1432908
t+pazolite feat. Rizna,Distorted Lovesong,240,81694
june,A Little Messed Up,96,1161079
Aiobahn feat. KOTOKO,INTERNET YAMERO,185,2045169
K/DA,"POP/STARS (ft. Madison Beer, (G)I-DLE, Jaira Burns)",170,874948
SoraMafuUraSaka feat. Knives Out,FPS,200,881581
Bossfight,Endgame,174,1674622
Usada Pekora,Discommunication Alien,170,1196084
Halozy feat. Nanahira,Monosugoi Live de Cirno ga Sokohakatonaku Monosugoi Uta,220,1942061
Yanagida Ethnica,For You the Bellz Toll,195,1064967
Thousand Leaves,Vampire Edge,250,852093
ARForest,Capella,210,1971952
Vivy (CV: Yagi Kairi),Sing My Pleasure (TV Size),175,1625877
KARUT,STARGATE EXTREME,150,2495730
Natsume Itsuki,thouwertmachinery,178,2357346
linear ring,lalabai call me,208.5,2012779
Ashrount vs. polysha,ZENITH,190,1872740
Vicky Vale,Dancing (Short Ver.),160,2400944
Hatsuki Yura,Intense Desire,152,54885
PSYQUI,Endless feat. Mameyudoufu (Mameyudoufu Remix),175,1557840
Okazaki Taiiku,Kimi no Bouken (TV Size),200,869019
BoA,MASAYUME CHASING (TV Size),129,170968
Honma Himawari,Ninja Re Bang Bang,130,1478309
AKINO from bless4,MIIRO,195,259127
TWICE,Heart Shaker,164,705597
BAND-MAID,Choose me,180,871187
Vickeblanka,Black Catcher (TV Size),200,1089673
Camellia,POLYBIUS GB SPEEDRUN (Glitchless 100% WR in 0:03:57),198,1940246
kamome sano,eclair au chocolat (extended bittersweet mix),182,505048
DJKurara,Bye Loved Ones,230,2437941
Camellia,Qyoh (Nine Stars),242,1833301
TAG,Romancing Layer,150,234247
xi feat. Risa Yuzuki,Kyoka Suigetsu,180,2511443
Renard,EXTREME FUCKING SOCA PARTY,140,2268066
DJ CHUCKY,Abyss Of The Darkness (Cut Ver.),160,657834
JAKAZiD,Slaughta,145,2188394
Slax,Kazusa,216,2075809
Stellabee,The Fastest Love Song (Edit Ver.),279.97,2384934
TOGENASHI TOGEARI,Wrong World,171,2172347
JVKE,this is what falling in love feels like,108,2146559
KurousaP feat. Hatsune Miku,Senbonzakura (CLAWZ Bootleg Mix),145,856774
Synthion,Aurora,175,1726352
Petit Rabbit's,Daydream cafe (TV Size),150,1058797
Takanashi Yasuharu,Doku Ryuu no Cobra,200,1561963
An,LittleGameStar,215,208999
aran & Kobaryo,Hageshi Konoyoru -Psylent Crazy Night-,150,1637454
mafumafu,Kakushigoto,200,770023
Nekomata Master,Fly far bounce,163,930775
Iyowa feat. KAFU,Kyu-kurarin,220,1627761
Aoi,aterlbus,202,1965582
Petit Rabbit's,No Poi! (nenpulse bootleg remix),175,414348
Silver Forest,The Doll Maker of Bucuresti,156,9489
TUYU,Loser Girl,186,1333508
FELT,Lost in the Abyss,183,985041
Hatsune Miku,Netoge Haijin Sprechchor,175,25802
Colors*Slash,Colors Power ni Omakasero!,200,1115477
Itowokashi,Kanadeai,192,949903
Iori Nomizu,Ma.Ka.Se.Te Tonight ~TV SIZE EDIT,181,244026
ClariS,Colorful,178,132007
DET,Monk2,153,2442758
EmoCosine,MAGENTA POTION,150,2483415
LazuLight,Diamond City Lights,182,1469822
DECO*27,Rabbit Hole feat. Hatsune Miku (Cut Ver.),173,2160279
HAG,Aoi Harukaze,132,1182641
Tujamo & Plastik Funk feat. Sneakbo,Dr. Who! (Smooth Remix),174,207806
MAXIMUM THE HORMONE,ChuChu Lovely MuniMuni MuraMura PrinPrin Boron Nururu ReroRero,258.06,1781987
Tashiro Tomokazu,Koi no Hime Hime Pettanko (Karaoke),179,938926
Satoshi (CV:Matsumoto Rica),XY&Z,254,698151
Tsubasa,BIBBIDIBA,120,2183073
LeaF,Ka,250,1592127
Hatsune Miku,Vegetable Juice (Po Pi Po) Ryu Remix,168.37,14984
yanaginagi,Yukitoki (TV Size),164.5,87616
MISATO,Necro Fantasia,175,626406
Feint (feat. CoMa),Snake Eyes,174,130223
3 Nen E Gumi Utatan,Bye Bye YESTERDAY (TV Size),180,1332626
Linkin Park,Heavy Is The Crown,128,2254712
Various Artists,Anime Songs Compilation,180,343728
*namirin,Daidai Genome,135,700726
Kankaku Piero,Rakugaki Page (TV Size),184,1384602
QUEEN BEE,01 (TV Size),180,2077597
Joe Inoue,CLOSER (TV Size),166,30768
fromis_9,LOVE BOMB,154,1849271
Tia,Heart Realize (TV Size),178,143717
Jane Remover,JRJRJR,153.34,2303788
TRAP CHICK,Execution Clap,137,2529218
THEATRE BROOK,Uragiri no Yuuyake -TV Size Long Ver.-,151,949071
Sayuri,Hana no Tou (TV Size),170,2047494
She is Legend,Burn My Soul (Game Ver.),180,2284735
LiSA,ADAMAS (TV Size),191,859608
Will Stetson,Of Our Time,204,2412232
supercell,My Dearest,168,493830
Mia REGINA,My Sweet Maiden,204,1109062
heiakim,Nico Nico Nii,124,1984274
Kagamine Rin,I Can Take Off My Panties!,163,24172
FELT,In my room,165,1832804
Pyxis,"Koise yo Minna, Hai! (TV Size)",160,981859
Ludicin,Echoes of Memoria,190,2216111
BlackY feat. Risa Yuzuki,Ego Eimi,178,2137625
Takagi-san (CV: Takahashi Rie),Joyful (TV Size),159,2516888
Mizukara o Enshutsu Suru Otome no Kai,Girlish Lover (TV Size),165,1231682
7_7,?_?,220,2174796
Yooh,Seraphim (Long Ver.),186,2244128
Avenged Sevenfold,Save Me,190,1873543
katagiri,Kyuukou,216,1962531
Sayuri,Heikousen (TV Size),191,2265035
ISAJI,Yaranaika,140,13885
Camellia,N.O.,150,2302416
xi,ANiMA,183.5,441271
fripSide,future gazer (TV Size),138,115715
Rin'ca,Kiseki Melody,170,2041421
Nijigasaki High School Idol Club,Colorful Dreams! Colorful Smiles! (TV Size),185,1743478
Seiryu,Critical Crystal,191,199535
BlackY feat. Risa Yuzuki,Crimsonate,149,1608007
Mage,The Words I Never Said,172,1470072
OceanLab,Satellite (Sewerslvt Edit),174,2278655
"Logan Mader, Jamie Christopherson",Red Sun (Maniac Agenda Mix),150,1706955
q/stol,Re/Im,152,588066
Tsumugi Wenders (CV: Iwai Emiri),Tsumugi no Natsuyasumi -Sunset Lighthouse Version-,150,1860224
NANAOAKARI,Ashita no Watashi ni Sachi Are (TV Size),132,2318305
ZUN,Hartmann's Youkai Girl,165,25062
hololive IDOL PROJECT,BLUE CLAPPER,145,1332740
Au5,Return To Moonland,145,1221602
Poppin'Party,Blue Bird,152,1061601
Sta & Feryquitous,2 Minutes Euphoria,170,1280207
Niko,Night of Fire,157.71,18923
IOSYS,Kitto Mou Hatarakanai,145,41482
Sougetsu Eli,Aoi Chou,182,986329
coltrane,"zeke didn't ""invent dariacore"", i did",190,1736615
Marmalade butcher,Noxious,190,1993035
THE HATTERS,Every Day I'm Drinking,180,2348983
YOASOBI,Kaibutsu,170,1355471
Shoichiro Sakamoto,Eye of Aeon,180,26528
Camellia,Dance with Silence,128,1710650
Betwixt & Between,12 little fragments of silence,220,1355970
Hinkik,Time Leaper,175,2174565
PSYQUI,Don't you want me feat. Such,152,1956641
Jaroslav Beck,"$100 Bills (Camellia's ""215$-Step"" Remix)",215,1941767
Umeboshi Chazuke,Cineraria,213,1258829
Persefone,Consciousness (Pt. 1 & 2),215,2361305
iconoclasm,Votum stellarum -forest #25 DDR RMX-,140,23437
LeaF,Aleph-0 (extended ver.),250,1800224
luz,Kakuriyo (TV Size),179,2044648
"cosMo@Bousou-P feat. IA, Kagamine Rin",Anti the EuphoriaHOLiC (Cut Ver.),180,2092799
"Fear, and Loathing in Las Vegas",Keep the Heat and Fire Yourself Up,155,766172
Various Artists,GIRLS' LEGEND U,205,1486797
Xi,Shoujo Kisoukyoku ~ Speed Battle,185,1286282
Shiena Nishizawa,Meaning,190,364401
Ito Kashitaro,Silent Minority (TV Size),206,1771982
Rigel Theatre,SPIKA,134,1632850
YURiKA,Le zoo (TV Size),110,1052509
ke-ji,Chant du Cygne,190,323988
OISHII,ONIGIRI FREEWAY,210,873667
s-don vs. Hino Isuka,Trrricksters!!,155,1711751
"Hyper Potions, Synthion & MYLK",Maboroshi,170,1175718
Sasuke Haraguchi feat. Choten-chan,Cubibibibism,185,2225917
ZUN,A Sacred Lot,149.61,828940
cYsmix feat. Emmy,Tear Rain,128,140662
sweet ARMS,Installation,215,1011575
Syaro(CV.Uchida Maaya),Caffeine Fighter,156,451250
HOYO-MiX feat. Jonathan Steingard,Wildfire,72,1986333
Minato Aqua,Good-bye sengen,170,1448237
nonoc,Reloaded,190,1309794
Louie Zong,Rhythm Hell,120,1968814
Onyang,The Upper Register Test,180,360726
PELICAN FANCLUB,Sangenshoku (TV Size),200,1047733
OISHII,ONIGIRI FREEWAY,210,996628
positive MAD-crew,Mynarco,181,824205
Camellia,Electromagnetic Stealth Girl Born In Philadelphia,132,1525729
GTS Sound Team,<<wr/d.:maker>> ~Harmony in Reset~,180,2183742
Narmaya (CV: M.A.O),Houmatsumugen Kochoujin,150,775728
Frums,theyaremanycolors,240,1909163
Ludicin,Echoes of Memoria,180,2402301
TK from Ling tosite sigure,unravel,135,2388601
Silentroom,Finixe,222,2228650
Mr.T,athletic meet of sound toy,190,488683
KikuoHana,Nobore! Susume! Takai Tou (Cut Ver.),142,2421243
Various Artists,Toshi no Se Gassaku 2023 ~Nanairo no Nico Nico Douga Ryuuseigun~,180,2181438
Camellia feat. Nanahira,Versus! (Cut Ver.),200,1479680
Slax,Kazusa,216,2429325
Yu-Peng Chen @HOYO-MiX,The Stellar Moments,200,2029665
TAG,Astral Stranger,190,2202586
Silentroom,Alt Futur,155,1265982
yak_won,Sinus ~Secret Heart~,142,736694
Kep1er,Shooting Star,178,2277758
Kuroneko Dungeon,Ryoushi no Umi no Lindwurm,280,372850
Renard,Rainbow Dash Likes Girls (Stay Gay Pony Girl),220,1893701
OxT,grayscale dominator (TV Size),190,2094985
Kairiki bear feat. Hatsune Miku,Shippaisaku Shoujo,240,1869533
Fukuhara Haruka,Kaze ni Fukarete (TV Size),90,1469397
fripSide,fortissimo-from insanity affection- (Short Ver.),150,104839
7!!,Lovers (TV Size),164,1945020
ClariS,Koi Sekai (Cut Ver.),170,2164249
IZ*ONE,Airplane,165,1979805
BAND-MAID,CROSS,190,1221201
Sayuri,Raise de Aou,146,478766
Kendrick Lamar,Alright,110,2204687
Caramell,Caramelldansen (Ryu* Remix) (Nightcore Mix),197.75,48842
tomspicy,fieryrage accordion (hardcore remix) (TV Size),180,2527220
Team Grimoire vs. Laur,Grievous Lady -nothing is but what is not-,210,1076403
Minase Inori,TRUST IN ETERNITY,184,1087675
Mitsukiyo,Juu Rokuji no Hitoritabi,120,2196929
Frontliner,Lovesong,179,1449082
Suda Keina,veil,150,1015516
Yamamoto Mineko,Rinne,179,948133
Ling Yuan yousa,Da Xi (Sped Up Ver.),160,1489889
Masayuki Suzuki,DADDY ! DADDY ! DO ! feat. Airi Suzuki (TV Size),138,1690030
senya,Replica no Koi,133,67506
Ci Mei Gui,Wu Xuan Lan,167.91,336173
Orangestar,Kimi no Yozora Shoukaihan,185,583277
Dimrain47,Operation: Evolution,165,938921
Yuuhei Satellite,Innocence,150,2394931
Idoling!!!,Don't think. Feel !!!,151,164807
"Tyler, The Creator",NEW MAGIC WAND,140,1989254
Aiobahn,INTERNET ANGEL,160,2009205
Tomatsu Haruka,courage,196,226289
Oranges & Lemons,Soramimi Cake (TV Size),135,2119483
HOYO-MiX,Any Last Words?,120,1835996
Syoko Hoshi (CV: Satsumi Matsuda),Zettai Tokken Shuchou Shimasu! Hoshi Syoko Solo Remix,200,546878
kessoku band,Seiza ni Naretara (TV Size),123,1919446
HoneyWorks feat. Capi,Kawaikute Gomen,160,1860175
FLOWxGRANRODEO,7 -seven- -TV SIZE -,170,282345
*namirin,Irodori Sora,140,2465080
NateWantsToBattle,Ashes,155,805455
KANA-BOON,Nai Mono Nedari,175,758923
Feint,Stray,173,384535
Mitsukiyo,Unwelcome School,180,2120192
fripSide,black bullet,155,164930
"Takamori Natsumi, Takada Yuuki, Takahashi Karin, Hanamori Yumiri, Harada Sayaka",Take me*Take you,180,650946
Vickeblanka,Black Rover (TV Size),204,2401189
Depeche Mode,Never Let Me Down Again,106.34,1804117
KOTOKO,Re-Sublimity (TV Size),135,152779
SUPER BEAVER,Toppakou (TV Size),207,1632720
SUKIMASWITCH,Golden Time Lover (TV Size),124.95,1006790
Demetori,"Yuuga ni Sakase, Sumizome no Sakura ~ The Harm of Coming into Existence",185,1025036
ExileLord,Soulless 5 (HalfDuck Cover),260,2293677
Light,Anoneanoneanoneanoneanoneanoneanoneanone Kouji ga Okureteruno,126,822716
t+pazolite,Gumbarlzo!,225,2472360
goreshit,burn this moment into the retina of my eye,217,999447
KOTOKO,agony (TV Size),132,95898
ReeK,Okashi Rave Party (feat. L4hee),180,2237237
KiRaRe,OvertuRe: (Cut Ver.),178,1332539
tephe,Neppa feat. Butter,180,2025281
rejection,White Canvas (feat. Aitsuki Nakuru),140,2518293
KyoKa,Ouran Romancia,148,1606712
Geoxor,Moneko,150,2469874
ZEROBASEONE,In Bloom,164,2024020
Solarbear,Stick Your Ins Out,145,1149112
STEAKA,Medic: A Doll,146,2299672
DECO*27 feat. marina,Aimai Elegy,210,43248
Hanasaka Yui (CV: M.A.O),Harumachi Clover (TV Size),142,1972174
QWER,REBOUND,180,2384836
ZAQ,Dance In The Game,135,1871920
SiM,The Rumbling (TV Size),145,1670899
Thaehan,Doki-Doki,180,713926
Cee-Lo Green and Jack Black,Kung Fu Fighting,110,1866973
MISATO,Necro Fantasia,175,882839
ARM feat. Nanahira,Bakunana*Testroyer,200,295581
Cranky,"Party 4u ""Holy Nite Mix""",159,7205
YOASOBI,Love Letter,100,1585863
Mia REGINA,My Sweet Maiden (TV-size),204,606419
inabakumori,Kimi ni Kaikisen (Cut Ver.),202,1746291
Metro Boomin,BBL DRIZZY BPM 150.mp3 (Cut Ver.),150,2184200
Ludicin,Bismuth,240,2017887
Iyowa feat. Adachi Rei,Heat abnormal,183,2512443
mitei,Phosphor,214,2410611
-45,Ena,150,2165041
boa,Duvet,186.28,1840509
Spawn of Possession,Apparition,240,363184
NamiRyo,Aisthimata,190,2339867
xi,Double Helix,156,1604725
YOASOBI,Idol,166,2246343
Shigure Ui & Amamiya Kokoro,Daishikyu Daishuki,190,2328743
Neko Hacker,Shadows feat. Such,170,2555651
goreshit,looming shadow of a tree long gone,222,2146336
Renard,Gai Runs at 300KM/h,208.5,1510469
Ta9-5,Peach World (feat. Looci),180,1311764
Suzuki Konomi feat. Ashnikko,Recollect (TV Size),145,2533319
Noisia,Running Blind,172,1125991
Hachioji P x kz(livetune),Glimmer feat. Hatsune Miku,150,1845419
kors k,smooooch,177,119359
CHiCO with HoneyWorks,Himitsu Koigokoro (TV Size),165,1798275
EmoCosine,Black sour Ruby,175,2019474
Horie Yui,Asymmetry (TV Size),173,1402604
"Emma Stone, Callie Hernandez, Sonoya Mizuno, Jessica Rothe",Someone In The Crowd,128,1412093
HATSUBOSHI GAKUEN,Hajime,170,2186562
LeaF,MEPHISTO,170,106212
9mm Parabellum Bullet,Inferno,195,482090
Asriel,Shiroi Yoru no Kageri,218,1407509
Reaper,Circulator,165,1465690
Syaro (CV: Uchida Maaya),Caffeine Fighter,156,2343664
TrySail,Honto da yo,175,1558367
"25-ji, Nightcord de. x Hatsune Miku",Mousou Kanshou Daishou Renmei (Game Ver.),110,2225613
Hommarju feat. Latte,masterpiece,180,2400989
Ayame to Yurika from Otome Shintou,Dekoboko Kaiketsu Sensation (TV Size),149,198146
momori,Togameru Kage,180,866301
Dzeko & Torres,2014 in 10 Minutes,128,338329
Poppin'Party,Cherry Bomb,190,1397392
ONE OK ROCK,Re:make,172,141360
ASA,Assault TAXI,154,2255834
ginkiha,nightfall (full ver),92,473048
Rat Boy & IBDY,WHO'S READY FOR TOMORROW,138,1872060
Hyper Potions,Friends,140,652582
Jin ft.LiSA,Yuukei Yesterday,129,509624
Ai Higuchi,Akuma no Ko (TV Size),90,1683527
Ayane,Kamisama no Syndrome (TV Size),102,1285049
CHiCO with HoneyWorks,Ai no Scenario,180,275461
Lifetheory,Defervescence,168,2174276
Caramell,Caramelldansen (Speedycake Remix),164.2,7380
Fractal Dreamers,Fata Morgana,180,751782
RoughSketch,"777 (Camellia's ""7,777cc"" Remix)",243.03,1887932
seatrus + Metalliz,Bu++erfly EffecT,162,1923268
Seiryu,AO-Infinity,191,1712457
Kou!,Frost Walker,220,2219230
Camellia,flower of wilderness,220,2555103
sabi,true DJ MAG top ranker's song Zenpen (katagiri Remix),170,1628742
Laser Imouto,Prismatix,200,2188409
xi,Inixia,217,452041
Camellia,flying in the flow of deep-sea,166,1952975
wotoha,TESHiKANi,175,2437728
kanemiko,Dream Escapism Fantasia (Cut Ver.),230,2128816
Creepy Nuts,Daten (TV Size),200,1870931
cygnus,Silver Mutation,134,2407978
tokiwa,Syuou Sange,170,1265840
Kero Kero Bonito,My Party (bo en Remix),160,812008
Tatsunoshin,Double or Nothing,175,2197205
ARTMS,Virtual Angel,166,2249768
Lime Tuna,monkey falls into toilet. hilarity ensues.,110,2173832
Diao Ye Zong feat. Meramipop,Kouma 'Un-demystified Fantasy',154,753005
"Wan Ho-Kit, Lee Hon-Kam",Unknown Title,190,468614
Yorushika,Hole In The Heart,200,1000972
TUYU,Anoyo-iki no Bus ni Notte Saraba.,240,1080224
Kitsune^2,Rainbow Tylenol,135,20789
Colors*Slash,Colors Power ni Omakasero!,200,820085
Lily,Marie-Luise,130,31408
ShinRa-Bansho,Itazura Sensation,192,1276485
Survive Said The Prophet,MUKANJYO (TV Size),190,1075509
nonoc,Relive,196,1108759
DragonForce,Seasons,193,449873
Feryquitous feat. Aitsuki Nakuru,Tsukuyomi ni Naru,180,1615484
LeaF,Kyouki Ranbu,230,2194386
Ray_Oh,springtime of life (2019 Rework),180,1343389
NateWantsToBattle,Haruka Mirai,182,1549104
Muzzy,Lost Forever,175,600276
Tarpey,Close Call,172,403612
Jamie Paige,Machine Love,175,2379061
HTT,Honey sweet tea time,165,23467
Kotoha,Sekai (Cut Ver.),133,1686734
RADWIMPS,Yume Tourou,178,515069
ClariS,Anemone -TV MIX-,140,364159
Underoath,Writing on the Walls,184,292733
cYsmix,triangles,160,2153231
Komiya Mao,(can you) understand me?,185,765169
ChouCho,Yasashisa no Riyuu (TV Size),177,1222992
xi,Shippuudotou (Long Version),272,1949048
Ludicin,Bismuth,240,2320454
Frums,Star of the COME ON!!,250,1305627
MYUKKE.,Anti Safety Zone,170,2551900
RAM & Susana,RAMelia (Tribute To Amelia) (Original Mix),138,2491179
P4koo,Fly High (feat. rerone),142,2399603
LeaF,LeaF Style Super*Shredder,255,372278
Roselia,FIRE BIRD,150,1703288
Nachoneko,Kanojo wa Tabi ni Deru (K's Remix),128,2265270
Chiru-san,Glow,150,2538996
Official HIGE DANdism,White Noise,143,1966714
kanemiko,Cold Fusion,205,2523771
NILFRUITS,Shama (inabakumori Remix),160,1928242
KOTOKO,agony (TV Size),132,2458974
NEQRE,BLOOD/ORDER,145,1793818
Ludicin,Clinozoisite,175,2557438
nonoc,Relive,196,1733134
Camellia,Shinsha / HgS,167.5,2062237
M2U,Felis,155,1536884
CLIFF EDGE,The Distance feat. Nakamura Maiko,117,597113
MIMI,Mirai Reflect (Cut Ver.),175,2233328
Marie,Clover Day's (Short Ver.),190,1907605
Triad Primus,Trancing Pulse,143,450406
Juana,Mi Burrito Sabanero (Cut Ver.),105,2478095
void,Sun Goes Down (BMS edit),173,1114900
Foreground Eclipse,Songs Compilation,200,765497
REDALiCE,Taboo Tears You Up,180,4316
The Flashbulb,Undiscovered Colors (Cut Ver.),140,1537104
SuganoMusic,Imademo...,155,21960
Hashimoto Miyuki,Symphonic Love,144,16964
Yoko Shimomura,Never Let Up!,196,607959
IDOLiSH7 feat. TRIGGER,NATSU * Shiyouze!,150,1554928
Avenged Sevenfold,Shepherd of Fire,128,1759165
-45,Totenblume,142,1668922
Yorushika,Haru (TV Size),204,2114912
CHiCO with HoneyWorks,Pride Kakumei,185,342242
YuNi,Beautiful World,92,1050651
ZUN,Locked Girl ~ The Girl's Secret Room,152,34285
Halozy,Cybernetic Rhythm,116,75890
Camellia feat. Nanahira,"Bassdrop Freaks (2018 ""Redrop"" ver.)",179,806859
Camellia,+ERABY+E CONNEC+10N,230,1498655
Nanamori-chu * Goraku-bu,Happy Time wa Owaranai,190,773330
Suzuki Konomi,THERE IS A REASON,134,641718
amazarashi,Sora ni Utaeba -TV edit.-,204,637150
LM.C,88 (TV Size),175,1595977
Yuyoyuppe,Palette,180,1110400
Akatsuki Records,WARNING x WARNING x WARNING,172,755619
KASAI HARCORES,Trinity Homerun,175,878609
Otomania,Ievan Polkka,119,700945
THE IDOLM@STER CINDERELLA GIRLS!!,Take me * Take you,180,663751
Laura Shigihara,Graze the Roof (Cut Ver.),120,2093768
Hatsune Miku,Dance of many,183,45028
cYsmix,Little Knight,160,1932837
Baracuda feat. Groove Coverage,La Di Da (Nightcore Mix),168,44180
GARNiDELiA,Burning Soul,175,1674173
A.SAKA,Nanatsu Issenzakura,172,214138
Tsukino,Lavie,183,2117313
positive MAD-crew,Mynarco,181,1253246
Angerfist,Knock Knock,170,2112582
DECO*27,Ai Kotoba III feat. Hatsune Miku,137,862746
Nothing But Thieves,Painkiller,175,906330
Milkychan,Stronger Than You -Chara Response-,98,413707
Otokaze,SaiGetsu (Cut Ver.),102,1403084
Minori Chihara,Kyoukai no Kanata (TV Size),184.02,120257
Nei Kino,Usan no Kaori,105,16541
machi feat. Kasane Teto SV,past for present.,200,2429084
EMILIA (CV: Takahashi Rie),Stay Alive (Jun Kuroda Bootleg Remix),174,671597
Mediks,Don't Let Go,174,1079318
kaon,Nano Letters,185,1547267
System Of A Down,Kill Rock 'n Roll,181,917698
Simon Safhalter,System 2.0,172,2393200
Foreground Eclipse,Vermillion Halo,173,1504033
FLiP,Wonderland (TV Size),176,1070398
Jake Kaufman,The Nightmare Woods (Run Run Rottytops!),145,2080049
LOONA,Star,158,1494124
Kano,Dear Brave,188,364395
Sum 41,Over My Head (Better Off Dead),184.13,50185
Ado,Show,132,2077229
The Weeknd,Blinding Lights,171,1124502
Various Artists,Umapyoi Densetsu (TV Size),170,1556904
cYsmix,Peer Gynt,140,880487
Nijigasaki High School Idol Club,"NEO SKY, NEO MAP! (TV Size)",142,1279753
Ado,Odo,128,1450065
LiSA,ASH,192,713576
USAO,Boss Rush,190,619807
Toyosaki Aki,Cagayake! GIRLS (Full Ver.),170,12978
S3RL,I'll See You Again (feat. Chi Chi),175,785572
Toby Fox,Field of Hopes and Dreams,125,1946128
ClariS,ALIVE (TV Size),180,1803685
syudou,Gambling (TV Size),196,1590373
Chappell Roan,"Good Luck, Babe!",117,2284083
forestpireo,Kanojo Ga Ichiban Shoujo Nanoka?,140,11773
Uru,Ambivalent (TV Size),130,2283631
kanemiko,"comet casting capsule (""catching celestial clusters"" Long Version)",250,2259859
Xeudo Code,TERRAFORGE,200,2222971
cosMo@BousouP,Aurora Requiem,195,2078652
LV.4 feat. Chiaki Iwasaki,B.O.L.,250,2055265
irom,Deadline Shoukougun (RIM Cover),151,2498407
Chaos City Niigata,Ukiyoe Yokochou,192,1330313
HyuN feat. Sennzai,Duplicity Shade,193,1945255
cute girls doing cute things,Friends,92,2537709
Mili,Through Patches of Violet,158,2183006
Hige Driver join. SELEN,Dadadadadadadadadada,156,206750
Yooh,RPG,190,1747426
Official HIGE DANdism,Mixed Nuts (TV Size),150,1756056
Zekk,Fluctuation,194,1606431
Lee Jin Ah,Target for Love,103,1664254
Chroma,Kenka no Bannin,150,1681210
Zekk,Freefall,180,1402506
Frederic Chopin,Fantaisie-Impromptu,114,17172
"Ayumi Sara, Matsuoka Yuuri, Aimai Moko",Hana Arashi (Game Ver.),180,2423757
GEMN,Fatal (TV Size),156,2208975
"Sakura Miko, Houshou Marine, AZKi",Kiss me! Choose me! (Game Ver.),188,1253419
Shigure Ui,Catcher in the Ui,168,2191414
nato,Yog-Sothoth,200,258097
GhostFinal,Grenade,147,49507
Yanagawa Kazuki,Summer Dawn,196,2046986
Mimori Suzuko,Yumemiru! Shinjiru! Mirai Kanaete! (TV Size),173,293923
Paroto,Kemono ni Naritai!,186,1890516
svnth,im the baddest alive and ur a loooserrrr,159,2405300
Neru,Idola no Circus,181,92976
HoneyWorks,Sukitchuu no! feat. Chuu-tan (CV: Hayami Saori),175,2055504
HO-KAGO TEA TIME,Pure Pure Heart (TV Size),154,16577
LeaF,Calamity Fortune,200,96103
Tsukuyomi,Konna Inochi ga Nakereba,252,1277983
HO-KAGO TEA TIME,Kira Kira Days,200,1234080
nameless,Toumei Elegy,220,723730
Mitsunori Ikeda feat. Aimee B,Fallen Angel (el poco maro Remix),176,710848
Powerwolf,Christ & Combat,154,1013426
YUI,again (TV Size),140,602444
Tomatsu Haruka,courage,196,251059
SPYAIR,Sakura Mitsutsuki,179,686601
ALI PROJECT,Kinjirareta Asobi (TV Size),121,2041967
Hatsuki Yura,Eclipse Parade,208,430339
Kotoha,StaRt,190,2307705
"Hello, Happy World!",Omoide Illumination,165,1638216
ELISA connect EFP,EONIAN -eonian-,150,241064
yanaginagi,Tokohana (TV Size),169,168111
Wakeshima Kanon,"World's End, Girl's Rondo(Asterisk DnB Remix)",175,331499
BTS,DNA,130,670560
Isui,Oyasumi Monochrome,138,1783863
hololive IDOL PROJECT,Yumemiru Sora e,180,1136612
SOUND HOLIC feat. Nana Takahashi vs. Quarks (kradness x Camellia),CRYSTAL GLACIER,136,794314
UPLIFT SPICE,Omega Rhythm,173,1577946
mimimemeMIMI,Harebare Fanfare,168,2179135
Natsume Itsuki,Cat Loving,163,1978274
SAWTOWNE,Confessions of a Rotten Girl feat. Hatsune Miku,170,2312650
GigaP,LUVORATORRRRRY! ver Reol feat. nqrse,128,1296266
Cororo feat. Yuria Miyazono,Hikari Sasu Mio no Yuzuriha,190,2185197
cute girls doing cute things,Surprise,128,1906295
t+pazolite,Kick-ass Kung-fu Carnival,220,1988057
DJ Genki vs. Camellia feat. moimoi,Sunshine,170,715728
ClariS,Colorful (tamame's apostate remix),175,2027071
onumi & Akira Complex,Ethereal Cyber Angel XV,260,1793096
kanemiko,"comet casting capsule (""catching celestial clusters"" Long Ver.)",250,2371088
V.W.P x V.I.P,The Voice of AI,90,2428257
LUZE,picking,170,2288436
Hexacube,New Generation Hardtek Lover,200,2230146
Qrispy Joybox feat. mao,Colorful Minutes,152,510218
Chroma,You Are My Hero (Cut Ver.),190,2140534
Model/Actriz,Doves,132,2388836
Kinoko Teikoku,Kokudou Slope,185,2468393
Junk,Kagaribi,144,2130665
ARForest,Birds of Plague,200,2351212
Rigel Theatre,Lurie,134,2056652
Mimori Suzuko,Mirai Start (TV Size),165,839243
Fukunaga Yoru,"Hitohira no, Daisuki o,",200,1794838
Roselia,LOUDER,195,595580
ZAQ,Gekijouron (TV Size),166,2278902
Poppin'Party,Romeo to Cinderella,170,1073323
Meramipop,Cruel CRuEL,148,582625
Adust Rain,psychology,153,890981
NILETTO,Lyubimka,130,2288423
Ariabl'eyeS,Symmetric Rose,210,1015765
u's,Bokura no LIVE Kimi to no LIFE,210,154351
Polyphia,ABC feat. Sophia Black,140,1845870
Ito Kanako,Uncontrollable (TV Size),210,768065
Kumada Akane & Masui Yuuka,Naze? Nazo?! ANSWER (TV Size),166,2555699
MONSTA X,Be Quiet,151,518311
SECONDWALL,Light,188,2031239
Yamajet feat. Hiura Masako,Sunglow (Cut Ver.),180,1506341
Ado,Jama,150,1291365
*namirin,Mizutamari Tobikoete (with Nanahira),194,981616
Mitsukiyo,YU.ME.NO !,125,2140498
glass beach,cold weather,155,1280001
Nor,FEEEEVER TIME,180,2076534
Tomatsu Haruka,Q&A Recital!,182,790963
Mrs. GREEN APPLE,Dokoka de Hi wa Noboru,73.33,1398921
cYsmix,Classic Pursuit,140,488238
Waterflame,Glorious Morning,152,2526416
Strangers feat. Myles Travitz,Frightmare,128,204319
Ariabl'eyeS,Shuuen no Kane,145,2443622
Yorushika,Dakara Boku wa Ongaku o Yameta,125,1392760
Hizuki Miu,Toki Raki Meki (Cut Ver.),133,1923328
CS4W,Guilty Hostage,173,1869366
Teminite,State Of Mind,150,813742
Kalafina,Sprinter,160,10006
HyuN,Legend of Genesis,190,891356
Yousei Teikoku,Kyouki Chinden (TV Size),280,59025
ClariS,border (TV Size),178,880633
A.SAKA,Yosakura Fubuki,170,2343385
KANA-BOON,Song of the Dead (TV Size),169,2025219
cYsmix,Peer Gynt,140,2461763
Ice Cube,Go to Church (feat. Snoop Dogg & Lil Jon),84,319999
yanaginagi,Orarion,149,1060676
MONSTA X,Beautiful,154,589261
Kikuo,Neko no Shokutaku,162,824981
HyuN feat. LyuU,Cross Over,200,1270122
Mili,Rightfully,182,875117
Aqua Timez,Saigo made II (TV Size),177,1332480
FUNKIST,ft. (TV Size),198,1976056
LV.4 feat. Mawata Spica,Vortex of Sorrow,200,2493543
[-^v-],iteration-prime,180,2385615
Camellia,Newspapers for Magicians,150,1645306
Camellia feat. chiisana,re:||VERSE,160,2438731
SUPER MWC KART,Purple Palace,155,1569527
black midi,Sugar/Tzu,167.01,2435325
kanemiko,Electrolytes,194,2429906
Mage,The Words I Never Said in D&B,172,1590107
Yooh,Dynasty,189,83094
Camellia,Fly Wit Me,174,1267752
Camellia,Operation: Zenithfall,230,2425003
ARForest,Inverted World,180,2413795
Shinda Gankyuu,Natsu O Maboroshi,178,2063427
CANDY ISLAND,Happyx2 Days (LU-I Remix),176,1940058
Tojo Nozomi (CV: Kusuda Aina),Junai Lens,186,1897551
technoplanet,Intuition,190,1737565
James Landino,Reaction feat. Slyleaf,132,994104
SeyriN,Tempestroph,184,2101410
Takahashi Meijin,Star Soldier -Tamashii no 16 Rensha- (kors k mix shoot the Lazarus),172,1999918
THE ORAL CIGARETTES,Kantan na Koto,134,1006793
FELT,Summer Fever,120,2529930
nonoc,Relive (Cut Ver.),196,1178490
Shawn Wasabi + YDG feat. YUNG GEMMY,Burnt Rice (Aiobahn & Jh-Anu Remix),150,2040781
u's,Snow halation,173,2479881
Camellia,introduction - INSANE INFLAME,172,1081920
Tokyo Jihen,Sounan,156,967321
The Musical Ghost,Thinking Of,169,2275105
Tomita Miyu,OveR (TV Size),198,1794589
Hata Motohiro,Toumei Datta Sekai (TV Size),168,1475460
EARPHONES,Katsubou no Dilemma,177,1199649
Asaka,I believe what you said,138,1294563
Ray,km/h (TV Size),185,828757
Jane Remover,"eyes off the wheel, i'm a star",181,2380576
Hyadain,Hyadain no Joujou Yuujou (TV Size),200,33212
Chroma,[@__@],158,1726083
X&G,Whiplash ft. josh pan (sakuraburst Remix),170,723633
BATTEN GIRLS,Yoka Yoka Dance (TV Size),191,639494
mafumafu feat. soraru,ROKI,150,1587613
JOYLESS,Back to Start,199,1738503
"Tomita Miyu, Sasahara Yuu, Lynn, Waki Azumi",+Kyuutie Ladies+ (TV Size),145,860683
Kankaku Piero,Haruka Mirai (TV Size),182,750743
Parry Gripp,I Wanna Guinea Pig For Christmas,190,1899574
Eve,Kaikai Kitan (TV Size),185,1270438
Camellia,crystallized,174,399151
Porter Robinson,Sad Machine,88.5,1272117
Kishida Kyoudan,HIGHSCHOOL OF THE DEAD (TV Size),190,18127
Camellia feat. Nana Takahashi,Mushi no Sumu Tokoro,161.5,436978
Eve,Tokyo Ghetto,140,1375007
Kyary Pamyu Pamyu,Ninja Re Bang Bang (Cut Ver.),130,2296093
DECO*27 x PinocchioP,(Not) A Devil feat. Hatsune Miku,154,1928478
Pendulum,Immunize (feat. Liam Howlett) (Cut Ver.),174,1797536
Centimillimental,Bokura dake no Shudaika,183,1288817
Yoko Hikasa,"Don't Say ""Lazy""",181,6257
Ushirokara Haiyoritai G,Koi wa Chaos no Shimobenari (TV Size),158,1139736
Alisa Kozhikina,Gravity - Zero,178,694185
Unknown Brain & Laura Brehm,Circles,174,945060
"Marcin, Tim Henson",Classical Dragon,117,2224818
Kyutatsuki,Sea of Stars,256,2356548
Halozy,Deconstruction Star,155,1297990
ikaruga_nex vs. Kagetora.,Grabinschrift der Goetter,200,2318366
Camellia,Bangin' Burst,234,207525
Laur,Vindication,174,1013935
"Mori Calliope, Giga & TeddyLoid",Let's End the World,138,2458496
Sad Keyboard Guy & Gardens,Waking Shadows feat. eili,190,2088664
Camellia,Tojita Sekai,205,1313438
xi,Finder keepers,160,1587660
Massive New Krew,"HADES (Camellia's ""Recordatus Mortem"" Remix)",175,1923919
Joulez,rotfeldzestroerer,138,2284422
Anamanaguchi,STILL SPLODIN' THO (Interlude),200.84,104151
Raphlesia & BilliumMoto,My Love,175,1388906
DJ Noriken,Quon,170,2006522
Yorushika,Haru (TV Size),204,2123543
beansclub,"quietly, quietly die",180,2369290
II-L feat. amelie xoxo,THE EARTH,128,1889101
USAO,Extra Mode (DJ Myosuke Remix),190,1188253
Akira Complex,rift.exe,160,2018278
Willy Rodriguez,stop calling,179,2484635
ShinRa-Bansho x Inorai,Hibike! CHIREI MY WAY!,181,1781993
MIMI,Himitsu feat. KAFU,168,2177058
nano.RIPE,Nanairo Biyori (TV Size),134,2035249
Zekk & poplavor,Gloomy Flash feat. mami,150,2025404
Shibayan feat. 3L,Monochrome in the Night (CYTOKINE remix),128,2000003
twenty one pilots,Levitate,186,1026205
Faylan,Path to glory (Game Ver.),192,2174817
Blend A,Bon Appetit S (TV Size ver),152,678989
HIMEHINA,Hibari,140,998849
Ruby My Dear,Croque Monsieur A Disneyland (Cut Ver.),220,2322143
Garuru,Zero Gravity,160,243180
HyuN feat. Ato,Asu wa Ame ga Yamukara,185,891339
Remo Prototype[CV: Hanamori Yumiri],Sendan Life,227,416153
ONE OK ROCK,NO SCARED,185,119277
Dreamcatcher,Full Moon,190,721842
Natsume Itsuki,AI to CodeQ no Hate,171,2052729
Yorushika,"Yuunagi, Bou, Hana Madoi",220,1029377
batta,chase,224,2247565
Aoi Eir,RYUSEI (TV Size),143,762489
765PRO ALLSTARS,M@STERPIECE,128.01,235477
REOL,404 not found,140,534116
Kabanagu,MYOUKAI,172,1565421
yuikonnu,Heart no Atoaji,186,547504
TOGENASHI TOGEARI,Piercing the dawn of time,140,2230997
Kagamine Rin,Meltdown (Ryu Remix),177,26145
Ichigaya Arisa (CV: Itou Ayasa),Su-Suki Nanka Janai!,166,1118461
Toromaru,Deorbit,170,2048064
Mori Calliope,Make 'Em Afraid,140,1877198
IAHN,Snowdrop,130,716219
DJ Genki feat. NU-KO,My New World,145,2313743
AiScReam,Ai <3 Scream!,132,2364796
HyuN,You'Re aRleAdY dEAd,182,891441
Koda Kumi,Guess Who Is Back (TV Size),183,906786
Musicarus,Sure Shot,132,1366536
SPYAIR,Sakura Mitsutsuki (TV Size),179,933863
KANA-BOON,Silhouette,183,399358
Official HIGE DANdism,Cry Baby (TV Size),100,1539801
Various Artists,Ni Guang,89,859347
Three feat. Kagamine Len,Ego Rock,225,1122938
Weki Meki,Picky Picky (Cut Ver.),150,1800790
ONE OK ROCK,Take me to the top,196,790895
toby fox,MEGALOVANIA,240,387700
Andrew W.K.,Ready To Die,187.21,44666
BobGmbH,BEST OF IMPOSSIBLE REMIX,110,522872
Basshunter,Ievan Polkka Trance Remix,140,10406
Iyaz,Replay,182,13835
HUMBREADERS,COLORS,194,1708342
Drop,Granat,180.96,219763
Suzaku,"Anisakis -somatic mutation type ""Forza""-",185,107216
Fox Stevenson,All Eyes On Me (Cut Ver.),172,1456309
ZUN,Extend Ash ~ Houraijin,156,1799071
Halozy feat. Tsubaki,Kyun Kyun Tamaran Inaba-tan.,180,2331469
xi,Ascension to Heaven,200,968656
Hoshimachi Suisei,NEXT COLOR PLANET,132,1245202
DJ Fresh (feat. Ellie Goulding),Flashlight (Radio Edit),175,274035
Sabicas,Carcelera - Reflejo Andaluz,113,2301291
Nanahira,Monosugoi Ikioide Keine ga Monosugoi Uta,180,140115
"Fear, and Loathing in Las Vegas",Let Me Hear,184,231640
Ryu*,Line 4 Ruin,141,215240
Freezer feat. Kiichigo,Berry Go!!,175,1034502
ASIAN KUNG-FU GENERATION,After Dark (TV Size),191,1129438
Yoshihisa Hirano and Hideki Taniuchi,L's Theme,135,5777
Linkin Park,Two Faced,92,2280806
Chasers,Lost,170,151878
MIMI,Gyutte feat. Hatsune Miku,184,2141866
Andrea Boma Boccarusso,Iconic Metal Riff Compilation,160,981728
Knife Party & Tom Morello,Battle Sirens (RIOT Remix),174,911133
MIMI feat. Hatsune Miku,Ai no Sukima,204,1323207
Draw The Emotional,Sad Spring,184,745020
Nico Nico Douga,Patty's NIPPONPON,158.53,6909
Manami Numakura,Climber's High!,179,589638
Tokisawa Nao,BRYNHILDR IN THE DARKNESS -Ver. EJECTED-,217.94,633186
UNDEAD CORPORATION,Embraced by the Flame,215,1151004
Tsukimi Eiko (VO: 96neko),I'm still alive today,84,1818760
yuri,Heart111,129,2306539
MIMI feat. Hatsune Miku,Mizuoto to Curtain,186,968171
Camellia,Dance with Silence,128,1405229
Pastel*Palettes,Zettai Sengen ~Recital~ (Game Ver.),177,2405754
Ayano Mashiro,ideal white (TV size),180,219926
FELT,crescent moon (Cut Ver.),187,1399974
Koven,Love Wins Again,174,1485184
NACHERRY,My Dream Girls (TV Size),179,2135805
HO-KAGO TEA TIME,Utauyo!! MIRACLE (TV Size),161.5,17885
Goose house,Hikaru nara -TV size-,160,223871
Halozy,Kikoku Doukoku Jigokuraku,155,1556887
qfeileadh feat. Resonance Moeko,Ars Nova ni Kassai o,185,2180899
Feryquitous feat. Aitsuki Nakuru,Evil Bubble,137,2138751
ikaruga_nex,SICK ROCK CRAZY,185,2044131
Camellia,Dance with Silence,128,2391603
Mitsukiyo,Gregorius | Symphony,165,2237401
Kou!,High Speed Particle Collider-beam Accelerator,216,1913683
Camellia feat. Nanahira,Force!,212,1317226
Camellia,"Together forever, my lovely lovely video game cartridges",128,2402627
onumi,REGRET PART TWO,240,1033765
EmoCosine,Cutter (Short Ver.),160,2134118
cYsmix,Eden,140,2382921
Chevy,"""Forever"" (Cut Ver.)",165,2473546
.Feast,"o,Tuan",131,2488508
KOAN Sound,Traverse,172,1878315
Junk,Aihana (Love+ Edit),140,190529
Falcom Sound Team jdk,Belief,274,1569794
Camellia,Myths You Forgot (feat. Toby Fox),150,1553339
JVKE,this is what space feels like (Cut Ver.),146,2114541
123 Pikit!,"Tenyo feat. Emman Gabuya, Kadiboy Belarmino, Ernezto Geluz",180,2029440
James Landino & Kabuki,Birdsong,165,1949806
linear ring,enchanted love (and the witch's selfish heart),190,1481796
"Nitta Emi, Uchida Aya, Mimori Suzuko",Future style,175,406858
PokeRemixStudio,Primal Dialga Remix,150,9554
Camellia vs. lapix,Solvicious,153,1400602
bj.HaLo,Ende,200,44035
A*ZU*NA,Infinity! Our wings!! (TV Size),180,1977936
Halozy,Deconstruction Star,155,431010
underscores,fishmonger,172,2119308
Yousei Teikoku,Kuusou Mesorogiwi,230,1260852
Have a Nice Life,Bloodhail,150,2198312
Ayana Taketatsu,Hey! Calorie Queen,156,671225
JURURU,T.B.H,178,2189596
Chihiro Yonekura,Harutoki ~Spring Moment~ (Game Ver.),155,1165540
EARPHONES,Arakajime Ushinawareta Bokura no Ballad,198,805167
Kaede Higuchi,Kyunrious (TV Size),163,2164393
Slushii,LUV U NEED U,147,1910029
Pierce The Veil,King For A Day (feat. Kellin Quinn),226,1074059
UNIS,SWICY,160,2435074
XX:me,Torikago,155,727784
yuikonnu & ayaponzu*,Happy Halloween,120,692433
Mitsukiyo,Constant Moderato,112,1398429
*namirin,Darling Dance,153,2069167
Renard,Intensive Care Unit (feat. FIAB),200.1,444699
Sayuri,Hana no Tou (TV Size),170,2435039
Vivy (CV: Yagi Kairi),Sing My Pleasure (TV Size),175,1714897
Camellia,We Magicians Still Alive in 2021,155,1516120
Toyama Nao,Ima Koko,140,687493
Feryquitous,Quon,189,1295031
Wolpis Carter,Espiazione,236,2368697
THE ORAL CIGARETTES,Naked (Cut Ver.),130,1691791
Mizuki Nana,VIRGIN CODE,212,272679
Akaki Chikai,Smile Skill = Suki Skill! (TV Size),143,1478148
La priere,Haruiro*Sensation,142,2234425
Toyama Nao,FLOWER,190,2211231
DECO*27,Android Girl feat. Hatsune Miku,192,1052821
KANA-BOON,Gradation feat. Kitazawa Yuuho (TV Size),145,1979174
"Takamori Natsumi, Sendai Eri, Asakawa Yuu, Tanezaki Atsumi",Ne! Ko! (TV Size),182,2110967
"Anthony Sorbello, Danny McCarthy",For The Team,128,327164
toby fox,Finale,190,667713
Mediks,Doomsday,172,545677
SayMaxWell,Build Our Machine [Remix] feat. Triforcefilms,140,1002784
Mimori Suzuko,Univer Page (TV Size),187,127789
Basslovers United,A+ Superstar (NeoTune! Remix Edit) (Nightcore Mix),180,1806315
Usada Pekora,PEKORANDOMBRAIN!,175,1346547
Ayase Rie,Saikai-kei Joshi wa Dou Surya Ii Desu ka? (TV Size),178,2412320
Aki,Wanna Be My Dream,165,128432
"Frums (unknown ""lambda"")",19ZZ,84,1012337
yanaginagi,Tokohana,169,181310
:) feat. KAFU,Ren'ai Heiki! Lethal Weapon-chan,175,1832014
Ogura Yui,Akai Ribbon,123,1533514
sasakure.UK,Spider Thread Monopoly feat. Hatsune Miku,200,348381
SID,Rain (TV Size),95,14818
Kalafina x The Prodigy,No Good Magia (Start the Witch),145,988552
Foreground Eclipse,"Calm Eyes Fixed On Me, Screaming",184,130227
Megpoid GUMI,Poker Face,184,24782
CHiCO with HoneyWorks,Kimi ga Sora Koso Kanashikere,198,940746
TAK feat. Hatsune Miku,LEMON MELON COOKIE,180,2340739
KOTOKO,Daily-daily Dream,170,14295
SMiLE.dk,BUTTERFLY (UPSWING MIX),170,244796
Guilty Kiss,KOWAREYASUKI,184,766867
Simon Safhalter,Always a cycle (GLB Toxic Remix),220,2429529
Thaehan,Superpower,178,779173
ALiCE'S EMOTiON,Colors,160,29254
ClariS,Hitorigoto -TV MIX-,165,596902
Loreen,Tattoo,150,1993545
tokuP,SPiCa,162,945395
Michael Seary feat. Luke Cusato,Can't Say It Back (Feint Remix),174,2117386
Nanahira x Camellia,Mofucchatte*Summer! Summer!! Summer!!! (Short Ver.),128,2319570
Maroon 5,Feelings,122,2056475
IOSYS,Third Eye ya!,87,239584
DECO*27,Monitoring feat. Hatsune Miku,132,2316808
Nakigoto,Shiranai Wakusei,178,1825938
natori,Overdose,118,1883172
BTS,Blood Sweat & Tears,93,526328
"Alexander David Bachell, Samuel Rupert Cole Sutton",Transistor (Cut Ver.),100,1792394
Steppenwolf,Born To Be Wild,145,592205
RIOT,Overkill,174,957594
MYTH & ROID,STYX HELIX (ESTA Remix),150,703330
Mrs. GREEN APPLE,Inferno (TV Size),185,999126
Ludicin,Echoes of Memoria,190,2220030
mitei,Phosphor,214,2317893
Camellia,CICADA3302,155,1890147
Sakuzyo,Fracture Ray,200,889405
Mori Calliope,"Excuse My Rudeness, But Could You Please RIP (ReeK's ""Dude Whats A Genre"" Remix)",220,2454917
Ludicin,Clinozoisite,175,2299394
Kirara Magic,Aquatic,125,2310449
yuzen,Ouka Ryouran,191,2024585
Kuki Akumu,Ki ga Kurutta Noise,180,1608039
Camellia,Upload Your Mind :: Download My Soul,166,2051840
"""Story of Hope""",Forever,185,2336927
Xanthochroid,Toward Truth and Reconciliation,160,1816628
X-END,Back to the WORLD,190,2176578
Ice,L (Full Ver.),152,2086882
Kotoha,Yuki wa Naniiro,179,2576044
Camellia,1nput This 2 Y0ur Spine,160,2184241
YUC'e,Chemical Cookie,180,1017088
SawanoHiroyuki[nZk]:mizuki,&Z (TV size),158,316961
Ata,I'm Not Crazy,180,1869102
THE ORAL CIGARETTES,Red Criminal,192,1536207
Wakeshima Kanon,Tsukinami,180,2194050
Hachito,Floating,175,1101599
2NE1,COME BACK HOME,150,2441893
Grimes & i_o,Violence,100,1934901
La priere,Susume! Lovely Idol * La priere,200,1574249
Ado,unravel,135,2210212
KOTOKO,Sociometry,142,2156252
lapix feat. Luschel,Cranberry City,138,1907077
Camellia feat. Nanahira,Kizuitara Shunkashuutou (Cut Ver.),256,1707590
Cansol,Synthetic Garden (Extended Edit),162,2263362
Amala,Daidaidaidaidaikirai,130,2352872
Chrisye,Cintaku (REDSHiFT Remix),132,419012
meganeko,The Cyber Grind,190,1663147
ClariS,Anemone (TV Size),140,1795166
SHISHAMO,Kimi to Natsu Fes,178,237261
"Earth, Wind & Fire",September (yomoha remix),160,1838172
Frederic Chopin,"Etude Op. 10, No. 5",116,869054
Utsu-P feat. Kagamine Rin,Tokyo Teddy Bear,200,1332820
BABYMETAL,from me to u (feat. Poppy) (Cut Ver.),200,2387896
supercell,The Bravery,189,278813
fripSide,eternal reality - TV size -,145,108577
YUKIYANAGI,Concentration 174,174,1347379
Tomatsu Haruka,courage,196,1474960
Zoe,Azul,196,2197260
Minase Inori,Winter Wonder Wander (Cut Ver.),136,1064993
Uratanuki x Pusu,Pokopoko Tanuki to Pusu Usagi,192,1103785
fhana,Runaway World (TV Size),174,2493152
SECONDWALL,Natsu no Owari,180,2126142
RAMM ni Haiyoru Tamao-san,Kirai na WaKe Lychee,150,148702
Kano,Dear Brave,188,753356
Kim Kukhwan,Black Rubber Shoes (TV Size),160,1727362
"25-ji, Nightcord de. x Megurine Luka",Engeki,88,2194393
SUWAKI,Shungiku,171,246059
ASCA,Selfrontier,142,1037306
lapix,Nightmare feat. Luschel,175,351874
IOSYS,Chanteikku Sanyousei no Itazura Daisensou,185,29307
serial TV drama,Tougenkyou Alien (TV Size),170,28392
GOHOBI,Blouse (TV Size),178,2231028
100 gecs,stupid horse,168,1118839
Tsumugi Wenders (CV: Iwai Emiri),Golden Hours,220,1378712
"Shinji Orito, Magome Togoshi, Jun Maeda",Uminari,152,9941
Jin ft. Takumi Yoshida (phatmans after school),Kuusou Forest,170,424179
umu.,Ai no Sukima,204,1371996
Tou Chi Chen,Secret Kakuranger TEKINA Remix,128,378669
Watarirouka Hashiritai,Kanpeki Gu~no ne (TV Size),182,952498
Ryokuoushoku Shakai,Shout Baby (TV Size),180,1101897
ClariS,Connect (TV Size),175,2057392
Snail's House,Magical Holiday,160,898155
Nakanoke no Itsutsugo,Gotoubun no Kimochi (TV Size),175,901880
Goblins from Mars,Enough,185,787129
Yuki Setsuna (CV: Kusunoki Tomori),LIKE IT! LOVE IT! (Game Ver.),195,2174468
Oxalis,Senuere,260,2559435
kanemiko & Kyutatsuki & Aoi,Fractal Vertex,226,2253784
Camellia,+ERABY+E CONNEC+10N,230,1266552
celtix,Necrotopia,192,2400580
Gardens,Rafflesia,210,2185399
Colorful Sounds Port,Fuujin Raijin,142,688240
Kotone,Autonomy,230,2525692
EmoCosine,Love Pills,160,2495158
Frums,We Want To Run,243,2448118
Plum,Timeline,180,1510034
Chroma,Field : Kaerezu no Chi,155,2220140
Akatsuki Records,HANIPAGANDA,181,1670404
Tokyo Jihen,Sounan,153,1602254
Sheena Ringo,Tsumi to Batsu,158,1766255
Camellia,Illegal trap,160,2231151
Scott Bradley,Tom and Jerry in the Hollywood Bowl (TV Size),31.75,2549279
Synthion,Blossom,175,2169793
Imperial Circus Dead Decadence,"Yomi yori Kikoyu, Koukoku no Tou to Honoo no Shoujo.",220,575330
Camellia,Jingle (Metal Arrange / Cover),170,1030201
Sad Keyboard Guy & Myntian,Void//Shader (feat. xia),170,2551391
Kaarija x Erika Vikman,Ruoska,160,2134791
Camellia,Tornado,175,666454
Amane,Space Time (Amane Hardcore Remix),175,407447
Falcom Sound Team jdk,Inevitable Struggle,188,1570983
KOAN Sound & Asa,fuego (sakuraburst remix) (Cut Ver.),200,1656365
sakuraburst,descent,140,1817816
wotoha,O108ROCKET feat. Neko Hacker,200,1392416
Ardolf,will u,185,2399677
CHON,Splash,144,1570536
Aitsuki Nakuru,BIBBIDIBA,120,2176266
MIMI,Yoake Mae ni Tobinotte,221,2361089
angela,Otome no Route wa Hitotsu ja Nai! (TV Size),192,1736080
Alya (CV: Uesaka Sumire),Kawaikute Gomen (TV Size),162,2212131
Vospi,Reverence,172,203929
Takeo Ischi,Auf und auf voll Lebenslust,144,2390813
solfa feat. Ceui,Koiiro Recipe,153,1087207
ChiliChill,Shen Xian Shuo Ta Ye Bu Dong,108,2489038
Turbo feat. Moon Jelly,ALL*NIGHTER!,175,2531191
Sharlo,Melancholic,140,366406
Erio o Kamattechan,os-Uchuujin(Asterisk Makina Remix),175,325301
Ryou,Kimi ga Ichiban-ban-banzai! (Game Ver.),162,2178469
Sawai Miku,Colorful. (Asterisk DnB Remix),175,322571
TK from Ling tosite sigure,katharsis,144,889261
Wang Yi Tao,Zi You Sheng Guang,140,830266
aki,Starting Days!!,192,705394
Diao Ye Zong feat. Meramipop,Genki ni Natta Toki no Uta,155,845714
UNDEAD CORPORATION,Yoru Naku Usagi wa Yume o Miru,200,58951
GRANRODEO,Punky Funky Love (TV Size),180,372625
QWER,SODA,137,2384832
ONE OK ROCK,Mikansei Koukyoukyoku,195,1229815
OxT,GO CRY GO (TV Size),202,1434136
Minami Yasuhiro,carnation.lnk,125,1262817
"Ito Miku, Taketatsu Ayana, Takahashi Rie, Kanemoto Hisako",Flop Around (TV Size),170,1883727
Sporty-O,Let Me Hit It,128,180812
TUYU,Doro no Bunzai de Watashi dake no Taisetsu o Ubaouda nante,225,1242733
MAN WITH A MISSION,Dark Crow (TV Size),148,1048325
Oishi Masayoshi,Koi wa Explosion (feat. Tamura Yukari) (TV Size),148,1766513
IOSYS,Marisa wa Taihen na Mono wo Nusunde Ikimashita,170,1130291
COIN,Talk Too Much,104,901626
Silent Siren,Soukai Rock,200,437797
Renard,Because Maybe! pt. 3,240,30013
Himeringo,Yotsuya-san ni Yoroshiku (Cut Ver.),220,2323201
xi,FREEDOM DiVE,222.22,1667560
yuikonnu & ayaponzu*,Super Nuko World,190,153776
Kagetora.,Reimei,185,1862286
Hareru Hanamaru,STONE OCEAN,180,1757602
FROZEN QUALIA,Kaleidoscope,175,892237
Ryu* feat.Mayumi Morinaga,Din Don Dan,140,469782
Sachika Misawa,Links (TV Size),149,1299243
Koji Kondo,Ground Theme,100.17,1643826
QWER,Discord,132,2169819
IOSYS,Chizome no Love Letter,180,35878
TIA feat. Le Thien Hieu,Ai Dua Em Ve (Cukak Remix) (Agnes Tachyon Low Cortisol Edit) (Cut Ver.),128,2547769
CHiCO with HoneyWorks,Hikari Shoumeiron (TV Size),200,1287886
BiSH,innocent arrogance (TV Size),170,2039039
Dirtyphonics & Sullivan King,Sight of Your Soul,150,730205
Spica,Yume o Kakeru! (TV Size),195,1430235
Silentroom,Nhelv,175.89,1424120
Kizuna AI,AIAIAI (feat. Nakata Yasutaka),128,949106
Chino(CV.Minase Inori),Shinsaku no Shiawase wa Kochira!,175,441155
ARCANA PROJECT,"Tayutae, Nanairo (TV Size)",180,1546704
Muse,New Born,146,1295436
Mitsukiyo,Gregorius | Symphony,165,2115386
Rammstein,Waidmanns Heil,210,1533921
nano,INFINITY ZERO,188,230022
fhana,Wonder Stella,193,668202
Hyadain,Hyadain no Joujou Yuujou (TV Size),200,32775
Shawn Wasabi,Marble Soda,168,387784
Kocchi no Kento,Hai Yorokonde,147,2228001
p_d,Dandelion Sparkle!!,209,1979275
LiSA,Catch the Moment,190,572897
nano,"Star light, Star bright (TV Size)",190,1350684
P4koo,Crystal Illusion,175,797393
u's,MOMENT RING,196,437113
AKASAKI,Bunny Girl,160,2261723
Fei Zao Jun,Da Lang Tao Sha,145,632984
Camellia,Sayonara Heaven (Camellia's NEKOMATAelectroRMX),150,964453
NIKI,Every Summertime,79,1675217
UVERworld,D-tecnoLife(Album Version),168,34
GIRLFRIEND,sky & blue (TV Size),157,1015463
cYsmix,The Ballad of a Mindless Girl,128,792396
Tokoyami Towa,AKUMA,185,1765576
An,Saigo,200,517783
O-Life Japan,Yamanobori Kibun,160,30256
Glass Animals,Take A Slice,152,1587933
Culprate & Joe Ford,Gaucho,172,847776
Jason Derulo ft. Imogen Heap,Whatcha Say,144,13845
Wiklund,Billy Boogie,170,9040
Tristam,Once Again,110,179495
Tatsh,Xevel,185,1254404
CUPSIZE,Tselovalis',172.75,2244229
Shiggy Jr.,oyasumi,200,665057
Shawn Mendes,Stitches (Sped Up Ver.),180,985295
S3RL feat. Iceman,Berserk,195,1263014
Nekomura Iroha,Neko Neko Super Fever Night,165,26186
Suzuki Konomi,Bursty Greedy Spider (TV Size),178,1420385
canoue,Tsumetai Mori,112,1033889
IOSYS,Accept Bloody Fate,190,2271637
Silver Forest,Tsurupettan,180,1559
Konuko,Toumei Elegy,220,219380
DRAM x LeBron James,Sprite Cranberry Commercial,137.83,2083404
Promise Land,Walking All Together (Original Radio) (Nightcore & Cut Ver.),173.75,1526251
Rihanna ft. Jay-Z,Umbrella,174,9873
Ironami,Melty Sweets,177,1250819
NIVIRO,The Return,128,1049327
"momiji, Datenshi Kokoeru, Aruku",Saikyou Muteki! Chou Ero App! -remix-,161,1607705
Cartoon & Futuristik Feat. Mikk Mae,C U Again,175,740535
umu.,Ai no Sukima,204,966339
S3RL,Catchit (Radio Edit),175,785731
ginkiha,nightfall,92,469498
Lee Brotherton,Dreams of an Absolution,138,20586
Suzaki Aya,Dramatic Market Ride (TV Size),171,73844
DECO*27,Rabbit Hole feat. Hatsune Miku,173,2154609
Hybrid Minds & Fred V,Drowning In You,174,1603851
Various Artists,Isekai Girls Talk (TV Size),170,991516
Camellia,Stealth-Dash,174,1490725
Centimillimental,Ai no Shoumei,178,2426582
The Frim,City Streets,174,958159
beignet,Maple Trick,180,2032450
"Kangi, mzlff, STED.D","Burya, metel' i mgla",164,2245251
Ryokuoushoku Shakai,Mela!,138,2153852
ClariS,Prism,165,1413973
NicoNicoDouga,Night Of Commands feat. YuGiOh,180,4823
Toby Fox,Rude Buster,140,2024432
DECO*27,First Storm feat. Hatsune Miku,190,696175
GARNiDELiA,ambiguous (TV Size ver.),178,154847
Tamura Yukari,Fantastic future,172,94631
Elmo and Cookie Monster,Cookie-Butter-Choco-Cookie,136,542081
Ludicin,Everlasting Eternity,175,2236074
Nakagawa Shouko,happily ever after,180,253823
Codama Hikari,Dramatic ni Koishitai (TV Size),160,2071597
Memme,Gaehwa,185,1982293
Sound piercer & ginkiha (feat. Yuzuha & NeLiME),MI:LIGHT CONNECT,178,2259046
Infant Annihilator,Three Bastards,280,1048212
Camellia,SCREW // owo // SCREW,228,1217976
Team Grimoire,Aphasia,155,2383175
fourfolium,Now Loading!!!!,193,520082
"Camellia as ""Bang Riot""","Blastix Riotz (""Fullblast"" Long ver.)",256,1620414
Ariabl'eyeS,Kegarenaki Bara Juuji,260,2320672
Camellia,Toxic Violet Cubes,265,1844677
Imperial Circus Dead Decadence,Yuuaku no Inori - Anima immortalis est. -,270,2479501
Magnetude,Goodbye (feat. Receptor),174,2099759
SHIKI,Angelic layer,146,1786427
Feryquitous feat. Aitsuki Nakuru,Fake,210,2428547
Camellia feat. Camellia,Thule,300,2554749
U-ske feat. Fubaiya,APOCALYPTICA,188,2261302
Monster Siren Records,Lord of Fiends,132,2369027
Inferi,Forged in the Phlegethon,160,1382721
m.o.v.e,DOGFIGHT (TV Size),155,1904099
ATLXS,PASSO BEM SOLTO (SLOWED VER.),115.82,2390727
King Gizzard & The Lizard Wizard,Robot Stop,197,1610231
Poppin'Party,KIZUNA MUSIC,189,983380
Nekodachi,Romansa Cinta Semu,195,2456002
Yuina,Down with the Merry-go-Round,189,2342694
Ichika Nito,Metaphor feat. Feryquitous,170,2329261
MIMI,Ai no Sukima,204,2451509
Sade,Smooth Operator [RICHIE ROZEX REMIX],130,2029995
Tenchio,multiband depression,150,1936860
Natsukawa Aika (CV: Suzumoto Akiho),#Yume wa Mijikashi Koiseyo Otome (TV Size),136,2042013
Daisy x Daisy,Towa no Kizuna feat. Another Infinity,144,2251314
BanYa & Warak,Beethoven Influenza,170,295397
Yoshioka Kiyoe,DEKOBOKO (TV Size),182,1736699
Mimi feat. ZAT,Surrealism,140,361808
MERCURY.,I Don't Know You Like I Used To,160,1892815
doteta,Windmill (Original mix),170,2460312
Toni Leys,Dragon Valley (Toni Leys Remix feat. Esteban Bellucci),130,385056
Hisui Chazuke,Toymatic Kitchen! (Cut Ver.),180,2194037
Ray,km/h (TV Size),185,1343047
Shiraishi,Shinsekai,193,24634
Islet feat. isui,Haru o Matsu,140,2186713
Camellia,NUCLEAR-STAR,199,1454619
Kaori Aihara,Famires Wars,190,1415321
Gochikara,Rasa di Hati,182,2025706
Nekomata Master,Far east nightbird,180,90042
Duca,Rocket*Ride,194,657533
sheirara,-ERROR,200,2500904
TERRA,EDEN,200,500341
Jougasaki Mika (CV: Yoshimura Haruka),NUDIE*,136,2301852
FELT,OUR SHIP,144,403065
Halozy,GO 4 IT,172,638795
mafumafu,[Nexus],150,707703
Kicco,Owaranai Kirameki o,122,693265
Yonekura Chihiro,Be braver!,170,1762212
pan,Pastel Sprinkles,134,2076122
nonoc,Memento,125,1853174
Akatsuki Records,KARMANATIONS,192,2238312
Epica,Fools of Damnation,150,69369
unfeeling,yearning,190,2499477
PSYQUI,Vital Error,168,1727891
Mitchie M feat. Hatsune Miku with KAITO,Ohedo Julia-Night,144,664099
sweet ARMS,Key of Truth,192,1147783
Kanaria,Yoidore Shirazu,115,2012655
Camellia feat. Nanahira,Valanga!!!!,285,1487045
Yu-Peng Chen @HOYO-MiX,Qilin's Prance,154,1365911
Chibanyan vs. Otogibara Era,GOMIKASU -Original Mix-,150,1203052
Tainaka Sachi,Kirameku Namida wa Hoshi ni(TV size),108,3465
Camellia,POLYBIUS GB SPEEDRUN (Glitchless 100% WR in 0:03:57),198,2400066
Latina (CV: Takao Kanon),I'm with you (TV Size),181,1206143
Nanahoshi Kangengakudan,Rubik's Cube,174,1918571
Camellia,GHOST (2020 Halloween+++++++++ VIP),230,1438177
Benshi Cantabileo,Ongaku,140,1972900
seatrus,V!rtuaresort,160,1575193
Endorfin.,Spica,178,890271
LE SSERAFIM,"Eve, Psyche & The Bluebeard's wife",143,1999444
Dareharu,Flowering,148,1480954
KARD,Bomb Bomb,103,950639
CINDERELLA PROJECT,M@GIC*,178,389343
PIKASONIC & Tatsunoshin,Shizuku (feat. NEONA & KOTONOHOUSE),160,2011447
Red Velvet,Ice Cream Cake,172,2102835
Rokudenashi,Tada Koe Hitotsu,130,1738898
bilbordy,slishkom pozdno,185,2108626
REDALiCE,Pekorap Tropical House Remix,110,1224414
ZUTOMAYO,Kan Saete Kuyashiiwa,150,1151946
SawanoHiroyuki[nZk]:Tielle & Gemie,sh0ut,106,641854
CINDERELLA PROJECT,Shine!!,174,1703779
MY FIRST STORY,Itsuwari NEUROSE,188,365963
Amane (CV: Minami Tanaka),The Purge March,138,2058105
ZUN,Lunar Clock ~ Luna Dial,146,19226
HyuN,White Aura,200,891333
DCX,Flying High (DJ Splash Remix),176.08,10555
DJ OKAWARI,Luv Letter,95,1691885
Houshou Marine with Holoism Fantasy,Hoihoi*Gensou Holoism,195,1202320
Xhomie34,Helios Rap Remix (JerseyClub mix),114,2515136
Hanatan,Orange,90,989467
MY FIRST STORY feat. chelly (EGOIST),"1,000,000 TIMES",200,1662930
CHUNG HA x Guaynaa,Demente,200,1410859
Hiiragi Magnetite,Tetoris,170,2297706
HoneyWorks,"Daikirai na Hazu Datta. feat. Hanae Natsuki, Asakura Momo",170,1099060
Kagamine Rin,Tokyo Teddy Bear,204,39838
EGOIST,"Ame, Kimi o Tsurete",184,346301
ONE OK ROCK,Start Again,174,1035167
Minato Aqua,Kira Kira,182,1756634
Akatsuki Records,Mizuiro Raindrop,176,2253507
Mizuki,I lost it all when you were in Yunlin,125,1766981
AKIRA YAMAOKA,250bpm,250,5672
Shinigiwa Satellite feat. Meramipop,Omoikane Injection,200,2333219
O-Life Japan,Yakujinsama no Couple Dance,192,16990
CHiCO with HoneyWorks,Otome-domo yo. (TV Size),172,1749145
nao.paradigm,Zero-One,147,10772
Camellia feat. Nanahira,Kansoku Eisei,183,720294
TK from Ling tosite sigure,first death,164,2033133
TUYU,Namikare,204,1115515
Cherry Blossom,Cycle,167,11238
Toyosaki Aki,Happy!? Sorry!!,179.98,6892
KINEMA106,Deep Blue,140,2252533
Ado,Aishite Aishite Aishite,230,2305428
Kry.exe,Rift Walker,200,2412244
nanobii,rainbow road,170,375073
Tsunamaru,paranoia,150,77999
nicopatty,Temple Guardian,185,2400069
Silver Forest,Phantasm Brigade -another side-,168,15362
ETIA.,Kissing Lucifer,170,1900508
YABUJIN,.*302? ionwan2go*.,159.94,1790824
Klava Koka & NILETTO,Crush,150,1246201
Kenshi Yonezu,KICK BACK (TV Size),204,1864346
Wataru Sena feat. sana,Hitori Tabi,140,861626
the peggies,Stand By Me,171,987998
B-Komachi Ai (CV: Takahashi Rie),HEART's KISS -Ai Solo Ver.-,178,2046526
The Robinsons,Goodbye to a World Fusion Collab,128,2104830
Rita,Little Busters! -Ecstasy Ver.-,151,16790
uniy,Hikari (Game Ver.),190,2294403
beatMARIO,"Help me, ERINNNNNN!!",185,2205747
Getter Jaani,Rockefeller Street (Nightcore Mix),162.5,33842
Pokemon G/S/C,Final Battle,200,4570
Hanser,Mang Zhong,100,1341498
Adachi and Shimamura (CV: Kito Akari and Ito Miku),Kimi ni Aeta Hi (TV Size),129,1485056
ITO KASHITARO,Yume Chizu,180,690977
Raon Lee,Envy Baby,171,1462190
m108,Sunflower,179,1403962
Maeshima Mayu,Long shot (TV Size),135,1345977
yuiko,GLORIOUS_DAYS(Short),167,429220
Kenshi Yonezu,KICK BACK,204,1954230
Chihara Minori,Mika Ranman no Utage nite,137,1152086
Falcom Sound Team jdk feat. Sasaka Megumi,Ashita e no Kiseki -Opening Size-,184,1785619
"Fear, and Loathing in Las Vegas",Chase the Light! <TV size>,186,327016
Ikimono Gakari,Netsujou no Spectrum,160,232935
Ludicin,Echoes of Memoria,190,2383964
Camellia,THE MUZZLE FACING (Long muzzled version),213,2095572
Betwixt & Between,12 little fragments of silence,220,2495776
Hisui Chazuke,Bomb Bang Bound!!!,202,982816
Tonari no Niwa wa Aoi (NIWASHI + Aoi),Mukuroju no Hakamori (Long ver.),211,1938579
aa...hisuichazuke...,steganography,210,1846639
-45,Crimsonic dimension (Cut Ver.),152,2411291
Kommisar,Clover,154,2058816
Kyutatsuki,Dimension Wars,300,2362494
John Wasson,Caravan,140,1086739
celtix,Primordial Complex,280,2552497
KURORAK,Gamma Stop Sending Me Ratchet and Clank Videos to Sample,280,1329339
Ariabl'eyeS,Houkai no Bigaku,253,2531219
Camellia,KillerToy,170,1719946
paraoka feat. haru*nya,Rampage (Cut Ver.),154,1265207
ginkiha x t+pazolite x Hommarju,CROSSING DELTA,180,1156813
Kocchi no Kento,Hai Yorokonde (Magens Remix) feat. Hatsune Miku,168,2249870
Laur,PRAGMATISM -RESURRECTION-,174,1718639
Hashimoto Miyuki,Symphonic Love,144,1851195
Vairo,Nightmare,140.8,1363241
Chogakusei,Kemono ni Naritai!,186,2448964
Kano,Stella-rium (TV Size),177,1258152
Frums,My Capacitance (Cut Ver.),177,1930030
Katsuro Tajima (BNSI),"The Lovely, Lively Danube",210,1773955
Nanatsukaze,Replay,145,2300840
ReeK,SUPER SEX DELIVERY 2 - ENTER THE CUM ZONE,150,1756972
Camellia feat. Nanahira,Ska-sh All Neurons!!,183,1765619
Imperial Circus Dead Decadence,Uta,205,410162
Kairiki bear feat. Hatsune Miku,MELLOMELLOID,172,2365859
HyuN,White Aura,200,996898
Warak,"Please, Give Me A Lover feat. Lee SaYa",146,2074956
Imy feat. Natsume Itsuki,Lies playing Truth,197,2333975
Unlucky Morpheus,Sono Tamashii ni Yasuragi o ~ Dignity of Spirit,164,2322334
Thaehan,Bwa !,188.5,1014936
bobawhale & glitchless,starsignal!,170,2224218
AVTechNO!xTreow,DYE/Re:flection+,165,2019845
MIMI,Kuu ni Naru,166,2125494
KANON NAKAGAWA starring Nao Toyama,Natsuiro Surprise,168,88307
SawanoHiroyuki[nZk]:mizuki,aLIEz (TV size),99,211586
Pastel*Palettes,Tenka Touitsu A to Z*,153,1253557
Sota Fujimori,VOLTEXES II,147,183878
Sasaki Sayaka,"Sakura, Reincarnation",181,1088021
Xceon feat. Mayumi Morinaga,Sakurayozora,158,1848246
Halozy,Koi no Serenade,128,308944
TOGENASHI TOGEARI,Hurtful & Painful,150,2396005
Kabocha,"Draw me a map, Let me feel the tap",310,2051856
Tsukino,Dohna Dohna no Uta (Game Ver.),152,1316020
BPM15Q,Hakuchu-mu,174,2502888
Leah Kate,Twinkle Twinkle (Sped Up & Cut Ver.),176,1901049
Frederic Chopin,Revolutionary Etude (Shoji Meguro Arrangement),145,1746423
Centimillimental,session / the seasons,135,1969233
Zekk,SUPER * HARAGURO * POP,160,1721103
Triodust,Sky-High Bridge,130,2510048
Sayuri,Sore wa Chiisana Hikari no Youna,144,430934
ALI PROJECT,Kyoumu Densen (TV Size),145.1,91996
DJ Roland Kenzo,Your Night,146.6,11301
Sayuri,birthday song,106,616185
Kano to Uzaki-chan (CV: Naomi Ohzora),Nadame Sukashi Negotiation (TV Size),150,2102782
Nakanoke no Itsutsugo,Gotoubun no Kimochi (TV Size),175,1736091
Inori Minase,brave climber,190,1785920
Hiiragi Magnetite,Zako,135,2338601
Mori Calliope & Camellia,HUGE W,152,1960877
Ocelot,YUKARI,174,416020
GARNiDELiA,Gokuraku Jodo,131,2132346
Sharlo,Vidro Moyou,131,139045
Cranky,Chandelier - King,170,751785
S3RL,MTC (Radio Edit),175,716630
Feint,We Won't Be Alone (feat. Laura Brehm),175,1048385
NegaRen,OCTOBER STARLIGHT 4EVER! SIDE B (pt. 2),237.9,2477922
fhana,Wonder Stella,193,361790
Kankaku Piero,HIBANA,180,1586364
ARCIEN,Future Son,150,777881
Poppin'Party,final phase,149,1571898
Altermis & takehirotei & Violet Delta,Christmas Slop,250,2526220
AAAA,Devil Connection,133,2511932
Kano,Dear Brave,188,1280404
Mastermind(xi+nora2r),Dreadnought,192,361306
modlessflash,hopeless quiet,205,2403310
Captain Jack,Captain Jack,149.85,2304027
AYUTRICA,Tenkyuu no Oratorio,103,1445554
ikaruga_nex,ReviXy,180,1001172
Cosmograph,MOG : the redhood mog ver.,206,2218044
petit milady,Hakone Hakoiri Musume,220,370467
METAROOM,PINK ORIGINS,185,1589495
765PRO ALLSTARS,Maji de...!?,140,1361516
IOSYS,Taihen na Mono no Shoushitsu,240,17819
Sakurakouji Luna (CV: Oohashi Ayuru),Progress Light,150,2407387
Kakumi Nishigomi,Hyakka Ryouran,148,73451
Kep1er,Attention (Cut Ver.),186,2289421
cillia feat. Kagamine Rin,KOISURU*BEAM,135,1336079
wuk,Sidetracked Day,200,2191876
Hitomi Sato,Hodomoe City,135,2114044
ric,Rislim,130,8149
ZAQ,Dance In The Game (TV Size),135,1797993
ONE OK ROCK,Liar,207,240761
Falcom Sound Team jdk,SUNSHINE COASTLINE,218,1788943
fallen shepherd feat. RabbiTon Strings,ENDYMION (long edit),220,1243733
PSYQUI,Hype feat. Such,172,777596
Ohashi Ayaka,Daisuki. (TV Size),138,1014751
Magus Two,BEAUTIFUL SENTENCE (TV Size),150,1202012
MYUKKE.,AI[UE]OON,145,2032929
Krewella,You Don't Even Have To Try,174,1965008
AN CAFE,NYAPPY in the world 4,178,5230
ILLIT,Midnight Fiction,130,2218360
"Iris Freyja (CV: Hidaka Rina), Mononobe Mitsuki (CV: Numakura Manami)",Ray of bullet,185,1593028
Anberlin,Ready Fuels,168.65,851867
OISHII,UP UP MT. CAKE,185,2069976
XX:me,Torikago (TV Size),155,726765
Poppin'Party,Cherry Bomb,190,1055249
Never Dull,Gypsy In My Mind (Disco Rave Edit 2022) (Sped Up & Cut Ver.),146.4,2377334
Tristam & Braken,Frame of Mind,175,177523
leroy,theyfriend,198,1622189
C-Show,PANIC HOLIC (VIP),220,470405
Phantom Siita,Hanabami,172,2294635
Feryquitous,Hemizorv,191,1301388
Asterisk,Rain,175,395149
nano feat. MY FIRST STORY,SAVIOR OF SONG,192,150491
Memme,BSPower Explosion,180,44967
Nardis,Cosmo Memory,175,517598
Eminem,Love The Way You Lie feat. Rihanna,87,1275243
Kano,Keppekishou,190,2108343
Electronic Boutique,HEXAD,135,11693
Shimamiya Eiko,Naraku no Hana (TV Size),109,2155078
Blacklolita,CyberConnect,150,1672894
Sakaue Nachi,Crazy Hot,162,54289
DJ Sharpnel,StrangeProgram,215,5774
DragonForce,Through the Fire and Flames,200,1113996
Kano,Walk This Way! (Cut Ver.),260,1709954
Camellia,Key of timepieces,174,534800
Pegboard Nerds,Gunslinga (feat. MC Mota),174,1234094
Massive New Krew,Majestic 12,140,1536879
Eri Sasaki,Ring of Fortune (Cut Ver.),158,2083111
Harada Hitomi,Kyoumei No True Force,187.5,198802
HyuN,Illusion of Inflict,170,891366
R3 Music Box,My Confession,79,1173757
"Amane Shindo, Mimori Suzuko, Rie Takahashi, Lynn, Kanon Takao",Unmei? (TV Size),160,2307360
Rohi,Kanata ni Mau wa Sakura no Shirabe,200,93555
Euchaeta,eien,103,2422499
Warak,REANIMATE,174,186318
Zekk,Opal,170,1869260
IZ*ONE,Airplane,165,1891091
t.A.T.u.,Nas Ne Dogonyat (DJ SPIZDIL Remix) (Cut Ver.),163.13,2132638
SAKURA*TRICK,Won(*3*)Chu KissMe! (TV Size),153,147281
Stefan Karl Stefansson & Mani Svavarsson,We are Number One,162,539241
3l3d3p,Ibitbt,169.93,1287682
Itou Kanako,Hacking to the Gate (TV Size),161,30876
Linkin Park,Castle of Glass,216,140152
Xyris,Vitality Charger (feat. Hanakuma Chifuyu),174,2412277
Vaundy,Odoriko,157,1891267
SPYAIR,Imagination (TV Size),204,1171789
KOKOMI,Seikyou no Igreja,103.5,802454
konets solnechnykh dney,deti nemoy strany,184.3,1828346
Inori Minase,Yume no Tsubomi,188,601883
EGOIST,Namae no Nai Kaibutsu (TV Size),180,62263
Jun Kuroda,Anokumene,186,2377346
Laufey,From The Start,164,2126282
Teminite,Beastmode,174,494225
VESPERBELL,Chocolate Disco,128,1437192
L.E.D.,KAIROS IN THE SPACE TIME,150,361050
Groove Coverage,Runaway (Nightcore Mix),176.09,103862
DCX (D-Tune),Flying High,140,12713
Ayaka Ohashi,Wagamama MIRROR HEART,181,554626
Takayan,Shut up,105,1361746
senya,"Though the Scent Lingers, the Flower Scattered",138,40536
League of Legends,A New Journey (feat. AmaLee),185,915182
Feint,We Won't Be Alone (feat. Laura Brehm),175,399328
"Chieru (CV: Sakura Ayane), Kuroe (CV: Tanezaki Atsumi), Yuni (CV: Kohara Konomi)",Seishun Spinner,138,1245882
Mrs. GREEN APPLE,Inferno (TV Size),185,999645
Nashimoto Ui,AaAaAaAAaAaAAa,192,1017271
supercell,My Dearest (TV Edit),168,370819
Brad Breeck,Gravity Falls Theme Song,165.8,527431
Yiruma,River Flows In You (viewtifulday Remix),154,300962
mafumafu,Toosenbou,176,873264
Hiroyuki Sawano feat. Mika Kobayashi,Bios,194,43674
lily white,Binetsu kara Mystery,172,276245
9Lana,Let me battle,134,2385712
Vaundy,CHAINSAW BLOOD,147,1864555
Mizuno Saaya,My Secret (TV Size),184,1123648
YUI,again (TV Size),140,1817483
Paramore,All I Wanted,144,2024419
Denkishiki Karen Ongaku Shuudan,gemini,190,182815
Tenacious D,Classico,170,25919
Pierce The Veil,One Hundred Sleepless Nights,122.67,2244955
NightCore,Dum Dadi Do,172.61,4477
Oomori Seiko,JUSTadICE (TV Size),185,990079
UVERworld,D-tecnolife,84.1,5420
tieff,Our Story,166,2413757
Jun Senoue,Westopolis,165.5,28397
Aqours,Yuuki wa Doko ni? Kimi no Mune ni! (TV Size),167,679826
goreshit,lonely,174,1961900
Momohara Natsuki (CV: Murakawa Rie),Natsuzora Yell (TV Size),170,1028594
senya,Tsuki ni Murakumo Hana ni Kaze (PV ver.),160,623502
adamyes,Just Disappear,160,2478325
Outkast,Hey Ya!,158.97,10605
Hanasaka Yui(CV: M.A.O),Harumachi Clover,142,591987
Linked Horizon,Guren no Yumiya (TV Size),180.68,87630
ChouCho,DreamRiser (TV size),165,531735
Linkin Park,The Emptiness Machine (Cut Ver.),184,2246377
Kitadani Hiroshi,We Go! (TV Size),176,787134
ichigo from KISIDA KYODAN & THE AKEBOSI ROCKETS,STONE OCEAN (TV Size),180,1638526
Will Stetson,Harumachi Clover (Swing Arrangement),170,859783
Niko,Made of Fire,162,10112
Maon Kurosaki,Last Desire,170,772785
YOASOBI,Love Letter,100,1545135
HEAD PHONES PRESIDENT,Until I Die,167,1692553
Yuzu,Hyouri Ittai (TV Size),150,129299
D-D-Dice vs. siromaru,Catch the Glory,210,1796422
penoreri,Vacant Rhapsody,144,2514857
ARForest,Rainbow Magic!!,230,1508963
Se-U-Ra,LOSHAXI,210,1057963
AAAA,Hoshi o Kakeru Adventure ~ we are forever friends! ~ (Long Ver.),224,2449841
Taishi,INSIDE BLUE INSIDE - Part2,132,1911841
Frums,goTe EX,198.94,1937381
LeaF,Aleph-0 (Extended Ver.),250,2154452
HO-KAGO TEA TIME,GO! GO! MANIAC (TV Size),250,776845
YOASOBI,UNDEAD,144,2252594
Camellia,"Diastrophism (""Anamorphism"" Long Ver.)",228,1793081
kotono,friend ship,180,2310670
DJ Raisei,Tsuikou no Toshi yori,201,2160688
Lorna Shore,Of the Abyss,260,2078439
LUZE feat. Emew.,Unmeiron,170,2021922
Mono.,Peaceful+Piece,192,1520393
Falcom Sound Team jdk,The Azure Arbitrator,274,1598591
MY FIRST STORY,REVIVER,200,1788727
Ludicin,Everlasting Eternity,175,2372657
Soleily,Violet Soul,158,318602
Nakamura Meiko,Across the Destiny,126,173078
Billain & Vorso,Transhumanist,174,1069426
Yooh,LiFE Garden (Extended Mix),149,832538
Immortal Disfigurement,There Is No Light,256,1937682
MXZI,MONTAGEM TOMADA,130,2426813
SEPHID feat. darkxixin,Fu Xiang Di Xin De Luo Ri Liu Hao ~ Little Raven,200,1953513
Kou!,Xuasar Charge (Cut Ver.),150,2039336
Tsukikage,Spatto! Spy & Spyce (TV Size),160,1223204
MUZZ,Nemesis,175,2153247
Jashin*Girls,Anoko ni Drop Kick,230,2326063
SHK,Flight of the Bumblebee (RST Classic),175,2316077
EBIMAYO,NIGHTMARE INVITATION,195,2545921
Omoi,Greenlights Serenade,200,2399964
Kajiura Yuki,Credens justitiam (Extended Edit),136,2152752
ILLIT,Magnetic,131,2156061
Hinkik,Explorers,110,2007968
MuryokuP,Frozen World,140,1095283
HOTEI,CIRCUS,140.03,2347019
Igorrr & Ruby My Dear,Biquette,188,2375481
sasakure.UK,Atropos (Short Edit),182,132118
daniwellP,Nyanyanyanyanyanyanya!,142,31419
Sota Fujimori,ACCELERATE,153,852493
weyheyhey !!,I'm Your Daddy (Extended Edition Bluray Box Set Mix),230,1885239
B-Komachi,Sign wa B -New Arrange Ver.- (TV Size),175,2029838
Noah,Astral tale - Denebold,268,1504323
Sound Souler,Reinvent,174,1281806
Camellia feat. Nanahira,"senpai, notice me!",155,1819588
HOYO-MiX feat. Jonathan Steingard,Wildfire,144,1988096
ARM,Mori wa Shizuka ni Arukimashou - Seiran's Mad Hammer,140,2293067
Se-U-Ra,E-Lectixilent (E-xtended Mix),193,1301800
D.J.Amuro,F,154,39194
AKINO with bless4,cross the line (TV Size),190,2177238
MAKINA prod. Rihito Tsuboi (BNSI),YELL EX MAKINA!,176.5,1949847
Suzuki Konomi from the Ultra League,Now or Never! (Cut Ver.),188,2100708
Hoshimachi Suisei,Starry Jet,144,2154920
xi,Angel's Ladder,155,1859335
Foreground Eclipse,To The Terminus,189,277481
Akira Complex,S2TB-303,110,2215734
Panda Eyes & Teminite,Highscore,110,1079712
Kisaragi Rumii,Yoru ni Kakeru -THE HOME TAKE ver.- (Cut Ver.),115,1376799
Kardashev,Cellar of Ghosts,210,2413535
majiko,Koe,151,1668982
Wakeshima Kanon,Foul Play ni Kurari,163,2288704
solfa feat. Chata,Colorful precious life,180,2287128
Feryquitous,Chat perdu,170,1300107
Memme,BSPower Explosion,180,1096818
Hatsune Miku,Rolling Girl,195,18571
Maeshima Ami,Wish for you (TV Size),174,2499016
HOYO-MiX feat. Loger,Lament of a Ruined World,145,2395928
Syaro (CV: Uchida Maaya),Caffeine Fighter,156,991440
DJ Myosuke,Source of Creation,190,2223638
TUYU,Itsuka Otona ni Nareru to Ii ne.,176,1773164
Syrufit ft. Mei Ayakura,Moonlight Maiden,136,55402
Demetori,Kagayaku Hari no Kobito-zoku ~ Counter-Attack of the Weak,184,347021
Ice,Entrance,180,1276389
UNDEAD CORPORATION,Sad Dream,200,1019827
miraie & Milkoi,Solemnity,170,1808304
CUPSIZE,"prygay, dura!",198.8,2483787
Mitsukiyo,Unwelcome School,180,1541421
Harumaki Gohan feat. Hatsune Miku,Hotaru wa Inakatta,206,2219679
KyoKa,Ouran Romancia,148,1404039
VINXIS,A Centralized View,185,780932
Nanahoshi Kangengakudan,Rubik's Cube,174,2288047
Kenshi Yonezu,MAD HEAD LOVE,212,1429536
sanj,last minute (sakuraburst remix),174,2249616
Foreground Eclipse,Songs Compilation II,160,1249198
SakiZ,osu!favourites,200,603738
NACHERRY,My dream girls (TV Size),179,2166316
Falcom Sound Team jdk,GENS D'ARMES,264,1078344
DM DOKURO,Reality Check Through The Skull,260,436611
EastNewSound feat. nayuta,"Kouengekka, Zanshou no Zetsu",150,1053554
Ryu*,!Viva!,135,526265
Yorushika,Yoru Magai,180,1163834
Jamie Christopherson,The Stains of Time (Maniac Agenda Mix),200,1882949
siqlo,Me & U,150,1235291
"Skrillex, Fred Again.. & Flowdan",Rumble,140,1938693
HARU NEMURI,NIGHT SWIMMING,102,1101254
cosMo@Bousou-P,End Mark ni Kibou to Namida wo soete,257,772055
Hoshimachi Suisei,BIBBIDIBA,120,2214906
Sumire Uesaka,Happy End Princess,174,2076391
Camellia,Artificial Snow,128,1026319
Kaya,Memento mori,157,2165149
YOUNHA,Oort Cloud,128,1880372
Yu-Peng Chen @HOYO-MiX,"Let's Go, Crimson Knight!",135,1551253
Meramipop,algorhythm,185,43524
O2i3,Ooi,216,817161
Ado,Sakura Biyori and Time Machine (with Hatsune Miku),174,2269400
Will Stetson,Of Our Time (osu! Edit),204,2422687
M2U,A Little Dream,128,383775
CLIMAX of MAXX 360,PARANOiA Revolution,180,275401
Cranky,Rave 2 Rave,165,751896
Lei Lei,Wo Ai Wan Dian Wei,144,2551467
Nanahira,Frightfully-insane Flan-chan's frightful song,170,35375
SPYAIR,Sakura Mitsutsuki,179,937048
GALNERYUS,WINGS OF JUSTICE,184,1009839
t+pazolite,Party in the HOLLOWood feat. Nanahira,178,819349
Kito Akari,Desire Again,191,1368404
Haruna Luna,TRUE STORY,172,333351
solfa feat. Ceui,Koiiro Recipe (Cut Ver.),153,2255831
RineP,Tell your world that I don't care,150,2179290
SHIKI,Lapis,146,1528608
Mindless Self Indulgence,My World (Demo),190.99,1596215
Children of Bodom,You're Better Off Dead,192,1125258
Ice,Nostalgia Sonatina Op.3,170,2443567
CIDER GIRL,Cinderella (TV Size),130,1591808
Yorushika,Fireworks of shoes,120,691021
UNDEAD CORPORATION,The Empress,270,1780135
Agressor Bunx,Tornado (Original Mix),172,236292
Yonekura Chihiro,Harutoki ~Spring Moment~,155,1619670
Twin-Tails,Twintail Dreamer!,198,2379281
Vickeblanka,Black Rover (TV Size),204,779279
Auridy,mosaic,188,1375790
Falcom Sound Team jdk,Don't be Defeated by a Friend!,195,1557286
Izumi Akazawa (CV. Madoka Yonezawa),Responsibility Response,202,420677
Mili,YUBIKIRI-GENMAN,146,1378380
Kanno Yugo,il vento d'oro,135,1250853
sana,Packet Hero,236,1765424
King Crimson,The Court of The Crimson King (Live Ver.),138,2061831
STEREO DIVE FOUNDATION,Chronos (TV Size),200,1049950
Jin feat. MARiA from GARNiDELiA,daze (short ver.),198,165391
Guru Groove Foundation,Golden Love (Mr. Frenkie Remix),172,1282615
Presti,Rainbow after Rain,118,514826
Feint,Take It In (feat. Koven),175,616023
BeautifulDay,V3,160,7280
Akatsuki Records,Trance Dance Anarchy,195,1056140
Fox Stevenson,Dreamland,168,1087898
Yooh,Ice Angel,168,1590068
LiSA,Jet Rocket,178,145431
ABSOLUTE CASTAWAY,Shinsou Shintouron,205,827743
Kamiyama Yoh,YELLOW,118,1023510
"Kugimiya Rie, Kitamura Eri & Horie Yui",Pre-Parade (TV Size),160,69158
Thunderclowns,Find The Memes In You,150,314211
D-51,BRAND NEW WORLD,160,1806511
Liam Vickers,Disassembly Required,96,2085224
PinocchioP,Kusaregedou to Chocolate,260,79454
Nakajima Megumi,Saturday Night Question,155,735917
fripSide,Koniro Tokimeki!! (Short Ver.),169,12453
toby fox,Bergentrueckung/ASGORE,229.69,908087
Starset,Satellite (Cut Ver.),154,565031
POLKADOT STINGRAY,Telecaster Stripe,142,969845
DJ GYROTTA ZAO,ZETRAKORE XAOS DA JUMPING GARGOYLZ,145,1929434
vierre cloud,moment,171.3,1366507
Linkin Park,Faint,135.02,2491733
LAST ALLIANCE,HEKIREKI (TV Size),129,156937
yuiko,petit bonheur,180,606278
Aimer,Zankyo Sanka (TV Size),171,1644420
Silent Siren,Koi Yuki,128,380995
imase,NIGHT DANCER,117,1990791
Sayuri,Koukai no Uta (TV Size),180,1058293
Tommy heavenly6,Unlimited Sky,190,1028258
Krewella,Live for the Night (Nightstep Mix),150.93,271159
Tsuzuri,NAME,183,2037278
MAN WITH A MISSION,Merry-Go-Round (TV Size),120,1568551
ZAQ,VOICE (TV Size),184,137338
Watanabe You (CV: Saito Shuka),Beginner's Sailing,178,1216257
JVKE,golden hour,189,1915511
ASIAN KUNG-FU GENERATION,Re:Re:,155,426693
The Prodigy,Nasty (Spor Remix),172,288081
alister6,Falling (For You),128,2408268
Nakiri Ayame,Good-bye sengen,170,1470790
Yakushi Ruri,"Oniichan, Gyutte Shite! Motto Shite!",173,1063886
Camellia,flying in the flow of deep-sea,166,347556
t+pazolite,Oshama Scramble!,190,833895
Enako feat. Pmarusama.,Iden Tei Tei Meltdown (TV Size),155,1932215
Drop,Granat,180.96,155118
mafumafu feat. nqrse,KING,166,1263393
Pisse,Fahrradsattel,119,1364392
IOSYS,Cirno's Perfect Math Class,175,25739
ChamJam,Clover wish (TV Size),134,1169658
THE ORAL CIGARETTES,ReI,186,785858
mafumafu,Envy Baby,171,1412697
Coalamode.,Nanairo Symphony -TV Size-,155,268431
dark cat,STARS ALIGN,174,606998
PUP,Free At Last,179,1133317
uynet,Never Rezort,162,2214270
mafumafu,Good-bye sengen,170,1489661
Asaka,I believe what you said (TV Size),138,1274360
nao,Toaru Shoukoku no Ohimesama ga... (Game Ver.),218,2214106
IOSYS,Judgement Star,190,2279370
Ricky Montgomery,This December,140,1067499
TheFatRat ft. Laura Brehm,MAYDAY (Nightcore Mix),172.5,754219
Imy,Ray of hope,185,1227702
MYTH & ROID,HYDRA,166,720129
Gekidan Record feat. Nekomata Master,Houkou Orpheus,150,1257522
Paledusk,HUGs (TV Size),185,2409175
Yvklnx Mlyvzvwv,YUKINOFUNK,170,734972
Ayane,Perfect*Quest,128,454494
James Landino & Kabuki,Birdsong,165,980826
yuiko,Kimi to Yumemishi,182,488586
Franz Ferdinand,This Fffire (TV Size),146.5,1857926
Frog96,Letter to the Black World,185,2463906
Camellia,LET'S JUMP,146,1023679
sakuraburst,Glacierfall (Park Remix),170,1540764
THREE LIGHTS DOWN KINGS,NEVER SAY NEVER (TV Size),194,948159
Dave Rodgers,Final Countdown,154.42,5658
KELUN,CHU-BURA (TV Size),180,2852
Yuki Hayashi,You Say Run,175,487907
Toromaru,Formless Canvas,158,1796612
Sonoda Umi(CV.Mimori Suzuko),Yuuki no Reason,180,403625
James Landino,Aresene's Bazaar,155,1971987
Infinite Stratos Cast,BEAUTIFUL SKY (TV Size),180,120328
Bo Burnham,Welcome to the Internet,95,1520101
Ceui,Tragedy Night,180,2290384
ZUN,Dark Side of Fate,168,16223
Momokurotei Ichimon,Nippon Egao Hyakkei,160,584520
Nds vs Tom E.,In These Days (Nightcore Mix),161.19,24473
Bai Sha JAWS,Dive Back In Time (TV Size),108.02,1577922
Hatsune Miku,Uraomote Lovers,159,11375
Kawada Mami,JOINT,180,1051651
HoneyWorks feat. HaKoniwalily,Kira Kira (TV Size),157,2299698
fhana,"Itsuka no, Ikutsuka no Kimi to no Sekai (TV Size)",99,164299
-45,Reikou Hatsuden,250,2424147
LiSA,Rising Hope (TV Size),190,163078
Hatsune Miku,Doki Doki Heart Tune,142,5495
marsy,ACTION,136,952012
Herve Lavandier,Shuriken School (TV Size),160,1114339
Joji,YEAH RIGHT,84.5,817776
Dreamcatcher,YOU AND I,194,787672
solfa feat. nao,Love Love Sensation (Short Ver.),187,1684879
Lite Show Magic (t+pazolite vs C-Show),Crack Traxxxx,220,139525
surasshu,the penis (eek!),110.09,2281810
sweet ARMS,I swear (TV Size),168,911245
Masayoshi Minoshima feat. StrawbellyCake,Bad Apple!! (German Version),138,13664
Raphlesia,ResolvE -means to an end-,200,2207820
lapix,Horizon Blue feat. Kanata.N,153,2321532
Lime / Kankitsu,Elixir (Extended Ver.),140,2358392
SHIKI feat. Hatsune Miku,Synthesized Girl's Heart,188.09,2364938
Laur,Euphoria,200,1672679
jun with Alison,SUNKiSS <3 DROP ~jun Side~,185,2552003
Frums,XNOR XNOR XNOR,243,1341013
Camellia,Hitech pistol -Hitech Ninja wa 145-do Shinu-,153,1660971
Juggernaut.,Balthazar,200,2203534
Imperial Circus Dead Decadence,"Jashin no Konrei, Gi wa Ai to Shiru.",240,2535368
Festa,Lemuria,191,2029456
DJKurara & Supire,Search And Destroy,240,2047070
"Synestia, Disembodied Tyrant",The Poetic Edda (feat. Ben Duerr),165,2251546
Aqours,Thrilling One-way,195,2009200
Ludicin,Bismuth,240,2016290
Ludicin,Bismuth,240,2096298
Camellia,This Future (we didn't expect),180,2018820
PSYQUI feat. mikanzil,Endroll,180,1903137
Team Grimoire,RougokuSTRIP (Grimoire crossbreed rmx),175,1311730
GTS Sound Team,<</nttld.:beings>> ~Truth in Uncertainty~,260,1865294
Petit Rabbit's,Tenkuu Cafeteria (TV Size),154,1229748
seatrus,Dual Dependency,155,2423790
Hakushi Hasegawa,Sabaku de,186,2304774
Ik4sumi,Scamper,128,2416556
DJ YOSHITAKA,FLOWER,173,2348537
Camellia feat. Mayumi Morinaga,re:||BIRTH,160,1815435
Hoshimiya Toto + Kijibato,LOW BIT FANTASY,172,1749412
Camellia,"Diastrophism (""Anamorphism"" Long ver.)",228,1994823
"Cass starring Yoshino Nanjo, Lily",Class::CIEL_N_PROTECTA;,125,1740680
EGOIST,The Everlasting Guilty Crown,172,762635
Camellia,Nacreous Snowmelt,201,1089407
Zachz Winner,doodle,160,2254087
YOASOBI,Idol,166,1990406
MaoMao!,find skrillex in pou stingray 2011 ransomware,140,2366811
aa...hisuichazuke...,steganography,210,2552559
Laur,Sound Chimera,190,1415755
DragonForce,Heroes of Our Time,200,171841
Memme,Extreme Fantasy,152,49459
Camellia feat. Nanahira,We Love Hardcore,180,2169074
V0iD,Symplectomorphism,150,2078985
yanaginagi,Tokohana (TV Size),169,172907
Yunomi,Tokyo Snorkel (feat. nicamoq),160,2173079
Sound Holic,Optical Cellophane,170,6704
Yooh,Crazy Shuffle,128,1756832
ReeK,Galaxy Collision,200,1698754
Cororo feat. Yuria Miyazono,Hikari Sasu Mio no Yuzuriha,190,1940331
Nhato,Dawn Saga,185,2017215
MIMI,Marshmary,182,2323796
GO!GO!7188,Ame Nochi Ame Nochi Ame,120,2431171
xi,Fiat Lux,200,170223
ISOKNOCK,THRASH (PARTY STARTER),140,2378077
"25-ji, Nightcord de. x KAITO",Samsa,121,2154243
Candy Claws,Pangaea Girls (Magic Feeling),120,2288761
Alestorm,Shipwrecked,210,2453558
Minami,Kono Machi ni Hare wa Konai,164,1731430
Etherwood,Fall Awake,172,1927663
Manun-chan (CV: mafumafu),Chocotto no Kotae,140,1374773
Umeboshi Chazuke,AJITAMA Adventure OST,210,2283423
A-One,Side by Side,165,2500938
SiLiS,Hebe,135,2339008
"BEMANI Sound Team ""Power Of Nature""",Tadoru Kimi o Koete,160,1539977
False Noise,Space Angel (Cut Ver.),172,2114040
SOPHIE,LEMONADE,143,1789354
fleurishana,Shukufuku (Indonesia Ver.),170,2210030
YOASOBI,Adventure,128,2202551
ONIMAI SISTERS,Himegoto*Crisisters (nenpulse bootleg remix),180,2010778
Sta,The Ricochet,180,1815207
Power Of Nature,Shounen wa Sora o Tadoru,140,1373545
Halozy,143 (extended mix),140,1132649
Harumaki Gohan feat. Hatsune Miku,Yakusoku (Cut Ver.),136,1276197
Thaehan,Angry Birds Epic (Remix),195,864748
Eisyo-kobu,Oriental Blossom -Eika Shuuei-,180,1986088
RIOT,Overkill,174,2504723
SYCAMOUR,Calm Down Juliet (What A Drama Queen),212,1819015
void,Altersist,138,459950
Shika-bu,Shikairo Days (TV Size),183,2208105
Dirty Loops,Coffee Break Is Over,145,2541305
FM7,TAKE OVER!,145,2439075
Camellia,Maboroshi,190,1210416
ClariS,CLICK (Soleily Remix) (Sped Up Ver.),190,2369438
Lin-G,I Want You,140,114750
senya,Tokuiten no Kaibutsuteki Kanjou,156,2462140
Noah,Deadly force - Put an end,300,1390177
The All-American Rejects,Move Along,109.88,2430386
Eri Sasaki,Ring of Fortune (Zekk Remix),175,1657361
QWER,Dear,168,2386317
Camellia feat. Pochi Korone & Nanahira,Eat The World Dip In Cheese! (Cut Ver.),140,2461864
kotono,friend ship,180,2357684
Makina,Pluton,147,2401198
SMiLE.dk,Koko Soko (AKIBA KOUBOU Eurobeat Remix),152,2191580
OSTER project,piano x forte,140,1791063
Aitsuki Nakuru,Ai no Zanshi,174,2438960
ARForest,The Last Page,195,1300398
Akitsuki Fuuka CV:Lynn,Fair wind,190,587541
Gom (HoneyWorks),Zen Zen Zense,190.1,503141
Ayane,Dream ON (Game Ver.),196,2434745
Polyphia,O.D.,136,1276327
hitorie,NONSENSE,148,1963004
Tanger,Fresh! VIP (feat. Schwank),235,1946324
mitei,Phosphor,214,2579629
8686m,"TAKE TOO, TAKE TWO",168,2064066
Suzuki Konomi,CHOIR JAIL (TV Size),181,1490776
Falcom Sound Team jdk feat. Sasaka Megumi,NO END NO WORLD -Opening Size-,186,1891125
Yamazaki Moe,Gothic Cage Vampire ~Torikago Shoujo~,202,2314305
himmel feat. YooSanHyakurei,Maple Wind,135,1356026
xi,Mirage Garden,156,319940
kessoku band,Nani ga Warui (TV Size),122,1905497
FELT,ALONE,167,1467730
cosMo@BousouP,Oceanus,196,267767
void,Valedict,156,1711378
Shiraishi,Shinsei Taiju,172,310699
binaria,Kamiiro Awase (TV Size),150,1474157
NANAOAKARI,Ashita no Watashi ni Sachi Are,132,2355814
MAZARE,Mazare Party,200,667868
Infected Mushroom & BLiSS,Ani Mevushal,145,1486139
Shiino Kotone (CV: Kanako),Ashita no Koto.,198,2044155
Nokia Design Team,Nokia Tune 2007,60,2456432
Cuvelia,Tenkuu no Yoake,150,509694
cYsmix & Nhato,Oracle,128,2419077
jippusu,Mushikui Saikede Rhythm,210,87547
a_hisa,Mind Palette,190,1182125
Yorushika,Deep Indigo,210,1792919
nomico,Hoshizora e Kakaru Hashi,170,183261
SWAN K feat. Asuka M,LOVE B.B.B,173,143457
IOSYS,Neko Miko Reimu,160,9264
Camellia,+ERABY+E CONNEC+10N,230,2554787
Hoshino Gen,Koi,158,667590
Lexurus,Gravity,174,789529
ZOOTAH & GA-SUUU & Petboy,Meant To Be (Nightcore Mix),175,2005066
Niina Mako,Sensen no Realism,69.33,1805771
lapix,Amazing Mirage,153,1409447
Amatsuki,Kimi no Shiranai Monogatari,165,1134367
Aglio Olio e Peperoncino,Nacchatta!,200,2254939
Vaundy,CHAINSAW BLOOD  (TV Size),147,1868727
Camellia,CICADA3302,155,2090933
xi,Happy End of the World,190,1670918
"Shimotsuki Haruka, Nakae Mitsuki",mirage,101,646714
Kitauji Quartet,Vivace! (TV Size),222,938674
Arctic Monkeys,Balaclava,149.5,298913
Gram,Sigmund,200,2449934
Feryquitous feat. Aitsuki Nakuru,Ether,200,902425
KASAI HARCORES,Trinity Homerun,175,881996
TRUE,Hiryuu no Kishi (TV Size),148,1042985
OutPhase,quasar,155,1805884
Hiiragi Magnetite,Tetoris,170,2294338
Dreamcatcher,Odd Eye,160,1644863
nonoc,Reloaded,190,1781490
Tamura Yukari,MERRY MERRY MERRY MENU... Ne! (Cut Ver.),180,510666
THE ORAL CIGARETTES,Mou Ii kai?,192,807850
TAK,DKBK feat. Tenko Shibuki,162,2442025
Renard,Because Maybe! pt. 2,220,149471
Hanasaka Yui(CV: M.A.O),Harumachi Clover,142,557733
Camellia,"d:for the DELTA (Camellia's ""PLANETARY//DUBSTEP"" Remix)",150,1432093
uniy,Amairo*TeaParty,250,2071596
55x55,MRAZ' (feat. Larin),120,635171
R3 Music Box,Road of Resistance (GoldenWolf Metal Mix),148,747066
"Mao, Ruli, Kyoko, Shiori from STARRY PLANET*",Bloomy * Smile (TV Size),177,1993280
gi(a)rlish number,Bloom,182,1373933
Asaba Rio,Futari Dake no Curtain Call,145,1982720
Yonekura Chihiro,Koiseyo Otome!,220,498438
Kikuo,Hole Dwelling,96.5,2195081
Luschka,Kami no Kotoba,110,817667
Hato,Alastor,170,1607175
Hitoshi Sakimoto,Isekai Ivalice,119.5,500371
Nico Nico Douga,WAWAWA SPEED mix,170,14952
Hatsuki Yura,Drivi'n greedy - Nhato Remix -,173,1185294
D-D-Dice,Seiga Itten (Full Ver.),214,2301138
xi,Wish upon Twin Stars,200,242462
Makina,Pluton,147,2242601
HHHxMMxST,Oboro,149,66626
He Yu,Da Dong Bei Wo De Jia Xiang (DJ He Peng Remix),128,2417577
Kaneko Ayano,Romance Sengen,156,1802363
Ray,Rakuen PROJECT (TV Size),135,156219
"Yamazaki Haruka, Tadokoro Azusa, Machico",Dreaming!,180,363873
Satou Satomi & Kayano Ai,Kimi ni Matsuwaru Mystery (TV Size),170,64577
DECO*27,Cherry Pop feat. Hatsune Miku,192,2411013
Yu-Peng Chen @HOYO-MiX,"Let's Go, Crimson Knight!",135,1368018
ZAQ,VOICE (TV Size),184,159519
kozato,Shijuugo-nen no Yukizakura,170,759281
yuikonnu,Houkago Stride,225,181351
Chata,enn,246,406217
Shihori,Bamboo Dance,156,39056
ke-ji,Joyeuse,274,1942799
Christopher Larkin,Hornet,145,948021
Foreground Eclipse,I Bet You'll Forget That Even If You Noticed That,195,601135
jippusu,Heisei Kataku Rhythm,220,71720
angela,Otome no Route wa Hitotsu Janai!,192,1153303
Kola Kid,broken legs,210,1116952
yuikonnu x sana,Fuzzy Future,145,545956
Lon,MATRYOSHKA,205,109185
2hollis,3,150,2275724
Sayuri,Hana no Tou,170,1812260
Various Artists,Super * Affection (TV Size),184,1645707
DJ YOSHITAKA,FLOWER,173,31054
mimimemeMIMI,Sentimental Love,138,123956
Hoshimachi Suisei,Ranbu no Melody (Cut Ver.),192,1483235
Chino (CV: Minase Inori),Sootto Blanket,174,1142756
Serizawa Yuu,Devi-kyuu (TV Size),180,2217776
DECO*27,First Storm -Japanese Version-,190,778657
Azusa Tadokoro,DEAREST DROP,146,605719
Yu-Peng Chen @HOYO-MiX,The Stellar Moments,135,1588624
Daft Punk,One More Time,122.88,1522841
Mili,Summoning 101,186,1487402
HyuN feat. Ms. Valentine,CROSS FATE,190,2351935
t+pazolite feat. Nanahira,Ukakuf Kins,182,1671162
supercell feat. Gazelle,Melt 3M MIX,85,16027
siqlo,One Way Street,150,688453
MIMI,Ai no Sukima,204,2191437
Inori Minase,Yume no Tsubomi,188,503213
Ave Mujica,Symbol IV : Earth,148,2359410
Billain,Specialist (Cut Ver.),173,1538859
sampling masters MEGA,Rotter Tarmination,200,17351
Hanatan,If,208,230050
-45,Kuina,222,2051811
AiRBLUE,Start Line (Cut Ver.),176,1745001
NAKAMA,MENTE MA,130,2426809
Shoji Meguro feat. Lyn,Throw Away Your Mask,188,2162976
miraie & blackwinterwells,facade,169,2055329
EGOIST,Namae no Nai Kaibutsu,180,1958526
Ryu* feat. moimoi,OOO,140,712539
Utsu-P,Baby Deathmatch,272,646368
Roselia,Sanctuary,182,1893645
ILLIT,Cherish (My Love),143,2268395
Cranky,Hanaarashi,170,751771
ZUN,Septette for the Dead Princess,144,348342
96Neko,"Paintings? Oh, yeah.",192,57393
Dua Lipa,Levitating,103,1323527
LiSA,Shouted Serenade (TV Size),192,2165501
Spira Spica,Koi wa Miracle (TV Size),175,2221720
Jaron,Sonder,160,710995
Hatsuki Yura,confession -Mitsuyaku Langage-,132,1835978
Kola Kid,contra88,200,2489537
Chino (CV: Inori Minase),Ashita Genki ni Naare! (Cut Ver.),170,1710155
Umeboshi Chazuke + Chroma,Omoide Note,185,782791
S3RL feat. Mixie Moon,FriendZoned,175,1861827
Inugami Korone,SAIKYO TENSAI WONDERFUL WORLD of KORONE,185,1431435
Baby Alice,Pina Colada Boy (Nightcore Mix),141.25,29243
Hatsune Miku,Senbonzakura (Short Ver.),154,42999
ALiCE'S EMOTiON,Kuro,147,24033
K/DA,"THE BADDEST feat. (G)I-DLE, Bea Miller, Wolftyla",150,1246543
KOAN Sound & Asa,Tetsuo's Redemption,140,788366
Hatsune Miku,Dou Iu Koto Nano!?,175,36198
Hoshimachi Suisei,bye bye rainy,133,1671869
nonoc,Believe in you (TV Size),92,1378030
A-One feat. Shihori,My destiny,157,1886063
Various Artists,NEO,190,2091572
Akane Lize,Asu no Yozora Shoukaihan,185,2326586
Yusuke,V (TV Size),200,971957
ZAQ,Minor Piece (TV Size),146,2118305
"Diskoria, Laleilmanino, Eva Celia",C.H.R.I.S.Y.E.,118,1853565
toby fox,Death by Glamour,148,2036330
Given,Fuyu no Hanashi,135,1401056
AKI AKANE,Hanabira (Irus Brutalcore Breaks Remix),210,332280
GRANRODEO,Memories,190,319429
"Wake Up, May'n!",One In A Billion,187,1459427
JIN feat. LiSA,Headphone Actor,202,986934
Qutabire,Saika Soufuu,207,2185836
Harumaki Gohan feat. Hatsune Miku,Hotaru wa Inakatta,206,1676960
Nanawo Akari,One Room Sugar Life,180,818245
MIMI,Moment,126,2336958
Airi Suzuki,Heart wa Oteage,157,1747913
DECO*27,Android Girl feat. Hatsune Miku,192,966552
Lil'B,Tsunaida Te -TV version-,180,11000
"Lily Baker (CV: Amaki Sally), Aoi Kusakabe (CV: Osanai Reo)",Futari no Start Button (TV Size),181,2408720
back number,Takane no Hanako-san,138.02,1764659
supercell,Kimi no Shiranai Monogatari -TV Edit-,165,342896
Nhato,Miss You,132,155691
Ryu*,Mind Mapping (kors k mix),183,47199
Nightcore,You Got Me Dancing,174.36,15917
rionos,After You Sleep,90.5,2292702
Tia,Deal with the devil,142,659328
Hatsune Miku,Nehanshika,175,30680
Culprate,Relucent feat. ZES,160,847996
Megpoid GUMI,Dark Parade,184,44334
Ryokuoushoku Shakai,Hana ni Natte (TV Size),192,2078340
Trident,Blue Field,135,153853
Nanamori-chu * Goraku-bu,Happy Time wa Owaranai,190,320717
Aimer,closer,90,1013478
nano,Bull's eye,197,356357
MERURU (Tamura Yukari),Meteor*Impact,171,362996
Lily,Lily Lily Burning Night,165,20752
SID,V.I.P (TV Size),185,618552
x0o0x_,/ / // / /,130,1120289
NIGHTMARE,the WORLD (TV Size),190,1786447
Oomori Seiko,JUSTadICE (TV Size),185,950289
Chata,SKIP,138.01,175655
hololive IDOL PROJECT,Hyakka Ryouran Hanafubuki,175,1337343
Zhong Lanzhu (CV: Homoto Akina),Eutopia (TV Size),128,1738818
Alan Walker,The Spectre (Cut Ver.),128,2063378
TWICE,What is Love?,170,762823
Calliope Mori x Gawr Gura x DECO*27,Q,178,1699993
ASH DA HERO,Judgement (TV Size),180,1918519
Toyosaki Aki,Diamond,174,111760
siinamota feat. Kagamine Rin,Q,240,2084482
A.SAKA,Nanatsu Momijiakari,180,1867887
SEPHID,Critical Cannonball (Extended ver.),190,1189616
Enako feat. Pmarusama.,Iden Tei Tei Meltdown,155,1918702
Subplaid,Only time makes your happiness,170,48045
89ers,We own the Night,160,2351738
Kitamura Eri,Be Starters!,168,38566
Eye XY feat. Yoneko,Knight of Firmament,155,2036133
SHK,Flight of the Bumblebee (RST Classic),175,879890
tewiq,popal,122.14,2515013
Mami Kawada,Wings of Courage -Sora o Koete-,160,312601
Thaehan,Angry Birds Epic (Remix),195,2536001
Eipu,Ataman Ita,200,2191803
Saitou Chiwa,staple stable (TV Size),129,106511
Super Chorogons,Maid with Dragons (TV Size),140,1514404
Houshou Marine,Ahoy!! Warera Houshou Kaizokudan*,170,1235807
MIMI,Soshite Yoru to Tomoru,127,2446772
dora,Doradura,120.04,1135418
Katy Perry,Part Of Me (Whippa Hardstyle Remix),170,2178003
Alessia Cara,How Far I'll Go,91,788087
Cyndi Wong,Da Da Da,152,7531
SiM,EXiSTENCE (TV Edit),188,240415
Krewella,Ghost,189.97,1060866
tomatomerde,Brave Shine,175,308945
"Minase Inori, Hanazawa Kana, Iguchi Yuka, Hayami Saori","Koko kara, Koko kara",175,840217
A.SAKA,KAGUTSUCHI,178,2345029
Owl City,Up All Night,91.5,301802
Yuki Setsuna (CV: Kusunoki Tomori),MELODY,230,1416320
UNISON SQUARE GARDEN,Sugar Song to Bitter Step,132,774450
Coconatsu,Himitsu Dial,112,2016616
mitei,Phosphor,214,1508502
Kim Leoni,Emergency (Nightcore Mix),174,45791
Pendulum,Witchcraft,174,69076
Yoshimoto Ojisan feat. Ui,Still Waiting for Your Reply... Ojisan Style Text!,225,2420913
Centimillimental,Kizuato (TV Size),178,1188247
"Volk (CV: Anatoliy Papanov), Zayats (CV: Klara Rumyanova)",Novogodnyaya pesenka (TV Size),149,1995023
After the Rain,Anti-Clockwise,186,857068
SAINt JHN,Roses (Imanbek Remix) (Cut Ver.),122,1158936
GALNERYUS,RAISE MY SWORD,184,889855
Tune Up! vs. ItaloBrothers,Colours of the Rainbow (Nightcore Mix),175,208123
Millennium,Day After Day (Radio Edit),140,117467
dj TAKA,quaver,186,873811
Alakrity,Mighty Morphin Power Rangers,182.1,1758657
DragonForce,Symphony Of The Night,177,469148
Kano,Prima Stella,180,1282660
lapix,Carry Me Away,175,662208
TAG underground,POSSESSION,185,2563907
HyuN,Dance With Nightsky,130,1139370
Shigure Ui,Tetoris,170,2315418
Jessica Jay,Can't Take My Eyes Off You (F.T. And Company Edit) (Nightcore Mix),152.81,2401329
Infinite Stratos Cast,BEAUTIFUL SKY,180,196241
Brookes Brothers feat. Georgie Allen,New Wave,174,961042
Blarsa,Garden Party,128,562907
Yuuki Aoi,PLATINUM (Short Ver.),164,64967
ANNA TSUCHIYA inspi' NANA(BLACK STONES),rose,172,620848
Sound Souler,Empty Stars,180,1240915
MYTH & ROID,STYX HELIX (TV Size),123,1933843
CHiCO with HoneyWorks,Pride Kakumei,185,335534
Megurine Luka,LukaLuka Night Fever,160,11322
Pedro Silva,By Your Side.,88,1712197
sumika,Shunkashuutou,158,1281437
aran,Back 2 Life,128,884508
Bruno Mars,Marry You,145,28061
Goose house,Hikaru nara -TV size-,160,223180
BTS,IDOL,126,837929
uma,Chakra,165,1494300
Marina and the Diamonds,Bubblegum Bitch (Nightcore Mix),192.76,1943000
Aiobahn,Sugiyuku Hi to Kimi e (feat. nayuta),105,1078570
Disturbed,Indestructible,180,22186
Hatsune Miku,Aka Hinoha,94,5506
"Senko (CV: Waki Azumi), Shiro (CV: Uchida Maaya)",Koyoi mofumofu!! (TV Size),206,954691
"The Kid LAROI, Justin Bieber",Stay,170,1530913
Alstroemeria Records feat. ayame,SACRIFICE (Original Mix),180,1161525
Eve,Kaikai Kitan (TV Size),185,1308511
Miley Cyrus,The Best of Both Worlds,126,12180
Aqua Timez,Velonica,274,7993
The Beatles,It Won't Be Long,133,1670652
Metallica,For Whom The Bell Tolls,118,1836797
Camellia,Exit This Earth's Atomosphere (Camellia's ''PLANETARY//200STEP'' Remix),200,855677
HyuN feat. LyuU,Cross Over,200,891337
Camellia,crystallized,174,747778
ChouCho,BLESS YoUr NAME,190,300612
Mrs. GREEN APPLE,Ao to Natsu,185,1216255
CHiCO with HoneyWorks,Kessen Spirit (TV Size),188,1498771
SCANDAL,Shoujo S (TV Size),136.5,12398
"M.A.O, Iida Yuuko, Satou Amina, Ru Thing, Aoki Shiki",Saite Jewel,176,1252357
Goose house,Hikaru nara (TV Size),160,2339687
Nene Kusanagi & NeneRobo x Mikudayo & Kagamine Len & KAITO,Tokugawa Cup Noodle Kinshirei,178,1763088
MIKA,Live Your Life,104,193841
Knife Party & Tom Morello,Battle Sirens (RIOT Remix),174,727908
Aya Hirano,Hare Hare Yukai,172,756067
Kiyoshi Hikawa,Genkai Toppa x Survivor,187.5,673464
TrySail,whiz -TV.Ver-,171,406025
"Hatsune Miku, Megurine Luka",World's End Dancehall,171,16600
TAKU INOUE & Hoshimachi Suisei,3-ji 12-fun,89,1549675
BarlowGirl,Carol of the Bells (Nightstep Mix),71,842355
Takada Masafumi,DANGANRONPA SUPER MIX,128,827635
u's,Snow halation,173,66385
HOYO-MiX,La vaguelette,110,2089249
Mikuriya Wata,"Election Angel, Uh!",140,91285
BTS,FAKE LOVE,77.5,787712
UNDEAD CORPORATION,Bloodthirsty Nightmare Lullaby,180,129202
Fujiwara Chika (CV: Kohara Konomi),Chikatto Chika Chika (TV Size),178,918580
HO-KAGO TEA TIME,Pure Pure Heart (Full Ver.),154,17058
Italy(CV:Namikawa Daisuke),Hetalian*Jet,132,332576
ReoNa,Till the End,178,1179412
Nishino Kana,Love Song,84,740358
Koji Kondo,Dragon Roost Island,168.9,8432
"Akasaki Chinatsu, Tomatsu Haruka, Toyosaki Aki",Wa! Moon! dass! cry! (TV Size),128,1014130
Porcelain Black,Pretty Little Psycho (Nightcore & Cut Ver.),178,2390209
SPYAIR,Sakura Mitsutsuki,179,149144
BlackY,Alpharise,180,2598506
NOMELON NOLEMON,Midnight Reflection,180,2515922
SHIKI,Lapis (Kagetora. remix),146,1510347
Amateras Records,Stray Star feat. nayuta,145,1841748
Kurokotei,Galaxy Collapse,270,1835831
Kagura,"Mare Nectaris (Camellia's ""Ingenii"" Remix)",256,2253779
Ludicin,Blossom of Ashes,280,2469540
Imperial Circus Dead Decadence,Yuuaku no Inori - Anima immortalis est. -,270,2490915
SHINY COLORS,Dye the sky.,108,2315653
P4koo,8th:Planet ~Re:search~,155,1604029
celtix,CosmographY,265,2350250
Supire,Dead Aire,172,2455636
celtix,Baryogenesis,281,2137694
XeoN,Xeus,148,529212
Okabe Keiichi,The Tower (Dear.[NieR Automata] Feryquitous Remix),140,1050417
Frums,Nisemono,150,1122944
In Flames,Take This Life,240,1700983
Hayakore Tatsumi,Destin Victorica (Harddance Mix) (Nightcore Mix),200,1949034
polysha,Evanescent Edge,160,1706967
Chroma,Saraba Senyuu,169,1344144
Camellia vs. Akira Complex,Reality Distortion,200,1992065
Yuuyu,in the Ragnarok,170,2310474
HyuN,Grin,130,1980480
Wolpis Carter,Espiazione,236,2508684
Yuyoyuppe,Kami no Kotoba,110,2127886
Doin,Further,194,780833
Camellia,fastest crash (Camellia's ''paroxysmal'' Energetic Hitech Remix),153,929005
Kagetora.,Time to beat the odds (extended ver.),160,2495274
DJ TECHNORCH,Digital Kecak No.5 (Cut Ver.),171.25,2253780
YOASOBI,UNDEAD,144,2212651
LeaF,Calamity Fortune (extended ver.),200,1711883
Seifuu Meigetsu,Salamandra no Odoriko,127,904136
Nishiki Asumi (CV: Tsumugi Yukino),Kazabana Musume,170,2152117
PSYQUI,Hype feat. Such,172,1229330
Camellia,flying in the flow of deep-sea,166,1497574
Ik4sumi,Prediction,174,2129942
AAAA Chazuke,omn!s,216,1894877
ZYTOKINE,Dancing Dollz feat. cold kiss - REDALiCE Remix,175,2023362
Jane Remover,Dancing with your eyes closed,152,2440232
Yooh,Eternity,200,2421270
The Quick Brown Fox,Big Money,280,84789
Noah,Deadly force - Put an end,300,1683035
Camellia,TremENDouS,250,1835885
jizue,rosso (Live at Kyoto Concert Hall 2019.10.19),141.33,2155034
Cres.,End Time,180,2528476
Ludicin,Bismuth (Cut Ver.),240,2402868
xi,d e a t h  p i a n o ~for four pianos~,170,2378029
Camellia,Looking for Edge of Ground,174,2401578
Ohka,Nanairo Anniversary,220,626852
antiPLUR,Clockwork Spooks,260,943516
Azgaja,Quite Contrary,320,2309618
PSYQUI,Start Up feat. Such,178,861860
Stereoman & Yunomi,Cinderella Baby (feat. Antenna Girl) (KOTONOHOUSE remix),154,2277416
Endorfin.,Horizon Note,167,963959
Yunosuke,Ziqqurat,163,2539338
Culprate & Skorpion,Jester,172,2544108
"SKWT Sound Team ""Aurora""",Celestial Winter Wake (feat. neur6sia),220,2509179
Supire,Forgotten Hate,220,2529640
TBvwv,"The Most Disorderly Utopia, The Most Orderly Dystopia, and You in Between",160,2509182
Camellia,[ns],266,2418209
Camellia,"Diastrophism (""Anamorphism"" Long ver.)",228,2034887
IOSYS,Hirefuse Gumin-domo! - Hime-sama Go-ranshin All Night Hourai Live -,150,2347713
Aquellex,Starflight,255,1752950
Chroma,Daisan Kuuchuu Jikken,167,986990
Yousei Teikoku,Shinteki Souzou,298,2479706
Laur,SEV-26,220,2511082
Juggernaut.,Godslain,130,2295635
[-^v-],gone,180,2460566
ZxNX & Sot-C,1KONOS,220,2134306
Silentroom Remixed by Frums,Angel Echo -L'appel du vide-,180,2062240
Dustvoxx,Deep Dream,190,1673656
Crazy Astronaut,So Damn Tough (feat. VG),175,1368711
Suzuki Konomi,Realize (TV Size),206,1193231
ARForest,Colors,180,1369976
ClariS,Careless (TV Size),185,1555025
Wakeshima Kanon,"world's end, girl's rondo (Speed Up Ver.)",199,220802
Ichigaya Arisa (CV: Itou Ayasa),Su-Suki Nanka Janai!,166,1129183
Sobrem x Silentroom,Random,132,1740952
EastNewSound feat. nayuta,"Nijiiro Kekkai, Gekkyou no Goku",148,894473
Camellia,Hi-technology Droppers,148,885882
Loctek,Summer CarnivaL,200,2305939
BlackY,"Beta (Camellia's ""BlAst-Off"" Remix)",280,2488585
AAAA + Hino Isuka,Keep smiling.,150,2100740
Kyutatsuki,Sea of Stars,256,2483083
kanemiko,Ruin in Cascade,200,2435019
Falcom Sound Team jdk,Azure Destiny,280,2360491
lapix,Labyrinth,175,1125388
Iguchi Yuka,UNLOCK,186,1860670
BlackY feat. Risa Yuzuki,Harutsuge Kochou,202,1237688
Neko Hacker,Erased feat. YuNi,150,1505746
Suzuki Konomi,DAYS of DASH (TV Size),160,129127
Kashii Moimi feat. HARU,Murasakiiro no Himawari,111,2314083
Tsukimi Shizuka x LUNARiUM,Fight Against the Past,206,1998347
HIMEHINA,Hitogata (6TAN BOOTLEG),180,2230145
Purukichi,Luster,160,1566829
Yooh,Shanghai Kouchakan (Orchid Remix 2017 Update ver.),188,672440
Broken By The Scream,Raika Raika,240,2312367
Isekaijoucho,Soshite Shiro ni Kaeru,150,2307200
Camellia,Qyoh (Nine Stars),242,1824429
Camellia feat. Ninomae Ina'nis,Drenched in Air,189,2000595
Hoshimachi Suisei,comet (Cut Ver.),162,1523135
Warmen,Return Of Salieri,286,2170463
Noriko Mitose,Class::EXSPHERE_NOSURGE;,160,2067109
Masayoshi Minoshima feat. nomico,Lost Emotion (Amane UK Hardcore Remix),175,1992172
AVTechNO!xTreow feat. Megurine Luka,DYE/Re:flection+,165,1945122
Halozy,Paranoid Lost (Cut Ver.),176,1923596
lapix,You're Beautiful,150,1031877
AZKi,Fake.Fake.Fake,255,1890581
-45,Sankarea,150,2392143
AAAA,parallel skydive,140,1919576
Trina Lydia,Jika -ST.-,190,2484664
Camellia feat. Nanahira,Touhiron,244,2056102
iKz,Gong Xing Xian Shi Ji,126,2385067
IOSYS TRAX with Chiyoko,DX Choyasei! Survival Zundoko Chan,170,2177636
Camellia,FM Synthesis Experiment,150,1132164
Mitsukiyo,Mikansei Romantic (feat. kotono),122,2246587
yak_won,Sewing Machine,150,350295
Fei Zao Jun,Da Lang Tao Sha,145,1949411
Porter Robinson,Cheerleader,148,2357988
Release Hallucination,VANITAS,222,2104931
Xyris,Reikoku Assassins,220,2287693
Mitsukiyo,Dream Leaf,155,2255912
Camellia,BRACE FOR FRICKING IMPACT,150,2119168
"25-ji, Nightcord de. x Hatsune Miku",Keitai Renwa,150,1884607
Wolpis Carter,Oxalis,252,2386206
Injury Reserve,Superman That,147,2291202
Tokyo Jihen,Killer-Tune,122.75,2152230
Ludicin,Clinozoisite,175,2120625
KikuoHana,Desert Theater,240,2534342
marasy feat. Hatsune Miku,SnowMix,185,2286558
Yunosuke,Cosmic Pulse,155,2316415
[LS]Gavin,A Pale Blue Dot,172,2562401
Reine,Ren Jian Wan Duo Hong,130,2280687
Aoi,Welkius,210,2523443
ikaruga_nex,BLAZES ASSAULT,173,2498336
NAKAMA,DIA DELICIA,130,2426812
ReeK,Padoru Fucking Dies In A Multigenre Death Loop,300,2050218
KikuoHana,Desert Theater,240,2158889
RD-Sounds feat. Meramipop,On Seeking U,145,2400881
Saitama Saisyu Heiki,Surface Tension,264,2435344
yonige,Mebuku Toki,150,2543656
AAAA + Hino Isuka,Keep smiling.,150,2576176
underscores,Old money bitch,140,2393803
gingus,2008,212,2249088
Camellia,dreamless wanderer,174,1580929
Sobrem & NIWASHI,A fight in Tunisia,148,2234592
Dragon Guardian,Tsuioku no Kuroki Makenshi,190,2520598
halca,Kokuhaku Bungee Jump (TV Size),185,2072789
YuNi,Toumei Seisai,140,1175057
Shade,Rebirth the edge,208,2284801
technoplanet,Fly Like You [Long Version],286,1086888
Junk,Life is Journey,128,2112934
Camellia,"{albus} (""Silver"" Long ver.)",198,941314
kanemiko & Kyutatsuki & Aoi,Fractal Vertex,226,2433249
Falcom Sound Team jdk,The Azure Arbitrator,274,2089068
pan,Pastel Sprinkles,134,2155333
Natsukawa Aika (CV: Suzumoto Akiho),#Yume wa Mijikashi Koiseyo Otome,136,2205553
Asunojokei,Chimera,152,1959243
"Hirano Aya, Chihara Minori, Gotou Yuuko",Hare Hare Yukai (TV Size),172,2294445
CHiCO with HoneyWorks,Himitsu Koigokoro (TV Size),165,2174488
Suzuki Konomi,Reweave (TV Size),183,2270228
fleurishana,Ano Yume o Nazotte,180,2150807
mafumafu,Sacrifice,192,1001514
Camellia feat. Nanahira,I don't care about Christmas though,136,1867859
seatrus,EXXTRA JUDGEMENT,200,1963534
T-SQUARE SUPER BAND SPECIAL,JAPANESE SOUL BROTHERS (Cut & Live Ver.),142.63,1683567
Chroma,Daisan Kuuchuu Jikken,167,2019818
Rohi,Kanata ni Mau wa Sakura no Senritsu,200,1175640
Hoshimachi Suisei,"Tenkyuu, Suisei wa Yoru o Mataide",134,1193099
Yorushika,Bakudanma,180,1130014
FantasticYouth,No title,200,1009447
"Pile, Mimori Suzuko, Nanjo Yoshino",soldier game,132,212091
rejection,Signal feat. Such,175,1241769
BiBi,Diamond Princess no Yuuutsu,127,355070
miyashita yuu,p.h.,132,1248032
Utada Hikaru,Beautiful World,115,669465
fripSide,eternal reality (TV Size),145,1185794
MY FIRST STORY,2 FACE,205,1260801
Ayane,Endless Tears...,192,201476
cYsmix,Breeze,140,632221
MuryokuP,Frozen World,140,94504
Sound piercer feat. DAZBEE,Hanatachi ni Kibou o,187,1789857
Helblinde,A Reyvateil's Curse,200,2325340
A-One,Side by Side,165,2466136
Colorful Sounds Port,CHERRY DOLL,137,1850429
BrayanKitsn vs. burger ate pizza,plana stella achernar,190,2119559
sath4,<3#006 w/yax03,140,2150831
technoplanet,Vomit,180,2144122
Ardolf,Eternally Onward,200,1929932
ELFENSJoN,Hoshikuzu no Rinne,221,2176601
nui,Milk Crown on Sonechka,254.91,2207002
Falcom Sound Team jdk,Desert After Tears,244,1606261
Walkuere,Ikenai Borderline (Sped Up Ver.),193.2,1840222
siromaru,Imperial Prime Aggression,180,2089498
Psylla,Rush (Cut Ver.),170,2081242
Massive New Krew & RoughSketch,Extreme Ongaku School feat. Nanahira,210,2108331
Crystal Castles,Vietnam,121.98,1937519
"Natsume (CV: Suwa Ayaka), Ren (CV: Kubota Risa)",Natsu Saki Koi Hanabi (TV Size),180,2254567
miroir,O-Ku-Ri-Mo-No Sunday! (Mtell Hardcore Bootleg),170,1914323
Kou! & Samesuki*,parrying a rapid-fire combo (it's very hard i have to time it perfectly),222,1961042
fripSide,late in autumn,130,1830404
Will Stetson,Live in Life,128,2372473
Lorna Shore,To the Hellfire,260,1991993
Kabocha feat. Aitsuki Nakuru,Lilith,270,2255653
blobdash & breakchild,EPiSODES,226,2233010
Dustvoxx,Deep Dream,190,2415363
Harada Natsuki feat. Suzuki Mariko,Snow Parade,109,2108862
Shawn Wasabi,HOTTO DOGU (live original),200,2445136
Namitape feat. Kaai Yuki,Mirareru Mirror,157.7,1823196
t+pazolite,You are the Miserable (Uncut Edition),163,1021536
Nstryder,A Miserable Pile Of Secrets (The Impaler II),300,1876986
Hakushi Hasegawa,Desert,186,2475778
mitssi feat. SeeU,Anata,190,520890
TAK,DKBK feat. Tenko Shibuki,162,2361526
Ayase Rie,Yuima-ru*World TVver.,180,459149
Camellia,flower of wilderness,220,1131426
Camellia,"Exit This Earth's Atomosphere (Camellia's ""PLANETARY//200STEP"" Remix)",200,907789
Falcom Sound Team jdk,GENS D'ARMES,264,2013874
Kraken,Do it!! Do it!!,300,2090965
Down,Kizan,178,2198998
Mrs. GREEN APPLE,lulu. (TV Size),175,2498083
BeautifulDay,Christmas Memories,170,241103
Red Velvet,Feel My Rhythm,158,1724966
Haniwa,Gunshuu o Shinogu ni wa Amarini mo Kaketeiru. Keredo Watashitachi wa...,130,2165555
Falcom Sound Team jdk,Spiral of Erebos,224,1606251
Yooh,RPG,190,2445853
Camellia,Looking for Edge of Ground,174,1823805
Mischievous*Straight,To the Shining MiLie,160,1825244
3R2,Theme of Rabi-Ribi,175,413748
DJ Mashiro,Prismatic Lollipops,202,317255
Iguchi Yuka,Grow Slowly (TV Size),165,137586
UNDEAD CORPORATION,Setsugetsu Ouka no Kuni,110,803902
tatatat,e,70,844183
Euchaeta,Carnival Meme,115,1887754
Reizoko Cj,Reizoko Saga,270,2473516
cygnus,Asylum Seeker,138,2486976
Mr. Asyu,Haunted Dance,192,2391704
Wanashi vs. Amuro,Tsugaru Setsu long ver. feat. Iwasaki Aiko,160,2001213
DIVELA feat. Hatsune Miku,DARK ROM SYNCER,180,2009238
Osaka Shizuku (CV: Maeda Kaori),Solitude Rain (TV Size),158,1938343
Nanahoshi Kangengakudan feat. Hatsune Miku,No.39,282,2215436
Nanamori-chu * Goraku-bu,Happy Time wa Owaranai (Cut Ver.),190,1440947
SmilyBruh,"""AKAGE"" (feat. Hatsune Miku)",195,2345539
Fox Stevenson,Comeback (Extended Mix),112,1788815
A-One feat. Rute,Spider's Blood,164,2037983
betcover!!,Bosen,164.2,2387241
Boney M.,Rasputin,125,2578823
Look Vibrant,Sweater In The Lake,155,2498671
Kolaa x Mestie,Digibuprofen,135,1941403
GYZE,NANOHANA,184,1392782
sweet ARMS,I swear (TV Size),167.97,2185362
kessoku band,"Korogaru Iwa, Kimi ni Asa ga Furu",149,2016998
Rish feat. Choko,Waaa,200,1867776
Midnight Grand Orchestra,Moonlightspeed,176,2017044
Feryquitous,Friction[!]Function,150,2186066
Camellia,Kamah (Scythe),128,1314013
underscores,Do It,124,2536062
Hell Orbs,Ass Replacer (Extended Mix),131,1537077
Culprate,Finger VIP,100,508572
ELFENSJoN,LUNATIC MIRAGE,211,2405562
Spiegel vs. Ice,Rapsodie fer za Cactuses (*'v'*),165,2466933
Kikuo,Neko no Shokutaku,162,2322411
Wolpis Carter,Oxalis,252,1428477
TK from Ling tosite sigure,Tagatame,138,2203071
kz feat. Kaguya (CV: Yuko Natsuyoshi),Reply,170,2500422
Kikuo,Mitsukannai mitsukannai,128,2178068
ILLIT,jellyous,162,2442615
Kikuo,Aishite Aishite Aishite,230,2230743
ReoNa,Shall we Dance?,117,1899965
Chinozo x MABODOFU,Shirogane,188,1917315
adaptor,LAISSEZ : FAIRE,200,849389
Gumi,Catch You Catch Me (TV Size),128,2532803
yak_won,Core,200,1912862
-45,G e n g a o z o,153,2408551
Ray,Kimi to Ita Sora,161,2204942
nonoc,Memento (TV Size),125,1230306
ClariS,CLICK (TV Size),135,1938125
Oso Oso,reindeer games,122,1905818
Ne Obliviscaris,Painters of the Tempest (Part II): Triptych Lux,215,2054063
Akiri,Beyond Wood,171,2134266
Camellia,"overcomplexification (""Quaternion"" Long ver.)",190,1088813
seatrus,DiSANiMATE,222,2160180
KOAN Sound,Chronos (Cut Ver.),200,1667473
Billain & Vorso,Transhumanist,174,2489203
Nekoashi Tsubomi (CV: Serizawa Yu),Namae no Nai Kaibutsu (Game Ver.),180,2529073
Tatsuya Kitani,"Your Gaze, Crepuscular (TV Size)",144,2405108
"Fujiyori, EONI",Dream of Us (feat. Okayu),134,2527897
Annabel,lilac slumber -cosmic ver.-,168,1629018
Mameyudoufu,Quality Control,175,1609035
Asaka,SHINY DAYS (TV Size),110,869321
coda,tires on fire,159.15,1805139
Block B,HER,162,1930751
t+pazolite feat. Nanahira,Otsukimi PARTY HARD,180,2443256
DJ SHARPNEL,Marunouchi survivor,200.4,1695972
Fvrwvrd,Speedcore Sonata,350,2285533
Takayan,I hate happy people,196,1863888
Sound Souler,Diminitive,136,2053466
Chroma,Made In Love (Game Ver.),88,2457951
Zektbach,meme,155,68617
Nekomata Master vs. HuMeR,BUZRA,165,746380
Scott Simons,Livin a Double Life,147,298219
King Crimson,21st Century Schizoid Man,74.15,1989119
"Black Country, New Road",Basketball Shoes,81.2,2285711
Chroma,Higher Than the Sky,200,2168474
JOYLESS,PRESS START,218,2501801
Silentroom,Angel Echo,190,1820635
Siren (CV: Liyuu),Polaris,174,1128780
Make Them Suffer,Ghost Of Me,140,2419712
Kurokotei * eili,Gi -lirile-,175,2276863
Kry.exe feat. Ice,Last Wish,240,2294836
Current Value,Rethink (Billain Remix),174,2349355
Camellia ChouKisouGengakutai,Subete ga Maboroshi ni Natta Ato de,79,1845223
Interestingcn/A-SOUL,Chu Xi,139,2235144
Luna Fozer,Overjoy * OVERDOSE!!,143,2416723
SiLiS,GAME MAKE OVER,145,2123356
Camellia,"Exit This Earth's Atomosphere (Camellia's ""PLANETARY//200STEP"" Remix)",200,1735796
yax03,down,172,2214269
FLOW,COLORS,136,2412216
BNK48,Koisuru Fortune Cookie (ZekaiDot Remix),150,1683625
PSYQUI,Hype feat. Such,172,988178
mustie=DC,Merry Snowy Fantasy feat. Hanon,168,1627998
Yoko Shimomura,Cackletta Soul Battle,125.3,2789
technoplanet,Fly Like You [Long Version],286,1926071
Camellia,Break The Silence,220,2051831
Tsukimi Yachiyo (CV: Saori Hayami),Lonely Universe,100,2468895
Halv vs. kuro,Evreka,200,2028213
"ChiliChill feat. Hua Ling, Miao*Jiang, Yan Ning ccccc, kinsen",Let the Wind Tell You (Cut Ver.),120,1502690
Ling Yuan yousa,Gou Zhi Qi Shi,85,1135268
O Hu w,Guo Feng Ji Ni Tai Mei (O Hu w remix),126,1885207
Yanagi Mami,Hikari Hanate! (Short Ver.),174,1246436
Shinomiya Ginka (CV: Hasegawa Ikumi),Star Trail,90,2060949
Kikuo,Searching for your love,145,1493843
HOYO-MiX,A Glorious Awakening,134,1800866
t+pazolite,Beatboxer VS Trackmaker feat. KAJI & Kohey,190,2192470
Ayane,Arrival of Tears,200,329447
orangentle / Yu_Asahina,HAELEQUINZ -the clown of 24stairs-,172,2524350
E0ri4,L0V3 4RR0W 5H007,172,1725779
yuki.,Nadeshiko Sensation,200,1375449
Ludicin,Clinozoisite,175,2489911
Yu-Peng Chen @HOYO-MiX,Qilin's Prance,154,1367654
Super Chorogons,Maid with Dragons <3 (TV Size),140,1989560
Magnetude,I'm For You,174,1537107
KARUT,Oxygen Destroyer,175,2180882
"Yumiella Dolkness (CV: Fairuz Ai), Eleanora Hillrose (CV: Hidaka Rina)",Suki ga Levechi (TV Size),160,2123381
BlackYooh vs. siromaru,BLACK or WHITE?,185,1193846
Camellia,paroxysm,132,463583
Tino & Cha Shao Jun feat. Orihara Ruru/Mashiro Kanon/Hiiro/Ling Yuan Yousa,Chun Ri You,140,2320755
Horie Yui,PRESENTER (TV Size),151,316230
32ki feat. Hatsune Miku & Kasane Teto,Mesmerizer,185,2274208
KASAI HARCORES,CYCLE HIT,175,1322678
Kolaa & Kumako,Ichirin,145,2130743
Joff Bush,Lollipop Yum Yum Yum,190,2117308
cillia,FIRST,190,512408
Hiiragi Magnetite,Blade,147,2416607
Stariah,Galaxy feat. Moon Jelly,124,2550171
AAAA,parallel skydive,140,2499942
Gram vs. DJ Genki,XIchedelic Nova Trinity,165,2334475
linear ring,lalabai call me,208.5,1343787
Queens Of The Stone Age,Song For The Dead,212,2453500
BULANOVA,NE PLACH',112.68,2214329
Manticora,Humiliation Supreme,189.99,2364885
julie,kit,153,2232150
Grimes,We Appreciate Power (feat. HANA),108,1046589
Jane Remover,kodak moment,183,2462093
Ariabl'eyeS,Senkou no Flare,215,2234576
technoplanet,Megastructure [Extended Mix],160,2135401
Annabel,wormhole,180,2398759
Ludicin,Zoisite,220,2537599
Mili,Ga1ahad and Scientific Witchery,166,2180088
Sakura Miko,Kyun Kyun MIKO Kyun kyun <3,180,2160080
Kobo Kanaeru,Everything Goes On,157,2087530
Meramipop x nayuta,Sakura Drive,173,1601762
Not Nearly,Happy Birthday,160,1795028
Camellia,Zhuzhzhalka76,176,1931038
ReeK,Kuchisake,155,2203245
Hundotte,Chronologika,180,2346082
Polyphia,ABC (feat. Sophia Black),140,2273948
Frums,Credits,179,996443
beatMARIO,Night of Knights,180,15920
Tsunku,Ping-Pong,182,5696
Kurenainagi Tabibito,Beloved Tomboyish Girl,140,21678
Jin,Children Record,210,55775
Demetori,Satori Maiden ~ Innumerable Eyes,190,32574
IOSYS feat. 3L,Miracle-Hinacle,160,17154
Dormir,Sayonara Trip,133,106740
kors k,Flip Flap,175,96796
Ryu*,I'm so Happy,181.02,50949
Nanamori Chu * Goraku Bu,Yuriyurarararayuruyuri Daijiken (TV Size),175,32738
Jin,Ayano no Koufuku Riron,86,94351
Alex Vourtsanis,Sunset,180,2043241
Shinichi Kobayashi,Sairai,95,2178089
Culprate & Joe Ford,Gaucho,172,2569825
you,Wake Up,175,2193006
Hanasaka Yui(CV: M.A.O),Harumachi Clover,142,649373
Alex C. feat. Yasmin K.,Angel Of Darkness (Nightcore Mix),175,16489
Camellia feat. Nanahira,PAPAYAPA BASS,147,2287668
DJ Encore feat. Engelina,Open Your Eyes,140,1614162
lapix,Inner Spirit (Extended),146,1739590
Kaf,Kako o Kurau,187,1525052
Helblinde,The Solace of Oblivion,195,2502887
Mitsukiyo,Dream Leaf,155,2531080
rejection,Take Me Away (feat. mami),150,2366018
Ik4sumi,Scamper,128,2416350
siraph,Bourei,150,2419237
Suzuki Konomi,Reweave,183,2285483
Sanshuu Chuugaku Yuusha-bu,Ashita no Hanatachi (TV Size),178,2560261
Akiyama Uni,Kaoru Juyouka,138,397764
Sephra's Paradox,Vector Field,190,1964319
Dareharu,Flowering,148,1722578
Camellia,Danger Drug,146,1435861
Camellia,Newspapers for Magicians,150,929143
cYsmix,Behind the Walls,128,791798
Camellia,Labyrinth in Kowloon: Walled World,190,1614473
Ariabl'eyeS,Keikan no Senritsu,150,2021898
adamyes,Just Disappear,160,2471644
Nor,ARES,170,1511008
FELT,In my room,165,537499
Jay Chou,Mojito,115,1783418
SECONDWALL,Shizuka na Yoru ni,180,2304762
Himeko Katagiri,neko nipples,175,1556811
Zeno feat. Stardust Infinity,Doll's Dream,126,1865161
toe,Sonny Boy Rhapsody,120,2020261
Camellia feat. Nana Takahashi,Mushi no Sumu Tokoro -Ugomeki wa nao fukamaru-,161.51,2290609
Camellia,Ethnik Khemikal Teknologi,150,678415
AAAA,parallel skydive,140,2165832
Camellia vs. lapix,Hypnotize,160,1111754
nanawoakari,Ren'ai Nou (TV Size),156,1810890
ChouCho,starlog (TV Size),168,2521712
Suzuki Konomi,ALKATALE (TV Size),144,2335052
James Landino,Shiba Paradise,220,1972411
"Aimi, Sakura Ayane, Maeshima Ami, Aiba Aina, Itou Miku",TWiNKLE CiRCLE,192,2026897
steampianist,The Undertakers Daughter instrumental,185,434087
Mage,The Words I Never Said in D&B,172,1637697
toby fox,Uwa!! So Holiday,70,1585710
Hatsuki Yura,Silver Blanchette,151,1877583
Camellia,This Future (we didn't expect),180,2421444
kors k vs. Nekomata Master+,Chain of Pain,153,1896592
Aspect & Viznode,Astral Grove (Viznode Remix) [Aspect 2023 Live Edit],155,2304854
Xyris,Hiraeth,200,2398641
Adolescent's Orquesta,Virgen,181.38,2389364
Ling Yuan yousa,Shen De Sui Bo Zhu Liu,135,1897970
saradisk,220 - Kumano,200,724477
xi,PEACE BREAKER (Cut Ver.),160,1842152
Kairiki bear feat. flower,Venom (Cut Ver.),152,1984831
The Tender Box,Spectacular Spider-Man Theme (TV Size),145,1915743
Nakamura Meiko,reverb,158,217249
Akiri,Anata ga Satta Shunkan,190,1974310
Mili,Vitamins feat. world's end girlfriend,191,1542320
Mitsukiyo,Hifumi Daisuki,163,2074062
Camellia feat. Nanahira,"Yaminabe <Darkness Inferno> Kourin ~ni yo, waga tamashii~",210,1936023
Kou!,sub/zerO,162,2210057
GYARI,Akari ga Yattekita zo (android52 Edit),128,1955600
Frums,Absolute Zero,160,2158890
Aiobahn,Islands,128,1762835
Frums,variadicgleam,95,2054068
Renard,Rainbow Dash Likes Girls (Stay Gay Pony Girl),220,57255
ClariS,Andante (TV Size),111,2163435
Marika,Soul Release short ver,188,186465
KOAN Sound & Asa,Tetsuo's Redemption (Billain Remix),172,1112714
Sui Generis,"Un Hada, un Cisne",166,2298254
DOT96,MAKE IT FUNKY NOW,146,2085685
technoplanet,Fly Like You,286,1107384
Yu-dachi,Shirohana no Tenshi,200,2038105
Makari,Mend,160,1335568
MiddleIsland,Delrio,270,1251408
iconoclasm,perditus paradisus,172,1302861
xi feat. Sta,Tiferet,280,1790685
Camellia,Towards The Horizon,154.4,961186
Sad Keyboard Guy & Gardens,NekovhParavh,160,1882345
Feryquitous,Ai Drew,175,2200770
sky_delta,Cryonix,184,486599
yax03,17 yo silly EDM artist from Japan vs. the World,200,2282279
TOOBOE,First love,140,2373896
Kou!,TERABYTE,210,2412599
Spacelectro,EAT!EAT!EAT! feat. Momokami (PSYQUI Remix),180,1994471
Mon Laferte,Tu Falta De Querer,129.21,2481465
toe feat. Toki Asako,Goodbye (Album Version) (Cut Ver.),137,1759634
Camellia,MEGANTO METEOR,185,1928724
NACHERRY,Honey Lemon (TV Size),182,2383821
Neko Hacker,Setsuna no Chikai (feat. Tsukasa Yuzaki (CV: Kito Akari)) (TV Size),162,1972414
trung-nova,Roars of V.E.N.G.E.A.N.C.E -Take Back Everything-,236,2190556
Ayatsuno Yuni,How to be mine,92,2037054
OxT,HOLLOW HUNGER (TV Size),160,2162283
MIMI,Ima wa ii n da yo. feat. KAFU,85,2096772
Kotoha,Yuki wa Naniiro,179,2045417
ZUN,Kagayaku Hari no Kobitozoku ~ Little Princess,164,1494893
XX:me,Darling (TV Size),173,1268240
Bond,Wintersun (Bobby D'Ambrosio Mix),144,95635
Camellia feat. Nanahira,Bassdrop Freaks (Long Ver.),179,635897
P*Light feat. mow*2,OVERDRIVERS,177,196172
Antique Seraphim,Tomodachi OneStep,143,2306032
Camellia feat. Nanahira,Animal Land,150,2399045
Imperial Circus Dead Decadence,"Fusyoku ressentiment, fushiyoku no sarugakuza.",210,2385029
Marmalade butcher,Floccinaucinihilipilification,200,2359102
siraph,Jikan wa Tsugu,135,2431448
sath4,<3#006 w/yax03,140,2141771
Camellia,(The) Red * Room,136,1715552
BLU-SWING,Sum,122,2402266
Pent Up Pup,FURFAG,130,2362095
PSYQUI,Don't you want me feat. Such,152,1085375
HOYO-MiX,Blossoms of Summer Night,145,1742496
Camellia,"chrono diver -fragment- (Camellia's ""crossroads of chrono"" remix)",191,1623366
solfa feat. Chata,Miracle infinity,180,2070063
Protolizard & ColBreakz,Nevermind,155,2072833
XXX,Ganju Gok,136,1275200
RIOT,Back To Back,150,2355208
SDMNE,Beyond The Aexis,240,2025310
Centimillimental,I don't need a Christmas song,70,2465808
Unknown Artist,Spelunker,151,2476525
HYUKOH,TOMBOY,148,1679665
Sayuri,Hana no Tou,170,2310487
Terminal 11,Bullets Over Brainwaves,117.04,1959509
Mitsukiyo,Constant Moderato,112,1585962
Morimori Atsushi vs. uma,Sweet* Witch* Girl*,180,1401516
Akira Complex,"rift.exe (Camellia's ""De-compiling"" Remix)",210,1557713
Endorfin.,Fatalism,154,989858
CHiCO with HoneyWorks,Otome-domo yo. (TV Size),172,998403
Parannoul,Gold River,210,2193107
Hua Jiu/Ruo Yi Zhi Bai,Guo Guan,96,2212354
Camellia,"Dyscontrolled Galaxy (""Apoptosis"" Long ver.)",161,1738595
Camellia,Tentaclar Aliens' Epic Extraterretterrestrial Jungle Dance Party...,160,1557981
Masayoshi Takanaka,BLUE LAGOON,133.23,1432082
Sataka Ryohei feat. Aitsuki Nakuru,Killer neuron,190,2046321
Sad Keyboard Guy & Gardens,NekovhParavh (Trance Edit),138,1904397
HHHxMMxST,Oboro,149,1825325
Candle,Dust Powered Sniper Rifle,171,2129710
CY8ER,Kakushe-mu,230,2190885
A Lot Like Birds,Truly Random Code,142,2383229
Normal1zer vs. Broken Nerdz,Cybernetic Mastermind No.7,235,2432691
Flo Rida,Low (feat. T-Pain),128,2214345
Kyozou,!,135,2266064
TheFatRat,MAYDAY (feat. Laura Brehm),150,1738170
penoreri,Vacant Rhapsody,144,2573847
Chroma,lost found melody,151,2555412
yax03,stresstest,180,2295373
allnight flipers,allnight flipers on midsummer,128,2494950
lunari.io & Shiroi-Ice,Imagination,150,2276850
Silentroom Remixed by Frums,Angel Echo -L'appel du vide-,180,2232770
Pirendora,Pyroclastic Flow,162,2578594
rusino,Looping the Rooms feat. Hatsune Miku,162,2601060
Stereo Cube,Know About (Cut Ver.),153,2455211
Senju Koyomi (CV: Toribe Mariko),Kokoro to Iu Na no Fukakai (Game Ver.),152,2481996
ClariS,Ai Wo Utae (Cut Ver.),180,2158268
La priere,Evo,174,2158418
linear ring,enchanted love,190,1734862
Chimame-tai,Tokimeki Poporon (TV Size),170,2560847
MIMI,Floremie,108,2578511
Knife,Story,157,2225653
Yu-Peng Chen @HOYO-MiX,Swirls of the Stream,162,1878322
X JAPAN,Kurenai,84,2101873
KUN,Jasmine,160,2589624
KOAN Sound,Vibrant,150,2181186
lapix,Flying Castle (Extended Mix),174,2234596
Ariabl'eyeS,Romanesque Romancia,240,2428522
YOASOBI,Idol (TV Size),166,1985404
Kawada Mami,No buts! (TV Size),183,2037027
Kyary Pamyu Pamyu,HARAJUKU IYAHOI,128,2017489
Laura Shigihara,Brainiac Maniac,120,58131
STARTails*,ne! ne! ne! (TV Size),170,792380
in love with a ghost,introduction,109,1887926
Laur,Koto no Ha,174,2204705
Reizoko Cj,Christmas in Japan (Cut Ver.),270,2456332
EVERGLOW,DUN DUN,103,1217089
Yorushika,The Old Man and the Sea,130,2380469
Tennoji Rina (CV: Tanaka Chiemi),Tsunagaru Connect (TV Size),175,2188134
Kucchy vs Akky,Yakumo ~ JOINT STRUGGLE,187,12909
Xyris,Dystopian Exodus of the Magical Girls,260,2188075
Xelia,Illumiscape,187,43960
Yooh,Eternity,200,2462029
Uru,Ambivalent (TV Size),130,2311931
Sasaki Kissa (feat. NIGEMIZU AMU),PUNCH PUNCH FOREVER! (TV Size),210,2286978
Remo Prototype (CV: Hanamori Yumiri),Sendan Life (Cut Ver.),227,2226197
KOTOKO,unfinished (TV Size),146,50032
KOTOKO,Shooting Star (TV Size),125,1781152
Kugimiya Rie,Kiss Shite Agenai (TV Size),176,43197
w_tre respect for AT&HU,Schur's Theorem,185,258553
Camellia,d:for the DELTA,174,2477885
lapix,Day by day (PSYQUI Remix),170,1622715
Gavin G,Refresh,170,266129
Feint,Words (feat. Laura Brehm),175,1057350
Chase & Status feat. Plan B,End Credits,175,1462698
Feint,One Last Time,175,219941
toby fox,Bonetrousle,150,1916289
Feint,Tower Of Heaven (You Are Slaves) (Cut Ver.),175,1991315
C418,Droopy likes ricochet,94.67,41545
Feint,We Won't Be Alone (feat. Laura Brehm),175,357539
Doxx & Feint,The Pink Fields,178,329290
Feint,Vagrant (feat. Veela),175,354792
Feint,Words (feat. Laura Brehm),175,2243118
ChouCho,Kawaru Mirai,167,2357503
Yonezu Kenshi,Lemon,87,861466
Feint & Laura Brehm,Solace (Cut Ver.),174,1330028
Wowkie Zhang,Yang Guang Cai Hong Xiao Bai Ma,96,1236694
ePiaeon,FLOP ERA,163,2530621
BaishaJAWS,The Eye (TV Size),110,2297481
Cafune,Tek It,147,2245243
Feint,Starseed (feat. Leah Rye),174,1868339
Gawr Gura,Kyoufuu All Back,135,2143550
HOYO-MiX feat. Robin (VO: Chevy),Hope Is the Thing With Feathers,128,2178908
Yu-Peng Chen @HOYO-MiX,Moonlike Smile,89,1552230
Feint,Time Bomb (feat. Veela & Boyinaband),175,98842
Camellia,Racemization,202,347765
Feint,Face Down,175,240329
Alan Walker,Alone,97.3,637917
Mochizuki Honami (CV: Ueda Reina),Umiyuri Kaiteitan (Game Ver.),240,2189267
Qrispy Joybox feat.Sana,Twinkle Wonderland,188,587904
luvlxckdown,tbh i dont like being social,171.55,2555143
ClariS,Alethea (TV Size),164,1618992
Nhato,Gekka,132,1106691
Mu (CV: Arisa Kori),After Pain,137,2054035
"Chito (CV: Inori Minase), Yuuri (CV: Kubo Yurika)",More One Night (Assertive Hardcore Bootleg) [long ver.],170,1964272
Halozy,Don't let you down,135,1914522
ELISA,Dear My Friend -Mada Minu Mirai e-,129,157296
Chroma,good morning my dearest robot,140,2059915
Noisestorm,Crab Rave,125,2523458
Osanzi feat. Aitsuki Nakuru,Domination,175,2058036
rejection,Around You (osu! edit),155,2350858
Sakuzyo,Amenohoakari,155,1775334
seatrus,Soul Memory,178,2226603
Juggernaut.,Catastrophe,180,2085392
Chroma,Ryuuseigun ni Aeta Natsu,181,2089518
Feuerschwanz,Seemannsliebe,125,2224358
Camellia,Abyss of Frobenioid,190,2270676
Moe Shop,Lovesick (w/ maisou),120,2250850
Camellia,We Magicians Still Alive in 2021,155,1517582
Unlucky Morpheus,Angreifer,220,1705982
Kurokumo,Marunouchi Sadistic,196,1663604
Nanamori-chu * Goraku-bu,100% Chu~Gakusei (TV Size),210,989247
(K)NoW_NAME,crepuscular rays,180,484027
Yun*chi,Your song* (TV Size),130,143243
James Landino,Aresene's Bazaar,155,1972310
tokiwa,Cortado,175,1764088
Silvia,Vertex Beta,200.08,2289479
Rem (CV: Minase Inori),Wishing,75,2313304
LE SSERAFIM,No Celestial,138,1904507
Ari Pulkkinen,Angry Birds Original Main Theme,120,2302999
Kagetora.,Time to beat the odds,160,2107939
Fleshgod Apocalypse,Fury,230,1665436
Deftones,Knife Party (Final Sketch Remix),229.1,2332834
Cansol,Train of Thought,180,2228034
Camellia,"LET'S JUMP (Camellia's ""diffractive"" Hardcore Remix)",180,851107
MYUKKE.,JACK PT BOSS,170,2283120
"AISHA, Epsilon Zero",Love the Subhuman Self,138,1941147
96-glass,I'm kidding (Cut Ver.),150,2111429
Kabocha feat. Aitsuki Nakuru,Lilith,270,1830071
The Flashbulb,Kirlian Shores,210,1795703
Kommisar,Chipstream,151.41,104784
KOTOKO,Loop-the-loop (TV Size),153,19220
Lon,Mischievous Function,150,27441
Yakushi Ruri,"Gaman Dekinai no, Iwasete!!",185,2010972
Ruby My Dear,Croque Monsieur A Disneyland,220,1272922
Kazumi Totaka,Wii Shop Channel Theme,148,1683184
Drop,Granat,180.96,281349
Camellia,AMBERGRIS,160.5,1943126
Aitsuki Nakuru,Ai no Zanshi,174,2538320
Native Construct,Come Hell or High Water,150,1055375
Kendo Kaponi,Sacamostro Prod. By DJ Kelvin El Sacamostro,192,2221034
breakchild,nachmancore,230,1818002
James Portland,Sky,147,789528
Cranky,Crocus,163,847764
The Flashbulb,Passage D,180,966225
JAKAZiD,Party Starter,170,1824210
splitter,NERF THIS!,130,2303845
Sound piercer feat. DAZBEE,Hanatachi ni Kibou o (2020 Remaster),187,2536669
Hitomi Sato,Bianca's Theme,107,1042862
Momohara Natsuki (CV: Murakawa Rie),Aozora ni Kamihikouki (TV Size),145,1983969
Akase Akari,Koi no Yukue (TV Size),140,1703436
PANDORA feat. Beverly,Be The One (TV Size),136,1012608
Qrispy Joybox,licca,196,1632581
Memme,Erebus,160,1739969
Parannoul,Beautiful World,160,1618286
Koito Yuu (CV: Takada Yuuki) & Nanami Touko (CV: Kotobuki Minako),hectopascal (Noc.V Bootleg),175,1213593
IVE,Accendio,140,2183286
sakuzyo,Neurotoxin,180,198380
BilliumMoto,"Evening (Bereave, Blood, Black)",198,2047794
MIMI,Mizuoto to Curtain,186,2114716
ReoNa,Seimeisen,170,1397914
Camellia,Flamewall,300,1380007
Remixed by DJ Command,KISS KISS KISS Akiba Koubou MIX,160,284973
DJ Mashiro,Prismatic Lollipops,202,2185227
r-906 feat. Hatsune Miku,Psi,174,2412636
HowToPlayLN,remembrance; image of him before departure,180,2042525
Plum,Terrasphere,160,1703216
Raphlesia & BilliumMoto,My Love,175,1987199
seatrus,EXXTRA JUDGEMENT,200,2089449
Minato Aqua,For The Win (2022 ver.),160,1694365
DJ Mass MAD Izm* feat. H14 (LEONAIR),Don't believe the hype,210,1747779
Heaven Pierce Her,"The Death of God's Will (incl. ""Horns of Insurrection"")",159.99,1887638
Sephid,Epistrofi,185,2211531
Taishi,A Man Who Existed in Parallel,100,2065294
Ray,sign (TV Size),124,2332703
Zachz Winner,linga guli guli,135,2407755
Sakuzyo feat. Hatsune Miku,ChaiN De/structioN (siilento's solid remix),180,2540109
SHK,Milky Way,155,118959
KARUT,Shooting Athletes,165,1956332
halca,Renai millimeter film (TV Size),128,2053189
Silent Siren,Koi Yuki,128,2085087
CINDERELLA GIRLS!!,Onegai! Cinderella (M@STER VERSION),175,1083155
Taishi,Introduction (Bygone),180,2240864
3A,Men,130,1972817
Ludicin,Clinozoisite,175,2241559
"TWC Sound Team ""Strike Back Squad""",BUZZ CUTZ,193,2551350
cybermiso,corps-sans-organes (extended ver.),210,1764892
7!!,Bye Bye (TV Size),130,173010
*namirin,Kanzen Shouri*Esper Girl,195,954272
Giga feat. Reol,BRING IT ON,160,974362
Tatsuya Kitani,"Your Gaze, Crepuscular",144,2480184
Hommarju,Crazy Jackpot,170,1406561
Mrs. GREEN APPLE,Kusushiki,138,2456045
Simon Felix,Trailer!,117,705675
Ave Mujica,KiLLKiSS (TV Size),200,2298154
DECO*27,HIBANA feat. Hatsune Miku,200,2219890
San-Z,60% Fantasy,86,2277257
DECO*27,Monitoring (Best Friend Remix) feat. Hatsune Miku,132,2431772
AngelMaker,Requiem,140,2168878
Noisestorm,Crab Rave,125,2331345
Ryokuoushoku Shakai,Character,124,2051034
HOYO-MiX feat. Robin (VO: Chevy),Hope Is the Thing With Feathers,128,2178969
Camellia,"Chirality (""Dissymmetric"" Long Ver.)",201,2304311
Kobayashi Project,Tsuioku,84,1744814
Endorfin.,Sakurairo Prism,135,1110686
IVE,After LIKE,125,2113045
LE SSERAFIM,UNFORGIVEN (feat. Nile Rodgers),104,1985016
NewJeans,ETA,135,2311504
YOASOBI,Idol (TV Size),166,1973430
IVE,LOVE DIVE,118,1993043
Saja Boys,Your Idol,90,2398333
NewJeans,Super Shy,150,2266555
Akeboshi,Wind,174.97,664841
LE SSERAFIM,CRAZY,130,2385328
cYsmix,Babaroque (Short Ver.),136,791667
Kuba Oms,All In All,150,961320
NewJeans,Get Up,120,2052165
BABYMONSTER,SHEESH,140,2393041
HyuN,Wild Card,185,891334
IVE,I AM,122,1972938
IVE,ATTITUDE,118,2319373
RADWIMPS,Suzume feat. Toaka,78,1954819
Camellia feat. Nanahira,Shakunetsu Candle Master,250,2543797
Maya (CV: Tokui Sora),Omatsuri Wasshoi!! (Cut Ver.),152,2049713
SpellingPhailer,Science Blaster (Cut Ver.),180,2168908
M2U,Dual Fractal,160,2031077
SpiralFlip,Greater Voices of the Valley,135,2317222
IZ*ONE,Secret Story of the Swan,103,1193914
Masayoshi Takanaka,OH! TENGO SUERTE / Tokyo Reggie,130.34,2425634
MiddleIsland,Roze,208,2577589
Camellia,Newspapers for Magicians,150,2498647
Xeudo Code,TERRAFORGE,200,2524412
Sad Keyboard Guy & Myntian,Void//Shader (feat. xia),170,2523660
Childish Gambino,Heartbeat,120,2159817
leroy,fuuuuck we were supposed to wear argyle,170,2381413
U149,Yorimichi Little Star (TV Size),189,1980628
Camellia,THE MUZZLE FACING (Long muzzled version),213,1744376
Frederic Francois Chopin,op 10 no 2 (8-bit remix),149.79,374364
BlackY,Santa (Extended Mix '18),185,2289434
DIVERSA,i use raw expectation to unlock placebo. the placebo is the next thing i do.,93,610265
Selphius,Padoru Padoru,120,2103039
ZYTOKINE feat. YURiCa/Hanatan,Shuumatsu Kikou no Schadenfreude,172,2254629
underscores,Uncanny long arms (with Jane Remover),88,2298514
*namirin,Koishiteiku Planet,185,916990
Kou!,Youkaikakushi Nijyusekai,160,2462632
ONF,Bye My Monster,109,2312852
"Iris Freyja (CV: Hidaka Rina), Mononobe Mitsuki (CV: Numakura Manami)",Ray of bullet (TV Size),185,1223191
Annabel,Signal Graph Short ver,167,556998
FRASER EDWARDS,"Crouching Comrades, Hidden Dragonforce",132.06,2420578
SawanoHiroyuki[nZk]:mizuki,Avid (TV Size),78,1770429
meganeko,Feral (osu! edit),160,2241423
Camellia feat. Nanahira,Mathematics MA+MA = Magic!,192,783457
Oguri Cap (CV: Tomoyo Takayanagi),BRIGHTEST HEART,143,2449327
NIWASHI,The Fascinating Cat's Eye,132,1718486
RADWIMPS,Suzume feat. Toaka,78,2302109
Boris,Akuma no Uta,100,2432714
STAYC,Poppy (Korean Ver.),126,1953900
nachi,Tobidase! Bankikki(Casual Killer remix),150,441781
Graeme Cornies & Dawna Toews,I Wanna Be Famous,175,618173
Ryu* vs. Sota,Go Beyond!!,200,934522
Lil Hank,Hank's Back,160,949856
C-SHOW,Workaholic,220,77441
Power Of Nature,Shounen wa Sora o Tadoru,140,685643
TeamGrimoire+Amaneko,croiX,195,67868
Lana Del Rey,Lust For Life (feat. The Weeknd),100,1116473
Falk,Mach Sigma - For Dream Dance Act 1,160,779660
Shiranui Flare,Smile & Go!!,160,1569288
A Zhong Bu Dai Xi,Gu Niang De Jiu Wo,137.5,853469
Ayana,freak of nature: start,140,146299
TAKU INOUE & Hoshimachi Suisei,3-ji 12-fun,89,2157704
Monster Siren Records,Mystic Light Quest,160,2442764
awfuless,Temptation,173,2224883
NIWASHI,Playing with Ruby,180,1591620
kanemiko & Kyutatsuki & Aoi,Fractal Vertex,226,2523349
Qutabire,Natsuzora no Pentacle,188,2252195
VOLTA & ariiol,RESETT (feat. yeil),150,2480591
Qutabire,"Kakeru, Kuusai made",208,2359689
Isekaijoucho,Shin'en feat. KAF,150,2050400
Team:SASAKURATION,AVALON,200,118763
MIMI,Toumeika,225,2436127
Narae,SPiCa,162,2146039
Kojimachi-Yousankan,monolithize phases,146,2157385
Shimotsuki Haruka,Star map (Short Ver.),190,2405166
W/n,Text 07 (feat. 267),64,2425158
Hitori Tori,perthed again (yambabom remix),180,569392
GFRIEND,Season of Memories,130,2318667
Daidai Myao,Shijima Nite (At the Silence) feat. Metamoe,138,2133390
Charli XCX,Boom Clap (kyoto Remix) (Sped Up & Cut Ver.),211.6,2431217
Kaminose Tsukasa,ivy of rutiles,300,1576010
Camellia,dreamless wanderer,174,2075891
Camellia feat. Nanahira,We Love Hardcore,180,1959708
Kyutatsuki,Dimension Wars (Cut Ver.),300,2029816
Yooh,Divinity,190,2049777
Chroma,Ai o Yorokobu Machi,102,2015959
Camellia,The Lost Place In The New World,150,2307444
Yorushika,Forget it,78,2234225
Rin,Kishinjou set 07 ~ Magical Storm,128,893195
False Noise,Space Angel,172,1753872
ZAQ,Serendipity (TV Size),173,1475830
Ado,God-ish,142,2232136
ClariS,Colorful (Movie Ver.),178,2339497
Camellia,Burning Aquamarine,202,2177689
toby fox,Song That Might Play When You Fight Sans,240,2252729
bradbreeck,Emotional Uplifting Orchestral,77,557532
Marmalade butcher,SUTEGORO,148,2556183
Down,Luscent,170,2503577
Culprate,Junglist Acid (osu! Edit),160,2310708
wasi,VANITAS feat. Isla Coleman,200,2260500
Kawada Mami,Serment,212,2206912
Inori Minase,Snow White,155,2307995
NOMELON NOLEMON,SAYONARA MAYBE,169,2355037
Official HIGE DANdism,Same Blue,184,2258440
monii & Johnny R feat. Neuro-sama,LIFE,172,2306842
Cho Tokimeki Sendenbu,SUKI! ~CHO ver~,165,1961544
back number,Takane no Hanako-san,138.02,2194839
Official HIGE DANdism,Same Blue (TV Size),184,2259255
ReoNa,VITA,185,1987536
Tsuzuri,NAME,183,2352347
PassCode,SKILLAWAKE,194,2296532
MIMI,Toumeika,225,2299210
PinocchioP,Non-breath oblige feat. Hatsune Miku,148,1996179
Gourski x Himmes,Silence,174,789905
Cranky,"Feline, the White...",170,751773
Hanon x Kotoha,Fuwari,164,2367533
Mitsukiyo,Dream Leaf,155,2567136
tachibanaka,Early Morning,100,2534361
Marmalade butcher,Mirage Age,154,1624087
brains,Housoushitsu,118,2011243
seatrus,PHOTON BLAXT (''EXCEED EXPLODE'' Long Ver.),165,2048185
Wowkie Zhang,Yang Guang Cai Hong Xiao Bai Ma (Cut Ver.),192,2128378
Sanaas & Asterisk,Reliance (Original mix),175,461450
CINDERELLA PROJECT,Shine!!(you Remix),175,456289
Camellia,1nput This 2 Y0ur Spine,160,2011220
Konami Amusement (Wakita Jun),Vide Nostalgia,216,1707808
Dimrain47,Operation: Evolution,165,2013539
II-L,SPUTNIK-3,170,2384735
awi,Rockin' Disco Blues,148,1968264
Virtual Riot,Don't Need You,145,1939510
toe,Goodbye,135,2033533
SOUND HOLIC feat. Nana Takahashi vs. Quarks (kradness x Camellia),CRYSTAL GLACIER,136,2218442
Little V Mills,John Cena Theme Djent Cover,174,453091
RIN,Pluto -Tenderness,200,430938
A.SAKA,Nanatsu Issenzakura,172,2194881
Neko Hacker,People People feat. Nanahira,230,2399786
Co shu Nie,ZETTAI ZETSUMEI (TV Size),143,982271
Nachoneko,Cat Loving,163,2066219
Hoshina Megumi,Star Trip (Short Ver.),148,1247923
Feryquitous,Dstorv,191,2011210
DOT96,MILLENNIAL (roop remix),108,1250833
orgt,DESTINY,182,2318046
AAAA + Silentroom,UNDERVEIL IS REAL!!!,180,2006987
Plum,Mad Piano Party,165,1756251
Noaiy,Ba Chong Return True,125,1891836
JACKNIFE x QLANK,MOVEMENT (Nightcore Mix),175,1981555
Kousaki Satoru,''Platinum Mukatsuku'',86,2335280
Israel Delgado,Craiova,177,2118582
tieff,Our Story,166,941085
onumi,ARROGANCE,175,940377
DIALOGUE+,Easy? Hard? Shikashite Susume! (TV Size),175,2143679
GRYSCL,Escapism,150,2384418
prikoluha,K Zvyozdam Vyshe,176.39,2119098
Hino Isuka vs. s-don,Glooorious!!,155,1998672
takehirotei,SEISHUN://NO_HACKING,179,2522384
xi,Ten'imuhou,148,2039240
Ray_Oh,Margaret March,174,2308073
1112 vs. Star*,Poseidon,175,1981975
KAF x Hakushi Hasegawa,TSUBOMI ni KAMINARI,155,2049474
*namirin,Kanzen Shouri*Esper Girl,195,1994349
VIichan,I want to be your lover,124,2121893
BrayanKitsn,Crystallized Snow,190,1871690
six impala,EPSILON LOVE,150,1662046
Trial & Error,"DAI*TAN SENSATION feat. Nanahira, Mii, Aitsuki Nakuru (Short Ver.)",174,848090
Ben Briggs,Yes (Maybe),128,933940
Dendei,gabe power,173,420765
Hatsuki Yura,Izayoi Warabeuta,138,1042161
Horie Yui,Coloring (TV Size),117,2431063
Apocalyptica,2010 (feat. Dave Lombardo),180,324990
Yamamoto Mineko,Presea,176,2457809
Shirayuki Noa (CV: Setono Marie),Kimi to Boku no Hajimete,157,2330144
Lemonade Factory,Akeboshi (Game Ver.),185,2424495
ClariS,reunion (TV Size),135,2539345
Nanahira,I will... Kimi ga Iru kara,155,2283337
PassCode,ATLAS,200,1847706
celtix,Allow,185,2375406
Katari,Cosmic Aberrations from Beyond the Pixel-Verse (Cut Ver.),180,2466060
Camellia,paroxysm,132,2093101
Amatsuka Mao,FANTASTIC ISLAND,156,1545844
Camellia,ANOMALY,210,1489897
Reku Mochizuki,Be Right There,175,2367606
Aethoro,Woodfairies,174,2052811
Aimer with chelly (EGOIST),ninelie (REDSHiFT x Vesuvia Remix),178,2219140
cluli,made me more observative,128,2497157
Jin Chengzhi feat. Rainbow Chamber Singers,WHERE DID YOU SLEEP LAST NIGHT **********ER?,106,2259890
ani feat. b,VERVERG,190,717692
Rissyu,uni,131,84156
Petit Rabbit's,Nichijou Decoration,125,223697
glass beach,neon glow,240,2260328
Billain,Autonomous,172,2376250
Release Hallucination,I.F.,220,2152319
HARU NEMURI,Trust Nothing but Love,230,2292103
Otonose Kanade & Mori Calliope,Beyond the way,125,2406971
Mitsukiyo,Yume no Potential (feat. *namirin),185,2258793
Dzeko & Torres,2013 In 10 Minutes,129,159357
Epic Games,Electro Swing Dance Emote,120,870895
55x55,MUZYKA NE MUZYKANTA (feat. Snailkick),125,627629
Shouta Kageyama,Relic Song,154,107009
Nekomata Master+,Spiral2005,140,2200733
Feryquitous,Dispel[/]Function,135,2267481
Riria.,Shitsuren Song Takusan Kiite Naite bakari no Watashi wa Mou. (TV Size),75,1942086
Claude Debussy,Suite bergamasque: III. Clair de lune (Performed by Moura Lympany),60,2260598
maritumix,514,135,2516975
Espitz & Sobrem (feat. NeLiME),Masayuki,178,2488182
KASHIWA Daisuke,Aqua Regia,176,1378372
Yonder Voice,Shrine Maiden - Eien no Miko,140,1607795
Firewind,Few Against Many,145,896546
komso,Eien no Shunmu,156,1664347
M2U,Ayla,155,1280192
Unlucky Morpheus,Angreifer,220,1360831
Fuki,Bloody Rain,155,1273120
Quarks (kradness&Camellia),Intro + Dualive,190,717981
Y&Co.,POODLE,160,125785
Igorrr,Unpleasant Sonata,224,90385
Frums,olin en pakala,186,2064894
P*Light,TRIGGER*HAPPY,185,146049
O2i3,TSLove,185,1137583
Paramore,Still Into You,136,2011972
Akira Complex,Ether Strike ('Divine Mercy' Extended),158,1252656
u's,Snow halation (TV Size),173,183161
Marmalade butcher,Waltz for Chroma (feat. Natsushiro Takaaki),180,1911933
AiNA THE END,On The Way (TV Size),186,2398149
Culprate & Au5,Impulse,170,1349658
Renard,Banned Forever,220,16349
Chopin,Revolutionary Etude,145,66350
paraoka feat. haru*nya,Rampage,154,505170
BAD NERVES,ANTIDOTE,260,2192808
iroha(sasaki),Devolution feat. Kagamine Rin,190,2163456
Children Of Bodom,Tie My Rope,132,1073487
MK,Squall,142,2284493
Seina,Starlight Wonder,170,1990136
Feryquitous vs. xi,Orca,195,1750422
aran & lapix,KALACAKLA,165,2071593
Sakuzyo vs. marasy,Innocent,156,1624523
Eve,Fight Song (TV Size),126,1911430
Tech N9ne,Worldwide Choppers,130,1873673
JAKAZiD,Take Me Higher,170,1923251
Daisy x Daisy,Aoi Tsuki,183,1776803
Nijigasaki High School Idol Club,"NEO SKY, NEO MAP! (TV Size)",142,1825826
fripSide,Love with You (TV Size),171,859025
Renard + Adraen,Physicality,181,530067
KOAN Sound,Anchorite,155,2479871
aran,Graces of Heaven,174,2089374
PRASTIK DANCEFLOOR,Cansei de S NIK,137,1229581
garlagan,What You Really Want,111,1645643
Supire,Helios,180,2489234
Cojum Dip,"Waltz in E-major, Op. 15 ""Moon Waltz""",180,2542206
Sydosys,Partition,190,2466086
Giuseppe Gilardi,carbon skin,144,2484237
Hatsuki Yura,Black Princess,154,1229571
"25-ji, Nightcord de. x Hatsune Miku",Kuyamu to Kaite Mirai,194,2216088
SawanoHiroyuki[nZk]:TOMORROW X TOGETHER,LEveL (TV Size),113,2130978
Hibiki Sakura (CV: Fairouz Ai) & Naruzo Machio (CV: Ishikawa Kaito),Onegai Muscle (TV Size),132,1003093
Mitsukiyo,Snow Stardust (feat. hynaxis),222,2481117
Camellia vs. Akira Complex,Railgun Roulette,256,1041146
Junjou no Afilia,Kyuukyoku Unbalance! (TV Size),152,1940329
deadmau5,Orange File,182,157754
kamome sano Electric Orchestra,FIN4LE ~Shuushisen no Kanata e~,256,742031
S.F.A,Dienos Advento,140,1085630
nora2r,B.B.K.K.B.K.K.,170,2378320
Ayane,Endless Tears...,192,315572
Ken Carson,Fighting My Demons,141,2174862
Ras,STAGER,146,152065
Xi-on,Emotional Skyscraper ~ Cosmic Mind,168,11940
ChouCho,Yasashisa no Riyuu (TV Size),177,49387
7!!,Orange (Anime Ver.),86,260797
wacci,Kirameki-TV Size Ending Theme Ver.-,98,244511
tokyo babel,Merry's Last World,180,2548471
False Noise,Serpentine,172,2126878
Atef,In Music I Believe (feat. Nila),175,2102434
glass beach,bedroom community,135,1480331
Parannoul,Analog Sentimentalism,180,2271487
Yu-Peng Chen @HOYO-MiX,Duel in the Mist,144,1597404
Sayuri,Sanketsu Shoujo,198,2076071
MAYA AKAI,LiftOff,137,2541052
nonet,Now On Stage!!,170,480904
ZUN,Taketori Hishou ~ Lunatic Princess,154,2282709
senya,Sakuretsu Irony,152,2271602
cygnus,Moon Flower,138,2026068
ONER,Jiu Tian Kuang Long,140,2133338
rachie,Lost One no Goukoku (Indonesian Cover),162,2276471
KOTOKO,Shichitenhakki*Shijou Shugi!,176,174526
L.E.D.-G VS. GUHROOVY fw/asuka,LOVE IS DREAMINESS,178,1758593
Chroma,Daisan Kuuchuu Jikken,167,2197162
nameless,Shirayuki,210,493305
OxT,HIGHEST (TV Size),180,1942325
Happy Around! feat. KYOKO & SAKI,Guru Guru DJ TURN!! (TV Size),220,2047832
MAXIMUM THE HORMONE,ChuChu Lovely MuniMuni MuraMura PrinPrin Boron Nururu ReroRero (Chiptune Cover),260,1114770
M2U,Mare Maris,151.14,908811
Kobo Kanaeru,Mantra Hujan,160,1735240
Jamala,1944,120,2254787
Reol,drop pop candy (Cut Ver.),130,1584031
shxpe,nostalgia,114,2240934
Kaneko Chiharu,- FALLEN -,210,2403736
saradisk,222 - wewewe,180,589583
seatrus feat. dadaco,Diamond Dust (Cut Ver.),170,2399324
Zedd,Clarity (feat. Foxes),128,2398089
supercell,My Dearest,168,1315726
Nomizu Iori,SAVE MY HEART (TV Size),158,143082
Akiri,Love You Not,165,2526970
Masuda Junichi,Pokemon Center,114,2439228
nyankobrq & yaca,twinkle night (feat. somunia),174,2266557
HyuN,Infinity Heaven,160,891345
Memme,Plasma Gun (Sytho Cover),180,2142549
"Hello, Happy World!",Uchapa! de Pappikapo~n!,194,2158318
Barasuara,Pancarona,180,2421326
Imperial Circus Dead Decadence,Shinbatsu o Tadori Kyoukotsu ni Itaru,250,482382
UNDEAD CORPORATION,Sad Dream,200,1944103
Polyphia,Playing God,137,2027200
"Nakagawa Kanon (CV: Touyama Nao), Suirenji Ruka (CV: Yamazaki Haruka)",Ringo Ribbon,176,932213
MAISONdes,"Tokyo Shandy Rendez-vous feat. KAF, Tsumiki",137,2096263
HoneyWorks feat. hololive IDOL PROJECT,Seishun Archive,181,2020119
Mutsuhiko Izumi,Tengoku to Jigoku,195,2476325
Akiyama Uni,"Yuuga ni Sakase, Sumizome no Sakura ~ Border of Life",145,2380055
rejection,Calling (osu! edit),155,2280366
NDX A.K.A.,Ditinggal Rabi (Cut Ver.),141,1644647
Kotera Kanako,Aoi Kiseki -Opening size-,178,39735
Suzuki Konomi,Absolute Soul,188,256089
ZUN,Satori Maiden ~ 3rd eye,153,63867
ARForest,Colors,180,1248173
Gawr Gura,Target for Love,103,2359141
fourfolium,Gugutto Work* (Short Ver.),186,1099840
KiRaRe,Dramatic Echoes (Cut Ver.),183,2325734
NayutalieN,Ray Tuning,190,710587
Wonderlands x Showtime x KAITO,TONDEMO-WONDERZ,172,1801455
Aests,Drugs,120,2149242
coltrane,"zeke didn't ""invent dariacore"", i did",190,1930360
HuMeR feat. NU-KO,Sing a Song Sign,186,995105
ericdoa,greater than one,90,1953712
Reol,No title,200,400304
Ponkichi,Hyakka Sakigake to Shiro Tokkuri (Cut Ver.),151,2311978
ginkiha,EOS (kamome sano rmx),175,404360
DJ TOTTO,Douwa Kairou,262,913314
lostrushi,true perspective *.* ##b4sisters,175.56,2298167
hitorie,Nichijou to Chikyuu no Gakubuchi (wowaka x Hatsune Miku Edit),150,1985060
Zekk,Kaleidoscope,155,1148786
TUYU,Itsuka Otona ni Nareru to Ii ne.,176,1773106
NU-KO,Pochiko no Shiawase na Nichijou,192,232273
sana,Sunset March,130,1839405
mafumafu,Inochi ni Kirawarete Iru.,200,829296
Celldweller,End of an Empire,175,404844
a_hisa,Alexithymia | Lupinus | Tokei no Heya to Seishin Sekai,180,1054045
Earl Stan,Blind Boy,130,1762883
kessoku band,"Korogaru Iwa, Kimi ni Asa ga Furu",149,1916915
Kurosaki Maon,Gravitation (TV Size),200,2386451
Creo,Flow (Cut Ver.),128,2496215
Ryu*,bloomin' feeling,181,129356
TeamGrimoire+Amaneko,croiX,195,88692
oesterreich,Munou,168,1724495
Hoshimachi Suisei,comet (Cut Ver.),162,1652996
Camellia feat. Nanahira,"senpai, notice me!",155,1683345
seleP,ReLief,120,1379697
dMinor117 & ShirinNeko,d Minor Sonatine (Insomnia),229,2019665
Baby's breath,Kusabi,191.99,1024053
senya,"Shounen yo, Tokkou no Sakigake to Nare",155,562169
Fukunaga Yoru,Utakata no Yoru,109,898030
Ni-Sokkususu,Shukusai no Elementalia,150,740672
toe,LONELINESS WILL SHINE,130.66,2247399
Richard Henshall,Cocoon,150,1883515
Mirage,Muzyka nas svyazala (Dance Remix),153.05,2115978
CG5,Ocean Blue,95,1866675
Alestorm,Keelhauled,220,1537993
Chroma,[@__@],158,2335177
iconoclasm,perditus paradisus,172,72790
syudou,Gambling (TV Size),196,1515350
Sound Souler,Bubble Flower,192,1152182
Tokisawa Nao,Analyze,110,173152
Rin'ca,Kimi ni Todokeru story,156,1695213
xi,Ascension to Heaven,200,34348
Shota Kageyama,Sentou de Pinch!,177.98,2217355
Memme,Cherry Blossom,170,442581
Eisyo-kobu,Oriental Blossom,180,586889
KillerBlood,Something Spicy,180,569320
Gojou Kai,Border of Life,168,3573
Minami,Kawaki o Ameku (TV Size),129,910293
MYTH & ROID,Paradisus-Paradoxum,201,510183
paraoka,Dreadnought,215,48356
SENTIVE,The end of a century,189.97,66084
Yamajet feat. haru*ama*nya,Sweets Holic (Cut Ver.),270,2340299
"Hikasa Youko, Uchida Maaya, Taketatsu Ayana, Akesaka Satomi",Gokujo. no Jouken (TV Size),180.2,953015
Rafutsuri feat. Gekiyaku,Basileia,145,2145629
Teminite,Unstoppable,150,1098207
Rex,Heart of Witch,170,20309
Go Ichinose,Ooame,127.45,660933
Morimori Atsushi Remixed by ARForest,Alter Ego (ARForest Remix),190,1348181
ZAQ,Serendipity (TV Size),173,1475969
DUCKBOY,my love life needs a lobotomy,235,2270785
Katakiri Rekka,Koisuru * Hiyoko (Cut Ver.),178,1255174
Knife Party & Tom Morello,Battle Sirens (RIOT Remix),174,2372720
Linkin Park,Numb,110.04,77505
Ryokuoushoku Shakai,"Korekara no Koto, Sorekara no Koto",154,1849137
Ice Nine Kills,Funeral Derangements,158,1601336
wotaku feat. SHIKI,snooze,150,1745709
Shortparis,Strashno,117,1746488
Lady Gaga,Abracadabra,126,2321706
anNina,Taishou a (adonde vuelvo),174.8,2514569
sakuraburst,skyshifter vip,170,529155
Camellia,Newspapers for Magicians,150,938426
B-Komachi Ai (CV: Takahashi Rie),Sign wa B -Ai Solo Ver.-,175,1979887
Rise Against,Disparity By Design,156,360325
Nijigasaki High School Idol Club,Nijiiro Passions! (TV Size),180,1280151
Co shu Nie,ZETTAI ZETSUMEI,143,908973
RAISE A SUILEN,HELL! or HELL?,197,1251944
Nor,Usagi Flap,170,2048401
Vicetone,Nevada (feat. Cozi Zuehlsdorff),124,476587
hiroki.,Which one?,160,2436581
"Fujita Akane, Miyamoto Yume, Ozawa Ari",Precious You* (TV Size),130,1204733
Ray,secret arms,137,331485
Duca,Answer (Game Ver.),183,1854516
Qrispy Joybox,printemps,168,450044
sana,Packet Hero,236,413592
SOUND HOLIC,The Party We Have Never Seen,128,1212232
Ogura Yui,Kimiiro no Kiseki (TV Size),168,2166852
"Wake Up, Girls!",Koi? de Ai? de Boukun Desu! (TV Size),196,610167
M2U,Nightmare,190,5139
DJ Ozawa,Tokyo (Innovaderz Remix),175,333139
D.J.Nero,Joker,184,405524
Ne Obliviscaris,Painters of the Tempest (Part II): Triptych Lux,215,724192
II-L,Unidentified Frequency Op.3 (Type-Triangle),170,1632950
SaMZIng & HJLL,Kyou wa Doko Ikou,140,1558455
Various Artists,Songs Compilation V,125,1892585
volthi,beyond the clouds,67,665131
Mameyudoufu,Midnight grow feat. mami,150,2300542
wa.,wanderlust,152,1775352
Puniru (CV: Sasahara Yuu),Gyumu! (TV Size),168,2273554
nano,Nevereverland,206,827875
Parry Gripp,Guinea Pig Bridge,180,1004468
Foxblood,Bittersweet,145,710922
ISOxo,Aarena (Knock2 Remix),126,2286535
7!!,Orange (Anime Ver.),86,340430
Ryokuoushoku Shakai,Michi o Yuke,150,1961630
Hitori Tori,perthed again (yambabom remix),180,268693
suzumu feat. soraru,Zetsubousei: Hero Chiryouyaku,205,852354
Lix,Labyrinth -Black Trance Mix- v2.0,160,1075788
PassCode,It's you,210,1633506
Streetlight Manifesto,Punk Rock Girl,300,577394
Triad Primus,Trancing Pulse,143,409958
Shah Modescape,Armored Hero Mechamato (TV Size),172,2127552
Koven,Never Have I Felt This (VIP),174,2346523
fhana,Aozora no Rhapsody (TV Size),135,2095979
Hasu no Sora Jogakuin School Idol Club,Dream Believers (Game Ver.),162,2203155
Ado,Odo,128,1686256
Jeff Williams,I Burn (Extended Remix feat. Casey Lee Williams),140,137196
TWICE,TT,130,543062
Roselia x Afterglow,Kyouen Red x Violet,148,1833048
Kaoru feat. Kohaku,To i,99.5,1488593
HIMEHINA,Rondo & Naide,148,2194367
-45,Midorigo Queen Bee,153,2383183
Kero Kero Bonito,Flamingo (WTN3 Remix),110,409214
Kicco,Jounetsu no Wobble (Game Ver.),160,2350443
nameless,Milk Crown on Sonnetica,254.92,550414
Diao Ye Zong feat. Meramipop,Take no Hana,154,1318877
Ikimonogakari,Blue Bird (TV Size),152,1942218
amazarashi,Sora ni Utaeba,204,813969
Chikuwa,Jinsei Matatabi,186,1123944
Tomotake Yoshino (CV: Haruka Sora),Tooryanse ~ Kanbi Fuurai,152,1760279
"25-ji, Nightcord de. x Hatsune Miku",Jack Pot Sad Girl,204,1961562
Mili,Children of the City,119,1821727
Chaos City Niigata,Ukiyoe Yokochou,192,1585722
Reol,Asymmetry,184,310499
IOSYS,Cirno no Perfect Sansuu Kyoushitsu,175,392215
HOYO-MiX feat. Reol,"No Dazzle, No Break",110,2384794
YOASOBI,Songs Compilation,200,2163301
NOMA,Brain Power,170,546384
"Fear, and Loathing in Las Vegas",Let Me Hear,184,228875
Shiena Nishizawa,FUBUKI,180,1942534
SOOOO,Raven Haven,185,935098
USAO,Extra Mode,195,624963
Kardashev,Glass Phantoms,150,2052686
Sawawa,kirakira TIME*,202,354013
toby fox,Amalgam,180,1597321
F.I.R.,Luo Si Ding (Cut Ver.),148,1960728
Good Kid,Atlas,208,1750346
MY FIRST STORY,Mukoku,195,1047546
Aqours,Genjitsu Mysterium (TV Size),151,2154135
0_0 ch.,FUBUKI BAR,142,2095325
"Tsuda Minami, Hanamori Yumiri, Fuchigami Mai",Odoru FLAGSHIP,141,2178963
Nakanoke no Itsutsugo,Takaramono (TV Size),118,2306091
paraoka,Platinum Garden,152,1411391
KOTOKO,INFINITE SKY,190,1050152
fripSide,precious time (Short Ver.),139,1723218
Good Kid,Witches (Cut Ver.),182,2435183
cygnus,Bernkastel's Sanctuary,155,2134400
SPYAIR,Kill the Noise (TV Size),210,2494507
eufrik,SHIJOSHUGI ADTRUCK (Cut Ver.),169,2306989
DJ YOSHITAKA,ALBIDA,185,23416
In Mourning,Colossus,222,680555
Last Note. feat.GUMI,Osanana Blue,148,283155
Britney Spears,Womanizer,139,1386191
AiRI,Towa ni Saku Hana,95,856144
MOMOIRO CLOVER,Pinky Jones,180,1571154
SHK,Identity Part III,150,280329
Curren,Currencore Song Tutorial,165,2399246
DJ Mashiro,Prismatic Lollipops,202,179288
Sub Focus,Tidal Wave (feat. Alpines),174,296817
Noboru feat. Hatsune Miku,Shiroi Yuki no Princess wa -Re:incarnation-,190,2256515
Marika,quantum jump,130,1657952
typeMARS,Triumph & Regret,175,1392930
Hanatan,Kokoro,140,1005463
xi,Aragami (Short Ver.),196,388348
LiSA,Gurenge (TV Size),135,952725
"Pecorine (CV: M.A.O), Kokkoro (CV: Ito Miku), Karyl (CV: Tachibana Rika)",Yes! Precious Harmony!,177,1699001
YOASOBI,Yoru ni Kakeru,130,1241588
TUYU,Namikare,204,1231994
izu,Rappa no March,146,916972
lily-an,The Starry true,153,158744
senya,Glass-like Psychology,140,47065
DJ YOSHITAKA feat.Michaela Thurlow,SUPER HERO,180,162193
chelmico,Easy Breezy (TV Size),186,1095606
DragonForce,Cry Thunder,130,316050
Dark PHOENiX,"Yuuga ni Sakase, Sumizome no Sakura",180,2022219
Senpi,Touhou Last Boss Rush!! (Cut Ver.),190,782018
Static-X,The Only,105,2076322
Caramell,Caramelldansen (Ryu* Remix),181,1770758
(G)I-DLE,Wife,124,2124151
Helblinde,Grief & Malice (Cut Ver.),200,1530096
DJ YOSHITAKA,Evans,185,1023491
soraru x mafumafu,HIBANA,200,691103
Code Red,18 Mne Uzhe (Dan Winter Radio Edit),140,28926
Hisaka Yoko,Fudepen ~Ballpen~ (TV Size),153,8431
Various Artists,Ichido dake no Koi nara,172,1586882
Yorushika,Haru Hisagi,95,1251466
ZUN,Chiisana Chiisana Kenshou,170,1011097
Utsu-P,Uchuujin no I Love You,200,670449
Camellia,Enantiomorphs,203,479033
CTCT,My Pura Paradise,120,2422271
Tomoyuki Uchida,break through the clouds,150,2103263
Ando Hirokazu,Gourmet Race,186.75,1608572
Aintops,"""Kimirashiku"" Sore dake de Ii yo (feat. Matsushita)",144,1956399
Asriel,Chronus,213,2126231
"SatapanP feat. Hatsune Miku, Kasane Teto, Zundamon",YABABAINA,200,2205641
Jane Remover,Dancing with your eyes closed,152,2443421
ZUN,Ryokugan no Jealousy,161,999586
TAK,"PPPP feat. Hatsune Miku, Kasane Teto",152,2501921
NIWASHI,Playing with Ruby,180,1306570
SICK HACK,Watashi dake Yuurei,177,1982264
TUYU,Shuuten no Saki ga Aru to Suru naraba.,235,1519316
"Team ""Hanayamata""",Hana wa Odore ya Irohaniho,160,2117211
Lizean,Shinde Shimau towa Nasakenai!,174,1052264
Sawai Miku,Colorful. (Asterisk DnB Remix),175,299454
Fractal Dreamers,Celestial Horizon,200,751846
senya,Sono Kami no Dilemma ni,154,1391331
KANA-BOON,Silhouette,183,780952
S3RL,MTC (Different Heaven Remix),175,914691
ZUN,Meiji Juushichi-nen no Shanghai Alice,144,1229515
MOMOIRO CLOVER Z,SANTA SAN,190,378183
Shintani Ryoko,Wonderful World,232,45306
fhana,Ai no Supreme! (TV Size),135,1685967
Imperial Circus Dead Decadence,"Fusyoku ressentiment, fushiyoku no sarugakuza.",210,2088208
Ferb (VO: Danny Jacob),Backyard Beach (TV Size),95,2119120
sokoninaru,Hyouri Ittai,150,1373606
TUYU,Under Heroine,210,1982170
Shaira,SELOS,130,2150631
Azusa Tadokoro,DEAREST DROP (TVsize),146,718632
fripSide,final phase (TV Size),149,1097552
ZUN,Spring Lane ~ Colorful Path,154,13157
Project Pop,Bukan Superstar 2024,134,2211735
Thaehan,Angry Birds Epic (Remix),195,1172500
NU-KO,Pochiko no Shiawase na Nichijou,192,240733
Ohka,Nanairo Anniversary,220,233039
The Veronicas,Untouched,177,2176910
lumious2,clarity rmx (hayakou bootleg) (cut ver.),235,2448427
STAYC,Bubble,132,2051813
Maid-chan (CV: Horie Yui),Maid-chan yori.,188,2253922
livetune feat. Hatsune Miku,Hand in Hand,128,711496
Taylor Swift,Shake It Off (Taylor's Version),160,2198533
TWICE,FANCY,132,960258
LiSA,Gurenge (TV Size),135,956590
Alice Mako,Nanotech Delights (Cut Ver.),186,2056867
LiSA,AxxxiS,194,1451433
Oishi Masayoshi,Gift,132,2133873
watering,^_^,133.5,2161191
Sonic Syndicate,Denied,200,67895
CustomiZ,COOLEST,188,2093800
BLUE ENCOUNT,Polaris (Cut Ver.),190,1251736
S3RL,Scary Movie,175,858442
"Pinkfong, KizCastle",Body Parts,125,2278843
ONIMAI SISTERS,Himegoto*Crisisters (TV Size),183,1909723
Amatsuki,Sayonara no Kawari ni,197,1332393
XX:me,Darling,173,804587
Waki Azumi,Itsuka no Kioku (TV Size),168,1955030
Yorushika,Deep Indigo,210,1245222
SHK,Identity Series Nonstop Play (part. 1~5),150,1728804
Bentham,Chicago,210,1187933
cosMo@Bousou-P,Sadistic.Music Factory,165,476871
Sakamoto Maaya,Yakudou,205,1868330
KyoKa,Aitoki*Cherishing (Game Ver.),182,2176255
Petit Rabbit's,Tenkuu Cafeteria,154,1321688
TAG underground,POSSESSION,185,1691083
ClariS,Careless (TV Size),185,2369770
Hatsune Miku,Subarashii Sekai,192,25825
NicoNico Chorus & Hatsune Miku,Melt,170,18310
xi,FREEDOM DiVE,222.22,39804
DAOKO x Yonezu Kenshi,Uchiage Hanabi,96,672250
Dark PHOENiX,Taketori Hishou,192,19320
Hoshimachi Suisei,Starry Jet,144,1594598
chocofan,Flandol,166,2048498
Afterglow,Asu no Yozora Shoukaihan,185,971896
(K)NoW_NAME,Knew day,150,711568
Shiena Nishizawa,FUBUKI,180,285800
Various Artists,Rolling Girl,195,965620
xi,Blue Zenith (Cut Ver.),200,1737645
Okazaki Taiiku,Kimi no Bouken (TV Size),200,874835
Daniel Licht,Blood Theme (TV Size),90,2503137
KOTOKO,Koi Kou Enishi,144,622780
Madotsuki@,Ikanaide,191,1812844
Shawn Wasabi,Marble Soda,168,313718
Kusunoki Arisu (CV: Horinaka Yuki),Owaranai Marionette,200,2056032
Yuki Setsuna (CV: Hayashi Coco),Cherry Bomb,210,2072721
mikitoP,"1, 2 Fan Club",145,57701
P*Light,Poppin' Shower,175,42527
Sakakibara Yui,Scarlet,175,51230
MrWeebl,Narwhals,151,652142
MARETU feat. Hatsune Miku,Manemane Psychotropic,210,1352410
Nanahira,Chikatto Chika Chika,178,945049
ZUN,Sleepless Night of the Eastern Country,160,12011
DM vs. POCKET,uNDeRWoRLD MoNaRCHy,177,412938
Thaehan,Insert Coin,178,2122261
YUC'e,Future Cider,180,720558
JIN ft. Matsuyama Kouta (BYEE the ROUND),Lost Time Memory,202,797779
"Seven Lions, Tritonal & Kill The Noise feat. HALIENE",Horizon,170,860393
ItaloBrothers,Dancing in the Streets (Nightcore Mix),189.72,1888909
YURiKA,MIND CONDUCTOR (TV Size),180,912207
Amatsuki,Nagareboshi,176,1266531
Nakiri Ayame,"Yoi no Yo, Yoi!",166,1593663
Omaru Polka,Envy Baby,171,1411972
Sakura Miko,Kyun Kyun MIKO Kyun kyun <3,180,2146215
"Zachz Winner, springs!, maxwell4k",discopled,150,2491869
Paramore,Still Into You (Nightcore & Cut Ver.),178,2499570
Aiobahn & Yunomi,Ginga Tetsudou no Penguin ft. nicamoq (Stripe.P Remix),110,520141
Gotou Mai,Funwari Fuwari,105,333217
RSP,Sakura ~Anata ni Deaete Yokatta~,160,18428
Ohara Yuiko,Only,150,1676680
Tia,Heart Realize,178,1468140
Mili,Unidentified Flavourful Object,120,1259728
yuchaP,Pokerface,184,1703042
Tomatsu Haruka,Resolution (TV Size),195,1050479
Leo/need x Hatsune Miku,Stella,197,1761107
KANA-BOON,Star Marker (TV Size),134,1300115
YUI,again,140,625048
siromaru + cranky,Conflict (Vocaloid Ver.),160,96178
t+pazolite,"Electric ""Sister"" Bitch",185,441459
Certified Senpai,Burn This Right,204,1439651
Culprate & Zenji,Ghostmachine,140,1420993
MAN WITH A MISSION,Seven Deadly Sins,143,875083
GEMN,Fatal (TV Size),156,2208047
HoneyWorks,Watashi no Tenshi feat. Narumi Sena (CV: Amamiya Sora),168,1308891
Roselia,Six Trillion Years and Overnight Story,186,790060
jon-YAKITORY feat. Hatsune Miku,Konton Boogie,190,2243043
SHISHAMO,Kimi to Gelaende,175,543243
supercell,Kimi no Shiranai Monogatari,165,289074
Amatsuki,Summertime Record (COVER),185,986923
*Namirin,Yasashisa no Riyuu,177,405570
S3RL,Pika Girl (Nightcore & Cut Ver.),201.25,2169204
Takanon feat. sana,Shitsuren Repeater,172,1429397
Aoi Eir,IGNITE,171,209170
KANA-BOON,Spiral,180,483441
ReoNa,forget-me-not,148,914051
Nanamori-chu*Gorakubu,Yuriyurarararayuruyuri Daijiken,175,519161
Hikou dake ni Hikou (Waru) tte Kanji no Kabocha,STICK'EM UP HI->JA<-CH,144,2111098
"25-ji, Nightcord de. x KAITO",BAKENOHANA,180,2264468
Roselia,R,188,820180
EGOIST,Namae no Nai Kaibutsu,180,69137
The Ronettes,Be My Baby,132,2313599
Omaru Polka,Envy Baby,171,1391279
Lia,Bravely You (TV Size),150,333815
YURRY CANON,Suicide Parade,176,854503
Poppin'Party,KIZUNA MUSIC (TV Size),189,899954
Ponchi feat. haxchi,Nyanderful <3 Summer!!,215,2301406
MIMI,Kuu ni Naru,166,1676605
Sagara Kokoro,Hoshizora no Ima,185,1942135
SID,Rain (TV Size),95,2154905
Hoshimachi Suisei,GHOST,182,1432314
Taylor Swift,august,180,1506415
Jamie Paige,Machine Love,175,2378327
Omega,MAX 300,300,1173
eicateve,R.I.P.,192,1103441
Sleep Token,The Apparition,138,2295981
livetune feat. Hatsune Miku,Tell Your World,149.98,42110
Hatsune Miku,Triple Baka,90,4674
WALKUERE,Ikenai Borderline,161,454835
Tsubaki,Kyun Kyun Tamaran Inaba-tan.,180,98711
Ryokuoushoku Shakai,Hana ni Natte (TV Size),192,2097428
Function Phantom,Variable,170,751774
Tapimiru,Hakkensha wa Watashi (Anime Size),175,602198
TSUNKU,Batting Show Perfect Version,120,418097
"Black Sun Empire, State of Mind & PNC",Until The World Ends,174,963628
Camellia feat. Nanahira,"PAPAYAPA BASS (""BASSE DE NANA"" Long ver.)",147,1022514
MaxNRG,Hide Away My Heart,174,502928
Hanatan,Tengaku,232,181142
Akiyama Mizuki (CV: Satou Hinata),IDSMILE,171,1811835
Misumi,Alter Ego feat. Hatsune Miku,176,1680588
yung kai,blue,65,2345628
REDALiCE,Kizuato,173,108820
HUNTR/X,Golden,123,2398052
Vicetone & Tony Igy,Astronomia 2014,126,360107
CINDERELLA PROJECT,Star!!,178,785518
Culprate,Aurora,145,848003
TWICE,CHEER UP,173,836819
HO-KAGO TEA TIME,Listen!! (TV Size),175.03,1416174
GEMN,Fatal (TV Size),156,2211537
HO-KAGO TEA TIME,Fuwa Fuwa Time (TV Size),180,2298662
Mika Nakashima,KISS OF DEATH (Produced by HYDE),122,744762
Ricky Martin,Livin' La Vida Loca,178,894111
Sim Gretina,Raise This Barn (Remix),130,72324
Shiki Natsume (CV: Kanako),Sweetest Bitterness (Short Ver.),156,1608511
nekodex,circles!,184,355322
Hatsune Miku,Vegetable Juice (Po Pi Po),150,6300
YOASOBI,Haruka,100,1326928
LSPLASH,Elevator Jam,146,2089156
Beacon Street Studios,Whopper Whopper (Extended),105,2103133
Riyu Kosaka,Candy,180,17721
Sana,Byoumei Koiwazurai,160,220636
Ricky Montgomery,Cabo,145,1778169
Morimori Atsushi,MilK,150,2079405
DM DOKURO,Universal Collapse (Cut Ver.),200,2296556
DECO*27,Mannequin feat. Hatsune Miku,192,1994520
Camellia,Exit This Earth's Atomosphere,170,424600
Afilia Saga,S.M.L* (TV Size),200,1982558
Street,Sakura Fubuki,175,362989
Toyosaki Aki,Guitar ni Kubittake (Full ver.),185,21845
ChouCho,bouquet,192,460580
OhkaP,Reimu-instrumental-,90,381888
nano feat. MY FIRST STORY,SAVIOR OF SONG (TV Size),192,126583
Momokurotei Ichimon,Nippon Egao Hyakkei,160,59569
Nomizu Iori,Black + White (TV EDIT),192,129915
Jun Ishikawa,Green Greens,181,2341780
Toa feat. Hatsune Miku,Patchwork Staccato,139,2203087
ano,"Chu, Tayousei. (TV Size)",153,2013109
Cobra Starship,The City Is At War,140,6318
Sana feat.Nekomata Master,Indigo Bird,88,649929
Hatsune Miku,Unhappy Refrain,205,30128
Kicco,Akari no Arika,226,1145366
Patrick O'Neill,Drawing Shapes (catch me if you can),125,2029599
ELISA,ebullient future (Piano Ver.) (TV Size),145,629994
Thaehan,Angry Birds Epic (Remix),195,2122318
Maneki Kecak,Joudan ja Nai ne (Cut Ver.),186,1229030
*namirin,Koi no Hime Hime Pettanko (Cut Ver.),178,2023867
Sweater,No. 7,140,953
Shika-bu,Shikairo Days (TV Size),183,2208031
Cady Groves,This Little Girl (Speed Up Ver.),176.88,413625
Pendulum,The Vulture,140,24163
Neon Hitch,Fuck U Betta (Nightcore Mix),156,244929
Yusuke,V,200,224136
Oomori Seiko,JUSTadICE (TV Size),185,983942
PORNOFIL'MY,Kto Vse Eti Lyudi?,186,1027950
Nightcore,Ravers Fantasy,168.85,11558
Scoutellite,Surprise Buttsecks,143,188664
Infected Mushroom,The Pretender,174,82912
RADWIMPS,Grand Escape (Movie edit) feat. Miura Touko,146,1005555
Astrale,Make Believe (feat. risu) (Cut Ver.),110,1305080
Maduk,Got Me Thinking (feat. Veela),175,1024635
"Fear, and Loathing in Las Vegas",Just Awake (TV Size),191,95638
Jack Zankowski,SuperPretzel,120,1752044
55x55,TIPA PRIVIDENIE (feat. Utopia Show),128,634648
Maximum the Hormone,"What's up, people?! (TV Size)",161.05,50763
Gorillaz,"Feel Good, Inc.",138.52,8749
Arthur Pirozhkov,Chika,121,802301
Ted Poley & Tony Harnell,Escape From The City (Classic Remix),130,47633
Getter Jaani,Rockefeller Street (New Nightcore) [#Rockefellerstreet Remix] (Cut Ver.),162,2534258
Matoloid,hi.,140,2025057
TWICE,The Feels,120,1591030
Chinozo,Good-bye sengen,170,1408477
THYME,Forever We Can Make It!(TV Size),185,3284
Porter Robinson & Madeon,Shelter,100,522857
A-One feat. Shihori,Bamboo Dance,156,2075280
Paramore,Still Into You (Sped Up & Cut Ver.),166,1060207
Nekomata Okayu,Wakusei Loop,170,1310761
Halozy,Snow Changes to a Beat Again,131,1862458
Teminite & PsoGnar,Lion's Den,145,1101011
Zekk,D4NCE,175,1140776
"Tomita Miyu, Onishi Saori, Ohzora Naomi, Hanazawa Kana",Hallelujah*Essaim (TV Size),200,1103372
DJ Fresh,Gold Dust,177,935111
Sasaki Sayaka,Innocent Princess,178,1209035
Polyphia,Nasty feat. Jason Richardson,130,1017505
miwa,chAngE,165,770306
Akatsuki Records,HANIPAGANDA,181,1922251
S3RL,Catchit (Radio Edit),175,839864
THE ORAL CIGARETTES,GET BACK,192,853600
Yuuki Aoi,Cupid Review,137,268467
Will Stetson,Super Driver,200,805224
Mike Greene,Bill Nye the Science Guy Theme Song (Chinese Intro),128,432314
LilDeuceDeuce,EVERYBODY DO THE FLOP (Cut Ver.),200,1233573
Sleeping With Sirens,Better Off Dead,190,774670
Usura & Datura,Infinity (Nightcore Mix),163.18,18793
Knife Party,Give It Up,87,230989
Boom,How Do You Do (Nightcore Mix),166.81,18729
Groove Coverage,On The Radio (Nightcore Mix),166.15,48047
lexycat,Abyssal Storm,170,2285560
SEREGA PIRAT,Where Is My Mind?,71.5,2364686
nekodex,Little Drummer Girl,140,2103787
Jason Derulo,Ridin' Solo,90,1699180
Kikuo,Oboreru Uchuu Neko,120,2198692
Katy Perry,Hot N Cold (Whippa Hardstyle Remix),165,2195891
Zeami,Ryougen no Mai,208,29386
Narae,Horang Pungryuga,160,200187
Yuki Kajiura,absolute configuration,155,457805
Ellen Joe (CV: Wakayama Shion),MoeChakkaFire,163,2411700
Sasuke Haraguchi feat. Kasane Teto,HITO Mania,150,2334712
ePiaeon,FLOP ERA,163,2448751
KAF feat. KAFU,phony,170,1654426
Black Sun Empire,Inpeak (Telekinesis Remix),174,406721
Petit Rabbit's,No Poi! (TV Size),158,1528284
TK from Ling tosite sigure,first death (TV Size),164,1894989
WANDS,RAISE INSIGHT (TV Size),185,1980599
Uesaka Sumire,EASY LOVE (TV Size),188,1427255
solfa feat. nao & Aoba Ringo,Motto! Icha*LOVE Paradise (Game Ver.),188,2249869
ONE OK ROCK,Memories,175,684590
Yorushika,Bakudanma,180,1320850
REDALiCE feat. MONICO,Breakin' Chain,206,1842481
Renard,ENDLESS QUEER,180,306028
Coda,BLOODY STREAM (TV Size),132,115873
himmeltengoku,Whisper of Rose,175,173614
Kagamine Rin,Black Rebel,200,28425
DECO*27,Vampire feat. Hatsune Miku,164,1432678
Creepy Nuts,Bling-Bang-Bang-Born,157,2175278
Ke$ha,Take It Off,125,16143
Rohi feat. Kagamine Rin,Kakuzetsu Thanatos,200,2205703
Guchiry feat. flower,"Abnormality, Dancin' Girl",220,1549366
Maneskin,THE LONELIEST,65,2027885
Susumu Hirasawa,Big Brother,190,10714
Giga,-BWW SCREAM-,180,404658
Nana,Koisuru Chikara (Short ver.),176,15643
Meiko,Leave The Lights On (KROT Remix),170,56633
I MY ME MINE,Troublemaker,186,213835
Subplaid,If you went out with friends in a way,185,40327
Thaehan,Saiyajin,180,656764
ZUN,Natsukashiki Touhou no Chi ~ Old World,150,2156450
JAM Project,THE HERO!!~Ikareru Kobushi ni Hi o Tsukero~ (TV Size),260,374827
IOSYS,Marisa wa Taihen na Mono wo Nusunde Ikimashita,170,243
Yellow Zebra,Melody!,175,45450
Yellow Zebra,Koi no Flame,155,908831
ZUN,Lunatic Red Eyes ~ Invisible Full Moon,158.05,8830
Cle,Broken Moon Remix,175,9848
Yellow Zebra,Akai Tsuki ~Story of Scarlett~,150,13656
Demetori,Solar Sect of Mystic Wisdom ~ Nuclear Fusion,173,20125
LilyPichu,dreamy night,92,1960341
in love with a ghost,i thought we were lovers w/ basil,109.7,2107832
Stonebank,The Pressure,170,325307
Cascada,Ready Or Not (Nightcore Mix),181.25,30224
Meguro Shoji feat. Kawamura Yumi,Kimi no Kioku (ATLUS Meguro Remix),125,1022375
44teru-k,F.I,180,25828
Little Glee Monster,"Dakara, Hitori ja Nai -TV Size-",180,631624
yanaginagi,Zoetrope,184,599195
Mili,Compass,88.13,2284793
AISHA,Radiant Dawn,184,2427256
Robbie Wyckoff,Kuzco Academy (TV Size),140,1838667
"Danny Jacob, Phineas and Ferb Cast",Atlantis (TV Size),113.2,1665761
Victorious Cast feat. Victoria Justice,Freak the Freak Out (Nightcore Mix),160,1962243
Hatsune Miku,Kagerou Days,200,37638
Rin,Eientewi set 06 ~ Plain Asia,138,993507
Jin ft. LiSA,Yuukei Yesterday,129,178291
ClariS,Connect (TV Size),175,1233402
Omoi,Chiisana Koi no Uta (Synth Rock Cover),220,609189
Leah Kate,Merry Bitchmas (Sped Up & Cut Ver.),154.92,2298826
Horie Yui,Asymmetry (TV Size),173,748291
OxT,Clattanoia (TV Size),190,1476842
Hikaru Station,My R,210,1221415
Owl City,Gold,168,61876
Caravan Palace,Dragons,124,46733
Street,Hestia,190,1423058
James Landino,Hide And Seek,163,972932
yuki. feat. setsunan,Hello! World,170,785650
Nanatsukaze,Hazy Moon Night,125,2436546
MYTH & ROID,L.L.L.,208,347111
Krewella,Surrender The Throne,174,767566
DJ Fresh (feat. Rita Ora),Hot Right Now (Radio Edit),175,231114
MIYAVI vs KenKen,Flashback,140,721011
MYUKKE.,NO ONE YES MAN,170,2513755
t+pazolite,Oshama Scramble! (IOException Edit),190,1376308
Train,50 Ways to Say Goodbye,140,92893
Andou Yuuko,Shougeki (Cut Ver.),137,1634933
toby fox,Hopes and Dreams,170.68,373373
Yasuda Mizuho,Yoake no Bell ga Naru,177,1070997
ASIAN KUNG-FU GENERATION,rewrite,179,472742
Kanemoto Hisako & Iwami Manaka & Ookubo Rumi,GAMERS!,186,645591
Kensho Ono,STORY (TV Size),188,598357
"ZBUKU feat. Sliwa, Sztoss",Mloda krew,176,996024
bibuko,Reizouko Mitara Pudding ga Nai,190,890270
Camellia,Light it up,175,1165549
Dictate,Militant,172,785677
Ian LeFeuvre,Johnny Test Theme (TV Size),200,1213558
Puffy AmiYumi,TEEN TITANS THEME (TV Size),165,1011341
"Hirano Aya, Katou Emiri, Fukuhara Kaori, Endou Aya",Motteke! Sailor Fuku (TV Size),150,2070765
Pulse,LP,174,789374
cYsmix,Abandoned Shrine Party,128,1267252
A-One feat. Aki,Darkish,165,2112194
Kita Shuuhei,Mirai mo Kimi no Te no Naka de (TV Size),183,1898592
QUEEN BEE,Mephisto (TV Size),150,1978432
YOASOBI,Sangenshoku,128,1519502
supercell,Sayonara Memories,160,449987
Kita Shuuhei,Sekai de Ichiban Koishiteru (TV Size),185,483506
Uesaka Sumire,EASY LOVE (TV Size),188,1372562
Kenji-B,Strike,160,566499
Koji Wada,re-fly,166,499976
*namirin,Koi no Hime Hime Pettanko,178,485056
Alisa Takigawa,Sayonara no Yukue (TV Size),170,1500194
Camellia,Doven (Cut Ver.),128,2402997
I love you Orchestra,Coconut Love,180,1325144
RADWIMPS,Sparkle [original ver.],124,1159567
Atarayo,"""Boku wa..."" (TV Size)",180,2116046
Nanahira,Fukkura Fuwaama Cake,180,43581
AK X LYNX ft. Veela,Virtual Paradise,174,313843
Subformat,More (feat. Charli Brix),175,184800
SUNMI,Gashina,94,726236
BTS,Go Go,136,804063
NH22,Corrosion,205,17044
IAHN,Candy Luv (Short Ver.),130,456054
ArXe,Locus Amoenus (feat. Megurine Luka),165,2412292
Grabbitz,Die For You,95,1793500
"The Kid LAROI, Justin Bieber",Stay,170,1575739
The Chainsmokers & Coldplay,Something Just Like This,103,611301
Dj Raaban,Anima Libera (ReMiX),178.55,8704
B0UNC3,Distorted Reality,149,12609
KIRA,MONSTER (feat. GUMI),118,1155614
Hanon,QUEEN,170,1832042
Eve,Ambivalent,188,1250977
Fujiwara Chika (CV: Kohara Konomi),Chikatto Chika Chika (TV Size),178,917930
Rootkit,Against The Sun (feat. Anna Yvette),174,340263
Cranky,Time Alter,160,847900
Aimer,SPARK-AGAIN (TV Size),180,1206396
Forts,Against the Tide,144,2383952
Takayan,Jinrui Mina Menhera,166,1406904
Shiyui,Hollow,190,2304917
Masayoshi Minoshima feat. Mei Ayakura,Lionheart,132,126539
Tomatsu Haruka,Monochrome,115,25664
POLKADOT STINGRAY,Diver,155,1623365
Orange Lounge,MOBO * MOGA,172,1501294
chelmico,Easy Breezy,186,2274159
Kendrick Lamar,DNA.,140,2274721
Kanye West,POWER,154,1456297
reset,escape (Short Ver.),126,2307272
Electro.muster feat. Chiyoko,Come Home! Princess,170,2354719
S3RL,"Well, That Was Awkward",175,660109
RADIO TAPOK,Durak i Molniya,176,1982473
"Memphis Cult, Groove Dealers, SPLYXER",9mm,155,2113967
DVRST,I Hate You I Love You,174,1882223
IOSYS,Re: Usatei (Short Ver.),175,857734
YOASOBI,Kaibutsu (TV Size),170,1329716
wotoha,Digital Life Hacker,160,2440729
boa,Duvet,93.14,1424150
Yoko Takahashi,Zankoku na Tenshi no These <TV.Size Version>,128.64,672960
i2ka x Tanchiky,Voice,198,2140099
Will Stetson,POP/STARS,85,917345
"Tomita Miyu, Onishi Saori, Ohzora Naomi, Hanazawa Kana",Hallelujah*Essaim,200,559248
Carly Rae Jepsen,Call Me Maybe,120,54954
Coalamode.,Nanairo Symphony -TV Size-,155,319969
Suda Keina,veil (TV Size),150,1004116
YUZU,Hyouri Ittai,160,347357
Wakeshima Kanon,Tsukinami,180,896080
NIGHTMARE,Alumina (TV Size),185,831192
Komiya Mao,(can you) understand me?,185,409898
Jun Ishikawa,Sky High,176,19880
toby fox,Spider Dance,230,750458
Ava Max,Sweet but Psycho (Sped Up Ver.),166.25,2134625
DJ'TEKINA//SOMETHING,Hidamari no Uta,128,831322
ZUN,Faith is for the Transient People,165,12119
MDK,Fingerbang,112,559525
toby fox,Battle Against a True Hero,150,2142723
nanobii,HYPERDRIVE,174,883505
Panda Eyes,On My Own (Cut Ver.),174,1720516
CHiCO with HoneyWorks,Heart no Shuchou,185,1112051
Mindless Self Indulgence,You'll Rebel To Anything,203,2597
Lucky Twice,Lucky (Nightcore Mix),150,1641849
Shikata Akiko,Shinshoku Suru Sekai,78,1124880
Flux Pavilion,Pull The Trigger (Maduk Remix),175,1279136
S3RL,Little Kandi Raver (Original Mix) (Cut Ver.),175,1108252
Bad Bunny x Mora,Una Vez (Cut Ver.),168,1267543
Vickeblanka,Black Rover,204,1419615
kessoku band,Guitar to Kodoku to Aoi Hoshi,193,1880007
eyelis,Kizuna ni Nosete,136,1799321
Apollo,Brazil,223,2104327
TWICE,HAPPY HAPPY,180,1006690
P!nk,Please Don't Leave Me,138,10342
Kalafina,heavenly blue ~TVsize~,157,194861
BIGBANG,Fantastic Baby,130,49942
Nor feat. Natsume Itsuki,LOVEHOLIC,180,2366774
Sound Souler,Aqua Stars,192,1085144
HyuN feat. YURI,Disorder,193,891632
"AKUGETSU, BL8M",BLINK GONE,125,2270355
tieff,Take Your Swimsuit,168,940597
Machita Chima,phony,170,1560617
AC/DC,Big Gun,134,763777
The Beatles,A Hard Day's Night,138,1786226
The Beatles,Here Comes The Sun,131,1588934
Marina and the Diamonds,Bubblegum Bitch (Nightcore & Cut Ver.),190,2282704
Ashnikko,Paint The Town Blue,165,2246891
LeaF,MARENOL,140,1070820
League of Legends,Hanami ON THE RIFT (PV ver.),172,892362
Lieless,WE ARE THE PEOPLE,170,2123963
Susumu Hirasawa,Forces,120.02,20447
COOL&CREATE,Saishoukichiku Imouto Flandre S,200,14853
FIFTY FIFTY,Cupid,120,2007371
40mP feat. chano,Yuugure One Room,220,1790796
THE ORAL CIGARETTES,Flower,192,878327
Reol,MONSTER,164,661483
Mrs. GREEN APPLE,Inferno (TV Size),185,1009278
Apocalyptica,Reign of Fear,182,347136
Hotaru (CV: Ohashi Ayaka),Sweet Surrender (TV Size),178,1825116
ClariS,Connect -TV MIX-,175,203567
Linkin Park,One Step Closer,190.14,909620
Linked Horizon,Jiyuu no Tsubasa (TV Size),157.5,104986
TK from Ling tosite sigure,unravel (TV edit),135,201141
OR3O,"Doki Doki Forever (ft. rachie, Chi-chi, Kathy-chan*)",165,783394
Sawano Hiroyuki,YouSeeBIGGIRL/T:T,87,1942326
supercell feat. Hatsune Miku,World is Mine,165,1320333
The Prodigy,Omen,140,11638
Black Eyed Peas,Boom Boom Pow,130,1263837
Guns N' Roses,Sweet Child O' Mine,130.25,22690
Creepy Nuts,Mirage (TV Size),118,2398378
EYKHA (CV : Sawashiro Miyuki) LOU (CV : Uchida Maaya) MERYL (CV : Terui Haruka),Delta Decision,185,494606
Hachikuji Mayoi,Kaerimichi,175,9396
NicoNicoDouga,Moruze Senshinkoku ToraDora!,158.6,4782
Sakuzyo,Fracture Ray,200,950681
Co shu Nie,asphyxia (TV edit),165,758101
Futakuchi Mana,Inkya Impulse,140,2069164
IOSYS,CAMELLIA! ~Dangerous Camellia Vacation~,180,18879
Capitan Tekno,Profondo Rosso,138.05,6062
cYsmix,Haunted House,128,1092919
Ni-Sokkususu,Blade Dance,187,372851
Hoshikawa Sara,Vampire,164,1457867
Aiobahn,Sugiyuku Hi to Kimi e (feat. nayuta),105,1126358
cillia,FIRST,190,323961
G-DRAGON,CROOKED,130,607613
Foreground Eclipse,"Dear, Are You Getting Sober",182,1431969
senya,Kanjou Chemistry (Drum 'n' Bass Remix),174,92509
Yousei Teikoku,Sacrifice,270,2254858
senya,Koyoi Index,140,234455
Sandu Ciorba,Pe Cimpoi,140,96374
Marina and the Diamonds,Bubblegum Bitch,158,666700
Hamburgaga,Fubuki Guys,165,1281581
Ricky Martin,Livin' La Vida Loca (Spanish Version),178,1337085
Komiya Mao,(can you) understand me?,185,456986
Jenny And The Mexicats,Labios,196,534813
Tanya Degurechaff (CV: Yuki Aoi),Los! Los! Los! (TV Size),240,811822
Rengoku Teien,Gasei Sozai sono 1,100,214038
PORNOFIL'MY,"Papa, Ne Pey!",184,936950
Who-ya Extended,VIVID VICE (TV Size),184,1349363
Vickeblanka,Black Rover (TV Size),204,1224232
XXXTENTACION,SAD!,75,757410
SIX LOUNGE,Without any words (TV Size),181,2266195
supercell,Kimi no Shiranai Monogatari (TV Size),165,24472
Aqua Timez,Mayonaka no Orchestra (TV Size),137,26716
supercell,My Dearest (TV Size),167.8,38579
BAND JA NAIMON!,METAMORISER(TV Size),196,591607
BiSH,PAiNT it BLACK (TV Size),212,936345
Wada Kouji,Butter-Fly (TV Edit),165,26044
Eve,Bokura no (TV Size),183,1926961
R3 Music Box,Idol,110,2127932
yanaginagi,Zoetrope (TV Size),184,73155
Hyper Potions,Jungle Cruise,177,1171007
Britney Spears,Toxic,143,1061947
Joey Barrett,Harmonizing GM Hikaru's Insane Strategy,97,1911346
James Landino,Arsene's Bazaar,155,1972324
Crush 40,I Am... All Of Me (Game Ver.),190,819347
Jun Senoue,Seaside Hill,160.16,18393
TWICE,CHILLAX,109,975301
Ali Tabatabaee & Matty Lewis,His World,178,525
Yasunori Shiono,Jimmy and Tommy,120.87,561762
Pierce The Veil,King For A Day (feat Kellin Quinn),226,297909
sana,Kotonoha Clinic,151,419189
DM Ashura,Classical Insanity,175,79149
rusino,Looping the Rooms feat. Hatsune Miku,162,2514004
cYsmix,triangles,160,1841885
Yu-Peng Chen @HOYO-MiX,Reconnaissance Captain,121,1542486
ASCA,RESISTER (TV Size),183,909776
yanaginagi,over and over,183,685935
ClariS,Gravity -TV MIX-,175,582785
AKINO with bless4,EXTRA MAGIC HOUR,180,218098
ICHIKO,I SAY YES ~TV version~,167,318721
Linkin Park,Over Each Other,148,2269902
Tominaga Tommy Hiroaki,JoJo ~Sono Chi no Sadame~,146,713688
The Cranberries,Zombie,83,2089048
twikipedia,again,180.66,1784853
Shishido Rumi,Fushigi Purupuru Pururin Rin!,150,6218
Jane Remover,Magic I Want U,132,2448779
kors k,smooooch -Akiba Koubou mix- / Remixed by DJ Command,172,2079191
Lapfox Trax feat. guilhox,Lapfoxed Forever,220,59521
halca,FIRST DROP (TV Size),138,1242594
isonosuke,Bongu (feat. Chis-A),160,2199926
Suzuki Masayuki,DADDY ! DADDY ! DO ! feat. Suzuki Airi (TV Size),138,1147361
MARETU,Umitagari,133,966574
Tatsuya Kitani,Seija no Koushin,158,1608109
Steve Aoki,New Blood (Koven Remix) (Cut Ver.),175,1545512
Gotye,Somebody That I Used To Know (feat. Kimbra),129,1617667
Hensonn,Prey,160,1946344
Various Artists,Umapyoi Legend (English Ver.),170,2397964
REDALiCE,Great Nano Desu,172,7691
Suzuki Konomi,AVENGE WORLD (TV Size),185,1557051
MONKEY MAJIK,Running In The Dark,125,1899408
sasakure.UK,the EmpErroR (Full Ver.),240,2234307
cosMo@Bousou-P feat. Otomachi Una,Gizaba Crazy Letter,280,1954194
Takeru Kanazaki feat. Caro,Hresvelg no Shoujo ~Fuuka Setsugetsu~,172,2313238
Yoshii Kazuya,Chouzetsu * Dynamic! (TV Size),192,1587507
Uehara Ayumu (CV: Onishi Aguri),Yume e no Ippo,170,1472399
UNDEAD CORPORATION,Karakurenai,170,1232084
KMNZ LIZ,White Happy,160,1438024
BUD VIRGIN LOGIC,x Senritsu -Schlehit Melodie-,190,1569807
ZUN,Bad Apple!!,160.8,253501
ZUN,Love-coloured Master Spark,169,6030
cYsmix,Little Knight,160,791845
Liz Triangle,Who Killed U.N.Owen,127,796544
ZUN,Desire Drive,158,1276352
Owl City,Fireflies,90,565702
Jake Kaufman,In the Halls of the Usurper,150,188471
Hatsune Miku,Love is War,87.5,8163
Daniele Meo,Adesso Balla (Butterfly Remix),154.4,56589
GRANRODEO,Setsuna no Ai (TV Size),165,949559
Neru feat. Kagamine Len,Law-evading Rock,155,1022767
Momohara Natsuki (CV: Murakawa Rie),Natsuzora Yell (TV Size),170,854509
Hanasaka Yui(CV: M.A.O),Harumachi Clover,142,557832
FELT,In my room,165,206284
A*Teens,Gimme! Gimme! Gimme! (Nightcore Mix),162.51,46218
Shirakami Fubuki with Kurokami Fubuki,Override,204,2278555
Hoshimachi Suisei,KING,166,1457209
Hoshimachi Suisei,Bluerose,140,1640832
Ado,MIRROR,114,2192832
JVKE,golden hour,189,1882952
Hanasaka Yui (CV: M.A.O) feat. Koalazy,Harumachi Clover (TV Size),142,780651
Runblebee,Sonic Speed Riders,139,17426
Kawai Sprite,Ugh,160,1514399
8eeni,Intense 7,120,2088232
Daft Punk,"Harder, Better, Faster, Stronger",123.5,9183
Sasaki Sayaka,Golden Mission (Short Ver.),146,1347503
binaria,Kamiiro Awase,150,506771
Natasha Bedingfield,Unwritten,100,5153
Rungran,d.m.c (Band Ver.),180,52203
Green Day,Boulevard Of Broken Dreams,167.25,1941
RADWIMPS,Katawaredoki,130,608723
Bora,Shine,183,809992
senya,Kataomoi no Bigaku,150,363504
Ben Franklin,No Way Back,157.98,25281
R3 Music Box,FREEDOM DiVE,82.5,2214814
Drumsound & Bassline Smith,Through The Night feat. Tom Cane,175,685499
Victorious Cast,Take a Hint feat. Victoria Justice & Elizabeth Gillies (Nightcore & Cut Ver.),164.08,2294177
nicopatty,shop,102.97,2043327
Pedro Silva,World's End Valentine,162,2354135
nyamura x haya na,+Moshi Moshi Darling<3,180,2445102
XXXTENTACION,Hope,146,1091268
sheki.,ari venti w/ Young Citrus,128,933455
Stan Smith (CV: Seth MacFarlane),"Good Morning, U.S.A. (TV Size)",150,1383276
Feryquitous,Central Nucleus,175,814673
Ado,Episode X,174,2289857
Dimrain47,At the Speed of Light,162,2399376
dj TAKA,Hollywood Galaxy,186,48196
Cafune,Tek It,147,2353822
Imy,Synapse,130,2526199
in love with a ghost,cute and soft,116,2120611
Dan Salvato,Your Reality,105,712959
Blackmill,Home (Full Version),140,179856
Yuaru,Asu no Yozora Shoukaihan,185,384772
dia,EEEE A,137,2487799
S3RL x LIDA,My Girlfriend is a Raver,175,1511331
Bob Sinclar feat. Steve Edwards,"World, Hold On",127,1043944
bilbordy,ischezayu,172,2340652
gmtn. vs. kozato (fw. LUZE),squartatrice,180,679272
Brian the Sun,Lonely Go! (TV Size),204,2150857
Atarayo,"""Boku wa..."" (TV Size)",180,2152471
Junichi Masuda,Battle! (Champion),187,2015621
Kendrick Lamar,untitled 03 | 05.28.2013.,104,2298168
EGOIST,Eiyuu Unmei no Uta,177,682621
Hitsujibungaku,Burning (TV Size),96,2208152
YOASOBI,Idol (TV Size),166,1977083
LiSA,Brave Freak Out (TV Size),199.95,1504180
Ikimonogakari,Netsujou no Spectrum (TV Size),160,1250507
Reku Mochizuki,INFiNiTE ENERZY -Overdoze-,180,2199117
grandson,Dirty,160,1885174
Murasaki Shion,KING,166,1301332
fourfolium,SAKURA Skip,165,499643
So Sus + Konka,Acorn,135,639057
LeaF,Alice in Misanthrope -Ensei Alice-,172,588475
NIVIRO,Memes (Speed Up Ver.),143.35,776928
Two Door Cinema Club,Undercover Martyn,159.88,1337086
NateWantsToBattle,THE DAY,186.2,1464434
Will Stetson,Rainy Boots,144,1557729
SPYAIR,RAGE OF DUST (TV Size),240,1172436
ONE OK ROCK,Cry out,168,790512
Shokotan Daisuki Dempagumi,PUNCH LINE!,185,874345
Zachz Winner,blu,155,2314502
Julian Smith,Racist Coffee,120,31284
Three Days Grace,Unbreakable Heart,140,346339
ChouCho,Sora to Kimi no Message,130,366070
Shiki Natsume (CV: Kanako),Sweetest Bitterness (Short Ver.),156,1578922
Luck Life,Naru (TV Size),139,905071
Girls Dead Monster,Crow Song,174,15391
LiSA,ASH,192,826992
yanaginagi,Tokohana (TV Size),169,166583
mafumafu & amatsuki,Kasyokusei:Idol Syoukougun,200,76366
Silver Forest,Kero (9) destiny,172,1670776
(K)NoW_NAME,STILL STANDING (TV Size),200,1661933
Suda Keina,veil (TV Size),150,2044880
Yorushika,Gogatsu wa Hana Rokushou no Madobe kara,180,1623792
"Chito (CV: Minase Inori), Yuuri (CV: Kubo Yurika)",More One Night (Assertive Hardcore Bootleg) [short ver.],170,714239
Crazy Loop,Famikon,140,4594
Susumu Hirasawa,Aurora 2,140,10978
ZUN,U.N. Owen wa Kanojo Nano ka?,155,2211447
IOSYS,Scarlet Keisatsu no Ghetto Patrol 24-ji (Short Ver.),160,2256857
KAKU P-MODEL,Big Brother,190,472440
Unknown Artist,Guess,140,2313760
HOYO-MiX feat. Robin (VO: Chevy),Sway to My Beat in Cosmos,100,2181168
Falcom Sound Team jdk feat. Sazaka Megumi,Ashita e no Kiseki -Opening Size-,184,999739
Meguro Shoji,Reach Out To The Truth,170,1049655
NormCore,Countdown (TV Size),194,887041
Daisy x Daisy,Aoi Tsuki,183,968777
mafumafu,Sacrifice (TV Size),192,1564631
M2U,A Bella! (feat. Lucy),160,799084
Frums,Wavetapper,112,866661
Banya,Beethoven Virus,162.01,540
kradness&Reol,Remote Control,165,351630
Hatsune Miku,Black Rock Shooter,165,7381
SawanoHiroyuki[nZk]:mizuki,&Z (TV size-English ver.-),158,259907
"Ichiki Mitsuhiro, Masuda Toshiki",Hanamaru Shirushi no Hi no Moto de,184,716976
Raffi,Bananaphone,182,8277
Inori Minase,REAL-EYES (TV Size),176,1651869
Sodium Iodate,Sucrose Overdose,168,1761965
ALTIMA,Burst The Gravity (TV Size),148,1712803
Amatsuki x mafumafu,Mikazuki Resize,194,1255057
Utsu-P,ATARI FRONT PROGRAM feat. KAFU,85,1443188
Lil Nas X,MONTERO (Call Me By Your Name) [SATAN'S EXTENDED VERSION],89.5,1545780
TUYU,Doro no Bunzai de Watashi dake no Taisetsu o Ubaouda nante,225,1246100
MARiA,Harugare,175,1685216
Elliot Hsu,Reality Purge,202,1508500
MARETU,New Darling,195,2491871
Stefan Karl Stefansson & Mani Svavarsson,We are Number One,162,534404
NIWASHI,The Fascinating Cat's Eye,132,1710885
24kGoldn,Mood (feat. iann dior),91,1254472
SHIKI,Pure Ruby (Game Ver.),178,2179269
SID,Ranbu no Melody (TV Size),192.1,22648
Kano,Kyoufuu All Back,135,1995835