id,name,ppOld,ppNew,ppDiff,minuteUpdated
10790649,Kalkai,30086.1,29401.75,3770,29790163
758406,dressurf,28450.6,28725.19,5097,29790163
1433586,butanic,28697.5,28013.65,3746,29790163
10083439,bojii,27566.5,26152.37,1366,29790163
4477497,cheewee10,27634.7,26108.72,1020,29790163
10303887,oct4,27123.3,25679.13,1080,29790163
2402586,HanJaeHun,26445.4,25619.33,2833,29790163
766374,LostCool,26687.4,25534.00,2092,29790163
6117525,ruka,26786.5,25409.32,884,29790163
24675802,logann,26805.7,25308.32,880,29790163
11420405,Ojisan-,25042.6,25118.97,4968,29790163
13026904,tyrcs,26450.5,24980.92,1825,29790163
15927535,venyez,26176.8,24826.91,1339,29790163
19791211,DellyK,26158.2,24733.24,1071,29790163
19965357,NLWasTaken,26248.4,24697.96,211,29790163
6132697,Suzuha_l,25438,24692.18,3541,29790163
10132430,NKEYBOARD,26035.2,24609.92,1237,29790163
10910337,human,25689.4,24479.28,2359,29790163
12572401,mpreg,26004.3,24440.89,-233,29790163
12598261,MayanoTopGun,25769.5,24284.21,1155,29790163
25938507,L5645453,25385.7,24264.88,2025,29790163
12040572,hamina,25225,24153.90,2657,29790163
26688450,Luqas,25351,24097.16,1363,29790163
8716749,Dety,25268.5,23986.35,1268,29790163
13465246,TheSnowie,24589.5,23901.73,336,29790163
8273098,My Angel Koishi,25247.8,23880.60,1589,29790163
28686998,NXLLIFICATION,24776.3,23833.02,2601,29790163
10512663,af-,25139.5,23613.94,1130,29790163
9880422,rubyy,23784.5,23584.38,1452,29790163
14318312,[Crz]Reimu,25043.3,23505.90,938,29790163
17557759,Lynxaar,24462.5,23424.32,1775,29790163
12634757,YunJeong_U,24843.2,23331.40,1145,29790163
24849011,INightPlay,24477.2,23263.05,860,29790163
2071008,yz1155,22694.2,23243.97,7211,29790164
14281898,Sensegs,24740.6,23207.13,1060,29790163
19446399,Robeats,24784.5,23149.12,-551,29790163
13018117,josiaxarg,24594,23109.55,-71,29790163
20834055,_yea,24298.9,23026.35,1236,29790163
9428989,4044,24043.7,22920.40,1564,29790163
10622472,Sprrumnk Lokii,24338.7,22916.77,1181,29790163
16566148,M2UFanboy,24049.5,22907.56,2012,29790163
10569738,QingJiDing,24178.7,22860.18,1570,29790163
7304158,Crusher,23869.7,22800.98,2265,29790163
89545,VanWilder,24229.8,22798.64,1600,29790163
13847712,DannyXLee,24073.2,22647.50,1269,29790163
7381289,Stink God,23956,22623.03,816,29790163
14880391,BanDalGom1,23630.8,22614.27,3284,29790163
3375226,hero_jeff,24199.4,22549.36,512,29790163
31491582,Astrahv,23458.2,22548.47,920,29790163
7589503,RaffCo,23168,22353.80,2967,29790164
23779738,NamelessFanatic,23882.4,22259.68,-221,29790163
5332153,cr1sp,23849.2,22218.17,439,29790163
485007,rainlily,23308.5,22105.53,2283,29790163
17303433,pboo2424,23653,22101.59,-458,29790163
10553101,Wintering,23134.2,22089.66,2357,29790164
10011429,[ misa ],23224.9,22088.80,2097,29790164
16012377,[-Tricked-],23328.2,22070.10,895,29790163
28917056,ToukiM,23633.3,22047.98,223,29790163
18338179,bagjettka,23523.8,22041.60,68,29790163
25826291,RinFall,22841.2,22023.46,454,29790164
17651703,Leni,23275.7,22017.91,1298,29790164
18043326,Joki_,23073,22000.80,-168,29790164
3155787,MoTeSolo,22760.3,21987.25,2928,29790164
20809032,zec,23531,21918.45,931,29790163
12017594,Leototo,23410.7,21841.72,790,29790163
22791301,_93,22781.7,21815.35,2373,29790164
8677684,Onta_Bekasi,21191,21799.84,1323,29790164
15690480,do you fart,23116,21742.38,211,29790164
5402803,OutLast,18847.8,21681.64,487,29790165
16734203,instal,23011.2,21654.51,-1265,29790164
18282863,HxcQ777,21959,21649.36,4287,29790164
6968857,[NaNachi],23018.7,21530.12,710,29790164
6066359,_Yiiiii,22393.5,21504.88,1345,29790164
7851086,kiaod,21856.9,21490.27,3878,29790164
19970192,saragi,21161.7,21420.47,3212,29790164
7727987,Neokje,21405.9,21291.34,4673,29790164
18664411,Potaterr,22551.6,21280.91,1567,29790164
11956607,Adogg145,22180.9,21209.35,2393,29790164
11799958,buenoo,22867.9,21174.69,-889,29790164
7014697,Estonians,22021.6,21054.13,2243,29790164
137227,ideu-,21110.2,20971.67,4561,29790164
3036686,Istaroth-,20562.5,20962.23,1856,29790164
6857841,timebuka,14926.8,20945.88,712,29790172
18271627,grillroasted,22133.8,20887.53,971,29790164
8046839,Alchemy,21142.8,20878.34,4002,29790164
4270732,rlarkgus,22485,20834.56,142,29790164
19367321,xinhun,22017,20824.29,283,29790164
36370211,LivCat,22191,20788.35,990,29790164
10374991,Sirelia,22319.8,20736.65,-308,29790164
11290311,Tyronix,21940.9,20725.71,1523,29790164
8748664,Arona,20942.9,20671.83,4528,29790164
24144271,eiEn_,20626.6,20614.85,2811,29790164
3874031,ComfyKroomy,22177.4,20613.39,-132,29790164
10878878,chumpup,21001,20590.94,2874,29790164
34706557,Kano46,21786.9,20577.56,48,29790164
3154852,aitor98,20697.2,20553.78,4790,29790164
877011,Berrii,20871.4,20516.91,4123,29790164
34643106,Wolfu__,21621.1,20459.38,771,29790164
7860283,Summit_,21349.3,20449.50,-1293,29790164
5527957,Meiju,21501.6,20426.95,371,29790164
6556530,9eater,22018.8,20363.74,364,29790164
33192317,-NESS-,21288.3,20345.70,2787,29790164
18766595,Kyuui,20687.7,20307.28,-1435,29790164
10072733,myucchii,20301.9,20223.21,1854,29790164
17932840,Modern,21634.1,20210.00,963,29790164
2288363,SillyFangirl,21018.7,20091.19,1305,29790164
33740116,SnowFlake7,21456.6,20072.16,1112,29790164
26228192,SUNec4_,21210.6,20049.43,178,29790164
34170717,Rubing,21441.9,20031.08,954,29790164
39561438,takanosu,21175.9,20008.80,1108,29790164
11566799,Shepped,21586,19976.83,593,29790164
2039089,arcwinolivirus,20352.5,19928.44,2662,29790164
39397249,Sihowski,20809.9,19900.06,-469,29790164
3885626,Motion,20426.2,19863.01,3497,29790164
31323430,seou_,20308.4,19858.78,3281,29790164
8474029,wonder5193,17812.6,19853.02,4603,29790166
17137414,Andrewiscool,21177.2,19850.72,-1468,29790164
33976283,Khoak,21081.1,19797.35,445,29790164
11429144,LeongKat,20240.6,19795.02,2988,29790164
16415677,uni3924,20788.7,19752.64,1383,29790164
10079171,Epi75,20937.8,19746.15,2567,29790164
7195415,wy_,19951.7,19733.16,4940,29790164
21846136,StupidSnake,21118.4,19729.68,33,29790164
37306889,OhAram,21219.2,19699.57,406,29790164
23674122,Lammy,21003.7,19617.55,430,29790164
10887359,Bozbro555,21189.4,19576.05,-293,29790164
12055954,sir aelay,18451.5,19569.02,1410,29790165
14631339,lnote_,21182.1,19511.42,211,29790164
2722489,Cielo Day,19790.2,19424.47,3394,29790164
7156634,bms,20071.3,19424.33,788,29790164
17753122,invadey,19640,19407.75,1428,29790165
12830719,jangwook,20885.3,19354.34,-377,29790164
8534840,DawnX,20153.4,19347.75,1112,29790164
15903870,pulip,20677.5,19315.87,-1576,29790164
6336721,[Paw]FIood,20725.3,19278.84,-466,29790164
26473894,imyeeyee,19684.2,19273.83,526,29790165
8035811,Nara_S2,20470.1,19249.55,1738,29790164
14245127,osagechan,20174.2,19247.36,2191,29790164
28299216,SENSAMA,19113.2,19245.96,151,29790165
20360332,bambi fnf,20329.8,19204.76,702,29790164
34205111,[LS]Maftaliv,20581.6,19192.19,1414,29790164
14588134,Endorfinn-,20663.8,19169.14,920,29790164
11658296,[hgamea],20236.5,19154.07,1823,29790164
22157047,-Z_Z-,20446.6,19138.08,1027,29790164
11976455,Enie,20503.4,19099.54,278,29790164
1020304,NKZoyDkKalBoJun,19542,19099.13,3519,29790165
12101157,nickulott,19987.6,19086.92,843,29790164
15514768,Kristina-,20327.2,19058.96,-271,29790164
7082178,[Crz]Satori,19239.9,19051.24,3844,29790165
18142679,U a,20516.2,19016.45,111,29790164
33946882,assei,20671.2,19006.11,298,29790164
24140109,- Kopi -,19901.2,18968.75,1527,29790164
26646233,- SzymeQ -,20566.5,18964.37,-721,29790164
30469374,StirFriedShrimp,19130.5,18952.43,1787,29790165
13847951,Dale940,20210.2,18929.38,-76,29790164
13408635,[LynX],17338.4,18910.28,184,29790166
16270273,[UTGY],19849.7,18891.05,2499,29790164
25750653,WandrYondr,20449.9,18858.16,-1516,29790164
14626174,badu704,20362.4,18845.29,523,29790164
7516567,Jesuren,20264.2,18833.38,1126,29790164
6378800,my angel zhla,20046.3,18793.07,6,29790164
2655836,Yanamon,18809.3,18792.04,4623,29790165
29511549,tosurashgame,18700.3,18770.91,2021,29790165
11659956,gary061014,19565.2,18770.83,2351,29790165
16162078,Usie,19508.8,18720.74,2098,29790165
38639198,gasirad,19802.7,18711.25,150,29790164
14526718,Zengzengyyds,20180.9,18665.75,785,29790164
10888689,[LS]Gavin,20275.9,18642.59,-1280,29790164
27095968,[TCD] Tony,18996,18641.25,640,29790165
35809437,RoxyMigurdia,20103.5,18635.32,-1473,29790164
25426411,Focoo,20239.5,18631.94,-387,29790164
26236177,doggythatsucks,20048.3,18629.58,597,29790164
1033244,jihak0210,19439.6,18586.87,1344,29790165
35751073,kevoleener,20193.6,18585.49,227,29790164
14952077,yeonho7028,18843.3,18584.18,3523,29790165
11557167,Akala Kai,20064.4,18583.92,729,29790164
17460326,Fairy-,19260.6,18541.23,2674,29790165
6452862,Afro_ilshio,18162.7,18517.52,752,29790165
6556546,Moo99999999,19670.6,18436.58,1358,29790165
35789950,Carrotdollars,19660.9,18344.51,-202,29790165
7515326,[ M Y S T I C ],19113,18324.66,2364,29790165
14160917,CurrenChan,19257.2,18312.29,1432,29790165
14516576,LokSG,19258.4,18310.73,2667,29790165
34677424,sxrq,19009.2,18307.67,454,29790165
17494164,ggeexx1,18740.4,18296.66,873,29790165
10231836,Eucal,18826.5,18251.66,3273,29790165
18236316,Sawdust Inhaler,19536.6,18218.50,-951,29790165
31316743,ueee-,19647.2,18195.34,468,29790165
16092277,LED_oraja,18124.4,18173.24,1488,29790165
8862836,qquark,18826.3,18157.26,2554,29790165
30885120,Firefly Neko,19648.1,18141.11,-664,29790165
11829623,[ -Asriel- ],19209.4,18140.41,2078,29790165
28251667,[Crz]bubu,18346.6,18129.53,1995,29790165
13622614,Harambe,19310.5,18114.60,1695,29790165
9049282,[RUE]Clamati,18614.2,18110.09,3321,29790165
2570019,PhobosX,19568.4,18083.41,561,29790165
30220646,vvvxx,17632.1,18064.92,825,29790166
18288958,eternalize,18533.3,18045.65,1396,29790165
23244116,Manolo_,19497.8,18022.36,456,29790165
10351684,AWMRone,19414.1,18002.79,1042,29790165
13155751,pirsq,19270.5,17983.62,-543,29790165
32175034,gagasssss,18136.3,17959.68,759,29790165
5145688,yeoa-,18322,17943.65,3655,29790165
13359872,[MY] Ril,19426.7,17928.93,-441,29790165
15314355,UmmmMrMoo,18440.3,17918.56,2634,29790165
18837185,Humanod,18049.2,17905.41,1113,29790165
30254673,Dualof4Kand7K,19360.6,17900.94,-1405,29790165
20205897,entelecheia,18075.3,17892.21,2394,29790165
22668430,c_latte,19183.4,17841.78,184,29790165
23259732,saladpoo,18399.6,17831.38,1941,29790165
16297375,Chikarei,19255.4,17825.23,468,29790165
29982924,Sykodonk,18286.4,17816.58,884,29790165
14259202,shiumai_kun,18932.2,17812.88,795,29790165
7975100,Alisi_Bilibili,19084.3,17800.80,1122,29790165
19780970,haydedanny,19283.6,17768.66,-2055,29790165
8370443,Lovelyn,19009.7,17746.97,1003,29790165
25393074,Vbpl_167,18095.2,17743.72,3490,29790165
6431950,Kutar_,19205,17743.38,806,29790165
4414322,[Style],19110.1,17736.77,1242,29790165
16277321,Hanenya,18190.9,17726.67,642,29790165
28014801,Pyn,18267.9,17705.05,808,29790165
24075447,Rei_Insana300,19074.5,17691.53,-1681,29790165
2270126,tangjinxi,18737.4,17686.67,2019,29790165
15656551,TWIL2GHT,19141.3,17685.88,540,29790165
8768801,Subakba,18552.1,17666.55,2094,29790165
14259272,Fuwaring,18874.8,17659.36,1008,29790165
20600375,PatrickPatStar,19276.1,17656.00,-2012,29790165
5604329,Rio1-,19055.8,17654.28,189,29790165
10332424,Rivariec,18672.9,17651.19,1010,29790165
32379983,Idontknowwhathi,18063.8,17630.02,693,29790165
33930869,Flanium,18975,17616.80,1112,29790165
25024313,Scrowler,18152.1,17595.44,2311,29790165
17753835,Hoshimegu Mio,18658.4,17550.83,1366,29790165
27125154,MeganePachi,18754.6,17549.14,1416,29790165
7936344,Torayjin,17888.2,17543.79,3195,29790165
17907690,hnthnthnt,18774.9,17543.02,568,29790165
5190592,SilentParleHorn,18770.3,17498.00,-463,29790165
13471840,Kureha_,18044.4,17443.36,802,29790165
13431947,Jerem[Monkey],18718,17428.68,-167,29790165
32714217,Nowz05,18418.1,17424.61,24,29790165
18032915,_Harae,17810.8,17404.85,3231,29790166
36132589,emuyui,18546.7,17402.58,872,29790165
13450592,Vylence,17908,17393.42,2971,29790165
31956722,KullaiPora,17842.2,17387.93,688,29790166
24193502,Szyszqu,18561.9,17384.30,-647,29790165
3337688,ZYuan,18028.8,17375.64,1042,29790165
10580267,Chenut BS,18756.2,17362.65,606,29790165
4773855,Maffe,18744.2,17361.50,273,29790165
6283029,Legend27,17544.8,17328.41,1244,29790166
13045719,THIS A PERSON,18012.9,17304.04,1183,29790165
24548857,Anterex,17943.5,17294.83,462,29790165
13878539,ERA Veryi,17843.3,17290.94,432,29790166
31646715,WhiteArrow3,18623.9,17263.04,-239,29790165
15079888,ssrykat,17436.7,17246.51,1659,29790166
18867523,flowerful,17851.9,17224.32,667,29790166
30279494,Demersio,18473.7,17189.14,775,29790165
1326008,Retsukiya,18486.8,17181.67,691,29790165
1530308,Zei-,17729.4,17174.24,2631,29790166
16427395,ZilverX15,18307.5,17157.36,-678,29790165
16020685,ShiroPeDeFresa,18488.8,17129.02,-454,29790165
13005943,Lighttt,17660.5,17101.73,-381,29790166
29228400,Je4l0us,18401.1,17097.30,-195,29790165
2416409,2rrrr,18234.2,17078.88,858,29790165
19659006,Mushroompie,17579.1,17074.40,2729,29790166
26494518,sooin406_,17549.3,17065.00,560,29790166
10344857,Naaaad,17872,17062.48,1371,29790165
10001325,Krokodil,18105.6,17042.43,1144,29790165
16207464,tnwl,16923.2,17039.03,4537,29790167
31041154,Rinsresg,17711.6,17037.12,516,29790166
25368506,rodrigo721,18380.2,17020.05,-803,29790165
29606773,Shenzouz,17234,16995.11,2775,29790166
12028216,mashu,17565.4,16988.95,2512,29790166
34441262,Eviternus,17644.2,16977.02,728,29790166
18172498,Tsunakko,18117.8,16961.98,1573,29790165
11585213,Dystire,17582.2,16960.15,865,29790166
14039549,Bei,17472.2,16954.76,839,29790166
23248427,-Veloce-,18057.3,16952.71,-485,29790165
16322711,FakeException,17241,16946.49,3252,29790166
9666710,[EGEJ]Egg_Tart,17294.6,16937.15,3585,29790166
13488325,ottenst,16987.9,16925.58,2097,29790167
34592016,niacin,17532.7,16918.64,-140,29790166
26690747,aero-,17595.7,16907.05,479,29790166
3641012,ctg4266,17276.5,16899.99,1963,29790166
17721836,Natsurio,17581.2,16893.39,2341,29790166
17640814,fishbone2445,18108,16884.56,1677,29790165
16192531,origamibest,18442.2,16870.79,-1738,29790165
4123399,Sadcat,18080.7,16844.61,1764,29790165
36700351,Rulaifozu,18153.8,16835.29,305,29790165
20028293,Lorak_80,12510.3,16800.15,976,29790186
27552902,[GB]ParasolTree,17514.8,16798.84,1295,29790166
20834952,dks9o,17496.8,16796.01,2339,29790166
9918331,firsw,17718.4,16787.86,2270,29790166
23414371,Mahiru2024,17282.1,16786.34,2851,29790166
10817494,KafuuChino,17388.8,16749.36,876,29790166
25300387,-hakitsu,17533.2,16720.30,644,29790166
12094314,Okusann Tifa,17990.4,16719.28,1024,29790165
29721533,ICDYO,17810.7,16706.42,1174,29790166
31309744,ApoLar,17912.3,16694.71,80,29790165
3628783,Vygatron,17837,16687.20,1195,29790166
32785738,Inclemetite,17368.4,16677.37,472,29790166
7746837,TsukiyukiMiyako,17564.6,16676.32,1472,29790166
7222674,Laply,17799.9,16674.84,1507,29790166
3166596,Wewoj,17688.2,16657.87,2139,29790166
20226914,BondLord,16930.3,16656.38,3145,29790167
36113882,YuLuoX,17016.1,16655.03,2040,29790167
9781014,Miwiki,17344.6,16641.00,754,29790166
14943370,Tomskuu,17240.7,16638.98,882,29790166
7590894,ExNeko,17352.5,16627.71,2396,29790166
27655372,kapupa,17382.1,16623.70,132,29790166
24457999,shychu,17260.9,16618.51,2687,29790166
2653437,robby250,17785.1,16596.52,1177,29790166
7853143,faz_cL,17114.7,16594.74,2843,29790166
10823072,KEIZ_,17207,16590.61,2857,29790166
27127815,Mohammed Hebah,17569.7,16584.51,1163,29790166
10400730,-NoName-,16923,16582.13,3566,29790167
8369893,soulseason,16331.6,16573.96,5299,29790168
18473578,Seitora,17450.5,16567.67,488,29790166
36643785,Nullscapes,17488.6,16539.55,-312,29790166
30192793,BengBhengBao29,18081.3,16526.73,-1697,29790165
18563362,Concepte,17168.2,16517.09,883,29790166
38410567,Tsukiyuki1,17562.4,16507.32,1643,29790166
6264519,Milla[Monkey],17617.8,16507.03,1367,29790166
24371689,Noahtjj,17793.1,16505.86,209,29790166
26820084,- AteF -,17405.4,16505.23,1110,29790166
16371466,109,17006,16494.05,2363,29790167
36289388,[LS]N1ku2um3,17222.1,16487.46,839,29790166
12046267,--Pavin--,17252.7,16486.98,866,29790166
37043482,betcover-,17460.2,16479.33,-1130,29790166
33216357,TathedeB,17704,16471.72,1242,29790166
14579257,diviza,17314.8,16461.48,510,29790166
33469995,POUPUNG,17212.6,16451.37,-285,29790166
13122043,Blulletgun,17761.5,16450.55,-19,29790166
36013752,NTcx,16828.7,16447.17,603,29790167
20021208,Goshujin Sama,17532,16445.12,1377,29790166
5818319,masaya,17628.1,16434.30,1025,29790166
21906254,AbriI,17118.2,16429.86,397,29790166
13656264,palmEuEi,17689.6,16427.57,728,29790166
24880938,[GB]hej_067,16531.4,16427.32,3944,29790167
27657112,Randumbs,17757.6,16422.36,-86,29790166
31454909,020101,17434,16410.75,2400,29790166
35528667,ysls19798385,17126.3,16405.30,209,29790166
15806513,jkzu123,17179.2,16388.90,683,29790166
31743951,Jacky_Lover,17158.8,16388.79,515,29790166
29800037,CheyTac-M200,17007.2,16385.76,748,29790167
19223045,GOUYU,17751.3,16384.07,467,29790166
24331923,X-DEN,16929.9,16376.45,2483,29790167
16317888,moonfle,16688.3,16345.27,3348,29790167
14703345,Mito Van,17359.4,16345.15,1390,29790166
34131786,Ist1na,17723.5,16328.07,460,29790166
4726691,Schwi-,17636.6,16322.97,815,29790166
22498408,[SF]LGSXS,17519.7,16317.23,-192,29790166
12248396,-Zenkai-,17366.3,16315.69,-596,29790166
14821320,Tuyet,17215.4,16308.53,849,29790166
36120676,WOEM2436,17092,16302.90,842,29790167
14931745,[LS]Icetify,17160.3,16290.90,-66,29790166
32812883,lanxyh,17613.3,16290.61,590,29790166
25586931,yran,17061.3,16264.99,931,29790167
14767969,- Inaba Meguru,17138.2,16249.53,1667,29790166
6541990,Murasame,17818,16249.28,-1907,29790166
35843349,5092,17290.4,16246.55,201,29790166
16997201,[ DominicieL ],17328.2,16239.24,1169,29790166
3279570,Terni,17493.6,16238.39,1135,29790166
18779409,Kalv,17030.3,16237.09,561,29790167
10236326,YeonHong187,16550.3,16236.26,2135,29790167
14009758,TriDoanGaming,17054.5,16227.98,186,29790167
7673299,nadavv,17053.6,16216.10,1549,29790167
36698132,- Nira -,17617.1,16214.95,-1645,29790166
24780565,Abyss 0,16225,16214.02,500,29790168
16420817,PaIkzu,16236.1,16201.02,2623,29790168
10336332,yeIo,16969.7,16189.22,-451,29790167
24598551,RetroLove,16994.2,16175.72,530,29790167
15838669,kmoe,17312.5,16173.36,995,29790166
14122291,Fuwapiuwa,17208.3,16165.68,921,29790166
24153103,Sigmoid,17208.8,16163.53,-234,29790166
16419138,newneww,17140.5,16153.11,2054,29790166
21707228,Eserack,16541.3,16152.51,1043,29790167
22825158,[Dan],16881.9,16145.90,404,29790167
35839140,hitorigotou213,16970.3,16136.11,-584,29790167
23683024,sawsastiago,17624.8,16133.78,-1274,29790166
12345357,seokseki,16486.1,16125.36,3410,29790167
11144363,Ulazis,17399,16101.10,88,29790166
36008295,Inkral,17159.3,16091.25,981,29790166
8332881,Minnoz,17491.9,16090.18,153,29790166
11624923,Dukitan,17395,16089.82,478,29790166
15267478,maykolmejor,16800.6,16061.72,350,29790167
17075157,_Akatsuki_,17254.1,16059.79,-1153,29790166
14353245,Nice_life,17168.8,16055.30,1668,29790166
31028139,-Nuno,16855,16054.53,-253,29790167
19686164,Kaiera,16783.5,16042.12,878,29790167
9821346,AzusaNakano2,16850.5,16038.62,1915,29790167
3977472,LeeWonJea,16801.3,16034.33,2563,29790167
3632846,lxLucasxl,16521.9,16026.01,2469,29790167
6997459,Shiki Natsume,16699.2,16025.35,2838,29790167
8538906,Hinobara,16634.4,16025.27,2664,29790167
23890527,[Crz]ChenXi,15974.5,16021.68,2636,29790169
10229867,hr601432,15517.7,16015.23,5617,29790170
21738871,Bonguis,16910.8,16011.34,-268,29790167
19113292,[LS]Resolent,16512.8,16007.19,954,29790167
17673611,Anwul_,17302.4,16005.54,-942,29790166
15508957,yeetboii,16418.4,16001.82,388,29790168
34990703,eilander,16815.1,15991.23,734,29790167
7160872,20XX,17055.8,15987.95,1228,29790167
29929002,[MY] VASD,16887,15973.57,-230,29790167
29024004,Meatloaf,16721.8,15959.64,701,29790167
8726178,91sNake,17034.3,15958.05,1519,29790167
17668607,[BBC]Senzawa,16796.8,15956.20,845,29790167
22468508,MadSoiled,16642.4,15951.95,917,29790167
25323782,NikitodeuS,16670.8,15941.25,-179,29790167
7602467,clrty2,17053.5,15938.97,1227,29790167
26383230,QuailLover,17307.7,15932.39,535,29790166
3995140,Nhato_CB,16415.5,15928.52,2567,29790168
14269686,Koro_Sage,16790.8,15924.15,1913,29790167
13601876,Orost,16712.3,15916.86,886,29790167
3846265,VLisa,17222.5,15915.78,-692,29790166
24756728,[Crz]Sakuya,16686.2,15910.92,369,29790167
31706494,C0mp1ex_,16316.6,15904.47,1662,29790168
2573716,Akayro,16192.6,15900.75,3177,29790168
14793944,kanameme,17135.9,15889.39,1191,29790166
16423756,desgracaosu,17109.1,15878.15,-1310,29790166
14217379,Wishtynite,17217.1,15877.17,-587,29790166
21876472,dnraud,17043.9,15876.67,1038,29790167
16787675,Cranium,16696.8,15875.27,555,29790167
34798857,random,17120.2,15871.34,300,29790166
16998777,Styrene,16665.1,15867.45,287,29790167
4961595,Majesty,16555.8,15866.48,971,29790167
18943504,fefedk,16620.3,15864.13,806,29790167
34144068,keiferrari,16532.3,15860.54,3399,29790167
18350349,samyangramyun,15774.9,15858.65,2427,29790169
38542318,azuerdragon,15871.7,15853.75,2447,29790169
13572493,Stoom,16805.5,15853.41,451,29790167
36326427,GDNoob25xd,16295.4,15848.77,815,29790168
38982461,FunniehJames,16457.8,15841.75,698,29790168
22703533,Polygone,16771.4,15841.63,-244,29790167
8574116,lidhen,16354.4,15840.85,2322,29790168
26844936,SomeDumbEtDude,16701.2,15839.09,547,29790167
20286166,[LS] Brian,16658.2,15835.35,167,29790167
11188249,Plutes,16439.6,15834.34,1189,29790168
20277428,Lexpo,16745.7,15827.94,784,29790167
12320264,YuJJun,16351.3,15820.67,2682,29790168
19141386,Pulsing,16656.6,15819.25,509,29790167
32918888,wuzhenxin,16719.2,15810.60,911,29790167
25578486,Lifestyle_,17163.1,15810.28,-160,29790166
6423914,quailty,17016.2,15807.80,1051,29790167
18121419,lyvet,16686.3,15806.56,542,29790167
23387588,cheems jr,16401.6,15796.13,772,29790168
9919550,yukina meng,16336.7,15789.03,2323,29790168
11671235,Mydz,16575.1,15780.66,1076,29790167
27209002,XxRedRidexX,17107.8,15773.03,403,29790167
17258072,Alicia,16677,15772.14,354,29790167
38645439,Jpwan20,16202,15770.90,227,29790168
6694908,X_Devil,16867.3,15768.84,1026,29790167
11731209,Reticent,16823.3,15763.97,1403,29790167
32959401,Harpy-,15940.8,15758.81,1070,29790169
27404774,yui -,16267.8,15757.79,1930,29790168
13289287,Ranshii,16627.7,15753.09,2282,29790167
11636434,Jeersy,15895,15746.73,3744,29790169
32651686,Iroha-,16602,15742.49,481,29790167
34571623,panponger,16183.6,15732.44,178,29790168
26086660,Selcaan,17150,15732.37,-1419,29790166
18018980,lingR,16550.7,15729.22,299,29790167
10055204,Zoobin4,16619.5,15726.08,666,29790167
32579046,ashurn,16571.2,15724.58,266,29790167
9502281,Lolli,17012.7,15718.56,-738,29790167
18342820,Ancuw,16567.4,15716.14,905,29790167
35467839,n-Nisemono,16606.2,15715.27,137,29790167
17152485,dendro_,16398.9,15701.38,1492,29790168
10125072,U1d,15552.3,15698.94,4132,29790170
24026784,achii,16609.2,15693.89,402,29790167
18880773,maciek1281000,16497.3,15675.32,130,29790167
16441559,xBlazemlg,16440.3,15673.87,-361,29790168
23327830,Drippy Meep,16540.2,15673.23,505,29790167
35078039,zmxnksjd,16586.5,15668.27,61,29790167
16918654,JVRed,16818.4,15664.85,784,29790167
11734610,Nepijin,16246.4,15658.93,1588,29790168
35458499,zinkotripas,16448.9,15658.28,102,29790168
33328421,Cafeccino,16477.8,15657.21,364,29790168
24446642,Aepq,16612.1,15650.80,1,29790167
36007833,MagrodonXL,16508.5,15650.27,340,29790167
13967954,Watch01,15956,15642.68,3021,29790169
35526963,weeeepy,16900.7,15638.52,-1663,29790167
13190286,EXSpins,16255.6,15632.87,1434,29790168
3946113,idqoos123,16726.6,15622.59,1014,29790167
30870258,Anthony2308,16394.2,15621.19,208,29790168
9655624,1405512654,15508,15607.27,1064,29790170
31138498,debuti,16456.5,15586.92,743,29790168
36461799,Naronii,16408.9,15584.94,594,29790168
19141228,malza,16448.8,15580.39,312,29790168
16889434,Cranberry,17189.2,15578.62,-1597,29790166
17089357,[RUE]Jeunios,16396.7,15568.59,646,29790168
14960876,O2jam Ultima,16695.4,15565.03,1382,29790167
16588988,croccodile,16420.3,15553.21,322,29790168
10745260,jhleetgirl,16678.8,15552.27,-291,29790167
27640549,a Furina,16115.1,15547.83,647,29790168
20487634,_shu,16355.8,15524.55,-335,29790168
24291557,[TCD]thuypb2009,16446,15521.93,155,29790168
23501956,f4fgoodgirlasmr,16309.2,15512.76,1088,29790168
29991289,jjbl,15694.3,15512.72,1565,29790169
17091831,zidae,16581.3,15509.29,-251,29790167
15447708,Burgundy,16707.3,15497.11,1080,29790167
13385865,Reyi,15626.9,15497.07,2567,29790170
31351460,foxyops,16156.6,15494.51,584,29790168
35010664,KINODIS1,16674.3,15486.55,802,29790167
24834023,jadeisoverthere,15877.5,15485.48,529,29790169
30547574,phimous,16586.2,15463.70,1157,29790167
24736569,Venompuppies,16480.8,15461.10,-610,29790168
35057436,Patience5622,16354.5,15455.10,-373,29790168
4194612,YUKI -,15963.5,15431.19,1445,29790169
21446926,Fier,16255.3,15430.05,970,29790168
22601490,Nico777playz,16112.7,15425.72,259,29790168
32226984,Randomusername1,16190.8,15425.52,334,29790168
25570045,Burgerdog,17059.8,15419.76,-1672,29790167
36570108,ParadigmaticOwl,15991.7,15417.57,1495,29790168
37348773,deathlock,15802.7,15408.79,2368,29790169
26922985,Andie003,16241.5,15400.96,337,29790168
35575753,Yuki_Jiana,16314.2,15395.74,38,29790168
13402917,My Angel Plana,16143,15393.20,678,29790168
18042127,[Crz]IsxI,16892.7,15391.02,-1957,29790167
12599154,Toxic Scent,16232.5,15388.19,671,29790168
30193070,-ShiRoTsz_Dx,16407.5,15387.97,467,29790168
13322711,GGGGGG133,16100.1,15386.92,92,29790168
12779064,qx1b,16598.8,15386.42,-302,29790167
33366048,StarFrostbite01,16371,15386.04,1170,29790168
11817838,Brisket Bacon,16088.6,15385.85,1061,29790168
20541794,[LS]sdkl4,16206.4,15384.78,38,29790168
22175175,YMskmkt,16080.2,15384.19,394,29790168
28951806,rerust,16659.3,15383.69,448,29790167
26904807,Miyai-,16184.6,15382.79,-56,29790168
18483296,keppruff,16874.8,15380.31,-942,29790167
5001658,Fritte,16489.7,15370.11,1319,29790167
21591349,Big noob lol,16385.3,15367.18,-268,29790168
34265718,cangbai,16224.3,15366.29,-126,29790168
12904746,[0v0],16805.6,15361.64,-1528,29790167
30608692,[Crz]Nurture,16118.1,15346.32,760,29790168
12452291,Krn_,16086.1,15333.13,1810,29790168
15889644,HeavenUsurper,15370.1,15325.42,2766,29790170
2820075,gosy777,16486.3,15316.98,1266,29790167
8291500,Seiren Shikino,15702,15307.08,2655,29790169
18356454,Minwoo3098,15952.8,15305.24,1090,29790169
9504954,illumnus,16474.7,15304.11,1317,29790168
27166529,minicrewmate,16137.1,15304.01,-108,29790168
16837177,CappK,15345.8,15303.34,2679,29790170
34933898,snow_stargazer,16683.5,15301.82,-1911,29790167
5068537,- gero -,16452.4,15297.80,1066,29790168
19664675,goodpuppygirl69,16293.3,15296.15,165,29790168
14196373,Verdon,16159.1,15294.38,695,29790168
25673755,netzoid,16382.6,15290.26,-1290,29790168
17308009,Hello_Son,15787.1,15281.27,2680,29790169
39088400,Cressida,15999.7,15278.56,930,29790168
18756838,SHABEST,16204.1,15276.71,1139,29790168
25769457,tiantangw,16561.7,15276.66,-1039,29790167
8911771,Ascelice,16300.2,15271.03,706,29790168
36513815,yut4a,16212.9,15268.42,-120,29790168
32026760,GenirX,15391.8,15257.41,1272,29790170
26140861,Scitra,15257.3,15256.22,2997,29790171
2160513,Kanosy,15785.1,15252.15,3145,29790169
8581031,KIRIMI,16497.5,15248.92,-573,29790167
25654619,moonrocks 4,16013.2,15245.27,587,29790168
15959620,Ishiro,16267.5,15243.29,-81,29790168
16090188,bat5231,16198.9,15236.07,945,29790168
20372838,RealGolden,16601.4,15235.73,-1425,29790167
35268765,Normai_,16055.9,15216.42,111,29790168
12556314,HeSo71,15920.2,15216.41,2403,29790169
30603618,insidus,16125.9,15202.81,355,29790168
15555328,Hawkfrost,16142.7,15201.03,106,29790168
12386417,GreenTeaz-,15656.2,15200.17,2585,29790169
25326813,Tehinal,16072.5,15199.20,1359,29790168
15115710,OsuNoob-_old,15499.2,15194.05,886,29790170
36085552,Nanash11111,16288.1,15190.33,1480,29790168
277044,Entozer,15182.8,15184.27,4260,29790171
27770813,FroceST,16005.8,15174.10,-494,29790168
14075567,bad LN player,16007.7,15173.84,286,29790168
23201183,yousvck101,16222.7,15173.17,-1365,29790168
24036664,nu0,16002.9,15172.87,-31,29790168
12489832,spanner dude,15950,15171.48,1120,29790169
2225008,Skalim,15210,15164.70,4198,29790171
9697642,shanakiss,15574.8,15154.90,2948,29790170
20459395,boxipro,15876.8,15151.98,1382,29790169
3360737,Jinjin,15302.3,15150.93,951,29790171
33801604,Fuyuneel,15629.6,15145.50,1970,29790169
35324750,b1ackcy1,15961.4,15143.55,-2,29790169
7288913,_LASH,15339.1,15140.78,3712,29790170
31891965,DominoMonika,16387.8,15139.82,-1571,29790168
7156052,[HaRu],15523,15137.53,2631,29790170
28917477,10086kfry,15525.7,15135.94,2545,29790170
24776314,Plana_,16092.6,15135.26,647,29790168
26702763,riftoyu,16140.4,15129.13,209,29790168
14412562,HeavenlyFaith,15879.4,15129.07,1393,29790169
16469072,Chevachi,15841.5,15127.82,2095,29790169
22881566,Rodrigos3xo,16463,15124.24,-954,29790168
13545528,xShyzDy,15506.7,15122.03,1636,29790170
30790527,Databyte,16109.6,15121.72,-272,29790168
22386333,chi - i,16484.1,15117.15,-900,29790168
17721427,Wang Jian,16692.8,15112.50,-2079,29790167
29591499,dream2,15627.5,15111.89,461,29790170
8271308,Lung_P,16226.5,15109.36,836,29790168
12452131,gaesol,15916.5,15100.22,-77,29790169
34112607,Danet,16094.2,15099.22,172,29790168
17836733,alley328,15957.2,15095.78,573,29790169
11765280,lunarcoffee,15551.3,15082.02,2247,29790170
6577242,_Reimu,15777.6,15079.88,2474,29790169
17396431,eui,16349,15078.71,-733,29790168
4998501,xNett,16167.5,15077.65,914,29790168
17147440,Kornjii,15301.8,15061.44,2,29790171
40037229,AndreaLovesDOMO,11671.2,15059.82,1899,29790194
13125084,coach79,15566.7,15048.84,-184,29790170
10947900,Kaori Kyan,15949.9,15048.14,1642,29790169
39510219,renovo,15865.7,15045.68,2127,29790169
10340462,Endroma,16103.4,15045.19,1623,29790168
15098503,-Lalito898,15845,15041.47,1095,29790169
8880797,Naito Mare,16081.8,15040.48,275,29790168
17495902,wyrchi8,15908.5,15039.51,329,29790169
10027302,Cyaewin,16333.3,15039.13,-847,29790168
2163585,Snowwind,15565.1,15036.53,2642,29790170
32397022,Shiroko_Beiyi,16008.6,15033.46,-425,29790168
20787698,nakji2810,15916.8,15030.82,658,29790169
25379972,acienator,15531.8,15030.63,2007,29790170
3072921,Callionet,15694.2,15028.06,1683,29790169
19088935,Sayy_,15897.2,15017.03,355,29790169
32611807,Shoost,15879.8,15016.15,429,29790169
10036005,-Oni-Chan-,15584,15002.39,-72,29790170
7216115,Rantte,15687.2,15002.37,2435,29790169
24847256,endernubek,16031.6,15000.77,-844,29790168
25158670,kamladshold,16257.3,14997.71,-1029,29790168
11888159,BaniiYanii,15672.3,14996.55,1845,29790169
31125806,Noxmir,15993.3,14995.94,-145,29790168
25923595,BC1_CI9,15830,14995.15,343,29790169
31185655,SaltFalt,15773.3,14993.48,519,29790169
25690184,JoeyGYGY,15939.8,14980.02,377,29790169
34340319,-Challenger-,15619.1,14978.75,2350,29790170
22674434,noober,15791.9,14969.51,-260,29790169
12906676,Phantom decied,16041,14968.05,547,29790168
36995133,poitiox,16192.7,14961.61,-346,29790168
37037455,nagi__,15321.8,14958.15,2626,29790170
22975802,Juanormal,15640.9,14954.14,73,29790169
34548393,da_bee,15589.2,14952.83,1067,29790170
33965831,spongebob real,15031.7,14946.79,-451,29790172
18508394,Tevelkin,15721.4,14942.69,1430,29790169
30072350,myth1calz,15581.5,14942.13,-55,29790170
10528290,TrueDash24,16022.1,14941.00,705,29790168
21933816,fihh,15899.6,14939.45,-53,29790169
13320197,Divine,15788.5,14939.15,634,29790169
25604245,ERA Nanachi,15762.4,14936.29,243,29790169
34233516,- MatchaLatte -,15837.8,14936.06,375,29790169
15926730,PeachMarrow,15459.9,14934.30,1524,29790170
15513303,Znow,15631.4,14929.76,993,29790169
3603342,SDMseven,14919.2,14926.76,2844,29790172
4952941,Gamer97,15221.3,14925.75,3283,29790171
26103726,LeionTha,15799.8,14924.50,104,29790169
29957843,-GRJ-,15872,14921.88,1995,29790169
24730995,Yunema,15780.1,14920.85,1151,29790169
9401939,U149,16166.4,14920.27,669,29790168
26253851,Aigisfangirl,15690.4,14912.20,935,29790169
23410931,stoneworm,16014,14908.17,-222,29790168
17115114,koshepen,15453.8,14906.98,1541,29790170
29388371,bad maniaplayer,15873.1,14904.84,301,29790169
33318995,specialcall,15329.9,14899.66,-550,29790170
15862779,Aaronzzang,15967,14899.50,-424,29790169
15183087,LiangFenFan,16035.7,14897.40,52,29790168
14003647,-Jameson-,16215.9,14896.53,-585,29790168
11313227,Quotient,15515.9,14894.83,1670,29790170
17106738,Kraehe,15390,14894.37,2475,29790170
15543726,nanonbandusty,15971,14893.36,312,29790169
33834721,TheGreaseBall,15748,14890.37,727,29790169
10696707,Greedom,15406.5,14883.89,2418,29790170
16259193,Momichi,15877.7,14883.59,158,29790169
18111392,minatoaquafan69,15735.7,14882.70,1161,29790169
25174222,Plus_QwQ,15874.4,14881.48,-1426,29790169
35448136,RichMineral,15873.5,14878.77,1959,29790169
8856244,Nakano Yuko,15815.9,14877.99,1243,29790169
16696389,spizman,15459,14872.75,1834,29790170
38795302,qurqale,15627.7,14872.50,-477,29790170
20040607,[GS]hina,15559.1,14870.90,1866,29790170
35494263,LOKSHOON_OSU,15810.2,14865.52,131,29790169
25445118,zKuri,15797,14864.19,954,29790169
23476278,cianskid,15963.4,14864.15,-869,29790169
1824775,inteliser,14582.8,14860.57,4025,29790174
18483399,CaptainLan,15523.7,14856.13,579,29790170
36108015,thx_peace,15396.4,14855.95,570,29790170
23091125,AdamYuan,15235.9,14851.62,2516,29790171
17400577,girlpop,15909.1,14849.21,-155,29790169
7296731,I love furries,15340.7,14842.25,2842,29790170
12115437,Future Kimi,15437.4,14840.74,2663,29790170
19838492,hato,15625.7,14836.99,1013,29790170
36867914,Hellasbpm,15865.6,14835.25,58,29790169
37125773,Centro,15472.9,14830.37,213,29790170
15269436,Lemoncoin,15813.5,14829.94,-263,29790169
19579657,kiwibird01,15816,14829.64,-689,29790169
10105408,kywie,15642.9,14825.26,-504,29790169
16898447,GoldPabilion,15639.6,14824.46,202,29790169
11107867,AKlevenseven,14681.4,14814.56,3199,29790173
19671005,Notddruser,15955.6,14810.64,1406,29790169
30409342,hatanako,15607.2,14807.79,848,29790170
29379793,klobuck,15629,14800.80,390,29790169
12346181,0133,14553,14797.80,4520,29790174
28984758,yuri feet,15690.1,14796.83,52,29790169
8901267,fer789,15099.7,14795.74,3220,29790171
10804091,GDMem,15881.4,14792.79,-62,29790169
34756301,Plancktime,15721.2,14787.00,-351,29790169
25865730,1byte,15754.4,14783.57,346,29790169
35925880,zhitu294,15179.7,14766.47,1250,29790171
32696420,Crz_Zryy,15166.8,14765.00,149,29790171
14324153,ERA Gregorii,16263.9,14758.31,-1750,29790168
23059352,Excluxid,15665.7,14758.21,-10,29790169
21114236,clonedroid,15359.7,14754.84,1290,29790170
11649450,ime,15789.3,14752.32,-938,29790169
1715562,Cawolo,15861.2,14748.51,886,29790169
11106874,Polyester,15789,14748.13,-306,29790169
22440246,zanka,15801.2,14747.17,-449,29790169
3825901,Anemia,15924.8,14739.77,675,29790169
27480074,Taksma,16110,14739.69,-1783,29790168
6605301,sagerao,15783.2,14734.81,-828,29790169
4760676,Lyuna,15115.8,14731.94,2717,29790171
36210798,xuer,15269.1,14730.81,717,29790171
28098890,parponger,14908.8,14725.84,2413,29790172
37591237,Miawwwww,15464.7,14716.78,392,29790170
32066819,Yutori Natsu,15630.4,14715.51,-248,29790169
28720868,Anto_Crasher555,15910.6,14714.20,621,29790169
20496815,4Kenn,15660.6,14703.82,586,29790169
11441915,Lullaby-P1,15564.7,14701.25,2351,29790170
34664189,-Khoa-,15640.2,14698.63,487,29790169
15391485,Einstein,15414,14694.07,818,29790170
24978350,Rushenality,15692.3,14692.23,-316,29790169
8837858,N2Oe-,15596.4,14690.34,466,29790170
38922718,Wistriel,15009.2,14686.29,446,29790172
10649463,[Paw] Winwin,15448.9,14679.20,100,29790170
18160033,Civilian,16126.5,14676.72,-1447,29790168
865132,Reat,15094.9,14675.21,2906,29790171
27168661,eark11,15822.8,14672.37,452,29790169
26904916,kitaikyy,15623.3,14671.18,-660,29790170
9188975,mae0149,14724.5,14669.76,3349,29790173
26866485,icy23,15446.4,14661.12,263,29790170
30380812,[Crz]Elys1a,15366,14660.12,861,29790170
13901048,MireZip,15785,14658.28,663,29790169
35192461,sunghyun0608,14400.6,14657.59,3497,29790174
1626983,Cryolien,13259.5,14657.51,1235,29790181
27297872,trentcard,14150.8,14656.61,5065,29790175
16609701,Yuseol,15768.2,14656.21,-417,29790169
16248394,aa181619,15662.2,14654.41,25,29790169
31755778,shir0kuma,15352.8,14654.37,1769,29790170
10809497,NunotabaShinobu,15539.5,14648.91,697,29790170
23833514,blue reimu,15737.3,14647.33,1115,29790169
8497680,Henni,15647.9,14646.38,65,29790169
4557440,reyss,15422.6,14646.11,2180,29790170
31524315,- Denia -,15662.5,14641.19,-22,29790169
18278945,PocaFangirl,15085.4,14633.00,1927,29790171
3667577,NiAs-,14995.4,14632.75,2856,29790172
17471458,fantasticsiker,16065.5,14632.09,-961,29790168
16119061,Adachi Rei-,15635,14630.58,412,29790169
33946550,MiyamizuMitsuha,15768,14630.44,1044,29790169
29034266,thesayer,16019.8,14625.94,-1729,29790168
35130489,Wickion,15848,14624.69,-1417,29790169
34344384,Nikorofanboy,15122.7,14622.00,1520,29790171
38363768,Vain_,15138,14607.91,2425,29790171
24894204,Rinley,15658.7,14607.48,-123,29790169
16764818,Bob9765625,15657.7,14601.05,541,29790169
33772205,keYcRA,15765.3,14597.65,-462,29790169
30107848,sans1590,15872.9,14596.93,-1546,29790169
24409289,Choofy,15677.4,14595.16,-980,29790169
9630674,Freek,14948.5,14588.70,2454,29790172
36184065,[GB] Josh,15429.1,14587.48,662,29790170
15807199,TheSandCastle,16103.5,14582.63,-1888,29790168
7490871,limtan,13034.1,14580.07,2812,29790182
13975661,lianic,15707.1,14573.96,-111,29790169
32810917,Kyk,15452.6,14566.39,421,29790170
23374994,daarvalo,15406.3,14557.97,801,29790170
26856985,SoftC418,14966.9,14550.04,2478,29790172
7945868,Do at G,14761.4,14548.05,2027,29790173
16769741,Kalm777,14946.3,14545.90,408,29790172
17757419,TehRealAlex,15434.1,14543.05,1483,29790170
11304785,jordan180105,15233.6,14539.81,993,29790171
31709045,Bl1x3r,15397.7,14533.67,541,29790170
13450837,shadowkun-,14858.6,14527.81,2912,29790172
27288518,Shizuku-09,15606.5,14527.34,-145,29790170
31519818,[Crz]anfish1013,15477.9,14520.92,183,29790170
3003778,Henkayy,15535.9,14512.29,749,29790170
16467458,SrIvanARGXD,15350.9,14512.15,-835,29790170
18267981,revokeww,15024.2,14512.01,1153,29790172
7233032,paprotkaaaa,15603,14511.97,554,29790170
34545394,shenmeng,15394.7,14511.13,637,29790170
12457803,BKMC,15536.2,14500.56,1238,29790170
9196671,cllg,15480.8,14498.05,-636,29790170
11794749,snow leopard,15590.6,14495.88,-41,29790170
38368230,Auvelityz,15455,14493.44,150,29790170
18248035,Torru,15609.1,14491.89,902,29790170
31728201,hh27v7,15484.7,14491.45,-238,29790170
12118687,Voezux,15237.8,14477.07,457,29790171
20222452,Suang,15812.5,14473.26,-1619,29790169
903155,Transcendence,14513.2,14472.79,2940,29790174
24553856,taoovnnha,15232,14470.92,439,29790171
24641217,miyaabi_,15548.6,14470.22,-775,29790170
20435157,theman234 tonk,15418,14464.12,771,29790170
23297156,[Crz]RafaelPC,15304.8,14461.23,350,29790171
15912277,-Neonrium-,15820.1,14454.84,-1006,29790169
13858581,grenade,15350.5,14450.14,1749,29790170
32211048,nudragon,15299.6,14448.45,558,29790171
10353340,chimameee,15302.6,14444.00,623,29790171
29165753,shadiaojunshi,15435.6,14442.38,336,29790170
23528661,henryalexbr,15129.1,14433.41,48,29790171
10613612,Merhaf,14952.9,14432.16,2438,29790172
15727775,yoth99,15425.5,14429.77,-184,29790170
32180438,norrfleet,15338.7,14424.99,261,29790170
31104935,ReMESSS,15255.5,14420.63,476,29790171
7095193,Aleju03,15675.2,14420.52,-1983,29790169
7918550,candybin,14775.8,14420.01,2199,29790173
27208738,Psyche03,15163.3,14418.62,211,29790171
36836616,w0rst ln player,15546.1,14415.52,-945,29790170
37923969,ChortaX,15227.4,14414.18,-162,29790171
15548876,Silicosis,15176.4,14413.61,1040,29790171
25864079,GinaFujino,15663.2,14411.90,-1403,29790169
27419503,[quietly],15308.4,14402.27,333,29790171
24287308,4StcHyL,14128.3,14398.47,3319,29790175
36403260,FlameMining,15300.7,14396.93,-548,29790171
38191541,wonsoon Park,15398,14396.79,-271,29790170
16615040,Nicknem_,15470.4,14395.88,-225,29790170
12871335,Rubydear,15591.2,14394.39,-887,29790170
12127515,artsim,15243,14394.04,44,29790171
27541831,-bode-,15346.7,14384.27,-384,29790170
15665805,konkawe,15086.6,14378.68,1109,29790171
9710653,_Moni_,15374.5,14373.59,453,29790170
9760824,7777,13950.6,14371.92,4866,29790176
31701921,MrDan236,15503.1,14371.19,-849,29790170
9116519,Nananana,15262.3,14371.14,1823,29790171
23833099,kilotek,15236.4,14370.20,530,29790171
16131837,Monsterr,15190,14368.91,1936,29790171
34068524,Tharna,15292.9,14367.87,256,29790171
2449200,AncuL,15271.3,14367.78,2067,29790171
34833603,LeBron Jamez,15194.9,14367.23,433,29790171
26925082,fghaiktjjjj777i,14907,14367.18,841,29790172
26261249,Magnes99,15801.4,14364.46,-1555,29790169
15591024,Omagari Hare,15781.4,14364.13,-1177,29790169
31935573,Cossy2,15202.6,14362.04,-98,29790171
32596600,DDSJ,15548.2,14357.92,448,29790170
33473292,yukii4444,15072.9,14356.34,624,29790172
5350761,Whirst,14667.6,14353.40,2793,29790173
34623234,SeiaYurizonoLin,15286.5,14352.58,226,29790171
35237151,NeroWye,15363.5,14347.88,-92,29790170
5424097,Hiraa-,15375.4,14347.76,824,29790170
13170913,csmd,15268.1,14345.02,1618,29790171
33206685,Q9P,15509,14343.95,-723,29790170
27301297,SunnyJ,13822.5,14340.52,3778,29790177
24972681,Szak_,14897.5,14339.04,115,29790172
34288649,Ypa_Roblox5,15100.3,14337.61,-679,29790171
12689667,[Albert],14665.9,14336.27,1902,29790173
9332478,Slick6969,15319.4,14330.93,112,29790171
24511860,_wxzy,15086.8,14329.19,-250,29790171
24449770,1145810,15216.1,14329.09,-172,29790171
235080,auzen,15016.1,14325.01,2605,29790172
25234424,NovakD,15503.3,14322.21,-352,29790170
39442564,verthn,13443.8,14322.12,4232,29790179
15801489,Merlin69420h,15340.9,14319.36,-13,29790170
9602755,Mitto,15381.9,14309.83,-21,29790170
19477584,ComboPower,15277.7,14308.36,53,29790171
15360604,Heian Alien,15544.3,14307.81,-763,29790170
13250642,HoMuRi,14776.9,14307.63,650,29790173
27455673,ZefliN,15255.4,14307.27,214,29790171
23258300,cycl1264,15262,14303.66,-13,29790171
18275001,7hiraSimp,14819.7,14303.41,259,29790173
30243406,unluminated520,15254.2,14302.93,195,29790171
5349855,7co,15727.8,14301.26,-1225,29790169
12346126,iwi,15341.9,14293.08,-705,29790170
31001075,[YPL]Katharxi,15133,14288.06,152,29790171
26997039,Vorpis,15374,14287.42,-723,29790170
36430557,BANG3R,15093.2,14284.14,224,29790171
30234014,koronkun,15158.2,14283.50,692,29790171
11824060,I LOVE REQUIS,15075.4,14278.63,-276,29790172
18270641,[LS]Shark,14851.7,14278.48,2682,29790172
18566390,Nubbo123,15042.8,14273.53,1106,29790172
33695086,[Crz]qpwoeirutu,15242.3,14272.79,-487,29790171
2427023,-Homura-,14734.7,14271.95,2821,29790173
22933961,_Reggie_,14604,14261.07,1312,29790174
13390529,-Aishiteru-,14794.7,14260.93,1457,29790173
20763941,PaperPlane,15212.2,14260.34,246,29790171
5054154,Crazzeh,15488.8,14260.18,-876,29790170
19910862,- Stay -,15324.4,14259.78,-224,29790170
18884854,Min-,14422.5,14258.64,3186,29790174
18390946,unununium,15645.8,14257.36,-1287,29790169
39855970,Rurikon Fangirl,15000.5,14257.02,284,29790172
14030362,-Chen-,15601.2,14255.89,-1065,29790170
22839620,beta carotene,14811.2,14255.88,-1035,29790173
21798971,-Deno-,15262.4,14254.53,-166,29790171
17607162,_Happy,15311.2,14252.33,448,29790171
35767193,Ashrixu,15175.3,14250.90,-153,29790171
15482579,SJIS Cat,15062.2,14248.24,2048,29790172
6148762,Enoku,14690.2,14245.23,2345,29790173
24836266,[BTB]yukaa,15188.3,14244.37,-234,29790171
36489459,MD The Supreme,15178.5,14243.78,294,29790171
25308131,RTrigger,15468.8,14239.58,-204,29790170
36868866,LSxx,15303.4,14237.90,-182,29790171
23291631,Bleeeh,15218.7,14234.24,241,29790171
16233412,[GB]fanqiu,15104.6,14233.98,-203,29790171
34040907,choose life,15161.7,14232.99,143,29790171
14174524,Silicosis 4,15601.7,14232.91,-1802,29790170
14762260,Chordstream,14929,14229.07,-193,29790172
26233321,Vixile,15110.8,14224.43,477,29790171
7286896,RevVoJH,14420.8,14223.86,3776,29790174
13887879,Adic,15243.4,14222.87,-143,29790171
15760722,cowzyzy,15167.3,14221.34,303,29790171
20868243,Attraqtia,14710.5,14220.96,2243,29790173
25311011,Stereotype,14989.5,14220.32,930,29790172
35843897,wushang,15142.7,14219.00,-471,29790171
16399680,loleur361,15551.1,14216.91,-1393,29790170
30924602,Essence,15292.3,14215.68,-536,29790171
15288539,Tsumikiyuzu,14932.6,14214.51,1020,29790172
34455976,[Crz]weweqe,15276,14213.83,-650,29790171
21207706,Shirasu-Azusa,15177.3,14209.94,394,29790171
32503792,woodstockVV,14625.1,14209.31,2296,29790173
31679332,[AT] Funnies,15374.8,14206.25,-604,29790170
8491893,eoc,14588.9,14205.43,3128,29790174
12584420,Vulpsi,15304.3,14203.33,-642,29790171
35665662,mallowtail,15286.8,14202.23,-597,29790171
33013324,niji_te,14806.2,14199.98,872,29790173
30876435,HLDX,15221.2,14197.80,1057,29790171
35484832,Pyrin,15291.1,14191.28,-1002,29790171
37693364,Shynii,15185.5,14184.05,175,29790171
22853033,TitiXI,15324.6,14181.65,-673,29790170
19621477,Rushax,15283.6,14179.87,-463,29790171
24931919,Reiign,15290.5,14173.39,-343,29790171
25750286,Zilava,14711.7,14172.49,1412,29790173
11898245,Andoris,15106.5,14168.18,605,29790171
18687002,tajjj,15149.4,14167.64,-697,29790171
24277812,yukataa,15121.5,14166.59,-284,29790171
16191180,Shice2566,15270.1,14166.19,-121,29790171
35476842,Zatyuu,15173.2,14164.47,-176,29790171
33367316,THE ERAa,15622.2,14163.32,-903,29790170
15772814,Unitori-,15140.8,14160.13,344,29790171
31712034,wwwwmw,15070.4,14159.83,-633,29790172
34454156,MightyTech,15116.9,14159.03,52,29790171
23115247,Nyct,14707.7,14158.55,1434,29790173
25005439,alison,15149.8,14156.29,-267,29790171
36751776,[LLTK]XanoIIMwa,14730.5,14155.93,-37,29790173
32288791,Chiral Cabbage,14727.6,14155.91,757,29790173
566276,Rocma,15343.1,14153.69,-402,29790170
9834350,Procalm,14778.7,14151.02,227,29790173
28985128,NoobGamingRCS,15021,14148.50,-457,29790172
25468030,oofyy,14808,14147.62,888,29790173
15807665,alivn,15213.2,14144.40,-1179,29790171
26252846,alxxz,14727.9,14140.84,930,29790173
27616965,Strufe,15011.9,14137.73,205,29790172
11144284,Yozomi,15229.1,14133.85,-572,29790171
26970862,Wolfesch,15029,14127.20,310,29790172
26117532,madelief013,15181.2,14125.96,-528,29790171
18667176,_eternal,14410.3,14125.15,1739,29790174
9267793,polyesterphile,14440,14122.63,3098,29790174
5990313,Geon_,14663.3,14118.48,2188,29790173
17310024,ilovebloonssss,14821.7,14115.05,1047,29790173
8933873,niv119,14316,14109.41,3205,29790175
23055329,V3lium,15115.2,14101.56,254,29790171
20126778,adzuki,15149.6,14093.82,-900,29790171
21587761,Stillerzzy,15321.9,14088.34,-1189,29790170
29173160,Aurora_STAR,15111.8,14087.55,-48,29790171
105511,turtlewing,14264.8,14087.36,3484,29790175
315646,Aeven,15083.1,14085.80,1160,29790172
33843283,XK2009,14371.7,14076.91,3268,29790174
4238239,Rilipworldwide,15133.5,14074.59,1116,29790171
95915,zzzzv,15149.7,14074.25,1209,29790171
24057093,hisa_knowledge,14421.4,14073.30,2152,29790174
20544648,[LS]Nemesis,15045.5,14073.22,-290,29790172
20846896,[Paw]pwod,15036,14071.16,-545,29790172
10242770,LelPop,13992.6,14068.15,3724,29790176
17611342,[Crz]xuyonghao,14950.6,14066.93,-142,29790172
13921965,DarkMew2,14756.8,14066.26,940,29790173
3191489,Phil,14306.5,14061.83,3068,29790175
37939926,BR_Wolfix,15165.7,14057.61,-526,29790171
23224152,luchenyou,14962.2,14056.98,59,29790172
8900975,BKwind,14999.8,14054.03,1346,29790172
3608278,yuruyuridaisuki,14325.2,14053.18,3063,29790175
38527528,Ten_FuTure,14914,14049.67,-239,29790172
13078474,Jiang He,15133.6,14049.33,920,29790171
10483296,Papago,14049.6,14048.72,2763,29790176
19401891,keep gambling,15022.7,14043.05,-238,29790172
37562313,Aether_mania,15014.5,14043.03,-333,29790172
17851969,em9,14537.8,14038.07,485,29790174
16903499,Egoridzus,14735,14037.05,-153,29790173
34376284,MISOMISO3444,14999.1,14035.02,557,29790172
29511004,- Jose -,15055.8,14033.18,-144,29790172
26275233,[Paw]fenku,15073.7,14026.73,61,29790172
22387787,kkoouutt,15323.2,14025.84,-1859,29790170
35073960,MiRohasy,14903,14022.25,402,29790172
4829234,Mikoler,14183.4,14022.18,1235,29790175
15584916,Fejse,15009.3,14021.84,312,29790172
37881618,Ranmoc,14843.4,14019.75,778,29790173
7590835,jhlee0I33,14380.6,14018.85,2045,29790174
26364539,My Angel Brandy,14856.8,14018.32,525,29790172
13185425,LazyGhost14,15127.5,14016.37,-106,29790171
34823352,DFL,15267.6,14011.31,-1311,29790171
13249066,jkboos,15155.7,14010.89,-309,29790171
33588855,scpkkm,14629.2,14009.77,2452,29790173
12054898,WinVariation,14846.7,14008.14,323,29790173
5235597,Genuine,15295.2,14007.46,-833,29790171
31118835,[SBW]bratbrat,14983.5,14007.02,-16,29790172
25485568,pmt2018,15038.9,14004.89,-397,29790172
32830556,fanfale,15590,14004.40,-1554,29790170
32647421,Carretah,15078.7,14002.79,-621,29790172
15265534,Rotitza,15006.3,14000.95,-28,29790172
19318375,CardoPlayzOsu,14955.8,13998.18,250,29790172
9423922,Velyria,14433,13996.96,1705,29790174
26220463,Baihenai,15039.2,13995.15,-264,29790172
17460875,Mipo,14758.3,13994.97,1297,29790173
13865224,[GB]Xenotia-,15007.9,13993.70,270,29790172
20234457,kekou,14912.1,13992.85,54,29790172
30640092,Hyacinthia,14882.9,13989.11,-160,29790172
21791433,LightGOD,14710.9,13985.12,76,29790173
37181743,Ivusz,14666,13984.40,150,29790173
24973011,pepokk,14854,13983.69,691,29790172
35458163,-4N0N-,15022,13982.98,286,29790172
27029245,WingsOfRain,15018.2,13981.79,-317,29790172
36318046,Alice_mania,15012.6,13980.56,-91,29790172
19834488,-Wintrie-,15010.3,13974.11,552,29790172
12852613,haerinforever,15234.7,13972.13,-548,29790171
1948903,Gonzaalooo,13766.1,13970.50,4077,29790177
13228551,Avirzo,14890.4,13963.27,214,29790172
29274258,Gisel,14802.4,13956.29,1042,29790173
32292004,pizzaboy,14970.4,13954.80,128,29790172
31694981,Lchildren,15090.7,13951.20,-702,29790171
34768436,Tealen,15417.6,13949.97,-1972,29790170
5243536,etterna in osu,14564.8,13949.72,1406,29790174
28764493,aquoniic,14782.3,13949.50,-347,29790173
17075004,Soa,15011.7,13948.67,761,29790172
16018923,skob,14962.8,13947.37,-112,29790172
36528839,rwby_,14254.9,13946.90,2989,29790175
16316432,sintezator,15001.3,13939.80,-331,29790172
26852614,T_KA,14910.5,13936.54,-32,29790172
34519471,eilanderfanboy,15120.6,13932.56,-1079,29790171
15944956,MatchaLatte-,14636.8,13930.39,1184,29790173
35663127,notali,14891,13928.94,-314,29790172
25484414,snowf1ake,14935.2,13926.41,-774,29790172
24104574,Squis1037,14462.8,13926.05,1516,29790174
24079315,TEIBA,14914.4,13926.04,130,29790172
22408406,AlkoOrdino,14968.7,13923.25,-565,29790172
25558684,[Crz]XiaoJun,14307.2,13922.09,1703,29790175
32289237,[SHK]chanliuko,15073,13920.34,-248,29790172
26872327,TeneBryste,14918.2,13919.47,152,29790172
34303832,CoolCyanSherbet,14855,13919.32,92,29790172
27767846,Oort6,14235.3,13918.23,1822,29790175
28358709,user327,15009.8,13915.83,-502,29790172
18560270,Cyaoczxin,14839,13915.20,-90,29790173
22749195,[Crz]Yi_Luo,14927.3,13914.65,-286,29790172
33833222,YoungBurger16,14682.1,13906.26,118,29790173
32697051,liberty_old_8,14815.2,13903.00,197,29790173
33647797,Spat1o,14398.9,13901.87,1286,29790174
10728432,Kaify,14965.9,13900.20,13,29790172
28845808,Duckys,14968,13897.43,-335,29790172
27540621,angela202133,14848.1,13891.62,441,29790173
19554046,Shadow_GM,14942.5,13890.14,123,29790172
22003360,HelloImNoob1234,14908.3,13889.11,109,29790172
17512311,SB CH,15066.2,13887.46,-214,29790172
18521083,[Crz]Neri,14182.5,13886.00,1816,29790175
34120247,frumly,14651.7,13885.80,-252,29790173
13135192,Faelynn,15056.2,13882.09,608,29790172
28848583,[Crz]Sirtian,14593.5,13880.84,979,29790174
35802977,NotAgent_Light,14938.4,13878.29,-902,29790172
26634482,lisachandra,14357.8,13873.68,1730,29790174
36972811,AkiraComplex,14748.2,13871.28,-533,29790173
33226063,KoyokiFine,14725.6,13870.97,-201,29790173
13288401,Damned,14730.3,13870.36,926,29790173
7143444,[Paw]Komane_63,14901.8,13869.85,-445,29790172
32754412,Miyiyiyiyi,14553.5,13867.28,653,29790174
4866977,Lam-,14824.6,13863.60,1346,29790173
25310915,[Crz]Saratoga,14774,13862.61,-158,29790173
28254581,fiantels,14370.6,13859.12,801,29790174
29743849,[GB]Lingyu,15070.8,13856.92,-1009,29790172
32084015,im a new player,14788.1,13855.13,-177,29790173
11643399,Kaya_,14743.1,13854.75,-23,29790173
34979537,S I L L Y,14808.6,13854.32,549,29790173
11544638,Anecdote,14345.5,13853.05,1824,29790174
12961837,Zedrikk,14759,13850.36,1591,29790173
36377175,Mulbok,14820.9,13849.15,39,29790173
11976319,Lv_k,14847.8,13848.98,953,29790173
15561229,letantanh,14736.4,13848.38,-521,29790173
25623334,DaMuffin,14881.5,13847.29,-376,29790172
15763622,Koishi Komeijie,14887.3,13846.82,246,29790172
34206208,Jin_597,14917.8,13845.95,-514,29790172
14128671,Yuzuha_l,13936.6,13845.30,3318,29790176
12949431,Bla178,14612.4,13845.18,730,29790174
30564092,Xyner,14846,13844.71,75,29790173
23257092,Fronty_146,14782.4,13844.12,612,29790173
35850353,UMEKUN,14273.1,13843.60,2888,29790175
32498055,LemieH_,14786.6,13842.74,437,29790173
16969245,[Trz] Holy HD,14823.2,13842.45,-316,29790173
2940660,Hehoooh,13703.9,13842.04,3940,29790178
32108709,Simiri,14967.1,13836.99,-515,29790172
29965441,juliddd,14560.5,13833.09,731,29790174
16407268,_dev_,14485.4,13832.72,1802,29790174
13171482,[Iron],15295.1,13830.74,-1349,29790171
5468855,sukmskin,14795.8,13827.58,1390,29790173
14114899,Lotex09,14922.4,13827.47,-700,29790172
12431407,kang999,13765.1,13825.56,3767,29790177
10831582,Ganyu1,14423.8,13824.29,512,29790174
20298842,Na2He,14688.7,13822.77,-180,29790173
26902836,London2,14665,13820.10,333,29790173
6444766,DeepBlueSky,14207.1,13819.62,2758,29790175
30816820,AYAKAYAKA,14125.9,13817.45,-645,29790175
36329397,xfc233,14797.5,13817.44,-488,29790173
23583879,IAKCHOS,14775.2,13814.55,-803,29790173
33869170,a202f,14127.9,13813.86,1304,29790175
14799684,Hyeon_E,14798.2,13813.62,1053,29790173
13941662,Domajnyk Pear,14505.8,13811.97,1452,29790174
14248998,nhathuy010,14866.5,13808.40,7,29790172
32922855,[Crz]ChewYakuwo,14489.3,13807.18,1006,29790174
38471018,Aaronthemania,14667.2,13806.81,-91,29790173
16606499,vjwhl,14645.7,13805.63,239,29790173
6699923,Sunyata,14515.4,13803.68,1529,29790174
26278347,WhatuLvfor,14913.1,13802.64,-349,29790172
19334327,Blaite1016,14289.4,13795.37,2372,29790175
9169747,Nathanial,14096.3,13791.97,2613,29790176
12562107,CPT_Sivelia,14437.9,13788.40,361,29790174
24694866,Edumitobr,14786.4,13785.22,293,29790173
28282580,Theangeloflie,15134.7,13782.78,-1524,29790171
20648127,-Smugster,14790.3,13780.76,30,29790173
13452007,macapippi,13233.5,13780.40,4613,29790181
38922783,Leniency,15021.2,13779.57,-1134,29790172
25898900,Cade Cunningham,14636.6,13777.46,549,29790173
14864232,SlimeT,14707.6,13776.26,822,29790173
17572282,ME1KO N3KO,14606.9,13774.87,-50,29790174
20299904,rayray1210,14864.3,13770.54,416,29790172
8850919,jhun0814,14603.9,13766.78,1352,29790174
34344459,Exovixon,14839.4,13764.94,-230,29790173
37456327,[ARG]Troxium,14897,13764.48,-583,29790172
25850141,Raon2007,14434.1,13763.29,732,29790174
13870906,TeLove,14967.8,13762.53,-1033,29790172
12169989,prin1209,14106.5,13760.70,3000,29790176
26516289,ibeagoodbed,14644.9,13756.86,597,29790173
28447001,153849,14763.6,13753.78,-206,29790173
12889871,John Derby,14232.3,13745.49,883,29790175
22994710,Elliott0ne,14674.1,13742.67,289,29790173
17831838,reviv,14333.2,13738.05,1814,29790174
39015770,razak,10509.6,13736.61,2416,29790209
20205699,Erlouie,14733.6,13736.06,-135,29790173
16018038,frawog,14503.7,13725.94,704,29790174
13571027,zuikama,14818.9,13725.69,-606,29790173
32106298,shigao233,14670.6,13721.34,-296,29790173
17385733,kacsa14,14665.7,13717.87,285,29790173
27898277,NastyLarrygg,13736.3,13717.48,1893,29790178
29251530,[TCD] weirdoo,14843.6,13716.80,-557,29790173
6764101,Greatvictory,14111.7,13715.62,3347,29790175
17244618,moths,14801.4,13715.24,93,29790173
17533686,monkey79,14700.7,13713.58,-37,29790173
29832985,deepcoma,14731.4,13710.61,110,29790173
3766997,Knabis,14580.2,13706.19,1631,29790174
19133938,Eeriee,14668.7,13703.67,624,29790173
28108536,Peerless,14718.6,13702.72,-362,29790173
36143172,vaskemaskin,14688.9,13700.07,-451,29790173
34902541,Ylderuem,14727.1,13699.90,-332,29790173
8224116,DUELODER,14806,13699.44,275,29790173
33245489,binob,14665.6,13694.92,62,29790173
35594129,muradauuuu,14691.4,13694.72,-693,29790173
28571440,[Crz]yomogi237,14813.7,13691.02,-675,29790173
36468855,EXUIKRNLN86,15098.1,13690.35,-1284,29790171
35585056,-SuSu-,14444.7,13686.76,328,29790174
31204957,Its_Cappy727,14619.3,13684.39,-45,29790173
16562681,Bacon Haniwa,14883.4,13683.10,-531,29790172
18797723,Nya Nyaa,14237.2,13681.46,1723,29790175
18151970,Nabifan,15020.4,13680.67,-722,29790172
21102581,Namia,14328.8,13680.47,1391,29790175
28330584,Karin-,14689.2,13678.29,172,29790173
13984786,kazuman,14409.3,13673.81,750,29790174
16247752,-Miuuz-,14661.2,13673.21,-87,29790173
15438131,yamatti,13495,13672.05,3994,29790179
34664157,-jumbomcdouble-,14698.4,13670.54,-14,29790173
29150293,Lumious_old_1,14637.9,13669.48,-36,29790173
27874088,borrys,14700.2,13666.38,-8,29790173
14676719,TTv_UFO,14397.6,13664.10,1127,29790174
20056684,Cro128,14777,13664.00,478,29790173
18724987,20M-RFT45,14686.8,13662.97,-448,29790173
21682880,Pokedogga,13835.8,13659.69,1780,29790177
21654601,mystV,14391.3,13658.91,159,29790174
4702061,Dominance-,13968.5,13658.53,2761,29790176
15809312,laser,14107.5,13658.39,1180,29790175
16663490,Suzuran__,14410.7,13656.17,844,29790174
8029883,DAENGXicisae-,13719.8,13654.30,2403,29790178
3262821,[SPNG] Sim0,14652.3,13652.71,324,29790173
28535456,9Xeroize9,13853.6,13651.99,2051,29790177
23870404,combo gaming,14759.4,13651.24,-667,29790173
27416757,ZeRoPoWo,14963.2,13648.88,-1101,29790172
11000056,Soul212,14864.6,13647.29,-678,29790172
30736084,F y S o f t BR,14540,13643.00,328,29790174
39083852,PRTZ12,13652.8,13637.85,2995,29790178
18064608,zon,14726.9,13637.30,-450,29790173
17184474,imagoodguy100,14519.3,13633.65,223,29790174
10085090,Carpihat,14240.6,13632.05,635,29790175
23506403,NoMore5555,14399.5,13630.26,353,29790174
7081179,Tevim,14163.1,13627.88,2104,29790175
25168820,depny,14685.1,13625.73,-169,29790173
17735799,medkit_chan,14552.4,13620.04,34,29790174
26188903,ThreeAccounts,14588.2,13616.67,389,29790174
5367287,Flexo123,14065.8,13616.61,2386,29790176
31088960,Futcomlice,14514.7,13613.79,245,29790174
34529512,Napet_,13881.3,13608.73,-738,29790177
34641171,tiff551,14122.2,13607.38,2214,29790175
25656173,-[ ducky ]-,14142.2,13605.50,422,29790175
3021168,qodtjr,13612.3,13604.45,3314,29790178
9830136,Baristaa,13875.5,13602.49,1630,29790177
28167386,C-HL,14484.9,13601.13,-309,29790174
19874838,czeta,14135.3,13597.59,-166,29790175
18525126,Umbrey,14545.7,13594.03,474,29790174
33699701,chi526,14660.3,13593.95,-277,29790173
32502321,manco12345,14768.2,13593.42,560,29790173
26883541,S1monism,14613.2,13590.36,-522,29790173
33648815,BIJI SALAK ASLI,14069.8,13589.69,1870,29790176
27879750,vitalerror1023,14481.1,13589.61,-172,29790174
22491203,elicccc,14580.7,13586.83,144,29790174
4084853,xxxxxx2800,14297.7,13579.22,978,29790175
22709527,Yamiru,14470.4,13577.45,605,29790174
13313526,Ox Q,14460.4,13571.57,2132,29790174
16954929,staynoidedd,14622.7,13567.92,-233,29790173
7227070,IllIlllIIlIIlIl,13256.4,13562.48,3860,29790181
36982180,Fairtex_,14049.2,13555.90,1458,29790176
11787461,nate,14368.2,13553.56,368,29790174
20547327,Ayachinene0721,14750.8,13550.13,-637,29790173
22765206,Soundie,14477.7,13548.46,61,29790174
9592970,[RS] Vbei,14449.6,13547.42,72,29790174
39040644,NaoLiWang,14308.7,13546.80,1830,29790175
12426337,Fl Studio 20,14528.2,13545.46,1445,29790174
29732348,Misono-Mika,14454,13545.01,683,29790174
26268474,Foap,14538.1,13544.98,-102,29790174
6912079,Iseri,14210.7,13537.36,1179,29790175
16447598,Earther06,14362.8,13535.98,694,29790174
8586018,Reisen165543337,14551.2,13533.91,84,29790174
37806965,jiachengli9527,14417.4,13531.62,208,29790174
13151924,LuluM,13968.9,13529.51,2794,29790176
35215788,NazK,14519.9,13522.98,-552,29790174
35343390,buco,13667.2,13520.36,3719,29790178
26129533,Vivid_Merami,14547.8,13516.60,237,29790174
10629473,cow,14104.4,13513.22,732,29790176
14962017,Makise_c,14372,13511.03,62,29790174
8610776,Lelloq,14013.6,13509.69,2279,29790176
26857732,ThunderstarsRG,14487.2,13504.66,-94,29790174
35107790,JustEmilo,14317.8,13503.23,-148,29790175
28861900,Lau william,14425.6,13502.65,3,29790174
9606325,- Bliss -,14343.1,13502.31,376,29790174
6943552,njshenlin,13232.5,13501.06,3865,29790181
36831334,enricocplayer1,14883.3,13500.70,-1372,29790172
17547210,quangminh1548,14479.8,13497.98,-776,29790174
18375016,chana,14267.8,13493.18,477,29790175
19126992,Addaamm007,14588.4,13491.42,-463,29790174
3215366,Matiias,13318.9,13490.69,3771,29790180
33184414,Picklez_Osu,14568,13488.45,-498,29790174
20931976,netkingsucks,14506,13487.83,-17,29790174
37621198,Valzyui,14318.9,13487.73,-120,29790175
11700865,Lemmie,14360.8,13486.86,354,29790174
1385494,karama325,14378.7,13484.18,1884,29790174
30740782,kzqdenix,14315.1,13484.11,-748,29790175
28735635,Jerry1031,14461.1,13483.83,-287,29790174
4295434,Elvendir,14429.2,13483.15,1314,29790174
8710290,Oracion,14369.3,13478.18,162,29790174
17534626,88888bit,14889.4,13477.17,-1999,29790172
19386011,anFNFplayer,14015.8,13475.96,-1100,29790176
25696729,AsahinaMikuru,14375.7,13475.94,1086,29790174
27989088,Hikikomori,14256.6,13472.01,529,29790175
13286526,[ Nebula ],14773.6,13470.52,-1474,29790173
20115328,Chicodouille,14461.2,13466.77,-595,29790174
26720950,ruhgss,14436.4,13460.63,-520,29790174
17491817,Kanimiko,14173.3,13459.39,-1431,29790175
38568915,Nazrinn,14084.8,13459.28,301,29790176
32153660,yqmyqa,14270.1,13458.73,290,29790175
17551356,ALC Zumo,13725.4,13458.59,1736,29790178
35096680,carhow,14076.4,13454.27,-204,29790176
21530808,ItsCollector,14117.8,13452.32,187,29790175
18194250,king07edwin,14939.2,13448.53,-1392,29790172
22759330,cxre,14441.4,13445.13,-817,29790174
28474283,7ttr90sfn,14047.3,13444.72,896,29790176
25067310,Meowscaradaa,14565.6,13443.56,155,29790174
15901483,elem_,13928.7,13440.19,714,29790176
10403976,GOODGYOZA,14092.4,13440.09,1767,29790176
36327194,_Myuka_,14248.9,13439.50,-182,29790175
34367637,awaqwq123,12748.4,13437.79,3794,29790184
14241467,[Crz]Magi,14124.7,13436.89,1641,29790175
37712367,jjocolate,14243,13435.55,-488,29790175
9492940,- Min -,13778.3,13435.33,3165,29790177
23392961,Darkhechiser,13799.7,13433.37,1921,29790177
30326221,Faisal727,13770,13429.82,1273,29790177
15677134,UltraBlack,14465.6,13425.27,312,29790174
17036965,PouSlayer,13643.7,13422.03,2419,29790178
33522256,AXerRia,13760.5,13416.04,148,29790177
6196381,indication,13104.1,13415.47,3465,29790182
23650148,junepark1212,14292.9,13413.95,90,29790175
19758453,rhykill,14297.2,13413.08,-146,29790175
13687523,perishh,14493.7,13412.49,-271,29790174
27233308,YuuLin,14070,13408.56,1027,29790176
25847548,baconpower008,13873,13408.32,1340,29790177
10133496,Lenxis_,13757.8,13407.06,3241,29790177
22939566,DonutEnjoyer,14896,13403.90,-1653,29790172
7341471,Seiong,13776.6,13400.50,-555,29790177
23468961,hoon love jain,14001.8,13396.75,979,29790176
33886210,nyasunfangirl,14211.9,13393.54,594,29790175
16505281,Buschan,13568.8,13389.83,2106,29790178
36833955,Hexflasher,14270.3,13389.24,1022,29790175
25346732,satansn,14391,13387.87,-102,29790174
9557847,hisaella,13757.2,13387.07,2781,29790177
31023928,ysh0212,13712.2,13383.45,3094,29790178
16492260,parac0sm,14216.6,13382.87,440,29790175
34982060,riika,14350,13381.46,-214,29790174
16348202,IllyaExistenceN,14231.8,13376.68,-8,29790175
17705451,[LS]Bluestone,14201.8,13376.17,815,29790175
9895650,XxNewson1234xX,14025.1,13376.15,1079,29790176
28378236,Vaultthings,13878.2,13374.76,818,29790177
6864656,JDS20,13709.8,13373.67,2070,29790178
32884163,anyelou,14332,13372.78,-201,29790175
25957834,fish99,13955.3,13371.18,80,29790176
8725215,avaah,13631.3,13366.18,2828,29790178
36273854,Lud1cin,13744.8,13362.41,-86,29790177
34776270,Hive_player,14340.9,13362.30,377,29790174
31221649,Gbn,14219.5,13360.49,299,29790175
35957756,Ritrile,14158.1,13359.40,1613,29790175
4686520,_claidheamh,14391.6,13357.10,616,29790174
22782597,[NMC] Noraa,13711.6,13350.33,1654,29790178
24048074,Encreepment,14133.3,13348.75,1293,29790175
35239443,Jaszczur1,14061,13346.29,-673,29790176
14132796,agusgex,14379.7,13344.89,-55,29790174
11930853,VERSACE,14457.4,13342.84,203,29790174
16790509,TMOperaO,14286.5,13342.83,-198,29790175
17628338,civ137,14415.7,13342.57,-465,29790174
10906301,flashnias,14242.9,13342.12,88,29790175
18229130,thakalow346,14449.7,13342.11,-665,29790174
37900712,Jaliot,13925.1,13334.16,-155,29790176
19235574,ReimiliaScarlet,14387.4,13331.51,-571,29790174
32565926,resmis,14044.4,13328.79,-323,29790176
5876357,Puky,13477,13326.65,3006,29790179
32832822,DoomFRG,14112.9,13325.78,-236,29790175
9164100,Oceanus,14362.7,13324.74,-148,29790174
17245290,Rage Mongraal,14318.4,13324.60,27,29790175
34497066,My Angel Cocoa,14358.1,13324.53,-406,29790174
34815387,cjdeka17,14138.7,13324.39,149,29790175
34331094,Polterised,14295.2,13324.25,-178,29790175
22692196,fmPf1KVp6,13511,13323.38,1526,29790179
31173855,6lives,14319.9,13315.54,-87,29790175
13132585,dota 2 invoker,12712.6,13313.32,977,29790184
8884753,susher,13764.5,13311.16,2380,29790177
14551764,[LS]Mitter,13486,13306.44,2157,29790179
29147222,Juice WRLD,14188.7,13304.51,-771,29790175
25896513,nefzsto,14198.6,13304.42,415,29790175
13356854,SpookyKraken,14246.9,13303.88,416,29790175
9522312,jaol35,14338.3,13302.59,1348,29790174
36154760,hairez,14586.5,13298.89,-1372,29790174
17883404,tuoleiawa,14055.5,13298.59,362,29790176
24531833,dolfin,14685.6,13297.58,-1439,29790173
13857689,Axfaerie,14303.9,13291.83,-230,29790175
35390644,Yakads,13640.2,13286.48,1271,29790178
38306985,Komasel0,14210.8,13286.32,-257,29790175
15116540,zeus148,14372.3,13281.37,-804,29790174
26325733,Xercq,14060.7,13276.26,-548,29790176
19968043,pubert,14201.4,13272.86,489,29790175
33648302,noteethboy,14016.6,13272.05,388,29790176
36299801,DIQIUWEI,13997.8,13270.03,410,29790176
20570932,Amryllis,14040.8,13269.33,1101,29790176
8011881,k s m,13319,13268.83,3497,29790180
10284984,Begin,14349.8,13267.62,1000,29790174
36063669,JunaKawaiiX3,14105.8,13266.83,-355,29790176
37824472,Ibenchmorethanu,14392.3,13265.08,168,29790174
33605789,Stpi,13832.7,13261.06,1564,29790177
14666538,Charli XCX,13948.1,13259.05,674,29790176
36426388,[PAW]Sea3a1t,13770.6,13257.94,1521,29790177
15890578,fuzzy1033,13402.8,13254.86,2551,29790180
32984861,Xiaohtx,13506.7,13254.53,-490,29790179
22147602,purity--,14541.6,13253.50,-973,29790174
8369409,[Crz]Rachel,13653.2,13251.96,1745,29790178
8468203,[GB]King Fish,13710.1,13249.99,2398,29790178
16665306,aeko,14353.5,13249.83,-256,29790174
33981768,guhtyujj,14442.4,13248.93,-1468,29790174
12818249,IvanOfficial,14256.5,13245.33,-352,29790175
25263357,rikan,13737.3,13240.36,1634,29790178
16923930,Nachumi-chan,13871.6,13239.89,1479,29790177
13347579,LeMarcinho,13932.5,13238.40,1248,29790176
32436952,Cyandrip,14135.6,13238.30,156,29790175
17527822,[Crz]Ranm,14142.9,13237.10,-454,29790175
30544378,IceSackOP123,14195.8,13236.86,88,29790175
38146594,acorntree,13994.8,13235.14,594,29790176
37152145,lpm_moyojs,14281,13233.49,-520,29790175
33875218,[TCD] Devalor,14377.2,13226.53,-736,29790174
22991578,Varunaxx,14294.5,13221.91,-833,29790175
25394639,Kya,13635.6,13221.81,882,29790178
16265882,QINGQIZ,14197.3,13221.02,1734,29790175
34220478,Deiymun,14170.8,13217.00,-404,29790175
29787041,mythzygia,14305.6,13210.66,-974,29790175
36059694,dosunoxi,14096.5,13205.01,-169,29790176
6563045,Jup1013,14214.1,13204.75,589,29790175
28246172,baigu678,14200.6,13202.62,14,29790175
4544555,Opean,13605,13201.04,2723,29790178
31268183,_Classic_,14347,13200.76,684,29790174
118489,inuyashasama,13756.6,13200.36,2291,29790177
26334530,krokeadile7,13693.9,13199.49,998,29790178
12160305,PexZe,13764.4,13196.50,2562,29790177
26594580,IseriFanboy,14037.3,13195.43,291,29790176
25682415,[Crz]Yurucawaii,13803.5,13193.74,1063,29790177
27762510,-Vixteria-,13547.2,13192.52,2171,29790179
3035476,araragigun,13239.7,13192.41,3531,29790181
14888056,oliverq,14205.3,13192.27,155,29790175
8179131,[Crz]MemoryI,12922,13190.59,3910,29790183
10235085,Asuma Toki,14223.6,13185.06,-88,29790175
26798403,Hesition,12915.8,13184.83,683,29790183
26727688,XOWN,14234.9,13183.33,30,29790175
26253326,koishi514,13581.1,13177.83,2428,29790178
3037469,Niks,13598.1,13170.61,2549,29790178
27394972,Kefi,14243.6,13170.56,-122,29790175
22793350,GUXI,14198,13170.13,-413,29790175
33397520,ggbb4,13341.7,13167.17,3180,29790180
32189327,Lovegame,14215.9,13165.94,-719,29790175
20618541,carRecked,14036.7,13164.24,54,29790176
8049216,Dotory,13981.5,13162.30,853,29790176
19360101,Legend_xD,14007,13160.46,-112,29790176
11784492,Mich_,13976.4,13154.49,717,29790176
22328335,Brofriendfnf,14314.3,13153.61,-912,29790175
7093698,Limber,13769,13152.54,1093,29790177
22933305,lilico,13786.1,13152.49,887,29790177
19971808,ItzGx,14071.9,13150.92,-359,29790176
9921804,Truzko,14150.5,13150.39,123,29790175
21945186,kongkao,13594.3,13148.23,1862,29790178
22401892,-dan,14145.2,13147.50,-109,29790175
13945196,Ineri,13608,13145.16,1771,29790178
38300929,sukizu_,13278.4,13144.22,2058,29790180
36821772,MNIXLHOSU,13445.2,13144.05,-532,29790179
14597568,N4aci,14021.5,13142.72,-238,29790176
35771964,Manteighaz,14211.4,13141.67,202,29790175
12418891,rkswl,13607.1,13140.06,1862,29790178
22417523,zhahui2020,14146.4,13139.94,-399,29790175
35442039,HotDaddys,13404.9,13138.80,2899,29790180
25003909,Ma_thias,14233.2,13138.47,-672,29790175
31880141,unfairDustSans,14091,13138.41,-555,29790176
26178116,BHNK,13983.5,13137.34,-253,29790176
24133264,ERA sizzling,14003.1,13136.22,238,29790176
17844938,727_,14019.8,13135.96,191,29790176
27415154,Cocona Neko,14214.8,13129.10,-785,29790175
27901487,AL-1S_CR,14090.5,13128.33,-530,29790176
11879854,ASez,14221.7,13126.46,-757,29790175
22928573,Danielpiue,14171.8,13125.13,-401,29790175
18788853,87klkl,14101.4,13124.38,-88,29790176
26408157,Schgo,14151.5,13120.39,-537,29790175
31899950,Culturing,13169.4,13119.65,1906,29790181
22217613,missoid,14060.9,13118.02,147,29790176
39635227,Natural 9,14010.9,13113.81,667,29790176
4360793,showpao,13951.7,13112.75,1359,29790176
7942196,kassia,14140.7,13106.87,553,29790175
22708257,[KC]CruB,14019.7,13106.64,-222,29790176
33006258,yuyuchankawaii,14223.3,13103.73,-300,29790175
17655626,Milerangkis,13856.3,13101.81,1494,29790177
34103778,fartface2888,13980.3,13100.64,133,29790176
36793817,Kenari_15,14079.8,13097.90,-524,29790176
23402647,[LS]Fluzt,13600,13090.82,1594,29790178
11488604,CrewK,13381.9,13084.54,2079,29790180
27033900,ToxicDeclared,14192,13084.04,-659,29790175
17242265,ERA Mystiik,14006.6,13082.86,-546,29790176
14527087,WhatQ,14048.3,13082.25,325,29790176
34941510,Tako-Tek,14000.3,13081.50,-373,29790176
32917135,ravenX,14409.4,13081.23,-1040,29790174
31099500,xsdxsdxsdc2,13965.9,13080.67,149,29790176
34291221,Chisato recoli,13489.1,13077.20,1566,29790179
15582839,2632264491,14086.5,13076.04,-309,29790176
16738047,Luminary-,13342.9,13074.40,1264,29790180
7484542,The way1010,13262,13074.29,2886,29790181
36781373,Kohinata_XD,13923.7,13070.05,64,29790176
31368411,blocta,13754.7,13062.56,2118,29790177
27918231,aspectts,14126.2,13058.21,-898,29790175
16233256,Yuna-,13826,13058.14,284,29790177
26853124,osu mania gamer,13738.8,13050.47,770,29790178
8025443,P1gh,13569.9,13048.30,2341,29790178
24780361,CoolDudeYes,14029.7,13046.63,180,29790176
31467078,x4vn7,14109.3,13046.16,-991,29790175
17385011,waterwater8787,13922.8,13045.52,-586,29790176
10599753,Loncys,13493.7,13034.10,1611,29790179
8039789,KalkaiFanboy,13528.7,13030.57,1682,29790179
25429825,musemania,14105.2,13029.75,-186,29790176
28785997,snow_knight,13289.8,13029.31,2387,29790180
13799949,Ena,13844.9,13026.30,652,29790177
27235859,CapooFanboy,14077.4,13023.79,-247,29790176
32408892,MyComputer,13442.7,13023.28,1819,29790179
12805204,Tamania,14097.8,13022.61,-321,29790176
23548158,kai-yttd,14122.7,13022.29,-627,29790175
36731928,DanceGAI,13988.4,13021.31,1160,29790176
33598830,lzyzcp,13982.8,13021.24,60,29790176
4698728,Yeoul,13137,13016.49,2912,29790182
16100800,ICECAKE,13704.5,13016.40,1068,29790178
14535598,Mokett,13353.9,13016.18,2705,29790180
26866383,MISHASUMSKOY,14046.2,13015.79,-152,29790176
16302088,Liker,13345.6,13015.51,1628,29790180
34282879,RTMC,13894.6,13014.68,309,29790177
34460787,JerryKing,13660.9,13012.46,455,29790178
28429995,zlzonnrg,13949.6,13012.12,250,29790176
25824877,BEBROCHKA2010,13812.7,13010.51,85,29790177
1031263,Snowdrop,13308.7,13009.36,3331,29790180
33469864,sakura-nyanko,13808.2,13008.60,445,29790177
33844621,Petipan,14476.4,13007.16,-1262,29790174
31898985,hypernowa,14075.5,13005.22,-560,29790176
12099520,OobabymanoO,13213.6,13004.59,2931,29790181
30134560,Testarossa,13830.6,13004.24,-81,29790177
16436669,tito31158,13696.6,13002.49,1268,29790178
26589326,kolcn,13851.2,13000.53,-42,29790177
30952290,- Rocco -,13829.9,12999.43,-21,29790177
17337448,mepcx,14030.8,12999.32,-980,29790176
8846778,sang981203,13323.1,12995.38,3184,29790180
33135696,izqyoifanboy,14064.3,12995.19,-53,29790176
24944545,eltamber,13523.3,12993.14,1990,29790179
24170253,Y_Knappe,13939,12992.72,-248,29790176
21873512,YtAlbin0,13978.8,12992.65,66,29790176
13086972,Lycanroc,14060.1,12991.88,-477,29790176
27324120,theQuietKidisba,13860.4,12985.53,-83,29790177
37798384,FXscarlet,14106.8,12983.01,-1167,29790175
29635650,ap556,14088.2,12980.94,-806,29790176
27485361,Renzko,14112.6,12980.63,-1239,29790175
29051886,Sylv-,14012.4,12979.76,-174,29790176
5182879,DarkDave,12817.4,12975.22,3495,29790184
11365333,phagocytosis,14113,12974.59,-875,29790175
13769101,Netroo,13328.2,12973.11,1792,29790180
14318892,ImNotYume,14017.7,12966.87,-448,29790176
19862784,Chicken Sammy,13479.9,12966.83,1402,29790179
23407392,-NatchaLatte-,13947.5,12964.13,-503,29790176
37070794,xinhunfan,13190.4,12957.84,2862,29790181
35515207,ruspberry,13866.6,12954.68,394,29790177
35927778,MWFENG,13856.4,12947.57,-56,29790177
29279459,AllTime,13779.9,12945.37,232,29790177
18478864,Saugage,13386.3,12943.81,2151,29790180
11112775,[Mys]Mili,12877.1,12943.36,2326,29790183
33620596,Ghfg517 Mania,13682.9,12943.08,274,29790178
27074502,Myon_299792458,13845.2,12942.82,438,29790177
18586390,neeeeeh,14002.7,12940.18,89,29790176
39398453,takeitaway,13556.2,12939.12,-69,29790179
28168805,splat,14019.2,12937.40,-387,29790176
17742286,emanon16,13820.7,12935.59,19,29790177
17797442,ItzCuy,13824.6,12935.07,-252,29790177
12086252,Gera,14023.5,12932.94,562,29790176
22204699,JamJamJamJam,13715.4,12931.76,564,29790178
29027168,yuuko1,14022,12929.44,-732,29790176
4686036,Sebaex,13484.7,12928.80,1556,29790179
32029592,arcjerry,13134.1,12927.61,1090,29790182
6303313,Mathyu,13933.2,12927.60,-143,29790176
4494137,luc_096,14036.1,12927.31,-551,29790176
21687729,2qic,14027.3,12925.66,-206,29790176
31211914,ItoMarikaa,13826.5,12924.37,-1129,29790177
23035253,Kimgigi,13936.5,12923.93,-488,29790176
18472374,Pokeccino,13831.1,12923.05,136,29790177
11257774,Sai_Mnz,13173.7,12922.71,2856,29790181
23738691,Chordjack,14002,12921.78,-905,29790176
29386850,VuekoWasTaken,13877.9,12921.70,-422,29790177
35264938,Loach71563,13931.4,12918.84,-1167,29790176
22202849,F_Scarlet,13609.5,12918.66,764,29790178
31819490,beifangfu,14051.6,12918.41,-785,29790176
32002612,D_ENA,13913.3,12917.96,199,29790177
13929448,oscarcx,13238.3,12916.99,2414,29790181
13498902,Igzosta,13892.8,12916.44,105,29790177
33957777,n a n a c h i,13308.4,12908.90,463,29790180
3003417,Wind God Boy,13450.8,12908.79,2335,29790179
19236908,rimuru123982,13830.2,12907.64,-129,29790177
38187651,Haruna_4444,13928.1,12904.47,-70,29790176
18752832,include,13519.7,12903.13,1242,29790179
31660026,neonsign,13551.8,12901.66,1626,29790179
38273991,No1_Sean,13823.7,12896.80,-572,29790177
25660423,Kezzie,14189.6,12896.69,-943,29790175
2281110,Nyarlahothep,13084.4,12896.10,3075,29790182
34106265,Mountainox,13976.7,12895.69,-799,29790176
23849637,Hanew126,13809,12891.58,-506,29790177
20815065,HHyper_,13990.6,12891.39,-920,29790176
37385523,Siti,13893.3,12888.45,20,29790177
35227063,Himari,13914.2,12888.25,109,29790177
25070672,SteveDK,13710.5,12885.17,72,29790178
18255560,colourmemory,12897.3,12882.28,373,29790183
10925052,youmin,13964.3,12882.09,-328,29790176
35481000,MyAngelFaruzan,13812.6,12881.93,-645,29790177
37286249,EbisanLoL,13363.1,12881.90,1787,29790180
34579321,IloveBri,13645.6,12881.89,226,29790178
20173583,iLeLv,13653.9,12878.45,748,29790178
25520572,26_,14003.2,12877.21,-702,29790176
30380245,sjtxdi,13605.1,12876.13,122,29790178
36854873,Lo Dit Huyen Bi,13811.6,12873.51,-221,29790177
27600397,TapiJota,13892,12873.37,-457,29790177
18532978,[LS]coolfire,13722.4,12870.31,-263,29790178
22585450,pretzyy,13869.7,12869.78,-768,29790177
23909612,FOX_ALPHA321,13588.4,12868.63,939,29790178
26988837,S0raha,13893,12867.79,-197,29790177
30715788,Lune_,13518.6,12867.37,-105,29790179
29169697,RobiFanBoy,13465.8,12864.64,1155,29790179
34936164,SendHelpPls,13840.6,12863.37,626,29790177
31213928,RyoTrobu,14035.2,12863.01,-970,29790176
17369785,Loslic,13587,12862.99,726,29790178
39048311,Zechrys,13160.4,12861.42,-823,29790181
8963569,redmasterya,13666.4,12861.27,437,29790178
17435985,tommyz,13879.5,12858.43,-204,29790177
35657031,vendama,13837.1,12858.23,-312,29790177
11067151,Puglz,13560.5,12858.00,473,29790179
33031925,Extra_1,13764.8,12856.61,126,29790177
26854053,ruf,13995.1,12855.82,-1524,29790176
18116432,cardd,13965,12854.99,-1409,29790176
29944863,nick-haoran,13526.6,12854.06,1122,29790179
19379603,JuanLuisGuerra,13895.6,12853.07,-590,29790177
10159624,PowBlock,13302.7,12852.77,2171,29790180
35396410,4blits,13975.2,12852.61,-997,29790176
38428740,AJL120YU3,13689.1,12849.55,-631,29790178
23200233,[LS] Connor21,13320.8,12848.79,-455,29790180
32235283,NightHunter,13918.8,12847.80,-12,29790177
31742509,Grkrkrk,13060,12846.56,2677,29790182
22378189,MovablePointD,13759.7,12845.28,699,29790177
23609936,jianawesome22,13610.6,12845.20,875,29790178
30128696,LoloThePro,13704.4,12844.59,-436,29790178
17468569,Pixelated Souls,13673.6,12842.22,486,29790178
19086652,[TMEO]Surfex,13755.5,12840.83,-758,29790177
17154483,imrrr,13712.8,12836.85,1194,29790178
25004872,Arroz con leche,13929.1,12835.83,-761,29790176
23315354,elmanuelpr200x,13686.8,12834.76,245,29790178
18438885,leosavefile_1,13632.4,12829.77,-412,29790178
32280629,Melorikka,13826.4,12825.26,88,29790177
6748142,YukiAi,13520.3,12825.11,1839,29790179
3282208,Fleru,12843.9,12824.55,3073,29790184
37365757,KOMISTHEONE,13902.7,12824.11,-529,29790177
30440199,zeroRain-,13840,12823.40,201,29790177
14789924,wagnerlopes,13824,12822.35,23,29790177
15179858,Tonels,13759.5,12821.91,431,29790177
25988344,Scale,13796.9,12820.48,-13,29790177
7240849,-dreamy witch-,13486.2,12819.15,1330,29790179
33675196,[TCD]Rip_MsCr7,13834.7,12812.97,-208,29790177
31741462,syouiti,13920.2,12811.62,-461,29790177
23726452,xxxbruhmanxxx,13197.8,12809.12,1025,29790181
35248191,hyp0erisy,13691.2,12808.92,249,29790178
33930131,Kaspersky22,13461.8,12804.42,-776,29790179
30750250,Kirigaya_Toko,13639.1,12802.66,144,29790178
10190740,My Angel Nanoka,13716.6,12802.64,-282,29790178
15210942,[LS]PlzNjoyGame,13535.4,12801.80,315,29790179
31284414,SillyOsuFanGirl,13674.6,12800.93,835,29790178
14454420,fhdmtmf,13327.5,12800.80,1118,29790180
19744986,-Viktor-,13045.1,12800.58,1631,29790182
20106864,angrer,13482.7,12799.24,570,29790179
28527409,dourada,13786.9,12798.76,-172,29790177
12712916,[LS]Khu,13740.7,12797.21,-79,29790177
8823427,[Crz]Silvanas,12954.9,12795.79,2471,29790183
16081867,- Such -,12982.8,12793.83,898,29790183
35527093,lhrp,13731.1,12783.66,-536,29790178
22591306,naem,13825,12781.86,-411,29790177
18466725,Apol-,13724,12780.70,377,29790178
36663278,Ztroit,13903.3,12780.52,-787,29790177
35678629,TetoNotFound,13537.4,12779.46,-157,29790179
17750113,k1dsbtw,13568.3,12779.07,242,29790178
34723839,AW2724HF,12963.9,12777.18,2744,29790183
32942518,dikiy_perdun77,13756.4,12774.16,146,29790177
13349388,Achino,13454.6,12772.32,651,29790179
19938649,Mu4rk,13706,12768.02,-358,29790178
13659177,joako_loco,13588.6,12766.35,94,29790178
11943363,Babylkaa,13302.5,12763.17,609,29790180
5063207,AirSpan,13895.5,12761.71,-308,29790177
14208094,ogilaC,13878.5,12760.74,-514,29790177
20301300,kopop,13034.3,12755.94,680,29790182
37926734,renbert,13678.3,12755.05,-288,29790178
35278374,Othy,13628.7,12755.05,63,29790178
9772339,Dami Seasoning,13768.5,12754.85,207,29790177
20496692,Kimstyu,13774.5,12754.44,-403,29790177
29887134,Torfo,13545.8,12754.37,986,29790179
6650202,gurufan,13426.4,12754.28,1685,29790179
21253418,yBiel_XXX,13809.5,12754.06,-317,29790177
26570620,Ooozora,14104.7,12752.52,-1184,29790176
29373725,Halkas,13162.3,12752.23,870,29790181
10707444,Skadi_,13566.9,12752.04,1455,29790178
38542935,-Ipc-,13362.9,12751.46,260,29790180
11454895,JSimon,13002.5,12749.86,1682,29790183
23227003,ixzpp,13641,12749.32,-53,29790178
37987408,U N K N O W N,13708.5,12748.86,-992,29790178
29474009,vsq,13687.4,12746.88,-476,29790178
17851478,-Yubi-,13496.4,12745.90,819,29790179
23441019,HDZZUN,13527.7,12743.16,401,29790179
32367206,Solitary_Dream,13147.3,12742.87,2072,29790182
22004152,fnfold3105,12682.1,12742.49,286,29790185
34746794,PGh3x0n,13555,12741.47,663,29790179
18520056,[LS]Tenshi,13378.2,12740.42,999,29790180
31212706,Narinder,13686,12739.37,156,29790178
30495433,Shirakami_Fbk,13169.2,12738.25,1391,29790181
34948043,SalvitoJuega,13793.4,12737.49,-143,29790177
23179367,jeyik,13091.7,12733.29,2601,29790182
24885092,EatPlates,13420,12727.77,720,29790179
25849430,Mil3nko238,13807.3,12726.84,-638,29790177
16448901,Polynomious,13769.5,12725.75,233,29790177
6906010,Luciel,13406,12723.90,1265,29790180
34997279,Reno114514,13617,12723.10,212,29790178
14833226,sophhhia,13594.7,12722.95,138,29790178
16406942,Zilong_Zara,13735.5,12722.65,-225,29790178
18424995,Disce,13252.2,12720.86,1073,29790181
16124906,Vincus,13232.3,12717.24,1851,29790181
1488878,costle,13154.8,12716.59,2263,29790181
24606667,ToastY_086,14019.3,12714.19,-1118,29790176
26007397,4203,13743.1,12713.14,23,29790177
37389244,tyy,13298.1,12710.79,-608,29790180
11467559,robrt,13658.5,12710.27,90,29790178
25192757,Gameryt1234,13817.8,12710.06,-576,29790177
14252808,sushifromasia,13618.7,12709.83,477,29790178
31739957,Sosatel,13656.8,12707.44,-203,29790178
26363290,KinguiTheCat,13820.5,12707.22,-727,29790177
25176528,ssRed,13568.6,12705.49,370,29790178
25563960,hxnrycide,13767.7,12702.67,-910,29790177
26852975,-sakuragii-,13592.2,12700.98,-96,29790178
14544810,maniashallah,13237.4,12694.48,1709,29790181
33655967,LudicinFanboy,13762.8,12692.99,-427,29790177
27466969,R001,13277.2,12692.89,1660,29790180
27242753,JaidyD,13773.8,12692.66,-621,29790177
33536839,Neontetra0713,13388.2,12690.92,-339,29790180
12548652,Huntsman01,13494.9,12690.62,120,29790179
28591059,L3WY,13487.1,12690.06,-311,29790179
40040601,Ganmina,12717.8,12689.34,-562,29790184
20040064,[LS] akarii,13499.2,12688.74,135,29790179
21370782,Speedom,13796.5,12688.26,-281,29790177
24761877,mlucca,13860.9,12688.07,-1006,29790177
11787977,[MY]NoLimit,13125.2,12687.31,2166,29790182
34095251,saar,13599.1,12683.02,74,29790178
26006790,zhddsj,13615.5,12677.07,-323,29790178
28250042,Lee Chunsik,13421.9,12676.85,615,29790179
14694998,Appetible,13379.7,12676.64,864,29790180
34430543,mandarin0302,13074.5,12676.56,424,29790182
38751305,bobamuncher,13733.2,12675.80,-964,29790178
24449678,rand0m,13778.7,12674.65,-828,29790177
21041676,hiitori,13527.8,12674.38,-187,29790179
24222095,BabyIan,13967.2,12673.81,-1636,29790176
24768731,HotPotato2110,13553.6,12670.10,381,29790179
32399548,[Crz]Moon,13264.2,12669.16,248,29790181
10879022,-eXpLoIT,12765.1,12668.87,2613,29790184
14230684,Fr05tyGD,12766.5,12668.77,-284,29790184
26447737,im_Lukii,13785.8,12667.10,-758,29790177
26726445,test_o3,11953.4,12662.64,2138,29790191
30973748,TS_chiyo,13383.1,12660.21,91,29790180
27416598,Kokurou,13362.8,12655.39,849,29790180
2772110,BossMadWolf,13548.8,12654.31,-902,29790179
28253425,VituMulkku,13644.2,12653.03,-281,29790178
18007067,dont enjoy game,13528.1,12651.47,-150,29790179
25297760,R3nShik,13274.7,12649.88,761,29790180
6824332,Squartatrice,12956.4,12647.09,2408,29790183
28608716,Bonono man,13410.3,12645.35,716,29790180
37401018,NaeRumii,13509.7,12643.60,-140,29790179
37681576,SolarOneX,13642.2,12643.34,-668,29790178
29555634,Blueberrypie593,13276.3,12643.15,76,29790180
32285938,osaka szk,13623.9,12639.36,-566,29790178
15929931,Haengsyo,12985.4,12637.26,2555,29790183
37600463,ayqh,13495.3,12636.64,276,29790179
33399472,-quickLOOPER-,13648.1,12635.85,-191,29790178
29404739,rorico,13555.7,12634.73,-623,29790179
36934095,silxzy,13508.4,12631.59,-285,29790179
37760368,Pelnyan,13565.9,12631.02,-148,29790178
38127562,Tranquil_,13364.8,12629.98,-502,29790180
11722313,Simpson Gamer,13428.8,12628.98,41,29790179
2747704,Dawt,13179.9,12628.58,1238,29790181
23029355,Fenixpro980,13330.5,12627.91,570,29790180
14816289,Serakull,13660,12627.40,-765,29790178
19896023,SrHerodes,13569.7,12626.34,-67,29790178
2041034,InabaYap,13081.4,12626.02,2249,29790182
33329304,[AR]Aster1n,13613.5,12623.14,-160,29790178
8756421,quentin5110054,13514.6,12622.24,368,29790179
30835457,Cizzilz,13698.9,12621.11,-37,29790178
12261836,A i r -,13086.8,12620.30,2116,29790182
15100587,Connect,13467.3,12620.23,28,29790179
36663565,ROBOY6321,13665.4,12617.85,-235,29790178
39337564,AJL120YU,12874.2,12616.78,607,29790183
35672322,NanLx,13691.6,12615.49,-693,29790178
36820363,tryNiko,13286.9,12614.57,380,29790180
34523998,CanRuoFanXing,13740.1,12614.44,-873,29790177
29362595,pies z krakowa,13631.1,12614.22,-465,29790178
35500715,mfsOvO,13540.9,12613.66,-45,29790179
1963937,Worms,12754.5,12610.64,2931,29790184
20006637,My Angel Yomi,13235.4,12607.42,349,29790181
11743309,_Sushi_,13532.6,12606.29,-79,29790179
22412151,purakon,13621.2,12605.27,-462,29790178
8082362,TrickyPugster,13645,12604.72,-144,29790178
3244389,Mura7797,12417.3,12603.00,3841,29790187
26876234,DeadSlayer,13287.4,12601.31,-106,29790180
27668009,yey,12995.6,12600.43,538,29790183
29078158,poyu,13661.2,12598.27,-898,29790178
12306030,bigbutt123,12498.8,12597.01,2925,29790186
24748885,CloverWisp,12892.7,12595.48,1341,29790183
12177858,godforsakenosu,13652.6,12595.46,-126,29790178
38271958,[ILP] Senallion,13462.7,12594.78,-446,29790179
32188918,Unstablism,13493.9,12591.79,-815,29790179
11000754,Chintzz,13460.7,12588.51,920,29790179
27611620,whoka,13690.1,12587.80,-392,29790178
24278389,PXGMR,13604.7,12584.51,-208,29790178
24372238,-Zesshi-,13401.2,12580.85,463,29790180
23396117,ZerkXU,13528.5,12580.34,-698,29790179
29306160,lalalaguy,13421.4,12579.98,-110,29790179
8715409,[GB]gluefly,13462,12579.32,452,29790179
32804175,unidentifiedd,13499.9,12576.80,-161,29790179
35441472,Interkel,13403.1,12576.38,248,29790180
13317396,Xmirus,13492.4,12574.95,1292,29790179
36769541,wsxyy,13517.8,12574.26,-633,29790179
18341280,Lowuki,13142.8,12573.69,1327,29790182
34367827,93Bxnjj,13696.8,12571.80,-218,29790178
35185973,DerLostieHier,13459.4,12567.74,-1,29790179
17272017,Vostok645,13484.5,12566.05,836,29790179
6791086,528023167,13418.3,12564.64,-436,29790179
27015318,F1Shie,13571.5,12560.25,-287,29790178
22428183,darealwiXX,13563.9,12560.03,95,29790179
2081126,Vala,12977.1,12559.72,2453,29790183
17532748,suppnoob,13462.9,12555.99,-163,29790179
30489799,Hexafluoride,13609.8,12555.45,-827,29790178
33140087,Nepko,13659.9,12552.63,114,29790178
33094930,TheBagelOfMan,13607.6,12552.02,128,29790178
11609084,[ Kloc ],13805.3,12551.69,-1213,29790177
19668281,papyru36,13477.5,12551.24,-244,29790179
36328732,HOISwsmh,13505.1,12542.76,36,29790179
33665781,Spookelgoose,13555.1,12541.72,-307,29790179
17285510,SoominFanGirl,12913.5,12541.65,2483,29790183
25404924,AstroGalax11,13505.3,12541.22,42,29790179
30857769,LexusEltilinaso,13674.1,12540.81,-974,29790178
27287448,Ma_KuroYuki,13366.7,12540.47,750,29790180
8243526,Gxbran,13366.1,12539.62,479,29790180
24241696,KingAtlantis,13590.3,12536.84,-300,29790178
7909538,KimTaJo,12376.2,12534.83,2322,29790187
8651259,[GB]DawnLm,13609.1,12534.63,-427,29790178
19255377,Reflec,13244.3,12533.72,-89,29790181
32716417,F4ntast1stOwO,13433.7,12532.56,-65,29790179
32463505,Spaaget,13720.1,12529.88,-1023,29790178
9043661,11053u1,12946.3,12529.34,1663,29790183
10393606,Illya,13802.5,12528.86,-478,29790177
32834157,quickgod,13320,12528.80,252,29790180
6753592,[Crz]raber,13348.6,12524.15,522,29790180
3918056,Craty,12807,12521.48,2466,29790184
35995313,iHateTheWor1d,13439.9,12519.54,-304,29790179
8094971,Difenoxin,12911.6,12517.88,2493,29790183
33739081,Water is bad,13556.5,12517.59,-253,29790179
27315846,Son_66,13534.9,12515.97,-126,29790179
25531456,Spongybit,13579.9,12514.73,-520,29790178
33810181,kakao_,13358.8,12513.99,414,29790180
27325196,Skepter9000,13152.8,12511.18,829,29790181
37318906,MellowSnout,13511.7,12510.85,-881,29790179
28719794,SuperSkilled,12863.9,12507.50,1937,29790183
37402595,NexrForgor,13564.1,12506.72,-151,29790179
17484397,WILLPWR,13532.2,12506.72,-303,29790179
4057177,shp,13594,12505.51,611,29790178
13321576,okthen,13397.5,12505.36,900,29790180
27931512,GFTtungsten,13700.5,12505.11,-525,29790178
19267916,maxing0188,13325,12503.65,442,29790180
25368898,bisti,13614,12503.40,-635,29790178
16893113,Incivelry,13208,12502.34,600,29790181
4339188,hiyoit,12994.1,12497.43,1841,29790183
8730263,bixo lindo,13491.6,12496.61,-222,29790179
20642665,RoboticNugget,13296,12496.41,14,29790180
38002197,[Chke]OpticalSH,12846.6,12493.90,956,29790184
13577309,[Crz]nobder_QWQ,13468.9,12492.62,-13,29790179
7928981,[Crz]Riko,12778.5,12492.53,1908,29790184
37232943,Noi,13541.7,12487.39,-501,29790179
6384643,Hidrocarburo,12832.3,12486.39,1642,29790184
17213280,[LS]Jaiden,13330.2,12485.25,152,29790180
39364516,kutyrgaJ,13451.4,12484.46,-144,29790179
9530019,Lothus,12595.4,12483.85,2109,29790185
14596778,Raisterinexia,13326.4,12482.69,517,29790180
25402174,FrozenAmilv,12997.2,12481.77,639,29790183
18782031,Skibidi Toilet,13429.4,12480.50,-281,29790179
8781662,Xu seventeen,12445.3,12478.71,-10,29790187
3642440,Identikit,12941,12478.52,2348,29790183
26851935,CarlottaMontiny,13277.9,12478.32,594,29790180
14742881,Nikaido Hiro,13500.3,12472.10,-1711,29790179
34397299,Hamuville,13107.5,12470.75,1865,29790182
18734051,kpmt,13415.7,12469.91,-551,29790179
32038686,FXXXXX,13455.7,12466.49,271,29790179
15924859,Cirno not Baka,13101.2,12465.27,1045,29790182
6419257,Zmor0133,12975.9,12465.08,1454,29790183
34581067,podlivkin_mc,13468,12461.25,-67,29790179
37919267,sencly,13404.7,12457.98,-830,29790180
25403394,fuga love,12223.4,12457.37,4201,29790189
8408784,Tropicar,12875.7,12454.53,2182,29790183
19762751,Vaporization-,13240.9,12454.39,-293,29790181
26388593,Asteriel,13373.6,12453.70,75,29790180
10941475,Wyvair,13152.5,12452.58,461,29790181
28961287,mytired,13411.2,12451.00,-26,29790179
37992127,snumbleee,13359.5,12450.52,-555,29790180
17013778,-Hiroshi-,13522.5,12449.53,-515,29790179
22827237,[DEHX] JEFF320,13411,12447.65,-498,29790179
28366962,Hitachi__Mako,13470.9,12446.20,-617,29790179
24649329,ERA Mahiru,13227.2,12444.75,437,29790181
32830275,longdragonosu,13342.6,12443.74,-141,29790180
23037377,Zohar,13399.8,12441.86,-805,29790180
11247298,-Willow-,12948.1,12437.26,1593,29790183
25359840,TitaniumYT,13399.4,12434.84,-348,29790180
11304809,ui227,13395.4,12434.61,-228,29790180
35002144,[LS]wfc,13857.3,12425.92,-1300,29790177
623773,metyabo,12662.3,12424.59,2995,29790185
13858488,C90,13104.2,12423.89,1261,29790182
16197990,Kysium,12440,12423.89,-272,29790187
13896159,xSoiFan,13016.8,12423.25,2053,29790182
18709857,Merong_,13543.1,12421.80,-741,29790179
4262518,RemiXPatchy,13247.4,12421.38,1637,29790181
14826937,Steve58315,13166.6,12420.94,1443,29790181
29423749,eduOvr4,13411.5,12419.57,206,29790179
34132801,JustSomeGuy97,13553.9,12419.24,-761,29790179
14932620,HoneyBee,12400.9,12418.31,3078,29790187
16191405,jackyjacky607,13217.6,12416.42,289,29790181
12698446,[Crz]Kohana,13456.3,12416.32,-59,29790179
39611017,bunnyh0p,13567.3,12416.15,-1066,29790178
7439939,by-ad,13164.5,12413.46,1539,29790181
39335735,common peplayer,13012.2,12408.62,-611,29790182
21953956,maichiqui,13410.7,12406.80,-585,29790179
19951927,Oniliex,13118.8,12405.32,-301,29790182
21157725,Stout,13420.5,12404.50,-737,29790179
10764424,Maaantz,12937.4,12404.23,1321,29790183
26005191,-SirLemi-,13200.6,12402.38,-249,29790181
30301035,[LS]ButterBog,13162.7,12402.13,502,29790181
26166991,doohomom11,13201.6,12402.02,98,29790181
37745732,sleep0223,13354.9,12400.65,-630,29790180
35297550,KKuang,12791.1,12398.63,592,29790184
7955249,Thengkeon,12860.2,12398.21,2253,29790183
13382147,[-Leon-],13043.1,12390.09,429,29790182
32635363,Mashiro Chihiro,13224.8,12388.02,249,29790181
28364497,Jekavic,13139.1,12386.78,1555,29790182
35670705,Suuuk,13339.7,12386.46,-415,29790180
30178970,[Crz]ZeenZore,13173.4,12385.64,453,29790181
19823275,Caro23333,13411.7,12385.62,-110,29790179
15313158,Poi90s,13333.3,12381.37,305,29790180
27192847,MGU1,13459,12378.53,-488,29790179
23237836,Fran_Exe,13067.1,12378.45,795,29790182
9300583,zange,13090.8,12377.63,1926,29790182
10703505,Anthonychi,12704.8,12377.42,2104,29790185
25804719,-Ahko-,13364,12375.48,-121,29790180
34745353,ingoudos,13305.1,12373.46,-102,29790180
16664974,DextoS,12638.1,12372.70,236,29790185
31894197,TomLyt,13422.4,12371.85,-600,29790179
17569877,ntah,13104.5,12367.71,751,29790182
32494511,HowToPlaySV,13258.9,12367.06,-206,29790181
29279140,OoKr4z,13383.8,12365.76,-532,29790180
24237864,robertokpro,13285.8,12362.55,608,29790180
22744701,flagellare,13233.9,12362.54,-129,29790181
27855382,-Ainsel-,13266.3,12361.70,155,29790181
32323127,ninjaskull1001,13393.5,12361.44,-308,29790180
1841509,bnjh,12512,12360.73,1330,29790186
8195584,yellEx,12279.4,12359.36,3528,29790188
20906864,wow_wowD,13248.2,12357.76,-205,29790181
17989209,ag0,12730.3,12357.49,2165,29790184
18253582,DaimChocoBar,13368.8,12353.60,-576,29790180
12656796,KingQbert,12954.5,12352.53,780,29790183
34091680,nya0123,13056.7,12351.81,982,29790182
12634361,k4Zero,12970.7,12350.90,680,29790183
33254568,HungarianLolz,13379.3,12350.68,-648,29790180
6658802,core98k,13273.3,12346.62,-8,29790180
21340543,Naiibe,13335.8,12346.57,-35,29790180
14502713,Ph4nt0mx,13355.8,12345.51,-424,29790180
32739668,AkizukiKanna225,13297.5,12343.88,-676,29790180
28639641,[GB]mmttyy233,12924.2,12342.45,1869,29790183
35789969,lovely_Firefly,13212.3,12339.90,-45,29790181
31160317,Redlooh,13275.7,12336.76,341,29790180
9787146,Myukee,12252.4,12336.44,3223,29790188
34941699,Nazrin114514,12778.9,12331.52,95,29790184
31856408,Yoru724,13026.8,12330.25,-176,29790182
14901073,NailedLacigol,13350.4,12330.19,-698,29790180
39516746,Natam-,13328.3,12328.61,-816,29790180
32124896,WastingSpace,13035.7,12326.41,1793,29790182
23989702,[Lmc]Gandalf,12571.7,12326.40,1612,29790186
17869403,Pomelo-,12962.6,12324.50,445,29790183
16318630,YuukiFanGirl,12659.5,12324.29,2608,29790185
15636338,Astelina,12623.5,12323.02,2006,29790185
12395688,MarioUniverseZ,12985.1,12322.49,272,29790183
34080094,Perilla,13250.4,12322.04,-26,29790181
2492712,qkrcjswns,12855.4,12321.09,326,29790183
13782947,BucketOfAyaya,13323.3,12320.74,-148,29790180
29693561,Sodaholic,13140.9,12320.39,202,29790182
33710539,AloPana,12888.9,12317.74,-87,29790183
15141441,[Paw]DCRSG,13120.4,12316.58,63,29790182
17203049,v69v,12627.1,12315.97,1768,29790185
14732769,Reitomized,13406.7,12315.95,-1184,29790180
24054244,Alleath,13325.4,12315.72,1120,29790180
22028323,Astronian,13293.8,12313.79,84,29790180
23851777,GarNotFount,12925.8,12312.96,433,29790183
11376040,Amoneda,13494.6,12311.92,-385,29790179
33005235,NotBadHuh,13312.8,12309.93,-275,29790180
4116072,Arkener,12796.7,12309.42,1438,29790184
4685756,LothusFangirl,12608.7,12308.93,2756,29790185
17527968,V1do-,13028.4,12308.78,455,29790182
32328042,idkx,13358.9,12308.29,-223,29790180
24111070,AmFade,13144.6,12306.86,330,29790182
24122055,[GE] Arthur,12851.1,12304.32,180,29790184
27651370,SpIotty,13338.2,12303.99,-691,29790180
13566981,CrazyBeat101,13156.7,12301.86,276,29790181
25156022,ThePvtJester,13139.7,12301.73,984,29790182
17481234,duna_,13341.2,12300.46,-795,29790180
14714059,Tofu80,12944.5,12299.36,1823,29790183
37998142,MLM9961,12961.7,12298.55,-752,29790183
34769250,uxjaz,13439.4,12298.27,-969,29790179
36041994,strawman,12571.8,12296.26,784,29790186
35820069,YuanyuYY,13380.1,12293.37,-674,29790180
12399822,Tiputo,12702.8,12292.56,2298,29790185
27758314,Phr Gamer BR,13220.6,12290.55,-89,29790181
17289780,Reptilion,13137.1,12289.83,334,29790182
24094198,P3pp3R_,13294.4,12286.70,-622,29790180
29099335,KevinAP1,13084.1,12285.47,510,29790182
26583452,Mcaulay,12965.5,12284.60,-600,29790183
33963829,s1mpleyyds,13203.4,12284.06,-249,29790181
30122510,-fm777-,13159.9,12283.62,382,29790181
30993436,Kokura Asahi,13017.3,12280.23,-593,29790182
27078040,staralex,13093.3,12275.98,104,29790182
18400474,rust20913,12541.7,12275.73,1976,29790186
18651775,Josephjr05,13083.9,12275.00,780,29790182
31504565,poirman,13214.7,12274.42,-185,29790181
32511634,Peakay,13321.6,12273.46,-676,29790180
36151349,-Qnicha-,13266.9,12273.11,-179,29790181
25067854,[Explosive],13333.1,12270.81,-846,29790180
11149878,bounter,13025.7,12269.78,1093,29790182
12052253,SuperPotatoMLG,12683.1,12267.70,1727,29790185
24309306,Purg,13227.9,12265.87,-237,29790181
19464087,mzukii,13282.9,12265.08,-524,29790180
10316554,SI0705,12073.8,12263.18,3482,29790190
16788618,assyou3,9288.39,12262.39,461,29790232
16530364,[LS]Sagirium,13003.1,12262.38,618,29790183
17740440,Foxy007cz,13152.4,12261.85,475,29790182
25914429,Jaimitocrack777,13192,12261.52,-38,29790181
16838318,sunnyO,13198.4,12256.82,-14,29790181
37803746,Shoiad,13310.8,12255.90,-782,29790180
29715856,jerry211401,13058.9,12255.89,-921,29790182
13783620,Pattern,12998.7,12254.57,339,29790183
22814036,hexifies,13318.7,12252.50,-761,29790180
24754863,Dapyxl,13239.3,12251.40,-616,29790181
25348803,damogus179,13124.1,12248.69,57,29790182
38323267,ploggmah921,12790,12245.30,1432,29790184
26995459,MRKarl,13271.5,12244.76,-176,29790181
31548234,Tsukimia_,13265.6,12237.90,-1032,29790181
5919873,Xan-,12768.2,12235.89,1217,29790184
2770796,w1sp,12357.1,12235.61,2081,29790187
15142530,Ticy,13174.8,12235.18,291,29790181
23156938,Kiryuu Kikyou,13165.7,12235.01,-393,29790181
34280446,Osunothingness,13210.5,12234.67,-1096,29790181
37402338,Muuder,13075,12232.81,211,29790182
7081478,[GS]Teo,12406.7,12231.64,2651,29790187
431457,myumeow_,12210.3,12230.75,3227,29790189
34905148,kdldndk,13189.5,12225.42,-267,29790181
28867240,xCorexDuox,13208.3,12220.97,-964,29790181
33639040,pipiripu,13185.7,12216.00,-197,29790181
15118336,Oyasumi Daniel,12989,12208.67,599,29790183
32921636,K u r e a,13007.5,12205.90,393,29790182
19077203,DimonTheGood,13319.7,12205.71,-309,29790180
17997776,NPCarl,13108.3,12204.05,72,29790182
29478727,-Akari-,13004,12203.92,674,29790183
19624742,-ureaQT-,12800.7,12203.69,1507,29790184
21267670,numberharp19,13239,12203.60,-594,29790181
31962159,xiaoxiao__,13060.8,12202.42,-460,29790182
23185552,flasco,12794.7,12202.40,682,29790184
31416213,jisdis,13116.9,12200.97,-720,29790182
14487252,lightspeedvault,13253.1,12198.31,-603,29790181
34015918,6157,13015.9,12198.03,-269,29790182
30894342,marenol1kg,13263.5,12197.94,-1229,29790181
5012858,Ogata,9738.68,12194.90,2513,29790223
7913514,Ksain,12999.4,12193.11,1332,29790183
30438864,NightmarishXD,12877.9,12192.28,827,29790183
19053051,karpuz,13337.4,12190.04,-987,29790180
20822831,Acrylla_,12517.3,12188.26,1688,29790186
23490205,Donerman_,12675.8,12183.79,1408,29790185
30033393,Arubum,13202.3,12183.74,-161,29790181
19392744,badee,13190.1,12183.71,-410,29790181
12986326,Ty8669,12690.9,12183.00,1032,29790185
33385740,Aeolk,13362.3,12180.12,-1570,29790180
12810679,Th4w,12145.5,12179.57,3134,29790189
17695575,RoseAmoeba,13253.6,12177.92,-1329,29790181
34152447,LassieNoki,13237.8,12177.52,-118,29790181
6420368,wlsgur5436,12200.7,12176.78,3433,29790189
34559691,Emend021,12691.8,12175.91,-560,29790185
11608122,Neptunia-chan,12872.1,12173.82,1206,29790183
22028030,bisayavstagalog,13227.8,12172.50,-212,29790181
16999311,Quinnie why,12858.2,12171.71,932,29790183
36640215,-Molar-,13308.6,12171.44,-780,29790180
10208016,westfalak,13048.4,12171.37,182,29790182
33216822,ltyubjh,12996.7,12169.00,33,29790183
24289042,[GB]Cinelia,12938.6,12168.91,971,29790183
3760209,Tosai_,12919,12167.47,606,29790183
21452664,JustBeans,13237.6,12166.17,-638,29790181
26358888,dietsnuts09,13193.8,12161.88,-63,29790181
38070917,FushengTairitsu,13129.2,12159.86,-943,29790182
29906286,Tyongeeee,13250,12159.20,-668,29790181
26804593,SoulKnight123,13176.2,12158.96,-565,29790181
32179083,- Choco -,13233.2,12158.92,-518,29790181
38673139,TW_noobplayer,12729.5,12158.35,49,29790184
14669825,wxkhhdh,12732.6,12157.43,101,29790184
38135230,cyph1c,13158.2,12156.16,-406,29790181
25801404,IDHAN1224,12784,12155.68,485,29790184
12226439,salvation_s,12671.5,12153.17,729,29790185
24236733,Electro,13253.5,12152.27,-894,29790181
27484367,itsnicki,13080.9,12150.92,119,29790182
29196825,LINGKLE_0139,13134.8,12150.61,-186,29790182
20179559,panny,12751.6,12150.59,1002,29790184
27033843,Lazzy_,13020.2,12150.36,-956,29790182
16055641,Rxizuna,12725.3,12150.21,1025,29790184
35157637,clairpis,12536.5,12149.50,1871,29790186
36592545,FunkyDZ09,13124.5,12147.62,-568,29790182
32283025,tico0701,13110.2,12146.39,-190,29790182
29530752,Enderek_,13014.2,12144.73,169,29790182
5214397,upan,12377.4,12144.20,2493,29790187
29898977,frog1234_old_2,13096.8,12142.53,-413,29790182
16997592,yahochan,13182.2,12142.50,-454,29790181
26532846,Tim9147,13178.3,12141.88,-325,29790181
24014406,rubreeb,12069.2,12141.39,-219,29790190
34347685,Phiyer,13165.2,12137.00,-248,29790181
23185856,RenatoGDM,12475.9,12136.81,1971,29790186
33545304,yyswys,12858.3,12135.81,1307,29790183
35748163,richael,13056.4,12133.03,-279,29790182
23666217,CutieVaxie,12832.5,12129.99,564,29790184
28234428,Snowiz,13069.6,12129.64,99,29790182
31167002,Pumpkeg,12547,12129.46,1617,29790186
16518063,[RUE]J K L,12606.1,12129.16,1250,29790185
23601487,Juaoo,13194.8,12128.81,-361,29790181
21196099,-Galactic,13042.6,12127.68,-96,29790182
21752115,nach0neko,13233.4,12126.51,-294,29790181
34120024,dantecolpeper,13174.5,12126.00,-487,29790181
11823301,Girls frontline,12164.4,12123.83,2328,29790189
8915040,Miekhi,13242,12122.47,-921,29790181
9397544,I could,12542.5,12121.41,2438,29790186
18551241,samorezik,13095.9,12121.27,-144,29790182
12301964,ReMoonIsPig,13147,12119.94,-359,29790182
13274522,felice1357,13088.7,12119.70,-1259,29790182
1622217,SBAngel,11718.2,12119.38,3799,29790193
14557618,Beko_Iso,12529,12118.17,1345,29790186
16128842,Lifelyless,12627.3,12117.97,1422,29790185
35518475,Funsee,13105.4,12117.53,-408,29790182
24039216,v3rt3x,13210.3,12117.24,-658,29790181
37417215,horkeu,12622.2,12115.65,603,29790185
35550144,kroba,12961.8,12114.91,256,29790183
13821222,Lott,12349.8,12114.08,2194,29790187
29546640,Kirchhoff123,12970,12114.06,614,29790183
17252041,StevenS,13028.1,12112.63,470,29790182
13370677,Blue Noah,13167.2,12111.23,-829,29790181
35397922,gsgaiq,10662.4,12110.74,1200,29790207
25658724,reimuya,13041.6,12110.67,-395,29790182
24664118,inky_head,12927,12108.99,876,29790183
36299051,HansuHimself,13078.8,12106.62,-293,29790182
32929355,gugukaka,12260.5,12104.55,2262,29790188
30250856,helpimdying69,12759.6,12104.47,-1068,29790184
33491237,TerrasEST,12241.2,12101.02,903,29790188
24170988,iidx-,11932.5,12099.73,1683,29790192
36030574,Yoshi_Yo,13142.2,12094.24,-830,29790182
22208484,CoulisCustodian,13067.6,12092.61,238,29790182
20112256,poratile,13018.2,12090.07,-596,29790182
17130499,keyblades,12823.3,12089.98,162,29790184
28797412,inel,13205.8,12089.85,-1208,29790181
34090774,eqwrh,12535.6,12087.39,-655,29790186
36148529,Dasuda,13084.3,12084.36,121,29790182
37337033,C4ndyAppl3,13128.7,12083.36,-955,29790182
27954326,hanyuucomunnist,12114.1,12080.45,2554,29790190
32185527,idkthebeate,12685.8,12080.12,494,29790185
27525330,MARCOS4744G,13191.9,12078.44,-1197,29790181
30419111,256,12831.2,12077.16,745,29790184
5014712,-LetsGo-,12835.6,12076.58,1431,29790184
11731521,itritam,13100.4,12076.53,238,29790182
11613023,MeteorCrasher,12805.9,12073.38,-8,29790184
23172720,Warneyi,12404.3,12071.44,1721,29790187
12658750,Merlodian,12575.1,12071.15,1974,29790185
34699135,fowlerfowler,12981.9,12069.57,-605,29790183
35791772,JustASillyCat,13050.4,12068.68,-532,29790182
30918429,Osage,13056.3,12065.30,-207,29790182
36630049,nooboonooboono,13002.3,12062.35,-856,29790183
36156304,FITYS,12369.4,12061.63,-1026,29790187
27300823,Minehunterb,13130.5,12059.29,-493,29790182
36976555,hfuideyufgre,12942.7,12059.21,-295,29790183
28101425,wonder903,12848,12057.92,232,29790184
19931117,furry feet,13060.2,12057.76,-352,29790182
28802695,Wild_Monkey,12825,12053.52,255,29790184
26888822,Bronya Addicted,12855.1,12051.29,-466,29790183
33437081,SungutLele,12249.9,12049.79,1015,29790188
18511152,yuishi2501004,12460.4,12048.75,1467,29790186
36644767,hyperprojoueur,13025.2,12047.69,-711,29790182
14888976,Scoop2,12613.7,12045.54,-1089,29790185
20371870,Etterna Offline,13097.2,12044.27,-534,29790182
33746327,WL_Lukes,12950.8,12044.27,-80,29790183
38118641,FANYiii09,13000,12043.10,-740,29790183
36644510,syno,13145.8,12043.03,-707,29790182
24057425,Execut3r,11825.6,12035.50,2307,29790192
34085441,-HEIHEI-,12899.7,12035.47,-352,29790183
26458354,zyxql,11236.5,12035.23,-991,29790199
4918394,Seulgi,12392.2,12034.73,2673,29790187
22400545,iksemik,12874.7,12032.95,-607,29790183
26919955,socins,13050.1,12031.43,303,29790182
14327644,malistic,12883.6,12030.51,-29,29790183
34073808,YD_L,12872.6,12024.91,-261,29790183
32961911,The_Gh0st_,13006.7,12022.35,-632,29790183
6504144,DeimosX,12897.6,12022.30,69,29790183
22231970,[LS]Randy_J,12967.9,12022.00,-60,29790183
25242317,oknoP,13089.2,12021.44,-692,29790182
26603694,CHUBIXS,12680.9,12019.68,671,29790185
37007219,amesuu,12755.3,12018.79,-536,29790184
20485400,Apr4th,12249.8,12018.59,1612,29790188
32691356,myzu,12839.7,12016.99,-70,29790184
24110728,choropelao777,12970.2,12015.86,-115,29790183
6743030,Chizuhimee,12791.3,12015.61,1178,29790184
29501033,saiki-kk,13023.4,12014.48,-312,29790182
23500872,Tengekyo,13117.7,12012.50,-579,29790182
27174077,Furimuu-,12949.1,12008.20,156,29790183
2208895,jDoce12,11939.2,12008.11,3804,29790192
35197040,isizawa122,13055.3,12006.87,-906,29790182
14347134,yezi-,12396.9,12006.38,1167,29790187
29152268,taaanaaakaaaaaa,12947.2,12003.03,-332,29790183
34460926,QingShanErdi,12589.1,12002.74,98,29790185
32040356,mxqdn,13128.9,12001.99,-966,29790182
34576383,LinGCar,12779.9,12001.80,342,29790184
18809177,kyouko02,12953.4,12001.07,-530,29790183
5290767,I Pleng I,12211.8,11999.74,2771,29790189
29808062,Blu26,12834.9,11998.46,-151,29790184
37502651,wegeny,12969.9,11998.40,131,29790183
30642543,Yominazuki,12852.1,11998.06,257,29790184
27215547,sglipozavr,13046.5,11997.65,-128,29790182
11937337,WaterMelonTube,12484.8,11997.46,1227,29790186
34872474,bachedad22,13014.8,11994.08,-479,29790182
34952133,NaNK,12647.6,11993.49,775,29790185
23545183,kzxyotyo,13013.1,11992.75,-787,29790182
34321901,_mish,13290.1,11991.32,-1271,29790180
3620963,liaoxingyao,12233.7,11990.33,2693,29790189
32521010,Kairumi,13052.5,11988.18,-806,29790182
27191211,qgsh,12498,11986.28,2093,29790186
12545346,Fisu,13051.7,11986.26,-634,29790182
16303789,WOSHIZHAZHA120,13011.1,11984.09,-536,29790182
30563526,puhanainoto,12674.5,11981.62,634,29790185
32272776,[-neko-],12175.3,11980.32,1937,29790189
19805569,pogyes,12475.7,11980.10,1179,29790186
23154922,nakidure,12589.2,11978.82,970,29790185
19808178,SEN_OATKUNG,12667.5,11978.66,-1543,29790185
3183277,Fiea,11768.4,11977.51,3450,29790193
19166120,MoonLight0821,12769.8,11976.54,-826,29790184
36101162,xisuno,12700.4,11974.73,290,29790185
13513736,[RUE]NeomiCryo,13014.9,11974.00,-776,29790182
14627441,linjingyan528,12827.9,11972.99,66,29790184
36191046,WonderBoy,12747.6,11972.74,64,29790184
37657207,JepetoDCE,12514.9,11972.51,720,29790186
23253720,Emelianenko,12981.6,11972.30,45,29790183
36087451,Spure,13069.1,11970.74,-948,29790182
35717683,MrDetectiv3665,12869,11969.26,-18,29790183
39694892,sad spring,12568,11966.64,133,29790186
16039216,Tempest_WH,13096.1,11965.87,-1113,29790182
30282134,Uesugi-Erii,13043.4,11965.16,-435,29790182
16775205,Magshroom,12847.3,11964.67,-126,29790184
33913579,Derh1ox,13040.7,11964.11,-798,29790182
37721649,VzDs7,12056.8,11963.94,-125,29790190
18264749,luc_d,12761.3,11962.49,-35,29790184
1762437,GGJaeger,12557.4,11961.44,1758,29790186
35709182,artem2009yu,12687.1,11959.40,-773,29790185
31703914,nixxon111,12101.8,11958.18,-999,29790190
16480419,latsderpy,12084.1,11957.87,895,29790190
26583886,ninjasomed,13011.7,11956.88,-583,29790182
18521715,nekroxia,12641.7,11954.45,1241,29790185
35908330,AceAisLol,12828.2,11954.10,-470,29790184
16618140,FKDHJFGHDSJKGHJ,12856.1,11954.09,77,29790183
25884807,Soresty-,12925.4,11953.17,-242,29790183
10840129,MORGENSHTERN-,12975.1,11952.39,-470,29790183
8065567,Aezlack,12308,11950.99,2212,29790188
9663200,Strachy,12818.4,11949.52,692,29790184
14539540,WilliamQiufeng,12729.4,11949.11,450,29790184
15807315,[Paw]INKINKINK,12579.3,11946.93,600,29790185
34321607,-Vomi-,12960.4,11946.48,-745,29790183
23771827,gordo pato,12201.2,11941.77,1027,29790189
26376889,Zark RV,12555.3,11940.05,481,29790186
24231733,Stormfighter_HD,12762,11939.87,704,29790184
35933624,Riro_,12979,11939.65,-534,29790183
31243652,sscux,12721.8,11939.14,597,29790184
25088164,soup3r,12601.8,11936.34,467,29790185
36255309,herry000000,12263.5,11935.86,-39,29790188
29419816,SeYxZ,12894.8,11935.62,-171,29790183
1517607,leqek,12247.6,11935.39,1468,29790188
38084550,Hileznx,12748.5,11934.34,78,29790184
16178831,WTFrrrrrrr,12647.7,11933.85,694,29790185
8707948,_HastuR_,12388.5,11932.93,1196,29790187
14617751,yoe Lonann,12574.5,11931.73,818,29790185
36125790,maguro fanboy,12650,11931.60,-279,29790185
36334622,kingasphalt827,12468.3,11929.81,1076,29790186
10927256,law38204,13062.2,11928.91,-1337,29790182
25480611,draw it,12625.5,11923.52,473,29790185
12585687,[LN]numuser,11967,11923.44,99,29790191
33033040,M61,12981,11923.34,-893,29790183
23600708,- Croketa -,12848.5,11922.82,35,29790184
15058763,Rockruff,12720.1,11922.72,687,29790184
15160103,GASER,12261,11921.60,1460,29790188
20040777,IIIendIII,12804.8,11920.69,-776,29790184
26908596,Deerzkaya,12745.2,11918.57,-759,29790184
38535063,Crystal151231,12485.9,11917.37,-494,29790186
35966063,BlueBlock_awa,11203,11916.91,392,29790199
37835295,ciinder,12764.6,11916.68,-647,29790184
33068823,someonesus,12632.1,11916.32,913,29790185
22671085,mikoiq,12702.6,11915.37,276,29790185
1011868,fri,11807.8,11914.83,2688,29790193
34876224,jsisjsj,13048.2,11914.34,-1835,29790182
25325682,AzureKabunga,13211.2,11913.87,-1940,29790181
8442734,_Salieri,12574.8,11913.05,912,29790185
23993192,Kekachuz,11959.6,11911.47,-617,29790191
15275787,Batotskie,12988.7,11909.76,-1024,29790183
25348643,Wolong,13078.3,11908.91,-1238,29790182
34209831,f3ngj1,13167.3,11905.18,-1404,29790181
27568694,Kiomei,12948.8,11904.42,-240,29790183
34680898,Kaosume,12704.6,11903.69,323,29790185
32745213,Dominus1539,12954.7,11903.09,-851,29790183
34663745,Axel_IBM,12868.8,11903.05,-62,29790183
13762441,Orcanos,12663.3,11901.62,-1336,29790185
37011791,DTGAMDER,12841.3,11899.25,-171,29790184
16358027,XxMysticExpertx,12114.8,11898.09,2044,29790190
32085615,Yayoku,12240.1,11897.41,2263,29790188
17775010,Hoolheyak,12757.6,11897.07,365,29790184
24815247,B4Emman,12796.5,11896.62,-181,29790184
26732933,Eyjafjalla_,12851.6,11891.72,-418,29790184
2383766,Sayobatsu,12724.8,11890.84,1055,29790184
26113062,[Crz]Marisa,12382.7,11887.21,773,29790187
39391705,KeyLimitless,12013,11883.66,653,29790191
27915234,jnzg,12366.6,11882.75,2322,29790187
16782996,Dump_is_Trash,12797.5,11879.49,-242,29790184
13360600,Anze-0w0,12756.7,11879.20,-87,29790184
36204077,Q14NXu4N,13033.8,11878.97,-1156,29790182
32263201,Phantom of Sky,13001.1,11877.81,-770,29790183
10280505,tree1014,12901.1,11875.24,-871,29790183
14124854,ASTROMENT,12478.6,11874.06,1102,29790186
32831399,MisakuraRin,12160.3,11873.92,2443,29790189
22525661,Darge Barge,12240.8,11872.85,1470,29790188
17237364,EstaticStatisIO,12748.6,11872.55,471,29790184
13484261,NdAa1A0,12651.2,11872.31,-131,29790185
8599070,IceDynamix,12269,11871.10,1691,29790188
30443810,sakurangels,12767.1,11870.00,109,29790184
28216932,NikiDaNeko,12596.7,11867.85,144,29790185
7638459,Kilawhale,12589.5,11867.12,484,29790185
34400987,Ait,12852.8,11867.05,-1287,29790184
35839843,[7KW]MagnetGuy,12539.9,11866.10,1550,29790186
24093881,EliasXD061,12905.7,11863.62,-808,29790183
35158284,tsukette,12880.9,11862.68,-497,29790183
33396276,Copernicop,12861.7,11860.49,-564,29790183
14504182,Have_tears,12639,11857.91,-495,29790185
12019628,PROSTAK,12881.7,11857.63,-680,29790183
30305670,Mastia,12905,11857.54,-467,29790183
10244543,Zonifyy,12854.5,11856.05,224,29790183
25913437,Delphin1,12915.7,11855.50,-860,29790183
16268679,Atez,12717.3,11854.61,-443,29790184
14727318,ShmentLife,12793,11854.45,-135,29790184
21042677,rerere_01,11787.6,11852.12,1637,29790193
30620921,akimbo404,12803.9,11851.23,-655,29790184
6378892,takuminn1005,12400.5,11848.78,1690,29790187
32804462,Carbon_Silicon,12550.3,11843.93,1241,29790186
33683529,yeedinobro,12392.4,11839.50,1103,29790187
2790640,Kurisu Makise,12447.6,11839.13,2011,29790187
12917829,Sirbeyy,12748.9,11838.26,-168,29790184
26012929,caonac,12883.5,11838.11,-338,29790183
13794811,adalvr,12860.9,11836.83,-418,29790183
12388151,Menhera,12770.5,11833.84,-104,29790184
7539957,Makiba,12125.5,11833.50,2560,29790190
35143302,Siupa,12948.4,11833.01,-825,29790183
15171205,icyfish,12641.3,11830.14,197,29790185
29473209,Poincaresekai,12397.3,11828.40,1489,29790187
28173261,Sirekuan,12815.4,11827.51,-76,29790184
14149970,Yunarkm,12896.6,11826.96,-938,29790183
22630679,cSamu,12842.9,11825.62,24,29790184
33787052,cfb666,12814.3,11824.65,-369,29790184
31886971,Caaaat712,12602.2,11824.32,707,29790185
24345484,Coconut-,12789.8,11823.65,33,29790184
27250188,Brightshine,12584.3,11822.48,299,29790185
38672179,LyonnaicEX,12528.9,11820.46,-658,29790186
30493837,Roblox443,12838.7,11819.65,-666,29790184
36083242,Hssfd[AAAAAAAI],12882.5,11818.51,-596,29790183
16630515,Reihynn,12879.6,11818.51,-976,29790183
27527433,applepig,12286.3,11817.80,405,29790188
37765720,SantiWows,12685,11817.40,116,29790185
27942118,best_maniper14,12852.4,11816.97,-574,29790184
35154114,DanielGameplays,12143.2,11813.83,2386,29790189
22174188,Thrushpelt,12625.2,11813.18,-6,29790185
36560407,S4MPLE H,12685.2,11809.79,-492,29790185
26675417,Meo_Den,12656.8,11809.38,-195,29790185
27605792,nana3000,12112.6,11807.50,2636,29790190
32727584,wlwjdals005,12462.6,11807.20,-37,29790186
29778928,Luritte,12704.7,11807.10,-138,29790185
28650938,rasgado,12491,11806.98,-367,29790186
37151236,Leche_,12302.2,11805.56,-8,29790188
5145890,Rygamine,12541.5,11801.76,-444,29790186
37925317,blesshine,12661.9,11799.67,-857,29790185
36074527,_Burbank,12859.7,11798.43,-1341,29790183
25675477,boober5193,12754.1,11796.91,-57,29790184
21921071,1NCredibleBacon,12498.6,11796.91,417,29790186
5314573,lenpai,11842.2,11795.53,3367,29790192
23327040,Jyunchi,12865.9,11795.26,-928,29790183
32595188,SL_Yabuseez,12793.2,11793.50,-535,29790184
31241140,rtttf,12221.7,11792.68,2474,29790189
19665717,AsiloX,12800,11791.00,-296,29790184
34313193,Scarlet_off,12518.8,11789.64,620,29790186
13581430,I DONATED 2 OSU,12778.8,11788.44,-164,29790184
11480864,azuree,12413.9,11787.81,798,29790187
20670028,omireta,12650.4,11787.73,52,29790185
1275168,NoteTool,12116.3,11787.09,2515,29790190
12725421,flyerbram002,12731.9,11787.05,-47,29790184
25116192,JustAPro123458,12754,11785.22,-246,29790184
21623337,demon munter,12352.6,11782.93,-17,29790187
17535627,Aaki_,12074.9,11782.32,2372,29790190
34002586,Egg_Gripper12,12708.8,11782.29,-454,29790185
6188901,[ March 7th ],12116.9,11781.13,2088,29790190
2312659,kumaryo,11488.6,11778.93,3886,29790196
21500191,NurleTYT,12409.7,11778.19,472,29790187
37339530,zxqwer,12830.4,11776.48,-769,29790184
36322646,TEN-EricZhao678,12815.7,11776.10,-392,29790184
2007579,Kzon,10829.3,11775.73,1253,29790204
3846874,Itim,12046.4,11770.01,2399,29790190
18141671,Plwr_old,12537.7,11769.83,175,29790186
16314282,Jmpandbomb,12576.3,11766.79,237,29790185
11863699,fvrex,13024.6,11766.64,-1468,29790182
40009216,xqzxan,12466.8,11764.70,-873,29790186
15072846,Silicosis 3,12835.4,11764.10,-530,29790184
27456545,tick7708,12298.8,11763.44,-109,29790188
16308598,winterlover,11399.4,11757.63,2471,29790197
8271442,TerranTT,12416.5,11756.84,2260,29790187
13009262,juan222,12573.7,11756.58,134,29790185
33526160,antipoit,12714.4,11756.10,-186,29790184
18428953,Hualow,12059.5,11755.74,1472,29790190
28807611,amagoch1,12623.4,11755.68,-65,29790185
11060551,iku,12727.3,11755.34,95,29790184
9586411,Winter,12439.5,11754.50,2054,29790187
17585799,dencate,12765.8,11751.80,-176,29790184
29688713,DreamlessLinker,12380.6,11751.27,1007,29790187
15774876,sapcus,12833.1,11750.03,-1023,29790184
23070586,7581Eason,12179.8,11749.27,1640,29790189
28427218,Wldmts1,12554.2,11748.62,-300,29790186
24495218,SureFir3,12532.6,11748.42,262,29790186
6576888,zenonia5,11761.1,11746.39,3259,29790193
36639028,Fuyu Shirokane,12753.7,11746.30,-1471,29790184
38099871,youku fixer,12379.8,11745.62,-555,29790187
33164372,_sero,12356.6,11744.52,-729,29790187
11313354,[GS]snowy,12347.7,11743.97,756,29790187
34717481,Viden_,12579.7,11740.23,152,29790185
19600632,[Seezon],12517.5,11740.18,-462,29790186
36460479,chronosoid,12728,11733.76,-905,29790184
23428946,VyXor,12681.7,11731.19,-34,29790185
36382406,aminos111,12642.8,11730.31,8,29790185
31205713,7617pro,12702.1,11726.93,-425,29790185
5642989,Chiara,12110.8,11725.87,1981,29790190
25691018,KimYeayeon5422,12579,11725.12,-293,29790185
36491079,Black-rose,12679.4,11724.40,-117,29790185
13517423,zkaxj,12774.4,11724.30,-459,29790184
38138400,Hog Cycle,12604.9,11722.91,-434,29790185
36023413,wymBeats,12762.8,11722.87,-782,29790184
34899040,Particles,12283.1,11721.49,1285,29790188
23028806,ri5k98,12566.4,11720.70,322,29790186
34717819,Denial27,12454.4,11720.57,549,29790187
12624280,Fireable,12634.4,11719.54,31,29790185
32156519,rip11box,12160.9,11719.15,1181,29790189
36217438,Jade Star,12662.5,11717.39,-422,29790185
37850976,LostNova,12408.1,11717.38,1738,29790187
12435997,[TCJ]Nibby,12010.4,11716.94,1445,29790191
18112481,murpy,12649.4,11714.31,-66,29790185
31496667,eDstrikebaCK,12376,11713.91,700,29790187
18283907,Lunassi,12411.8,11713.06,-502,29790187
21448057,[LS]Manipfanboy,12290,11711.84,1053,29790188
34022038,Bioskl2t,12650.3,11711.31,-531,29790185
34084548,benfosu,12480.9,11707.15,-161,29790186
35526785,legitIX-723X,12122.2,11706.52,842,29790190
28339171,bobo60508981,12407.6,11706.41,947,29790187
22561178,kuraaaFangirl,12710.6,11703.60,-510,29790185
32845909,Maple_L,12505.6,11703.56,1248,29790186
24887151,yeoanuduoconer,12691.1,11702.93,-985,29790185
31943070,jazzman123,12109.6,11702.89,1756,29790190
17723179,dothething12,12786.8,11702.70,61,29790184
12743135,kingolf,12245.1,11701.35,2030,29790188
36987873,utata,12710.1,11700.89,-823,29790185
13310760,Zayin -,12070.2,11697.85,1477,29790190
20578625,[DT] Lun1x,12538.5,11696.63,136,29790186
27308730,Catcay12334,12160.5,11696.18,0,29790189
18291502,Abyss_water,12509.1,11694.89,151,29790186
34796153,WF KS,12660,11692.84,-82,29790185
34562132,Likudy,12423.9,11692.54,452,29790187
15119479,Ymir131,12182.4,11691.77,703,29790189
36491739,creamcrusher,12597.7,11691.55,-385,29790185
30557014,cao120,12740.3,11688.68,-791,29790184
32568049,fufu520,12940.2,11688.57,-765,29790183
26756473,siepoynnnnn,12602,11688.56,-260,29790185
28753162,Simplisticlolun,12660.8,11688.35,-96,29790185
31369560,[DEHX] edward45,12554.3,11688.30,-1071,29790186
14222982,Tat3,11920,11686.98,2632,29790192
33748241,Jerminomen,12316.7,11685.07,476,29790188
12290050,Plstica_,12178.3,11683.21,1660,29790189
22170518,plpl,12298.4,11680.86,999,29790188
7355319,harlemshake555,11382.6,11680.30,2458,29790197
35541820,langduo,12632.6,11680.29,1305,29790185
39853065,ElEscorpion,11909.7,11678.89,1974,29790192
34430539,36993,12535.3,11678.78,700,29790186
32153662,Namespac,12763.6,11676.71,-982,29790184
38268103,KiY0mi,12568.6,11676.49,-86,29790186
26676661,whdtlrdl,11864.3,11673.62,2524,29790192
37618591,KOZUE_HIRAGI,12520.6,11673.29,-200,29790186
24310746,Leoyee,11861.2,11672.70,3120,29790192
21749839,kyoukoo,12197.6,11672.43,338,29790189
32338421,ndglol,12642.5,11671.85,-1130,29790185
16551233,Muze_0407,12383.9,11668.72,299,29790187
12304071,halouthere,11730.6,11667.09,3242,29790193
7408055,G1ilbert,13032.2,11662.92,-1137,29790182
14287037,wodnd2,12384.4,11661.09,1458,29790187
24990680,Lael1243,12741.7,11660.38,-848,29790184
23884112,Deep_shall0w,12641.6,11660.08,79,29790185
16307557,SeraPrime,12385.3,11658.33,714,29790187
8250228,Tealios,12160,11658.08,1411,29790189
29345347,unFCable4LIFE,12057.3,11651.75,1565,29790190
37669487,annyaseyo,12369.7,11651.39,-136,29790187
28635826,dlekghajtwla,11943.7,11651.13,1878,29790192
15479193,luoling_old_1,12500,11651.02,807,29790186
36230796,Laitosha,12714.7,11650.64,-830,29790184
13900431,dogerman1234567,12615.5,11649.37,-173,29790185
3793502,- Kaho -,12086.6,11645.36,1720,29790190
28635927,why_dog,12587.7,11644.73,-303,29790185
11595734,jihyeon,12535,11642.94,-501,29790186
8621063,haloty,12451.5,11642.21,239,29790187
18912723,x3rs,12226.8,11640.91,43,29790189
32703583,MacTTeock,12510.8,11639.59,-376,29790186
3840946,SitekX,12314.8,11638.83,-803,29790188
25927352,Luno-,12434.8,11638.68,-485,29790187
18801040,xxrobloxpro42,12152,11637.15,1069,29790189
32722345,Alpho,12621.5,11633.95,-577,29790185
25729135,dinocular234,11729.5,11631.87,-92,29790193
18481445,[Mom] xbob,12177.6,11627.67,942,29790189
19280072,Some0n3,12606.5,11627.30,-867,29790185
19328562,[MSA] YuriBox,12665.6,11627.12,-355,29790185
11671411,SiDobu,11752,11625.11,2881,29790193
24925578,F2P,11995.3,11624.88,1261,29790191
37033553,Reusa,12151.7,11623.12,1046,29790189
19773759,Catzlers,12647.8,11621.29,-107,29790185
34133583,ChillFD,12673,11620.17,-1042,29790185
36057396,woofluci,11315.6,11619.71,1956,29790198
34300315,player_rithimim,12361.5,11617.90,513,29790187
25182199,choof,12033.4,11616.73,716,29790191
7089532,ccouy123,11522.2,11616.36,2866,29790195
31435982,[Crz]LiCrystal,11946.4,11616.24,1470,29790191
20281795,464,12584.6,11616.23,-555,29790185
23647027,akari_chn,11971.6,11613.04,2425,29790191
35141576,volcanic,12570,11612.19,-1074,29790186
30993101,bili_TYL,11945,11611.88,1495,29790192
30662392,bpp,12156.3,11611.54,1079,29790189
32643665,dodo877,12676.5,11609.62,-1092,29790185
33830062,MaxLee1011,12414.7,11609.28,228,29790187
37554209,me11114444,12712.9,11608.55,-925,29790184
33151960,KaNoteN,12553,11607.92,362,29790186
7419118,f24c27,11877.2,11607.59,2072,29790192
37762834,spawn_,12639.6,11607.24,-595,29790185
35304133,MaiPai,12083.4,11607.12,1221,29790190
34684039,XingIy,12754.8,11605.64,-783,29790184
5331420,Mortelspawn_,12308.2,11603.39,-117,29790188
33841826,Neno,12261.5,11602.28,1065,29790188
20242876,SSENMOON,11979.2,11599.86,2069,29790191
36620952,idrila,12623.9,11599.31,-879,29790185
23613470,Aya Thosiko,12072.9,11599.23,1148,29790190
10493359,_Hyuns,12180.3,11597.83,939,29790189
26254656,KalkaiFangirl,12522.9,11597.55,-298,29790186
35654285,Viviere,12551.7,11596.50,-577,29790186
31462293,gendimc,12509.9,11596.00,-605,29790186
37547151,sugomaniac,12579.1,11594.54,-497,29790185
39449920,BurningPigeons,12463.2,11593.70,-888,29790186
7621263,- megu -,12257.8,11593.45,793,29790188
17804952,Dash19e,12463.1,11593.42,773,29790186
20481236,unknowsymmetry,12556.7,11593.30,-292,29790186
1343562,ETKinji,11517.1,11592.49,2404,29790196
26812023,Remu1011,12611.2,11591.41,-314,29790185
20035998,Conano121,12711.3,11590.88,-679,29790184
19799691,Bruuno,12589.6,11588.10,13,29790185
8852284,AI-LUNE,12056.2,11587.83,1478,29790190
24424851,seba1223,12559.2,11587.12,-1037,29790186
25202331,SkinnyAlexandre,12598.5,11586.41,-141,29790185
17922922,FlyingTilapia,12641.5,11585.10,-469,29790185
19724496,Deividyyt,12742.5,11584.50,-1050,29790184
11145533,RayQu3ry_,12203.1,11584.20,425,29790189
14265994,SnowySummer,11835.9,11584.15,2378,29790192
25355191,datjinx,12726.1,11583.83,-507,29790184
7335062,[LS]SirroNL,12338,11583.74,495,29790188
32880384,darkoosu,12301.6,11583.44,433,29790188
35153421,SanwuQian,12413.3,11583.14,858,29790187
8377593,[Crz] Luna,11622.4,11581.43,2648,29790194
37514660,sree0511,12339.4,11581.00,-834,29790188
9013523,CryogenicFrost,12466,11580.00,-59,29790186
13321583,Mechada,11671.7,11579.94,254,29790194
16598478,gafur123,12374.8,11579.89,711,29790187
24324915,MishiYT,12013.8,11579.05,664,29790191
1192936,MapleSyrup-,11767.3,11578.26,2745,29790193
36264701,Flandre_UwU,12524.1,11577.04,-471,29790186
29175882,Eduvtxd,12682,11576.04,-700,29790185
34881046,amenotiomoi,12418,11574.95,451,29790187
36724235,ppinter357,12543,11573.14,-1104,29790186
24253806,Iplaygames13,12452.2,11572.79,-552,29790187
21611353,NbaBrokeBoy,12480.4,11571.42,-28,29790186
36364148,syjh233,12504.5,11570.82,-19,29790186
26745347,[LS] R3MU,12398.7,11570.18,116,29790187
32963649,Bobert69420,12631.5,11568.70,-660,29790185
2883132,Jole,12010.5,11567.71,1515,29790191
31110579,m28r3_A,11838.7,11563.89,1650,29790192
24304784,chris villada,12225.1,11560.38,537,29790189
37813397,kalukwn,12403.1,11558.72,-455,29790187
11799103,yoppy-yugen,12005.4,11557.89,1626,29790191
9037792,jinn0302,12441.3,11555.10,782,29790187
12297375,Adam Yuuki,12557.5,11554.72,-465,29790186
29427264,BBBBBK,12699.1,11553.85,-1482,29790185
35697027,-PunX-,12481,11552.66,-541,29790186
2407398,death end,11987.3,11550.70,1588,29790191
26583617,OOO000,12722.7,11549.94,-1146,29790184
25702074,ZUZU,12596.5,11546.65,-767,29790185
21095174,[LS]Gobblez,12659.1,11546.45,-547,29790185
15240502,hotdoggi,12540.3,11545.74,-374,29790186
19660729,MrDabian,12436.8,11544.63,-117,29790187
20455522,[SloW],11928.5,11542.38,1348,29790192
31390671,phylacterya,11722.7,11541.00,-872,29790193
15128524,999DoaHoaHong,12283,11540.04,318,29790188
27301158,FriedSnow1,12319.1,11539.29,1166,29790188
14922657,TW_coco,12387.5,11538.56,-95,29790187
27930110,A_Bad_Player_39,12629.3,11538.35,-702,29790185
31747350,[Crz]Cuccurry,12293,11538.12,-107,29790188
19131854,Elrodri421,12149.3,11537.73,2006,29790189
8999766,[GB]Frozen moon,12007.6,11534.64,1433,29790191
32805129,kojidauu,12225.2,11532.72,-785,29790189
39039235,AYEJAY6K,12014.9,11532.24,1299,29790191
17185425,DoggoOsuBoi,12196.3,11531.66,740,29790189
34035880,snowsabre,12591.5,11530.38,-986,29790185
20925028,jwsgcfrf,12171.7,11529.83,768,29790189
32030109,sasakama,11384.5,11529.62,3350,29790197
28550785,Xyrrix,12188.7,11529.39,102,29790189
18611918,S k y y -,12316.4,11528.05,361,29790188
27182029,AtomicHD,12078,11526.81,1189,29790190
18612605,Izqyoi,12551.5,11526.19,-503,29790186
35694162,Loboliji,11203.1,11525.20,3155,29790199
27004907,illust,12460,11522.86,-340,29790187
36571317,Anti_DenN,12612.6,11522.77,-292,29790185
18694025,-Sadako-,12486.2,11522.72,-403,29790186
31222738,ixwmarioboy,12324.3,11522.25,119,29790188
16137157,xhsi,12015.4,11522.05,480,29790191
11759693,DarryllV,11968.2,11521.64,2100,29790191
26627245,-Sebby-,12364.3,11520.86,-372,29790187
9179212,RestoP_,12771.4,11520.00,-1187,29790184
34566169,SomeoneHaveTo,12464.8,11519.84,-332,29790186
18867357,Soldier_Hibi,12134.7,11518.53,685,29790189
2811147,upperCamelCase,11495.6,11515.97,2876,29790196
20466182,[MSA] Lisa,12613.9,11515.81,-771,29790185
32613475,Madoka-,12115.7,11515.10,81,29790190
26646928,Omixronx,12326.1,11513.07,-503,29790188
6795897,rusk_BT,11936.6,11510.13,1575,29790192
17965571,Schmutz,12125.9,11510.02,1839,29790190
16600658,SoIitude,12364.4,11508.13,-117,29790187
32659734,FFFmmm,12478.2,11508.06,-137,29790186
39272560,BriannnX,12320.4,11507.45,-216,29790188
22613611,yellowbadbeast,12119.8,11506.85,1155,29790190
36293877,Andyy1130,12375.3,11503.56,54,29790187
16005504,RantabFanboy,12518.3,11503.46,-368,29790186
30871923,[Chke]vulun1126,11784.9,11502.19,165,29790193
28088581,Nepkin,12515.8,11502.15,-634,29790186
31414939,gammaqeet,12300.2,11500.78,338,29790188
5743343,[Crz]Ghost,11583.8,11499.98,2047,29790195
23444752,Nytro Oliver,12453,11499.07,-675,29790187
12808079,aid_,11505.9,11499.00,3328,29790196
31658798,xynnp,12546.9,11497.92,-978,29790186
32074763,kartofle,12615.9,11497.63,-1202,29790185
37521605,HowToPlayMania,12474.7,11496.80,-584,29790186
9913129,Felix1080,11491.8,11496.30,2247,29790196
20288785,Mania,12204.2,11495.95,508,29790189
20022289,RioWataa,11982.3,11495.39,861,29790191
16886729,Mare,12349.4,11494.98,303,29790187
37167234,FawwhaZe,12530.5,11492.77,-288,29790186
32343714,Rookie1789,12060.8,11491.39,701,29790190
9517612,Plushsune,12176.7,11490.39,509,29790189
34347003,kty2047,12180.9,11489.67,366,29790189
25900322,kaewmok2,12205.4,11488.55,359,29790189
16803093,DrKEHE,12390.4,11487.89,-203,29790187
17869206,[TCD] hachi,12345,11487.55,-162,29790187
21900872,[LS]Robi,12341.4,11486.15,434,29790188
36612794,Qurishre,12334.3,11486.00,-280,29790188
36282041,weras1rsg,12302.7,11485.76,51,29790188
31290485,DTRO,12220.2,11484.83,429,29790189
16445730,My Angel Noelle,12036.5,11484.07,1255,29790190
37035019,StellyStellar,12490.8,11482.22,-682,29790186
7752979,-otya,11422.6,11482.10,3013,29790197
18531358,kymo,12089.2,11481.78,1000,29790190
11812724,seokkun,11650.5,11481.02,2552,29790194
36748037,Rlasei,12368.4,11480.53,-315,29790187
36361620,4zu0,12535.7,11479.81,-698,29790186
25505114,[TCD] Sirin,12128.1,11479.75,92,29790190
38264792,AsagiriKo,12499.1,11479.62,-991,29790186
17356596,Pekkya,12559.9,11479.11,-316,29790186
32439408,moyoka1106,12511.7,11479.06,-996,29790186
33804348,yang_12345,12299.1,11478.92,-78,29790188
28337088,7kclown,12329.5,11476.59,584,29790188
37147374,jjjsannn,11974.4,11474.79,-272,29790191
19379894,shjashjashja,12004.2,11474.54,1164,29790191
33528304,MrEmpanada_,11957.3,11469.70,1106,29790191
27891923,-Kurimu-,12394.7,11469.55,38,29790187
29030314,KUHAKEwantbeCrz,11938.5,11469.08,1218,29790192
16790947,Nyftl,12064.4,11468.70,817,29790190
32331584,Columbina Neko,12165.3,11467.79,416,29790189
12490530,-Kori,11691.9,11467.26,475,29790194
33631938,IciclyIcy,12321.1,11466.31,-423,29790188
33920329,Xiaollull,12350.2,11464.10,-474,29790187
16270045,MalGeum,12498.4,11463.42,-265,29790186
39336156,Unkhown,12330.2,11462.79,-851,29790188
13013350,Kiruliatkoska,12442.5,11461.38,-153,29790187
37619073,Onirica,12431,11459.30,-439,29790187
12809702,Hirasawa Yu1,11899.9,11458.55,1514,29790192
34919745,NiceLazerz,12413.7,11457.91,-675,29790187
13539970,[LS]Homii,12318.4,11456.83,-708,29790188
22411632,MOSTULS,12578.2,11456.45,-473,29790185
15522107,Adachi_Rei,12349.5,11455.89,-296,29790187
35411408,osusain,12155.8,11455.42,1254,29790189
36388287,x_k_v_r_3_h_4,12513.5,11455.16,-646,29790186
18344249,Sp3ctro,12450.8,11454.53,-263,29790187
31157409,Ghost Neko,12178.6,11454.43,400,29790189
8823162,Felumi,12282.4,11454.08,731,29790188
34651009,0_Snowx,12280.1,11452.80,-758,29790188
39163407,zisnof,11651.4,11452.74,572,29790194
34465997,ZxcFlya,12396.5,11446.58,-545,29790187
18813338,hhqsc,12458.1,11444.84,-533,29790187
37052650,WarriorGuy,12289.4,11444.59,102,29790188
35894772,Coronene,11818.3,11443.67,558,29790193
9201507,pieerre,11581.6,11443.10,1776,29790195
23041020,Mxrtinn24,12262.4,11442.80,388,29790188
27828333,Rail1234,12217.6,11442.39,533,29790189
23190816,linglys,11690.6,11442.23,2359,29790194
25719386,Riwanda,12052.4,11442.06,599,29790190
26661936,fussie,12349.9,11440.85,-412,29790187
15597315,Dogethedoge25,12027.7,11437.72,-413,29790191
29745654,Jzk_,12226.7,11437.07,469,29790189
11958940,J1002,12233.4,11436.77,444,29790189
32295192,currentId,12077.1,11436.62,453,29790190
25537056,icecube102,12131.7,11434.82,397,29790189
27301035,Wakuzei,12082.7,11433.72,514,29790190
38070262,1RREGULAR,12295.8,11432.25,383,29790188
22198131,Maple15,12068.4,11431.64,585,29790190
39450252,Jack_,12475.2,11429.07,-965,29790186
31670767,anti_spiral228,12353.5,11426.77,-480,29790187
9104881,IzKun-,12705.5,11425.82,-1262,29790185
39094865,Antiv1st,12272.1,11425.38,-962,29790188
34287400,Lv1,12190.9,11422.97,476,29790189
27904863,CHILLNER,12309.5,11421.95,78,29790188
13156261,weiwei11,12312,11421.67,-333,29790188
25893726,Aep3016,11076.9,11421.62,1284,29790201
37319785,bainianlaobing,11790.7,11421.25,1633,29790193
31477234,storyc_arc,12387.3,11420.45,-558,29790187
18928126,Xroxile,11578.9,11419.51,638,29790195
35677932,pentatonic0201,12486.8,11419.31,-896,29790186
31552893,Bob37,12274,11419.11,-193,29790188
36698967,CeciliaSchariac,12274.8,11416.82,-463,29790188
11237834,Block_rei1007,11769,11415.53,2115,29790193
31320427,YuPi-,11775.6,11413.54,1830,29790193
24078536,RajaNemesis,12315.4,11411.54,-268,29790188
28524421,sucto,12162.8,11410.47,-690,29790189
18983998,fat nuts,11623.2,11409.93,420,29790194
16266508,mr boss,12012.5,11409.49,593,29790191
31276281,dabendan1,12085.7,11407.56,948,29790190
27023698,- lucky -,12382.6,11407.49,-409,29790187
6918726,HaungYan,11868.5,11407.15,1462,29790192
30363952,Fuennlas,12365.5,11406.99,406,29790187
37633286,auc,12130.2,11406.75,-636,29790190
19229811,danir3c,12423.2,11406.27,-240,29790187
35410750,FelixVuElental,12313.1,11406.00,146,29790188
28653364,-Sheena-,12345.3,11405.10,-68,29790187
28384399,ExpiredWater,12576.9,11404.64,-1164,29790185
10288996,Nescar,12318.9,11403.18,-238,29790188
26520776,Liiyu,12293.4,11402.04,-27,29790188
35421807,-DOG-,12457.9,11401.70,-539,29790187
38133216,nayer,12231.8,11400.64,-1160,29790189
35606485,-fuurin-,12244.9,11399.99,-704,29790188
9741130,[Bot]Kana,11201.5,11398.08,2959,29790199
19617503,remmified,12102.7,11397.64,404,29790190
11883284,juisjoo,12290.9,11393.80,-126,29790188
21152984,Azbyx,11161.1,11392.79,1872,29790200
35613688,Me_beef,12255,11391.51,39,29790188
4109974,osumania,12318,11391.31,-413,29790188
36170188,M1rei,11821.7,11389.60,840,29790193
23607251,sukeui,12102.3,11389.08,489,29790190
12338913,astat11,12419.4,11388.55,-696,29790187
31993063,Yoshino Airi,12363.9,11388.43,-736,29790187
20695135,IPhonehub,11526.1,11388.41,3089,29790195
35119627,Pree_,12300.8,11387.90,186,29790188
10111665,qsdr4456,11833.7,11387.54,1284,29790192
17051055,[SPNG]faxxed--,12033.1,11386.97,808,29790191
34823327,ariacanexz,12059.9,11385.78,89,29790190
21609982,one bone,12092.2,11385.41,218,29790190
36351011,axfdg,12400.3,11382.61,-948,29790187
36104855,Gui_Fera,12277.1,11382.41,-13,29790188
33128833,Oxu_7,12240.9,11380.82,95,29790188
9421382,muyouA,11367.4,11378.87,2513,29790197
22318558,Zhadow,12355.3,11378.56,-239,29790187
24156422,DragonPayM,12002.3,11378.12,566,29790191
36305480,rikuhatima,12473.2,11378.01,-1215,29790186
37828077,ZENITH_18,10795.6,11376.01,500,29790205
21891521,[LS] -Koyume-,11945.4,11375.54,1009,29790192
16897959,7o0,12303.5,11373.70,-334,29790188
33959930,Mevryx,12393.3,11373.33,-337,29790187
31786158,RAIDSICK3,12012.7,11371.90,655,29790191
16559804,Nyuu-,12442.3,11371.38,-594,29790187
20398685,cArlosdtv,12418.1,11371.09,-911,29790187
30897006,supesu,12351.8,11369.87,-369,29790187
32806321,Brorena,12435.3,11369.73,-520,29790187
34300262,daniel_torup,12142.9,11368.47,-1222,29790189
14058126,JustLuigi,12337.9,11367.23,-399,29790188
38358479,thecharlesman,12126.3,11362.79,410,29790190
18054129,phuongkhoa102,11863.7,11361.96,1127,29790192
22820413,Yunatek,12319.8,11361.79,-688,29790188
30967187,-GuarDiaN-,11666.1,11359.35,1431,29790194
14956617,Lyscence,12288.6,11356.64,88,29790188
11837219,CLLbin,11872,11355.51,974,29790192
12243730,[Crz]Ha0201,11523.2,11355.41,2136,29790195
35867010,Lacie1298,12557.7,11354.64,-1398,29790186
23772585,pyrumble,12414.4,11352.45,-869,29790187
33932062,Pusichi,12342.9,11350.36,-741,29790188
34289419,RAndomMAN,12498.5,11350.31,-1261,29790186
32025623,KalerixGD,12430.2,11349.77,-736,29790187
25109864,JRS07G,12173.5,11347.54,-207,29790189
16679123,sweetQwQ,12502.6,11346.33,-907,29790186
27446213,Plasticpea,11668.7,11345.30,431,29790194
35279965,alooz,11479.1,11344.60,1571,29790196
19466314,iParacosm,12244.3,11344.44,245,29790188
14106450,worst hr player,12282.8,11344.12,-666,29790188
33556282,nssb,11206,11343.90,2505,29790199
4448350,guy6ubh,12331.5,11343.08,236,29790188
6003841,oks2073,11466.5,11343.04,2496,29790196
29657458,Etheriousa,11488,11342.24,2392,29790196
11923390,MrBeast,12220.1,11340.38,11,29790189
28705135,TriRetr0,11458.5,11339.25,-60,29790196
34673365,AkariHD,12423.6,11337.07,-361,29790187
36236538,RalzerXD,12353.7,11336.60,-719,29790187
18286933,alice222,12332.4,11336.18,-319,29790188
10972799,Ziquids,12422.4,11335.64,-940,29790187
37348959,Heitenn,12206.8,11333.74,-439,29790189
10318380,lovely_hyahya,11993.6,11331.36,988,29790191
36672541,L1TangDZ,12081.2,11330.86,-250,29790190
32408886,LABUBUFART,11895.3,11330.84,466,29790192
15148238,grandstar6262,11972.8,11330.43,558,29790191
23603838,shlfts,11916.4,11329.87,-531,29790192
33599829,KOT_Arbuzovich,11350.7,11329.12,3000,29790197
29642023,MiraiFx,12476.8,11327.39,-1013,29790186
17435625,kmsw6000,11978.9,11326.83,450,29790191
19882148,amano_hina,12302.5,11326.68,298,29790188
18786195,ALWW,11854.4,11326.24,1705,29790192
31533196,ghostTapping,12405.7,11325.99,-868,29790187
31717420,bristerji,12042.7,11325.46,513,29790190
33005160,Pharus,12054,11325.37,137,29790190
31957213,7Qian,12184.8,11325.05,-494,29790189
19105699,lle1530,12144.5,11322.17,390,29790189
27720686,miguelwow,12306.4,11320.65,-99,29790188
25036347,Kaya-,12150.9,11320.40,860,29790189
27059589,ryan wang1234,11722.9,11319.99,-693,29790193
17037854,-KoiKokoro-,12075.7,11319.34,105,29790190
30073550,Errorless,12149,11317.44,112,29790189
36098543,haruinolvls,12219.4,11317.30,512,29790189
21468116,Ruhster,12401.8,11316.33,-286,29790187
13165127,Moonsleet,12326.6,11315.30,-303,29790188
6660735,CircusGalop,10801.7,11314.55,3469,29790205
35034502,lycoros,12379,11312.17,-643,29790187
31042682,Fuuneral,12222.4,11312.08,-54,29790189
24972284,Waring0,11966.2,11310.69,380,29790191
14095291,AelSan,12294.6,11309.30,-603,29790188
36395398,B3LLaNab,12309.4,11308.75,-1458,29790188
11651507,Megapunc364,11860.8,11308.72,1710,29790192
38598469,Puro_Retro,12061.6,11308.13,-891,29790190
25380059,Unvoled,11959.3,11306.88,745,29790191
29024926,nashtheflash,12284.3,11306.04,-1017,29790188
5214842,Jeanne Da Rin,11918.3,11303.73,697,29790192
38293235,RxzorOsu,11997.5,11303.53,337,29790191
8848902,cycle hit,12207.8,11303.52,-329,29790189
35790738,- V3x -,12175.6,11303.48,-526,29790189
9570112,M4rdy,12258.4,11302.91,-205,29790188
34397598,_hana,12268.8,11302.59,-337,29790188
32478007,notdolphinz,12211.7,11300.42,-267,29790189
27707984,iiod,12091.1,11300.37,1490,29790190
37400561,TheLaimster614,12140.9,11299.68,-253,29790189
34734987,Sarvente,11782.4,11299.09,644,29790193
22073481,iHateLN_,12209.1,11296.95,-464,29790189
11648835,kkam1331,12326.8,11296.35,-474,29790188
13039565,kaishimii,12009.1,11296.24,-258,29790191
2131147,BlueSpyder,12025,11295.11,1200,29790191
20344974,Cr2zy,11680.2,11291.48,-251,29790194
14668822,evil izzy,11462.9,11291.38,423,29790196
19108540,Quilynn,12076.2,11289.88,-319,29790190
32916219,letmegetauserna,12024.2,11288.96,-554,29790191
37060642,-simi,12197.8,11287.18,-1009,29790189
34353892,hh27v4,12201.8,11287.04,-835,29790189
28494896,kris44445,12200.2,11286.54,-353,29790189
23879022,spurcy,12318.3,11285.71,-597,29790188
36296830,wsgo_123,12048.8,11285.28,106,29790190
36961640,momosnight,12337.5,11285.23,-731,29790188
9612562,Polarune,12380.4,11284.88,-991,29790187
7746055,Parinya,11672.9,11284.42,1512,29790194
20895955,puring-,11997.7,11283.48,502,29790191
26749855,[TLTE] LxngSus,12268.5,11282.04,-213,29790188
5242158,[Crz]Makii,12324.6,11281.67,206,29790188
34856743,PdmMo,12197.5,11281.43,-634,29790189
32695517,143-,11964.2,11280.89,839,29790191
12301332,[GB]80zero,11665.2,11280.67,2181,29790194
36254379,SuhzuJKS,11977.7,11279.53,128,29790191
25032592,Astatine1024,11399.5,11275.34,154,29790197
27191245,ssq6a,12214.4,11274.50,-694,29790189
31064667,babah79,12446.9,11272.04,-1244,29790187
37963559,xuanuanzii,11836.4,11271.87,-638,29790192
9565593,bokuwahokku,11917.4,11271.61,1449,29790192
34996772,kang114514,12261.3,11270.64,-506,29790188
29897102,Aino0721,12397.6,11269.47,-1174,29790187
15216030,G2t,11529.8,11269.21,2057,29790195
30557499,korea_noa,12110.3,11268.53,538,29790190
28863929,BLACK_-_,12052.5,11267.49,410,29790190
36584665,kur0i666,12199.2,11266.50,-922,29790189
29722362,rainwindy,12138.4,11266.47,164,29790189
10157813,Andere,11848.3,11263.73,1094,29790192
28739310,ljap,11678.3,11262.99,603,29790194
7437049,FabiAN6725,11634.3,11262.60,2311,29790194
38531298,angsabu,11305.2,11259.33,2511,29790198
36722003,Flying_Flower,12007.8,11256.96,-1058,29790191
21265392,beansRyummy,12298.9,11256.35,-568,29790188
24156827,Urah_,12335.3,11255.72,-1013,29790188
19227079,Alekks_,12361,11250.73,-1027,29790187
30814352,MiruGos,12208.3,11249.71,-477,29790189
12064488,emO_Oticon,11149.3,11248.19,2903,29790200
36047320,zion0314,12103.9,11247.03,-51,29790190
21801256,ons,11965.9,11245.67,-442,29790191
24372948,SNOW_OSUZZ,11965.8,11245.56,471,29790191
12766955,Gaston Edul,11906.4,11245.43,1522,29790192
17084221,ziyunmo,11999.9,11244.90,-41,29790191
22715351,teddi,11777.4,11244.00,868,29790193
24721281,keveatsbread,12106.9,11243.46,-409,29790190
28716188,xEvilOffendeRx,12004.4,11242.94,-709,29790191
15476436,Forksee,12135.9,11242.03,-481,29790189
35517769,nublo,12310.3,11241.83,-597,29790188
21817513,spring_leaf_,11974.3,11241.67,-494,29790191
16892459,Babil,12037.3,11240.48,633,29790190
24152054,[LS]Walnut,12004.7,11239.63,-361,29790191
33399444,Taxling,12445.5,11236.68,-949,29790187
24259815,PapuDutty,11650.3,11236.15,1538,29790194
28499862,marsnx,12215.4,11235.81,-760,29790189
32193841,DarkraiGod120,12273,11235.24,-968,29790188
34105559,Water OR,12034.5,11234.78,62,29790191
31940894,-Nayla-,11579,11233.45,1488,29790195
18612120,Megabr_br,12109.9,11233.12,-195,29790190
10208196,IgryshkaDiavola,12198.5,11231.47,-702,29790189
10443855,rurudo1o1o,11654.6,11228.13,1071,29790194
15769288,7eo-,11763.4,11226.76,1031,29790193
24309116,bin1232,11752.1,11226.73,2431,29790193
29263930,modzy,11819.5,11226.15,663,29790193
1149319,popomon,11508.2,11226.08,2185,29790196
34851327,yszt1,12193.1,11225.85,-660,29790189
15269895,FREEDOM__,11650.9,11223.85,1189,29790194
29340816,sunnyyeonny,12112.8,11223.70,-40,29790190
33954745,Wacxy10,12286.5,11223.66,-575,29790188
21094662,Gener1c_User2,11075.9,11223.14,-277,29790201
37564626,ecchi_iwara_tv,11286.4,11221.88,2297,29790198
32985611,Wallll,12116.8,11219.00,216,29790190
38549242,kyuugou111,11788.9,11218.96,638,29790193
32884302,pinnofanboy,12249.7,11214.71,-714,29790188
20084059,hynoph_,12109.7,11214.65,333,29790190
15532380,Sensior,11937.8,11213.68,482,29790192
24008076,pepe2077,12313.8,11213.61,-284,29790188
11306153,jimmyreturnz,11941.5,11212.83,503,29790192
20279580,milk369,11699.7,11211.35,962,29790194
26880074,MasterEpicart,11685.2,11210.90,1408,29790194
23272007,Star_vortex,12204.8,11210.23,-115,29790189
32863662,SnowXyz,11983.9,11208.51,-135,29790191
4319267,Saerdna,11762.8,11208.04,2039,29790193
15608573,blunket,11749,11207.93,669,29790193
37863187,bailan_awa,11308.9,11204.67,1293,29790198
24322678,poymu,12168.8,11204.40,-66,29790189
10478980,Rakanovan,11615.3,11202.18,956,29790194
37906485,Envythou,12040.4,11198.53,-1084,29790190
10608702,Mihyo_San,11316.9,11198.30,2017,29790198
33234333,tortik911,12194.4,11198.00,-511,29790189
10562610,Cicala,11137.9,11197.87,2156,29790200
30673387,torrent,12011.5,11197.01,95,29790191
16201124,qw56qe,12120.4,11194.93,-667,29790190
9458866,Vlf,12149.2,11192.21,64,29790189
31393798,illumine11,12263,11192.09,-580,29790188
35043529,QuanPro,11949.5,11191.16,-80,29790191
8883576,mitsuseann,11592.6,11190.45,1281,29790195
22644374,SturpdaFuro,11849.8,11188.67,1250,29790192
12256858,Luca-zade,11420.5,11188.16,-669,29790197
22447212,- Lucy,11678.8,11187.97,1164,29790194
32145505,Campbell Soup,11463.3,11187.59,1937,29790196
20888121,[GB]smhei,12036,11187.55,-125,29790191
26721528,Rakutan,12288.3,11185.90,-882,29790188
32272928,99_Einsteinium,11299,11185.45,1041,29790198
24989710,nishisbma,12104.4,11183.83,-615,29790190
31298039,FracturedCat,12045.2,11178.62,-252,29790190
16325349,Fred_YT,12024.7,11178.62,-378,29790191
15271902,XN_,11742.3,11177.70,1213,29790193
12112330,Nezumario,11791,11177.68,978,29790193
31887745,gaser114514,11602.2,11177.64,1811,29790195
2235750,_underjoy,11240.1,11177.62,2246,29790199
23419171,FlowerXD,11370,11175.66,2096,29790197
4875530,Loebad434,11591.6,11173.10,1986,29790195
26191375,Louis2ez,11767.5,11173.02,1209,29790193
31003592,veeweFanboy_,11804.2,11172.98,-133,29790193
23807942,muimuingu,11526.5,11172.49,1687,29790195
38070358,NameSpace68,12145.1,11171.56,-381,29790189
25804374,epicpromaybelol,12209.2,11169.90,-419,29790189
35860568,YnMyAngel,12180.5,11168.52,-439,29790189
7871427,Optane,11542.5,11167.64,2326,29790195
27834381,P45ta,11805.8,11166.99,901,29790193
28738026,EXtra342,12183.1,11166.14,-704,29790189
34072993,2342pisonet,11741.4,11165.72,832,29790193
32569786,inawah,11633.9,11165.71,1709,29790194
11608591,kissnolook,11549.8,11164.88,1107,29790195
19233993,Rakumi,11731.4,11164.59,961,29790193
27653128,jinu-park,11712.6,11163.18,-285,29790193
23200364,Sarou,12061.8,11161.30,-426,29790190
11475875,SaltedFISSH,11987.6,11160.92,465,29790191
31666041,cookie0814,11717.2,11160.30,551,29790193
11517895,LivelyPeninsula,11341.2,11159.74,1606,29790197
37951540,jate_valery,12051.5,11159.22,-1073,29790190
19156437,144p_uhd,12084,11158.22,-426,29790190
16316561,XvZrr,12285.4,11156.78,-958,29790188
15774936,TrashyPlayer1,11942.2,11156.71,367,29790192
14602990,EveIyn,12005.6,11156.58,-151,29790191
21870297,SJacal,11712.1,11154.30,828,29790193
27516533,Zephyrica,12164.1,11153.13,-268,29790189
24153028,Heizaru,11931.7,11152.56,-272,29790192
17321182,Azaraxya,12023,11152.38,-125,29790191
12589220,Hugged,11016.3,11151.44,2589,29790202
35767983,Annoying_doggg,12167.7,11150.18,-919,29790189
15513319,happergamer,11761.6,11148.60,1028,29790193
14448343,ntryy,11574.1,11147.46,899,29790195
16552923,D1sC0nnEcti0n,11988.7,11146.55,-60,29790191
28041102,howdoitype1976,12131.1,11146.52,-521,29790189
14177626,ummmmmmmmmmmmmm,11877,11146.01,1330,29790192
37410113,Taurus2468,11945.7,11145.31,8,29790192
14892546,Bombasnow,11934.3,11145.13,-287,29790192
16415873,KChapp,12121.5,11145.04,-543,29790190
34822837,Moutaindew127,11932.8,11144.98,208,29790192
31199155,zaneeeeee,12246.5,11144.03,-980,29790188
28947801,ddaniel7799,12132.7,11143.46,-484,29790189
33110490,Jeno,12069.7,11141.72,-134,29790190
13810513,MeguminXOogway5,12152.2,11141.51,-670,29790189
28142082,teedubs_,12080.9,11139.33,-329,29790190
33054893,TgyaSdeM,12006.5,11139.33,91,29790191
17191390,Lotus779,12147.5,11138.72,-1118,29790189
30062891,Kyouko_MC,11710,11138.55,899,29790193
36584028,bailang9981,11117.2,11138.24,1096,29790200
29220326,ijkl111,12030.2,11137.83,-1162,29790191
20049082,VikaGamer228,11964.1,11137.72,602,29790191
14313129,AndrewSonic,12108.2,11137.20,73,29790190
32329964,-Zuracchi-,11867.7,11136.95,343,29790192
25983671,Shadoworange1,11174.2,11135.89,2256,29790199
9224686,Ekoplon5,11548.7,11135.05,1606,29790195
20751283,strawfeather690,12138.6,11134.83,-385,29790189
18609932,wlim,11849.3,11134.21,675,29790192
31167854,ray0526,11477.3,11133.35,1443,29790196
7220725,Zekronz,12146.8,11133.13,-932,29790189
16540259,TH Lunasa,11391.2,11132.45,1699,29790197
32621358,Luca1karuga,11834.3,11128.75,323,29790192
643394,Snow Note,10863.1,11128.73,3622,29790204
34983453,yuha,11745.9,11127.17,1254,29790193
31817843,Hiyashinsu104,12009.3,11126.03,-390,29790191
10884561,Mafufu,11967.6,11125.79,-1,29790191
34854590,heekaaboo,12064.9,11124.98,-723,29790190
16828711,Equidistant,12085.8,11124.94,-770,29790190
9174205,kohitohine,11072.7,11124.16,3325,29790201
18804586,mattobi,11622.6,11120.48,1204,29790194
38983308,Antanaxis,11432.3,11119.79,1194,29790196
10259381,ohio,11891.4,11118.61,400,29790192
16826677,art580,11950.4,11117.53,-454,29790191
23067133,LuCyAn_,11395.8,11117.34,822,29790197
28813401,luxiano_fake,11695.6,11116.56,-841,29790194
36589457,wklosd,11859.6,11115.49,-135,29790192
32650582,Newbie GB,11873.5,11114.55,295,29790192
8484987,Pied wagtail,11607.5,11113.79,755,29790194
36436593,Outo,12108.7,11108.40,-483,29790190
26499038,fby,11470,11107.53,1308,29790196
10214260,TheFalek,12141.5,11107.49,-595,29790189
31044063,osu playsus,11863.2,11107.36,-1096,29790192
19014084,JabierGamerEz,11923.1,11106.20,-385,29790192
36869564,IgnoredStone,12106.3,11106.04,-873,29790190
22332858,YouNiCat,11984.7,11105.10,-596,29790191
15680898,yasicreeperfan,11840.4,11100.78,-359,29790192
20461315,Nobodyz,11085.4,11100.47,2202,29790201
22842079,SnakesYxle,11833.5,11100.25,756,29790192
25918742,Voidindex,11961.6,11099.28,101,29790191
32426946,vegeiken,12102.4,11099.20,-969,29790190
9866379,biscuit lord,11865.8,11098.75,33,29790192
27246027,Alon,12232.3,11097.47,-1025,29790189
29155069,madnesscrab3,11912.4,11097.04,203,29790192
29471150,kaik669,11522.8,11096.56,945,29790195
7391212,BloodGirl,11697.4,11094.33,760,29790194
21725911,Rodygo,12150.8,11093.42,-979,29790189
20406585,IronCYR,11727.8,11093.14,453,29790193
15181375,remity_,12022.4,11092.91,-415,29790191
30943558,LokLok123456789,11556.6,11092.18,270,29790195
21316718,cucuccuu,12097.9,11090.29,-504,29790190
15625432,[Crz]rebellion,11305.1,11089.07,2060,29790198
23418966,QingAn,12179.5,11089.00,-519,29790189
35627138,-Nenechi-,11804.8,11087.57,-278,29790193
25537371,FluffyCat_15003,12066.1,11087.28,-354,29790190
35927510,Nirann,12120.7,11086.92,-695,29790190
28554005,hel0l,11398.5,11086.25,1229,29790197
25462042,JeanfMz,11538.1,11085.06,1874,29790195
26915847,CosteEDI193,12205.1,11084.54,-670,29790189
30954412,-Kasane Teto-,12100.5,11083.45,-730,29790190
16152055,LeGendywasTaken,11491.5,11083.32,1315,29790196
24202059,- Suxt -,11375.8,11083.05,2189,29790197
33136483,ThanostheGod21,11948.1,11081.97,-771,29790191
38207101,Mode-TypeX-,11314.6,11081.92,588,29790198
16751671,NerwinFFR,11397.8,11081.74,1939,29790197
31209758,Agenius569,12041.9,11080.43,-846,29790190
36805517,Hycean,12251.1,11076.89,-994,29790188
9552883,Alen-,11726.7,11076.61,848,29790193
12660835,Maria-Miau,11751.7,11076.29,532,29790193
35259157,Jito-Electro,11912.9,11076.17,-11,29790192
20771796,B12_,12192.6,11075.84,-974,29790189
31022045,cdyp,12013.2,11075.81,-560,29790191
23485677,JahsehOnMyWrist,11719.3,11075.61,800,29790193
12595010,ericcccc2,11787.9,11075.49,514,29790193
8976576,-mint-,11531.3,11074.42,1262,29790195
38731958,Vanilla_X,11997.6,11074.27,-869,29790191
11427694,Dori-ne,12132,11072.28,-595,29790189
24641996,hecko_,12106.7,11071.55,-188,29790190
22612299,MalenaPop,11779.4,11071.03,632,29790193
36455088,Rin_Point,12014.6,11070.51,-496,29790191
13076648,[GS]Diamond,11292.2,11070.15,-98,29790198
35265622,LinearFunction,12012.1,11068.82,-314,29790191
9954233,Lichennn,12048.3,11068.69,-301,29790190
22309681,SosuNull,11736.7,11068.01,-185,29790193
16823620,Tikhonya,12040,11066.72,-882,29790190
11817815,Envy,11505.8,11066.45,1466,29790196
12640004,LXXEN,11691.6,11065.49,956,29790194
35170328,Ma Jiaqi,11527,11065.11,-895,29790195
34152479,Yasashisa,11931,11063.83,-169,29790192
22929825,lryxen,12080.8,11063.73,-565,29790190
30632691,Godmor,11468.5,11063.45,905,29790196
14700283,CrewposerAlusET,11540.8,11062.86,1030,29790195
32197142,kizuka,11430.6,11061.67,1397,29790196
36168270,yanami-anna,11658.7,11061.02,-416,29790194
31990171,wxi,11904.8,11060.58,87,29790192
14892447,JayLye,11451,11060.48,688,29790196
8639180,Byron159,11574.3,11058.39,1074,29790195
38382125,Sherly,12061.4,11055.84,-604,29790190
8542616,Naimator,11543.8,11054.84,468,29790195
35566667,ZXOJLJXARX,11602.4,11054.58,-84,29790195
39986693,comebackingmy6k,9766.7,11053.29,628,29790223
18219295,Swanified,12098.3,11053.00,-722,29790190
26104637,Ginaty,12051.9,11052.76,-619,29790190
9976835,Zyieg,11414.8,11050.67,1416,29790197
28602512,Sitar,11789.4,11050.36,180,29790193
13649232,amami0,11246.9,11050.25,2547,29790198
32522677,ouxig,11591,11049.96,784,29790195
19997660,alexnekouvu,11696.4,11049.50,705,29790194
37084390,[AR]CirnoLover,12056.1,11048.47,-846,29790190
16733842,Slime Toast,11937,11045.93,-322,29790192
24722718,Dukaduka,11920.8,11045.85,-95,29790192
31155336,CYHX,12001.9,11045.10,-721,29790191
25349201,plantflash et,11954,11044.97,232,29790191
38323685,cheeselover1909,11379.9,11042.83,270,29790197
14213841,[Crz]Xinyi2016,11450.4,11042.62,1134,29790196
13115881,Eunjun789,12084.5,11042.44,-670,29790190
26103913,Player10086,12028.7,11042.19,-173,29790191
36415020,swordlagrange,11796.2,11042.12,-240,29790193
26833171,A1622222,11112.6,11041.96,2957,29790200
22928202,Nickz07,12152.9,11041.30,-956,29790189
11480970,[TMEO]Criss,12020.7,11041.22,-63,29790191
30049622,cherryduck,12030.9,11040.03,-942,29790191
29733489,kobroyz,10971.3,11039.65,3057,29790202
26587279,Exampler,12176.1,11039.49,-1140,29790189
4128441,iceblink luck,11251.7,11037.83,2559,29790198
14013641,billiack,12099.6,11037.62,-887,29790190
35374058,ImNyest,12044.8,11036.49,-677,29790190
15045980,JAKDSS,11489.9,11035.70,607,29790196
8910538,Renzo241004,11555,11035.24,1666,29790195
35634814,SaFaTa4,11137.1,11034.90,-676,29790200
35649751,how to LN,11932.3,11033.16,-457,29790192
15246697,My Angel Rena,12006.6,11033.15,-170,29790191
35893915,GG_WP_WP,11326.9,11033.15,2405,29790198
24951899,iKyzher,12117.3,11032.39,-926,29790190
30974222,Reagaey,12039.6,11031.10,-710,29790190
25057301,Mxethical,10961.9,11031.01,1856,29790202
30884402,Leaf_Cannon,11793.5,11029.98,-583,29790193
38186427,banapi,11954.8,11028.13,-865,29790191
24819068,55555vast,11791.8,11028.07,-475,29790193
18268743,SWADEEF,12081.8,11023.13,-740,29790190
11012279,UQU,11742.9,11023.06,934,29790193
29355941,-Nexus-,12162,11022.89,-1148,29790189
39937535,Redocaine,9638.18,11020.29,70,29790225
30081555,Nguyenxd,11621.3,11019.83,488,29790194
18478748,Ohulu,11281.3,11019.06,2729,29790198
33207835,osudex et,11494.5,11018.89,335,29790196
15187174,paraiso,11323.2,11018.83,1522,29790198
15622611,opu-,11840.1,11018.75,164,29790192
35489997,ZE_JU_E,11792.5,11018.37,-376,29790193
6949941,[Crz]Flandre,11541.8,11018.19,952,29790195
34015129,Reyno,11935.1,11018.14,-850,29790192
9513273,VorticalEx,11831.8,11017.76,145,29790192
36527764,NaAaN,11569.1,11016.34,869,29790195
18972534,tosa012,11883.2,11015.88,-768,29790192
30389144,Dvxlan,11613.7,11015.76,902,29790194
583765,Gon,11004.8,11015.39,2849,29790202
4768273,Moble,12017.4,11015.15,-949,29790191
33690301,CzaReZz,11993.7,11013.78,-649,29790191
18693260,FabrizzioGd,11585.7,11013.44,993,29790195
34183283,yulcgz,11477.9,11012.24,-456,29790196
33689788,Ryuj1nn,11604.3,11009.38,1345,29790194
27835620,NovaProXGD,11980.6,11008.97,-693,29790191
11924624,--Dragon--,12085.5,11008.96,-731,29790190
12696546,Beajek,12291.5,11007.84,-1621,29790188
24426806,RollEyeJeff,11255,11006.37,2215,29790198
10058835,WaDeFa,11500.9,11005.53,1271,29790196
35860629,Voxxen,11943.8,11004.92,-16,29790192
31228274,Mekadon2000,11920.7,11004.48,204,29790192
17552066,- Lacra,11752.7,11003.37,469,29790193
29026743,God of bread987,12074.1,11000.50,-1122,29790190
25570274,Elgabos2646,12059.1,10997.85,-462,29790190
38124417,Megavrag,12047.2,10997.07,-637,29790190
27826382,lincolnthecobra,11984.2,10996.66,-1141,29790191
20454588,ChaoticZX50,11694.9,10996.54,428,29790194
12424909,Revv-,11819.4,10996.27,340,29790193
21132364,TheBadwhite,12021,10996.24,-725,29790191
33754290,dddddspalw,11258.7,10996.18,1124,29790198
30456365,bei_mi,11492.4,10995.85,-774,29790196
34152831,zcwdcr,12069.4,10994.61,-468,29790190
6522146,Remuring,11362.1,10993.25,2159,29790197
24612377,DemonBuy_,11662.2,10993.20,993,29790194
11583727,Jsooph,11334,10992.37,1404,29790198
25845757,imaKea,11765.4,10991.26,342,29790193
16257476,ooklier,11813.2,10989.96,-152,29790193
36411335,Jakki23511,11976,10988.76,-859,29790191
18493450,umm_,11044.6,10986.62,2899,29790201
16229396,Jiminho,11880.4,10985.08,-590,29790192
17693599,-fluorite,11509.4,10984.71,992,29790196
32339039,UU9,11298.7,10984.48,1844,29790198
36570363,Kalzii,12081.6,10984.32,-851,29790190
32297779,yuanwan,11490.6,10984.25,90,29790196
12294469,Mallus,11630.8,10984.08,929,29790194
31880527,AAAAGG,12031.9,10983.27,-596,29790191
21746922,Fysora,11804.6,10982.19,-149,29790193
24606927,zl1x,11441.6,10979.01,-842,29790196
37895751,CLXProMax,11755.3,10978.29,-420,29790193
12745776,devastationn,12032.1,10977.77,-423,29790191
26696598,IShowVibro,11778.2,10976.97,400,29790193
35457047,Siaeuangnaa,11843.5,10976.87,-965,29790192
22568496,sxwssd,11937.5,10976.21,-432,29790192
37370912,Rople,9372.73,10974.56,-147,29790231
19690810,BronyaZaychik_,11544.7,10974.16,691,29790195
35208455,FrostSonium,12230,10974.02,-1409,29790189
31125273,xdxdwarframe,11937.7,10973.58,-297,29790192
26026548,YINYANGX,11722.6,10972.22,257,29790193
14022834,calliskey,11818.6,10972.08,-154,29790193
30487884,yaoquangangxx,11397.7,10971.57,1556,29790197
36859229,ZEROSENSE,11861,10971.54,207,29790192
8944221,EvilSweet,11744.3,10970.40,548,29790193
15376632,nvfangirl,11931.9,10967.85,191,29790192
20128010,bqpdbmzqtf,12158.6,10966.02,-1350,29790189
23622159,TheTroll_Gui,11799.8,10964.28,-165,29790193
20360126,I-am,11658,10961.35,484,29790194
25836849,pikachu4,11811.1,10960.57,61,29790193
14395687,Viburosu,12062.3,10960.38,-580,29790190
36770412,Onus,12001.4,10958.38,-180,29790191
24722170,Revuth,11295.4,10958.18,-721,29790198
29831153,Chris_ACT,11776.4,10957.54,226,29790193
35221269,psyhco,11812.3,10955.09,-694,29790193
29615486,UmboxingOsu,12047.8,10954.89,-707,29790190
23615726,devilcity,11581.4,10954.71,688,29790195
24836919,ItsAKey,11671.5,10954.40,502,29790194
30060272,Pla1nIce,11506.9,10952.47,1027,29790196
17513669,Teddy_Master512,11670,10949.93,129,29790194
32722278,CN-bian,11915.9,10949.87,-401,29790192
31898780,Tycosmo16,11929.2,10949.86,-853,29790192
23509758,[GS]Thanachot,11537.5,10948.55,930,29790195
36571515,Negerose,11893.8,10947.71,-386,29790192
36813362,kittiebelz,12052.3,10946.54,-1099,29790190
33563208,taiton_old_1,11230.3,10946.12,348,29790199
8553078,Gul,11231.7,10945.66,1708,29790199
12084755,Dexito,11591.5,10945.21,569,29790195
10647542,caster1,11921,10944.15,-505,29790192
31722681,F4 TAIKI,11590,10942.35,62,29790195
14482131,3ggyman,11672.3,10941.64,-111,29790194
31857299,mr culo de mon0,11861.9,10940.05,-387,29790192
36071350,ThereIsNoSquid,11837.3,10937.43,-535,29790192
36833020,Xboxplayer69,11990.3,10936.96,-957,29790191
37185551,yazki123,11289.4,10936.26,1272,29790198
34410587,hks_jerry11,11989.4,10935.63,-1021,29790191
36356997,zzzff15,11483,10935.10,1292,29790196
31975052,leahkim,11751.6,10935.07,247,29790193
26257287,buuhnn,11580.3,10933.10,437,29790195
13122384,ba_balol,11773.9,10931.54,560,29790193
36620091,1DIEEE,11646.1,10930.02,-47,29790194
138866,Rodrig0v,10959.9,10929.58,2831,29790202
23700081,BO_KUN,11755.2,10928.04,115,29790193
37748162,Melthyy,11321.8,10927.07,373,29790198
34985697,DxDanser101,11316.2,10926.74,481,29790198
30192341,EI SHIKI,11495.1,10925.57,2093,29790196
35822828,bananamonke18,11932.7,10925.28,-924,29790192
13859109,danar mw,11776.2,10923.61,128,29790193
21693996,Aleph_one,11677.4,10922.25,124,29790194
38779296,flameeeeeeeeee,11599.6,10922.22,114,29790195
27785549,Evelyu,11598.8,10921.62,629,29790195
16045921,RYU_L,10779.2,10920.70,3432,29790205
34682262,Jonnieee,11494.4,10919.21,1016,29790196
20653500,nizaxaX,12066.6,10918.24,-855,29790190
12093536,[GS]linc,11734.4,10918.09,304,29790193
18897743,kirby6843,12055.5,10917.71,-987,29790190
21403445,sky-,11415.3,10917.54,758,29790197
24372837,mE1q,11953,10917.47,-789,29790191
7304075,Kuiiiiteeee,11406.4,10916.70,1146,29790197
28025681,ayakaszia,11721.8,10916.61,-31,29790193
26772944,Norix83,11888,10916.33,-574,29790192
37669532,cosmification,11705.4,10915.75,-22,29790194
35406546,Pelna0102,11742.7,10913.87,-53,29790193
33761187,Sharman,11709.8,10913.33,681,29790193
16491593,Mrhbyy,11082,10912.11,1771,29790201
36849695,xjuia,11628.6,10911.33,605,29790194
8594161,Strat0z,11250,10911.10,2529,29790198
33064771,4SI474,11578.5,10910.27,300,29790195
37694048,Kanomi,12016.7,10910.16,-1362,29790191
16288286,Jinlong_Wulin,11496.9,10909.34,1952,29790196
33373304,ngmhhy,11680.6,10908.33,-49,29790194
28431842,kakashikeizin,11813.5,10907.76,461,29790193
17687621,Thedayiwasanoob,11468.2,10905.41,345,29790196
17914394,-nevo-,11757.7,10905.30,-283,29790193
34535503,Rleax,11845.6,10904.86,-820,29790192
16076128,Gaby-,11611.8,10904.61,387,29790194
38510439,CrippledReverie,11656.7,10904.28,419,29790194
10580119,FeelingMAS,11205.9,10904.11,1892,29790199
31417108,[GB]Color0,11833.6,10904.00,-603,29790192
23367146,[TCD] Kaito,11515.1,10903.78,696,29790196
32359539,64848662,12000.7,10903.62,-838,29790191
28020774,mimengyini,11876.1,10901.34,-546,29790192
20454338,Cube9112,11889.2,10901.02,-352,29790192
35912964,eis idk,11374.1,10900.88,122,29790197
20866239,TrickyGame,11456.5,10900.07,1245,29790196
30833471,Napeace,11528.3,10899.73,289,29790195
26377628,CJP_,11505.3,10899.43,559,29790196
8271436,RiceSS,11342.1,10899.19,1346,29790197
27864030,ziplocar,11566.6,10897.80,-547,29790195
13067427,Popsy100,11388.1,10897.29,1177,29790197
32606481,wpvz,11800.7,10896.40,-407,29790193
20164549,specul4r,12018.9,10893.14,-1401,29790191
36879089,okquk,11682.9,10893.10,23,29790194
35768711,kakashiro,11503.4,10892.30,-1102,29790196
28581048,Oseyp,12126,10892.17,-1376,29790190
16330643,keikiri,11480,10891.39,-97,29790196
33890094,wellQX,11890.2,10891.20,-595,29790192
28750311,faaaaas,11890.1,10891.15,-562,29790192
16031356,LN SUCKS,11073.8,10889.96,2004,29790201
6752154,i love miyavi,10857.1,10888.84,3074,29790204
27978646,Galaxy_81,11763.1,10888.20,-198,29790193
20367983,lsj1576,11074.8,10887.53,2227,29790201
13605664,Franklin,11977.6,10886.47,-725,29790191
22180589,Envixw,11279.5,10886.32,1963,29790198
34104776,sword liker,11743.4,10886.29,-99,29790193
10224958,miya0731,11201.4,10884.50,2456,29790199
14055233,MisteurFR,11217,10883.79,1658,29790199
8103540,LoliconTowa,10681.8,10883.27,2844,29790206
25925475,insss,11186.8,10882.69,721,29790199
37206111,Mr_n0Ub,11845,10880.34,-375,29790192
9371091,pipicat,10853.9,10878.82,1415,29790204
39554450,DniLovs,11578.2,10878.28,-764,29790195
19284001,Friske0109,12053.1,10875.97,-1152,29790190
39146328,i1zcq,11188.1,10872.81,-871,29790199
26642218,micuenta,11695,10871.92,-466,29790194
26910393,[-xBiCx-],11832.7,10871.24,-214,29790192
12459700,MrExpandion,11159.4,10870.91,1740,29790200
26218662,Pajak521,11508.4,10868.03,-618,29790196
12421640,trol,11252.9,10867.48,1201,29790198
33165786,sipaike,10863.8,10866.87,3188,29790204
26398748,ZetXD,11757.8,10866.14,-613,29790193
36243321,Regfangirl,11949.2,10864.51,-784,29790191
4308015,capsafangirl,10923.6,10863.05,3057,29790203
29136680,cocacolasy,11800.8,10862.67,-628,29790193
39712409,Trancemigration,10729.2,10862.13,3199,29790206
37591938,Mausan14,11746.1,10861.82,-595,29790193
27537333,akishoudayo,11662.5,10861.31,-577,29790194
35197790,MarLightXc,11793.9,10860.81,-675,29790193
20299008,gamingfireyt,11677,10860.52,-311,29790194
24295990,Maybekkj,11842.6,10860.31,2,29790192
13397840,easyhak,11685.3,10859.71,-402,29790194
9289070,Iridium,11852.7,10859.61,-857,29790192
25547491,2mara,11861.1,10859.51,-878,29790192
26262309,Aquarius_hps,11255.4,10858.11,1231,29790198
14832777,hashimoto1129,11518,10854.91,453,29790196
35715352,Aniquilar,11879.6,10854.55,-869,29790192
25266023,Dinoby7,11753.5,10854.51,-434,29790193
12299092,LSiper,11925.6,10853.36,-1092,29790192
19081163,-remu-,11710.2,10852.96,27,29790193
31673484,Potato_rh,11760.1,10852.81,184,29790193
30079897,OhVaySeer,10850.7,10852.37,1827,29790204
39059983,Nekohira,11577.7,10851.72,-1270,29790195
34917279,Advroth,11821.2,10851.62,-443,29790193
17988084,AzureHitsNotes,11620.3,10851.04,219,29790194
8062229,ggthankyou,11302.5,10850.53,1118,29790198
6004963,[Crz]Basillisa,10744.5,10850.31,3152,29790205
29360297,AntrixGaming,11835.3,10848.92,-339,29790192
36935955,Per1od123_1123,10702.7,10848.09,-132,29790206
38809173,Nayaks,11713.9,10847.00,-892,29790193
30829023,Popy,11679.3,10846.53,270,29790194
14937717,Limej05,10426,10846.26,4012,29790211
22570656,_CxtXclysmic_,11756.2,10840.79,-255,29790193
36606717,jya617,11148,10839.91,2158,29790200
30704256,HeartaChe N,11754.2,10837.96,-185,29790193
31983628,[TCD] Myouri,11500.1,10837.54,510,29790196
14053380,hydreigon2004,11549,10836.26,-928,29790195
17363805,extlm,11686.4,10835.45,-10,29790194
36291121,_Mundo,11902,10835.23,-813,29790192
30615164,Jun-C,11697.2,10835.08,4,29790194
35222165,darkBrabo,11617.3,10834.91,174,29790194
25672288,Manuy9,11182.7,10834.51,2159,29790199
24924138,Biguel,11552.6,10834.02,453,29790195
12290930,JamesLWT,11242.2,10833.60,1610,29790199
25292262,ChaoSharkouo,11751.3,10832.77,-390,29790193
14108520,Supercat935,11220.9,10832.23,1211,29790199
10702118,Upbeat,11286.8,10832.12,1135,29790198
25922408,[TCD] 5tr,11872.9,10831.65,-614,29790192
39173971,ZMxy1,11586.5,10831.16,-619,29790195
10334005,Janceee,11046.9,10830.70,2320,29790201
21370060,SakiNYAA,11790,10829.62,-758,29790193
9709652,junglesnipes,11675.6,10828.57,211,29790194
11455293,Khumahai,11674.7,10828.21,296,29790194
14310334,pse4hark,11753.3,10826.96,112,29790193
15586183,YasiCreeper,11285.5,10826.15,1015,29790198
20280768,a15808511748,11931.2,10821.52,-670,29790192
35662197,klaszcze jajami,11817.2,10820.93,-274,29790193
29477855,Jerry_ow,11471.2,10820.66,631,29790196
36427381,seyukoo,11538.3,10820.52,-194,29790195
39013739,Yachiyoo,10557.4,10820.48,1170,29790208
3995789,Kasen-,11110.4,10820.20,2259,29790200
39607616,tidezzz,11223.4,10817.64,878,29790199
9718775,Simca_,11642.8,10816.28,70,29790194
21149910,iambubble87823,11881,10815.41,-856,29790192
32600322,SakuraWhite,11432.1,10814.41,-197,29790196
20426897,lzl002,11561.9,10813.91,653,29790195
13881810,Nolol,11577.9,10813.78,-179,29790195
26593727,Top_Kotya,11196.2,10812.39,680,29790199
39047717,100yenyen,11655.9,10810.64,-466,29790194
11928361,Johnney101,11684.4,10809.86,-94,29790194
7833626,Daisy1179,11718.1,10809.80,-130,29790193
21628996,Sniep,11626.8,10808.82,-30,29790194
20836163,Hitoshizuku,11471,10808.44,1231,29790196
14064652,Sakura_owo,11642.6,10808.34,-194,29790194
34806795,samuelgiraffe,11697.3,10808.21,-611,29790194
11986603,Noobleh,10919.3,10808.21,2400,29790203
22026308,Xion_,11809,10806.96,-665,29790193
34467996,unknownuser14,11775,10806.42,-142,29790193
16084617,yangcho,11292.8,10806.23,1230,29790198
26587500,im sucks lol,11045.9,10806.10,1542,29790201
24964528,brettharek,11167.5,10803.75,1602,29790199
36509136,kucuhdca,11799.5,10801.69,-229,29790193
34428171,xing king,11475.6,10801.06,454,29790196
22405956,MoltenxNeptune,11383.9,10800.87,127,29790197
34753880,- Hikari -,11631.6,10799.56,-40,29790194
33517532,Fet-Axlzy,11718.8,10799.10,-230,29790193
20880426,[mars],11541.9,10798.65,198,29790195
32618222,Bekust,11664.9,10797.75,-253,29790194
26125589,lIGHTCUT1999,11675.1,10797.09,-612,29790194
12971468,HD26830,11108,10793.27,1963,29790200
26898920,Dire_Rave,11481.6,10789.92,225,29790196
23834272,V_iXen,11747.6,10789.58,-353,29790193
33907895,enbyd,11341.3,10789.53,134,29790197
9737185,ch0co,11806.7,10788.82,103,29790193
37911380,Felice,11604.8,10788.69,-157,29790194
24170026,Pinnofankid,11722.5,10786.57,-964,29790193
19332752,nosok_v_noske,11715.7,10785.57,-223,29790193
36892099,OrderIsAccepted,11549.1,10785.54,137,29790195
18241116,KingPBoss,11574.2,10785.52,2,29790195
533502,Konpaku Sariel,11165.7,10785.31,1764,29790199
30853489,ZyPirk14,11498.6,10785.29,334,29790196
12638987,420Everyday,10986.9,10785.27,2070,29790202
23656807,shortant,11477.2,10783.54,-125,29790196
32847344,kimJFA,11416.3,10781.18,1264,29790197
29748792,Kubanana,11282.9,10780.12,-644,29790198
16234052,shaaaaaQ,11877.1,10778.65,-745,29790192
26233818,Infinityyyyyyyy,11234.8,10778.45,1353,29790199
38608678,gyooni,11651.6,10777.75,-708,29790194
37643758,_fnf_in_osu,11058.8,10776.46,546,29790201
16608860,yoshyap,11422.1,10774.99,947,29790197
19756828,Valrei,11421.4,10774.73,-829,29790197
33050002,lolnsflol,11822.9,10774.67,-1107,29790193
35958374,Sakayori_Kaguya,11209.7,10774.49,1169,29790199
32221678,Kurokami_Fbk,11643.2,10773.31,-32,29790194
617742,NAG,11039.8,10773.01,2472,29790201
20094349,aiyiku,11164,10770.96,1418,29790199
19571610,Akizz,11163.2,10770.93,1460,29790200
5156656,Yonk_,11413.7,10769.81,941,29790197
22870785,pitiman,11587.8,10767.13,470,29790195
13798162,chowonhe1234,11078.1,10767.01,898,29790201
23643731,Dyei,11294.8,10766.67,957,29790198
16345381,AgarRolo,11137.3,10766.24,1336,29790200
21484771,E5_Shadow,11358.6,10766.13,1248,29790197
16824892,Molten Cheese,11727,10765.57,-59,29790193
13226626,gxrl,10983.2,10765.30,2073,29790202
10500832,[Crz]xz1z1z,10862.9,10762.40,2373,29790204
18270260,Hylotl,11343.3,10762.29,744,29790197
23313260,zeroxdd,11668.4,10761.63,-488,29790194
32405634,Linda1011,11624.7,10761.35,-367,29790194
18280671,bluesky148,11394,10760.76,383,29790197
17395378,Scrlett,11752.3,10760.60,-559,29790193
26845822,abyts1,11666.8,10760.41,-660,29790194
20827203,Sosinho123,11386.7,10759.88,958,29790197
37749458,Zord,11501.3,10759.64,-426,29790196
13958974,tobrick,11575.1,10759.34,-77,29790195
1843334,strategy,10854.3,10757.73,2179,29790204
10242062,AFOTHER,10927.9,10757.24,2375,29790203
18239527,KanameAzusa,11123.4,10756.42,2046,29790200
26880905,NotIscariot,11703.4,10754.17,-481,29790194
19223042,[DRS] Rehem,11464,10753.38,702,29790196
37652971,[-Myak-],11191,10752.17,235,29790199
22801679,AyanoAishi,11424.6,10751.47,-662,29790196
8151295,Emptiness,11061.8,10751.32,1586,29790201
34056597,Tair itsu,11675.8,10751.23,-334,29790194
36487960,mgc_osu,11702,10750.40,-397,29790194
22537001,slimjim5,11297.9,10748.75,-491,29790198
12143152,Kaizel,11188.2,10748.17,1236,29790199
24758265,orange1224,11513.8,10747.25,482,29790196
23436309,Chara4Lyfe79,11712.3,10747.15,-752,29790193
18351665,archer1888,11597.9,10747.15,-284,29790195
21316537,nightAries,11347.5,10746.49,78,29790197
17025134,vaydex,11010.6,10746.11,980,29790202
14178389,x0M4Y1T0x,11152.1,10745.95,2007,29790200
15622311,Collac,11558.8,10745.92,24,29790195
23856368,CalmStarlights,11904.3,10744.09,-873,29790192
27937670,ICTxbb_Lol,10455.4,10743.89,3532,29790210
11628037,Takoke,11454.6,10743.05,-24,29790196
15513891,-coro-,11135.6,10742.02,2380,29790200
32857965,SError_,11644.8,10741.38,-187,29790194
21878135,klawesito,11404,10741.03,151,29790197
34269999,Zentoo,11677.9,10740.27,-607,29790194
30250474,NiceFili,11550.1,10736.77,182,29790195
4516252,Malox,10805.1,10736.63,1951,29790205
13377652,Shoira,10622.4,10736.10,3291,29790207
29112942,reeee123,11227.8,10732.99,1485,29790199
13232376,TaNueKi,11099.6,10732.94,1657,29790200
32252043,Lava-Sn,11309.3,10732.79,-904,29790198
13886919,sewersIvt,11607.8,10730.11,-464,29790194
23372097,rrrtyyyyuuuu,11572,10728.99,-114,29790195
31482354,SagazArias,11496.6,10728.81,-203,29790196
28163355,Wac23,11616.6,10728.63,-193,29790194
9724484,IMSAK,11379.8,10727.90,857,29790197
36624810,Warin Ma,11576,10727.60,-71,29790195
18394016,SadWrist,11563.4,10726.56,-87,29790195
11471035,Aalis,11739.3,10726.40,-671,29790193
35128152,DuckxL,11399.3,10725.14,376,29790197
13414090,edjinsoo,10731.8,10725.07,2845,29790206
35182601,AogJiasMiug,11370.6,10724.88,295,29790197
33536556,Meukn,11612.7,10724.21,-831,29790194
30989598,awowuspro,10948.7,10722.29,1152,29790203
34261477,mike950,10730.2,10721.10,-624,29790206
34577062,jew_,11599,10720.91,-81,29790195
24702841,Chiliation,11575.9,10720.82,243,29790195
34083975,bjt123,11581.8,10720.60,-523,29790195
35563659,IDKWUNTPO,11772.7,10720.33,-711,29790193
16463339,1xgjeNoU,11732.1,10719.18,-618,29790193
10540368,_Loaz,11453.7,10718.81,345,29790196
25529810,-Kozai,11460.7,10718.78,-967,29790196
13433654,HIMIHIMIKO,11174.7,10718.77,1324,29790199
11098035,Huukkeli,11610.1,10718.25,176,29790194
31148838,Sinon_33,10960.4,10718.13,1823,29790202
25477241,Heroyouu,11709.3,10717.30,-573,29790194
22418575,sadness_,11785.2,10716.88,-835,29790193
36751308,marere,11629,10716.09,-360,29790194
17898143,RayhanDelanova,11288.7,10715.36,393,29790198
25159471,senkhyu,10914,10714.66,1678,29790203
37089161,dyna_,11570.9,10714.65,-531,29790195
29998019,MyNamesRJ,10099,10712.84,921,29790217
27667672,Seimier,11639.2,10712.54,-718,29790194
36191822,milubrother,11519.6,10712.47,25,29790196
26303263,HangarBB,11335.7,10712.21,581,29790198
16192709,Daxua,11632.3,10710.97,-79,29790194
35961906,Utsuho Reiuji,11651.7,10710.83,-355,29790194
33672672,BreakTheSystem,10949.7,10710.63,1655,29790203
11926455,Yqihotaru,11612.3,10710.62,-1053,29790194
24526335,Rurv,11588.1,10709.64,-428,29790195
23823812,Ray960615,11596.7,10709.38,227,29790195
29547250,_LastDiary_,11469.1,10708.58,98,29790196
20526372,Timovi,11172.5,10708.37,838,29790199
25677025,djaa,11429.1,10707.37,180,29790196
27371777,kuraaa,11529.4,10706.90,-10,29790195
32094597,Priot,11518.4,10706.86,-252,29790196
36361852,95coolcar,11713.6,10706.39,-913,29790193
33046716,Bantay,11378.8,10705.47,768,29790197
18185878,Pofanek,11691.3,10705.39,-1204,29790194
12523410,[mix],11486.6,10705.16,246,29790196
1704337,Guitar0924,10659.3,10705.14,3196,29790207
35192238,selbunibuni,11230.9,10703.63,-819,29790199
18469831,gdrfgdrf,10762.1,10702.87,2664,29790205
16583245,GzCuTEgirL,11482.6,10701.82,24,29790196
29105204,[AR]bfdgbzfhs,11251.9,10701.49,1497,29790198
33284939,Chi_o,11683.4,10701.18,-851,29790194
25442987,femozka,11461.9,10701.10,-102,29790196
27029086,DragonMeow1012,11516.3,10700.95,-413,29790196
37198535,dfor the DELTA,11378.5,10700.32,-688,29790197
13193798,ManiaDegengod,11319.6,10699.11,742,29790198
10319721,gutiguchio,10553,10698.50,2325,29790208
3659139,- A n l u -,11601.7,10697.30,-420,29790195
23361135,Pakkoo,11225.1,10697.09,485,29790199
28787847,HaKinech,11543.4,10696.36,380,29790195
23010784,alexvonnn,11367.1,10696.25,562,29790197
10264988,- PIKAYUME -,11569,10695.35,54,29790195
32015917,Picha-chan,11701.9,10695.25,-687,29790194
38530430,Panknqso,11409.8,10693.59,229,29790197
36996505,yaosongcun,11685.6,10692.34,-867,29790194
26036316,nodus,11553.7,10692.14,-175,29790195
28391442,everis,11521.8,10691.61,833,29790195
14058917,Thom Yorke,11666.6,10690.67,-300,29790194
7104888,Heize,10589.6,10689.68,2190,29790208
22102187,Th0B,11772.1,10689.53,-986,29790193
18144664,Nimacos,11098.3,10689.36,1039,29790200
35611020,gigizoca,11472.4,10689.23,-385,29790196
35845687,GREYFeatheR196,11654.1,10688.82,-534,29790194
39031499,RengokuUpdate14,11356.8,10687.73,360,29790197
16919258,s_____s,11248.8,10686.03,1141,29790198
36790867,YeziDayo_999,11323.5,10685.41,107,29790198
18373939,joshy_woshy,11594.1,10685.36,-580,29790195
19719970,krnchihiro,10658.7,10684.93,2901,29790207
5144541,_yukari,10811.2,10684.87,1874,29790204
37143123,mahiro39,10908.1,10684.78,2459,29790203
35988112,random2171,11640.6,10682.94,-568,29790194
30673848,[AR]muknan,11590.2,10682.88,-455,29790195
22431628,Elifo,11512.3,10682.56,-713,29790196
25822690,USMAYO,11209,10681.01,-531,29790199
38263469,yaell,11556.3,10679.98,-580,29790195
14985143,Kiirbo,11520.2,10678.79,148,29790195
14934242,Akermo,10882.6,10675.99,2258,29790203
23700085,sebasca333,11123.1,10675.35,903,29790200
35097032,A_RandomDuck,11731.9,10674.21,-870,29790193
29445343,otya0120,10464.6,10674.14,2487,29790210
32982291,ilujiluil,11640.2,10673.75,-64,29790194
11353046,Kopie115,10804.1,10672.32,2452,29790205
35358061,wdsaergdfvxc,11634.6,10671.59,-739,29790194
31485150,--achang--,11520,10671.49,-150,29790195
23731093,P_F_C_PRO,11580.9,10669.42,-556,29790195
28949450,iqlz,11575.6,10669.28,82,29790195
27865095,ruaduck,11573.1,10669.28,-662,29790195
10039087,Sazkey,11015.5,10669.25,2173,29790202
32716457,FacDap,11499.3,10669.16,309,29790196
29266281,cszh1386,11607,10668.87,-585,29790194
12544804,IneQua,11163.3,10668.14,966,29790200
26456823,andrejprogemer,11339.3,10667.19,-320,29790197
17709082,[Paw]cold_beans,11382.9,10665.66,144,29790197
11040788,ls4221,11359.5,10665.50,726,29790197
37771425,sumsnow,11399.1,10665.21,-745,29790197
30772410,eatinginging,11723.9,10665.12,-563,29790193
16968362,quatinhs,11051.8,10664.92,1557,29790201
33912826,Kinkawa_Harana,11523,10664.44,249,29790195
37711801,mikakichi,11571.9,10664.31,-423,29790195
23589336,ALIW,11429.2,10662.77,-324,29790196
18321174,ImRe114514,11233,10660.51,-102,29790199
34487256,AUDD,11566.8,10660.18,-688,29790195
38521986,Quiddle,11614.5,10659.95,-778,29790194
17692747,Nabo,11565.4,10659.56,-648,29790195
25638723,-DylanOsu-,11604.6,10659.50,-702,29790194
20459860,Creap,11227.2,10658.67,923,29790199
17246743,xkeniv,11506.3,10658.24,-486,29790196
28884330,opalotic,11512.7,10656.46,-867,29790196
25498025,Bimboslicer69,11558.6,10656.15,-257,29790195
37694025,huangjie,11568,10654.93,-40,29790195
24047114,DIDISZONEK,11547.5,10654.84,-611,29790195
20840939,GaslightMyself,11697,10654.60,-938,29790194
33766295,timurkrutoi123,11386.1,10653.32,167,29790197
20137786,marcjoseff,11109.7,10653.10,790,29790200
30666327,[HMH] MayuTuna,11538.8,10651.00,-355,29790195
9841162,ObIivionis,11232.8,10650.98,1197,29790199
35614359,awedwd01A,11424.8,10650.85,-416,29790196
4763040,ATing,11052.3,10650.79,-18,29790201
14527772,-IDIGY-,11355.3,10650.78,-535,29790197
17266494,liapaws,11297.7,10649.77,331,29790198
30655119,TachibanaSheri,11576.8,10649.50,-751,29790195
24360169,MAxkale,11151.7,10649.21,1527,29790200
40033204,Kuizapuro,10853,10647.49,629,29790204
20593126,Isiid,11241.3,10645.06,747,29790199
10337737,[Crz]Gn1m,11022.2,10645.05,1512,29790202
23685911,DaNNyAk,11054.7,10644.77,1850,29790201
18223165,SheepYam,11207.6,10644.33,-522,29790199
22242580,Loszy,11365.6,10642.55,1262,29790197
11789635,Piropito,11288.9,10641.48,723,29790198
6643319,Luchito-,10929.5,10640.90,1587,29790203
29757270,Suirena,11586.2,10638.99,15,29790195
35034715,Puro_lover,11111.1,10638.85,-24,29790200
34309730,PoM_,11100.2,10638.78,1353,29790200
26911350,arenamaker,10952.1,10637.90,-257,29790202
17641994,MidRed,11460,10636.60,19,29790196
15399445,Nator1,11629.4,10636.24,-357,29790194
9914256,hydrofurious,10800.3,10635.54,2294,29790205
11956830,[Narae],10383.7,10633.55,2410,29790211
11817622,SunApple,11220.5,10632.95,918,29790199
19251539,ry16,10945.8,10632.71,1524,29790203
34729731,mas74,11425.6,10632.35,-585,29790196
39521593,Sylveon-,10995.1,10631.96,517,29790202
25036353,Dr_Latency,11699.1,10631.07,-961,29790194
9218461,Percyqaz,11035.7,10630.84,1420,29790201
23299675,Monpluk,10672.7,10628.23,1870,29790206
19676705,TrustMePlease,11306,10627.74,-73,29790198
17050750,Gorneth,11372.4,10626.96,-637,29790197
14346695,_Rikuu,11125.1,10624.79,537,29790200
36365891,yeziyezi123,11537.1,10624.04,-255,29790195
9343291,Ravile,10756,10623.91,2491,29790205
1172458,ChearSu,10519.2,10623.66,1662,29790209
27797491,hoho mary chris,11493.8,10623.65,-697,29790196
16416217,aoiyume0314,11279.3,10623.39,-575,29790198
17392582,fshlasanoob,11404.1,10622.68,-70,29790197
20240362,Smsmsuwu,11090.1,10622.10,879,29790201
21776777,QSRBZ,11683.3,10621.82,-788,29790194
37556883,r_Xan,11518.1,10621.55,-720,29790196
29915327,Yun Shul,11046.2,10620.22,1458,29790201
25347167,mcy09,11534.8,10619.52,-1020,29790195
13843993,dimonsteruser,11381.3,10618.63,160,29790197
16406332,Doggo1928,11188.6,10617.87,675,29790199
18577756,Nanatto,11527.6,10617.27,-564,29790195
7372978,Reuju-,10981.2,10616.32,1431,29790202
27763133,youropponent-,11502.7,10616.27,122,29790196
37144835,Eclipse7,11362.9,10615.95,835,29790197
12369037,Rylord,10501.2,10613.66,2683,29790209
1204296,tetis0303,10854.5,10609.73,2329,29790204
37464321,Hinkiker,11508.8,10608.18,-554,29790196
26508604,MrLava13,11247.8,10606.57,260,29790198
36874618,TotallyNotNic,11706.4,10606.37,-995,29790194
14772488,Jhown,11315.1,10606.29,-149,29790198
18248094,Dokors,11001,10605.56,1385,29790202
8957029,Glorionoly,11304.9,10605.31,780,29790198
24533726,wee,11601.2,10605.20,-631,29790195
28430335,rimusimp,11514.3,10605.16,-18,29790196
13056070,Grmme,11354.7,10604.57,302,29790197
33887651,Mystiax,11161.6,10603.41,215,29790200
29844239,YETER8761,11585.4,10602.72,114,29790195
30783473,seia1227,10916.7,10602.63,760,29790203
32181531,Tohru_LiGe,11217.2,10602.61,904,29790199
19506159,Chipo,11421.7,10602.49,-354,29790197
3224958,roko100789,10619.8,10601.71,3284,29790207
26968749,[UY]Syphoryx,11568.9,10600.67,-928,29790195
18560307,Silicosis 2,11117.5,10600.51,867,29790200
14113974,TheMysteryL,11032.3,10597.96,1266,29790201
36035960,s1gn1TaL,11429.5,10596.94,138,29790196
17438896,-Eristia,11559.5,10596.52,-453,29790195
17878558,-parle,11495.4,10596.39,-618,29790196
40032296,loafings,10971.4,10595.03,1528,29790202
26391454,galaxye,11602.3,10594.27,-467,29790195
36378531,Drista,11330.5,10593.60,-464,29790198
28066931,warabeeeeeeeee,11653,10593.27,-988,29790194
8609627,[GB]Edward_Tsui,10541.8,10592.54,3022,29790209
4345491,Nikana,10495.3,10592.46,2869,29790210
25674025,[Myu],11302.8,10591.29,-438,29790198
24873250,_Fozter,11305.9,10590.58,-328,29790198
16561299,hren228,11584.8,10589.77,0,29790195
12061711,slowed,10326.2,10589.33,1969,29790213
8862564,guest10224,11076.7,10588.60,1707,29790201
11109913,Maksidius,11516.2,10586.58,-246,29790196
24721981,cladep,11195,10586.49,638,29790199
25343608,PhobiaTheNoob,11382.4,10586.00,201,29790197
24191790,_Saya,11434.9,10585.86,-1012,29790196
12206447,pepperoni,10925.4,10585.41,1784,29790203
13343597,LadyGaga,11388.9,10585.03,-525,29790197
39457997,Infirmus,10971.6,10584.13,949,29790202
16744786,Frees,11416.7,10582.16,-61,29790197
36074111,Enslove,11534,10582.10,-40,29790195
25305338,CajaX360,11280.8,10581.08,293,29790198
6631567,Vee,10901.4,10578.22,2369,29790203
21240715,T4yyz,11353.3,10578.06,-1020,29790197
34035740,Mavinzaza321,11333.9,10577.99,-541,29790198
18739806,realninja234,11397.9,10576.34,-223,29790197
29181173,_KONATA_,11182,10574.81,888,29790199
32358269,verysour,11055.8,10574.39,1221,29790201
18927880,fewesf9,11275.4,10574.30,-51,29790198
36237429,nana4Kgaming,11372.6,10573.52,257,29790197
1674908,tmdals1888,10643.7,10572.87,2708,29790207
15342314,komitto,11094.2,10572.08,876,29790200
4810916,Castella,10944.4,10572.08,1419,29790203
28499578,edaica1234,10808.9,10571.52,-460,29790205
31767575,G1NYA,11488.8,10570.84,-493,29790196
20985573,Qkurarin,11627.6,10570.38,-1087,29790194
15801261,Az-u,11084.9,10569.51,951,29790201
32537942,maogou,11398,10567.33,-466,29790197
36558333,phenshan,11358.5,10566.58,-553,29790197
29432100,orCATstra,11575,10563.95,-455,29790195
14677848,[LS]Treeman,11108.9,10563.76,633,29790200
20778008,Ratori,11429.9,10563.41,57,29790196
24078411,Coawfee,11104.4,10563.06,920,29790200
11379988,Sen-,10465.7,10562.97,1217,29790210
36967037,aqswdefr,10306.1,10562.46,2123,29790213
35094763,Darling0216,11349.2,10560.94,-199,29790197
12934065,Blessom,10836.4,10560.85,1475,29790204
33306812,314159Aa,11337.7,10560.14,-153,29790198
33996813,wsopwnb,10973.3,10559.21,1805,29790202
7465662,tortutrigo,10657.2,10558.72,1800,29790207
17483369,souffle_03,11276.6,10558.17,481,29790198
38917338,TaxiBWeiei,10560.9,10558.15,1823,29790208
26237781,somerandompasta,11367.2,10557.65,-562,29790197
36372669,Kagari Mimi,11358,10557.65,-590,29790197
20968571,extraextra,11126,10556.45,1337,29790200
14758501,jellium,10871.4,10555.68,2217,29790203
20584476,snowors,11580.1,10555.62,-102,29790195
8935682,almond,10628.9,10555.46,2421,29790207
33657079,K19N,11488.5,10554.75,-837,29790196
12674078,Rinda_Dobu,11586,10554.39,-818,29790195
14727263,omegaY_,11272.6,10554.25,651,29790198
25030199,jeremyaichen,11132.4,10553.53,555,29790200
9828306,a1ternation,11266.4,10553.06,434,29790198
37086849,Yximz,11244.6,10552.57,112,29790198
13370527,doctormango,11245.7,10552.47,496,29790198
32350403,Soadep,11417.5,10552.32,-260,29790197
10080725,Banjopolo,11083,10552.16,1097,29790201
3204677,Vvn,10872.5,10549.77,2200,29790203
22429124,g0obr,11425.4,10545.86,-133,29790196
7825187,Mituce,10894.8,10545.55,1885,29790203
36145444,MoeMing,11503.1,10544.96,-473,29790196
19072549,-Cas-,11453,10544.82,-569,29790196
21421765,BuffStopp,11132.1,10544.43,763,29790200
6747917,S Cantoniensis,10507.8,10544.10,2255,29790209
24243177,ieFaH,11237.7,10542.46,-592,29790199
8214199,LBean,10561,10541.89,1928,29790208
21870209,m1nd_,10999.2,10541.58,167,29790202
12119881,legoguy1903,10970,10541.51,1796,29790202
17764062,lemon_whale,11469.2,10541.00,-441,29790196
8890291,[HD]Draftz,11298.1,10540.32,-164,29790198
444607,manny5354,10587,10537.92,2993,29790208
29846458,STRlantian,11240.7,10537.86,600,29790199
36878075,Crisiker1,11109.4,10536.83,1049,29790200
26311978,[TK22]Luka_ds,11066,10534.10,806,29790201
25174998,vvvsc03,11358.7,10533.97,-151,29790197
32167969,Ominous_Void,11454.8,10532.88,-631,29790196
35901848,fengpeng,11428.9,10532.70,-501,29790196
14097024,thank you,11582.8,10532.40,-983,29790195
26830987,glabra,10718.6,10531.51,1439,29790206
11279273,[Crz]Alleyne,11328.9,10531.01,481,29790198
33196180,Wiktorus9630,11528.9,10530.78,-646,29790195
33562599,jeasnuip666,11627.1,10529.34,-1270,29790194
8173806,Test 05,10652.6,10527.32,1705,29790207
36573154,ZakuroTheGaming,11391.1,10527.31,-148,29790197
38013964,EmPeRorKaguya,11341.9,10525.53,673,29790197
30557723,inglissFanboy_,11341.5,10524.95,-146,29790197
35169102,blizzachi,11416.6,10522.50,-366,29790197
1644051,Dchip2,10979.4,10521.30,551,29790202
16840281,Speedy0248,11213.1,10520.42,713,29790199
21213843,ikenadro,11463,10519.92,-585,29790196
11179361,ZCFirsTT,11238.7,10518.25,536,29790199
19532359,Logung3D,11545.3,10516.74,-512,29790195
12805545,[RS] Yeno,11462.1,10516.56,-504,29790196
6232458,[Crz]FolAH1217,10670.2,10515.30,2128,29790207
37399155,1henz,11428,10513.98,-532,29790196
10413362,Kakuko,10476.4,10513.79,2981,29790210
18962766,VersengeN,11231.8,10511.52,588,29790199
19477618,Aegagropila,11002.7,10511.48,571,29790202
24733055,Fluquor,11313.1,10509.36,671,29790198
7272956,Situroen,11065.1,10507.35,1080,29790201
36237390,Kohlrabi,11225.9,10507.23,225,29790199
17457562,[GB]sherweifa,11403.9,10506.66,-7,29790197
6474412,canela,11054.1,10505.61,1233,29790201
35930163,posart,11519.7,10505.42,-773,29790195
37301986,1111234,11127.4,10505.13,-820,29790200
25120873,kiuby xd,10908.2,10504.84,337,29790203
29969813,LINGZZZZZZZ,11202.8,10504.70,-683,29790199
30668640,aviatordude20,11316.1,10503.91,-947,29790198
9009336,nakikaze,10808.3,10501.38,1856,29790205
37631513,Attmond,11265.4,10500.45,30,29790198
25177720,notsarkal,10846.9,10500.06,1305,29790204
11478670,-Gawr Gura-,11111.4,10499.64,173,29790200
6924125,Clueless Man,10514.1,10499.36,2904,29790209
26925153,Luminescent_678,11256.9,10498.15,-88,29790198
22923220,Stelthiee,11450.1,10497.66,-727,29790196
23231102,MusicPad,11040.9,10496.84,1136,29790201
22866736,Nowo,11367.7,10496.52,-374,29790197
31667800,psychameron,11241.6,10495.92,20,29790199
19704772,getrexton,11096.6,10495.18,65,29790200
37859149,[PXF]TatiX,11259.1,10493.64,-65,29790198
38445168,ForumCore,11566.7,10493.50,-932,29790195
8655604,Tupidix,10907.7,10492.79,1411,29790203
6311072,2580697339,11050.2,10491.42,747,29790201
29777541,Su11yoon,11586.4,10491.02,-718,29790195
37639558,uyuk,11196.1,10490.42,249,29790199
37618945,6r33n,11432.7,10490.04,-740,29790196
30414577,Yuk1Light,11241.2,10489.18,-314,29790199
6713318,JhIeeo133,10864.5,10487.59,2184,29790204
28070525,-jatk-,10921.1,10484.68,1087,29790203
15189539,xTS_,11169.9,10484.16,-849,29790199
21070696,burntbredd,11480.2,10482.90,-857,29790196
39089041,YungLing_,11105.2,10482.61,14,29790200
12858368,NBA YOUNGBOY2,11071.2,10482.31,375,29790201
36749224,vitinho000,11449.1,10482.24,-156,29790196
19393181,Wonderilure,11239.2,10482.17,-145,29790199
36801769,chirumiru423,11352,10481.36,-571,29790197
39512926,000777,11010.4,10480.83,646,29790202
31493135,Mauricio2000,11106.6,10480.78,367,29790200
19095342,Fuzionnn,11510.3,10479.97,-535,29790196
15798093,KinderJoy-,11172.2,10476.89,592,29790199
24730930,[-Omni-],11515.7,10476.86,-1030,29790196
32601635,xaxaxaxaxxaxax,11414.3,10476.32,-742,29790197
25295854,ColdWater_,11145.4,10475.80,-874,29790200
12743641,AselXDGG,10864.6,10475.71,1359,29790204
29808669,dingyi,11246.8,10473.92,-45,29790198
12501007,zal_,11176.6,10473.63,867,29790199
17681552,Joshki19,10992.6,10473.47,-232,29790202
9872668,Ery,10692.4,10470.23,1589,29790206
34177685,huycachua,11229.3,10470.10,301,29790199
10652110,uL-,10923.3,10469.68,1531,29790203
34730143,ajh,10494.5,10469.55,2154,29790210
17959501,dragiee,11358.4,10469.40,60,29790197
20984576,c6H8o6_,11059.5,10468.89,388,29790201
30467254,Kenyuri,11324,10468.34,-217,29790198
18663180,Tixij,11100.9,10468.19,645,29790200
29387075,X6H806,11359.8,10466.94,-430,29790197
18536919,Esire,10854.7,10466.64,969,29790204
29346231,Koyom1,11018,10466.27,655,29790202
25950685,Wildcard,11096.4,10466.10,769,29790200
13295359,joshuac806,11211,10465.24,523,29790199
23477860,spe4rl,11040.1,10464.74,995,29790201
33989233,UMvO,11368.1,10463.47,-387,29790197
36375991,I was Mediocre,11351.3,10463.22,-41,29790197
38430025,wxzttdyr,10706.3,10463.15,175,29790206
19791558,Blue1233,10601,10460.75,528,29790208
14855863,nickson,11403.1,10460.07,-1032,29790197
37577147,Sediment,8957.92,10460.04,362,29790241
23690617,fladdermus,11487.8,10459.42,-945,29790196
11293681,Mo_ru,11170,10459.17,293,29790199
18948162,boouncyy,11047,10457.57,224,29790201
10123436,Nicobbong,10398.2,10457.45,1887,29790211
38636360,Lezhicfanboy,11344.3,10457.04,-960,29790197
37896900,ikasaros,11097.7,10453.99,89,29790200
20058889,notlucas,11036.3,10453.73,804,29790201
32828892,Termit0ff,11155.2,10453.55,565,29790200
32144221,topoxl1,10833.9,10453.24,1066,29790204
16952478,Sanplatina,11016.1,10452.85,980,29790202
15854632,userdtd,11157.5,10450.30,-82,29790200
26850569,furume,10491,10449.93,2912,29790210
24038353,WLlk2,11004.4,10449.84,568,29790202
34514391,Akasuzume,11345.1,10449.51,-718,29790197
29360932,C-rifle,11033.3,10449.28,664,29790201
34099027,MiuOtter,11184.7,10449.04,-589,29790199
20886468,CubCub,11184.1,10448.77,469,29790199
34105795,ninja03030303,11266.2,10448.54,-523,29790198
28232616,movingrainy,11450.3,10448.26,-469,29790196
28645202,Kaliuss,11341.7,10448.17,-230,29790197
10333067,[RT]Mrqianmo,10631.5,10446.15,1953,29790207
25996648,D_VietNam,10970.6,10445.72,762,29790202
16118849,cartografiar,10859.3,10445.27,1078,29790204
17050835,[MBR] VTSeele,11261.4,10445.24,-75,29790198
32530087,wyndbz,11336.5,10444.83,-184,29790198
23427252,PlatinumSplash,10966.6,10444.39,240,29790202
16648616,pnmdre,11294.7,10444.01,-257,29790198
37447249,ye_01,11150.1,10443.56,286,29790200
38198321,Twinx,11389.9,10443.31,-607,29790197
13012293,Nayrekke,11267.2,10442.94,-379,29790198
20654645,- Lai -,11407.9,10442.63,-498,29790197
34771499,[TCD] yukim-,11478.8,10442.26,-596,29790196
17145648,CLIP,11109,10440.48,674,29790200
37745071,thinkinguwu,11008.3,10439.96,-1197,29790202
30221605,Sm0llar,10865.9,10439.38,450,29790204
31837889,the end of day,11326.7,10437.90,-70,29790198
36774132,Porpan,11165.2,10437.78,199,29790199
22790438,digitan,11239.7,10437.72,-719,29790199
25793506,kantataa,10894.3,10437.50,1202,29790203
30009751,Triple-IceCream,11245.9,10436.18,-298,29790198
33538350,Sanbi,11358.9,10435.43,-457,29790197
20867670,lyh070823,10696.8,10435.34,-473,29790206
38199097,CracalOSU,11421,10434.69,-690,29790197
33297591,Xiantawutong,10784.2,10433.56,242,29790205
24540564,IvanMortalXXl,11056.8,10432.97,755,29790201
35694415,ChthollYX1,11299.4,10431.93,-1006,29790198
28260042,PlasticMilk,10906.8,10431.80,1679,29790203
37167129,HorizonSilence,11323.1,10430.81,-630,29790198
18449778,xochitl,10934.4,10430.30,-557,29790203
38251559,Shrimpu,11148.2,10429.53,-123,29790200
36010300,Kiyomin,10732.7,10426.96,1086,29790205
25603337,2487,11326.6,10426.68,-195,29790198
28154265,holydust,11412.6,10424.77,-813,29790197
35926013,polbot37,11243.8,10423.66,-182,29790198
35390346,TenchoRy,11257.2,10422.77,-540,29790198
26422937,itonjacky,10898.6,10422.67,-253,29790203
31299819,Goozma,10902.6,10421.63,1112,29790203
7972439,9919149,10956.5,10420.49,959,29790202
17941054,-Yisus,11359.3,10420.36,21,29790197
36236319,akvamaris,11158.3,10419.61,231,29790200
28347947,Nya_Pro,11407,10417.52,-617,29790197
31369345,kirbymomazos,11087.4,10417.52,-314,29790201
20563630,dagr8,11014.9,10417.46,-747,29790202
29475567,M1KUwU,11167.9,10417.37,-1,29790199
30121258,Sor3mania,11440.9,10415.93,-716,29790196
39281748,godgivenn,11254.4,10415.80,-417,29790198
12656262,what the heck_old,11313.9,10415.60,-229,29790198
20748215,[HL]amoun,11166.4,10414.87,183,29790199
10502251,FluffyGMD,11124.1,10414.37,-552,29790200
24392346,rearyR,11124.8,10413.80,-190,29790200
23181224,Xryzbyme,11285.1,10413.17,-145,29790198
17363267,Wantaso,11317,10413.14,232,29790198
37308099,lolcatate,11313.2,10412.99,-824,29790198
23420572,wuyu2,11337.3,10412.74,77,29790198
5069628,a ri su,10632.1,10412.62,2378,29790207
35712901,matycrack2024,11433.5,10412.59,-546,29790196
36584340,LiasnetixE_,10949.8,10412.41,-555,29790203
15289293,vanposen,10828.4,10410.05,1485,29790204
28366031,VestalFemboy,11422.3,10409.42,-437,29790197
22598273,HIMmeqq,10707.2,10409.23,526,29790206
25928438,Clipless,10868.5,10409.11,914,29790203
33246073,ItzTrex,11426.8,10408.56,-432,29790196
38466207,ONYXY,10965.1,10407.30,-820,29790202
38949698,imabenos,10617.1,10406.84,-76,29790207
26026428,MyAngelHisa,10982.6,10405.67,572,29790202
37152930,Adonos,11334.6,10404.20,-291,29790198
22890818,IlluminaStarrrr,11245.6,10403.27,18,29790198
12700404,Maple_Y,10738.5,10402.28,154,29790205
38001327,Zemo_H,11165,10402.16,-228,29790199
3549944,OsuJoa,10145,10401.86,1618,29790216
8355882,Chiyumi,10446.2,10401.85,2159,29790210
37673055,kai-iiikaiii,11362.6,10401.37,-835,29790197
36687214,DemseyAA,11015.4,10400.84,594,29790202
7830397,MSKFA kemi,11141.9,10400.16,325,29790200
21415786,alexisgaminguwu,11195.9,10399.79,435,29790199
38027674,KKSKSKQQ,11007.1,10399.55,-121,29790202
28028613,Bot114514,11283.7,10397.75,19,29790198
12471417,OG_Khim,10840.5,10396.53,1456,29790204
12950533,[Crz]Residual,11062.4,10396.28,716,29790201
17945027,MoonDown,10685,10396.17,2342,29790206
15779814,Meiko Honma,11382,10395.99,-699,29790197
22931020,Florza_,11492,10395.14,-1113,29790196
31648829,S10000M,11136.3,10393.97,654,29790200
4363223,553343477,10351.2,10393.37,2048,29790212
30180982,Whiteblax203,11082.6,10391.78,187,29790201
37151827,y3_RaBBit,11292.4,10391.45,-747,29790198
15722607,PNboy,11294.5,10391.18,-311,29790198
14476749,MrTomato77,11355.7,10390.11,-187,29790197
13219309,[LS]Tokiyume,11218.2,10386.67,-178,29790199
4725379,Quenlla,10366.3,10385.86,78,29790212
6315000,NeonDrakon,10892.2,10385.63,844,29790203
31405277,bobos,10160.3,10383.71,3076,29790216
26116770,Old Pigeon,11113.8,10383.37,491,29790200
12556432,ROriver,11208.2,10383.15,72,29790199
33604974,Kotonie,10959.7,10381.51,114,29790202
162860,kwjcool321,10534.6,10381.15,2615,29790209
18768888,yuanse1233,11266.6,10380.97,-631,29790198
32028459,trooperr,11301.4,10380.81,-80,29790198
35061068,Leviano,10635.1,10379.95,982,29790207
4818604,Oscyy,11055.9,10379.77,602,29790201
13552236,headpriest,10627.5,10379.60,2050,29790207
34278014,Arisu Tendou,11031.6,10379.54,299,29790201
14824853,zKino,11400.3,10377.97,-322,29790197
15298270,coooom,10833.7,10376.98,1151,29790204
3869951,Shirou,10811,10376.88,1297,29790204
28077884,fgjfergegfwfgh,11302.7,10376.20,285,29790198
33865947,[Paw] Delp,11143,10376.12,-350,29790200
34084493,Port,10983.7,10375.70,654,29790202
27237108,Deleted By Dk,10854.9,10375.43,943,29790204
24398045,vahha08,11292.7,10375.27,-136,29790198
36084284,eggalone,11130.4,10374.25,-348,29790200
29810648,Ausiock,11142.3,10373.62,-375,29790200
33099554,TEA33727,11057.9,10372.65,485,29790201
27931034,mike adidas,11127.1,10372.38,-643,29790200
24555405,kolarabov,10883.9,10372.15,777,29790203
37963548,Itsyouke,11235.2,10372.09,-453,29790199
35998717,BrokenArth,11363.5,10371.98,-532,29790197
29617190,not_realbacon,9206.86,10371.74,-539,29790234
21423715,Litrowo,11162.5,10371.53,135,29790200
16166149,Native_JindoDog,10857.7,10371.49,1003,29790204
34776031,LSer,11238,10371.09,-663,29790199
22684809,Danny -,10743.7,10371.09,1239,29790205
34235469,Raise Knox,10510.1,10370.88,-344,29790209
20445671,[ISMAEL134],11272.5,10370.63,-837,29790198
35927303,FERVENT TEMPO,11140.6,10369.91,-1047,29790200
17534725,Fleta,11242.7,10369.22,-433,29790199
35794471,methice,10815.1,10368.90,-750,29790204
16540661,Yanbom,11234.6,10367.90,-258,29790199
38033762,Zeng223,10644.2,10367.34,695,29790207
29346716,Sea_W0,11108.7,10367.09,834,29790200
10520757,WARABIMON,11383.6,10366.56,-367,29790197
37857046,frostedworks,11064.9,10365.87,-404,29790201
18372915,imjszk,10863.4,10365.49,912,29790204
23409211,[ATL]Zemiku,11391,10364.87,-451,29790197
19868123,dashaEdric,11228.9,10364.40,-25,29790199
33978148,whyovo,11373,10363.37,-1237,29790197
17802217,- O R E O,10836.9,10363.17,1133,29790204
27116625,Vershojc,10992.4,10362.16,467,29790202
12293797,ae323621,10156.3,10359.96,2615,29790216
7960969,2ky,11036.1,10358.49,586,29790201
24181636,Horuszed,10696.7,10357.71,405,29790206
8767392,ILOVEMARISA,11092.2,10356.55,1005,29790201
22543368,hoodmingyu,11152.8,10355.25,-357,29790200
24657261,D4G0L,11003.4,10354.68,293,29790202
36172445,fgndgnsdfjgndf,11278.6,10353.63,-560,29790198
25553275,_Tenshi,11111.9,10353.54,-226,29790200
11912607,diablorex1234,10793.8,10352.99,800,29790205
15057734,xd loops,11192.6,10352.53,24,29790199
34165210,Lonelone701,11354.8,10352.21,-927,29790197
22134594,Dizzy-,10757.2,10351.46,872,29790205
10269368,kkirmi,10732.9,10351.20,2071,29790205
27715165,Pika_Might,11052.2,10351.09,401,29790201
35573813,Lemon_-,10937.1,10351.09,715,29790203
33271689,SweetMikan_,10891,10350.31,895,29790203
24787752,Who_is_Marpang,10817.2,10348.61,1057,29790204
31290013,shavk,11056.2,10348.00,-104,29790201
27478729,NotZinLol,11094.9,10346.70,-733,29790200
29091970,FNF_OATZA67_TH,11212.8,10346.64,-333,29790199
17862306,dbswo080401,10975.3,10346.16,155,29790202
24987584,LeaZT,11364.2,10345.77,-1242,29790197
31299157,-Nandakai-,11340.2,10345.19,-718,29790197
23420739,[TCD] Dual2ez,11295.1,10345.13,-528,29790198
23364636,Fakechannelyt,11156.6,10344.57,-248,29790200
13859185,cowcalf030,11051,10344.43,442,29790201
30679364,CharlesLeclerc,11087.8,10344.24,-975,29790201
40183978,mameyufanboy,10108.2,10343.81,2193,29790217
34245762,[Quad],11126.1,10342.87,-572,29790200
17364663,E-B-E,11146.2,10341.58,379,29790200
10192251,[GS]Pusheen,10966.2,10340.10,573,29790202
24987267,yangfeng,11232.9,10340.07,-548,29790199
38006138,sc666,11268.8,10339.98,-540,29790198
36488086,DELAS4,11116.2,10339.67,-85,29790200
33556044,Valeriede,11344.9,10339.08,-563,29790197
11923046,- Hago -,10732.4,10338.92,260,29790205
6098277,cryi,10966.4,10338.79,457,29790202
25897812,_Alejandro,10535.1,10337.95,1626,29790209
19885258,Sakuramoe,10751.9,10337.37,687,29790205
13896326,sumichib,10973.6,10336.13,342,29790202
17127765,Aev,10400.1,10335.52,2183,29790211
31528587,eleina,11162.4,10334.71,213,29790200
8072283,XWY0333,11001.7,10334.60,497,29790202
33670459,Fuyushi-,11310.1,10334.02,-684,29790198
10514134,1427578020,11203.8,10333.08,-586,29790199
25123049,scanzyr,10607.2,10333.05,737,29790208
12123265,[KN]Puddles,11208.3,10333.04,-502,29790199
23557948,Vibration886,11124.2,10331.77,-321,29790200
36198688,fasttzy,10438.3,10328.85,1360,29790210
27834299,Onirique,11087.2,10328.83,368,29790201
33623830,yoluyann1,11227.6,10328.71,-478,29790199
26933548,ImAverageAtBest,11313.5,10328.41,-575,29790198
37926788,hekon,10796.1,10328.41,233,29790205
36734903,Mev_,10280.8,10328.13,1487,29790214
13995992,Acacia,10597.6,10327.48,2427,29790208
25655123,Yakumi66,11211.2,10327.17,326,29790199
29056278,sa1em,11269.9,10327.15,-253,29790198
18576894,digga,10951.5,10326.76,619,29790203
24724412,MiTyRAin,10909.4,10326.48,703,29790203
38193305,Selinki,11053.8,10326.40,1091,29790201
25483688,adiuasdu,11109.5,10326.01,546,29790200
33508653,paruht,10817.1,10324.73,286,29790204
17743224,Noture,10832.4,10323.22,-429,29790204
38616951,the_el,11223.9,10322.48,-588,29790199
34325322,AurenXP,11411.1,10322.39,-905,29790197
8630038,[-NEinO-],11274.7,10322.30,21,29790198
34892480,dangmet,11115.7,10321.21,-1156,29790200
37037252,hcmyg,11271.1,10320.92,-1008,29790198
32350370,skadidragen,11233.7,10320.51,-445,29790199
24791969,leo110606,11264.6,10320.33,-357,29790198
37613538,zizzynottaken,10865.7,10320.01,653,29790204
24600092,JamesMT,10346.5,10320.00,337,29790212
27360406,NumbErr,11132.7,10319.66,-138,29790200
38846678,babapiroyusuf,10718.8,10318.78,-1229,29790206
20244315,Ice_Qu1en,11062.6,10317.08,26,29790201
23130129,LemonEntity,10890.1,10316.00,584,29790203
12586864,cakeboss05,10693.5,10315.40,698,29790206
10015908,Auraah,10563.8,10314.87,1252,29790208
24114076,Cute JS,11070.4,10314.78,174,29790201
19824985,[Crz]Ran,10598.8,10314.17,1454,29790208
19882171,ZyinTosu,10711.5,10314.07,1098,29790206
29823120,crypticTBN,11276,10313.98,-629,29790198
9168375,Desscaras,11155,10312.70,-456,29790200
7322750,_Mikoyo,10650.4,10312.41,1913,29790207
35405740,lucas_l14,11195.3,10310.36,-336,29790199
17894048,GenNoGen,11063.2,10309.93,-294,29790201
26515778,Rifqi Kamluddin,11059.8,10309.43,-235,29790201
37707441,Boring47,10722.7,10308.70,-342,29790206
18101418,-liix-,10837.5,10307.64,901,29790204
23685062,Drophiinae,10736.5,10307.62,1461,29790205
8623171,dying hamster,11164.2,10307.18,-227,29790199
31745309,Uncoolverse,11253.1,10307.16,-480,29790198
8627117,alan22836766a,10608.6,10304.72,1068,29790208
23161975,CordCookie,11327,10304.61,-728,29790198
37528780,levaccy,11178,10303.66,-588,29790199
17505876,Misono Ichika,10953.9,10302.80,556,29790202
23762424,imnoobT_T,11120,10302.24,-348,29790200
17239046,gloxinia318,11059.7,10301.53,-328,29790201
38113706,yuzuha32,11184.5,10300.86,-440,29790199
65724,NEDEAAAHHHH,10712.4,10300.82,969,29790206
20599160,Oofyxl,11137,10300.78,-382,29790200
22996179,01_Mxnu15Xx,11075.7,10298.54,100,29790201
36473116,AleeDv,11102.4,10298.36,-238,29790200
35463073,Ivy19,10867.1,10298.32,1080,29790203
14855570,GHOTH9,11030.2,10297.92,224,29790201
23697335,dzq,10786.4,10297.41,753,29790205
11631179,Ninty,10811.4,10296.51,865,29790204
38199028,Maveriik,10919.1,10295.51,807,29790203
16929825,FaturePlanets,11252.8,10294.28,-707,29790198
36693646,kizaru_,10555.3,10294.20,2352,29790208
28026780,EIainaa,10963.8,10293.59,523,29790202
25828081,NoTion,10790.5,10292.08,984,29790205
15371932,NotEiosh,10850.1,10291.94,876,29790204
19299132,619tmFALCON,11151.8,10291.73,103,29790200
29134524,3ieC,10910.3,10291.58,-263,29790203
30048932,book],11105.5,10290.79,51,29790200
21209893,Markiplier,11119.2,10290.26,4,29790200
20705155,Eitherdiamond19,10512.7,10289.51,1373,29790209
30763857,KwPlayz,10704.9,10289.10,1667,29790206
9033607,NokChaLatte,11164.8,10288.88,-662,29790199
19348819,ZapHeavenly,11232.4,10287.74,-675,29790199
29653535,Miaonei XD,10299.1,10287.68,375,29790213
4816659,wjdehdgud123,10397.6,10287.47,1864,29790211
9352141,Hangjeil,10529.9,10285.44,2061,29790209
24488575,Smellieeee,11370.4,10283.38,-970,29790197
12485149,cagofuego,10945,10283.09,315,29790203
10231250,skibidi,10727.7,10283.05,1237,29790206
12486829,Kyla2912,11093.3,10282.80,-70,29790201
34708353,WNHDB,11002,10282.72,299,29790202
33891778,qxo,11319.1,10281.43,-840,29790198
24170686,Semiiiii,10671.9,10281.32,994,29790206
33554103,-duji-,10800.5,10280.09,-351,29790205
13675628,_Moqn,10599.7,10279.89,1490,29790208
28605781,-Nishimura-,11050.1,10279.13,70,29790201
35279495,MaoYuNa,11206.5,10278.70,-457,29790199
33519598,PangOlins,11074,10278.01,287,29790201
29394008,__v,11078.7,10277.26,262,29790201
34468106,Tenurar,10949.1,10276.29,234,29790203
32465342,uyax2,10463.3,10275.50,2293,29790210
34990856,0megaa,10921.9,10275.33,-519,29790203
5250173,wuwedver,10835.9,10274.37,1085,29790204
28569116,F0rge,11102,10274.12,-378,29790200
22566034,[LS]destimb,10696.9,10273.52,1189,29790206
18267600,RCOPLO,10708,10272.01,1633,29790206
35774875,DKSGplayer364,11213.8,10271.95,-626,29790199
16481642,Mirai_,10398.9,10271.35,151,29790211
39886679,Buoyant Bee,10975.8,10270.54,-472,29790202
16537353,dxtionn,11176.8,10270.51,-767,29790199
36509016,TCIF,11101.1,10270.36,-191,29790200
36083396,huybl,11038.9,10270.03,-379,29790201
18360878,_tek,10710.3,10269.28,1276,29790206
32940509,Fazget,10870.3,10268.33,502,29790203
2342941,Ramchong,10550.8,10266.17,1903,29790208
11841540,kim0,10886.8,10264.18,560,29790203
16084654,Feng_Huo,11131.8,10263.28,-366,29790200
22628849,_iolite,11012.8,10263.02,591,29790202
14519015,Trittnut,11155.5,10262.05,-413,29790200
17826558,killaura132306,11080,10260.96,122,29790201
31101352,Afterlight233,11041,10260.70,-34,29790201
13716874,Artyr1,11143.9,10254.67,-716,29790200
31652977,ipiguy,11118.6,10253.24,-600,29790200
9901873,dtf tot,10262.3,10253.18,2786,29790214
6152404,nathan on mania,10740.6,10252.83,1181,29790205
33833871,bdsmkk,10738,10252.78,961,29790205
11527878,Veridore,10997,10252.38,423,29790202
24416807,- SrDark -,10945.2,10251.47,401,29790203
16036605,OMEGA SEPTAGON,10824.7,10251.42,-659,29790204
36165499,kumi RG,10440.5,10250.82,1289,29790210
31520532,shuehara,10527.7,10250.32,1141,29790209
36535845,pirnatiq9,11044.8,10247.77,-654,29790201
36888437,arui1127,11179,10246.80,-797,29790199
34380346,rocke t,11171.9,10245.78,-805,29790199
14351334,Doge,10796.8,10245.72,844,29790205
38406348,BokiiROBLOX,10969.5,10245.56,-11,29790202
16269053,kingdotory,11135.9,10244.81,-356,29790200
15204384,ZehRuh,11032,10244.17,113,29790201
25568885,Wideouth,10944.2,10243.74,81,29790203
32657487,Geazxct,11047.2,10243.58,707,29790201
25639186,leginonik,11077.2,10243.47,72,29790201
38658774,livthongodofosu,11085.3,10242.57,-549,29790201
34542440,0hiiForgor,10660.1,10241.91,1020,29790207
12632228,Giraffeyy,10944.6,10241.04,197,29790203
17392632,SadForever,11120.5,10240.30,-110,29790200
30537044,Zelkin_OSU,10788.1,10238.49,1128,29790205
26599514,Drochila2280_old,10804.7,10238.34,518,29790205
35417512,35RDS,10820.2,10237.56,646,29790204
10539285,FR4-,10707,10235.85,1510,29790206
34823074,wyyaylnx,10577,10235.45,417,29790208
38999604,PistachioHugen1,10929.4,10234.62,-1171,29790203
32932012,LPL114514,10740,10234.39,503,29790205
37262350,ihavenopurpose,11222.6,10234.38,-1308,29790199
33861283,Adrianne12y,11207.5,10233.86,-413,29790199
27914787,keise RawInput,11019.2,10232.94,-40,29790202
6748185,[Jeely],11119.7,10232.73,23,29790200
13362272,chocobuu,10708.2,10231.56,1305,29790206
31077652,renyufanboy,11055.2,10230.20,-168,29790201
6752611,naganopa11,10201.9,10230.08,2852,29790215
35218298,stylik1,10679.4,10228.78,866,29790206
10890019,andrenator,10757.7,10227.08,725,29790205
14943638,Heenu_,11204.4,10227.03,-161,29790199
22841207,shwaerkbilathon,11305.3,10225.08,-740,29790198
23897640,Palikka123,10982.3,10224.96,-337,29790202
37167632,000023,10862.2,10224.85,-762,29790204
32420706,ParadizPHI,11001.6,10224.58,-462,29790202
8996332,IdrusShahab,10938,10223.88,1040,29790203
5264963,Aihara-,10267.7,10223.47,2973,29790214
8798383,Crescendo PiaNo,10837.2,10221.08,507,29790204
33619194,yci,10257.9,10220.94,-1314,29790214
24014584,CatchyOnPC,10605.5,10220.01,-565,29790208
29094623,[Baka]FuRoRan,10508.1,10218.96,1320,29790209
4276504,HoldMyPP,10484.3,10218.63,1015,29790210
33212321,wangci233,11152.2,10218.39,-725,29790200
37889386,MaxKingL,11056.7,10217.76,-296,29790201
5208428,fugjjjk,11063,10217.03,344,29790201
26846872,lol_wut,10409.6,10216.32,2079,29790211
13104856,1Nuttelinha1,10852.9,10215.66,436,29790204
9499508,Mudrock,10554.2,10214.33,1707,29790208
15964029,[AR]lv3plane,11100.4,10213.30,-142,29790200
35567471,WhySkyMe,10895.3,10213.04,669,29790203
12325453,LoveHana_,11027.1,10212.22,-510,29790202
24676352,ineedtotrain,10775.9,10211.38,-762,29790205
17138762,[TK]Crisito,10973.2,10210.79,-24,29790202
16863588,Gabriel8066,11012.3,10210.36,220,29790202
16481146,say no more,11028.3,10210.35,-170,29790202
17474040,formysins,10846.7,10209.50,770,29790204
8035172,fegasaren0133,10559.2,10209.35,1422,29790208
32919382,[Calideca]Miku,10474.7,10209.11,429,29790210
9069250,parlus,10556.6,10208.78,1472,29790208
22750500,ciisoda,11053.7,10208.70,-336,29790201
36429809,AgnesTachyon-,11093.6,10208.23,-313,29790201
33773065,dylabry12,11168.2,10208.06,-318,29790199
35726745,Beeeizhi,10787.5,10204.83,294,29790205
32731855,LeuRu,10805.7,10204.33,-168,29790205
35850313,[GB]sharkful,11211.7,10203.68,-547,29790199
20130414,Ontekk,10380,10203.03,466,29790212
15080920,hine,10835.8,10202.85,708,29790204
31951253,MadeInLove,10679.8,10202.36,854,29790206
9600264,MEIDAN,10383.8,10202.32,1844,29790211
34831243,lemonaki,11138.8,10202.13,-406,29790200
21775918,lilly,10889,10201.63,472,29790203
31862056,168sdth,10762.5,10201.63,466,29790205
19531608,[LS]Forezuta,10630.2,10201.47,912,29790207
7299745,Alyca,10861.1,10201.25,295,29790204
14217636,Arcstyl,11085.7,10200.74,-282,29790201
24467134,Jorik_stena,10871.6,10200.44,350,29790203
17967955,gamsgams,10633.3,10200.43,793,29790207
15317574,MyAngelRobetta,10781.5,10200.37,850,29790205
11603156,Hoshiikunn,10775.8,10199.78,1028,29790205
14218996,korea2019,10943.7,10199.74,198,29790203
33130406,erunba,11079.9,10198.98,-33,29790201
13764276,Kris727,10957.5,10198.87,191,29790202
16493863,Furinkazan,11059.6,10197.98,-211,29790201
35160204,Nechatron,11144.8,10196.54,-453,29790200
25216254,IAMREALTEAMBRO,10984,10195.47,-87,29790202
17561955,CrusaderOfSocks,11022.4,10193.77,-27,29790202
15752211,[RUE]Madnace,10614.1,10192.90,1827,29790207
33574051,dinfun,11035.9,10192.19,-63,29790201
33887682,meisyouhi,11175.1,10191.95,-1168,29790199
35507753,Siroocake,11158,10191.30,-357,29790200
19626270,minhhuyosuer,11077.6,10190.40,-603,29790201
34857669,JustJulio,11083.1,10189.23,-727,29790201
38464037,ZASKEDS,10841.7,10188.85,-1,29790204
36133390,Alalayo,11008.6,10188.57,-107,29790202
27803155,Worst Jack User,11177.4,10187.37,-354,29790199
38276965,subspace_0,11002.5,10187.27,-117,29790202
15867861,Hedours,11014.8,10186.61,161,29790202
24726626,Hzroxity,10528.2,10186.59,1337,29790209
22386768,brunaso,10929.9,10185.29,11,29790203
18801832,Senae,11056,10184.54,-606,29790201
14664120,Ziwi,11156.1,10183.95,-139,29790200
30875039,umiyatsu,10825.5,10182.38,-449,29790204
15096556,[Paw]Shiro,10270.8,10180.70,1985,29790214
14965680,Unbipentium,10873.1,10180.66,620,29790203
25953434,bl3sk,10587.6,10180.46,-27,29790208
9697501,RestName,11171.2,10178.53,-692,29790199
33042188,yue626,11023.2,10178.07,-355,29790202
33790331,gorebyss1206,10981.1,10176.08,-650,29790202
36455083,Aurilius,11079.1,10175.74,-215,29790201
24185492,Juicicle,10695.7,10175.63,790,29790206
38272039,Madrigal-tu,10929.1,10174.21,-404,29790203
17251567,Kanade1204,10809.7,10174.12,608,29790205
30130981,A-DogProGamer,10436.8,10172.99,1221,29790210
26031439,[GB]Cricute,11005.6,10172.93,-137,29790202
40225604,jeohopp,10359.4,10171.28,-629,29790212
7861549,Ragnarok VII,10981.9,10170.67,250,29790202
35529651,oki012,10001.3,10169.76,3249,29790219
37274494,bogdanrtff,10945.6,10169.62,257,29790203
29531154,Pakaponc,10837,10169.41,502,29790204
27998166,abyxyz,11180,10169.39,-811,29790199
11408653,Leka,11119.4,10169.26,-240,29790200
36749756,sSUPERCAMm4,10508.2,10169.19,1946,29790209
28098046,[SCD] Juamongus,11045.2,10168.29,-459,29790201
38496928,promehanasu,11088.8,10167.41,-629,29790201
32253829,[SPNG] Wasdman,11159.6,10166.64,-725,29790200
12968051,BarfCraft,10465.3,10165.69,1533,29790210
9152494,HALIMAWTUMAE,10349.5,10165.50,2518,29790212
34093793,real5532475,10651.4,10164.86,282,29790207
14834790,5000adel,10184,10164.49,2484,29790215
29507591,cgghoi,10938.8,10163.52,-469,29790203
15492988,-12-,10435.2,10163.14,2005,29790211
36163401,xSeraph,10737,10162.63,620,29790205
26623075,HoanChan,10682.6,10162.40,435,29790206
3909293,DemonWaves,10788,10161.69,607,29790205
30468265,KafuuMiaki,11004.3,10161.64,-683,29790202
32970474,[DRW] Darkninja,10628.3,10161.29,1017,29790207
29435141,green86,10846.8,10161.20,936,29790204
9675053,Fallweather,10765.5,10160.62,886,29790205
36630417,sonran,11056.9,10160.00,-1132,29790201
33797936,null_cc,10825.9,10159.87,648,29790204
13707649,kavsrm,11012,10159.42,-308,29790202
33376866,Tlmnnm,10682.3,10158.27,675,29790206
34427162,MyAngelLaPluma,10926.1,10157.09,156,29790203
35459587,Nastrond,11131,10156.86,-374,29790200
28206596,ValdezConAgua,11007.9,10155.78,466,29790202
21207265,oyama mahiro,10353.5,10155.65,1381,29790212
16466227,OKCements,10685.6,10155.21,1201,29790206
30539600,Sleepflu,10969.7,10154.84,-306,29790202
3149395,richp2k,11089.9,10154.46,-579,29790201
25475043,desurf,11113.1,10152.65,-484,29790200
22004997,NayrHong,11009.1,10152.50,-435,29790202
36063324,xxce90,10933.6,10151.09,-571,29790203
26259573,Krompir12,11127.8,10149.92,-367,29790200
6380163,[Crz]Nixo,10213.2,10149.86,2497,29790215
23296481,kinemasterluke3,10474.2,10148.17,864,29790210
26047656,mmmyummy,10852.7,10148.00,545,29790204
32174176,Adri893,10866.4,10147.45,-437,29790203
38638349,EGGonce,10430.8,10147.01,342,29790211
33393941,whisper-flame,10723.2,10146.60,554,29790206
38021104,tamate_bms,10038.9,10146.01,2619,29790218
37802377,InsanoCuy,10759.7,10145.83,839,29790205
16585041,_kokodayo,10240.4,10144.00,1993,29790214
33571188,KN_052XD,11039.5,10143.89,-901,29790201
16209576,Matheus1a,10535.5,10143.42,219,29790209
39732321,chromatize,9893.02,10142.41,1233,29790221
34751131,AgentAlicia,10901.3,10142.33,797,29790203
18457914,Lginzzz,10543.3,10140.18,193,29790209
18282592,dsyFiredragon,10645.1,10140.11,-195,29790207
36484437,fumekko,10687.5,10138.64,58,29790206
28548745,Some1SomeWhere,10684.2,10138.56,809,29790206
34346907,kdmkdkdm,10946.5,10138.33,-213,29790203
22620088,Poply,10983.9,10137.89,-330,29790202
24602754,ChickenMasterz,10993.1,10137.69,73,29790202
37875508,gelidusk,11183.1,10137.50,-1019,29790199
24444640,Ying_ZH,11072.5,10137.11,-551,29790201
37466321,Ballax,11167.4,10135.74,-978,29790199
20964356,S01,10656.5,10135.58,914,29790207
17107369,geodash,10995.7,10135.56,185,29790202
19447681,snowyy_aaa,10598.1,10135.20,475,29790208
24959779,__bastian_,10822.5,10133.73,543,29790204
31187450,ARankRen,10828.9,10133.71,-835,29790204
27692500,takehsi2021,10619.7,10132.81,967,29790207
16487992,ssiizz_,10871.3,10132.36,135,29790203
16156167,DarkoKONG,11048.5,10132.08,-544,29790201
23278566,theonlyperson,10555.1,10132.05,1086,29790208
35057278,asyozu,9828.29,10130.77,2520,29790222
36818519,Serpentical,10732.2,10129.68,-978,29790206
24949818,FunniAura,10679,10129.59,1072,29790206
16176978,Kada-,10898.5,10129.30,-20,29790203
32640473,Z37,11076.6,10128.69,-943,29790201
10964231,kunilover2010,10462.1,10128.40,-444,29790210
28999283,noobpp,10588.7,10128.19,277,29790208
30800470,fayzbl,11071.6,10127.92,-568,29790201
37072950,goyda_zzz,11051.1,10127.67,-893,29790201
7199159,ByeForNow,10240,10127.05,2119,29790214
20849531,kinuh,10704.3,10125.41,773,29790206
11203242,-QYOURTX-,10645.8,10125.40,819,29790207
36500777,777777777776,10618.4,10125.07,294,29790207
22378499,crystal_matrix,10899.6,10124.72,275,29790203
38482129,sparg0fan,10876.7,10123.42,562,29790203
15005224,YeBeaseT21,10671.6,10122.94,126,29790206
16718750,samidd,10932.3,10122.13,182,29790203
32151196,[LS]Astal,10644,10121.63,776,29790207
3752338,MuangMuangE,10140.9,10121.32,2559,29790216
35297759,FNF_1042,10829.2,10121.31,-15,29790204
24531612,LordRibby,10917.9,10116.90,-89,29790203
7415829,Fanahira,10979.8,10116.63,-155,29790202
32199038,seikikin,11140.1,10116.35,-662,29790200
17210726,4eptos,10828.3,10116.20,355,29790204
38735504,Honeyywisa,10783.1,10114.71,-400,29790205
23002407,RafitaX,10974.4,10114.47,-421,29790202
38127330,Creeper_6584,10656.7,10114.38,-250,29790207
22492722,paperpull,10888.9,10113.68,-248,29790203
25397051,liangxi666,10416.1,10113.27,1302,29790211
35899644,DaBiGu,10866,10112.41,-196,29790203
2115664,Rikuka,10469,10110.63,1961,29790210
18658630,Prinow6,10540.3,10110.32,1147,29790209
22609246,SkullSplitter,11115.5,10110.18,-321,29790200
34661393,ProZoire,10863,10109.82,127,29790204
28720643,yzuio,11004.2,10109.60,-938,29790202
32019625,kqqqqq,10712,10109.05,518,29790206
20789238,lianglin,10009.8,10108.67,-163,29790219
20269037,ChillAndStill,10814.5,10108.38,-281,29790204
8936568,[-ACG-Gamer-],10563.9,10107.22,955,29790208
26162579,dark liquid,10586.9,10107.10,1156,29790208
5179764,Aikiyo Fuuka,11010.1,10106.93,-386,29790202
28579925,adudakwa,10738.4,10106.78,292,29790205
14026632,BrainV,10778.8,10106.52,639,29790205
18079929,PIPP9,10666.6,10105.43,914,29790207
13203971,_Rami,10999.7,10104.94,27,29790202
36843579,SteelantCNF,10528.6,10104.82,-642,29790209
12210986,ExtaZzZ_ONE,11051.7,10103.74,-493,29790201
11828733,Ratygon,10875.9,10103.63,-135,29790203
38853522,G Freak,11079.6,10103.52,-401,29790201
15835499,[GS]Astra,10494.9,10102.48,1328,29790210
30415409,Snow j,10504.3,10101.72,921,29790209
33992136,Haarua,10636.4,10101.15,371,29790207
11109596,Be_Quiet,10080.9,10100.34,2835,29790218
37823777,neocio,9930.37,10100.07,3004,29790221
21819427,[BBC] -Zanix-,11126.3,10099.91,-916,29790200
33434764,aoyebututou,10981.3,10099.69,-1220,29790202
37925401,ggui,10696.1,10099.48,753,29790206
31460938,-ImNova-,11015.3,10098.96,-18,29790202
29395326,Serastisas,10915.8,10098.86,-25,29790203
29395656,RhythmHomura,11124,10098.77,-841,29790200
16354337,Xbox,10809.6,10098.77,225,29790205
35409815,mowu233,10546.6,10098.12,-942,29790209
12116540,BanaaniMies32,11072.9,10098.09,-852,29790201
15122648,bashua,10904.2,10098.02,-473,29790203
25334379,ishimeal,10840.9,10096.78,3,29790204
17735386,Skyfalls96,10908.7,10096.27,117,29790203
25617005,Gndsklgb,10536.4,10093.35,1555,29790209
34927632,porquispinho,10888,10091.93,-14,29790203
19241760,redvoid,10876.9,10091.04,-1,29790203
34787802,4KISBANNED,10620.7,10090.60,661,29790207
24778645,FayYu,10901.1,10090.23,87,29790203
17444907,ChrisIsSIck,10920.4,10088.85,-130,29790203
16378810,sc1rx,10682.9,10088.45,82,29790206
27375817,Unmenschlich,11132,10087.40,-738,29790200
13582598,[_UwU],10992.9,10084.88,-311,29790202
20656485,antony88fayah,10591.3,10084.76,797,29790208
18265431,[Mom] -So1-,10414,10084.69,940,29790211
1693064,FNFLNT,10399,10084.12,2299,29790211
21101600,Terraprox,10864.9,10083.81,-265,29790204
29339191,Peace_3byam,10755.4,10083.73,-37,29790205
16724650,Master193,10815,10083.67,576,29790204
23174598,XNicolasPa203,10643.3,10082.38,698,29790207
3386886,Saunaklonkku,10532.7,10082.20,1256,29790209
15693763,Choker_,10085.6,10079.98,2584,29790217
29522646,Hodaka,10764.1,10077.03,457,29790205
19215920,alex no doge,11027.7,10076.70,-371,29790202
7418493,Kibitz,10707.1,10076.56,766,29790206
24540421,Hegetsu,11016.7,10076.36,-538,29790202
16901625,ChyaMomile,11014.5,10076.12,-649,29790202
28638015,Cozieuwu,10861.3,10075.66,-242,29790204
29250608,MTJD_98,11066.9,10075.06,-726,29790201
15133385,AshleyLi,10774.9,10074.83,-501,29790205
31711309,DefeatXXIII,10750.3,10073.23,189,29790205
24026245,Konakisama,11047.5,10073.06,-672,29790201
32113942,MyAngel Kasumi,10921.4,10072.22,-317,29790203
39079729,hikikomoribum,10665.5,10069.67,689,29790207
3984370,Aruel,10367.9,10069.37,1604,29790212
36427860,Alex_pro901,10947.9,10067.95,-659,29790203
26804057,Reeev,10519.4,10067.52,1076,29790209
28033388,Englishbook,10845.5,10066.43,183,29790204
39324843,defonotgood,10305.7,10065.72,681,29790213
17199065,bobgun,10688.9,10065.25,609,29790206
31954458,Yw6z,10395,10064.73,711,29790211
16031733,Kaiol,10924.8,10064.65,5,29790203
39485879,Babansi,9604.55,10064.45,1524,29790226
26300204,beausu,11133.7,10064.05,-1221,29790200
32575982,akryllix,11023.8,10063.80,-406,29790202
28748611,-applepie,11106,10061.84,-682,29790200
25468350,RusselX,10195.8,10061.55,1519,29790215
35661199,hddangg,11109.6,10061.22,-1101,29790200
8611177,Archaic84,10570.4,10060.85,714,29790208
15823934,blue basin,10704.4,10060.30,604,29790206
33938203,lunashia,10310.3,10059.65,2258,29790213
34188894,GKlast,10550.2,10058.07,265,29790208
36478649,Hnter,10925.9,10057.66,-294,29790203
20992774,Endterminal,10102.3,10057.49,244,29790217
25112602,macacko,10683.9,10057.04,853,29790206
27515070,TakinaFangirl,10593,10056.69,615,29790208
11232935,yurifever,10272.8,10056.66,1702,29790214
31127143,ClownCirisame,11025.4,10056.46,-386,29790202
35101260,Tyarnl_679,10307.4,10055.90,648,29790213
27024838,ohToast,11008.8,10054.99,-647,29790202
1600432,Zyph,10272.9,10054.94,2197,29790214
15865803,Finty_cute,10187.7,10053.50,2207,29790215
35462569,110147,10901,10052.53,426,29790203
24154115,Azusawa Kohane,10720.5,10052.44,-350,29790206
10540515,RetroEX,10710.5,10052.34,919,29790206
23849486,Unclast,10942.9,10051.23,-954,29790203
14029447,PureSparkles,10846.2,10049.89,-466,29790204
24301824,krap_sus,10976.2,10049.76,-346,29790202
32295061,SakurabaEma_CN,10698.6,10049.69,88,29790206
10471175,EatDagger,10586.2,10049.47,768,29790208
26572877,djkarasu,10613.5,10048.92,1085,29790207
36829721,Faustistic,10863.5,10048.45,-1044,29790204
13626030,[LS]Faye,10962.5,10048.43,-351,29790202
38594718,DOMNARAK,9921.16,10047.95,1641,29790221
29801994,_LiKeR_Monster_,10298.5,10047.42,789,29790213
27781415,CannapyDev,10695,10047.10,723,29790206
33524667,PavCick,10042.4,10044.69,1290,29790218
32539288,chiatsu,10841.6,10044.20,-266,29790204
15073838,NotepaOwO,10875.2,10044.09,75,29790203
17154676,MAPLESAIKOU,10664.1,10043.20,487,29790207
18713081,NescarFanboy,10982.4,10043.12,-540,29790202
34566778,Tuff_008,10847,10042.91,-234,29790204
9467075,J00NA,10590.8,10042.79,918,29790208
35851725,ToiletWater____,10986.2,10042.47,-963,29790202
12664836,Glock11,10946.7,10040.69,-411,29790203
32495919,ilvcndy010,10690.5,10038.77,259,29790206
34433276,K1rin,10691,10038.53,1455,29790206
5594381,riunosk,10217.2,10037.95,1548,29790215
37618175,Roomba1010,10040.1,10037.35,3236,29790218
4784027,Chan-,10152.3,10035.93,1876,29790216
32444549,weluvlama,10427.5,10035.59,945,29790211
16140771,Okayo,10567.6,10035.13,824,29790208
14642637,Zoraaster,10564.2,10034.98,46,29790208
16729917,guaca_,10857.8,10034.75,-1025,29790204
16097278,_waving,10830.5,10033.65,-94,29790204
28768351,hitunas,10567,10033.37,734,29790208
32350096,Flying5432426,10907,10032.15,-358,29790203
21684557,ThatOneNerd1,10591.5,10032.07,-916,29790208
36046767,oubaitori,10911.1,10031.93,-579,29790203
288233,SeonRae,9946.82,10031.76,3118,29790220
33364338,0rohi,10957,10031.63,-769,29790202
30988348,WindaPolska,11012.5,10031.22,-784,29790202
35732965,Mr_Bestty,10786.9,10029.05,208,29790205
39601086,realman,10707.8,10028.81,749,29790206
35319533,chocoleitou,10525.7,10028.81,176,29790209
28548350,ringbot,10886.9,10028.49,-325,29790203
33816297,koomiii,10798.2,10028.01,-295,29790205
26384456,kacperek90,10671.1,10026.85,635,29790206
18510832,ksnhsk,10606.3,10026.69,454,29790208
29644202,wazetaka,10743.4,10025.72,585,29790205
25766718,ERA Vitamin C,10642.3,10024.93,467,29790207
32840897,Fanshing,10855.6,10024.26,-68,29790204
23954087,Xenternne,10508.6,10023.97,1331,29790209
34080060,80icu,10690.6,10023.65,712,29790206
24919932,ChonuudaiX,10530.6,10022.07,434,29790209
16240550,DanaKooly,10770,10021.66,-232,29790205
38127169,treesa123,10554.5,10021.66,-68,29790208
11829065,W1P3,10368,10021.54,941,29790212
35553555,Will17,10827.7,10021.52,-65,29790204
10493479,Changpanda7045,10216.7,10021.52,2361,29790215
36154821,isaac21707,10707.5,10020.91,-96,29790206
26042493,scoly1325,10620.5,10020.66,-235,29790207
38178897,[Chke] Ryo,10761.8,10020.39,-459,29790205
27915670,[Glitch],10657,10020.18,28,29790207
36022348,sinope,10670.3,10019.95,695,29790207
7859738,Crustbell,10329,10019.49,2053,29790213
36094146,Shiro [mania],10512,10019.34,1228,29790209
33632762,Sqeyz,10852,10019.27,-110,29790204
18029941,GMrabbit,10689.7,10018.86,-139,29790206
36127768,awfulatthegame,10811.7,10017.81,-201,29790204
31407654,PFC_Chick,10911.4,10017.53,-131,29790203
31213651,EnteRyanTi,10272,10017.43,2620,29790214
18567371,Viccni,10745.6,10017.03,35,29790205
28060288,-Cow,10680.2,10016.85,854,29790206
17768545,[SPNG]Sib3riaN,10490.5,10016.54,641,29790210
9716402,-Nakkoya,10724.2,10015.86,884,29790206
33107646,roof_t,10143.3,10014.87,-718,29790216
10009469,LONGNOTE GOSU,10457,10014.38,1978,29790210
36743231,LunaStarryyy,9628.39,10013.33,-642,29790226
13439644,Fastest Crash,10834.7,10011.87,98,29790204
31992744,luna saki,10619.9,10011.16,-470,29790207
25048280,Little_Gar,10003.6,10010.97,1723,29790219
17256769,Oscill,10341.4,10010.33,854,29790212
15474790,Tetodanx,10950.1,10009.48,-538,29790203
19366738,dd46,10856.3,10009.08,230,29790204
22633282,kevzy,10791.6,10008.93,19,29790205
32807457,MayuRaku,10762.4,10008.07,-160,29790205
32596839,Noccas,10753.3,10007.88,-370,29790205
16100854,BSW0810,10636.7,10007.22,211,29790207
26321066,lan_qiu,10563.7,10007.03,550,29790208
26196553,Mercilessly,10497,10005.68,1264,29790209
37981935,yuriyuri,8860.32,10004.84,-295,29790243
39306468,kfnlxohx01,10819.2,10003.61,65,29790204
10198298,void null,10847.3,10003.25,-680,29790204
38271735,sen1026,10345.2,10002.47,-408,29790212
36755420,fuku_2019,10725.6,10002.12,168,29790206
26472891,Kaborino,9412.44,10001.36,404,29790230
36411499,yellowbanana199,10700.2,10000.70,1136,29790206
30232155,Akurazi,10542.2,9999.93,816,29790209
38522078,Calsync,10798.4,9999.82,-594,29790205
26923431,Atomically,10093,9999.38,-330,29790217
15843805,[TD]IntelFanBoy,10721,9999.33,486,29790206
36186272,rUst_,10837.9,9998.85,-327,29790204
33998671,Varelt,10283.1,9998.72,1455,29790214
19721532,Cirqxx,10665.3,9998.53,268,29790207
32642140,axelicit,10680.5,9998.18,119,29790206
32663523,mape021,10836.6,9998.04,-224,29790204
37722191,wwwwwwwwwww11,10958,9997.94,-591,29790202
7915564,Hanzogak,10505.2,9997.49,717,29790209
11109947,dlqrn9402,9968.01,9996.35,2101,29790220
39067981,Tatar555,10005.5,9995.86,66,29790219
13133142,jxy768,10728.8,9995.55,-368,29790206
25013275,Earendel,10925.2,9995.46,-369,29790203
18092055,Inkcovenze,10659.5,9995.19,457,29790207
13043194,[WtO1]kaeleb,10315.9,9992.87,1469,29790213
10650277,llby,10593.4,9992.63,514,29790208
31497468,[GB]ruler,10801.5,9991.62,-241,29790205
18597561,atnoTheGreat,10526.5,9991.20,626,29790209
11712361,Leorant,10473.3,9990.91,1038,29790210
16427952,zeroiidx,10361.3,9987.97,1962,29790212
12891443,HMillion,9653.07,9987.02,2453,29790225
17686815,Jay546189,10508.8,9986.75,615,29790209
8374208,obscene egg,10309,9986.74,1519,29790213
15129298,bbryCake,11083.7,9985.88,-1043,29790201
20969815,reina_vv,10780.2,9985.14,-902,29790205
19833820,thevirtual,10801.8,9983.45,294,29790205
35677118,GLyasin0V0,10762.8,9982.57,-320,29790205
34876571,Neonernew,10898.1,9982.37,-531,29790203
9333957,[Skippy],10436.1,9981.85,1226,29790210
22110215,Ludving08,10900,9980.56,-332,29790203
35013534,Bi0hazard,10669.7,9980.44,326,29790207
33286702,shoppingKART,10396.5,9980.43,1392,29790211
16360055,TomisNotGood,10016.2,9980.34,1617,29790219
19838168,Thia,10353.1,9980.12,1520,29790212
8619985,[MY]Smokey,9998.97,9979.09,2660,29790220
12538124,ShiyuQAQ,10826.1,9978.07,-715,29790204
28150821,smajily,10613,9976.61,470,29790207
28867372,JERRY909079,10505,9976.18,-325,29790209
16892854,wutl,10641.5,9975.99,247,29790207
38742731,Caixyan,10635.9,9974.06,29,29790207
34678452,chrisIX10,10256.1,9973.65,618,29790214
8521467,StickMania,10279.8,9973.48,1827,29790214
14865000,nyaaapurrrrr,10797.7,9972.44,-887,29790205
21015090,[Mom] Edmund,10686.3,9972.14,-79,29790206
19138893,Wuyen,10417.7,9972.10,506,29790211
8024582,_Alice,10833.2,9971.48,-360,29790204
34068637,yamsMMA,10105.7,9970.42,245,29790217
2217753,watun,10374.1,9969.88,1537,29790212
31726569,Han_Y,10470,9969.55,949,29790210
26311862,-Nightkore,10470.1,9969.37,564,29790210
29630290,day1357,10651.5,9968.95,102,29790207
19072244,AnlushiX,10631,9966.91,420,29790207
13833195,AnActualFox,10331.6,9966.68,1810,29790213
17838009,WaddleDee,10587.4,9966.36,630,29790208
30557882,OSUHuyhi,10205.3,9966.34,1895,29790215
16227483,Ayaayya,10348.5,9966.06,1147,29790212
30725955,KKKSSSGGG,11000.7,9965.74,-956,29790202
12780575,kadoen,10105.1,9965.22,2632,29790217
31772644,[-LuoTianyi-],10871.2,9964.71,-525,29790203
38502362,setsuka_shoboku,10659.2,9964.67,167,29790207
35668117,I LOVE SV,10331.7,9964.02,-284,29790213
32537513,buhawi,10596.2,9963.80,861,29790208
18666852,Seiron,10408,9963.69,1210,29790211
25676572,Meguhine,10898.2,9963.11,-658,29790203
34100743,davynm10,10980.3,9963.01,-784,29790202
38024501,yukimurananako,10858.6,9962.49,-177,29790204
38519431,puxerian,10760.3,9960.95,-196,29790205
34821303,Sleetflake,10841.2,9960.48,-508,29790204
39587885,Nagisa_Furukawa,10217.6,9960.46,994,29790215
403952,Albatrosick,9947.75,9960.11,2740,29790220
24657659,Reapix,10749.8,9958.44,-224,29790205
38056835,wondr5,10580.5,9958.15,-399,29790208
37565973,waterz,10761.1,9957.19,-789,29790205
35297480,bigcheeseenergy,10422.2,9957.17,-492,29790211
37696675,Faruzann,10804.4,9957.15,-117,29790205
17066907,vlady,10919.2,9957.05,-451,29790203
35087799,TakanasiHoshino,10258.2,9955.40,885,29790214
31743253,LockedInJoseph,10806.4,9954.32,-267,29790205
20783020,mitomo666,10354.8,9954.06,1465,29790212
28838412,G10hst,10537.1,9954.05,861,29790209
32968148,stoneplayroblos,10961.1,9953.71,-813,29790202
25046644,permakenLOL,10862,9953.70,-798,29790204
17663713,knoliced,10885.3,9953.57,-605,29790203
38158007,Em1lyy,10764.4,9953.32,-34,29790205
18452767,luckiesdd,10711.9,9952.43,-465,29790206
24031137,Wuf time,10726.6,9950.77,-23,29790206
34218041,Vkqzhs_0,10673.9,9950.04,-430,29790206
39171944,osumaniaplaya,10644.4,9949.62,296,29790207
26328915,Catify1,10499.7,9949.59,818,29790209
6045757,LuxAzure,10459,9949.45,1143,29790210
34267493,GoldenFunny,10903.7,9948.98,-991,29790203
15992822,Qima,10334.2,9948.47,1228,29790213
4721136,End_Song,10286.4,9948.43,2084,29790213
38892874,_chafuyu,10359.2,9947.38,274,29790212
36131122,LaLahu,10358.8,9946.56,1181,29790212
17540082,Patchy_K,8793.72,9945.78,-485,29790245
38423006,LayZStd,10611,9945.76,-209,29790208
2766029,Nelvin_27,10034.7,9945.36,1985,29790218
28884926,no-am,10595.1,9945.07,687,29790208
13353741,Fraz3r-,10718.1,9944.60,-48,29790206
19156601,Hanni-,10518.2,9944.27,423,29790209
15428378,TheTrixdo_YT,10800.7,9944.07,-200,29790205
3586776,Xonica,10242.9,9943.89,2021,29790214
24952348,Shiranui59,10234.7,9943.36,2338,29790214
38033628,qeminttick,10830.7,9943.35,-611,29790204
3799946,xSnaggles,10298.2,9943.09,1478,29790213
19052505,VegPlayz,10825.2,9942.12,-324,29790204
35426660,AnotherAlt,10328.5,9941.45,135,29790213
10122750,Fake344,10550.1,9939.97,917,29790208
15180974,BestBurger,10654.4,9938.69,364,29790207
31512131,Sakkery,10651.1,9938.40,55,29790207
35004416,OverQ,10865.6,9938.19,-222,29790204
9093634,Eskalade,9817.5,9937.13,3262,29790222
11029125,LoveMySelf,10127.7,9936.69,2037,29790217
36834048,Tecr,10449,9935.97,-169,29790210
14445554,Bombast,10642.8,9935.89,633,29790207
18122929,DuogQuangTrung,10492.5,9935.75,993,29790210
14831466,NukePlay,10883.8,9935.69,-908,29790203
22829457,Faded_Memoryy,10812.6,9935.48,-349,29790204
17370631,tooler_wang,10880.3,9934.79,-578,29790203
17403048,Lzichen,10171,9934.62,2425,29790216
21596483,kekus,10839.3,9934.10,-693,29790204
38546755,Nate0920,10909.5,9932.10,-561,29790203
17736974,GamerGirlDog,10813,9932.06,-411,29790204
37586987,594sb,10088.5,9931.06,-655,29790217
31541784,XII-,10607.9,9929.56,433,29790208
14584195,b_albedo,10665.7,9928.43,-552,29790207
33063643,LSH,10653.4,9927.87,356,29790207
21792758,DavidDaPotato,10482.5,9927.39,811,29790210
27658766,TheShoreKeeper,10776.5,9927.16,-447,29790205
9153836,DAKNE,10817.6,9927.07,-313,29790204
30301523,khodepzai,10618.6,9926.93,-537,29790207
22358638,Josh Lin,10870.2,9925.02,-703,29790203
33364106,dat222,9699.61,9924.75,223,29790224
27995062,Lonely0102,10807.4,9924.74,-88,29790205
28315650,frispk,10373,9923.91,469,29790212
27043475,jumpfarmer11,10828,9923.74,-1053,29790204
8539924,RubiksImplosion,10160.8,9923.69,1912,29790216
7787006,Triple3D,10610.6,9923.33,317,29790208
14304065,chitanda-L,10354.7,9922.90,1119,29790212
16439339,flezz,10418.4,9922.66,677,29790211
2034976,wtfamidoing,10391.1,9922.65,1656,29790211
9087181,windrush123,10007.9,9922.38,1166,29790219
25976278,1ki,10726,9922.27,1,29790206
10326318,Temoote,10541.5,9921.56,216,29790209
22104077,Kaluci,10599.9,9921.37,569,29790208
22407131,jino,10236.1,9920.95,1417,29790214
16706270,sergeymal1,10677.6,9920.92,321,29790206
20003392,[REG]ApioRojizo,10692.8,9920.85,390,29790206
35769284,AutumnRain,10407.7,9920.68,828,29790211
3104108,Hayabusa,10142.6,9920.15,1671,29790216
7616811,Toaph Daddy,10286.1,9919.77,1523,29790213
16855288,xs808xs,10626.1,9919.43,236,29790207
25850250,dogman1323,10626.8,9918.60,432,29790207
27142289,neon_paradox,10521.6,9918.06,-1088,29790209
22410175,zcfbbbbb,10902.2,9917.30,-1067,29790203
23315931,Best Sanallite,10418.5,9917.22,926,29790211
29568839,AetherFluff,10963.9,9917.20,-762,29790202
38493016,Buster777,10216.5,9917.07,1535,29790215
10543623,luker bean,10971,9916.96,-703,29790202
5238367,-[ Peachy ]-,10614.4,9914.16,88,29790207
36192588,[O9x],10372.1,9913.35,1108,29790212
30217935,CookTiim,10787.7,9912.95,-776,29790205
4833676,Playboi Carti,10874.8,9912.42,-653,29790203
25961938,Nezuu,10143.6,9910.44,-906,29790216
17323030,NOOB Army,10320.7,9910.42,621,29790213
26124094,Sl1ppy,10697.6,9910.00,242,29790206
28703739,hzy258syc,10270.4,9909.39,1947,29790214
9658070,Hysilens-,10735.2,9909.11,-194,29790205
29026962,Little Whale,10592.2,9909.05,109,29790208
35029940,Hiy00000,10285.2,9908.85,2117,29790213
39011069,Eira222,10546.9,9908.41,-295,29790209
37716109,AikiyoFuuka,10104.9,9906.93,2570,29790217
31890086,zxyyyyyyyy,10701.6,9906.59,78,29790206
24689792,fps_isbad,10446.8,9904.66,1181,29790210
25441769,HolaSoyAriel,10727,9903.91,-737,29790206
16262342,Mrkkm,10365.7,9902.65,707,29790212
29862133,ltsdwbd,10714.2,9900.93,-297,29790206
17312050,mikatek,10754.9,9900.62,145,29790205
39696623,YanRon,10097.4,9900.39,37,29790217
35748687,StonyAnchar,10624.5,9900.31,408,29790207
24421954,Venomsypher,10589.7,9900.19,21,29790208
38931189,azna,10162.2,9898.61,-610,29790216
33695987,LYY114514,10590.7,9898.06,-659,29790208
38024694,shshsh110429,10784.7,9897.14,-499,29790205
34390878,mlgman156,10409.8,9896.59,387,29790211
33916176,WBS,10811.8,9896.52,-287,29790204
35093976,usr,10879.4,9896.06,-964,29790203
37977691,holoplayer,10240.1,9895.80,-193,29790214
34680492,weffy,10668.4,9893.33,-639,29790207
32720761,Tisch,10719.9,9892.30,-510,29790206
36995505,MyAngelNanami,10061.9,9892.24,822,29790218
30749768,_cdy_,10752.6,9891.79,-628,29790205
28141464,mpo,10432.2,9890.62,1172,29790211
26961811,firmxn996,10957.4,9890.03,-822,29790202
18279066,PopcornDog,9660.52,9889.28,3756,29790225
34030341,UNImania,10770.9,9888.88,-632,29790205
24427023,beatsaberisgood,10521.7,9888.37,440,29790209
32529741,Ice2327,10400,9888.03,-63,29790211
33126422,Mehone_321,10511.4,9886.86,77,29790209
25472627,chuncaigou,10541.4,9886.42,22,29790209
13314512,Marvefect,10739.2,9886.02,-192,29790205
16233573,mizipa,10756.3,9885.18,-358,29790205
29582884,iSleamsHy,10692.2,9884.63,-280,29790206
15889545,chenziao,10682.7,9884.40,-94,29790206
34339375,chare09,10585.3,9884.04,66,29790208
8485394,[Crz]Cribob,10178.1,9883.89,1866,29790216
22168297,Cherfu,10299.7,9883.88,68,29790213
30628074,JolibiChikn,10453.8,9883.61,334,29790210
38396135,riveremperor17,10600.6,9883.14,1250,29790208
18298478,Nico69_,10706.8,9882.98,-710,29790206
29607427,astatine9990,10763.1,9882.71,-540,29790205
25469524,Starsoul_,10727.2,9881.48,-313,29790206
2859443,[Crz]Nico,9821.83,9881.47,2993,29790222
24260217,heartland,10165.1,9881.07,164,29790216
28707147,EtternaOnline,10127,9880.00,1054,29790217
31241321,pablo-fortnite,10227.1,9879.50,840,29790214
10648818,Mazzuli500,10070.5,9878.04,2271,29790218
8113836,LTD,9967.57,9877.67,2609,29790220
25221460,Dingzi_75,10621.1,9877.28,-290,29790207
24517573,Trxil,10392.8,9877.11,479,29790211
19107638,DiamondGenius75,10372.2,9876.99,1067,29790212
26883610,weimou,9212.17,9876.84,1113,29790234
36767048,seaa2yuu,10598.6,9876.67,-651,29790208
28003992,i like deez,10579.9,9876.42,323,29790208
24317656,DreamVFX,10750.2,9875.83,-432,29790205
19649036,Minimoloo,10427.6,9875.70,906,29790211
37899344,Faonchin,10464.8,9874.43,308,29790210
10053900,[ mina ],9920.38,9873.98,2652,29790221
17050171,yamaiy,10742.1,9873.94,-801,29790205
28506801,RicedCatto,10410.3,9873.38,914,29790211
13744956,mopsz,10684.6,9872.60,-56,29790206
16239965,wjdgns2225,10202.6,9872.28,2083,29790215
36878804,MK12,10727.8,9871.59,-240,29790206
24451447,Choosticis,10293.1,9871.23,-1053,29790213
13133867,BGGBG,10670.6,9871.03,-448,29790207
7447943,Felix27,10563,9869.86,421,29790208
20603466,joshyissosilly,10683.8,9869.07,352,29790206
27296956,Ahmet_Selman,10380.6,9869.05,797,29790212
37167775,Quazez,10422,9867.95,99,29790211
30676180,Hayau,10424.3,9867.90,915,29790211
34357106,Tengia,10892.5,9867.71,-1066,29790203
38042766,Cryin9527,10339.5,9867.48,-199,29790212
38153867,walkemdown1,10554,9867.37,677,29790208
29825575,STEAK619,9756.48,9867.17,3269,29790223
36335595,tsingchen,10706.9,9866.64,-35,29790206
26154270,beebp,10777.2,9865.84,349,29790205
30009155,FilipzJoestar,10529,9865.80,-7,29790209
25078043,IllieakksLEIN,10808.5,9865.00,-668,29790205
37223978,AceLeo27,10386.9,9864.35,-27,29790211
38235207,[PVP] sticknoob,10683.3,9864.31,444,29790206
37618247,123456QWQ,10416.8,9864.08,384,29790211
36777915,084Dante,10530,9863.19,387,29790209
33472243,ramcesosu,10771.7,9862.15,-176,29790205
25071415,DrCoconut17,10907.6,9861.63,-1046,29790203
902284,Z3RO,10426.6,9861.09,259,29790211
10333427,FL_GunMaru,10103.5,9860.68,1671,29790217
31302247,Rance_,10483.3,9860.67,37,29790210
35974374,Quencysta,10148.2,9860.10,1150,29790216
8902733,yuki hira,10034.6,9860.10,1147,29790218
39042833,_Pow_,10640.8,9860.00,-492,29790207
2660480,Fate_Yakumo,9946.9,9859.79,2940,29790220
30167951,-hazel-,10665.4,9859.46,-371,29790207
39452949,ignsniper1,10481.3,9858.74,40,29790210
15969393,Tobiichi,10135.6,9858.23,2212,29790216
36875186,nonoonna,10545,9858.12,551,29790209
15839958,xtopes101,10288,9857.84,141,29790213
10126327,Macan0133,10640.2,9857.77,172,29790207
29103147,Grinsika,10701,9857.20,282,29790206
8597400,Chozes,10557.1,9857.17,198,29790208
28287800,-Oblivionis-,10553.5,9856.74,405,29790208
13921248,1narc6,10719.4,9856.16,-359,29790206
34097766,bananaepicyay,10797.3,9856.04,-136,29790205
20049911,Matseosu,10573.5,9855.88,248,29790208
22921542,Buvuw,10130.5,9855.73,1486,29790217
38266399,mintkelp,10681.3,9854.91,-448,29790206
37326419,Mosb,10740.2,9854.55,-455,29790205
34876828,shinsh628,10448.7,9854.22,-387,29790210
32469913,darkassassin630,10679.9,9854.21,-363,29790206
3499166,Tomoya Kun,10644.3,9853.34,-105,29790207
15230797,IceLing,10735.3,9852.33,-676,29790205
36057076,ryan2920,9632.07,9852.29,3576,29790226
15159711,fuseisan,10125,9852.18,2174,29790217
32518886,satori_5,10229.2,9850.01,-409,29790214
32071995,Asphyxia_,10657.1,9849.81,-641,29790207
33628928,qv_8x,10516.4,9848.47,-442,29790209
34137994,hayo,10750.4,9848.28,-721,29790205
35032577,Uskiert,9806.24,9847.66,-114,29790222
38144043,Dahlia777,9891.07,9847.13,2859,29790221
20094344,[HD]tapgame,10325.6,9846.65,932,29790213
26540717,B A S,10631.4,9844.75,434,29790207
20622781,[LS]Kasiana,10048.2,9844.20,1109,29790218
24675727,cavin_ghost,10782.2,9844.19,-153,29790205
20208991,oas u,9097.79,9843.97,3041,29790237
38482645,teryiguess,9989.08,9843.39,1615,29790220
29492852,cibuleng,10671.2,9842.22,-154,29790206
25297441,Rodrigo64go,10569.4,9842.19,-357,29790208
37848006,klp2025,10174.3,9842.14,-619,29790216
32304356,Old_Papaya,10824.4,9841.89,-944,29790204
30009752,IwanN8,10646.2,9841.18,510,29790207
9956510,k2Zero,10424.6,9841.15,663,29790211
32506005,Ranond,10624.9,9840.60,-248,29790207
18790026,Tsurumaki_,10568.1,9839.49,240,29790208
31292110,tekuma,10461.6,9839.31,100,29790210
35742594,xiahisa,10463.1,9839.22,-89,29790210
24899926,myiul,10358.2,9838.95,768,29790212
34956078,ppse,10630,9838.46,84,29790207
36453930,grasshamster,10650.8,9838.36,-37,29790207
34210035,clouove,10520.1,9837.46,451,29790209
37573708,Babadzaki San,10131.4,9837.17,1654,29790216
34873906,krystyn,10498,9837.13,470,29790209
13465969,Ra_Pink_,10078.8,9836.74,1764,29790218
28707779,ERDFS,10736.2,9836.67,-327,29790205
30739547,plxm11,10005.7,9834.50,1750,29790219
35562506,huhss,10102.1,9833.95,1018,29790217
35288384,Pedralex,10441.9,9833.36,-390,29790210
11988432,mintears,10507.4,9832.23,409,29790209
15476924,Knightly Fate,10290.1,9831.73,902,29790213
27983122,logsine,9806.94,9830.92,1636,29790222
34672644,ultrasimz,10513,9829.21,456,29790209
23197656,Rayala,10288.8,9828.77,891,29790213
22078643,Shive,10352.5,9828.75,-542,29790212
28711003,JabsX,10235.4,9828.52,1227,29790214
11646247,Auros,10586.6,9828.29,462,29790208
36734022,- Sebiia -,10630.6,9827.93,-563,29790207
13953619,Yuiesta,9876.07,9827.38,2078,29790221
28132176,FishMan991,10648.3,9825.27,-209,29790207
34594944,yaojiu,10206.5,9824.14,91,29790215
24648541,Minitrix874,10566.2,9821.90,313,29790208
17699745,_Kiruru,10175.8,9821.26,1233,29790216
34668664,Ergou Tree,10611.4,9821.23,-64,29790207
25072580,James31006,10373.5,9821.01,672,29790212
11591198,Ebuchiy,10403.8,9820.35,135,29790211
39047322,hallodyan,10188.9,9819.88,1494,29790215
25508274,SeaCity,10784.8,9819.65,-871,29790205
26544909,Th3Gold3N,10724.3,9818.72,-970,29790206
27571928,vital1ty,10702.4,9818.45,-279,29790206
20465487,Dweety,10833.5,9818.14,-479,29790204
20992451,UR_MOMY_old,10634.5,9818.01,5,29790207
26920897,lkvgjsadklg,10282.9,9817.98,715,29790214
17175655,uudon,10357.4,9817.16,504,29790212
9828673,OveralZ,9330.61,9816.06,-522,29790232
25868133,Kagetayori,10701.8,9815.56,-300,29790206
27055297,PingGaiGe,10486,9814.58,147,29790210
15501680,Mi0117,10670.1,9814.37,-355,29790207
27453371,Takashi141,10624.7,9814.29,-542,29790207
15633324,ZeMaB,10587.1,9814.26,-309,29790208
36658406,Twlight_Shelter,10614.2,9813.91,-798,29790207
31233812,ZeroedTwT,10584.4,9813.55,-301,29790208
12602829,Matoi Ryuu Fox,10383.3,9812.77,740,29790211
24811844,Naika20mlg,10256.9,9810.92,605,29790214
10924058,AxReo,10336.8,9810.00,681,29790213
25223656,[GB]Mightymax,10262.7,9809.99,933,29790214
38900693,kouro,10604.2,9809.50,-603,29790208
36128046,ABYS_1,10296.1,9809.22,384,29790213
38553768,D3ATH_TYR4,10090.6,9808.91,-721,29790217
33492972,PexShot,10681.1,9807.37,-450,29790206
23484558,Pyralis4,10784,9806.91,-750,29790205
14236105,TalentedMuch,10666.7,9806.57,-689,29790207
18733696,Flyfin,10621.8,9805.53,-124,29790207
17882492,latencia,10277,9804.57,-570,29790214
22884751,udon42,10742.2,9804.29,-943,29790205
1895984,17VA,9826.89,9804.20,2792,29790222
36438001,Yaxle417,10642.2,9803.23,-462,29790207
29179772,user4059,10763.2,9802.79,-724,29790205
37026933,SODA-S,10397.5,9802.37,-420,29790211
31300098,UMA TTB,10547.4,9802.33,391,29790209
16611934,UnityBoi82,10237.8,9800.81,1030,29790214
30922489,thai10ok,10337.3,9800.15,477,29790213
32876563,Meartoen,10341.2,9799.94,-97,29790212
32697075,nyabye114514,10555.6,9799.83,197,29790208
5791469,mansmite741,9779.73,9799.79,2202,29790223
35411597,Hoshimi Ai,10267.9,9799.77,1903,29790214
17952001,24Marzo,10241.9,9799.52,1163,29790214
20596279,oudoon,10689,9799.36,-369,29790206
33895454,weezer,10384.6,9799.31,-20,29790211
13400452,0th3r C4t,10612,9798.28,-433,29790207
32470209,second22,9312.49,9796.54,1196,29790232
14157594,eTen_,10140.4,9796.49,1932,29790216
40122331,QuaverRanked,10388.8,9795.75,336,29790211
23249551,TWulfZ,10183.9,9795.52,1586,29790215
16878459,Great Mix,10578.7,9795.33,-14,29790208
35445177,hyperrion,10294.3,9795.01,374,29790213
18195827,ifoxi,10366.4,9794.46,655,29790212
3800813,qwe200221,10537,9794.23,66,29790209
36169898,AndyWestlake,9933.94,9793.70,-666,29790220
24271026,motoki222,9498.42,9793.26,3081,29790228
11367523,Mamba_x,10580.1,9790.70,-337,29790208
30509599,ttt-,10439.6,9790.37,-309,29790210
16861477,Loremine,10652.7,9789.92,80,29790207
31899267,liliachazi,10232.8,9789.71,707,29790214
29767688,Yamoomd,10473,9789.08,910,29790210
24228644,idiot duck,10548.9,9789.00,-383,29790208
34872830,NorthStar1596,10501.9,9788.90,-204,29790209
38487019,Aomega0,10747.6,9787.88,-639,29790205
28736948,p3droCoolBoi,10579,9787.87,-1020,29790208
34821489,animay,10776.7,9787.84,-657,29790205
12261872,PlXIL,10123.9,9787.08,1578,29790217
36115565,Leaper,10493.7,9786.74,586,29790210
23768059,casual_gameplay,10678.8,9786.08,-349,29790206
6227332,SA-TA,9686.08,9785.77,3055,29790224
33546772,KELOTOMU,10349,9785.39,815,29790212
13470043,Acestrol,10081.1,9784.58,1404,29790218
28461824,JUREE,10382.9,9784.04,-628,29790212
33557146,funny114,10534,9783.65,-838,29790209
23081628,GeniusgirlCirno,10692,9783.53,-394,29790206
17223392,[07]naur,10264,9782.49,947,29790214
27631354,jakals2,10191.8,9782.36,1127,29790215
26809730,itsSpirt,10458.4,9782.31,57,29790210
27037483,loom2008,10216.8,9781.75,1234,29790215
37296968,stella8,10640.6,9781.23,-556,29790207
29166518,Elitemare,10459.6,9780.67,430,29790210
23317724,dogoid,10788.3,9780.28,-885,29790205
37999843,penguy,10749.6,9780.17,-549,29790205
16721166,MatuB3,10362.6,9780.12,1135,29790212
34941667,Sdadsa_110101,10612.2,9779.42,-308,29790207
28703518,littledeer45,10636.2,9778.98,-408,29790207
32931699,aethernetr,10758.1,9778.79,-981,29790205
18369528,HikariNayo,10461.7,9778.63,300,29790210
33731892,KenziMania,10387.9,9777.87,281,29790211
33359101,Sakanafuyu,10509,9777.31,285,29790209
25071115,SqvqgeN00bZ_idk,10564.1,9777.08,-226,29790208
4151282,Moofy,10621.9,9776.19,-749,29790207
32343490,l0staidan,10347.6,9776.13,650,29790212
30125315,ChengAe,10089.5,9775.86,1759,29790217
37341806,My Angel Atri,10500,9775.62,-102,29790209
13279727,Moekotori,10707.7,9774.86,-881,29790206
4678263,STGL,9624.24,9774.86,3109,29790226
29964592,PanConPollo1,10358.7,9774.83,549,29790212
39128028,pratuy,10552.5,9774.74,-557,29790208
20755213,TheBrofessor22,10168.4,9774.17,1303,29790216
32806975,RealityDisorder,10823.8,9773.91,-660,29790204
14232615,Joecos,10738.3,9773.75,-444,29790205
22200652,M1sono Mika,10757.6,9772.62,-656,29790205
28114667,Sammwy_,10529.4,9772.56,-169,29790209
37716843,msherk,10027,9772.41,-298,29790219
32599115,YuRi040406,10275.7,9770.78,415,29790214
24153717,Rertcn,10547.6,9770.28,-140,29790209
38422716,UtasuhaKatyusha,10225.2,9770.20,719,29790215
22413174,duzyskrzat,10570.8,9770.12,-421,29790208
13942150,CrashSmash,10215.9,9769.59,669,29790215
19576233,sansi201,10221.6,9769.44,1086,29790215
35163179,viewinec,10595.5,9768.97,-667,29790208
23930480,Dark_Templo,9645.73,9768.93,1654,29790225
27139986,Nartexz3,10479.4,9768.39,477,29790210
39025318,Guyzacool,10680,9768.33,-331,29790206
29009437,RedCell70,10123.2,9768.31,643,29790217
30534539,Fl4ndre_,10588.3,9766.83,-262,29790208
9534113,Rantanen,10344.2,9765.73,518,29790212
4186262,Tales9,9585.54,9765.70,3092,29790227
15458376,Dioxidan,10130.4,9764.52,1064,29790217
32693461,HoR1zOnNx,10273.3,9763.28,732,29790214
39903393,hasumm,10453.9,9762.19,-598,29790210
26448807,Nascent,10237.3,9761.87,651,29790214
36491245,Talerry,10383.6,9761.36,-481,29790211
18443529,tycoonhello672,10069.7,9760.94,1094,29790218
18215737,SweatyGogeta,10232.9,9760.52,1022,29790214
25453112,7ELpL3sS_,10491.1,9758.78,-727,29790210
29563671,fwk12515123,10625.7,9758.70,-218,29790207
25402641,ahhsiih,10372.6,9758.43,-61,29790212
22813898,Shiny Sylveon,10349.7,9758.37,770,29790212
38435614,afuegamers,9895.12,9757.91,189,29790221
36188387,-XnlinE-,10566,9756.07,-330,29790208
38248576,12312321,10639.3,9755.96,-885,29790207
9328824,Kyut,9881.41,9755.90,2307,29790221
31521169,wodnzjk 18,10103,9755.72,1140,29790217
10151289,lonelyweeb03,10342.7,9755.59,542,29790212
36626064,Jaboc3009,10466.6,9755.55,346,29790210
20007851,ThatOneSky-,10335.2,9755.40,516,29790213
29825697,mikuaa,10165,9754.88,703,29790216
26805630,Miketsu122105,10420.2,9753.19,317,29790211
17481763,chuchaB,10518.3,9752.95,38,29790209
32719738,Maple_ink,9991.05,9752.32,2564,29790220
24410888,UTGC,10598.7,9752.06,-221,29790208
37455765,nilight,10287.2,9750.96,-334,29790213
19834226,clxrence,10643.9,9750.79,-650,29790207
33918180,[TCD] Invisible,10607.6,9750.70,-516,29790208
34027750,Eliane,10198.5,9750.55,1216,29790215
10360351,santiago403040,10197.2,9750.48,1003,29790215
12304877,rlatjsdn03,10488.1,9750.45,418,29790210
20277441,WS_DARK,10326.4,9749.11,401,29790213
29757434,McSyunri,10205.7,9748.00,980,29790215
2077833,H01-PX01-I,9825.86,9746.43,1407,29790222
12430477,miserable neet,10405.3,9746.22,281,29790211
33068515,Thiago[GO],10589,9744.35,-417,29790208
23952878,ItsIush,10536.2,9743.21,180,29790209
37009824,_flutter,9906.07,9742.66,2262,29790221
37617922,WerdPerson14,10691.1,9741.82,-660,29790206
25132712,Ph4nt0m1782,10663.3,9741.31,-736,29790207
5496627,Mac,10725.1,9741.30,-818,29790206
31371514,pororo1111,9960.1,9740.91,1711,29790220
16117030,Juniclys,10497.9,9740.46,-191,29790209
29332615,bobek131,10708.4,9739.77,-645,29790206
33076040,LinkToYou2,10680.7,9739.74,-522,29790206
34734032,ehyhh,10124.3,9739.72,1012,29790217
25027073,Kokistarr,10478,9739.00,444,29790210
11686531,Coldlapse,10659.9,9737.91,-740,29790207
34421384,CH3COOLi,10634.8,9736.39,-552,29790207
35020411,Reimu101,10548.6,9736.24,-181,29790209
37923160,RuanRuanRuYi,10687.3,9736.06,-770,29790206
11439911,ReisenII,10163.1,9735.24,289,29790216
38399282,goutouead,10155.7,9734.15,-526,29790216
36854761,hikari3942,9787.81,9734.12,2635,29790223
37576265,1f1e33_,10004.3,9734.00,-772,29790219
36105165,niuma_C,10285.6,9732.32,-386,29790213
30369308,ajis99974,9622.89,9732.18,3076,29790226
37459069,Insomniac7734,10295.5,9731.00,10,29790213
26782711,BASSPROXD,10364.7,9730.52,330,29790212
16208649,unputdownable,10369.8,9728.96,318,29790212
31022119,datvippro17,10511.5,9728.71,-67,29790209
36803874,AssaultLily,10295.4,9727.54,-614,29790213
26909841,Galchi_0516,10276.2,9727.17,1171,29790214
38534976,cyderXM,10572.3,9727.07,-451,29790208
11047650,ATTrance,10310.2,9726.92,376,29790213
26604979,Cryozai,10190.6,9726.85,515,29790215
12239359,k2hk2h,9808.15,9726.08,2889,29790222
25545843,zlovuga,10752.5,9725.68,-669,29790205
17533485,Ottowa,10706.4,9725.38,-779,29790206
35968745,KyabetsuDesu,10342.5,9724.29,-184,29790212
32638940,cjyitz,10323,9724.24,-279,29790213
18565392,miju7005,10328.3,9723.53,675,29790213
24004824,foxin228,10693.1,9723.51,-871,29790206
22199724,AmSoEpic,10362.9,9723.50,-149,29790212
16010604,Scisso,10576.2,9723.14,-201,29790208
16224694,fentdoer,10343.7,9723.02,581,29790212
34097063,1wiswj2b,10373.8,9722.64,-521,29790212
36027290,asda27,10507.5,9721.41,-239,29790209
32373026,MoyaiSupremacy,9976.23,9720.26,2180,29790220
30027194,80Pig08,10292.7,9720.03,242,29790213
6147567,Orangejuice,10347,9719.76,763,29790212
28632878,ellows,9142.68,9719.50,-19,29790236
14609209,9961,10322.1,9718.73,668,29790213
27783289,-sbmr250-,10218.6,9718.42,667,29790215
25197727,TOFUCAKE,9948.52,9718.12,2454,29790220
13998588,choby,10558.2,9717.85,-579,29790208
39026174,new_eramef,10560.5,9717.71,-410,29790208
37161389,Yue Ye,10323.7,9717.15,-340,29790213
34292878,OtecYarika,10367.4,9717.07,-1038,29790212
21784042,ByTomyXD,10420.7,9716.30,267,29790211
10810775,z7z2z0,10397.4,9716.19,805,29790211
30331500,ringo9265,10011.4,9716.07,1668,29790219
13417139,Starlianni,10146,9715.99,1199,29790216
4114236,YouTube,10104,9714.95,1888,29790217
34548579,Adamgubman,10573.4,9714.65,-435,29790208
22121593,clubpero,10606.6,9714.23,99,29790208
30521323,Mishimpo,10486.7,9713.69,-408,29790210
36801871,SkiLLissueddd,10528.7,9713.63,-350,29790209
21400407,Amish 0505,10307.8,9713.20,19,29790213
31673138,not_cgu,10321.4,9713.12,731,29790213
34549270,mr_ooga,10601.8,9712.88,-627,29790208
22372528,ttv_ouiheouihe,10485.3,9711.90,89,29790210
37802376,EnsusXD,10366.7,9711.41,496,29790212
37145692,Shadowyyy,10130.7,9710.30,1125,29790216
31463204,uouo,10392.2,9710.16,801,29790211
37927217,zbvxc,10159.1,9709.80,-619,29790216
20040798,xdsk,10681.2,9709.77,-379,29790206
25987184,Zettail,10554.3,9709.77,-338,29790208
14804526,11Bit,10105.8,9709.51,1539,29790217
18577201,Fx_,10543.6,9708.94,-307,29790209
22411573,kolai69,10523.4,9708.69,339,29790209
38325031,junsang09k,10562.5,9708.33,-562,29790208
10891435,tachyonexpress,10201.3,9707.80,928,29790215
37998391,Tecnooo,10696.4,9707.35,-896,29790206
11998955,yuukituk,10668.5,9707.02,-664,29790207
15140504,Bjds-cso,10407.3,9706.71,-634,29790211
12369609,omom,10434.4,9706.36,99,29790211
32639284,The Beast,10389.7,9705.98,595,29790211
25232581,-ky,10381.9,9705.83,188,29790212
37229728,NoTxTyZ,10673,9705.39,-391,29790206
38516963,Kazuma1204,10406.4,9704.86,260,29790211
20466350,Grosm,10504.5,9703.84,-566,29790209
39028140,MoonMint_,10511.6,9703.58,-407,29790209
25319951,KITKA KURWA,10692.5,9702.01,-509,29790206
5894427,Megafran2,10146.1,9700.53,897,29790216
26050666,hweioah,10304.1,9699.52,797,29790213
11444001,SummerGuyKanz,10613.3,9699.42,-715,29790207
25307537,CEBanjo,10589.4,9699.42,-432,29790208
37009585,ludicinfanboy6,10723.8,9699.20,-777,29790206
20049273,noobfeliz,10148.7,9698.88,1074,29790216
34762246,[ave],10747.7,9698.75,-935,29790205
28427180,YiHaGG,10558.3,9698.72,-436,29790208
8557723,alute55,9988.99,9696.89,1171,29790220
38017078,CatNaudo,10612.3,9696.15,-863,29790207
10124374,Aokumo,10572.5,9695.67,-458,29790208
20102743,LilSanik,10273.1,9695.50,648,29790214
39006888,bustachok,10165.5,9694.29,-159,29790216
6535376,HowToBeIntel,10208.8,9692.78,727,29790215
14741322,SnowVortex,10167.8,9692.73,-182,29790216
39448252,nilrabis,10274.3,9692.49,-502,29790214
22276880,letterE,10392.4,9692.30,-786,29790211
29754306,Hoth_ih,10532.1,9692.06,-99,29790209
8479894,Mars_,10074.9,9691.46,1430,29790218
28943901,OsuOwen,9863.49,9690.72,1055,29790221
37845209,kokue111,10262.9,9690.55,-83,29790214
23359668,sqkie,10395.2,9690.32,144,29790211
36958954,Somneternity,10269.2,9689.66,1135,29790214
20632212,muoses,9815.24,9689.01,-746,29790222
22684652,FishyDubs,10511.3,9688.10,-151,29790209
36448359,selzki,10612.6,9687.59,-606,29790207
21270154,Pogify,10546.1,9687.46,-47,29790209
33562405,Crayzen,10345,9687.15,512,29790212
32651448,Maogouz,10317.2,9686.02,-992,29790213
12052880,Jorlando,10586.1,9685.49,-670,29790208
34545372,TheEnd-001,10379.1,9685.41,-401,29790212
35331553,parkrat,10434.5,9684.72,25,29790211
2727928,Saibel,9968.62,9684.01,1664,29790220
26271847,HOOlil,10717.7,9683.89,-950,29790206
14205761,Imao,10262.6,9683.61,139,29790214
34716955,-Nom-,10486.9,9683.48,53,29790210
14931859,SheNRonZz,10479.9,9683.15,122,29790210
17356696,chungpro123,10451.2,9682.76,-60,29790210
15096303,Hiyanopa,10538.1,9681.71,-370,29790209
26876385,im bad yey,10625.4,9680.59,-499,29790207
37779783,Peewee2k,10561.2,9678.88,-420,29790208
34651227,buhbuhnotgay,10435.1,9677.03,-137,29790211
38826823,onwebs,9122.97,9676.50,-458,29790236
30094615,ScreenLole,10392.5,9676.23,369,29790211
23059190,VlSlalekII,10420.8,9675.80,-95,29790211
7838610,StartrickS,10297.3,9675.80,363,29790213
20953910,ICeltic,10234.8,9675.67,748,29790214
11393808,nanow1,10257.7,9675.48,795,29790214
36817545,Solidarry,10517,9672.07,-463,29790209
34659669,Kazami Yuuka,10275.3,9671.54,237,29790214
31900234,carbontrioxide,10066.4,9670.30,1015,29790218
10402690,_lWI_,10425.4,9670.18,-212,29790211
27449042,JeanGamer123,10420.5,9669.78,-140,29790211
13097231,My Angel Ina,10480.7,9669.64,-272,29790210
29884340,sigiloso,10317.3,9669.31,875,29790213
18951819,onto199,10024.1,9668.89,-742,29790219
26450220,Fabru25,10500.1,9668.79,-638,29790209
32715892,tehboat,10035.8,9667.53,967,29790218
11388187,Mizuka_,10632.5,9666.90,-319,29790207
26840448,luste,10548.3,9666.75,-554,29790209
39230448,jwustin,9805.96,9666.46,-1004,29790222
14649450,jiaqian0517,10036,9664.59,1142,29790218
26250277,maikiOsu,10364.8,9663.39,148,29790212
26793442,- adi -,10565.9,9663.08,-430,29790208
33385698,zhangrui123,10665.6,9662.91,-1141,29790207
28292246,ttmjb,10023.7,9662.88,-265,29790219
35750773,Telumm,9750.38,9661.79,-474,29790223
16410755,qkrdlfrud007,10515.4,9661.21,-844,29790209
16094268,[TCD] EnaCute,10583.5,9660.66,-1216,29790208
37657313,sigmarizzler44,10437.1,9659.90,-200,29790210
274357,FletaNeal,9963.68,9659.24,1723,29790220
35100975,Rxxxi,9575.87,9659.02,2157,29790227
37048986,Xontew,10638.4,9658.81,-694,29790207
33892491,Kumo7652,10206.1,9658.15,786,29790215
36351621,Betadly,10150.8,9658.04,465,29790216
21449123,banana in osu,10364.5,9657.97,-208,29790212
36185768,Inscan,10239.4,9657.95,-231,29790214
27978662,Minibad,10294,9657.88,167,29790213
15012640,Lzq12345,10595.9,9657.82,-445,29790208
28950014,Loscht,10390.9,9657.52,459,29790211
16440824,Kami katana,9532.53,9656.98,3116,29790228
25173468,ShinTaeil,10073.6,9656.63,1170,29790218
35415132,YounDGH,10269.5,9656.23,124,29790214
28130778,alwinavila3,10597.9,9655.95,-613,29790208
31287190,s_n,10619.6,9655.90,-589,29790207
32596132,weilai0121,10172.9,9655.74,-92,29790216
20948178,Jmata,10544,9655.18,-727,29790209
24883412,Diabetices69,10298.4,9655.08,12,29790213
37553483,9SSSSS,9950.35,9654.87,729,29790220
18042811,nanihoang,10429.8,9654.04,13,29790211
22909878,Satsu Fits,10364.6,9653.30,263,29790212
38144087,Little Yitian,10540.9,9652.34,-1013,29790209
16811214,llBeNll,10162.7,9651.87,1085,29790216
11179910,SoundBlster,10341.7,9651.82,167,29790212
33739971,-yuuri-,10559,9651.58,-610,29790208
37182397,ningen4649,10525.2,9651.20,-756,29790209
14444009,kuusuri,10464.5,9651.11,-1009,29790210
28943702,Baoed,10514.4,9650.99,-161,29790209
16846311,raphies,10067.4,9650.36,932,29790218
20155160,fofokii,10213.9,9650.23,595,29790215
12995533,-Vagos-,10327.8,9649.75,-276,29790213
11565198,BirdElPollo,10090.8,9649.03,1019,29790217
32996305,Lawill,10380.8,9647.39,83,29790212
28564176,Fsu,10203.5,9646.83,981,29790215
15281842,ATAAE,10511.8,9646.60,-99,29790209
24955857,chrou,10083.1,9646.44,855,29790218
8345810,Mimya,9785.78,9646.42,452,29790223
18018708,McButt,9763.28,9646.30,1696,29790223
19707335,had and,10060.6,9646.29,668,29790218
17616931,Milds172,10388.6,9645.40,391,29790211
35851150,Cynful,10444,9644.71,-675,29790210
19342423,TGJ Chocomist,10435.8,9644.44,331,29790210
34691626,Cat_xsg,10514.7,9644.38,-512,29790209
18195661,kiannn,10414.6,9643.93,-242,29790211
28460701,2008ldv,10344.6,9642.98,364,29790212
10990674,celenaluna,10385.3,9639.90,-234,29790211
28634956,IAmAPlayer_,10652.1,9639.38,-1015,29790207
10836825,Ifwas,10022.4,9639.29,1077,29790219
12168709,GanvyGD,10160.4,9639.16,8,29790216
16609163,EpicDutchie,10281.7,9638.99,386,29790214
29937125,quaghegom123,10244.7,9638.60,629,29790214
24675537,Hardyest,10273,9638.08,490,29790214
29635585,Dokiid,10502.4,9637.27,-301,29790209
24421250,ProbYes,10573.2,9636.78,-753,29790208
36275748,SugarCube_,10421.8,9636.74,-361,29790211
17404281,Grumty,10108.9,9636.71,748,29790217
35647238,afallingpenguin,10083.5,9636.57,1207,29790218
19883200,iamabigosubrain,10185.4,9635.65,616,29790215
35706692,Ku4o,10114.1,9635.03,438,29790217
22063800,[GB]Lingtao,10136.3,9634.91,173,29790216
16296188,tiger2005123,10413.4,9634.84,-450,29790211
37767001,-Zell,10543.7,9634.49,-701,29790209
13959288,dddgame123,10248.8,9634.00,265,29790214
25745410,SillyBoyOsu,10292.6,9633.06,427,29790213
17698463,flvxify,10605.2,9633.04,-543,29790208
22265657,Miksolek_Osu,10540.8,9632.99,-967,29790209
15804194,okae,10524.6,9632.41,-23,29790209
36364806,OOAAQQEE,10518.7,9631.64,-501,29790209
25876783,kapata,10347.7,9631.55,144,29790212
38943282,Aliceeeeeee,10400.7,9630.88,-157,29790211
15258065,KapiATX,10279.9,9630.71,339,29790214
35550022,zww007,10354.9,9630.40,170,29790212
13322642,nxthanjj,10521.4,9629.93,-184,29790209
25464815,BChara53,10187.1,9629.86,7,29790215
12280788,sainor,9989.38,9629.55,1322,29790220
26031453,chairIess,10355.9,9629.02,-134,29790212
21094658,chelijeon,10408.1,9628.47,286,29790211
20110813,Lumarium,10435.5,9627.77,-264,29790211
23188287,handag0te,10522.4,9627.55,-287,29790209
34741940,Ukinami Yuzuha,10510,9626.81,-661,29790209
18580968,Relloxy,10571.5,9626.80,-667,29790208
36292917,GhostLol3,9780.55,9626.41,1606,29790223
22315640,Bluuuuu,10443.1,9625.77,36,29790210
15298581,Lia,10399.7,9625.47,-160,29790211
25753561,atumalaka,10528,9624.76,-179,29790209
20720646,Nodapuser,9699.37,9624.53,1513,29790224
11047046,Khomuz,10152.8,9623.56,845,29790216
25289294,Harim,10574.5,9623.36,-634,29790208
11645684,Yumetsume,10453.1,9623.20,-531,29790210
11137356,Tressor Nguyen,10175.9,9623.10,453,29790216
16746554,DeenBoi,10308.5,9622.86,387,29790213
38202893,Mcfire05,10257.3,9622.61,-901,29790214
25256829,Cookiee-,10188.3,9622.20,616,29790215
26402153,tgc-,10405.1,9620.06,17,29790211
16585022,cypha,10217.8,9619.76,661,29790215
14899997,st________,10026.6,9619.66,1145,29790219
26121282,Pikterra,10223.8,9617.15,437,29790215
35248741,TaxiBoyy,9787.61,9616.87,2164,29790223
29064524,winnt351,10440,9616.59,-140,29790210
32254514,juyu,10477.1,9615.28,-240,29790210
20626717,3nd1essM0tiv3,10173.6,9615.12,1076,29790216
33343303,manueljm1000,10459.4,9614.83,-159,29790210
39324181,MeguruFangirl,10067.2,9614.60,297,29790218
17763884,witchly,10417.1,9613.67,95,29790211
38746955,Snackkattacka,10396.9,9613.67,-69,29790211
31786800,SussyBalzzz,10309.8,9613.22,27,29790213
34079446,anonymous osu,9854.09,9611.89,1615,29790222
12642757,_Altair_,10311,9611.59,13,29790213
12412582,ThingEvil,10468.7,9610.88,-139,29790210
25294372,Kuroyaka,10244.1,9609.49,724,29790214
37807264,517988199,10194.3,9609.06,1644,29790215
15953379,CallMeGabriel,9929.86,9608.91,1486,29790221
10675356,Aryu,10288.4,9608.58,364,29790213
27685777,ItzMyRealDeal,10114.8,9608.52,1163,29790217
39033200,lucaspookas,10177.4,9608.36,-286,29790216
31335194,kokoko,10535.9,9608.32,-659,29790209
22387011,UwUamNOOB,9654.37,9608.32,686,29790225
13742840,ikea man,9926.72,9607.46,1577,29790221
24137817,SkyxyCH,10264.9,9607.24,611,29790214
12248585,Sushibom,10229.1,9606.55,-1036,29790214
32422482,alec-,10281.2,9605.46,318,29790214
34280104,Fortune_QvQ,10069.9,9603.03,483,29790218
33704241,tenka-izumo,10398.5,9602.64,-320,29790211
22136332,Uilqwio,10358.5,9602.40,-152,29790212
29766773,Arika_Maned,9956.28,9602.01,389,29790220
26013062,DemonYTA89,10471.8,9601.63,-649,29790210
24358694,Fallen Symphony,10440.6,9600.79,-591,29790210
15852965,eSLGGTe,10536.8,9600.78,-635,29790209
30500944,Cmptr,10575.7,9599.36,-653,29790208
34578231,Minlox,10522.3,9599.22,-795,29790209
30423155,catej,10330.5,9599.12,-558,29790213
18656801,ranokhui,10093.3,9599.12,998,29790217
36534275,koshywoshyy,10243.7,9598.82,39,29790214
28996036,starchaser9390,10456.7,9597.29,142,29790210
13796478,Primboi,10119.9,9596.95,763,29790217
5066305,ImperialTrinity,10376.9,9596.84,33,29790212
12105993,LovelySenko,10421.7,9596.77,-347,29790211
36239338,antaku,10439.9,9596.33,-708,29790210
36628715,zzw8848osu,10435.4,9596.01,-931,29790211
37565089,Prismitan,10598.3,9595.14,-803,29790208
20156825,uiptr,10371.5,9594.99,-309,29790212
14282022,[Crz]hibiki232,9825.07,9594.37,1264,29790222
39952778,zuke,10096.2,9593.34,-195,29790217
37354373,plok_R,10092.6,9592.87,-888,29790217
20668102,Meteor_Bagel,10491.8,9590.21,-527,29790210
16639726,Mon3tr_Miku,10451.3,9587.72,-441,29790210
13945028,1838625354,10505.3,9586.75,166,29790209
12854716,Haveaffald,9965.4,9586.71,1423,29790220
37791384,junipo_n,9997.45,9586.28,1172,29790220
4637369,Petit,10463.2,9585.45,-332,29790210
20955186,heracross,10121.5,9585.21,-234,29790217
34880331,-BenBenLin-,10548.1,9583.68,-996,29790209
39953888,Komori86,9800.53,9582.44,-137,29790222
31298029,SanderToTo,10406.2,9581.88,-37,29790211
4039450,- AlKaid -,10091.6,9581.87,1384,29790217
19444599,Artloldxe,9386.54,9581.65,1023,29790230
14593518,[LS]Shuri,9896.61,9581.43,1567,29790221
17989444,ERA Kaeseorin,10199.4,9581.26,497,29790215
16636552,I4671I,10450,9581.06,-408,29790210
39151260,kazills,10289.2,9580.89,258,29790213
17220267,LloydTTG,10085.8,9580.56,702,29790217
20202039,[SPD]Bac Ki v2,10506.3,9580.47,-570,29790209
19125177,zhaopop,10371.9,9579.60,-220,29790212
22696403,-snoopy-,10427.7,9578.87,-617,29790211
28416661,egg34,10378.9,9578.58,-314,29790212
23948744,BlindedMF,10459.7,9576.21,-456,29790210
7214023,cherrychou,10176.2,9575.50,657,29790216
13637948,SkyElements,10332.1,9575.48,-267,29790213
28463936,thelolhound,10344.1,9575.17,-317,29790212
14870029,Kinggod1018,10487.7,9574.67,-774,29790210
6469512,Fallen2Hu,9962.71,9574.63,1717,29790220
28878802,Coolfoxlike,10480.9,9573.59,-759,29790210
32849354,Airyu,10457.7,9572.03,-536,29790210
36199434,Dvise,10548.4,9571.85,-910,29790209
25502203,[SHK]Star2007,10075.1,9571.54,865,29790218
39096674,slimeTLK1031,10086.9,9571.50,-598,29790217
23285668,SoyAndorranoo,10471.4,9570.48,-714,29790210
34982787,BILLYDAT11,10594.7,9569.41,-757,29790208
15092456,mengfeng,10452.7,9567.56,-324,29790210
17319411,fede1101,10191.6,9567.50,423,29790215
33225352,Profoundless,10364.3,9566.33,-69,29790212
33691900,Twolfie,10312.3,9566.22,320,29790213
15389275,Zyuuu,9666.67,9566.04,1822,29790225
38604498,empite,10468.4,9565.88,-965,29790210
15540872,ManiaFlop,9978.25,9564.41,1515,29790220
38343336,Sksong,10402.2,9563.07,-654,29790211
11375105,lolol233,10565.8,9562.16,-1002,29790208
14243113,NoahFromRoBeats,10400.2,9561.65,97,29790211
36061698,kuoluo2333,10070.2,9560.77,1222,29790218
34243138,Zer0ize,10135.4,9560.36,82,29790216
34212829,YuGenn,10069,9560.25,453,29790218
23930807,M8ProGamer,10169.3,9560.13,88,29790216
25635386,SirCanelones,10179.9,9559.87,807,29790216
15408514,korandot,10293.3,9559.25,64,29790213
38262422,MyAngelAzusa,10254.2,9557.63,-28,29790214
28628229,-Hatsune Miku-,10374.8,9557.18,-285,29790212
37310105,vrezhisgonnawin,10059.3,9556.74,244,29790218
15104680,Polarin,10016.9,9556.31,775,29790219
20296778,BlackCowEdition,10033.4,9556.20,923,29790218
3324483,[Crz]Polymath9,9702.81,9555.87,1674,29790224
36825582,Veewe,9976.59,9555.38,1105,29790220
36375478,1jkol,10326,9555.22,-217,29790213
20929563,GeKsZZ,10098.7,9555.22,504,29790217
37395104,Jeon Mingyu fan,10379.3,9554.56,-322,29790212
37113641,notHoyo,10029.7,9554.34,1056,29790219
20190340,When_the_,10032.9,9553.81,-498,29790218
32019494,neko killer,10261.2,9553.60,13,29790214
36901747,AnAsianNpc,10095.8,9553.18,-891,29790217
17722474,Seaz,10326.1,9553.10,-236,29790213
12610395,KirinC,10462.7,9552.70,-907,29790210
31363050,S4_1,10229.9,9552.18,65,29790214
15769632,degerte,10059.5,9551.24,1002,29790218
33531147,H0shimiya_akari,9738.89,9551.19,1924,29790223
10558096,dex71ny,10257.1,9550.70,177,29790214
35619335,WWadey,10186.8,9550.41,690,29790215
26669822,EpicBananas,10408.6,9550.30,-488,29790211
25239919,romchik0080,10203,9550.18,56,29790215
32842018,ELPENDEJO_XD,10528.5,9548.69,-1080,29790209
20072911,JaceyPlayz,10157,9548.54,403,29790216
13289032,Natu617,9348.55,9548.22,3163,29790231
20987022,popopodragon,10009.7,9548.02,1222,29790219
946975,Me2daE,9560.78,9547.15,1111,29790227
19330937,Lordkolp,10025.5,9546.18,1000,29790219
22922089,Givrelot,10061.8,9545.50,-893,29790218
36940677,Coolsky_,10352.6,9543.88,-836,29790212
20508135,Lacxso,10352,9543.69,-677,29790212
35625155,alonsi,10043.1,9543.14,-79,29790218
10448002,Quoho,10386,9542.02,-574,29790211
17852909,v_cooI,9826.2,9541.98,933,29790222
36287131,Personalzax,10480.5,9541.95,-900,29790210
24382074,RedCatz,8482.11,9541.61,1321,29790253
35745244,jntmjdisnns,10281.1,9541.43,-327,29790214
16930336,Kayuno,10423.5,9541.41,-107,29790211
23838807,noobynaber,10330.9,9541.03,-214,29790213
26854884,sival lum,10554.7,9540.46,-981,29790208
30327673,[TCD] TinPotMan,10200.5,9539.53,-29,29790215
35244115,Menniel,10498.8,9539.11,-547,29790209
12829021,D3fusion,9961.91,9539.04,1214,29790220
26867614,CaionMR,10174.5,9537.38,612,29790216
24611854,Aminati,10058.3,9536.92,628,29790218
29880973,Temposan,10457.8,9536.39,-305,29790210
25248451,lowercase,10071,9535.87,710,29790218
15001493,spocs,10197.6,9535.60,-202,29790215
38845566,jo3i4hp9,10266.3,9534.79,-517,29790214
35912401,phonglol9966,10465.2,9534.50,-822,29790210
34137524,Riecic,10022.6,9534.40,1041,29790219
35577713,723Koneko,10072.8,9533.99,132,29790218
3382629,Acarin_FWYKRin,10204.9,9533.86,-165,29790215
39338885,haruu,9734.22,9533.71,675,29790224
17497166,-Guille,9888.67,9533.31,1178,29790221
10151653,Capy Lin,10258.6,9533.29,-112,29790214
21072569,AomDCO,9970.48,9532.72,1108,29790220
35275504,kjjjjjj3333,9692.77,9531.73,2068,29790224
8301758,Edvo,10338.5,9531.03,-223,29790212
19573637,restomatic,10000.6,9530.96,787,29790219
35665386,NyarX,10175.2,9530.34,187,29790216
25991933,SShiRkiT,10043.3,9529.82,1254,29790218
32196635,tianzitanhua,10050.6,9529.20,254,29790218
23892945,Mikufangirl,9912.94,9528.72,1107,29790221
21990807,Squaloo9,9993.1,9528.33,816,29790220
19102458,TPColor,10194.1,9528.06,1075,29790215
35578877,iTzL-_PieDra--,10250.3,9527.79,42,29790214
31331699,Leno_bruh,10186.7,9526.73,133,29790215
34707493,221,9574.72,9526.68,202,29790227
19963810,AngelEffect,10538,9526.58,-668,29790209
25538178,franklinnn,10307.1,9526.01,0,29790213
20985669,Mqrs wuw,10140.1,9525.64,-211,29790216
11625617,ERA medium kek,10137.5,9525.57,676,29790216
6456531,FS DaNiCKMANZ,9996.28,9525.49,823,29790220
3617847,Level 51,9810.44,9525.46,2057,29790222
22701048,lajiaoyou,9664.9,9525.08,1196,29790225
16060384,sneaktree,10361.9,9525.03,-565,29790212
37437101,s1gmaguy,10164.3,9524.98,-617,29790216
28672514,PolarSwader,10110.4,9524.72,575,29790217
21243737,ULHQ,10039.8,9524.35,660,29790218
12006135,asura222,10099.4,9523.69,573,29790217
9887639,irose01,10217,9523.64,324,29790215
3565870,ChocoCoki-,9785.5,9523.10,1502,29790223
35975002,as0903,10365.5,9522.93,-578,29790212
34285759,conic_8711,9842.81,9522.02,443,29790222
23717210,pofnkul,10079.4,9522.01,942,29790218
24143741,C4Th,10360,9521.59,-578,29790212
34740777,sanpiedaniel,10208.7,9520.90,-483,29790215
25785351,AllowedCookie,9729.62,9520.89,-493,29790224
36630817,garlik,10469.4,9520.86,-818,29790210
33192942,sr1317,10370.2,9519.82,-963,29790212
36608999,rraze,10390.7,9519.34,-451,29790211
23559226,Dokhoa201 HRv2,10298.1,9519.22,-49,29790213
18244660,jaeswuna,10049.4,9516.76,747,29790218
35949396,Numbas,9861.32,9515.38,356,29790221
38188839,CHEMSS666,10486.1,9514.86,-751,29790210
36998561,Singu1arity,10252.8,9514.85,22,29790214
14109277,NicoWrx31,10109.1,9513.62,660,29790217
6440453,Hydragyrum,9954.05,9513.05,1752,29790220
28207263,Rubeanieee,10216.2,9513.02,170,29790215
33346280,Parolee,10282.4,9512.87,-712,29790214
30327837,Zero_Two16,10067.3,9512.86,-216,29790218
37605281,Cinqcents,10213.6,9512.69,556,29790215
18501933,asdbebd,9990,9511.91,1192,29790220
28495605,MyAngel_Chisa,10199.8,9511.47,560,29790215
19588389,Kashiwada,9729.73,9510.58,749,29790224
16801743,yakik,10046.6,9510.38,653,29790218
37421227,BearSecretSkinz,10195.2,9509.41,-50,29790215
37835153,ppwhy,10353.6,9508.97,-592,29790212
34336078,notkingImgod,10165.4,9508.24,386,29790216
5914941,BZinc,9688.38,9507.90,1797,29790224
15143522,yukke_,9816.25,9507.18,1765,29790222
11101143,narumaru,10159.7,9506.24,306,29790216
23502851,[BBC]Flan,9863.09,9506.12,1115,29790221
17871821,My Yamm Gods,9973.02,9505.66,781,29790220
7850540,Rudown,10444.4,9504.96,-133,29790210
15599629,Paino,10333.1,9504.50,-342,29790213
7431387,B_B_Yunjjang,10340.8,9503.89,-171,29790212
12116202,Jukomu,10286.9,9503.69,-149,29790213
39947969,Shenxianhong,10062.7,9503.16,-316,29790218
22302283,KaneMining,10131.2,9502.84,242,29790216
24285111,My Angel Chen,10210.5,9502.72,562,29790215
13622916,BonerMan,10412.1,9502.46,-188,29790211
15294150,revolution1144,10380.1,9502.00,-530,29790212
34533253,342499978isasb,10314.5,9501.57,-567,29790213
13275929,atanasijear,10157.5,9499.26,-346,29790216
38552780,Galasp,10313.7,9498.53,-172,29790213
15950501,- Shock -,10247.8,9495.99,144,29790214
36495236,AminaaaPG,10390.5,9495.83,-53,29790211
21828011,Kartaceo,10460.9,9495.19,-1121,29790210
27948367,Nanahira Feet,10275.5,9494.76,-616,29790214
15017771,[GB]Thaumiel,10091.4,9494.40,594,29790217
33856458,w1ngester_q,10030.9,9494.36,159,29790219
35535441,Shirahato inori,10477.5,9493.78,-741,29790210
36639469,Mkisa,10401.4,9493.21,-468,29790211
36284348,Larry_-,10086.1,9492.97,338,29790217
30891934,qpwoeirutufan,9988.21,9492.85,527,29790220
27554254,laERUAla,10169.9,9492.55,-109,29790216
34901103,QwertYui345,9812.52,9492.12,1043,29790222
34538705,purpletaro,10140.2,9491.92,-221,29790216
10901639,EMATMILK,9594.61,9491.79,2384,29790226
21461626,Milo_Si,10041.6,9491.53,347,29790218
36649618,Ming_chun_,10001.2,9491.47,234,29790219
37440063,Hyprrx,10491.9,9491.36,-572,29790210
8347731,[EP TIME],10236.6,9488.69,19,29790214
6300700,BlueHaze,9464.97,9488.69,2988,29790229
25857966,rami31yt,9840.52,9487.98,953,29790222
2711722,[GENERAL_FROST],9876.65,9487.17,1221,29790221
33544285,Lonely__Wind,10198.3,9486.94,-226,29790215
29066523,pdgyu789,10136.7,9486.75,198,29790216
21865857,Jlol,10123.1,9486.34,385,29790217
26406255,Yebiying_2013,10382.6,9485.53,-518,29790212
34501338,Arcatune,10093.4,9484.89,578,29790217
26614879,TheKillZO,10340.7,9484.51,-270,29790212
3350987,Emik,9848.05,9484.34,1462,29790222
29863257,tiru0101,10370.5,9482.93,-334,29790212
26470599,luisancioGM2,10182.4,9482.29,42,29790215
28802275,[TCD] Yumi,10126.9,9482.29,9,29790217
12241286,ohhjalo,10493.6,9482.16,-715,29790210
5373622,SeungYeon,9801.83,9481.97,1507,29790222
10484445,LonBertZend,10212.9,9481.53,337,29790215
35168104,Hugo327,10394.4,9481.13,-567,29790211
22209554,Padshiy_Angel,10109.3,9480.67,341,29790217
35454176,BOB1ERDUNOM,10408.5,9480.38,-704,29790211
15496661,Rapys,9845.99,9480.18,1407,29790222
7850508,taba2,9713.37,9479.61,2226,29790224
14125902,woolkoptk3,10287.5,9479.60,-276,29790213
20065220,KiritOtaku1862,10371.3,9478.64,-687,29790212
10966118,[GOGUMA],9934.45,9478.31,725,29790220
10290181,FujitaKotone,10355.2,9478.29,-285,29790212
14106575,knit393,10128.9,9477.74,-218,29790217
31347603,te_betst,10419.2,9477.61,-963,29790211
34933834,PotatoThe5th,10295.9,9477.48,-457,29790213
35357030,eguioppo,9831.02,9477.35,479,29790222
32465503,MarkusTheWhen,10147.7,9476.80,319,29790216
27184043,mrbeefpie,9924.97,9476.30,1414,29790221
12045254,XenoPenguino,10395.6,9476.24,-845,29790211
15740032,murlaffedges,10080.4,9475.98,229,29790218
35813242,Averagebox,10232.4,9475.87,-354,29790214
35671259,Jason_STDplayer,10057.6,9475.87,443,29790218
3072763,[Crz]Crystalize,9797.73,9475.66,1760,29790223
36787133,ArikaDesu,10350.6,9475.33,-881,29790212
13773000,5UP3RB,9970.25,9474.38,484,29790220
10513110,xibuniuzai,9965.06,9473.79,734,29790220
11332742,[MY]Never,10320.3,9473.66,-546,29790213
14916487,Light in fridge,10021.3,9473.31,400,29790219
39968519,Feibajiubi,9997.36,9472.62,-342,29790220
37859519,NUTERTH,10268.6,9472.18,-183,29790214
8829340,a1987550,10122.2,9470.30,242,29790217
34943184,joaolucasosuman,10162.5,9470.06,-83,29790216
37301829,std_thread,10058.6,9470.03,355,29790218
23932346,stupidow,10345.8,9470.00,-155,29790212
30133516,Acia5193,10303.1,9469.25,-297,29790213
37065778,LeafOfAbyssal,10249,9468.99,-313,29790214
22011742,Temmie013_TH,10258.8,9467.77,-352,29790214
29240415,Nowmakeitdrop,10182.5,9467.58,196,29790215
27535808,NotSillyFangirl,10040.6,9467.53,173,29790218
38192554,Tepph,9731.76,9467.04,-351,29790224
27520774,Smile_T,10199.7,9466.85,-148,29790215
24025926,kinoeuf,10255.9,9466.59,-35,29790214
1437963,Holic_kr,9893.42,9465.50,817,29790221
21860965,dedexx,10045.5,9464.78,52,29790218
15421077,levels,10176.8,9464.59,180,29790216
29374048,_Vexxxx_,10262.5,9464.36,-359,29790214
10337378,PotatoKiwi,10202.5,9464.23,147,29790215
11539225,ERA Urrk,9955.67,9464.02,842,29790220
33345959,Shadowwwws,10234.5,9463.99,170,29790214
14014386,lugi_osu,9744.29,9463.60,532,29790223
21795375,Shiina Mayuri,10373.3,9463.57,-472,29790212
37831577,Rellpler,10291.3,9462.88,3,29790213
6879648,viw,9924.28,9462.60,865,29790221
23633474,Slowpoke104,10153.9,9461.01,431,29790216
23134883,User294254,10010,9460.81,427,29790219
5074346,[ Kwuar ],9731.36,9460.52,1736,29790224
5132402,DJ Sharpnel,10285,9459.82,-179,29790213
12629443,Pancakes85,10127.9,9459.62,37,29790217
21066366,Chok0KiE,10256.8,9459.15,-288,29790214
28284888,Kanotic,10358.6,9458.76,53,29790212
17610080,- Hitsuumi -,10241.5,9458.35,33,29790214
31429853,ni-meru,10008.5,9457.50,823,29790219
12793583,Onikata Kayoko,9974.84,9455.62,261,29790220
24155898,Xavesz,10284.2,9455.47,-184,29790213
36901430,k4rf5Xx,9739.03,9455.47,463,29790223
25942923,DimaToper,10258.7,9455.17,-392,29790214
10358203,GanYou,10095,9455.11,434,29790217
9746498,- Minami -,9813.53,9455.06,1872,29790222
34448350,DESTRUCTIONowo,10179.3,9452.90,-187,29790216
38456670,saaamuel,10495.4,9452.10,-1066,29790209
37032313,MyWaifuMonika,10323.8,9450.55,-534,29790213
14958289,xpc,10477.6,9450.26,-856,29790210
32122103,djdjtaka,9182.88,9450.19,3178,29790235
17880542,Slurren,10423.8,9449.79,-965,29790211
35514870,Winterykai,10309.2,9448.71,-354,29790213
26622911,Atry_,10103.1,9448.42,180,29790217
36192628,QWDIOUGSA,10265.5,9446.91,92,29790214
33940176,vemaphy0,10320.6,9446.17,-72,29790213
18775876,lftzab,10085.3,9445.84,-254,29790217
4728019,petmeu,9673.47,9445.13,1642,29790224
8934725,reigel,9770,9443.55,2108,29790223
30046891,Monsterfufu,10022.8,9443.37,653,29790219
24748957,SubMessy,10110.5,9443.06,89,29790217
25473480,8vtnx,10401.1,9443.03,-649,29790211
25987516,Qua1ityContent,9975.8,9443.03,1029,29790220
6114695,ciru,10106.1,9442.78,-78,29790217
27330237,Arcele,10108.6,9442.44,155,29790217
8270984,Yusei5,10234.2,9441.37,40,29790214
26616483,Tora08,9900.13,9440.24,848,29790221
36196662,Mahoushoujo,10382.3,9439.81,-762,29790212
17493885,asdqwe040484,9300.59,9439.62,2698,29790232
18403102,Kronostata,9963.83,9439.61,868,29790220
3697323,takodesu,9317.01,9439.06,3146,29790232
3156508,cbs0808,9501.62,9438.63,2867,29790228
12542173,z2a,9956.17,9438.54,579,29790220
29673992,Bii_old_2,9734.95,9438.36,1796,29790224
15806492,Eius,10222.2,9437.86,103,29790215
36442488,rrc9,9243.87,9437.12,-198,29790233
37228506,Pequem,10063,9436.00,122,29790218
19910386,Nube,10381.6,9435.99,-493,29790212
8600549,CutestMeow,10123.8,9435.98,198,29790217
20056478,Mos,9114.46,9434.48,1250,29790236
24847192,Wendys Employee,10314.3,9433.91,-663,29790213
32106796,SSNSNSN,10277.6,9432.99,-468,29790214
17271908,Jupiin,10186.6,9432.62,-445,29790215
31735384,ring_Tt,10278,9432.55,-621,29790214
30110819,[TCD]Cyot,10055.3,9432.11,286,29790218
9995123,RigelShrimp,10326.8,9431.99,-755,29790213
12377583,jeyfor,10081.7,9431.05,811,29790218
31002968,fedtdm5,10050.7,9430.81,-1074,29790218
25447058,jairitofor,10238.7,9430.11,-273,29790214
14158692,huajixiami,10230.6,9429.72,119,29790214
18019703,Do u know me_old,10198.1,9429.18,-318,29790215
14804397,Lingbei,9961.31,9429.10,795,29790220
33245590,WsssssssW,10351.5,9428.96,-829,29790212
23525883,Cactus-,9932.56,9428.92,627,29790220
30781876,Jocy,10283.2,9428.51,-437,29790214
25774557,EternalBan,10225.4,9428.34,134,29790214
27796646,FR4N_mania,10157.9,9428.25,-90,29790216
2288341,Pope Gadget,9757.39,9428.19,1710,29790223
31008539,pepepepepipipip,10147.1,9427.67,16,29790216
16317924,someramdomeguy,10202.7,9427.46,-61,29790215
36459379,MonkeyMe,9823.71,9426.95,-444,29790222
29268726,JustAnYDudEykNw,10061,9426.55,512,29790218
14873755,cycrostic,9963.2,9425.38,550,29790220
13541950,sunbather,10156.1,9425.15,209,29790216
17579172,cirnenkov,10027.7,9424.90,352,29790219
33581550,Sanji_Kun,10323.2,9424.18,-636,29790213
24801490,color1682,10189.6,9423.77,129,29790215
24341210,Shino-tan,9918.65,9423.68,1507,29790221
31661329,crass59,10052.7,9423.66,474,29790218
35656976,Muut2717,10128.8,9422.64,289,29790217
14123973,play117,9545.55,9422.51,1483,29790227
7478523,RobbeRib,9716.67,9421.06,749,29790224
8354676,YunoGasai5,9401.54,9420.27,1355,29790230
35227453,Alex_Rand0m,10101.9,9420.10,-444,29790217
17378597,irfaniskandar12,10175.4,9419.64,156,29790216
5922017,Mulolica,9759.11,9419.64,2097,29790223
30791599,[FRG]f1lth7,10190.5,9419.06,45,29790215
4052127,megasxlr02,10294.4,9418.89,-367,29790213
22197171,Xirukai,10284.4,9418.39,-840,29790213
37220815,lamunesuki,10231.5,9417.38,-680,29790214
38347587,vxrum,10143.9,9417.15,-382,29790216
14804943,cyka-_-blyat,10234.4,9415.93,-60,29790214
25125390,N1troStyle,10241.2,9415.72,-452,29790214
36170031,Karpfenking,9949.77,9415.69,-415,29790220
14212230,Distroyer21,9215.48,9415.51,3206,29790234
4671505,nooncii,9657.03,9414.59,2110,29790225
20423091,himekowo,10335.4,9412.77,-1093,29790213
6738624,[Crz]Renjie Lan,10015,9412.49,573,29790219
13016742,cosmiic,10142.2,9412.34,682,29790216
5602705,Zepro,9237.42,9411.58,3341,29790234
26066218,shizukuchan,9641.08,9411.52,1147,29790225
8786177,Baexc,10224.6,9411.39,-281,29790215
14687029,mmyon,9625.79,9411.33,1776,29790226
16117931,Litho,9629.96,9410.51,471,29790226
30363204,gh05t,10300.8,9410.47,-828,29790213
10013192,PoTaTEiZ,10288.6,9409.98,141,29790213
34384837,karanveer,10384.3,9408.71,-939,29790211
8979368,SrGuillester11,9712.58,9408.15,1112,29790224
36378550,TrycesLOG,10348.9,9408.10,-720,29790212
7792942,Chilly-,10012.8,9408.08,770,29790219
34795682,makimakia01,10027.1,9406.62,364,29790219
32954144,Nyagato Yuki,9709.9,9406.59,1327,29790224
10677044,TheD2R,10158.7,9406.38,-454,29790216
34223529,m15376494929163,9818.82,9405.77,569,29790222
36741326,Izumi Shirokane,10188.8,9405.39,-346,29790215
24839365,AstroFR,9920.63,9405.29,801,29790221
18912195,_Tohiko,9875.01,9405.10,685,29790221
36810767,Noy,9383.46,9404.60,2241,29790231
33919529,XiaoMovoWang,10189.7,9404.08,-838,29790215
7036691,stfern,9763.98,9403.07,-148,29790223
18824384,suwkuupe,10289,9402.88,-316,29790213
25592505,Sw1tch2r,10233.8,9402.46,-428,29790214
16383529,eringiRa,10152,9402.37,-160,29790216
35264186,Verbena,10074,9402.28,144,29790218
17653464,IDontKnow2,10207.2,9402.27,-335,29790215
37057908,RandomTacos,9975.35,9401.98,630,29790220
17601023,qwertyuiopuiop,9882.44,9401.86,-1066,29790221
30492925,GloomyStasis,10240.6,9401.37,-624,29790214
37055477,suita_chann,9587.26,9401.09,1202,29790227
8517971,Turkeyuwu,10233.2,9399.41,-156,29790214
21444043,Shimaaji,10042.3,9399.13,259,29790218
22329311,REYY SUKA BAKSO,10204.2,9398.87,-756,29790215
33391865,mouwumia,10312.7,9398.38,-890,29790213
35825401,GLFN,10162.3,9398.24,-161,29790216
28367165,ahyg666,9820.86,9397.83,-873,29790222
24533183,Iblcya,9962.26,9397.72,-21,29790220
19016705,lindex,9800.85,9397.61,1068,29790222
24630617,SDBnkaf,10017.4,9397.41,3,29790219
21100710,FredDex,9835.52,9397.12,749,29790222
37748362,xx4hn0,9374.24,9395.86,-738,29790231
12865817,-Kotaru-,10269,9394.22,-793,29790214
18755365,GrGuruto,10200.1,9393.09,166,29790215
16255560,wwww9874,9963.59,9392.75,466,29790220
21903769,Meraki_,10111.5,9392.60,123,29790217
39211341,skyler2169_,10247.2,9392.43,-654,29790214
34280897,DyzFZ,10106.3,9392.11,361,29790217
23425612,syama17,10131.9,9391.17,320,29790216
35350022,pigeo_on2,10303,9391.10,-1069,29790213
37404887,electrified_,8695.8,9390.89,519,29790248
34401863,planark,10188.7,9390.30,-595,29790215
22437877,kongsola,10234,9390.15,-711,29790214
37352515,ICelestineI,10220.6,9388.94,-360,29790215
38436254,Nubsy,9732.67,9388.93,811,29790224
25541531,VAMMP,9937.52,9388.68,877,29790220
3133114,Shreey,10102.8,9387.49,52,29790217
16425152,Min_in,10259.9,9387.28,-200,29790214
165027,Peaceful,10041.3,9387.05,-4,29790218
14246961,Arubedo,10149.1,9386.17,-206,29790216
32987448,iOunai,9142.37,9385.80,-1062,29790236
9444174,Unicow,10232.5,9385.69,-333,29790214
30774185,Homura Berry,10171.9,9385.09,-493,29790216
17635207,labubu skibidi,10171.1,9384.53,-804,29790216
26871657,Dod,10166.5,9384.41,127,29790216
17967545,yuuke88,10120.3,9384.36,1085,29790217
10505756,Nukong,10131.6,9384.01,-48,29790216
15495530,catchspot,10102.9,9383.58,263,29790217
29588403,j0u5d,10315.4,9382.09,-684,29790213
34692396,0jx_qu1x,9943.57,9382.09,225,29790220
38183372,ianyoung87,10233.6,9381.35,-589,29790214
34201945,peqk,9953.12,9380.39,640,29790220
31542485,DrexGG,10056.3,9380.37,516,29790218
38188387,Actuation Point,10114.2,9378.96,-129,29790217
23559278,Noteater,9620.06,9378.79,2452,29790226
8547721,songegggt,9548.38,9378.62,2532,29790227
22636664,EricJouve,9057.33,9377.88,2154,29790238
35275573,affaffaha,9913.75,9377.66,935,29790221
11041650,Chirality_K,10081.2,9377.17,-246,29790218
13661162,Sadayz,9999.6,9376.60,-103,29790219
20340121,rushbso,10103.7,9375.17,176,29790217
35907107,YJ_KOREA,9566.03,9374.38,1713,29790227
35920018,Namelesslzh,10403.7,9373.93,-1028,29790211
29520775,MobinGod,10185.3,9373.56,-390,29790215
27985365,_rmb_,10058,9373.52,199,29790218
37066285,nswebon,10198.6,9372.99,-596,29790215
14003503,holycoldwater,9457.96,9372.28,2331,29790229
33990355,SnuYOvO,9883.86,9372.16,989,29790221
14929845,brkb,9846.97,9371.50,920,29790222
8382535,Initial D,10223.3,9371.29,-533,29790215
14381180,Acidic100,9806.04,9371.03,866,29790222
34021975,shlee1732,10129.1,9370.29,-624,29790217
25129518,Summoned,9956.82,9369.12,523,29790220
5277887,DeaDMaN44,9489.22,9368.65,2040,29790228
38531924,viethungne7,10176.7,9368.55,-355,29790216
15698068,dL12X,9923.71,9368.04,270,29790221
28959024,akagi_ishikawa,9895.4,9368.04,1224,29790221
34252012,watashi3,10084.1,9367.91,-119,29790217
22095766,Saikuto,9904.61,9367.31,579,29790221
20963631,Dumb-Andy,10189.8,9367.15,-605,29790215
26747571,SparkSAA,9848.69,9366.87,642,29790222
19351279,Yamajat,10322.2,9366.68,-1076,29790213
25748152,sabaku0718,9985.48,9366.42,500,29790220
34697261,waro,10174.8,9366.30,106,29790216
26306974,1percents,9781.17,9365.58,1321,29790223
14217761,datnonameboi,10083.9,9365.20,434,29790217
39971411,ExceedRil,9306.88,9364.99,-201,29790232
14332005,Froggie09,9946.57,9363.11,862,29790220
28019255,Group Concept,10194.4,9362.57,-953,29790215
34253295,Cat_lover314159,10064.3,9362.22,163,29790218
24498360,kitsue,10358.9,9361.87,-655,29790212
31892497,Xenox051,10146.4,9361.81,-449,29790216
11604391,Merudasu,9934.56,9361.76,196,29790220
25756887,tldnsrj80,10308,9361.63,-1043,29790213
37384614,Oshi-,10283.9,9360.74,-247,29790213
2886774,Demane,9622.57,9360.67,2250,29790226
27142578,torototo,10350.2,9360.22,-1110,29790212
25277695,nikos878,10081,9358.81,77,29790218
20592054,Aniyo,10069.2,9358.68,48,29790218
25630297,Echo_XF,9735.68,9358.40,1163,29790223
11221825,Anto_,9824.91,9358.32,981,29790222
35796884,reorasii222,9303.68,9357.81,2696,29790232
19807378,welovedonuts69,10293.7,9357.76,-475,29790213
35810547,--ATRI--,9939.05,9357.28,568,29790220
24227143,Dereck101026,10013.2,9356.39,-403,29790219
9746485,UZIG,9435.24,9356.34,1857,29790229
14682175,IanChen4516,10145.1,9355.83,-421,29790216
17751792,Speedjack,9822.76,9355.12,465,29790222
15465935,asukai-,9871.71,9354.79,453,29790221
31922391,QiuYYY,10191.2,9354.48,-164,29790215
22818942,rLs,10211.2,9354.46,-95,29790215
17864429,Karolek_246,10043.6,9354.41,-29,29790218
39638433,BeMwzZz,9342.52,9354.39,1375,29790231
17192419,Lineu,9878.77,9354.33,840,29790221
29554807,Osu_Boiiii,9824.68,9353.91,766,29790222
36224017,YhrKL,10247,9352.02,-578,29790214
35800030,Seoyun Lee,9780.09,9351.42,946,29790223
31350628,_MarlonOP,10201,9351.28,-519,29790215
33652137,QuerestAuditor,10223.6,9350.91,-245,29790215
13594708,TheVioletFlare,9968.23,9350.20,650,29790220
1563421,manda9n,9387.18,9350.09,2543,29790230
31974069,boah_,9886.13,9349.86,328,29790221
29534794,Mika Lerckovna,10179.7,9349.32,-673,29790216
18788599,shneef,9931.05,9349.21,346,29790220
22112275,Sh3rk,10061.4,9348.92,272,29790218
31222809,Notriaxe,10039.5,9348.60,247,29790218
12664851,Kamikho,9744.64,9347.96,1063,29790223
11931583,ATH_1gr,9902.92,9346.71,848,29790221
16021427,betanrobot,9711.13,9345.98,1338,29790224
11616192,Bestfast,9641.75,9345.19,1526,29790225
36265510,Wrathey,10149.8,9345.08,-107,29790216
20478654,MossMonkey,9627.12,9344.80,1541,29790226
19221238,A5yl6m,9905.75,9343.83,725,29790221
34379121,mjhjyl,10112.7,9343.71,-295,29790217
36973877,ArtemGim235,10043.5,9342.94,-233,29790218
24919190,[NMC] Specular,10293.2,9342.90,-704,29790213
32299848,Doruk123,10060.5,9341.95,222,29790218
36963390,AmanoTooko,10027.5,9341.77,441,29790219
16192279,Mazowo,9845,9341.56,1501,29790222
86188,Staiain,9424.64,9341.47,2561,29790230
32443132,Diokoe,10129.5,9341.46,-14,29790217
37243149,RuBy59,9762.83,9340.33,467,29790223
35125889,Griggt,10212.2,9340.03,-159,29790215
36869211,xsk012,10176,9338.30,-997,29790216
18072573,Bacyoin,9725.18,9338.11,1046,29790224
37902132,Lexd,10201.7,9337.51,-868,29790215
8111953,_Seth,9548.26,9336.31,1805,29790227
14144859,Eluo Eason,9649.1,9336.29,1253,29790225
2628905,_Kemo,9514.22,9335.04,2370,29790228
33648187,Qy_Akira,10289.1,9334.93,-1050,29790213
15188261,Frizzy-,10128.2,9334.76,-407,29790217
25319064,sfsiko,10254.7,9334.75,-692,29790214
27471326,Sham1ko,10168.3,9334.73,-692,29790216
33055240,Marksiee,10136.9,9334.68,158,29790216
24095619,Yosue4324,9858.44,9334.45,875,29790221
19224849,Majiron,10014.8,9334.11,283,29790219
34007915,Cats eye nebula,8980.76,9333.83,1844,29790240
10772044,mitny,10122.4,9332.93,-224,29790217
17560976,e38o,9743.75,9332.25,481,29790223
22184439,nayuta01,10061.1,9332.05,-159,29790218
17940139,In9pyu1,9933.08,9331.75,711,29790220
20072856,Ducksoap,10285.7,9330.41,-682,29790213
34130422,qwppp,9741.37,9329.18,-489,29790223
25129861,[ Defuu- ],9769.04,9327.94,776,29790223
28547553,pirov,9792.36,9327.69,-593,29790223
24526838,Kyunnin,9851.6,9326.37,-37,29790222
17922141,Trippyyy,10241.6,9325.83,-691,29790214
19235355,SelloutSid,9858.65,9325.73,1108,29790221
21183424,Shredity,9825.63,9325.49,1192,29790222
34900203,Sirinexe,10054.8,9325.20,-458,29790218
29655813,konpeko-_,10314,9325.16,-712,29790213
19089796,SoSickSoSad,10202.3,9323.51,-586,29790215
35164071,chihuachicao,10016.7,9322.44,-42,29790219
34718214,DESTTTO,9374.08,9322.32,-1033,29790231
5597043,Hakure,9613.14,9319.87,1531,29790226
33872250,YOUMUUUU,10088.7,9319.66,-480,29790217
34189180,wetyoi,10045.3,9319.34,371,29790218
11654947,Ryusu_,10023.5,9318.90,219,29790219
2145124,Spartan-,9685.71,9317.95,1462,29790224
24877629,000TomatoSoup,10172.6,9317.21,-432,29790216
17144996,Mitsuki12,9652.25,9317.18,1317,29790225
13158006,StarsAligned,9999.26,9316.81,384,29790220
26867925,uvpec,9985.18,9315.89,-281,29790220
14189527,MarvelousCosmos,10105.3,9315.41,98,29790217
30644569,--Glitchy--,9949.85,9315.22,336,29790220
35405009,CoRoN3L-_-o3,10153,9314.97,-294,29790216
38113823,yzy0522,10077.3,9314.95,-735,29790218
24497448,TheQuinte,9640.17,9313.60,1247,29790225
19462950,whit3listed,9948.6,9313.52,-79,29790220
7447118,Siren-,10152.5,9313.45,-456,29790216
29036692,Flandmilia,10337.5,9313.35,-592,29790212
36572474,kqul,10021.4,9313.14,-513,29790219
25256416,kroosvr,9825.29,9312.41,861,29790222
33492323,FypuaXD,9791.82,9311.68,340,29790223
20037525,[LS]SSAS1129,9780.34,9311.35,830,29790223
13852258,vinjoygamer56,9729.3,9309.74,1237,29790224
23913628,Ckskiller,9928.65,9308.78,399,29790221
20405347,morinocanon,9768.39,9308.38,791,29790223
36450912,mazii,10096.7,9307.37,-362,29790217
35023825,Silicon_Surika,10004,9305.92,-97,29790219
4752458,KEHC,9237.59,9305.82,2536,29790234
17770010,doraemon0627,9820.33,9305.64,392,29790222
22571847,Redprovn,10016.5,9304.61,-55,29790219
8410575,Proxae,9569.61,9304.50,1550,29790227
37270795,danonew,10052.6,9304.20,806,29790218
37109692,SophiaBee,10038.3,9303.23,-22,29790218
34132397,quinnq,10352.2,9302.69,-1015,29790212
35659990,mineticbemyt,10171.4,9302.29,-179,29790216
36778319,iKaChew,10181.9,9301.30,-970,29790216
35912532,catplayingosu,9102.52,9300.78,845,29790237
23730683,Norigenn,9769.59,9300.65,838,29790223
35827867,dkkdk,10132.7,9299.95,-537,29790216
4469895,SurfChu85,9608.39,9299.67,1958,29790226
28163801,TomoyaFangirl,10150.1,9299.16,-359,29790216
18802107,Ellikittyscapes,9746.69,9299.14,951,29790223
11207779,-YumeYume-,10139.8,9299.11,-83,29790216
2698361,--Beamsama--,9234.88,9297.20,2728,29790234
34125071,liny777,8864.2,9297.18,2589,29790243
15507341,lunasky25,9984.41,9297.17,-97,29790220
15782575,_Vector_,9863.3,9296.96,588,29790221
25368964,ccccclovemiku,10216,9296.43,-884,29790215
22160696,degusito,9742.51,9296.19,817,29790223
27959439,Onis Macaroni,9343.17,9295.57,1971,29790231
21506892,Rythmik,10120,9294.75,-247,29790217
28631248,AKISM,10120.9,9294.24,-337,29790217
9694799,Light_dragon2,10121.1,9293.78,-237,29790217
36061240,Ace Playz,10201.5,9293.74,-823,29790215
13603342,Demx,9660.4,9293.74,758,29790225
16078911,Vekyo,9826.74,9293.68,605,29790222
19517075,otshelnik,9617.82,9292.78,1613,29790226
33523236,neonight,9995.43,9292.61,80,29790220
14743871,Ju1nY11,9626.91,9292.53,931,29790226
17198629,koishi 1,10010.8,9292.48,42,29790219
11586701,Relical,9591.19,9291.94,1661,29790227
22990897,-MaggeeX-,10029.2,9291.88,-355,29790219
20619391,-yosh1-,10215.8,9290.33,-601,29790215
16400898,PinkieStar,9824.99,9290.30,663,29790222
24076646,Mirika,9623.64,9290.26,1054,29790226
12350727,Nojus54,9648.85,9289.92,1197,29790225
30767642,encat,10080.5,9287.68,9,29790218
36012133,coisudo123,10098.3,9287.42,-264,29790217
37907506,arim0912,9790.88,9287.42,945,29790223
26915818,oofer1278,9811.72,9287.09,400,29790222
33673203,Tevyxl,10231.7,9286.65,-16,29790214
15626120,liamspiderhacx,10193.5,9286.20,-689,29790215
13918460,Misumew,10049.2,9286.11,-129,29790218
11886568,cruxali,10108,9286.01,-329,29790217
33322612,Power-link,10040.3,9285.83,-672,29790218
2478009,Kinsuna,9993.89,9285.57,152,29790220
13941306,pjuf1234,10001.5,9285.51,336,29790219
27595939,Defhungry,9657.55,9285.44,-623,29790225
3181281,Zergh,9783.9,9283.54,594,29790223
14875989,ImOyZo,10028.5,9283.47,305,29790219
9082105,[Crz]Liusecy,9529.94,9283.41,1631,29790228
33856691,Obelius,9897.75,9282.57,333,29790221
10553827,diamondBIaze,9877.49,9282.10,627,29790221
19445999,wwowie,9928.54,9281.09,150,29790221
10208226,KO1824,9869.18,9280.57,661,29790221
35243856,Yonezawa,10092.2,9279.94,-305,29790217
37600166,Scissors,9797.89,9279.42,1024,29790222
14920404,-Reimu-,10110.3,9279.25,-354,29790217
8857066,CharessFanboi,9580.94,9278.58,1383,29790227
31318591,zzsetas,10003.1,9277.95,-257,29790219
34336031,xixifw,10097.2,9277.52,-555,29790217
16011592,banan,9707.17,9277.52,1308,29790224
6436949,Albireo,9563.47,9276.95,1666,29790227
16557619,Buffieman,9602.97,9276.56,1555,29790226
35391395,Stockaxolotl,9866.74,9276.24,-434,29790221
37296017,souyoyoyo,10137.6,9276.23,93,29790216
28376511,Kanade_Sakifu,10116.1,9275.10,-710,29790217
30796382,BaiCha,9807.35,9274.22,590,29790222
17276152,mortz,9549.22,9273.69,1589,29790227
34331610,LYY_Rossi,10185.5,9273.55,-713,29790215
37600819,unknown1987,10039.4,9273.51,-804,29790218
14128407,[GB]yobrevelc,9710.37,9273.44,869,29790224
17409496,BFBFan5346,9635.71,9272.68,1248,29790225
37965217,hhhhmjjh,10178.7,9272.45,-553,29790216
18028103,_oreo,10173,9272.33,-432,29790216
10612832,Erika573,10083.7,9271.83,-49,29790218
35780462,ICE_Sugarrr,10040.5,9271.75,-164,29790218
38688734,aki naoki,10159.3,9271.24,-925,29790216
17140499,Mayoker,10136,9271.24,-708,29790216
8387228,ConaanOBrien,9890.36,9270.56,528,29790221
10615367,ERA Pheon,10092.3,9270.42,-450,29790217
18813055,XeffNad,10127.4,9270.39,-484,29790217
33328836,okisn,10014.6,9270.38,-398,29790219
2281719,minuie,9211.52,9270.27,2572,29790234
36323002,bwbwbwb,9797.52,9270.11,313,29790223
10648812,GUDA,10096.8,9268.72,-316,29790217
34034712,Arcueid_,10102.2,9268.71,-634,29790217
37613658,DzulISCool,10006.5,9268.68,102,29790219
38917820,Zmizma,9222.59,9268.43,1194,29790234
19902865,Imuwashi,9869.53,9267.23,608,29790221
35832416,careymon1,10094,9267.21,-355,29790217
37186351,keineakeine,9434.17,9266.98,1475,29790229
4332218,thanhasdy123,10056.5,9265.83,-567,29790218
34982223,LittleBlack114,10238.9,9264.94,-921,29790214
36545243,sdds-tw,9918.83,9264.81,107,29790221
25456071,LimeX2,10161.8,9264.09,-1043,29790216
16511599,Enderlegend87,10100.1,9263.84,-972,29790217
29627424,Lamasboy364,9697.25,9263.03,1137,29790224
1594604,Azubeur,9610.66,9262.17,1414,29790226
34066821,Neko_death,10097.9,9262.03,-447,29790217
20668184,iiVicxnteqX,9781.91,9261.90,384,29790223
10692507,tptplayer,9300.44,9261.60,1603,29790232
30797607,Huangxxiao,9996.87,9261.55,-611,29790220
18591054,GroningenGaming,9893.77,9261.50,-676,29790221
29361622,rlawowls123,9186.05,9259.76,1976,29790235
33747053,Alpha_357,9501.12,9259.47,1404,29790228
8160564,snowsnowsonsnow,9688.65,9259.39,1095,29790224
21132126,Ornitono,10157.6,9258.92,-274,29790216
18242536,ralphm,9382.01,9257.96,750,29790231
23885253,pumpnut,9808.32,9257.69,369,29790222
16150392,msdhy,10237.4,9256.43,-829,29790214
7547506,qwhj79,10078.4,9256.29,-464,29790218
17066262,Drimba,9789.55,9256.29,824,29790223
21188734,-dex-,9920.31,9256.27,375,29790221
8684393,LucazOsu,9637.82,9255.86,956,29790225
4463653,MiyanagaS2Saki,9201.58,9255.85,3019,29790234
6538977,TripleSixAgo,9528.84,9255.15,2212,29790228
34924893,April-Showers,9867.71,9255.05,1217,29790221
11458685,Sumere,9733.02,9254.47,1156,29790224
33305711,Alpaca5147,10051.7,9254.06,-663,29790218
13850593,truEleysia,9385.4,9254.00,1217,29790230
19733719,balu,10263.6,9253.57,-901,29790214
8479668,ARGOS,9761.31,9253.16,896,29790223
17953330,kevinzheng0308,10127.6,9252.40,-377,29790217
19413213,Kamunomi,9813.59,9250.40,301,29790222
34034218,frum31,10155,9249.83,-687,29790216
29512763,Villanovinho,9443.16,9249.76,1565,29790229
11405217,zerolix,10169.4,9249.41,-784,29790216
36093107,jdaio,9827.46,9249.38,82,29790222
36568248,SaiKat,9632.47,9249.09,304,29790225
35008213,samueldugg,9567.31,9249.08,-327,29790227
25813529,onetho,10195.6,9248.87,-668,29790215
39003719,ArcaneBlast,9465.12,9248.58,195,29790229
37007049,popolee,10153.1,9248.22,-941,29790216
35071137,pendulumsquare,10006.1,9247.64,-197,29790219
18811628,thin student,10050.4,9247.22,-496,29790218
8796414,LknLd,10015.8,9247.18,-302,29790219
38664105,cchhuuaann,10008.6,9247.17,-178,29790219
32164275,Bigheadtony,10045.4,9246.10,-783,29790218
22966791,arcade_____,9860.93,9246.09,204,29790221
8183565,ApatheticWizzy,10094.4,9245.24,-146,29790217
14238035,w1zzer,9919.2,9244.43,379,29790221
15391895,Legenb,9756.28,9244.11,648,29790223
7163621,MaxJunior,9669.25,9243.97,1067,29790225
30143933,minhkhio,9788.95,9242.41,692,29790223
34752371,Psychedelics114,10053.5,9242.37,-448,29790218
14223286,sakura no uta,10125.4,9242.32,-787,29790217
27672571,bb233,10050,9242.07,-432,29790218
22656756,MilesNoobkk,10043.7,9241.84,98,29790218
19478398,Humesati,9770.54,9241.15,128,29790223
25689188,LunarSticks,10075,9240.42,-969,29790218
5045509,Yoshiori,9916.4,9240.15,377,29790221
18794618,Luchito,9671.24,9238.95,546,29790225
3357640,ElectroYan,9435.15,9238.57,1256,29790229
38208549,Formosa,10121.2,9238.53,-905,29790217
38092653,mingkongowo11,9766.14,9238.31,416,29790223
31136276,korosandesu4224,10069.8,9237.89,-463,29790218
12704435,darknutter12,9708.5,9237.57,335,29790224
25992449,oufei_,10038.1,9237.43,-372,29790218
10721927,skdhw,10012.6,9236.52,-227,29790219
32334243,a368787,10211.4,9236.40,-954,29790215
10581072,Colorful sounds,9280.4,9235.85,1825,29790233
15450462,film,8929.65,9235.84,3163,29790241
11273333,mmi366127,10161.3,9235.76,-454,29790216
18787139,melon200___,9901.78,9235.59,-275,29790221
37727992,Matias093,10015.7,9234.26,-21,29790219
7690361,Razzy,9876.12,9233.87,701,29790221
24559683,SuzuneHanamona,9469.88,9232.98,1736,29790229
25379764,mayoi123,9610.41,9232.81,981,29790226
6667024,Animerge,10147.3,9231.53,-37,29790216
25385784,Rick_C928,10123,9231.20,-619,29790217
29896496,notpermxfrzst,9822.66,9229.91,582,29790222
33978768,YMD 9S YT,10003.7,9229.63,215,29790219
15716841,Sizuka,9494.55,9229.55,1396,29790228
32693690,wintonchan,10066,9228.72,-237,29790218
24888256,RealProYT0,9636.28,9228.61,-527,29790225
15756120,H1Pur,9639.66,9228.39,972,29790225
21998492,cro,10164.8,9228.31,-571,29790216
1860875,Twintail_Ageha,10024.5,9227.08,-191,29790219
36192542,HLink,10193.8,9226.66,-998,29790215
29048974,Afrixon,10047.5,9224.28,-725,29790218
27501101,realname68421,9448,9224.12,1847,29790229
28285502,MyAngelNeri,10016.3,9223.99,-656,29790219
31019594,Huchao,10090.4,9223.96,-407,29790217
27931048,rudy_osu,9437.98,9223.35,805,29790229
31383504,Sl4sher_io,9316.53,9222.48,879,29790232
36527952,ngmdiee,9895.96,9222.43,-398,29790221
10437890,zhukson,9193.29,9222.14,2696,29790235
11917711,Roxybuff,9524.77,9221.58,1609,29790228
33780096,FreshFruits,9288.28,9221.58,13,29790232
34373444,Genix345,10119.5,9221.24,-712,29790217
10175370,Kreous,10124.7,9220.77,-575,29790217
38628240,Kuraimoka,9828.88,9219.19,199,29790222
26776701,Molt,10023.9,9219.04,-398,29790219
38981772,hhdms,9993.39,9218.67,-852,29790220
25780220,Nornedy,9807.52,9218.26,553,29790222
16512600,JUNG1030,9475.73,9217.97,2105,29790229
30094124,Lennyskdae9_alt,9672.59,9215.67,-218,29790225
35504210,OutPlayedDA,9822.38,9214.97,-468,29790222
25621521,sooty_yank,10149.4,9214.41,-922,29790216
28815940,NoTimeCat,9681.39,9214.26,740,29790224
3807675,Kiraz,9822.03,9213.95,375,29790222
34530281,izukulunatic,10061.7,9213.64,-587,29790218
25345378,Articzox,10017.2,9213.34,-692,29790219
10659178,SmilingKey,9598.17,9213.14,1237,29790226
4003670,Kir1maSharo,9298.16,9212.98,2058,29790232
8700468,Punnies,9549.51,9212.71,1210,29790227
24673180,jeje09,10034.2,9211.95,-387,29790218
13384149,jojo165bx,9699.22,9211.91,750,29790224
14714088,arcine,9117.28,9211.72,1130,29790236
37421051,eviee,10071.9,9210.70,-754,29790218
30638731,hh27v0,10007.7,9210.22,23,29790219
7918745,Nek0LuLu,9597.7,9209.71,999,29790226
5779331,goodcat1303,9768.45,9209.57,630,29790223
37411652,baldiwithapple,8671.75,9209.54,777,29790248
35343377,LengenAir,10048.1,9209.46,-458,29790218
38044474,Mevi_,10061.3,9206.82,-1101,29790218
33219264,isenfduer,10018.4,9205.23,-433,29790219
15432710,ZaroK RouK,10066.2,9204.49,-639,29790218
20397217,Trykk,9588.1,9204.28,727,29790227
38342244,Lapapa002,9858.14,9203.75,-888,29790221
24151757,khe4supten,9771.35,9203.74,-373,29790223
35058080,femboyloy,10003.5,9203.20,-202,29790219
21129437,[Shiroko],9905.14,9202.90,80,29790221
1744674,dump30,9912.76,9202.70,-42,29790221
13462922,ShaWell,9631.1,9202.56,791,29790226
15167241,Jawes,9616.15,9201.39,1199,29790226
35812148,luispspsps,10054.1,9201.16,-264,29790218
33814735,Wroochair,10105.2,9200.58,-1029,29790217
29430468,ghost-01,10038.4,9200.34,-775,29790218
24767980,VanossGaming,9490.65,9198.12,1815,29790228
23369043,gabe d,9836.08,9197.60,167,29790222
30357961,Alumence,9885.23,9197.45,-50,29790221
33304481,real12125,9968.53,9196.51,-755,29790220
34596207,NoAnswerr,9962.9,9195.52,-205,29790220
32120736,KurxxedFurry,10085.2,9195.49,-937,29790217
26357944,Sakuraba Ema,10049.3,9195.27,-896,29790218
10324238,AraAraHuhuhu,9793.82,9194.59,678,29790223
7348323,ky4665,9185.03,9194.22,2091,29790235
20693096,Mei_LaiVT,9991.41,9193.55,-533,29790220
17506167,LAGUETS,10041.8,9193.35,-453,29790218
35395591,maare the rock,10052.9,9192.61,-431,29790218
30732160,Akitsuuu,9753.32,9192.55,625,29790223
19007348,LuiguiPRA-_-,9896.7,9192.31,-108,29790221
16743909,SSumday0734,10013.9,9191.83,-509,29790219
31342999,zhang_zhang,10056.4,9191.23,-890,29790218
25571213,ksxjjds,9953.51,9191.18,-421,29790220
38338857,JeneticVN,9719.22,9191.14,709,29790224
15829537,Joon1,9757.58,9189.80,-53,29790223
11818585,Baguette2Pain,9554.8,9189.05,1118,29790227
35090727,AST Zomtied,10018.1,9189.04,-638,29790219
26231596,xiaobudian2323,9679.81,9189.02,697,29790224
36394479,uwu123,9811.29,9186.18,666,29790222
31828499,Metamorphosism_,9608.68,9185.92,554,29790226
39353979,lose4331,10028.7,9185.38,-580,29790219
25380844,ClarkIsIDK,9861.63,9184.30,51,29790221
29385158,DareXDude,9931.38,9184.15,-182,29790220
37220997,bbgeorge,10015.6,9182.46,-249,29790219
13395045,aus_si,10025.7,9181.98,-180,29790219
35118133,ilikethat,9726.47,9181.70,665,29790224
12565254,wolfyou,9609.11,9181.43,991,29790226
16137705,PassiFox09,9920.76,9181.28,-490,29790221
19220938,Neil6,9979.1,9181.04,-417,29790220
36957961,QZT,9941.87,9180.49,-124,29790220
37407829,aalskdjf,9732.25,9180.21,581,29790224
14410101,snomi,10154.5,9180.16,-1008,29790216
31347415,aqts,9641.18,9180.07,-295,29790225
13610320,Nanami Arihara,9735.63,9179.93,824,29790223
37638078,lulu_,9997.24,9179.23,-870,29790220
11498285,Juannabe,9506.93,9178.91,762,29790228
26900374,-L u n a-,10000.1,9177.89,-500,29790219
9597659,S a b i s u k i,10114.5,9177.80,-514,29790217
37198051,NatsumeAnan,10124,9177.62,-1194,29790217
36112206,fexiod,8918.84,9177.37,3035,29790241
36236381,Ngood,9726.17,9177.10,378,29790224
6907832,MSLER,9892.94,9176.66,42,29790221
32920404,Refelction,10008.3,9175.66,-446,29790219
38608903,pica1sso,9811.36,9174.59,-326,29790222
26089816,[Kasane Teto],10015.9,9173.73,-227,29790219
34893991,Kyrenz68,9894.38,9173.47,-619,29790221
33809908,Ilvobjectshows,9687.95,9172.96,311,29790224
37142338,Overk3y,10007.6,9172.61,-167,29790219
23311876,hexcity,9515.78,9172.32,1140,29790228
15519152,allllb,9734.36,9171.61,-11,29790224
14499702,mohca,10046.9,9170.73,-738,29790218
37463307,wilden,9975.08,9170.72,-248,29790220
27580766,Shou_poi,9822.3,9170.25,170,29790222
19933905,WilsorryZ,9340.88,9169.95,2097,29790231
28364452,anthia,9666,9169.58,969,29790225
6785867,F3RR0S1,9104.88,9169.22,2784,29790237
33122535,Enaaa,10199.3,9169.03,-719,29790215
39259346,bell_vi,9651.7,9168.93,1613,29790225
31903537,ShellRhyme89163,9599.24,9168.92,1175,29790226
20327199,Ramila,10009.5,9168.74,-202,29790219
10904273,AllenF,9958.4,9167.93,-404,29790220
15882671,Leinana,9442.59,9167.73,2109,29790229
37362609,JNullJ,9977.16,9167.30,-632,29790220
31684355,dumnum1,9462.64,9166.68,203,29790229
8893772,Molli,9936.5,9166.46,-291,29790220
15143967,oDANg0,9651.76,9164.87,737,29790225
2229274,Xytox,9423.59,9164.78,1985,29790230
4681744,MrFlinxy,10034.3,9163.58,-614,29790218
32472073,Glowbot,9938.44,9162.28,-577,29790220
37230598,Dreamer_Throw,9739.19,9162.04,-1202,29790223
21402639,Sheen_,9982.39,9161.60,-337,29790220
28096666,Spaceyyy,9863.4,9159.35,-105,29790221
37403457,skydome,10013.3,9158.89,-488,29790219
35500726,KUZUHA443,9470.69,9158.26,96,29790229
25537640,Reiraa_,9797.66,9157.83,311,29790223
29546577,barbipen,9817.25,9157.61,200,29790222
33852065,RYLEX,9622.1,9157.39,302,29790226
14184193,Mugine,9701.54,9157.21,792,29790224
25126474,Corgi_guy,9620.74,9157.16,19,29790226
17009285,GuyyaReiki,9997.71,9157.00,-482,29790220
25981640,giantpony,9714.13,9156.94,1117,29790224
36542124,dingballer,10006.6,9156.18,-492,29790219
7842506,Yucky,9589.34,9154.39,1113,29790227
24181776,Nephylle,10100.9,9154.23,-350,29790217
11061804,Flade,9741.07,9154.23,515,29790223
26622175,ahko0126,10044.1,9152.45,-491,29790218
32096925,ImStUdEennt,10000.2,9151.87,-357,29790219
34902189,abrahams_poo,9771.04,9151.34,-480,29790223
10989202,Rose Emp,9952.61,9150.95,-417,29790220
17636005,DJ asuna,9466.57,9150.94,2218,29790229
32444656,K1ngu,9544.71,9150.71,1032,29790227
35224594,FireEmperor,9918.5,9150.05,-593,29790221
38531879,xiaozhoust,10020.1,9149.04,-220,29790219
38889260,xMai,9662.08,9148.91,1152,29790225
24306688,casa001,9458.18,9148.68,1421,29790229
21121602,ArrogHie,9938.25,9148.55,-279,29790220
27175001,[GB]Kita-,9731.01,9148.28,262,29790224
25018706,Finisher2009,10010.1,9148.24,-430,29790219
35034697,wgfo,10086.6,9147.35,-1051,29790217
12468090,Cookitoraonmilk,10000.3,9147.24,-532,29790219
33548001,levatischenko09,10000.5,9146.97,-745,29790219
28356457,12bqs123,9970.11,9146.82,-611,29790220
33151416,STFisaac,9740.69,9146.04,212,29790223
38009483,misaka1774,10008.1,9145.94,-617,29790219
37033228,A_EEEEEEEEEE,9435.81,9145.89,-15,29790229
19808091,FOZ,10085.1,9145.63,-747,29790217
13323838,Walpurgisnacht_,9932.63,9144.59,52,29790220
33015159,-Ikarii-,9807.77,9143.76,-708,29790222
39268698,themapmapman,9671.99,9143.72,652,29790225
17834316,Illican,10025.6,9143.65,-886,29790219
36329106,feltenn,9407.33,9143.23,1144,29790230
38832435,AskiOVO,10000.7,9143.16,-776,29790219
36831793,BaklazhanchkXD,10034.8,9142.98,-808,29790218
26700009,efg1237,9991.11,9142.66,-246,29790220
31142757,Scplord1,9779.08,9142.01,-489,29790223
14431262,louie351,9786.15,9141.70,176,29790223
35860701,PixeIs,9860.38,9140.34,-551,29790221
6965094,Werewolf,10006.7,9140.19,-651,29790219
15863480,Asymetrical,9837.45,9139.85,-123,29790222
36528478,ksm-,9930.88,9139.60,-442,29790220
38716258,Arisaka-Mashiro,9647.64,9139.58,351,29790225
31818660,dream_luo,10009.1,9137.31,-749,29790219
23707078,Aszura,9782.98,9136.59,398,29790223
38903144,ANASK,9978.4,9136.03,-568,29790220
15430792,D4shFlight,9583.71,9135.99,988,29790227
11840895,jumbo59742,9999.79,9135.92,-570,29790219
15443765,Fefe_,10032.1,9135.48,-713,29790219
19071032,Icyilc,9915.73,9135.34,-463,29790221
26393603,vinicinn,9713.74,9134.24,210,29790224
19284796,Normal1919,10001.1,9133.94,-416,29790219
38502410,DIE jango,9742.9,9133.82,-897,29790223
13523360,Fighter_778,10088.1,9133.77,-980,29790217
36904926,xiaoshanzhu,10030.8,9133.56,-794,29790219
37529025,sattyann118,10031.4,9133.54,-1030,29790219
32741111,BoJiang114514,9884.92,9133.26,-317,29790221
28578051,Harrvvuu,9734.15,9132.34,420,29790224
11959112,happychoco,9990.68,9131.83,-714,29790220
29967872,Among254,9999.44,9131.79,-749,29790220
34050989,TheRealB3Rk,9787.15,9131.35,-70,29790223
15440118,ERA Leo,9779.57,9131.24,228,29790223
15270411,[LS]Mari,9853.53,9130.04,566,29790222
31919500,Eilte Lotus,9815.09,9129.97,199,29790222
29914385,DistinguishedD,9866.05,9129.95,-851,29790221
35824409,buka0714,9921.66,9129.92,-593,29790221
20886272,Whitesoak,10007,9129.45,-642,29790219
33866718,--Mortis--,9682.11,9129.33,565,29790224
38302231,Eppypen,10083.4,9129.06,-877,29790218
38990708,LorDj_01,9661.95,9128.89,-501,29790225
33830040,QUARX7,9532.94,9128.52,1099,29790228
23291463,2LOVG,9577.96,9128.05,826,29790227
19007465,haukit0128,10038.6,9127.41,-755,29790218
32444829,YoakeP,9960.71,9127.41,-152,29790220
23865793,Kiyanaki,9561.66,9127.06,1153,29790227
29181631,AKA_light,9542.95,9126.99,394,29790227
33635161,adsdasus,9948.18,9126.77,-664,29790220
15963327,Xgojfz,9307.42,9126.03,2224,29790232
32304072,Kokori_,9477.12,9125.97,1752,29790229
34377805,EyYou,9614.47,9125.05,559,29790226
37038633,Nexxz,10020.6,9124.34,-508,29790219
11655957,Rantury,9996.71,9123.90,-725,29790220
220624,SweetSoul,9036.44,9123.75,3206,29790238
7765198,salt-fish,9995.89,9123.51,-722,29790220
11859958,signupredir111,9808.6,9123.37,540,29790222
4319655,Mwallx,9173.44,9123.13,2678,29790235
16692964,MrDoggoBruh,9711.98,9122.56,124,29790224
35736220,D3xBE,9652.43,9122.43,670,29790225
25318790,- Bread -,9877.76,9122.19,-105,29790221
36147883,linkiffer,9602.29,9122.13,758,29790226
39245328,DantsuFlame,9871.81,9121.31,-1020,29790221
32348622,Camellya0798,10018.2,9120.81,-851,29790219
21209644,MightyTheMatt,9934.36,9120.59,53,29790220
36228826,ArcMiso,9803.45,9120.12,-490,29790222
28392484,vhyj,10017.5,9119.98,-350,29790219
15323784,ecfecfehycbey,9636.02,9119.60,762,29790225
24694032,Wimpy Cursed,9900.75,9119.42,-293,29790221
34389397,msddddd,9761.41,9119.05,-952,29790223
29825892,Lunamorii,9589.5,9118.82,-96,29790227
30863577,sk8gezhu,9521,9118.50,-271,29790228
8608903,Anas-,9504.52,9117.81,709,29790228
22425073,MNINM,9740.6,9117.73,10,29790223
21567746,EmilRex,9415.56,9117.50,863,29790230
3961994,Hilda-,9217.27,9117.38,2413,29790234
20605482,Sh0ne,9850.09,9115.85,-332,29790222
37401746,saihdus,9692.25,9115.70,-164,29790224
6661676,[TMEO]Sharli,9948.32,9115.26,-341,29790220
8701544,lightglow,9705.11,9114.76,402,29790224
26579106,onlyn,9831.17,9113.92,53,29790222
22860682,MemeIntent,9817.56,9113.92,-161,29790222
2635373,Soup,9104.56,9113.63,2884,29790237
22722766,gg11,9850.46,9112.96,-351,29790222
26889063,Usernaming64,9349.01,9112.86,70,29790231
22754919,Pitii,9603.25,9112.77,494,29790226
37586826,caibao,9847.33,9111.56,-210,29790222
31030022,Komatsuna,9760.77,9111.56,-919,29790223
16003534,FoxProto,9642.27,9110.64,385,29790225
25371717,pashalka,9981.82,9110.54,-558,29790220
38020611,altfd,9660.62,9110.18,633,29790225
35809407,Pinno,10021.6,9109.84,-663,29790219
38262167,darkend78,9038.48,9109.06,1407,29790238
29618633,Amatsuko,9958.89,9108.21,-475,29790220
21820333,Cdr_yang,9707.5,9107.53,469,29790224
33621788,gouqi233,9537.53,9107.36,848,29790227
12606730,YunoMaya,9426.33,9107.32,1467,29790230
8465288,Pengchenhao,9288.61,9107.09,1867,29790232
38128160,um-sihu,10060.4,9105.85,-667,29790218
9773619,RAI_4,10000.9,9104.75,-804,29790219
35676181,Safaia010,9667.32,9104.46,732,29790225
35949151,zhengno,9973.74,9104.32,-223,29790220
18385164,DavidTrn,10074.2,9101.43,-603,29790218
20815819,atoniic,9916.87,9101.17,-656,29790221
23226517,ZefkaxD,9609.04,9101.06,727,29790226
11081750,Sidetracked Day,9715.08,9100.97,556,29790224
21314800,uderstat,9510.03,9100.41,775,29790228
23181649,JagungBakar,9444.3,9098.16,919,29790229
33830144,TheMost,9745.84,9097.96,414,29790223
8810018,lovefrom,9851.46,9097.32,326,29790222
22740097,novanokona,9565.82,9096.98,899,29790227
33296077,yonghumin1,9731.11,9096.70,-242,29790224
19216973,Quilava,9672.78,9096.61,412,29790224
22490974,TiempoBot,9789.69,9096.53,46,29790223
16723762,komugii,9484.37,9095.72,1037,29790228
36407454,Sariel,9816.9,9095.04,-119,29790222
32332434,Jonjizz,9874.63,9093.51,-214,29790221
25741537,Kr0ketas,9571.13,9092.98,946,29790227
34218512,MrKris_Yt,9953.58,9092.91,-409,29790220
29254846,Seemsleigt,9999.53,9092.59,-468,29790219
34112085,CPPJX,9930.97,9092.45,-699,29790220
38699590,Swepul,9722.94,9092.00,160,29790224
18337685,SzymeK_,9873.28,9091.54,-32,29790221
26888475,Rabbitsquad-,9574.5,9090.87,832,29790227
26651791,nCapzil,9560.89,9090.57,809,29790227
7069740,Drahbea,9444.98,9090.56,1021,29790229
37586298,PeliTon,9890.59,9089.68,-524,29790221
38243755,KittySpoon,9969.22,9089.19,-785,29790220
16189852,tpos,9715.84,9087.99,399,29790224
20169089,OctaElUmbreon,9658.87,9087.70,186,29790225
23151496,Rageinater,10015.3,9087.62,-775,29790219
25552215,Lil Doe,9744.09,9087.60,-32,29790223
33793672,cjt0912,8917.85,9087.59,1609,29790242
29970306,Xped1,9844.26,9087.45,-708,29790222
33924680,M1LLON_los,9854.55,9087.18,-249,29790221
25308212,miney3,9908.98,9086.88,-102,29790221
15664805,cedaralis,9641.4,9086.46,521,29790225
34412849,alyssa117burns,9903.22,9085.42,-294,29790221
35331588,panos_panos_p,9513.98,9085.39,775,29790228
4677373,Conversation,9495.64,9084.50,1547,29790228
16889915,seyu07,9966.92,9084.24,-666,29790220
33591521,TEvoD,9650.77,9083.16,-886,29790225
33191229,Guillermo_FEng,9634.71,9083.00,818,29790225
25976218,SkReems,9721.72,9082.95,327,29790224
35699590,stayinertia,9563.35,9082.95,701,29790227
29563074,uglycat_,9617.25,9082.81,325,29790226
17537004,nyamushi,9573.65,9082.45,488,29790227
35998999,simpdemadoka234,9261.59,9081.93,1757,29790233
33497515,karvl,9912.59,9081.79,-863,29790221
29612784,Andonline,10025.9,9081.55,-643,29790219
17523947,Sydosys,9625.86,9081.37,753,29790226
18969685,saku1114,9862.8,9080.50,-251,29790221
6372345,Kazumine-,9854.71,9079.38,-516,29790221
30703726,WelpImBad,9874.49,9078.45,-898,29790221
11434675,Lattice,10004.6,9078.10,-615,29790219
19421910,Arcyol,9925.66,9077.93,-305,29790221
17653267,Chinhowu,9658.02,9077.39,256,29790225
22860236,TRKXCMania,9581.48,9076.22,634,29790227
22615422,AnLouis,9578.74,9076.13,792,29790227
1591215,[Crz]ScSolAr,10019.2,9075.98,-205,29790219
32268880,bacon man6969,9834.41,9074.77,-426,29790222
12086228,_XJR_,9838.74,9074.29,25,29790222
27371362,JosephMV08,10002.2,9073.31,-876,29790219
24593476,calcishard,9862.72,9072.47,-654,29790221
25963078,supermax_1,9961.41,9071.43,-810,29790220
20962095,Teaiori,9590.16,9071.00,214,29790227
33546224,w0sky,9403.71,9070.73,1389,29790230
11890001,IKIRI-ToA,9730.74,9070.49,403,29790224
26771034,PointAziz,9847.24,9069.82,8,29790222
37809224,ACAnenene,10000.4,9069.64,-1107,29790219
33323096,senri-mex,10011,9069.63,-703,29790219
18016316,Nageki_,9546.57,9068.93,1086,29790227
29012850,fumo enjoyeer,9616.82,9067.97,-481,29790226
16283055,Faml,9600.03,9067.64,768,29790226
23136225,Justpezzo,9829.88,9066.55,-641,29790222
13390130,Ghost9631,10012.5,9065.69,-755,29790219
23091978,Maykee kee,9278.46,9063.86,1031,29790233
37780681,LoadSystem,9771.53,9063.73,-53,29790223
15406985,Ivaxa,9700.84,9063.59,25,29790224
36144268,justsandyr,9219.84,9062.33,1393,29790234
37397375,[RNC]Maf1a,9930.47,9062.20,-301,29790220
10673080,Jasver,9162.5,9061.86,1422,29790235
38224991,shlaber,9879.65,9061.84,-669,29790221
19388623,Slytharbez,9641.01,9061.60,543,29790225
38188999,mommy857,9247.88,9061.23,189,29790233
32047306,Nordico-,9588.38,9060.76,698,29790227
23980914,[BBC]UrabeLover,9360.76,9060.15,1277,29790231
2804545,AntennaWT,9187.9,9059.24,1309,29790235
22437377,Ds Reis,9519.02,9058.58,-804,29790228
7044210,Natsuki Kaguya,9765.6,9058.55,-65,29790223
19695573,[Lmc]Alex,9901.97,9058.19,-1077,29790221
36487001,RAINYSHINE064,9811.94,9058.02,-486,29790222
11918602,mabayu,9311.11,9057.64,1795,29790232
35266365,Lucia Storm,10016.1,9057.02,-597,29790219
29787315,gacky55,9341.78,9056.25,1631,29790231
9510882,Starpage,9860.53,9056.04,43,29790221
24320140,Jeremy XDDD,9832.24,9055.86,-305,29790222
30617058,Yahanrabong,9298.03,9055.56,1093,29790232
36169122,plana_sama,9650.62,9053.96,224,29790225
19605716,hxs68,9776.65,9053.63,-258,29790223
4740281,Terodorah,9833.87,9052.61,0,29790222
16552153,Lzro985,9709.64,9052.39,-53,29790224
35426987,BRUCE0204,9908.16,9052.38,-711,29790221
32954636,psby,9831.27,9050.04,-260,29790222
34510975,IDKMYUSERNAME,9801.69,9049.10,127,29790222
10879600,HowToPlayLN,9433.35,9049.00,1274,29790229
32677929,yuyoux7,9837.34,9048.97,-366,29790222
38139761,xsnjdhan,9819.62,9048.87,-416,29790222
38389203,Gian04122007,9337.33,9048.50,-1167,29790231
29149854,Perads,9377.29,9048.17,865,29790231
11312272,Nqinn,9219.58,9047.83,2261,29790234
36720024,SHU white,8345.82,9046.50,-362,29790257
16737370,Fadeue,9922.96,9046.00,-574,29790221
2429921,carry123,9051.97,9045.61,1835,29790238
12045149,FullCombro,9530.73,9045.57,904,29790228
26891417,wddg,9701.25,9043.72,212,29790224
11999777,shartgaming34,9665.75,9043.70,-149,29790225
38497775,aqwjful,9141.51,9043.40,737,29790236
35746203,[[bracket]],9781.64,9042.10,-915,29790223
39676845,droolhehe,9020.82,9041.00,97,29790239
14719318,sylvie-,10072,9040.97,-1227,29790218
23700738,SomnusM Fanboy,9644.76,9040.76,404,29790225
21612806,hadii06,9583.17,9039.70,923,29790227
23504492,cdaniel_ht,9765.06,9039.31,-193,29790223
12203655,xXIciousXLzV20,9813.39,9039.22,-156,29790222
30303352,T3nohira,9573.15,9039.17,191,29790227
17741392,1wingedangel,9785.11,9039.15,56,29790223
21903060,megasheeper,9836.24,9038.26,47,29790222
36083041,OgurecPidor,9737.36,9037.77,-494,29790223
36257924,Jaskdjkska711,9661.41,9037.02,75,29790225
9274711,Magicraft,9777.83,9035.97,116,29790223
30051942,IdozKaya,9921.34,9035.26,-625,29790221
14748844,qRainbowSmile,10004.4,9034.90,-888,29790219
18071968,[-Lotus-],9853.6,9034.78,-143,29790222
24989144,NPCat,9249.56,9032.90,1486,29790233
34270603,BadFalled,9763.64,9032.43,266,29790223
22154946,Yari_Nakago,9671.06,9031.41,559,29790225
12202323,Mini-Mouse,9638.45,9031.36,279,29790225
14461188,TheGucciDragon,9185.15,9031.13,-926,29790235
11773899,PonytailFangirl,9472.75,9030.95,915,29790229
29004348,HwanyPlayz,9692.72,9030.93,430,29790224
37955066,aquadanyo964,9670.77,9030.18,-297,29790225
32541588,Yuri91827,9766.88,9029.81,-24,29790223
14361638,Maayo,9825.98,9029.39,7,29790222
10202140,Cath,9777.25,9027.19,45,29790223
22782516,Mega_Volvirine,9571.73,9027.17,184,29790227
37050084,Asianman69,9828.56,9026.89,-625,29790222
11761132,Yona Valfrid,9787.42,9026.82,-310,29790223
38486164,Skawau,9352.06,9026.65,1145,29790231
35548476,eveille,9676.24,9023.77,572,29790224
15266747,--Xer0--,9711.33,9023.05,-776,29790224
32542370,Lolp-cn,9490.27,9023.05,385,29790228
30721521,God_of_soumen,9885.13,9022.93,-727,29790221
37306202,jh1211,8735.86,9022.79,1617,29790246
26911718,Severum,9825.8,9022.30,-430,29790222
13360846,SaeSsakk,9571.22,9021.32,784,29790227
36634829,verseaitch,9562.65,9021.07,404,29790227
20674650,jaydeereaper,9419.29,9021.03,1253,29790230
14561734,kaaari,9573.46,9021.00,454,29790227
10644937,scuty,9338.83,9020.49,229,29790231
15139969,Cecilion,9069.54,9020.33,1387,29790237
16992534,VinceVG,9091.8,9019.09,-442,29790237
6187838,Misolato,9487.61,9018.36,923,29790228
32656469,TheRealLojii,9358.9,9018.18,1320,29790231
35260387,piglinww,9395.73,9017.10,231,29790230
31020464,nonononononomo,9776.42,9016.66,-891,29790223
37178362,RoBeats-boss,9809.65,9016.57,-643,29790222
30731587,tlablab,9608.08,9015.68,129,29790226
24989324,Amarogus,9885.55,9015.43,-397,29790221
31504836,ii HxPs,9578.84,9015.14,122,29790227
16362504,Yung Moni,9392.26,9014.90,608,29790230
19907692,Daifra,9718.79,9014.82,-164,29790224
35191195,scarlet514,9867.44,9014.32,-467,29790221
28384512,Lee Chaolan,9578.06,9014.13,468,29790227
35714340,SenkoGijutsu,9842.35,9013.99,-857,29790222
19329627,Jae-,9505.33,9012.77,694,29790228
21788629,[REG]M1ST3R,9657.49,9012.72,-96,29790225
24798441,WHATCONTROLLER,9557.59,9012.64,516,29790227
23390174,Tokody,9619.74,9011.67,626,29790226
38183846,Exle_,8589.02,9011.63,1752,29790251
34525866,Noriktoin 55],9845.67,9011.48,-244,29790222
16245212,sharpiezzz,9212.09,9010.89,1810,29790234
15785571,l-_-l,9328.53,9010.25,1094,29790232
30818605,Reka,9013.94,9010.15,2944,29790239
12918899,Edgy_,9438.17,9009.81,1168,29790229
39667195,skibidibros,9336.11,9009.75,-131,29790231
21511041,Ayzure,9917.86,9008.95,-593,29790221
22026374,aeolos,8896.67,9008.03,-1153,29790242
10265438,Esencia,9670.39,9005.44,632,29790225
37268336,fish0113,9684.09,9005.34,-596,29790224
26529346,JuanCnt,9654.65,9005.16,178,29790225
11381619,Gabryelsz,9448.65,9005.14,908,29790229
9650304,aci,8859.19,9004.58,2719,29790243
37659797,Fnf player rawr,9887.3,9004.44,-779,29790221
36154827,SweetSummer,9647.07,9003.83,124,29790225
13478335,[_Omoi],9639.5,9003.78,309,29790225
10448141,YongSun,9539.37,9003.27,802,29790227
33336067,BrandenXia,9704.27,9002.48,215,29790224
26256962,_Yume,9799.95,9002.31,-268,29790222
25036787,Eccentricity_,9289.16,9002.11,915,29790232
15753673,wattle gattle,9498.86,9001.99,223,29790228
5235218,[RS] Freddy,9766.04,9001.57,-771,29790223
14430622,aurusei,9491.71,9001.56,667,29790228
35324690,DitzZzLeh,9805.62,9001.25,-654,29790222
32866018,laoba233bili,9262.82,9000.35,1051,29790233
16318103,mikaim,9280.89,9000.18,1301,29790233
30039786,Doksuri-,9657.79,9000.07,243,29790225
11648156,rolewj,9517.57,8999.63,774,29790228
8288049,celesteria_,9248.15,8996.71,1485,29790233
37085082,[love-bullet],9861.93,8996.51,-459,29790221
9129934,Kurumin SIMP,9607.31,8996.42,-319,29790226
11102760,Redhair,9314.68,8996.05,1789,29790232
18920341,clocktwerk,9781.98,8995.93,-327,29790223
29949157,WELUVMYUKA,9769.27,8995.63,-154,29790223
38281084,Tanque_,9706.68,8995.61,-103,29790224
27587119,alfrundi,9645.23,8995.51,465,29790225
32751102,yanchino,9892.21,8994.41,-862,29790221
33848935,jy008,8682.36,8993.50,1915,29790248
38334693,sxy,9957.71,8992.92,-1148,29790220
12460860,kackster1,9670.06,8992.39,235,29790225
36167904,ndk391,9822.89,8992.06,-451,29790222
27706969,minh2506,9814.37,8991.98,-768,29790222
36854262,Tilsd-01,9718.33,8991.65,-291,29790224
35261776,esatas,9432.73,8991.01,498,29790229
38451242,Ilikecookie911,9448.52,8990.90,-334,29790229
21877491,mudgi5,9286.15,8990.86,-649,29790233
28247333,xinge164,9352.65,8990.49,891,29790231
23519572,glaminguy,9387.47,8990.21,1424,29790230
30301464,aaasss,9717.74,8989.05,-281,29790224
9834759,[GS]clarity,9182.03,8988.83,161,29790235
32218486,x_noi_,9607.07,8988.43,483,29790226
30054644,GeekKurt,9440.3,8988.33,694,29790229
37651309,koronesavros,9853.24,8988.11,-559,29790222
15147872,ImPuffbawl,9850.52,8987.11,-803,29790222
17594194,migg,9457.54,8986.82,39,29790229
11330898,_Yunazu,9633.31,8986.63,48,29790225
39486166,MuMat,9899.66,8985.68,-284,29790221
23113474,mkyhyyn,9113.94,8985.14,528,29790236
25700937,Minesa,9705.57,8984.73,41,29790224
25727691,Anoncat,9747.14,8984.65,-7,29790223
9362562,Claren,9484.96,8984.53,949,29790228
7960927,AradORiOn_MMM,9671.59,8984.02,-29,29790225
9670957,Lyz-,9760.38,8983.85,-331,29790223
26513234,Speedycharizard,9614.32,8983.81,-415,29790226
34569716,Torchiciscuter,9835.73,8983.30,-577,29790222
22547213,rthdsrr,9241.48,8982.74,1293,29790233
15608771,77Frames,9674.63,8982.32,-428,29790224
28478277,ImNotJironnnyyy,9776.1,8982.01,-520,29790223
31241302,pxyomanix,9772.96,8979.24,-295,29790223
19595655,-Romanze-,9837.21,8978.60,-646,29790222
16149269,boy1077boy,9464.08,8978.17,-765,29790229
4765794,pwae,9659.35,8977.81,-42,29790225
21849865,IAmASpoon,9528.74,8977.54,452,29790228
4703961,Indicum,9551.64,8977.42,647,29790227
25351122,Koterza,9613.7,8977.21,582,29790226
8346342,tentrempm,9783.37,8976.15,-211,29790223
30502535,Vinny15_old,9594.37,8973.71,81,29790226
13708921,fabsoneq,9596.84,8973.61,-510,29790226
32053953,HorrorsansUwU,9698.81,8973.57,-363,29790224
35600892,GYATHEFUH,9844.81,8973.40,-957,29790222
38029283,KanenRaice,9481.69,8973.19,-432,29790228
28409656,sdcgi3a,9618.67,8973.07,91,29790226
8249608,AHHHHHHHHHHHHHH,9261.95,8972.75,1806,29790233
38143214,Scoop1,9803.07,8972.52,-823,29790222
31165007,Fan_Rengui,9583.57,8972.10,609,29790227
31203159,platform14,9150.66,8971.97,2374,29790236
17686834,anthoshark,9381.18,8971.78,385,29790231
6851569,-HERO-LSR-,9458.59,8971.38,1317,29790229
33052372,Ziroze,9725.43,8971.37,-523,29790224
9409456,Niko_Plays,9533.62,8971.31,388,29790228
19301475,ItsMarkerZ674,9722.49,8971.09,-111,29790224
20401041,Lil Lappy,9403.3,8970.93,-652,29790230
37416934,googleforms,9818.01,8970.85,-590,29790222
23841890,Federiko308,9564.83,8970.84,579,29790227
13169969,Turkish angora,9375.05,8970.79,970,29790231
15017621,yarWe,9611.23,8969.75,1036,29790226
10812711,Cruhost,9289.49,8968.83,1304,29790232
11554822,adamyes,9596.54,8966.80,164,29790226
36980543,Heniuu,9612.56,8966.75,-242,29790226
21339826,[LS]Yunxmi,9541.06,8966.56,404,29790227
26985183,Mo_no08,9634.96,8965.89,-343,29790225
14848390,etfy,9589.08,8964.98,-378,29790227
23690185,IanElCrak,9698.55,8963.63,-191,29790224
29946876,[TCD] Jri,9345.96,8961.90,292,29790231
13302908,-Macoy-,9136.3,8961.71,171,29790236
17731488,tylersfoot,9656.67,8961.60,-141,29790225
35544043,EdreyGamingyt,9587.63,8961.53,-15,29790227
32816633,WestenQueen,9378.87,8961.47,807,29790231
8310910,Seikaya,9819.04,8961.34,-628,29790222
22944670,mommysboy9684,9519.73,8961.22,620,29790228
8882362,Shiriai_l,9291.07,8960.04,1569,29790232
15107374,R4nd0m1y,9800.66,8959.29,-678,29790222
24809365,chickenbiskit12,9476.64,8958.28,776,29790229
18960137,kraken12629,9743.32,8958.21,159,29790223
35114876,massan09,9820.56,8957.25,-487,29790222
12610513,CupidZA,9776.71,8957.12,-311,29790223
17200011,danghailam123,9665.62,8957.09,92,29790225
28838246,Stmck,9581.8,8956.00,-406,29790227
31238921,SL Nxte,9523.58,8955.98,425,29790228
22778896,AxmadV4,9684.27,8955.89,-103,29790224
31452361,Zewinxz,9629.84,8954.87,-70,29790226
14183328,thewarrior1609,9398.95,8953.90,749,29790230
31260406,Kenguachazuku,9290.34,8953.49,-982,29790232
25636511,Apparatus_,9447.81,8953.38,193,29790229
8580156,Endless fare,9767.62,8953.28,-131,29790223
36321043,XxRip_BanXDxX,9474.63,8953.02,1070,29790229
4758678,1217,9371.66,8952.95,1211,29790231
34948282,ID13m,9781.08,8952.61,-362,29790223
36311037,RazorShiku,9604.41,8952.42,409,29790226
37469199,SamiRXs,9754.79,8952.35,-621,29790223
38658277,AlyaBestGirl,9484.46,8952.30,649,29790228
36661472,DelCaps,9671.36,8952.13,102,29790225
14157551,Boothill,9541.86,8951.32,258,29790227
39335523,johncontroller,9707.81,8951.06,-5,29790224
15018844,nick235711,9708.97,8951.03,-12,29790224
18998168,CaessarSalad,9475.42,8950.71,718,29790229
28312512,ixRockZeroxi,9686.17,8949.85,-328,29790224
34398760,SameForYou,9762.54,8948.99,-102,29790223
29156670,Taptix,9632.31,8948.93,83,29790225
17728622,PipeCat,9338.51,8948.88,171,29790231
25674415,SaturnoXD,9766.37,8947.96,24,29790223
27254270,poketoine,9706.46,8947.70,324,29790224
11820130,hc_galaxy,9735.23,8947.43,-84,29790223
31689433,Ace4Taffy,9698.09,8947.33,129,29790224
28403771,yuzaki-san,9475.5,8947.16,581,29790229
29152822,GOPE07,9459.75,8946.90,722,29790229
1887068,Benzopirene,8941.62,8946.71,2487,29790241
33099092,Emiya Rin,9747.07,8946.54,-501,29790223
36143651,vilifos,9796.24,8946.08,-712,29790223
35184036,endurance_white,9604.73,8946.03,-230,29790226
26820648,funnymanhaha,9627.89,8945.99,-479,29790226
30898541,mk16,9495.73,8945.98,377,29790228
34518609,Yiiiu,9727.07,8944.64,-408,29790224
26259251,Rockgamer823,9541.78,8944.20,-333,29790227
17089048,Piney,9758.44,8943.76,-530,29790223
31788440,uhihjegy2,9425.98,8943.58,1248,29790230
32379709,[GS]Zerou,9496.01,8942.67,655,29790228
13341525,ERA pepega,9571.29,8942.29,508,29790227
36481879,sususurin,9668.72,8942.27,-16,29790225
11601107,Blaidd,9617.88,8942.08,85,29790226
35521039,xuudo,9664.49,8941.85,-931,29790225
25103169,Masamial,9150.58,8941.78,1825,29790236
17339514,Manuuou,9752.22,8940.63,-420,29790223
36140643,jadegii,9834.27,8940.23,-843,29790222
34260958,TrinalCallar,8782.18,8940.08,-755,29790245
23041432,rafastus,9297.63,8939.71,1651,29790232
35176642,MoopingXD,9755.87,8939.48,-829,29790223
8685250,Nupi,9398.85,8939.44,864,29790230
28267974,ohElliott,9553.85,8938.68,113,29790227
34809973,Belaya_Zvezda,9352.44,8937.75,748,29790231
37270836,Essess,9793.36,8936.62,-514,29790223
32590992,CubeMetrix,9595.05,8936.48,622,29790226
10457610,VingYege,9525.4,8936.10,626,29790228
34210883,zikutaa,9861.43,8935.32,-704,29790221
33356258,hardcorehit,9383.94,8935.27,357,29790231
19374232,CattoMania,9656.18,8935.12,117,29790225
35259533,blccak,9788.15,8935.04,432,29790223
8438530,l0weXp1oder,9693.29,8934.30,-329,29790224
13107571,alswo775,9713.83,8932.97,-630,29790224
18060303,Takedown05,9423.05,8932.36,128,29790230
30716353,Death2022,9627.32,8929.88,-47,29790226
36287004,ryohan,9777.54,8928.62,-682,29790223
15088273,RPT MCK,9227.19,8928.47,882,29790234
11133352,OwOasis,9517.3,8927.32,425,29790228
37082480,iRowddz,9897.41,8926.53,-1056,29790221
13991305,idkokok,9449.48,8926.20,599,29790229
30645132,himynameiscyril,9299.85,8925.92,1294,29790232
27710732,oid45,9466.91,8925.41,642,29790229
37290106,PoupungFanboy,9860.23,8924.38,-618,29790221
7426325,sztramps,9737.06,8924.37,-471,29790223
27241090,- Puppet -,9829.31,8923.30,-653,29790222
6114633,[GS]DaZeRo5,9341.07,8923.12,1022,29790231
23981324,Blazer_YT,9453.72,8922.57,1142,29790229
36126236,Branchwww,9828.24,8921.46,-715,29790222
12528267,HopelessPlayer,9366.1,8921.38,1067,29790231
30360950,y u,9818.19,8921.17,-411,29790222
5756327,EZ-MISS,8975.52,8920.72,2594,29790240
34115045,[RGH] -Welow-,9667.81,8920.66,-551,29790225
18296472,TrunkBall,9368.01,8920.12,840,29790231
18659003,--Seven,8909.69,8919.62,2898,29790242
11701167,Jhxannn,9537.35,8918.86,69,29790227
13557753,oofblocks,9143.33,8918.56,1312,29790236
39418372,minJJang,9361.11,8917.29,-474,29790231
16836190,wded,9208.46,8917.17,1449,29790234
29782846,Internal-They33,9434.44,8916.57,348,29790229
15844751,mikaelsaps,9647.79,8915.95,-222,29790225
38096018,[Chke]ZinTMP,9638.03,8914.75,-674,29790225
15990676,GoldenPuffer,9269.06,8914.41,1068,29790233
35984352,fanyuxin,9539.2,8913.80,513,29790227
9817140,GoldenJumper,9383.74,8912.25,781,29790231
24595735,Jaseth315XD,9502.21,8911.58,237,29790228
13371424,Ainer,9602.12,8911.49,-472,29790226
38042306,manboo,9654.59,8910.57,-604,29790225
37175477,Crzyyyx,9755.38,8910.19,-558,29790223
12338676,Scalar,9460.92,8908.80,580,29790229
23672261,kydeptrai12,9678.63,8908.71,-316,29790224
22950902,Kasaiano,9535.96,8908.55,-47,29790228
10473069,Aikn,8974.78,8908.24,853,29790240
15813882,Chief Keef,9426.62,8907.92,920,29790230
29875581,Voxel_,9633.38,8907.76,371,29790225
38252344,ALSDF,9343.26,8907.35,430,29790231
29000513,YatarraXiate,9644.13,8906.82,76,29790225
30807541,OmegaMacey,9592.14,8906.62,290,29790226
28646103,chanyin,9656.25,8905.10,25,29790225
25179221,nicolas73311,9699.91,8904.27,-412,29790224
36073189,tyrmaw,9767.95,8904.23,-703,29790223
19259602,sebas8102,9270.07,8903.89,812,29790233
13959935,execut,9598.88,8903.65,230,29790226
37235355,ScarletSnow,9374.62,8902.91,844,29790231
15194755,Hong727,9430.24,8902.83,451,29790229
37617299,DojcenskaVoda,9530.88,8902.72,-318,29790228
17145478,XxBurgeryanxX,9847.61,8902.69,-994,29790222
33532882,f_ronte,9823.84,8902.34,-793,29790222
20327239,Regretion,9459.63,8902.03,236,29790229
31147278,DefNotAnio,9450.83,8901.81,855,29790229
13207141,Murgleys,9784.5,8901.35,-536,29790223
18280281,sad404ness,9418.33,8901.19,823,29790230
24633971,Vita-,8843.22,8901.14,1846,29790244
14558412,Bessie,9127.41,8901.12,2347,29790236
32618672,RadioSheepCow,9589.42,8901.07,148,29790227
25334349,[TCD] Murasss,9288.8,8900.67,-16,29790232
29898711,morutomato,9738.23,8899.63,-279,29790223
32985204,SHXrock,9417.88,8899.07,-685,29790230
29606473,Vcemer,9708.03,8898.69,-485,29790224
15160951,[ Raiclo ],9405.84,8897.44,737,29790230
10244829,-TheShauna,9253.84,8896.32,1293,29790233
34092738,peronucisa,9568.55,8896.30,290,29790227
17882466,TheDutchSpoon,9557.79,8894.73,215,29790227
13651980,hitohad,9379.66,8894.50,775,29790231
32066925,Shu1J1ao,9658.1,8894.11,288,29790225
27894119,XCrimsonLeaF,9606.76,8892.80,312,29790226
23034813,Raiden129,9316.83,8892.38,1060,29790232
17110298,vemph,9312.86,8892.26,1093,29790232
36298611,chocomilkie,9497.08,8892.24,149,29790228
37676011,grumm4096,9209.66,8891.95,-720,29790234
27091607,popi5,9640.7,8891.70,-413,29790225
34544252,Sensunequan,9480.02,8891.70,611,29790229
29842736,9082osu,9333.91,8891.57,1187,29790231
30710060,Tapkud,9324.52,8891.55,1408,29790232
17621613,dongdoufu88,9311.2,8891.55,764,29790232
33870588,evanescia,9914.71,8891.37,-1068,29790221
37701417,Sakurn,9759.32,8891.26,-877,29790223
36620848,PopmanOsumainer,9703.34,8890.88,-262,29790224
6737943,Dynamic,9426.91,8890.64,230,29790230
4525098,[Moca-Cafe],9401.04,8889.78,734,29790230
26337036,GX3KA4,9028.23,8889.57,2221,29790239
15495967,parotina,9221.57,8889.44,804,29790234
23643369,onibag,9687.62,8888.71,-134,29790224
2428654,WEEDS_,9021.81,8887.67,1700,29790239
30889981,tymhaQWQ,9715.21,8887.54,-422,29790224
23090242,gurln,9180.44,8887.02,1033,29790235
9734425,Mrdodle,9446.38,8886.52,819,29790229
11543412,chinaberrys,9439.3,8885.88,683,29790229
23128077,Fox10035,9480.52,8885.76,361,29790229
24031833,JonteBigDaddy,9777.91,8885.57,-647,29790223
32559413,Taxsane,9522.26,8885.41,426,29790228
39832424,Little Swan,9010.43,8885.26,333,29790239
6406254,Nihil-,9272.65,8885.20,970,29790233
38154910,evildoer69420,9404.25,8884.57,200,29790230
9838540,Davisss,9215.22,8884.20,931,29790234
29473295,Zabrilpan,9646.62,8883.98,-166,29790225
17686114,[Crz]Rumia,9186.32,8883.79,1352,29790235
34215761,BAIXIAOTIAN,9703.78,8881.32,142,29790224
32672925,nerves,9801,8880.82,-710,29790222
35263180,Kurumi_san,9645.4,8879.85,-310,29790225
19650229,salmonwaterosu,9526.45,8879.67,27,29790228
18773672,PopinS,9220.7,8879.60,1276,29790234
26783242,Reily445,9417.33,8878.09,981,29790230
37787627,vzapravdy,9097.14,8877.94,-139,29790237
32513623,BL_REN,9625.71,8877.84,-98,29790226
32537224,ILOKEU,9553.25,8877.40,-823,29790227
33356637,Zen_Asian,9751.5,8877.14,-535,29790223
12852407,kasam53,9299.24,8876.69,567,29790232
34790178,Yume Koname,9151.15,8875.77,-261,29790235
20427987,hazutora,9645.01,8875.66,-520,29790225
12202340,Sekarin,9634.04,8875.66,-119,29790225
14050625,eerroorr,9454.15,8874.65,236,29790229
36551573,usao114,9777.45,8872.89,-1012,29790223
19678270,Volt_123,9167.03,8872.77,770,29790235
29163572,Monstra,9724.62,8872.64,-472,29790224
17428751,pow wow zee,9254.52,8869.56,978,29790233
35488408,Dream_sama,9602.56,8869.35,-382,29790226
36874240,bokochan,9626.73,8868.90,-340,29790226
35254400,tcfff,9208.05,8868.68,347,29790234
13944304,Wynee,9487.09,8867.69,68,29790228
26444976,lucianito,9809.07,8867.41,-860,29790222
30716862,chucaojiee,9627.03,8867.35,-220,29790226
28874534,Styalo,9661.63,8866.99,-564,29790225
16213332,monstermayhem,9440.78,8866.61,496,29790229
35940653,Iriss,9582.16,8865.17,-860,29790227
26340361,Vervea,9439.48,8864.44,514,29790229
8591891,Lucid,9576.46,8863.70,-60,29790227
9793859,Owca,9679.94,8862.88,-412,29790224
35984215,ChunkyCat3000,9679.33,8862.86,-173,29790224
16868827,LSR_old_1,8421.89,8862.54,3503,29790255
11939641,wolfpup08,9370.91,8862.11,569,29790231
37413610,Yuuki-Favorite,9242.21,8861.82,955,29790233
23591556,hdbm123,9694.44,8861.68,-545,29790224
31951964,r0guemand3r,9496.21,8861.37,331,29790228
32305835,kuyamarco24,9612.66,8860.27,-101,29790226
37588057,YoshiMoshi,9352.7,8859.72,716,29790231
26604589,fleefleer,9125.64,8859.20,931,29790236
19245405,vasilnz,9377.04,8858.87,662,29790231
4515422,NanahiraFangirl,8638.84,8857.93,562,29790249
2632902,Haruka,8901.32,8857.46,2588,29790242
36801550,hank0990116,9684.49,8857.16,-69,29790224
22657961,aikarara,9720.65,8857.09,-691,29790224
10042715,Herb,9244.65,8856.91,1920,29790233
29754798,shiyiyue2,9556.79,8856.35,158,29790227
13403380,Vissyu,9410.57,8855.55,483,29790230
24365023,cucu55559,9061.18,8855.07,1625,29790238
24185071,Tristan Z,9370.21,8854.49,-857,29790231
11561500,LionX,9398.24,8853.99,724,29790230
18645421,PoptartPunt,9754.23,8853.89,-639,29790223
33169673,ElBeni1212,9751.92,8853.80,-1004,29790223
37228256,ovrxz,9689.03,8852.48,-430,29790224
33364079,doing_stuff123,9510.35,8851.56,-21,29790228
10927389,Madoka Kaname,9561.09,8851.50,-575,29790227
11397496,Lefeuer,9554.65,8850.82,-162,29790227
23316714,nacho-el-pana,9317.34,8850.31,760,29790232
33870026,Deexteex,9756.65,8849.59,-828,29790223
15129282,Ep4l,9211.82,8849.49,1849,29790234
18163430,Reideen,9478.17,8848.20,33,29790229
25610241,K0R_UN1TY,9688.03,8846.88,-326,29790224
17120248,meldylia25,9441.91,8846.25,178,29790229
28851265,Sagiri Lover,9298.68,8845.79,972,29790232
26414514,LaffyGhostHK,9462.32,8845.56,293,29790229
5172934,Pearl0922,8254.91,8845.32,3337,29790259
850331,Carolyn,9243.48,8844.18,1140,29790233
30288891,edualimoz2,9412.17,8843.83,570,29790230
12551965,10blueIdwolf07,9276.92,8843.79,1128,29790233
16511923,SugaR NN,8650.39,8843.57,2940,29790249
35218249,Doramikoo,9551.35,8843.43,-44,29790227
24035792,HybridOsu_,9671.83,8843.21,-452,29790225
10665073,Punuy,9541.2,8842.76,-38,29790227
37526407,imfuma,9587.55,8842.74,-223,29790227
34529300,Gerd1n333,9665.1,8842.43,-513,29790225
11356145,C1nnamo,9602.9,8842.33,-119,29790226
20644438,-Verified,9376.61,8842.13,586,29790231
32164055,KashiKoiAstra,9715.32,8840.93,-734,29790224
32854023,blblgmr,9572.84,8839.96,-208,29790227
16024751,davyaya,9221.88,8839.91,993,29790234
34585946,eepywme,9678.25,8839.85,-713,29790224
16896159,XeqinOglu,9540.03,8839.30,-626,29790227
35830370,uniume_,9518.17,8839.03,-467,29790228
39153517,sidleniwiec,9163.64,8838.68,845,29790235
20887845,leduyosu,9488.11,8838.55,339,29790228
12804541,07245,9555.19,8838.32,137,29790227
5415502,Wavelation,9565.5,8838.05,-151,29790227
29466017,zChris,9208.37,8837.53,1064,29790234
23927346,ricky55132,9364.16,8836.37,64,29790231
24229334,Wekoverr,9483.78,8836.35,-224,29790228
16994789,marce_old_2,9528.1,8835.98,83,29790228
23371082,Headrosu,9707.28,8835.46,-539,29790224
25972744,pawo,9827.35,8835.36,-986,29790222
10944511,downloador,9296.17,8835.24,940,29790232
39386372,W1nterSnowf1eld,9374.38,8835.22,-282,29790231
36068162,JahirJ,9755.29,8834.16,-759,29790223
38298696,m_nicolle,9516.52,8833.88,-309,29790228
12407702,aust,9774.76,8833.30,-839,29790223
35953025,Haya yuuka,9603.16,8832.82,-509,29790226
16486185,WinMine360,9348.37,8832.75,660,29790231
30910155,OhMye,9266.12,8832.30,809,29790233
33066346,Kiki Pyon-pyon,9643.26,8832.09,-379,29790225
30072435,snowwhite_TW,9514.13,8831.06,-459,29790228
6500478,ElectroBeaty,9518.51,8830.82,52,29790228
37548964,NonGudPlayer,9395.96,8830.32,-63,29790230
17575389,Mero__,9360.18,8830.12,423,29790231
24889546,Siyu_,9371.94,8829.19,682,29790231
34548162,LysToli,9156.14,8829.17,271,29790235
20953322,Anime is good,9129.71,8828.93,-335,29790236
15434993,kevinagent007,9673.84,8828.61,-396,29790224
35738180,zw_one,9628.56,8827.61,-518,29790226
34593834,J_12,9409.51,8827.51,1032,29790230
15189878,[Jrc]tommy125,9275.25,8826.80,960,29790233
27882901,Laytok,9034.75,8826.68,-244,29790238
17793923,Readable,9645.6,8825.65,-250,29790225
17345051,Shinyo Kakeitei,9630.54,8822.84,-55,29790226
11306351,Akatsumi Chan,9390.39,8822.18,412,29790230
36538128,SlnnX,8923.34,8821.72,754,29790241
30980205,Snezhevna,9153.33,8821.38,1224,29790235
5858053,[ Classic ],9396.62,8819.81,538,29790230
37318188,carlos765,9635.36,8819.31,-155,29790225
13630137,rantabie,8855.98,8819.22,1167,29790243
30703076,HeoyA,9638.71,8818.23,-818,29790225
25481643,leapsleap2,9747.74,8818.04,-1032,29790223
25962619,Ingliss,9439.83,8818.00,324,29790229
19866619,Buzzyboie,9226,8817.49,991,29790234
22911618,xiaomahua,9630.38,8816.15,-505,29790226
11993799,Konomi,9318.86,8813.75,786,29790232
16607950,PHEN01,9682.02,8812.21,-782,29790224
21631315,elkyy,9545.91,8812.21,-191,29790227
30884676,OsTetroxide,8666.23,8811.81,2947,29790249
8440939,-Ryu-,9541.57,8811.58,-38,29790227
36011406,zxcpu1lsed,9526.98,8811.43,-348,29790228
15917615,[GS]Violet,9564.08,8811.06,31,29790227
35065663,HARU_P,9069.23,8810.26,1103,29790237
39711024,Chara0v01733,8249.54,8810.06,631,29790260
34193396,Zelia,9422.88,8810.04,641,29790230
21004140,Ob1iquey,9318.7,8809.86,922,29790232
30144577,Ryukax,9451.37,8809.29,447,29790229
17036270,Holo the Wise,9429.97,8806.75,202,29790229
21103664,Yae_Sakura,9319,8806.64,103,29790232
19493886,[FTG]Kagamine,9580.16,8806.39,-340,29790227
14830575,[ICEFOX],9651.18,8806.37,-606,29790225
38539662,rayqilin,9597.78,8805.51,-961,29790226
18596424,Neliene,9665.43,8805.50,-804,29790225
19549188,kckd,9692.93,8805.00,-647,29790224
15792874,Naden,9447.32,8803.73,305,29790229
16792505,Bambinoi,9381.59,8803.20,26,29790231
20980124,SKYKRRU,9762.89,8803.04,-789,29790223
39376053,Endless07,9512.61,8803.01,-198,29790228
35049560,Sirllayuik,8579.81,8802.93,1337,29790251
38319240,knorrr,8894.71,8802.75,2231,29790242
28520225,shizukuaaa,9318.22,8802.37,470,29790232
29650864,hatena___,9683.75,8801.92,-765,29790224
19641503,bachplayosu,9402.58,8800.66,497,29790230
33756554,el3ctr1c,9618.01,8800.23,-877,29790226
36902811,whatthejohn,8874.33,8799.03,348,29790243
23153989,lumnfao,9590.51,8798.19,-828,29790227
11924980,dight_,9084.56,8797.28,1739,29790237
20522869,Lec,8892.14,8797.15,1102,29790242
31722292,itszucchini,9601.35,8797.03,-605,29790226
28974717,xt69,9670.87,8796.56,-811,29790225
5096392,-Stream-,9363.9,8796.16,707,29790231
22872958,ElAlex446,9485.68,8795.83,90,29790228
23487433,LruTuF,9398.54,8794.96,637,29790230
27329142,Bmg_mania,9159.63,8794.92,1290,29790235
35884956,Jixian_Power,9146.39,8794.91,-553,29790236
26847186,CzNotz,9049.58,8793.64,1589,29790238
14777478,Hank6666,9219.38,8793.27,1302,29790234
2198070,beary605,9051.75,8793.22,1931,29790238
34911265,Otoha Ohara,9482.47,8792.75,-81,29790228
22316857,Sphadelol,9446.59,8792.30,9,29790229
20273642,andracula,9512.53,8791.96,-102,29790228
39048366,237Among,9379.86,8791.61,270,29790231
25967311,xiaochen732,9591.88,8791.21,122,29790226
25844519,convert player,9555.87,8791.07,362,29790227
29073186,Declawed,9665.54,8790.96,-467,29790225
27105181,Galbae,9505.51,8790.90,-63,29790228
28653925,K1risu,9277.25,8790.41,1117,29790233
6719880,Gonzalo,9050.25,8790.30,1616,29790238
11328112,jrny,9424.91,8789.90,216,29790230
17502109,awd_awd,9552.98,8789.78,-338,29790227
3159415,HisHighness4545,8954,8789.77,2241,29790241
19623499,kaiw,9357.14,8789.73,807,29790231
19748457,Chee Z Potato,9635.45,8789.30,-560,29790225
38456295,marso7,9484.81,8788.64,-45,29790228
34485877,De_lta,9430.93,8788.44,218,29790229
36836754,mosquito152,9657.61,8788.36,-566,29790225
6382502,Kroly-,9354.03,8787.70,708,29790231
37610682,Solovete,9175.72,8787.51,190,29790235
7591738,notera,9164.04,8787.48,1662,29790235
15349933,Tian_Ye,9447.2,8787.45,848,29790229
10726379,gamernightmark,9576.73,8787.37,-382,29790227
35756600,ryOyr,9416.18,8786.82,147,29790230
15317318,MinhTri85027,9265.99,8786.80,1186,29790233
38138830,JazzyBees,9414.65,8786.66,-909,29790230
34003726,renjiang,9322.77,8786.16,-284,29790232
15827028,OwOMythical,8551.46,8786.15,821,29790252
29931722,polsosa,8720.4,8785.89,1744,29790247
36111745,vpainh,9659.83,8785.87,-997,29790225
15384559,Fontdyla,9482.55,8785.51,264,29790228
33952238,LegendaryMelons,9492.86,8784.76,-336,29790228
18691660,VGPinto,9302.11,8784.62,557,29790232
19671250,Lazaro023,9350.22,8784.01,3,29790231
19445224,SweetyRain,9625.16,8783.61,-666,29790226
34009546,EroDeDFall,8253.06,8783.25,-820,29790260
35784922,jikushey1,8312.1,8783.18,1669,29790258
24171424,Panax19,9367.86,8783.07,349,29790231
35935372,ZoidsOSU,8875.47,8782.84,1337,29790243
34078609,Apple202,9704.51,8781.81,-635,29790224
13078783,Coffee-ME,9181.94,8781.47,1060,29790235
5639725,Doryoku,9072.17,8780.52,1118,29790237
39454089,icyycoldd,9383.68,8779.65,-1003,29790231
23599377,HitTheCrit,9136.1,8778.91,1299,29790236
30522770,kuroks,9500.67,8778.14,188,29790228
36333293,Ezimdone,9329.54,8777.79,91,29790232
34762168,DoraFromSpotify,9328.4,8777.44,186,29790232
34939914,songnj_office,9599.75,8777.32,-733,29790226
38965239,DJzimnagrochowa,9627.66,8777.01,-650,29790226
2391340,shobonvip,9114.7,8776.09,370,29790236
18602658,quitlosingrank,9313.67,8775.96,428,29790232
37993386,Fyrozi,9227.51,8775.95,315,29790234
12567167,wayne-,9104.03,8775.32,1896,29790237
31277939,--[ Chino ]--,9451.88,8775.12,244,29790229
616666,kkkkssss,8994.55,8774.89,1606,29790240
11493286,-SoraIro-,9148.76,8774.22,1036,29790236
1724045,AnLs,9021.63,8773.34,1571,29790239
36771175,Chaconne,8662.28,8772.84,2814,29790249
36272804,p1rateeee,9516.05,8771.61,-477,29790228
15908187,Primate,9604.13,8771.56,-201,29790226
10583732,Jame0674,9539.5,8771.00,-169,29790227
26406312,Noixesz,9539.64,8770.91,68,29790227
12955388,lemoncore,9135.34,8770.77,1744,29790236
24076897,amlpeom,9573.97,8769.61,-983,29790227
34718686,lightting,8908.36,8768.27,-724,29790242
34518778,spaktal,9564.55,8768.25,-239,29790227
16637737,RyukgoesHyuk,9538.14,8767.59,-346,29790227
38226821,Anon Chihaya32,9360.35,8767.47,231,29790231
10327820,Merian,9214.14,8767.31,1339,29790234
35908523,xxtd233,9553.19,8767.25,-764,29790227
10788436,exas,9399.4,8767.13,182,29790230
32042757,_Z3rO,8885.19,8767.04,1977,29790243
39868256,sayumi3u3,8295.67,8766.81,3642,29790258
11868913,bleeding,9436.89,8766.71,98,29790229
24097122,bombbanab,8815.19,8766.48,2217,29790244
32493924,Vazler,8744.41,8766.19,1085,29790246
15339833,ricetoasty,8949.16,8765.89,859,29790241
15160756,LowRes Enjoyer,9328.75,8765.17,543,29790232
9551196,kiyozi11,9295.29,8765.14,634,29790232
38323786,ITzTricky_67,9228.69,8765.07,-1101,29790234
38702700,Effervescent,9079.71,8764.06,-16,29790237
35068970,xlEn3my,9427.46,8764.03,251,29790230
31056834,Milk_chann,9599.17,8763.93,-632,29790226
33420323,aaa111100,9102.85,8763.73,1110,29790237
12231103,Zlosis,9223.37,8762.91,1154,29790234
7306522,PatouZ,9181.14,8762.46,1192,29790235
29066688,CuriousR,9258.6,8761.61,-529,29790233
13191908,kasumi99,9134.97,8760.98,1851,29790236
3761465,sanatan-404,9399.7,8760.81,187,29790230
29637055,Viyella,9380.44,8760.75,357,29790231
26493302,yuunie,9450.18,8760.58,21,29790229
30234575,zinoosu,9332.44,8760.05,320,29790232
31407827,henormally,8274.87,8759.42,-1016,29790259
4912257,mako1592,9425.76,8759.02,-584,29790230
35282806,L1Me_0nl1Neo,9639.87,8759.00,-918,29790225
25509665,zMochii,9387.34,8757.58,-979,29790230
22774024,koon corn,9007.4,8757.58,1277,29790239
5992621,feb0212,9367.02,8757.41,392,29790231
24323105,ZydraYK,9250.32,8757.31,885,29790233
15384466,xXxTripleGGxXx,9377.62,8757.25,271,29790231
7847460,sludgek9unit,9519.96,8757.22,-623,29790228
8004085,MeowCocoa,9111.99,8757.02,1306,29790236
36364656,n1ckkc1n,9499.79,8756.85,-33,29790228
35128983,Asuka157,9508.14,8756.55,-74,29790228
38244488,My Angel Seraph,9532.1,8756.40,-101,29790228
35631669,Well_Cubed,9279.23,8756.18,481,29790233
17989192,Corruptum,9524.19,8755.78,-212,29790228
10159978,UnusualC,9202.26,8754.16,1119,29790234
20208310,Tawan555,9396.09,8753.71,482,29790230
29813313,tomato7712,9387.99,8753.70,183,29790230
36311494,lufee,8964.49,8753.20,102,29790241
13335015,SawattoJP,9376.15,8752.96,188,29790231
18225350,Beamng2077,9649.96,8751.71,-846,29790225
37993651,cyyla,9383.86,8750.70,-101,29790231
34223391,Shoto,9519.51,8749.85,-434,29790228
32682579,GatoradeDrunkie,9182.36,8749.24,406,29790235
24372717,BluebirdCanShut,9323.64,8749.08,596,29790232
13962882,Shadowbolts1,9596.45,8748.39,-531,29790226
36101606,CristalXD,9621.96,8747.13,-746,29790226
38989522,COCORARESZMEURA,8985.96,8747.02,-214,29790240
36838909,gejijun,9483.61,8747.01,-201,29790228
14099022,spitskool,9372.78,8745.46,134,29790231
15990628,ream,9507.54,8745.45,-224,29790228
21663984,[REG]Pepsi,9149.02,8745.32,1320,29790236
26845977,Fr4nqu1t0,9481.2,8745.04,-142,29790229
10950593,VlDE,9481.47,8744.70,-102,29790229
37742555,JuanJa_N,8764.05,8744.33,1505,29790246
23891069,Ykilra,9527.94,8744.20,-421,29790228
23062261,inuiyumegan,9327.02,8743.48,139,29790232
28387644,asjkasda,8737.3,8743.36,2096,29790246
24258061,AndyMPM,9627.77,8743.10,-858,29790226
10206161,rinstea,9228.55,8743.00,1173,29790234
31390481,martinxd12309,9036.05,8741.64,901,29790238
33382992,Franj323,9352.33,8741.50,207,29790231
24038226,Papitas845,9482.31,8740.77,-139,29790228
19894788,lohanfan64,8685.1,8740.63,2851,29790248
13092888,[GB]Yuria,9449.69,8740.23,-138,29790229
37319011,sewly,9616.32,8739.70,-540,29790226
12241010,Tutel,9614.26,8739.55,-387,29790226
28830832,Aplak,9415.68,8739.25,-498,29790230
31690368,TimeLimitX,9300.04,8738.79,532,29790232
15447012,Stiwfwy,9419.39,8738.76,-69,29790230
22997676,xw_in,9522.21,8737.50,-89,29790228
24814876,Oibanoi,9280.96,8737.46,838,29790233
18239077,keiholic,9115.47,8736.98,893,29790236
11765051,khonan,9520.51,8736.66,-238,29790228
18217925,Din Far,9485.74,8736.39,5,29790228
23874580,kinectlucas,9452.18,8736.17,-223,29790229
19868474,JUSTOOO,9391.5,8735.96,627,29790230
10445272,BoXBoX v2,9307.03,8735.63,677,29790232
34937077,ClarenceSetsu,9537.06,8735.31,68,29790227
14566000,epic man 2,9149.34,8735.00,795,29790236
16250807,michael11,9432.01,8734.49,-191,29790229
33389239,Collapsar_Echo,9501.19,8734.42,-204,29790228
34423548,OMpiGeon,9326.18,8734.22,-466,29790232
31204190,kinganarchy1,8796.97,8733.32,2093,29790245
36897076,ShivRivide,9600.99,8733.27,-926,29790226
38417765,Striker88,9649.52,8732.70,-858,29790225
16341063,[ deleted ],9337.1,8732.57,621,29790231
38232106,Nijuu,9625.42,8732.19,-1177,29790226
22465809,FruitCake_,9537.17,8731.93,-321,29790227
38077431,Daviz01,9230.08,8731.78,-130,29790234
37711832,fuyumaru,9329.8,8731.60,613,29790232
34425781,Soouma,9569.17,8730.90,-686,29790227
31448066,SweetMilk_,9204.62,8730.49,-452,29790234
1567733,ksh3875,8363.78,8730.14,2685,29790256
10279743,shko,9159.81,8729.79,1010,29790235
10293381,FL_Manip,9416.97,8729.69,83,29790230
38273740,Hayabusa_Zeph,9489.09,8729.48,-740,29790228
33060881,notdogebutboge,9256.91,8729.05,1050,29790233
9629620,CattyBratty,9157.19,8728.95,1006,29790235
34483385,Mattodan,9468.43,8728.77,-699,29790229
23249828,BTMC666,8979.18,8727.16,1805,29790240
13875577,tochi,9205.8,8726.86,662,29790234
34571478,Lucyx_,9456.34,8726.55,37,29790229
33815019,smolfishgur,9492.42,8726.39,186,29790228
23100640,LScripter,9101.98,8726.22,1279,29790237
13037209,NickBP,9150.75,8725.93,1193,29790236
19410615,TekDek,9536.22,8725.68,-613,29790227
32786364,cjjluoji,9504.41,8725.61,102,29790228
12989257,Slowpoke1499,9296.35,8721.41,304,29790232
36468815,Ellenlazy,9183.79,8721.05,998,29790235
15843981,[LS]Taylor,9256.13,8720.85,779,29790233
38753291,Kinamon,9474.35,8720.16,-341,29790229
37320505,I1n2k4R233,9181.08,8720.07,262,29790235
29956960,Hirawasa,9334.84,8719.95,441,29790231
25305924,H0001630I,9075.6,8719.58,1027,29790237
34002694,_pazuzuXx,9397.55,8718.61,418,29790230
36718702,Rei0133,9445.77,8717.85,-335,29790229
13249305,sourufire,9173.99,8717.75,-259,29790235
17600181,xX_DarknightXx,9065.62,8715.67,1535,29790238
17856658,YummyLexi,9075.76,8715.63,1150,29790237
24800761,MonewMaboi,9132.83,8715.55,1007,29790236
38825510,mumei hana,8461.32,8715.39,1895,29790254
23247238,natemmoplayer,9583.8,8715.20,-623,29790227
21749745,skythedumbdumb,9496.98,8714.54,102,29790228
35113717,-Munchkin-,9421.76,8714.05,171,29790230
33637372,StardustMINUS,9450.08,8713.95,67,29790229
16884064,Prongle,9481.56,8713.88,-563,29790229
19917226,corrot,9506.15,8713.80,-727,29790228
27121953,sebastien,9059.51,8713.34,487,29790238
36791112,cqlinglin,9145.12,8713.28,72,29790236
26951760,CARLOS ANIME,9361.82,8712.08,-1136,29790231
5456561,Vampir,9011.91,8711.03,1372,29790239
23694028,Anorus,9210.2,8711.02,254,29790234
34929708,DahLahMan,9385.3,8710.72,-15,29790230
23059290,Christojesus07,9351.19,8710.45,-263,29790231
15465123,AsbestosPlayz,9367.7,8710.01,453,29790231
13222731,chanoongi,9170.39,8708.39,698,29790235
37828306,Tenkaa,9462.69,8708.23,-444,29790229
7128063,ERA Zenith,9247.47,8707.98,928,29790233
11914892,VamohManaos,9402.97,8707.39,271,29790230
8198818,[_Gearfrik_],9066.92,8707.21,1218,29790238
22404695,predo3110,9380,8707.07,769,29790231
26292835,jiejiejie,9131.06,8706.94,982,29790236
21684169,Ex0n,9176.08,8705.96,916,29790235
28849296,kojodat,9519.8,8705.95,-407,29790228
6424132,LouisGarlic,9404.71,8705.54,-916,29790230
12402967,HiroyukiOsu,9159.12,8704.61,988,29790235
17336213,Vanstav,8811.41,8704.48,700,29790244
37145609,Jvnky,9538.22,8704.44,-537,29790227
29374869,orwenn,9572.6,8704.30,-505,29790227
27435808,mochi mochi,9233.63,8703.93,36,29790234
18374751,Altimate100,9528.92,8702.99,-237,29790228
14198960,Shabolo_Ctm,9546.93,8701.01,-614,29790227
17990439,charley,9489.68,8700.83,-62,29790228
31810729,argong1,9465.02,8700.56,-111,29790229
24558037,NaphatFairGG,9237.72,8700.28,555,29790234
20057152,- Rika -,9499.48,8700.06,-116,29790228
33234627,FatilusK_,8810.52,8700.05,-407,29790244
39849197,MOMOii_Ones,8966.15,8699.77,990,29790240
14106312,Maiiy,9511.37,8699.01,-60,29790228
9760165,Tenderloin,8964.3,8698.93,1896,29790241
39058629,OneTT,9184.29,8698.31,1086,29790235
8960210,MinyamiCat,8910.09,8697.38,2186,29790242
31878383,MR_,8960.26,8696.49,117,29790241
13846145,Mr_Tokin,9034.04,8695.61,-164,29790239
36965877,SirSlay,9348.14,8695.52,255,29790231
34917784,mipapaesgay,9580.23,8695.47,-556,29790227
20465368,se0line,9076.97,8695.33,-396,29790237
33210849,SOMAW,9384.6,8695.25,-366,29790230
2575939,jjla95,8772.08,8695.24,2225,29790245
33761324,ceres_faunaa,9512.28,8695.18,-798,29790228
14905013,Ujicha,9511.08,8694.95,-600,29790228
38137600,forgotten124,9319.8,8694.70,-33,29790232
17300655,Anh Vu,8957.26,8694.21,1825,29790241
33550862,xs1707,9427.74,8694.06,-295,29790230
32698066,_diamondwood,9111.87,8694.06,698,29790236
15041463,merp,9257.65,8693.84,786,29790233
26457430,bubblegumsim,8907.95,8693.79,1506,29790242
25429482,Fuwahhh,9168.05,8693.66,766,29790235
19819210,ItsEdi,9305.12,8693.04,53,29790232
17422641,[HNY] aruczi,9067.67,8690.89,1264,29790237
35028416,ataxy,9111.41,8690.09,686,29790237
34098673,xuanluosama,9477.01,8689.89,-527,29790229
38227084,NotNikko,9535.23,8689.81,-532,29790228
37887225,9Jh3,9464.15,8688.94,-464,29790229
29948794,codn0829,9384.27,8688.78,-176,29790231
29286649,XYYX,8925.12,8688.06,-826,29790241
24650754,Rukia9988,9490.21,8687.54,-529,29790228
20095403,Zendeta,9551.58,8686.40,-526,29790227
16459417,TheNonCoolChild,9342.44,8686.13,14,29790231
18382591,Chrisse,8955.38,8685.61,-281,29790241
38419225,shzzfrisk,9395.24,8685.32,-46,29790230
11224433,wkdens4518,9302.03,8685.30,226,29790232
7199785,Song Hana,8843.72,8684.65,1888,29790244
16298993,Gkies,9540.38,8684.57,-774,29790227
6083660,[SPNG]Tom,9171.77,8684.53,700,29790235
9554698,Niflheimrx,9521.37,8684.42,-266,29790228
36449265,Imitator_old_2,9156.76,8684.12,-518,29790235
24141318,[TWNK] Kikipil,9404.54,8683.35,415,29790230
21669602,dannyjak,9347.19,8682.96,-144,29790231
32342011,ArorauOvO,9468.96,8682.83,-103,29790229
23100630,FERfalopero,9356.74,8681.55,132,29790231
25608086,DestrayL,9380.95,8681.06,170,29790231
17244245,sergiozss,8837.1,8680.15,-791,29790244
9786011,Ingrid10,9064.23,8679.53,1242,29790238
29664075,Kuminna,9099.05,8679.52,1379,29790237
29854899,Luciole,9493.34,8678.86,-420,29790228
21842482,kouryuki,9066.62,8678.50,907,29790238
23073554,MellowRin,9148.89,8677.45,702,29790236
10497659,[GB]Tyris,9127.04,8676.90,860,29790236
35014479,LPoolski,9252.75,8676.67,803,29790233
36093301,worst rx main,9504.08,8676.64,-167,29790228
28916163,CopiDoesOsu,9612.16,8676.39,-773,29790226
35786406,misaka17674,9573.31,8676.07,-802,29790227
11430769,O2Joni,8705.29,8676.03,2025,29790247
35481056,alperen77143,9563.17,8675.71,-876,29790227
7675795,[MY]WinkS,9038.03,8675.68,1467,29790238
10817783,PiggyCat,9322.31,8675.39,-187,29790232
22380068,zhouyu,9003.13,8675.39,906,29790239
36282560,akdrownstjd,8799.34,8674.36,12,29790245
22645949,niicer67,9238.95,8674.21,370,29790234
14490457,mystamp,9278,8674.08,349,29790233
26906667,Amenazy,9194.67,8674.08,371,29790235
36611821,Naaag,9194.12,8673.62,354,29790235
39623015,Lacrimosa -,9337.77,8673.14,-598,29790231
7822185,SRZW,8703.64,8671.10,2754,29790247
9887251,zzzz,9025.85,8671.05,1045,29790239
35463324,PARKGEE,8666.9,8670.61,2507,29790249
4686148,3lijah,9458.79,8670.29,-649,29790229
37776818,Vinxxxy,9275.95,8670.24,332,29790233
19908961,Herolocker,9273.64,8670.18,576,29790233
30415330,dsyyyds,9460.13,8669.90,-657,29790229
19810904,joa089,8971.09,8669.41,1847,29790240
25409756,soulstruck,9231.09,8669.14,870,29790234
36080578,Aeda,9312.04,8668.50,668,29790232
15231510,K0rd31HP,9391.39,8668.42,-230,29790230
35421737,ifox12,9263.17,8668.12,352,29790233
33726476,Blustaliasm,9375.77,8667.83,-149,29790231
38146821,ddotjui,9524.64,8667.73,-596,29790228
29777735,ItzTaiko,9550.57,8667.62,-560,29790227
34981542,god and king,9497.95,8667.27,-460,29790228
15655575,xChara,9201.18,8667.23,628,29790234
36373729,Dabiu,9395,8666.90,-573,29790230
24605530,_Asterism,9198.64,8666.34,206,29790234
23159837,YukiNyacinth,9313.47,8666.29,29,29790232
12031289,beta dust,9095.35,8666.21,1550,29790237
8557721,gggabby,9188.35,8665.98,446,29790235
37144199,Loa_514,8551.61,8665.86,2084,29790252
13187997,BL5,9180.08,8665.28,785,29790235
31926173,Wally Labrador,9326.95,8664.04,381,29790232
20311270,AJBM1978,9248.69,8663.16,699,29790233
16044850,SillyWah,9217.02,8662.15,179,29790234
15867137,Parksiwoo,9001.78,8661.76,947,29790239
6571078,Spicy Meme,9398.17,8661.72,-411,29790230
32053451,Mister Anta,9225.39,8661.42,-792,29790234
5434630,MCdesu,8907.13,8661.29,1840,29790242
30639009,entierros,9422.43,8660.60,-569,29790230
27287064,lim_limes,9356.19,8660.43,-524,29790231
25949077,Edu2020sa,9330.33,8660.08,335,29790232
33065317,GoldenRPG_Playz,9438.52,8660.03,-143,29790229
18405590,br i,9261.4,8659.30,455,29790233
36856011,PiterGSgaming6m,9074.99,8658.84,1295,29790237
19073594,Saibo,9258.81,8658.45,-427,29790233
34806785,hakurey,9188.57,8658.16,525,29790235
30132316,Creeperl0l,9535.39,8657.32,-556,29790228
36304388,CalciumOxide,9229.82,8656.87,666,29790234
23430723,Khle1s-,9384.46,8656.35,-509,29790231
35899465,swagii,9339.23,8654.80,49,29790231
18257900,abunabe123,9268.77,8654.21,475,29790233
5879473,NagisaMiaomi,8845.07,8654.21,1744,29790244
23565514,Genux,9231.22,8653.90,442,29790234
34205041,kfloode,9209.14,8653.78,72,29790234
33016833,SirasuAzusa,9428.13,8653.76,-513,29790230
34736552,ubyicakrovi2003,9373.1,8653.32,-60,29790231
35745274,yeblyakok,9484.11,8653.25,-563,29790228
12446815,lilly212,8671.94,8653.03,1948,29790248
33506906,BuiselG0D,8939.59,8652.88,1163,29790241
35201952,Flaitiano,9453.09,8651.91,-443,29790229
18938027,pricster,9562.83,8651.24,-209,29790227
18361110,Arconix,9420.04,8651.08,-379,29790230
9829087,i love fridays,9479.4,8651.00,-286,29790229
29181730,TomVrrr,9103.55,8650.92,334,29790237
21234294,Apple Trump,9288.06,8650.75,-277,29790232
35619517,Oqq,9103.23,8649.32,631,29790237
39986107,szyyqt,9229.38,8649.27,620,29790234
12114116,Pacifistonly,9328.1,8649.20,59,29790232
30956404,finamenon,9189.16,8649.20,311,29790235
33661605,ytho,9513.88,8649.02,-752,29790228
25599607,Troller624,9403.58,8648.88,-516,29790230
30482559,geoo_metric,8924.97,8648.86,1725,29790241
10700263,qnfrdmsdudrhkd,9479,8648.55,-73,29790229
35758892,kiwi192,9384.21,8648.45,-67,29790231
38839940,RINLII,9292.88,8648.14,-631,29790232
6344866,Ridway,9268.16,8647.90,280,29790233
33538817,Theyoeeop,9237.89,8647.59,578,29790234
16493383,TKM_RaulRO,9151.74,8647.18,590,29790235
35457178,kk1245l,9034.42,8647.16,1580,29790239
18162926,lll333lll222,9178.91,8647.09,316,29790235
21815578,Elipapo20,8843.8,8646.60,593,29790244
35844071,boby2011,9386.61,8646.52,-262,29790230
10809147,itourith,9014.24,8645.99,991,29790239
30642032,rikaP,9035.74,8645.91,-427,29790238
32789512,kyoukei,9549.16,8645.77,-879,29790227
36259106,Smiley0421,9448.16,8645.71,-754,29790229
28595675,Brunix_Osu,9323.74,8645.53,319,29790232
32756107,chatcatsss,9631.72,8645.49,-1085,29790226
24830322,ERA Rezu,9066.29,8645.46,818,29790238
30823081,CMCream,9189.77,8645.45,598,29790235
25678410,ekii,9013.37,8645.17,1372,29790239
13661408,Ventilo le vrai,9416.82,8645.10,-119,29790230
32539500,Majono Shinzo,9292.16,8644.83,282,29790232
9261099,Eggnog,9059.29,8644.77,1089,29790238
33835695,sh1nonome,9125.9,8644.62,985,29790236
25612256,Hellourpchasvir,9070.2,8644.51,964,29790237
35614250,adrielmmg,9339.75,8644.01,-242,29790231
36773407,ZetaAir,9415.98,8642.86,-503,29790230
34739884,Askira2132,9214.44,8642.21,574,29790234
11983144,SuperPoksu,9342.86,8641.77,-144,29790231
18623502,tonyloc0709,9044.76,8641.26,415,29790238
21350282,MQTT957,9454,8640.84,-549,29790229
36740139,Derpyx_,9530.93,8640.65,-771,29790228
31126832,JKL9509,9384.8,8639.88,-48,29790230
18459943,Slamsapro,8964.13,8639.76,407,29790241
31719218,hellothisisme,9014.65,8638.47,958,29790239
28261738,ji9star-_-,9048.53,8638.00,-140,29790238
32330160,SteacharaL9li,9030.38,8637.75,885,29790239
16630163,apollo670451234,9329.26,8637.34,-511,29790232
27654530,Kiw1Boi,9199.15,8636.83,530,29790234
39588329,newtown,8278.06,8636.48,1025,29790259
15600634,Masher,8108.65,8635.57,906,29790264
13803776,Abstractatory,8804.47,8635.48,1340,29790245
15789058,DanielFosil,9240.79,8635.45,321,29790233
9209185,GTXCZE,8775.03,8635.44,1596,29790245
3672832,Rora-,8655.31,8635.28,2610,29790249
10706740,MD360,9315.38,8634.91,424,29790232
12399360,Sheepeye,9439.94,8634.05,-197,29790229
35464075,Considers,9276.35,8633.22,254,29790233
38212930,Saya0311,9326.5,8632.23,-727,29790232
10419379,akfenww1,9048.87,8632.22,1456,29790238
8805771,Celerium,9090.39,8631.63,592,29790237
19500985,kokkun,9316.09,8631.17,200,29790232
8917518,Nivea_98,8996.89,8631.03,1311,29790240
27123821,Aceox,9080.33,8630.91,-17,29790237
25291969,sAv1our,9281.1,8630.72,464,29790233
10494876,Hansss,9463.38,8630.22,-625,29790229
2466964,_poko,9248.92,8629.80,385,29790233
8990884,Hakos-Baelz,9329.48,8629.51,325,29790232
35527895,Real_WazaTilina,9238.19,8629.42,439,29790234
22791723,kkmskd,9291.9,8629.27,8,29790232
33726949,xuan_yuan,9275.48,8629.20,674,29790233
17075871,FR01R,9489.5,8629.13,-394,29790228
34098175,ventiUSS,9385.69,8628.10,-146,29790230
38226732,holidays114514,9168.67,8627.92,-897,29790235
23148975,Sibuxiang,9044.97,8627.16,940,29790238
7861278,Skochan,8648.62,8626.42,1991,29790249
38229052,heheheheh,9068.01,8625.69,251,29790237
1368780,Pikicast,9111.74,8625.43,650,29790236
19140036,cqllhd,9402.44,8625.13,-1056,29790230
35721760,PlagichQ,9485.13,8624.92,-946,29790228
28181674,ligma4904,9140.87,8624.89,524,29790236
16637655,2wr,9079.98,8624.58,234,29790237
37232772,Koet08,9378.23,8624.53,-489,29790231
38127381,SKsama,9439.09,8623.78,-737,29790229
32078113,hyeehyee,8982.26,8623.78,1317,29790240
38655821,lambency,8829.53,8623.32,2175,29790244
36731310,quangou3,9369.83,8623.19,-129,29790231
19932066,vearrrt,9241.23,8622.81,-128,29790233
32503739,okest,9416.9,8622.62,-403,29790230
11551793,Musover,9198.92,8621.62,447,29790234
6705256,Flow Light,8919.31,8621.43,1153,29790241
13643601,[-ICHINO-],9099.68,8620.82,1036,29790237
30527099,Meowji,8966.76,8620.23,1347,29790240
38749107,Lizsan,9476.51,8619.75,-828,29790229
31066087,Jay0su,9341.66,8619.41,-250,29790231
29978241,bananahate,8536.36,8619.38,2946,29790252
24371637,Thornnn,9531.58,8618.99,-1185,29790228
31243891,[TCD]HaruOwO,9374.69,8618.96,-372,29790231
25513634,s1n_k,9217.51,8618.65,-235,29790234
17346843,Pindu,9476.01,8618.57,-898,29790229
31213039,Enxevity,9491.96,8618.40,-881,29790228
7880480,yukir,9318.48,8618.36,22,29790232
26970516,Cobalt-,9516.29,8617.90,-846,29790228
26234494,sliverbell,9275.06,8617.40,129,29790233
31775186,sharkie boy,9174.53,8617.20,-166,29790235
39494888,-Sharky-,8749.89,8617.07,-576,29790246
31515780,Slipeys,9288.13,8616.99,-670,29790232
18089224,kapettx,9439.73,8616.71,-1079,29790229
15114210,Dudimon,9263.02,8616.70,353,29790233
5595707,Octopus0318,9190.26,8616.53,328,29790235
11356429,tyrese1605,9082.29,8616.51,839,29790237
39289883,Noaki1034,9344.22,8616.36,-513,29790231
38165353,twicerabbits,8679.03,8616.17,2430,29790248
11410301,YourLocalStore,9158.57,8616.12,852,29790235
31680697,NikuUwU,9302.35,8616.03,-673,29790232
21283801,DAFINE9,8791.98,8615.75,1417,29790245
24156840,[GB]Lazy_ChenXi,9274.33,8615.74,288,29790233
7918151,Arkpero619,9098.68,8615.70,878,29790237
37548749,soundDA,9024.67,8614.11,-298,29790239
12119683,_ous,9434.5,8614.10,-660,29790229
21892816,Aerichan,8605.46,8613.85,2679,29790250
37334510,Interfere,9287.73,8613.73,-468,29790233
15225195,SPLONK,9123.73,8613.42,1002,29790236
26029641,BeetleWinner108,9232.06,8613.26,700,29790234
19668740,Reason_,9043.7,8613.19,890,29790238
26537671,LexGoBrrrr,8960.14,8612.60,22,29790241
563262,snail_player,8797.48,8612.32,2278,29790245
15004452,snowlf,9248.77,8611.88,414,29790233
33933737,MaMars_,8920.08,8611.66,1663,29790241
4579132,Adri,9457.63,8610.76,-399,29790229
34333241,4K_Beginner,9388.68,8610.10,-111,29790230
14670668,saturnide,8975.67,8609.95,1235,29790240
27955043,ErPollitoPio,8974.59,8609.88,51,29790240
24079294,lik_0,9353.27,8609.82,-278,29790231
33483940,TheRealSamara,9259.17,8609.64,-472,29790233
24337920,Jordan4562,9389.84,8609.39,-548,29790230
12386164,littensy,9147.04,8609.24,706,29790236
2070671,aw-p,8516.3,8608.65,2482,29790252
21119584,Goldezrep,8669.15,8608.62,583,29790248
21616327,- ntxm -,8991.98,8608.32,631,29790240
18491724,[ - Lysol - ],8941.18,8607.45,1447,29790241
14558166,DreamZeroone,9414.02,8607.44,-614,29790230
19669552,PuryXYZ,9317.42,8607.11,-187,29790232
23648113,redball436,9431.95,8606.52,-955,29790229
34035997,Emiya0126,9147.53,8606.26,1118,29790236
33054772,PxlMaschine,9210.51,8605.37,-693,29790234
18134371,H1yoCoken,8824.75,8604.85,1797,29790244
16661915,Elceed,9051.32,8604.56,1177,29790238
12253793,12XxryanxX12,8923.42,8603.93,980,29790241
37717304,WHQ-E3,9494.38,8603.62,-881,29790228
35393078,Porgi,9327.59,8603.11,-96,29790232
20690006,insanespaceman,9057.04,8603.08,1018,29790238
27543313,IL_fefe,9405.23,8601.61,-380,29790230
17223427,Geometry,9422.97,8601.36,-363,29790230
9402463,Scatheil,8871.39,8601.24,1544,29790243
18938900,LeGoat,9142.96,8600.48,983,29790236
18068748,SprlSllt,9432.98,8600.41,-556,29790229
24381069,jaybeeazu,9008.7,8600.37,1268,29790239
36511114,bajraimbow,9375.51,8600.19,-310,29790231
9776422,aracnido2,9182.16,8600.01,302,29790235
36986507,Rem13of,9216.49,8599.99,571,29790234
9048777,pinon,9018.29,8599.93,940,29790239
15836493,zh1nx,9463.6,8599.28,-594,29790229
23501688,CyGy,9180.88,8598.99,258,29790235
36590982,qz1kk,9053.82,8598.93,-606,29790238
7688476,xBomb72,8817.59,8598.53,1282,29790244
32741824,LY_Kuma,8321.78,8598.50,3195,29790258
10416995,[GS]Antunder,8934.91,8598.11,923,29790241
34340231,BlueShadows,9370.43,8598.05,-562,29790231
36578891,lccra,9245.88,8596.66,746,29790233
36055582,Fillerfi3,8895.94,8596.39,590,29790242
14384082,Hitomi5237,8926.74,8595.82,1422,29790241
29535060,SouleDReapeR,9141.12,8595.40,818,29790236
13152690,lukzproxd,8895.07,8594.94,1603,29790242
17419075,CroffeeeY,9380.14,8594.68,-239,29790231
7714162,Maxer501,9214.71,8593.78,131,29790234
20121526,[_galaxy_],9223.81,8593.52,225,29790234
36280630,XxEVASIONxX,9493.09,8593.23,-162,29790228
11441191,ThisKrampus,9155.61,8593.07,405,29790235
11144385,OneStar,9179.64,8592.71,271,29790235
24024208,1autumn3,8820.73,8592.63,-580,29790244
10822972,Rabbit_Candy,8827.45,8592.55,1184,29790244
32522237,_toku,9381.38,8591.59,-412,29790231
38572632,bupoh1,9205.94,8590.93,229,29790234
21767556,EladrelG_G,9485.8,8590.24,-903,29790228
34212886,OkaNDesU,9227.43,8589.64,212,29790234
36504448,YuzusoftPlayer,9249.99,8589.57,221,29790233
17270040,Masayosin,9521.59,8589.00,-702,29790228
9378876,sbkm,8868.86,8588.97,1926,29790243
34184142,zacksam0320,9430.67,8588.87,-824,29790229
12694780,mxiucism,9441.99,8588.69,-718,29790229
30037385,eiew,9298.58,8588.36,-22,29790232
34851143,kiwi22222,9287.5,8587.78,-89,29790233
14557986,-Rintaro,9088.66,8587.52,839,29790237
12092659,-Tebo-,9411.99,8587.42,-410,29790230
25817853,hairlinehd,9409.16,8586.32,-745,29790230
11026954,ZugamiRA,9305.42,8586.13,-51,29790232
18765949,i_zbaz,9188.29,8585.55,-646,29790235
24983438,WachuDice,9017.97,8585.14,1097,29790239
23522720,Zycard,9126.81,8585.04,80,29790236
39653127,ihxz7,8028.93,8585.00,658,29790266
7451319,Miing,9462.55,8584.72,-950,29790229
29275652,ImDecentMabye,9203.71,8584.30,-674,29790234
36467507,SketchyProLover,9084.97,8584.30,640,29790237
11253321,narkisim,9073.04,8583.62,632,29790237
26619432,LucidJustin1860,9306.79,8582.65,-335,29790232
14438535,Linlime,9161.53,8582.25,514,29790235
25854116,Goodboi2345,9194.47,8582.09,655,29790235
31393024,7K GOAT CHEEWEE,9393.39,8581.94,-338,29790230
36465805,LaVar Ball,9270.42,8581.71,-161,29790233
7189171,rongrong50,9475.63,8581.15,-643,29790229
32443762,Che atMay Neko,9334.35,8581.11,140,29790231
33926505,CrumTheProtogen,8454.03,8580.62,1335,29790254
21478293,vortxdefndr,8893.23,8580.25,1290,29790242
36322883,momolist,9220.59,8580.24,135,29790234
17480890,[SH] Kat,8848.34,8580.05,1071,29790243
14797411,[RUE]Kewaii,9124.84,8579.98,541,29790236
34537945,TG_Format,9215.97,8579.91,-213,29790234
24102403,Myels,8953.08,8579.27,1141,29790241
37182011,devans059354448,9302.3,8578.96,9,29790232
1155059,ShikiNoHollow,8761.94,8578.53,273,29790246
11863174,Frostleaf,9136.75,8577.84,382,29790236
38033550,[Crz]Nicola,8469.08,8577.37,2141,29790254
38126196,ks7_,9265.83,8577.31,-23,29790233
32048979,timajake2,9090.99,8577.10,605,29790237
5951583,Scattered Rose,8822.37,8577.02,1448,29790244
38109800,REGENCY,8603.92,8576.05,2109,29790250
12341059,Limbecile,9065.39,8575.55,649,29790238
29293710,Yodie,9254.32,8575.23,544,29790233
7190673,HimeWoo,9279.16,8574.91,66,29790233
35437434,Blo0m_,9363.33,8574.89,-651,29790231
31943790,NightRaining,9327.93,8574.29,-98,29790232
4775146,-Mandy,9212.77,8574.09,340,29790234
13777130,pkzpkzpkz,9357.45,8573.85,-211,29790231
22897013,rashu1005,9107.28,8573.41,739,29790237
32379319,-Emp-,9218.4,8573.35,338,29790234
23880992,Jarkat,9117.42,8572.85,523,29790236
24861576,inque,9303.47,8572.20,-266,29790232
18888616,shashashasha,9062.55,8572.05,581,29790238
12795594,Xiuer1121,8572.72,8571.66,2776,29790251
37060906,Angellover,9143.14,8571.61,698,29790236
38733275,Lemon4ever,8991.81,8571.39,-620,29790240
31056883,Annona,9324.59,8571.18,-8,29790232
22190628,icyism,9242.79,8571.08,243,29790233
16892525,LLyuj,9307.25,8570.31,347,29790232
4690822,J5 is Life,9088.79,8569.68,387,29790237
9140927,AwakeHoppps,9143.06,8569.13,365,29790236
35685412,Bruh111221,9084.9,8569.00,705,29790237
12043478,Dra_g0nz,9284.33,8568.47,89,29790233
35243069,notheyhellOSU,9286.63,8568.11,-703,29790233
10939160,[LINEN][SR],9133.64,8567.68,598,29790236
20422042,Syurin,9421.51,8567.22,-628,29790230
35222316,MyAngelSayori,9297.03,8567.20,393,29790232
27224541,aaroniskorean,9285.43,8566.82,-835,29790233
39050046,kiirieshkii,8964.56,8566.79,355,29790241
37611902,celestialpurple,9150.97,8566.53,98,29790236
34943667,Mahriu,9171.5,8566.29,-728,29790235
8204448,RenneRS,8663.39,8566.27,2445,29790249
19408116,fateya,9193.04,8566.25,3,29790235
16393578,Bruno543,9356.68,8565.86,202,29790231
24680226,JANG HYEON BIN,8913.89,8565.86,-1015,29790242
30133543,canewpe,9140.39,8565.82,152,29790236
16677724,Mark220v,9219.66,8565.41,213,29790234
36387588,clarencio221,9297.19,8565.23,-162,29790232
17609279,-Ekamory-,8885.99,8565.21,1672,29790242
16151552,AdelAU,9037.72,8565.08,322,29790238
29693620,Thejkdjkfdiou,9262.76,8564.98,120,29790233
25495029,FlipChips,9480.17,8564.81,-519,29790229
19194633,zunyan,9160.39,8564.19,134,29790235
15351355,[GB]Aeracy_nya,9090,8564.18,489,29790237
1147820,wjh123,8505.18,8563.89,2865,29790253
11591281,de_pression,9213.91,8563.85,491,29790234
15292630,XenonNeko,9359.92,8563.61,-819,29790231
10496581,CygnusOz,9315.44,8563.29,85,29790232
9660460,suepie,9406.08,8562.83,-388,29790230
16639144,- Rinmoz -,8976.98,8562.70,872,29790240
28957327,Bluefireflareon,9094.23,8562.69,391,29790237
36941918,dcdd2000,9348,8562.33,-335,29790231
26063498,Drbones1,8933.98,8562.16,-144,29790241
20404982,DartKoteider,9321.46,8561.11,-306,29790232
23010876,DrackonYep,9210.71,8560.63,47,29790234
31684842,4kplayer456,8728.24,8559.62,1331,29790247
25713468,JOSHUA0309,9137.42,8558.64,469,29790236
7640077,umnica,8835.83,8557.69,1015,29790244
11997445,1_studio,9149.96,8557.29,634,29790236
31097379,06Humu_MeH9I,9029.05,8557.00,688,29790239
13600684,kdj8381,9319.63,8556.04,-196,29790232
4082595,Truth you left,8779.74,8555.72,774,29790245
36961882,LylySzR0,9451.22,8555.10,-1011,29790229
35973997,tristore22,9344.77,8554.66,62,29790231
34243469,Cryoblist,9161.27,8554.41,-59,29790235
25213353,van_door,9206.55,8554.19,-539,29790234
27489994,My_Game,9023.15,8553.95,597,29790239
23180246,Reeeoooo,8959.4,8553.76,843,29790241
26893531,BIGGOG_,8816.46,8552.77,1924,29790244
35742249,tracedlight,9256.51,8552.62,-757,29790233
18069611,Jumlandxd,9220.9,8552.44,389,29790234
1814600,KIRIOS,8976.65,8551.79,987,29790240
17702451,HIMAIKA1660,9045.92,8551.36,736,29790238
12314976,RYANG666,9131.79,8551.05,353,29790236
18969441,Ogaitnasxd123,9062.37,8550.90,737,29790238
10204193,Lesseri,8935.46,8550.35,683,29790241
30385380,[TCD] Neutral,9319.57,8550.18,-439,29790232
11053130,Taarak,9187.95,8549.97,112,29790235
29119656,VPVPVP,9134.53,8549.91,668,29790236
8493070,Eclipse-,8816.36,8549.57,1245,29790244
18146677,[ C h i n o ],9094.75,8549.51,539,29790237
36695315,[ARG]eeron,9130.63,8549.21,-57,29790236
20074197,_chr1zz,9178.48,8548.55,120,29790235
30614342,xjoy,9364,8548.18,-751,29790231
21456338,alivelmao,8863.16,8547.81,203,29790243
16142793,Jelly_zh,9407.4,8547.49,-1077,29790230
18560335,Wackyy,9151.86,8547.42,473,29790235
33835990,Yuri__Lover,9146.96,8547.06,-631,29790236
13930849,nappymoon,9363.76,8546.64,-718,29790231
27403381,AdriiUwUFanboy,9111.3,8545.92,-366,29790237
8697133,Jumping,9418.58,8545.82,-666,29790230
18350673,Ukathar,9092.65,8545.70,691,29790237
31068376,Impvctsss,9141.87,8544.81,425,29790236
36541449,Thirdcinches,9369.7,8544.14,-734,29790231
35272329,Tapking,9306.08,8544.14,-689,29790232
36404545,LuXxX,9310.42,8543.93,-281,29790232
34224364,Bread[Osu],9123.65,8543.52,-133,29790236
9079147,Michibata,8955.08,8543.35,765,29790241
38226893,findpeace,9078.93,8543.30,-171,29790237
27786635,MAXERanter,9066.7,8542.81,393,29790238
30398303,theredpro1_GD,9335.96,8542.52,-59,29790231
9327294,clocklin,9154.9,8542.10,126,29790235
24361563,odneid,9070.48,8541.93,657,29790237
37515124,lonwor1d,9421.35,8541.62,-847,29790230
17249720,Nikozo,8551.28,8541.59,1847,29790252
32005709,rilakkuma_,9350.52,8541.39,-564,29790231
25736847,Zuri-kun,9355.68,8541.08,-598,29790231
13700604,plexly,9115.19,8540.51,569,29790236
17258879,MirMir3,8888.11,8540.34,977,29790242
17134718,PocketSkeleton,9219.08,8540.32,309,29790234
17496843,Cosmosphere,9245.41,8540.04,-15,29790233
22428864,Ascendancy,9129.43,8539.53,251,29790236
18932884,Omarii,9074.43,8539.11,830,29790237
10658391,Gabi Kamui,8972.98,8538.33,944,29790240
7751516,zero2snow,8948.43,8536.66,977,29790241
22040966,Calamits,9295.38,8536.52,-76,29790232
17038690,headbig,9030.97,8535.89,560,29790239
35891225,renan66672,9221.45,8535.76,442,29790234
4917435,FelipeLink,8866.19,8535.24,1867,29790243
37622634,radusss,9393.22,8535.15,-862,29790230
15106678,helozang,9073.31,8534.98,654,29790237
29360829,Js-MaoHai,9195.77,8534.89,-72,29790234
12566058,CherryLee_527,9375.21,8534.85,-708,29790231
31818561,wolvestars1,8622.19,8533.79,1058,29790250
35163682,tacos232,8819.86,8533.72,1340,29790244
4511495,offline player,8366.09,8533.71,906,29790256
10678230,Irone OSU,8935.27,8533.68,303,29790241
20803806,Firdibirdy,8786.35,8532.77,2034,29790245
34567204,pattye,9130.01,8532.56,117,29790236
26104261,Aviex,8510.62,8532.50,1707,29790253
19326833,mellamoRenato,9312.66,8532.12,-95,29790232
24246011,cowking123,9228.38,8531.61,-104,29790234
4420703,hemoo,9263.4,8531.40,-291,29790233
2144038,playin14,8595.73,8531.14,2520,29790250
35746260,Esmaelperig25cm,9103.89,8531.00,590,29790237
18800081,[ZtL] Marxder,9337.91,8530.73,-517,29790231
36148329,CraneSR,9373.2,8530.66,-821,29790231
28425039,IMGEY,9286.55,8530.30,-560,29790233
17007406,DogMania,9247.96,8530.23,93,29790233
4720903,SSODI,8753.15,8529.89,1168,29790246
38410845,Cev1tyu,8718.96,8529.72,1342,29790247
13623265,VenuxBarz,8921.17,8529.50,1112,29790241
12482943,Kwadracik11,9364.58,8529.23,-264,29790231
13210963,Aruna,8933.29,8529.01,1353,29790241
18039077,-Maboroshi-,9079.81,8528.76,431,29790237
29289936,MikeDW,9016.51,8527.92,1095,29790239
25265187,Piero [GD],9085.5,8526.71,419,29790237
36268076,lovewomen,8166.33,8526.14,1771,29790262
33023618,nanigashi2434,9392.76,8525.54,-317,29790230
36453745,Huumi,9403.91,8525.24,-854,29790230
28829542,benjitaxdsecu,9172.31,8524.80,102,29790235
18447352,mr fegil,9112.86,8524.34,361,29790236
1116418,skrcks0966,9022.66,8524.06,808,29790239
13474391,Chappell Roan,8981.38,8523.50,-286,29790240
16254464,Jiesen22,8912.25,8523.30,1202,29790242
28067144,WHATOP,9025.76,8522.32,727,29790239
15408480,le gentleman,9107.81,8522.05,-921,29790237
35457168,Gens_011q,9249.64,8522.04,-151,29790233
20937954,pseudonym0us,9119.6,8521.90,205,29790236
25091681,Premnoi,9216.7,8521.52,-86,29790234
26557286,Samixelex,9210.44,8521.40,-59,29790234
39306198,Myukazz,9308.21,8521.31,-463,29790232
18243229,kwrth,9257.34,8520.71,-338,29790233
16115903,ououo,8715.39,8520.68,2357,29790247
36875123,GumingUs,9059.93,8520.37,405,29790238
29079754,Lucid_leaf,8696.89,8519.98,1602,29790248
30585870,patchouliKL,9393.3,8519.92,-787,29790230
4247722,PotassiumF,9125.08,8519.72,451,29790236
33834364,Celeste0815,9334.75,8519.68,22,29790231
15820387,laucha02,9072.63,8518.28,600,29790237
32577831,pain123123123,9063.83,8517.87,148,29790238
2766034,Umbre,9185.52,8517.82,87,29790235
21570730,Vinniedotcom,9126.97,8517.80,30,29790236
30442252,another353,8837.94,8517.39,1202,29790244
12190592,xkar,9148.23,8515.11,459,29790236
30704822,freeout,9282.52,8514.77,-463,29790233
36257593,Franch0,9082.88,8513.81,-401,29790237
9744249,-Skills,9037.45,8513.80,505,29790238
25569233,jjossh,9163.78,8513.64,182,29790235
32221816,Mizuki fan1,8872.4,8512.82,272,29790243
34329394,Icemangod14,9204.02,8512.67,-170,29790234
8941675,Nepgear007,8885.82,8512.62,1607,29790242
35527799,Azuretimm,9201.32,8512.03,45,29790234
13901517,[Crz]Tohka,8808.64,8512.00,1468,29790244
31674009,Tcaph02,9373.61,8511.88,-870,29790231
32218395,galaxy_777,8835.62,8511.42,1060,29790244
36712199,grasp,9390.1,8510.60,-677,29790230
22177863,pai14159,9254.8,8510.46,-79,29790233
16437169,SurName12128,9267.94,8510.20,-553,29790233
28424173,StannyCat123,9371.5,8510.14,-491,29790231
13310767,Fractial,8467.74,8509.79,957,29790254
22916797,cloud_king,9165.47,8509.05,748,29790235
19211743,cairvul,9352.79,8508.92,-661,29790231
23137164,Furryspiker32,9127.64,8508.82,357,29790236
2361718,onewingeddragon,8718.39,8507.98,1784,29790247
34483608,[BBC]qxt_,8890.69,8507.71,1549,29790242
35852227,kuaileNO1,9257.13,8507.23,164,29790233
29720958,zuiederen,8956.61,8505.93,539,29790241
37941667,Alvaa1,9166.14,8505.91,-150,29790235
24456303,[LS]Wibizzz,9004.67,8504.41,606,29790239
31921287,Zetuinexe,9428.3,8503.82,-629,29790229
21614949,GabrielHH2006,8983.46,8502.99,634,29790240
32749965,F6A8AF,9321.14,8502.69,-143,29790232
27699949,manitonito,9071.87,8502.27,600,29790237
10437093,ShalunRG,9283.65,8501.25,-290,29790233
23205865,UndetectedPanda,9229.97,8501.25,335,29790234
31964935,LXZL,9187.11,8500.59,151,29790235
28985116,Steeven_33,9366.62,8500.11,-636,29790231
14580447,bleach4u,8914.28,8499.64,586,29790242
23304404,SSSunflower,9032.88,8498.14,1440,29790239
18804012,- SliderBreak -,9253.67,8497.82,-391,29790233
37618530,Acar,9312.32,8496.57,-509,29790232
19368678,dunzirccamarcca,8832.15,8496.39,1339,29790244
34967088,yarixd1213,9225.31,8496.27,-294,29790234
29620953,shuaize,8965.83,8496.01,797,29790240
24352811,EdralinPH,8849.13,8495.70,1255,29790243
11253250,waver,9044.71,8495.48,605,29790238
34928721,Snowflake08,9360.07,8495.19,-560,29790231
27437967,Aaronalwaysdumb,9295.03,8495.16,-900,29790232
10821468,Kirasa,8833.88,8495.01,1593,29790244
26475615,sogood971007,9341.4,8494.43,-294,29790231
27554613,vr_xuni,9243.35,8494.21,-774,29790233
36094185,nemarvelous,9296.94,8494.20,-578,29790232
23887255,traax9918,9272.7,8493.91,-684,29790233
23663281,rip_zts,8896.74,8493.72,899,29790242
15399393,-Terakomari,9027.15,8493.36,832,29790239
32815933,256YearsBack,8671.26,8492.87,2331,29790248
36432700,-Focalors-,9204.25,8492.48,-54,29790234
39814028,walplep,8986.6,8492.26,537,29790240
30550560,mmmmmyummy4573,9005.01,8492.17,672,29790239
31729018,zmggaming,8349.62,8492.15,3188,29790257
22819849,microforest,9139.01,8491.26,-963,29790236
32942864,kitomanotics,9012.48,8491.04,68,29790239
28768343,334567,8839.19,8490.69,1068,29790244
12204127,mightyxd,9013.89,8490.03,560,29790239
12136335,MarkOsu_1,9186.47,8489.93,277,29790235
32704947,orange0328,9279.5,8489.86,-366,29790233
29814090,lingyelo,9240.38,8489.42,38,29790233
38645822,tlieonids,9309.4,8489.07,-598,29790232
13139052,whisker,9085.96,8487.22,259,29790237
37585167,LKVB3,8719.88,8487.16,-161,29790247
34455808,hh27v9,9301.8,8486.68,-763,29790232
11037546,HTorch,8590.57,8486.39,1649,29790250
14351534,Seiran-,9112.99,8486.17,278,29790236
12591787,Fabuz,8990.12,8486.11,572,29790240
18847485,Saizx,9028.34,8486.06,397,29790239
37839065,soravac,9212,8485.97,-175,29790234
38401398,SangZzZ,9261.14,8485.71,325,29790233
33501348,[TCD] Meat,9128.52,8485.66,-61,29790236
12333199,michialok,9397.2,8485.18,-600,29790230
24654697,Kybi,9241.3,8484.99,-467,29790233
31511379,dkdlejtm,9043.04,8484.48,599,29790238
20684332,he_miao,9100.3,8484.23,151,29790237
29580214,n3b,9269.57,8484.20,-80,29790233
6911271,thelinkfan1,8772.19,8482.14,1305,29790245
34652437,entuk05,9354.88,8482.06,-891,29790231
17112349,zelcin,9134.59,8480.58,810,29790236
36270447,awqssl,8749.31,8479.66,808,29790246
33502484,Aokanav,9329.89,8478.41,-707,29790232
24147314,elpanabry,9028.77,8478.24,493,29790239
4064257,Cresc,9140.17,8478.13,189,29790236
11533730,[TK] Dante,9257.18,8476.39,-233,29790233
4585260,aluuu,8747.19,8475.48,1449,29790246
26523432,xopezk,8628.69,8475.41,1412,29790250
39818385,1jayyy091,9185.43,8475.29,-453,29790235
34261038,Leaftrip,9236.78,8474.79,-145,29790234
26524816,Kukebo,9179.41,8474.24,-385,29790235
23417934,el_matero,8978.19,8473.62,475,29790240
30550192,wuqi577,9256.98,8473.14,-572,29790233
13103212,splints,9057.24,8472.46,652,29790238
25169206,Igallti,8980.17,8471.73,575,29790240
29941969,xekzerA,9034.17,8471.49,-629,29790239
9812922,Axy,9059.02,8470.99,271,29790238
25325523,Sharpness_64,8735.76,8469.50,1016,29790246
18253327,GamerTwic3,9147.16,8468.66,1,29790236
35186211,stargazer123,9012.8,8468.48,948,29790239
8692698,[Crz]Sirius,8901.83,8468.47,800,29790242
23479440,RayCurse,8987.61,8467.81,760,29790240
10442657,2kyFangirl,9000.43,8467.77,377,29790239
24740093,DracocjPC,8868.42,8467.13,1147,29790243
16213445,fengapple,8800.97,8466.40,437,29790245
36757087,TheThou1,8773.26,8465.46,-1022,29790245
24277316,[FUWWY]Son,9066.16,8465.19,134,29790238
29429070,-DemonEdge-,8963.69,8465.04,591,29790241
33835539,[ela],9222.88,8464.92,-118,29790234
35043025,NaFod66,9035.06,8464.87,-641,29790238
8379080,[GB]N1QKA,8920.44,8464.28,885,29790241
4234794,Tsniper,8362.62,8464.23,2534,29790256
4869757,IdanDan,9037.02,8463.50,859,29790238
39854087,cedrium,8580.21,8463.46,1472,29790251
36831194,sam1e9123,9261.73,8463.18,-638,29790233
15892585,Mochizo Oji,9062.64,8462.92,134,29790238
13599516,Kotori niupi,9152.9,8462.54,-292,29790235
27683988,samsamsammmmmm,8783.73,8461.60,1263,29790245
34503902,Sylph feat DT,9013.48,8461.07,476,29790239
30496573,Gsuncraft,9285.78,8461.00,-746,29790233
9477978,Zymasis39,9116.71,8460.88,178,29790236
36341411,inivers,8860.85,8459.75,-162,29790243
34794752,SLICK-VICK007,9279.8,8459.27,-426,29790233
29106002,gatopansudo,9259.63,8459.23,321,29790233
25916084,NotJustR3D,8921.31,8458.36,701,29790241
31998601,Crabchip,9278.19,8458.02,-588,29790233
24494842,veriff,9028.67,8457.78,-17,29790239
35376710,AZZK,9284.56,8457.61,-434,29790233
17247225,marufzzz,9225.81,8457.50,-421,29790234
35420968,msxjm,9092.72,8456.90,96,29790237
24622137,ClienteMovistar,9146.53,8456.73,17,29790236
35861634,Ramazanov,8487.5,8456.67,1402,29790253
15309724,Nickwo,9214.25,8456.18,-294,29790234
34621688,Red_Crescent,9235.71,8456.15,-417,29790234
9053400,itsmarkkuwu,8846.65,8456.14,375,29790243
11531806,qksksk7445,8892.68,8456.05,371,29790242
16150314,jackem,9149.54,8455.83,387,29790236
7372387,MsrButterfly,8456.12,8454.70,2627,29790254
16255768,PuZz,9281.25,8454.21,-470,29790233
21838556,Cyber_snek,9190.94,8453.51,482,29790235
38163757,GOODLIZI,9188.21,8453.41,-243,29790235
10382934,Tukanglast,8321.1,8453.41,1904,29790258
34384033,Shiroomo,9273.16,8452.86,-787,29790233
8119861,Mouse Drifter,8907.83,8452.39,851,29790242
4584427,KcHecKa,8965.6,8451.95,530,29790240
31137701,Tristan_taki,9149.27,8451.43,20,29790236
37868094,Flavia2004,9347.45,8451.03,-720,29790231
4112547,cheeeeese,8765.51,8450.69,1629,29790246
33661590,wonderlu,9392.16,8450.57,-909,29790230
33951461,1653152080,9280.12,8450.45,-487,29790233
22954445,EtKa,9155.73,8450.37,-109,29790235
38310875,blakzyerboyz-_-,9357.02,8450.05,-961,29790231
38252762,St_tien2013,8881.86,8449.63,833,29790243
35702020,autopromtesgg,9327.83,8448.65,-329,29790232
14108936,Mat-,8969.71,8448.48,664,29790240
38064560,-Itsuki Nakano-,9045.31,8448.43,-516,29790238
14331660,Sproengg,9224.37,8447.96,-327,29790234
32958587,phsykes_diff,9100.69,8447.32,-213,29790237
18458704,SilverStom,8276.84,8447.20,549,29790259
26854041,Ducki0815,8590.65,8447.14,1197,29790250
36339240,BlackMeta,8627.97,8446.49,1526,29790250
26262915,SHULIANNNNN,9105.99,8446.32,-39,29790237
24789573,ddhgfhsdafg,9050.32,8446.16,431,29790238
31512263,xieee419986652,9119.43,8445.77,-274,29790236
28722697,Marianko11,8785.49,8445.62,-357,29790245
33994022,Apiphilia,9124.37,8445.56,-773,29790236
17881051,calvingarrix666,8990.7,8445.36,688,29790240
23350177,JL20LONG,9335.4,8445.05,-811,29790231
20309663,Masokim,9000.08,8443.73,198,29790239
33746310,bumps,8844.35,8442.83,1018,29790244
14251523,Shadow_Crancer,9283.82,8442.62,-916,29790233
22288333,Maklap,9246.05,8442.01,-691,29790233
36193129,Rzunaru,9082.57,8441.87,176,29790237
13123283,Clas,9097.59,8441.77,-49,29790237
35591861,Doramu,9071.46,8441.62,136,29790237
9806492,Codename0899,9174.17,8441.49,-280,29790235
30008877,rhinoquendog,9002.89,8441.25,312,29790239
31974502,kkhhggg,8590.83,8439.74,2528,29790250
37608893,bellow_csx,8098.32,8439.61,484,29790264
13350539,E560000,8893.31,8439.55,-1158,29790242
37628112,JYyedc,9052.59,8438.96,501,29790238
21318154,Snaccc,9053.72,8438.91,39,29790238
15174223,[LS]Byte,8850.66,8438.82,633,29790243
39134672,JakeyNoFakey,9147.87,8438.47,-734,29790236
29752775,ac_joshua,9199.31,8438.18,-158,29790234
13602611,picleric,8667.5,8437.67,676,29790248
10472266,[GS]LeBean,9085.71,8437.53,92,29790237
19113393,BlAck_vOid-1001,9122,8437.48,135,29790236
13576186,Kita Ikuyoz,9143.74,8437.28,208,29790236
36544920,Cyklaine,9133.76,8437.21,-108,29790236
7719449,CherryG,8881.59,8437.11,794,29790243
24345156,RapsTheRandom,9209.29,8436.57,-411,29790234
5179995,Maneh,8428.47,8436.44,1912,29790255
38542051,wupeilin,8167.95,8436.33,1483,29790262
37149071,lamaer,9233.73,8435.86,-714,29790234
36891842,Emali,9295.63,8435.75,-620,29790232
26642199,Pedrinho123123,8760.32,8435.64,1181,29790246
16214723,Qutilt,9003.98,8435.32,682,29790239
16551111,shebal game,8828.93,8434.67,1037,29790244
23303301,Dr the lost,9100.45,8434.55,-855,29790237
14295411,KFCmonkey1,9157.94,8434.34,148,29790235
13739398,Mandyu-_-,8978.7,8434.03,356,29790240
16577364,[-Anx-],8635.79,8433.81,1227,29790249
32595055,cute_lightling,9316.27,8433.28,-742,29790232
34410085,hyztsd233,9044.43,8433.12,-196,29790238
37806667,xxxc,8989.96,8433.03,-203,29790240
34791941,-Trufa404-,9136.52,8431.82,-183,29790236
19123924,Quadine,8843.1,8431.72,767,29790244
31345698,sxr3nity,8997.07,8431.64,315,29790240
36377506,shiouuu,9236,8430.92,-377,29790234
35857094,hqyle,9112.62,8430.76,-1015,29790236
21554390,hikaru-,9281.36,8430.67,-418,29790233
7977554,Pucecrmd,8552.74,8430.57,937,29790252
34309202,_TR1D3NT_,9064.48,8430.50,-284,29790238
22331478,Arserene,8711.01,8430.47,1150,29790247
39445044,crowned-,8530.36,8429.53,-969,29790252
37724044,lem0N__,9285.05,8429.21,-1018,29790233
17071089,easly,8387,8428.82,1753,29790256
34788661,teamehidai,8899.47,8428.56,-131,29790242
14726910,NeverminD71011,9247.39,8428.45,-658,29790233
33090575,qwqmokou,9114.26,8427.22,-417,29790236
23339703,- misty,8967.59,8427.15,-440,29790240
101973,abcde767,8258.72,8426.88,1945,29790259
37933286,AzUrial,8743.42,8426.16,-651,29790246
8653980,PelaajaAika,9070.95,8426.10,7,29790237
30827082,Kate60,9064.57,8425.08,422,29790238
27913786,cannon5968,9062.73,8425.05,-442,29790238
33821012,Y-X,9128.18,8424.19,-275,29790236
13728708,Tarolt,9203.58,8423.94,-68,29790234
10363216,DouSora,9076.13,8423.08,34,29790237
12019388,LNbot,8864.1,8422.64,980,29790243
8513551,Envy you,8813.85,8422.62,947,29790244
38461245,I LOVE 7K,8970.71,8420.71,1238,29790240
11004596,NobleYari,9085.79,8420.67,74,29790237
28425058,Lotus-Eater,9161.06,8420.52,-418,29790235
13247404,_SP,8899.53,8419.36,744,29790242
38336935,Bobisfy,9127.12,8419.32,-207,29790236
38216228,iluvlama,8741.57,8419.30,-240,29790246
10731515,Neutralidade,9287.79,8418.74,-660,29790232
17953618,Harold123,9017.37,8418.37,419,29790239
37942145,itrave,8758.32,8418.11,844,29790246
14950121,Mrpo,9108.25,8417.93,-101,29790237
32594427,-Vanilla-,9143.58,8417.12,-86,29790236
22379399,fyrnn,9242.85,8416.88,-520,29790233
36313521,Ayiss,9191.43,8416.70,-301,29790235
28662201,Sonic123Fanboy,8791.4,8416.30,558,29790245
38158712,ThoriumReactor,8985.16,8416.13,744,29790240
7824882,Angelo2934,9081.06,8415.91,-65,29790237
26410937,GEAR_kei,9120.68,8415.79,-369,29790236
14643111,As0315,9148.69,8415.73,22,29790236
10439016,qkrkantlr2,8775.18,8415.59,1325,29790245
24960284,[REG]san,8998.89,8415.12,327,29790240
10829842,Eevly,9019.37,8414.27,43,29790239
18818481,config_,9002.79,8413.68,357,29790239
7168322,kawamura321,9231.37,8413.52,-599,29790234
8809462,speedkingka,9230.4,8413.02,-634,29790234
14800204,shieler091608,8938.73,8411.94,747,29790241
21405583,notrevE28,8976.48,8411.39,700,29790240
34431430,theus123,8653.21,8411.32,1084,29790249
36402254,PMythy,9218.7,8411.08,-1078,29790234
29210545,- Yuri143,8700.27,8410.97,-366,29790248
30953432,grp666,9045.7,8410.94,661,29790238
26698736,Cycomilo,9224.71,8410.70,-772,29790234
20838656,asthe,9043.28,8410.27,-415,29790238
9709082,Bitard672,9184.62,8409.96,-347,29790235
36892893,Qujau,9324.83,8409.10,-417,29790232
36838022,Meoko,8851.25,8408.85,104,29790243
34530326,sfsff,8847.2,8408.83,1014,29790243
31503731,memset_0x3f,9123.93,8408.65,-546,29790236
12763467,TaNgdDAL1I,8992.28,8408.42,293,29790240
17341486,llumie,9311.88,8408.13,-984,29790232
38292562,serdiys,9257.88,8407.96,-512,29790233
9514466,SevenSeconds,8231.37,8407.27,3226,29790260
13144864,Luminescence,8930.27,8407.08,701,29790241
14120391,Rikona,9064.05,8405.00,136,29790238
20400200,Kyrolian,8810.23,8404.87,660,29790244
33733772,myosumi,8374.05,8404.79,694,29790256
37069611,Julix,8689.56,8404.42,1146,29790248
24390519,F4de,8822.49,8404.17,-541,29790244
32030334,alphanumericus,9181.26,8403.53,-570,29790235
6537441,basicmaime,8621.71,8403.27,1587,29790250
22699182,levi090,9250.19,8403.00,-844,29790233
20157670,arehappy,9218.46,8402.95,-731,29790234
37555231,D12V9,8751.65,8402.93,822,29790246
26025289,Sentara7716,9072.47,8402.03,-126,29790237
33048444,Sambucea,9023.96,8401.57,172,29790239
25263193,Riyu_u,8886.71,8400.40,476,29790242
19991412,onriC,9177.71,8399.80,-468,29790235
38743640,Rejection_old_4,8216.39,8398.86,422,29790261
13208906,PleasioN,9015.91,8397.11,87,29790239
25324658,kujirra,8712.9,8396.60,823,29790247
25529202,Dooka134,9195.35,8395.86,-124,29790234
2722707,Akib,8353.62,8395.68,2246,29790257
10874775,Jugemu-Jugemu,8935.93,8395.37,495,29790241
32697762,Moon69420,9138.8,8394.91,-588,29790236
28523536,MyUserIsTaken,9092.18,8394.00,-279,29790237
36013300,chainxd,9215.36,8393.49,-948,29790234
21172025,juandi02 006,8694.33,8393.49,-559,29790248
27434650,bobbyyang,9120.17,8392.94,-803,29790236
35952555,earphonespike,8520.94,8392.85,2132,29790252
37881642,mxvill,8341.94,8392.47,2797,29790257
38195587,BeNJaMiNGR,8981.28,8392.37,-111,29790240
16085073,ikero,9254.98,8392.31,-596,29790233
34402670,slowburn,9006.84,8391.03,473,29790239
31271301,PangLair,9033.57,8390.23,102,29790239
34759995,meguimi,9091.13,8389.90,-9,29790237
32164514,Cyxn,9047.1,8389.75,-522,29790238
28595953,jakub27105,9268.68,8389.20,-302,29790233
22206294,bruhvdr,9041.4,8388.41,449,29790238
37398927,rawpowzo,9277.68,8387.98,-695,29790233
24220708,iiNeoX,8969.43,8387.80,545,29790240
38212634,arisuQuQ,8595.2,8387.65,-131,29790250
33437752,leo_zm,9286.84,8387.32,-406,29790233
22572808,Idkkk123,8850.81,8387.31,887,29790243
19830421,Jstxnx,9098.19,8387.07,-120,29790237
35195880,joe7630,8912.89,8385.85,607,29790242
25120331,Picorona2004,8897.81,8385.83,805,29790242
10450696,Lerck,8924.37,8385.51,590,29790241
37480711,xn1zz0,8807.23,8385.47,516,29790244
19904495,Rtyan 1590,9154.59,8385.09,-454,29790235
39071362,statically,8790.66,8384.55,812,29790245
36760311,pluh00,8547.45,8384.39,1108,29790252
33847826,jxyyyds,8542.35,8383.93,1482,29790252
38973487,baranoner6544,9014.35,8383.44,-477,29790239
20843340,116,9087.39,8382.54,-521,29790237
27720540,cjep,8918.55,8382.42,693,29790241
36509614,duelvs899,8579.01,8382.34,1297,29790251
13581855,SimonCrasher,9054.33,8381.46,-21,29790238
35072482,Mabuchi Kyouma,8571.95,8381.27,860,29790251
36523608,junee-,9098.31,8380.96,-342,29790237
7762268,mFKNjones01,8977.08,8380.92,43,29790240
20765890,groundzxro,9249.88,8380.91,-697,29790233
18221820,Jammy0637,9021.28,8380.32,-95,29790239
30496112,zalimquesoxdd,8881.78,8380.25,683,29790243
38726416,Yuxen,9237.82,8380.21,-912,29790234
38170827,Goatz_z,9188.67,8380.20,-680,29790235
25638109,dcorpzz et,8909.03,8380.09,353,29790242
37744048,xiaoliconghua,9219.18,8379.91,-699,29790234
37147404,weinm,9126.51,8379.70,-553,29790236
36675016,john2igh7,9008.61,8379.59,587,29790239
24294487,GatoSubnormal,9151.99,8379.51,-735,29790235
32756489,nego_dnik,9041.01,8379.48,-229,29790238
20857323,toenailcurler,9145.33,8379.43,-240,29790236
33064712,hiemanhtenbanh,8688.45,8379.15,1378,29790248
34756991,[-Vanart-],9238.14,8379.12,-516,29790234
5193488,Koiidex,8999.76,8378.64,396,29790240
14926444,- Zaphkiel -,8832.57,8377.72,584,29790244
30225242,Kidala47,9091.27,8376.90,-306,29790237
35170797,asuka_tuna,9067.25,8376.90,-269,29790238
31492594,Myune,8947.81,8376.76,570,29790241
34659008,kyubeu,9245.8,8376.32,-637,29790233
35755352,marcoan,8836.18,8376.28,321,29790244
36063970,ASMRGGG555,8707.03,8376.20,1121,29790247
16389066,WantACola,8910.23,8375.75,429,29790242
38763433,Dudbob,9039.89,8375.71,-42,29790238
27641995,eRRoR-XD,9143.89,8375.59,-576,29790236
28270556,kzhl bjlk,8967.17,8375.24,247,29790240
30849750,THE_RALLADO,9022.82,8375.14,-248,29790239
20206484,[TCD]Ryux,8928.95,8374.42,577,29790241
20083117,Stellarr_,8941.79,8374.29,708,29790241
37600204,kieranp2763,9181.5,8374.14,-978,29790235
33475715,IceKuNglnwza007,9211.35,8374.08,-711,29790234
4522816,rasuo,8651.08,8373.62,1587,29790249
37892956,qwpoiepoqiewpo,9031.21,8373.61,-3,29790239
15201249,nanadrian,8989.43,8373.39,79,29790240
13472384,Pianorumi,8784.25,8373.20,1644,29790245
36321570,VioletEverOsu,9218.12,8372.89,-777,29790234
14858859,[Paw]Saiweis,9010.75,8372.85,-2,29790239
37429696,Fries21,8994.2,8372.77,347,29790240
37876275,imdas,9179.83,8372.03,-663,29790235
16560456,wdq20041230,8962.78,8371.33,411,29790241
30444827,Parat,8913.37,8371.32,405,29790242
15901030,-Dlwlrma-,8896.27,8370.86,572,29790242
31463089,--Ivan--,9213.58,8369.94,-572,29790234
33886213,191929192,9074.67,8369.69,-152,29790237
15753462,Soore,8905.93,8369.49,442,29790242
22701689,Vexzays,8956.86,8369.17,497,29790241
36362443,PLZ GOD SAVE ME,9160.18,8368.32,-687,29790235
20853206,UnaSopaipilla,9111.52,8368.12,-334,29790237
39402575,Rembus91,8666.29,8368.03,-915,29790249
27743620,not_goorig,8741.13,8367.43,251,29790246
29382708,xyscl,8987.05,8367.27,268,29790240
38240208,XXzeusXXMB,9171.18,8367.12,-1020,29790235
24620938,qzvl,8672.84,8367.12,652,29790248
24513376,JAYII195,8851.64,8366.94,811,29790243
34241352,Fog Light Maze,8959.84,8366.66,619,29790241
35197535,ijeng,9043.35,8366.28,641,29790238
20304751,DND_j0nFTW,8870.54,8365.79,565,29790243
32967245,Lilmcmusic11,8879.29,8365.76,360,29790243
2516682,Valt,8785.54,8365.72,1082,29790245
37708221,Duonn,8814.88,8365.42,38,29790244
26850104,Eqliser,8893.4,8364.38,1046,29790242
17869550,Luximare,9086.44,8363.79,97,29790237
22766575,xwing999Jr,9131.24,8363.72,-539,29790236
16184683,Dunghun111,8884.97,8363.72,696,29790243
7456292,Rem Deadlock,9111.24,8362.87,-115,29790237
18183270,- Moisi,8938.27,8362.86,240,29790241
35919285,Sumisio,9266.93,8362.80,-852,29790233
33934920,Rate07,9213.23,8362.20,-353,29790234
36160540,sigmadabahia123,9167.79,8362.19,-255,29790235
31135778,Shina0Mahiru,9090.14,8361.92,116,29790237
8712269,Lmao-Limau,8372.38,8361.91,606,29790256
36064333,hundi738,8837.22,8361.40,622,29790244
35461758,wanlol,9034.69,8360.79,497,29790238
26385207,Breedable,8855.35,8360.70,970,29790243
28460739,xsxa_,8931.2,8360.11,-171,29790241
27706975,bacon99999,8848.75,8360.00,705,29790243
40127898,_Mizi,8667.17,8359.88,102,29790249
28698257,Stevelocks100,8914.67,8359.24,600,29790242
14099985,[TRIPLE],9162.27,8359.08,-202,29790235
25494115,Fernanfloo,8880.12,8358.50,155,29790243
24509971,Wusei,9087.29,8358.22,-400,29790237
8832989,[Crz]Yukikaze-,8799.26,8358.20,981,29790245
11773602,[Alex Xp],9052.11,8358.08,-67,29790238
24366391,kkmarcos,8942.73,8358.05,369,29790241
29410895,armiekart,9004.76,8357.87,-90,29790239
24422759,illumihuman,9043.91,8357.63,411,29790238
32259061,Notting,9152.72,8357.58,-1110,29790235
36064373,Y4gRw,8814.53,8357.51,99,29790244
29695833,HuangLingJia,8885.74,8357.35,468,29790242
36616467,Bassiel,9129.5,8357.03,-279,29790236
18803829,cirlice,9155.37,8357.00,-786,29790235
21284893,Emousu,8538.72,8356.74,1800,29790252
14193228,furuunya,8470.66,8356.40,1556,29790254
20520767,1atk,9169.87,8355.29,-514,29790235
32334005,nam1234_old_4,9155.99,8354.07,-513,29790235
10739680,kazuin,9216.27,8354.03,-639,29790234
25962993,Kevin9163,8976.81,8353.98,46,29790240
9579664,Marqez,8673.33,8353.51,1162,29790248
18092671,Neon Furry,9292.06,8353.42,-783,29790232
34285772,samuelhaheho,8998.45,8353.42,45,29790240
28975071,-musus-,9229.7,8352.36,-494,29790234
36838282,pamper3,9089.25,8352.08,-453,29790237
33675880,33675880,9138.49,8351.70,-449,29790236
21480565,WrristSlitter,8871.56,8351.42,-368,29790243
17450713,Dekkusu,8846.37,8351.22,850,29790244
1047996,Erio,8872.13,8350.92,822,29790243
33203392,Goldenglow1spig,8786.15,8350.83,518,29790245
36791801,TKPON,8876.47,8350.77,14,29790243
38928647,sbmod,9021.4,8350.76,-664,29790239
13303914,TheHairyPotatoe,8998.69,8350.47,-572,29790240
32750780,caiyan,8383.73,8349.56,-860,29790256
11113937,spookyspocky,8839.34,8349.47,984,29790244
39110059,Abdalrehman1,8926.09,8349.11,-313,29790241
1130069,DarkSider2442,8631.61,8348.19,1943,29790249
24900335,Ratwurst,9181.85,8348.07,-966,29790235
35323388,Zorjr,9061.3,8347.73,-628,29790238
29716889,Sillot,8745.54,8346.29,1188,29790246
26452611,Aesthetical,9087.49,8346.03,-351,29790237
29220688,KirHanki,9173.8,8345.71,-695,29790235
5411636,-Kimju-,9159.04,8345.36,-646,29790235
18320275,Yomist,9141.57,8344.38,-738,29790236
24237654,Yortoz,8873.59,8343.76,447,29790243
13019935,[UTH]YUDEL,9042.5,8343.55,-553,29790238
36075916,ethica666,9030.3,8343.41,-687,29790239
24295602,darkfenix1440,8856.77,8343.27,-74,29790243
31494681,vrcassie,8584.45,8342.25,79,29790251
19022689,IreneTerence,9087.99,8342.18,-143,29790237
39585490,REP07T,8459.03,8341.81,922,29790254
4314171,- Moya -,8810.34,8341.75,973,29790244
9272238,qw887799,8699.11,8341.60,1688,29790248
34739432,LightingT,8950.88,8341.25,113,29790241
19522585,sh-tak,8947.17,8340.78,232,29790241
35866549,sksma4,8991.43,8340.39,500,29790240
2364434,Go to HELL,8558.63,8340.21,1387,29790251
33938513,SWW114514,9145.02,8339.98,-640,29790236
19625882,M A N U E H,8767.73,8339.69,1624,29790246
16834050,wys0318,9049.08,8339.62,-155,29790238
22724614,-Kitty,8831.35,8339.32,560,29790244
36576270,SanicSped,8771.24,8338.80,882,29790245
37025649,CookiesNCream,8986.22,8338.76,-5,29790240
39551407,Hirosen,8528.6,8338.37,-930,29790252
33892540,OOControl,9264.79,8338.08,-695,29790233
23584038,ocydo,8930.63,8338.03,206,29790241
6977349,TaiwanNo1,9109.06,8337.38,152,29790237
36932205,samii_lcb,9206.42,8337.09,-529,29790234
9794828,Nunsy,8465.31,8337.09,1404,29790254
20169884,Smokydoh,8584.95,8336.82,1019,29790251
30266780,ftnpc,8631.56,8336.67,1817,29790249
18632500,REFREFH,8789.8,8336.41,1131,29790245
25334249,Braid_ultra,9154.44,8336.20,-742,29790235
38175903,valkyii,8669.44,8336.17,2078,29790248
14665128,shade0214,8884.84,8336.01,461,29790243
26772932,AuristelaVlyn,8878.83,8335.99,398,29790243
37883527,Draster,9141.38,8335.89,-747,29790236
33550835,Meivik,9102.46,8335.86,-749,29790237
18802203,hydrochan,8762.16,8335.54,1132,29790246
34097670,imakilluaboi,9081.72,8335.43,-472,29790237
24096425,mickeymouse,8968.48,8334.72,282,29790240
19258406,VINVIN0102,9026.55,8334.58,87,29790239
32332326,RodIsGarbage,8649.09,8334.31,756,29790249
34713606,Chiriri,9058.06,8334.23,-227,29790238
13426799,Brandex_,9012.42,8334.21,232,29790239
37188928,TIMEisOVER,8878.41,8334.21,415,29790243
12568571,Alejar,9177.59,8333.81,-552,29790235
12149339,daan1234,8991.32,8333.36,-102,29790240
14125307,Nyakkeru,8657.06,8332.91,1041,29790249
18770493,Andy55,8978.13,8332.64,-432,29790240
35555864,musist,9040.47,8332.30,-48,29790238
35289100,Piied,9057.76,8331.77,-1124,29790238
14298628,muileeds,8918.04,8331.46,327,29790242
37271274,SillyGreen,8906.48,8331.42,280,29790242
4381521,Ez2dj_Ritsu,8492.24,8331.15,2076,29790253
30500170,iam khang,9012.94,8330.69,-108,29790239
35833817,sw11tch,8909.25,8329.73,-759,29790242
23125829,JosiahGamez,8577.61,8329.26,1171,29790251
20912902,FuncitonFun,8867.83,8328.94,724,29790243
29748235,RadNan,8959.31,8328.78,-238,29790241
30778985,4nogami_Ha4me,8228.9,8328.73,2051,29790260
21318122,FurryGoOwO,8822.32,8328.67,584,29790244
16112928,scmoonmochii,9032.03,8328.42,-278,29790239
25500017,SeanLeBean,8749.08,8328.29,-449,29790246
30773759,WZEOSU,8493.18,8327.51,269,29790253
33633662,Jiyasu,8376.64,8327.27,394,29790256
39680723,evennyq,8633.5,8326.44,249,29790249
38030027,marioloco999,8980.63,8325.24,-8,29790240
36898878,plij,8826.3,8324.98,-39,29790244
26442302,[Yere],8804.36,8324.18,-449,29790245
16123616,ReKademy,9054.88,8323.57,-421,29790238
24690451,UziFriday,8986.84,8323.51,-25,29790240
36483001,mayanupe,8901.72,8322.50,-194,29790242
19716237,NeVoyed,8848.43,8322.44,841,29790243
20695493,Roxor,8942.32,8321.95,783,29790241
38802651,Clairo,9002.16,8321.63,917,29790239
32631569,LunaMeow,9151.47,8321.22,-595,29790235
13717329,Bizxare,8731.83,8320.48,720,29790247
27853509,yampilesco,8724.78,8320.30,948,29790247
16978354,ERA Yuh,8603.17,8320.09,1386,29790250
5185455,CanadianTaco,8726.5,8319.73,1164,29790247
29748338,sonjihoo1234,9049.97,8319.67,29,29790238
23175776,SupremeJaycee,9041.33,8319.67,-189,29790238
18759548,zMeguminYT,8862.53,8319.30,495,29790243
27193767,starhbk,8877.21,8318.27,757,29790243
9241483,alstlr1324,8202.59,8318.13,3068,29790261
34902788,Dexxay,8970.91,8317.65,-213,29790240
37142433,_Polyriddim_,9065.06,8317.53,-376,29790238
21457123,Rennnn,8867.14,8317.02,309,29790243
36713933,Sovii,9102.68,8316.48,-312,29790237
38069963,tento1233,9029.58,8316.23,-265,29790239
30895798,TheAnc1entAbyss,8541.69,8315.42,1788,29790252
31286512,cheesedog,8896.04,8315.40,587,29790242
17759815,RiceyHolmez,8792.87,8315.24,1014,29790245
22277679,Denisucu99,9054.11,8314.81,-257,29790238
38770835,ddjy,8940.34,8314.80,8,29790241
24039893,Mrnoobnub,8801.54,8314.50,1210,29790245
36178821,Yotsukawa,9090.85,8314.30,-815,29790237
5104578,Bub,9045.22,8314.24,24,29790238
34401513,zanshin15,8922.83,8314.16,270,29790241
15241608,u8_sunflower,9011.74,8313.66,-22,29790239
20423347,s1gn1cial,8784.82,8313.48,616,29790245
29068050,Apooloon,8899.97,8313.08,387,29790242
6653030,LucasEsCool,8814.02,8313.07,529,29790244
6882203,Tina Daisuki,9134.38,8312.89,-364,29790236
36281960,takhames,9114.09,8311.93,79,29790236
15922672,KrNatomi,8913.8,8311.89,435,29790242
34429722,X E N O,9148.01,8311.66,-182,29790236
32609782,fractureissimo,9057.51,8311.06,-579,29790238
23000704,max1000rush,8995.48,8310.54,-512,29790240
21963245,Nezu-,8886.31,8310.53,428,29790242
34337539,F4Kx,9151.09,8309.95,-752,29790235
37098736,jagabutterotaku,8311.91,8309.53,2589,29790258
25472963,Meteor_Memory,9122.59,8309.47,-776,29790236
16017784,Dolphamine,9080.84,8308.56,162,29790237
36490704,ChiZeSQR,8772.37,8307.86,-204,29790245
26693904,geo-,8888.65,8307.50,211,29790242
31741120,Phantom Shogun,9116.51,8307.45,-938,29790236
23068819,[REG]Elpirulas,8818.03,8307.30,673,29790244
2443150,holsri,8703.54,8307.22,1222,29790247
20684904,junybite,9119.76,8306.90,-371,29790236
37236138,64coco10 master,9197.22,8306.89,-705,29790234
15043521,Sneezey,9100.2,8306.05,-480,29790237
10251502,[HD]kubo,8727.66,8305.77,971,29790247
34882323,normalplayerITA,8905.58,8305.41,-885,29790242
15707471,kimsiwon,8479.3,8305.24,1762,29790253
17792223,nwd,8955.17,8305.12,172,29790241
27195141,BHQ_Gaming,9178.4,8305.08,-474,29790235
30928427,donconmedias,8689,8304.35,1252,29790248
12169267,315,8844.21,8303.88,219,29790244
4922584,Kites,8697.64,8303.48,945,29790248
5378805,[GB]Azukisan,8869.77,8303.39,293,29790243
32561880,Fubk_,8733.32,8302.87,548,29790247
30886983,hieg,8781.67,8302.75,333,29790245
22838429,Long1929,8866.38,8301.94,231,29790243
23920118,W0ven,9167.48,8301.59,-523,29790235
27750968,TheBIGmouse_919,9030.62,8301.55,-411,29790239
35239778,ffaint,8994.98,8301.05,393,29790240
19161800,f4test,8844.81,8300.39,639,29790244
8214424,sighate,9083.41,8300.02,-460,29790237
25108364,libvy,8801.66,8299.79,65,29790245
32026323,ohzamn69,8920.01,8299.42,153,29790241
34132402,valanikawaiii,9038.96,8299.37,-15,29790238
27863945,Yoshi08,9144.76,8299.29,-477,29790236
38359939,thienaz,8834.79,8298.84,-26,29790244
38558372,Pecry,9036.13,8298.66,-276,29790238
30927871,Destroyr,9104.34,8296.52,-622,29790237
7705351,Tico,8672.75,8296.16,1559,29790248
29390772,trashbinss,8763.21,8296.13,294,29790246
29956939,lyrith,8887.35,8295.61,274,29790242
19929746,astroo,8976.3,8294.56,111,29790240
24743440,CogMH,8778.97,8293.78,314,29790245
33348283,hsnap,9090.61,8293.20,-474,29790237
38748170,AvieZ lolz,9007.47,8292.88,340,29790239
36427021,_Fyv_,8795.52,8292.44,547,29790245
10395139,Ricizus,8690.99,8292.15,716,29790248
30141514,[GS]Ezradido,8707.23,8292.05,1078,29790247
16116841,Alxify,8831.73,8292.03,499,29790244
38888605,Mangokeyboard,8845.19,8291.89,-325,29790244
18418917,CompNebula,8901.11,8291.60,243,29790242
37095046,Senky,8892.47,8291.39,442,29790242
38245970,Santicks,9151.3,8291.00,-279,29790235
37730719,KRincia,9060.55,8290.42,-196,29790238
17965706,[HD]Kotomi,9103.16,8290.06,-371,29790237
30658416,Plovzxc69,8732.12,8289.77,731,29790247
36363494,pryanik64,8773.01,8289.47,606,29790245
21937600,Muukko,8491.47,8289.21,2085,29790253
38382509,Soul Society,8883.54,8288.63,-440,29790243
37325682,tuveeu,9118.14,8288.43,-1065,29790236
34396686,Chivito,8952.08,8287.89,-144,29790241
35632499,Cartazen,8771.43,8287.18,-523,29790245
20934824,BrainHo,8989.3,8287.05,118,29790240
20054198,zokiez,8861.13,8286.74,630,29790243
10176957,- [Yan] -,8825.63,8286.14,535,29790244
37147152,aSangDeptrai112,9016.7,8285.81,-389,29790239
39324288,Regjulus,8419.19,8285.52,-577,29790255
12530816,im kurarin,8658.96,8284.96,1086,29790249
39846422,tinkerplayer,9146.61,8284.71,-1027,29790236
10994117,famzaneko,9069.42,8284.70,-432,29790237
26653627,QiaoYuHang,9160.07,8284.09,-719,29790235
16596008,Leon05,9187.4,8283.84,-820,29790235
36415406,Owwka,8844.02,8283.74,355,29790244
27127925,Yukimi_,8952.88,8283.38,186,29790241
13456157,DJ-Dz,9034.49,8283.07,-455,29790239
24039124,Trickcal,8979.77,8282.75,-188,29790240
34705779,JustOsuPlayer,9076.71,8282.74,-158,29790237
21796669,PIKA233,8857.66,8282.14,-296,29790243
35410061,Speedy_5359,9058.35,8281.99,-357,29790238
19936490,ffddase,8647.95,8281.53,-220,29790249
17238812,fikter,9067.79,8280.73,-679,29790237
16517079,Brunixxx,9046.71,8280.43,-416,29790238
35214018,JdchL009,8736.76,8280.18,-459,29790246
13402596,waerthir,8711.38,8279.92,790,29790247
8707869,Yandeloid,8890.25,8279.83,125,29790242
35323873,Fevuyin,8984.1,8279.61,-423,29790240
24879044,TCOS105,8553.23,8279.43,1207,29790252
741237,LopecaRuby,8160.94,8277.07,3014,29790262
34954615,justinthecat,8869.11,8276.86,-78,29790243
13543418,secXcscX,9035.64,8276.10,-221,29790238
28355042,fushengll,9041.83,8274.94,67,29790238
39457214,Sarven73,8447.02,8274.61,-964,29790254
22685668,Estepat,8532.9,8274.53,1625,29790252
12729608,zhangjunyan,8891.91,8274.52,533,29790242
38203268,aho_3309,8265.88,8274.02,1924,29790259
15552346,Mudereded401,8965.2,8273.83,254,29790240
10166428,toving,8757.71,8273.54,1136,29790246
27490940,Tura4,8853.34,8273.28,-376,29790243
23901576,Esportacus1987,8878.35,8272.89,597,29790243
39869146,BridgetQWQ,8344.57,8272.85,1570,29790257
34119282,serenadesu,8242.43,8271.60,-667,29790260
19311562,AsamasterH,8897.47,8271.47,161,29790242
33520276,dimon0770,9016.03,8270.95,-305,29790239
19541623,Astar2000,8965.12,8270.35,227,29790240
25502775,faefdawgawhawha,8864.27,8270.31,272,29790243
8547153,lincoln_TNT,8716.31,8270.23,318,29790247
39570349,guardiaman,8881.39,8270.22,-311,29790243
27930900,Sohyun,8704.98,8270.03,885,29790247
9465458,julialess64,8490.55,8269.99,2286,29790253
37039825,MyAngelSaya,9089.65,8269.47,-857,29790237
38199376,ChI0e,8234.36,8269.17,164,29790260
32853967,tebiexiedemonv,8849.61,8268.94,581,29790243
38655091,mikam1ka,8306.54,8268.87,2052,29790258
13247244,Sxlarize,8674.16,8268.16,1038,29790248
38093182,yokaze214,8326.93,8268.05,1150,29790257
24391287,Evoq890,8866.66,8267.68,63,29790243
18055348,ItsukiMyMommy,9025.66,8267.26,-384,29790239
37133097,noxert,9078.85,8266.62,-294,29790237
38299977,Lozu,8830.22,8266.43,784,29790244
28324693,Ryzz,8692.65,8266.16,509,29790248
37866398,QMMMMWWW,8811.49,8265.89,181,29790244
13203638,Amagi,9053.61,8265.30,-191,29790238
19670247,YireFoshi3,8799.61,8265.29,481,29790245
10458575,D I V I N I T Y,8791.61,8265.06,393,29790245
20620336,Chasejr,8657.87,8264.97,605,29790249
11305734,Vaidy,9133.83,8264.79,-773,29790236
16348899,Yasemin,8231.02,8264.26,-267,29790260
9168749,kjh10193,8476.61,8264.01,1468,29790253
22706675,notrickzdumbo,8829.35,8263.42,720,29790244
37164220,moxin,8779.33,8263.40,-239,29790245
29119175,Akunoguey,9013.82,8263.32,-384,29790239
9554391,DecadenceX3,8461.41,8263.19,1845,29790254
33827602,willowsvii,8895.81,8262.58,-22,29790242
29967887,zanethecat99,8621.05,8261.87,1087,29790250
16419804,Fouje,9073.84,8261.81,-186,29790237
26214286,Mr_Jam,8859.91,8261.61,375,29790243
35286467,SillyLilly04,8995.37,8260.92,-244,29790240
18003050,J_Corerz,9011.99,8260.61,-227,29790239
39493207,SharkeyV1,8983.82,8260.25,-465,29790240
29631873,reretr,8872.48,8260.18,129,29790243
8209312,KirinChibi,8702.32,8260.11,843,29790248
37162829,hairirangeover,8689.29,8260.04,515,29790248
36857619,tofutheuwu,9060.39,8259.84,-640,29790238
24847807,Lolp_cn,8870.02,8259.45,-68,29790243
32123685,ygz114514,9105.86,8259.35,-661,29790237
31545117,chillboi_,8922.29,8259.03,385,29790241
11191030,PickleSlapper,8201.08,8258.52,1064,29790261
38230374,Kyionn,8726.32,8258.51,278,29790247
23599301,Kuryentea,8803.37,8258.24,-960,29790245
7673726,lxy20019xs,8621.49,8258.22,1268,29790250
12532112,Pengjouc,8582.31,8258.19,1514,29790251
30112612,pomelo-0,8845.49,8257.79,-415,29790244
34297206,FeaWords,9094.94,8257.62,-572,29790237
30982633,Vellin,8858.09,8257.14,733,29790243
30698721,Natsume125,8481.5,8256.96,1716,29790253
16539309,ivaltek,9002.25,8256.35,-546,29790239
20322926,CarlosBmt,9038.33,8256.22,-212,29790238
13887380,svp-,8759.84,8256.09,744,29790246
16298392,sakura XF,9027.59,8255.92,131,29790239
38803136,fffravie,9105.34,8255.48,-889,29790237
36467092,Logan110510,9145.53,8254.91,-943,29790236
37174366,[Brimstone],9053.16,8253.92,-219,29790238
21017085,M4re,8934.41,8253.09,-198,29790241
8607225,Vagays,8824.92,8251.97,374,29790244
28275262,aschram,8941.33,8251.90,249,29790241
27191578,CyberRipAim,9005.44,8251.78,75,29790239
25224873,MXCY1,9177.37,8251.63,-1168,29790235
37238959,Eenjongentje,9050.08,8251.63,-654,29790238
27406846,Ichie1,9035.79,8250.62,-383,29790238
28223018,silver90990,9055.66,8250.55,-651,29790238
38397674,jones10707,9029.89,8250.22,-595,29790239
31798711,Z-Force,8930.53,8249.89,-12,29790241
36483981,xflizxy_01,9026.49,8249.65,-258,29790239
38033278,NoITcelloC,8547.58,8249.20,1013,29790252
13558447,XLJHX,8820.03,8248.75,735,29790244
14129664,susanoasdbala,9089.35,8248.61,-609,29790237
32131622,0osusii,8511.21,8248.56,-796,29790253
37516881,I need skill,8719.17,8247.29,-435,29790247
17399366,Rh7thm,9021.53,8246.93,-569,29790239
26559683,yeyens456,8692.13,8246.87,1246,29790248
30885122,mopchan,8732.56,8246.80,510,29790247
37493352,-Oyama-MahirO-,8982.76,8246.68,-383,29790240
25418352,rhythmcreative,8797.83,8246.61,253,29790245
15636932,Soraru Aoki,9003.73,8246.04,-272,29790239
26763689,quasar__,8487.71,8245.94,1908,29790253
19337995,Zerkavitch,9046.96,8245.25,-920,29790238
18695913,Hokaze Kanade,8582.75,8244.41,1209,29790251
25487822,bongowrap,9078.75,8243.92,-631,29790237
10239066,FarFromExact,8297.26,8243.15,2481,29790258
28022541,viperochico,8824.59,8242.95,118,29790244
16526506,ElPadri0,8784.55,8242.88,493,29790245
25756227,_Crazy_,8842.14,8242.69,323,29790244
17439153,mingih991,8591.91,8242.21,1170,29790250
20834933,Criflower,9008.5,8241.47,-111,29790239
37371547,LOPPPOS,8714.53,8241.14,369,29790247
37715651,Sparkydude772,8938.44,8241.08,318,29790241
37613470,Fattish,9063.46,8241.00,-902,29790238
37710943,yokino123777,8428.13,8240.97,391,29790255
33494486,shoq00924,9021.97,8240.66,-60,29790239
4565040,Feylos,9071.1,8240.41,-698,29790237
22646878,cayitosh,8542.54,8240.32,1405,29790252
20571184,Woloz,8829.7,8240.19,365,29790244
37687282,2xace,8837.69,8239.88,948,29790244
30636973,frosty_eiko,9004.37,8239.81,-217,29790239
36760312,noctulo47gngg,9031.4,8239.70,-261,29790239
33352940,uriel_essau,8948.06,8239.40,166,29790241
24757313,Vreta,8730.72,8239.32,-175,29790247
30760583,[WUZ]CyphiLT,8673.97,8239.28,828,29790248
14898023,Galard,8760.48,8239.26,-33,29790246
21657482,Hierbito,8607.16,8239.06,786,29790250
10024720,zuzlucix,8981.93,8238.81,-93,29790240
30506513,EliSei4ik,8483.66,8238.62,21,29790253
31967819,HDTOO,8843.62,8238.56,345,29790244
37907361,the_fe,8821.81,8238.42,-56,29790244
16728457,wreaty123,8949.5,8238.24,251,29790241
26897682,DeflatedNut,8833.11,8238.22,-291,29790244
22199280,Duckells,8585.4,8237.85,1283,29790251
37747998,dinox102,8754.16,8236.97,-163,29790246
27697887,ipikalive,8658.78,8236.93,892,29790249
981144,aeri-,8696.31,8236.29,1147,29790248
9054531,Lobster,9106.34,8236.00,-814,29790237
32270794,Ballistical,9036.92,8235.76,-426,29790238
10678590,XxL4mentadorxX,8922.62,8235.48,64,29790241
36565071,Vbcty,8828.04,8235.20,282,29790244
14267672,gyeonghango,8851.5,8234.99,503,29790243
24377755,Yama[dera],8898.64,8234.87,-128,29790242
26937518,eyeless14,8801.45,8233.55,-468,29790245
9080911,Syries_,8124.75,8232.93,2553,29790263
33965638,Sylva15,8994.45,8231.88,-556,29790240
25467317,takinesu,8786.46,8231.67,490,29790245
34841492,Sill_vy,9087.01,8231.66,-729,29790237
25454675,NineSey,9035,8231.52,-164,29790238
13190161,Limu,9044.35,8230.77,-562,29790238
25909167,grisslybean,8615.81,8230.56,1164,29790250
32917854,greenvoiid,9050.37,8230.43,-709,29790238
35005287,nordz123,8782.5,8230.18,613,29790245
36125394,kananagits3132,8735.46,8229.73,-219,29790246
24047308,KralEfe_old,8996.08,8229.31,-364,29790240
18163260,whycmfd,8640.45,8229.26,926,29790249
17103236,TigerWasTaken,8697.35,8228.79,1168,29790248
22609780,MyAngelKiritsu,8736.65,8228.57,271,29790246
31663292,GabyFire241234,8823.2,8228.44,312,29790244
22906240,TGZ1617,8942.08,8228.27,-185,29790241
16524309,timoxaPT1,9096.82,8228.24,-730,29790237
13542602,PIKAQIUQIU,8713.48,8228.20,547,29790247
27960680,Thunder1709,8350.01,8228.06,2169,29790257
9112883,extend-,8492.05,8227.97,685,29790253
32642539,syhhyssyhhys,8819.12,8227.55,-614,29790244
26791825,Gb4n1223,9017.89,8227.28,-354,29790239
9048067,[GB]Kosmos,8839.6,8227.17,248,29790244
23114319,T0x1cL,9016.62,8226.02,-416,29790239
3793836,Me CTL-672OWNER,8319.46,8226.02,1244,29790258
39715248,ShamirT56,8924.67,8225.55,-471,29790241
15004134,PlayerMan,8634.15,8225.46,1095,29790249
17743010,puptot,8952.37,8224.39,48,29790241
29332103,Zaaqila,8765.29,8224.22,317,29790246
25711253,skxjs,8923.11,8223.84,4,29790241
33486605,Screehard,9038.17,8223.43,-524,29790238
23284560,Realiz,8358.82,8223.23,373,29790256
37829594,[PXF]Lunaa33,9011.37,8223.15,-204,29790239
22616674,garf[,8840.18,8222.98,189,29790244
7875226,Summoe,8387.28,8222.69,1981,29790256
30336847,zomboxd,8595.29,8222.59,855,29790250
6443899,Niro-,8328.71,8222.54,1744,29790257
8497100,GreenSoul,8546.81,8222.27,930,29790252
4601944,Garrus Brouker,8761.57,8222.05,423,29790246
13623686,HEAIREST,8465.1,8221.80,1201,29790254
33574635,like chen,9028.44,8221.60,-672,29790239
4335785,Maxus,8432.35,8221.29,1133,29790255
29932901,Jessie Calydon,8751.79,8220.20,256,29790246
12672904,ShiningGalaxy02,8634.2,8218.99,1233,29790249
38213335,rslava,9051.04,8218.96,-811,29790238
13909889,capacitd,8746.09,8218.29,421,29790246
35379684,sillybook,8951.29,8218.26,-179,29790241
30009838,[Chke]TheStris,8970.09,8218.06,-33,29790240
21918681,tlcnt,8771.81,8217.70,479,29790245
33232517,VicNon,8968.58,8217.63,-429,29790240
29995043,Repgamer_pt,8456.55,8217.08,-824,29790254
11480434,akattyeon,8831.06,8216.09,-25,29790244
11779813,Patoon,8952.82,8215.77,-177,29790241
11976304,[GS] Ebex,8777.68,8215.42,773,29790245
32817941,SK Wyverns,8598.98,8214.10,18,29790250
7969930,[-Roxas-],8728.67,8213.96,754,29790247
24332834,Keyboard_Spam,8561.75,8213.85,1299,29790251
20624643,Arr11,8908.2,8213.73,143,29790242
36188101,Aryuka,8987.45,8213.34,-385,29790240
16903398,CrA,8898.13,8212.96,-26,29790242
21642562,milzz,8784.87,8212.38,-365,29790245
37239073,T3sin,8916.04,8212.06,-418,29790242
9331760,Trainer-,8706.73,8211.92,905,29790247
30654771,Rex74409,8983.33,8211.82,-392,29790240
23276349,frenanfl,8111.93,8211.72,-172,29790264
34775021,hello4rooms,8953.58,8211.66,-687,29790241
35556571,ArtoniuJustyn,8898.99,8211.63,-154,29790242
28361857,Lucywave,8968.98,8211.52,-209,29790240
22551472,TheGoldenTiger,8770.51,8211.52,510,29790245
33727415,1Fangtongxing,9047.3,8211.34,-424,29790238
13474684,pikachu0310,8805,8210.78,10,29790245
26879561,Qaringg,8950.23,8210.55,-628,29790241
26257656,Little_Fishyee,8787.65,8210.31,84,29790245
22573713,drime404,9033.7,8209.94,-429,29790239
29782707,Jahriel,9088.06,8209.81,-751,29790237
2486125,[Szy]MongolCJ,8750.44,8209.78,824,29790246
29420666,yuemufriends,8495.71,8209.63,750,29790253
8147961,Sakura lro,8592.69,8209.61,873,29790250
14906122,1Effect,8574.83,8208.92,1780,29790251
30158469,fireraxz,8651.38,8208.48,713,29790249
34640490,Abiscus,8917.07,8208.36,-415,29790242
20525476,Rarirurero,8399.24,8207.75,1817,29790256
23115362,RainYuYu Neko,8971.92,8207.05,-476,29790240
19801212,JackCeption,9037.9,8206.47,-327,29790238
12018352,Annbee,8600.07,8205.98,1022,29790250
38876809,noprecision,8633.1,8205.89,710,29790249
34209505,ruzzaw,8813.33,8205.86,360,29790244
26475060,Cardbored,8996.41,8205.70,-81,29790240
19359351,whytxr,8506.4,8205.51,860,29790253
33318797,mm21,8106.7,8205.39,2938,29790264
12111178,sdiflk23h5kl34h,9043.64,8204.27,-639,29790238
36655360,Kirtsi,8667.68,8204.18,794,29790248
14025231,GameLife_0516,8664.11,8203.81,757,29790249
31418441,HirakiTouko,8875.11,8203.74,-298,29790243
36647676,caronmarzz,8917.73,8203.21,-109,29790242
8793725,takanashi_201,8562.15,8202.92,1782,29790251
33222344,v9x9,8444.85,8202.73,460,29790254
25030211,ed_cyron,9086.23,8202.37,-743,29790237
21389793,Monum,8477.05,8202.34,886,29790253
28903087,GGGGGM,8655.6,8202.32,211,29790249
12028994,Axe7,8740.2,8201.98,455,29790246
32086848,matthieu103,8889.44,8201.10,-784,29790242
16526434,souten,8750.26,8201.02,605,29790246
27750002,maxpuppy,8790.31,8200.66,-64,29790245
36932312,EXR_FAL,8941.43,8200.50,-1008,29790241
29287757,Muffinman1904,8476.21,8200.45,1635,29790254
35523323,MoonBender,9018.17,8200.13,-476,29790239
31703638,SemIdeiaPraNome,8557.65,8199.93,1105,29790251
2944558,Greenpacghost,8700.82,8198.55,1044,29790248
3497139,LordBoker-,8679.75,8197.85,891,29790248
19764004,Rezza02,8973.67,8197.25,-531,29790240
29020240,ilikebread12345,8759.18,8196.94,738,29790246
24633181,yuri12,8635.24,8196.92,1104,29790249
16845339,GabbyNux,8612.69,8196.68,949,29790250
36990638,KaoziNguyen,8312.57,8196.13,-265,29790258
23086416,pipchristian,8650.02,8196.00,-463,29790249
16437178,Chiller,8989.02,8195.84,-307,29790240
11801664,Woodkid,9016.94,8195.63,-279,29790239
31545717,MonkeyNash,8777.97,8194.86,443,29790245
23727114,- A L O N E -,8856.22,8194.46,-222,29790243
7997766,asdffd,8176.55,8194.30,1964,29790262
18483773,Stehn,8718.3,8193.43,710,29790247
19502725,DeadKitten900,9010.91,8192.97,105,29790239
17885171,_insert,8709.48,8191.24,780,29790247
21134866,Remisa_Hakurame,8977.46,8190.79,130,29790240
39273235,WANDOG,8097.08,8190.72,3104,29790264
15140578,cloor,8992.84,8190.39,-636,29790240
35279147,Kh4IZerGD,8910.31,8190.17,501,29790242
38928452,cuyin,8452.06,8189.99,329,29790254
19629933,[ Trush ],8763.56,8189.73,347,29790246
21024124,inhailin,9036.69,8189.67,-564,29790238
25751103,lxl666,8496.39,8189.01,988,29790253
32452486,TOtimeover,8901.94,8187.77,-375,29790242
30173157,icc1976,9029.5,8187.63,-496,29790239
20361901,nootnoot6989,8743.59,8187.49,419,29790246
33841800,d0rg4,8970.44,8187.30,-543,29790240
27433225,Unseenwinds,8567.98,8186.84,1057,29790251
22963506,FelixNoscoped2,8795.32,8186.80,164,29790245
34215813,linjiu09,8945.86,8186.26,-634,29790241
24572120,[LS] sun,8591.2,8185.87,845,29790250
16783780,Africa_teitoku,8712,8185.37,522,29790247
11354365,Sillysocks,8617.37,8185.34,1115,29790250
12129452,CZgm,8805.53,8184.66,252,29790244
32185294,4Us,9003.43,8184.18,-755,29790239
34196686,totaldonvitto,8620.26,8183.87,144,29790250
31233589,joshxdtan,9002.95,8183.79,-483,29790239
11801539,nozomi6974,8637.65,8183.10,1080,29790249
35732388,HYEJI,8882.31,8181.95,-308,29790243
38939161,arxdiv,8957.85,8181.16,-688,29790241
27936163,SEQUELA02,8913.52,8180.57,-252,29790242
27874966,Brolliczz,8664.93,8180.47,1038,29790249
20223571,Fmooo,8864.79,8180.35,-271,29790243
28797086,vChrome,8331.74,8180.27,1556,29790257
15967851,Shirasu Reina,8973.81,8179.82,-81,29790240
29619989,Nazuno,8199.8,8179.80,2302,29790261
32341446,tsyanx,8275.94,8179.14,1723,29790259
35131437,venuspbl,9020.36,8178.77,-667,29790239
3994975,hkgim128,8474.74,8178.74,1158,29790254
18080775,yanmaizhou329,8889,8178.38,213,29790242
33535572,--Bread,8988.27,8177.69,-363,29790240
32162177,alexioo,8860.06,8176.81,-106,29790243
9447432,jaminclaw,8907.64,8176.67,-344,29790242
25747413,ThiccBoi42069,8885.33,8176.66,29,29790242
39247414,Crocy2026,8683.52,8175.68,339,29790248
36802886,ItsRyux,8940.21,8175.04,-183,29790241
21971579,Plum_L,8890.83,8174.84,238,29790242
37902913,DANTE186,8937.49,8174.28,-808,29790241
21679912,craigg,8717.21,8174.14,980,29790247
31536332,trix689,8599.6,8173.83,896,29790250
15490213,question_,8894.5,8173.75,-268,29790242
16894629,Moneyeo,8761.5,8173.00,-34,29790246
27717220,Matute011,8697.42,8172.98,497,29790248
26511397,CowCow,8869.51,8172.86,-293,29790243
32050505,zbokii-,8754.74,8172.79,-85,29790246
37225833,privetotub,8383.11,8172.70,237,29790256
14237675,megidora752,8606.7,8172.47,909,29790250
22965183,hyun222,8559.34,8172.30,1112,29790251
16232510,Chromatiz,8701.38,8171.93,585,29790248
29327658,PppKo_,8840.36,8171.82,-618,29790244
33350096,IloveElaina,9016.21,8171.55,-338,29790239
29697848,pwlse,8641.76,8171.32,791,29790249
35034809,39lover,8980.48,8171.26,-1027,29790240
9362358,teluxe5193,8758.24,8171.11,159,29790246
36098896,silly guy,8739.33,8170.27,186,29790246
28549596,MakibaCat,8871.69,8170.13,-104,29790243
32487974,zzaaii,8994.33,8169.79,-390,29790240
16056780,-Panic-,8692.52,8169.30,468,29790248
38520267,vrzq,8400.38,8168.52,1026,29790255
23785750,bnevinhad,8857.06,8168.05,-195,29790243
31775343,ztokii,8609.2,8167.81,622,29790250
1951426,Frafrozc,9042.68,8166.96,-668,29790238
34953835,Furosa,8816.68,8166.86,-431,29790244
9325556,cpd azir,8342.62,8166.51,1595,29790257
35614005,Yakuso_ku,9017.51,8166.07,-801,29790239
22363854,V_soflan,8019.54,8165.63,2590,29790266
35138788,[Wayz],8788.91,8165.05,75,29790245
34086981,FkHei,8503.86,8164.72,987,29790253
34524727,omega_t,8870.95,8164.51,-605,29790243
34387392,phappyq,9001.95,8164.47,-934,29790239
36210966,Xi555,8912.38,8163.65,-286,29790242
9207126,NebuZard,8801.1,8163.64,114,29790245
26853034,[TCD]SnowyCutie,8775.91,8163.35,214,29790245
37840364,Noelleyy,9020.91,8163.31,-559,29790239
35037934,ez_065,8996.53,8163.29,-619,29790240
31448657,My Angel Ririko,8725.1,8163.29,178,29790247
29163860,AZ19,8560.85,8162.91,1303,29790251
31906494,zyreq,8773.41,8160.73,166,29790245
11409751,CorneliusIsReal,8900.96,8160.53,-289,29790242
31826155,neetji,8444.11,8160.40,-477,29790254
31907454,scluna,8618.33,8160.26,590,29790250
36204726,JWOOO87,8156.53,8159.88,189,29790262
34042976,kongyibob,8528.39,8159.87,952,29790252
37308262,A375,8223.33,8159.62,2419,29790261
37516075,Venalmoose,8912.43,8159.61,-386,29790242
11559342,KeseaN,8760.83,8159.38,731,29790246
10678108,DarkForever9,8867.35,8159.35,-485,29790243
11805458,StayHighKids,8641.59,8158.59,896,29790249
25663170,Kohana Lam,8457.76,8158.50,603,29790254
12675121,guest3s,8899.29,8158.48,-152,29790242
18133675,Omega_A,9018.09,8157.88,-790,29790239
29719048,Flinch,8623.87,8157.38,614,29790250
36023232,L-1,8404.19,8157.15,759,29790255
12008320,Reagis,8446.56,8156.37,1181,29790254
18213941,Miccon,8608.22,8155.35,841,29790250
39777027,nukacola,8715.98,8154.86,546,29790247
24345945,venustraphobic,8663.75,8154.82,477,29790249
34625165,weifung,8789.71,8153.47,639,29790245
35700651,Lizds,8702.73,8151.38,442,29790248
34765596,Co_zy,8651.91,8151.30,1122,29790249
29645291,[TCD] Ena-suki,8894.97,8151.10,-43,29790242
34063548,s4K4n4,8800.19,8151.02,92,29790245
18268266,cicikus,8875.81,8150.70,-386,29790243
33466137,FlanFlandres,8661.94,8150.57,944,29790249
7513235,ssawatako,8840.47,8149.68,83,29790244
16926491,CatzuClown,8704.53,8149.05,356,29790247
17002869,ObLivion-,8700.61,8149.02,585,29790248
11263453,frla,8583.27,8148.76,1061,29790251
17458318,[mituba],8227.68,8148.75,2187,29790260
23603171,wZeduss,8822.67,8148.58,771,29790244
24941516,Kalebj0_07,8956,8148.54,-574,29790241
9113475,Sherie,8705.79,8148.28,554,29790247
29630943,DiennVN,8947,8148.21,-545,29790241
37996576,Manjusaka,8723.62,8147.99,-555,29790247
23302470,PhuGGWP,8598.47,8147.50,1017,29790250
27379902,shidqidragon,8943.1,8147.47,-526,29790241
20230150,Poderes,8746.71,8147.41,218,29790246
12422565,Linko,8586.8,8146.97,1027,29790251
31045054,N3koKing,8852.03,8145.77,380,29790243
20602955,SuzushimaArisu,8922.55,8145.48,-88,29790241
23801514,BananaConqueror,8706.24,8144.88,-42,29790247
17188022,satang555ee2,8556.91,8144.49,745,29790251
22080160,Furan495,8717.26,8144.44,656,29790247
38005708,itw2d,8495.3,8144.27,239,29790253
26578985,andrewforgot,8861.57,8143.81,-82,29790243
37807867,_skittles_,8273.19,8143.19,113,29790259
37408319,ChxwaC,8939.7,8143.02,-606,29790241
35093195,Phanny T,8879.85,8140.40,-378,29790243
29464799,Drippy_PJ,8056.84,8140.23,1994,29790265
34287378,TakisEater,8915.21,8140.16,-641,29790242
19296935,muuniii,8697.81,8140.12,373,29790248
39555921,ymq,8932.14,8140.02,-469,29790241
39162111,newbiee,8631.9,8139.72,530,29790249
14538982,Pad16,8640.68,8139.20,699,29790249
18741338,LigmaSquad,8921.61,8139.14,-372,29790241
31465946,LoyaOwO,8798.62,8139.07,137,29790245
19259464,MillieJ,8908.88,8138.83,-645,29790242
32512027,billpenn,8698.35,8138.73,32,29790248
37632703,1axy,8750.16,8138.72,377,29790246
38666341,Fentalilo2121,8881.98,8138.14,-786,29790243
23283427,Roppi,8866.94,8137.80,-146,29790243
34713110,Gabriel_CS,8680.08,8137.02,66,29790248
29609211,PJ LACRO,8968.21,8136.91,-748,29790240
35923640,cur,8802.55,8136.67,-376,29790245
18347734,Tommy3301uwu,8669.88,8136.22,642,29790248
37555148,i_love_pumpkin,8560.35,8136.16,170,29790251
35327869,EraThunder,8839.71,8136.11,-253,29790244
23917848,gato122112,8320.12,8136.09,1622,29790258
9492856,chy030_ft_pH5_6,8888.03,8134.86,-169,29790242
25921209,aewyuii,8571.38,8134.84,543,29790251
28183752,hiheyok,8615.89,8134.52,833,29790250
32126286,Felt_is,8826.43,8134.51,-167,29790244
11101788,Stollenbold,8603.08,8134.36,945,29790250
35467459,kayoko_cute,8827.3,8134.19,-678,29790244
18542586,0nedoor,8541.59,8133.72,1341,29790252
38614764,Xkertix,8479.82,8133.33,120,29790253
9251708,ShalltearBloodF,8581.86,8132.85,1107,29790251
19503945,sammy lol,8734.33,8132.56,84,29790246
34065599,reverber,8686.85,8131.75,-623,29790248
35712795,fayfayy,8728.29,8131.67,-773,29790247
30812065,joandex,8833.24,8130.79,-419,29790244
17933455,toaders,8279.79,8130.69,-593,29790259
35427646,burriko,8666.59,8130.61,502,29790249
13611282,kaci9,8139.17,8129.62,2539,29790263
23618130,Samyliya,8617.64,8129.57,1092,29790250
26230044,elprodelteamfm,8601.66,8129.45,714,29790250
27198971,musix_,8468.46,8129.00,865,29790254
18778001,tomato0228_old,8794.72,8128.67,6,29790245
21785712,[tea1],8832.03,8128.40,142,29790244
3552244,Tristan97,8198,8128.37,1761,29790261
35176210,Temp3stz,8884.4,8128.23,-9,29790243
34007823,Rimet,8890.47,8127.83,-308,29790242
35722388,LPAN,8670.19,8126.67,508,29790248
32103079,memo2138,9035.96,8126.48,-907,29790238
16290625,eospjm1,8549.01,8126.40,804,29790252
27210174,duongfnf,8643.24,8126.34,167,29790249
39615337,heilige,8950.93,8126.21,-613,29790241
22978203,flo_mlp,8870.11,8126.20,239,29790243
27820368,Crabby222,8914.78,8125.89,-415,29790242
38126518,Pr_Speedcoder,8880.96,8125.28,-487,29790243
29930674,Zeelex,8310,8125.08,-63,29790258
38773051,fujimiwa,8122.61,8124.79,765,29790263
32759462,reintyx,8715.57,8124.64,178,29790247
24614188,Daniduels,8467.01,8124.59,1454,29790254
37624205,cold-heart,8902.46,8124.51,-294,29790242
16979223,GuysEthanFinn,8111.25,8122.22,1105,29790264
19192772,Lica,8633.88,8122.05,558,29790249
8108183,JieX79,8160.1,8121.87,2444,29790262
19106353,Kazeda,8668.68,8121.46,-250,29790248
824920,Pell9,8140.54,8121.25,2113,29790263
29305274,Iceywara,8743.5,8118.69,58,29790246
16622639,Kenlier98,8541.99,8118.41,451,29790252
31908774,Ntaroblox2009,8666.1,8117.59,173,29790249
37989393,cosmixz,8789.92,8117.30,111,29790245
35146685,magicnakzi,8865.96,8115.73,-270,29790243
20793135,Pinkiepink,8866.11,8115.36,-319,29790243
14909850,Temporus,8754.48,8114.73,410,29790246
25379579,ArcticVB,8775.63,8114.23,67,29790245
11236829,Lenn,8581.09,8113.86,799,29790251
23483771,hentdlamenya,8742.25,8113.80,581,29790246
39412319,AsLiquor,8155.88,8113.19,1408,29790262
13364553,ZirconEscalus,8890.31,8112.25,-464,29790242
24082617,Decyss-,8642.05,8112.24,431,29790249
38553522,Tooozk,8778.51,8112.17,-630,29790245
31219217,luceius,8829.93,8111.68,-404,29790244
17388777,Ao_lI_Gei123,8769.75,8111.32,98,29790245
32288194,qshd,8435.94,8111.31,1122,29790255
34998279,haruharu_kemo,8696.61,8110.99,-551,29790248
39400830,freaky caden,8488.1,8110.55,-322,29790253
19412969,[KN]Cirno,8752.77,8110.46,106,29790246
26136000,zn7,8920.82,8110.45,-487,29790241
10332479,Nick9,8569.99,8110.33,956,29790251
18019300,sceerlike,8473.39,8110.12,795,29790254
38176439,beaverpunk,8270.14,8110.11,2443,29790259
31169294,2780714434xx,8749,8109.80,-1051,29790246
16531365,Superboygamer,8681.99,8109.08,591,29790248
18895905,Breggas,8766.54,8108.98,316,29790246
22980607,FloofyZyxi,8832.36,8108.78,-138,29790244
22599677,AneMOneXXX,8560.99,8108.41,639,29790251
15142819,ShiinaMashir0,8802.72,8108.16,-228,29790245
33917382,Alexrd341,8759.61,8108.01,72,29790246
23819431,Habieruowo,8183.07,8107.99,1743,29790262
19154710,- cynleinith -,8903.42,8107.94,-86,29790242
19678757,kaijunchang7628,8724.9,8107.74,323,29790247
1263173,Reiko,8310.64,8106.93,1529,29790258
35288360,Alustin,8475.07,8106.86,897,29790254
20817338,Myuka,8761.29,8106.30,288,29790246
18231240,KADblPOB,8904.69,8105.94,-659,29790242
23876291,kanyewesttalent,8724.37,8105.85,-107,29790247
37268719,waachie,8553.51,8105.32,67,29790251
32275380,Perrohyperxd,8754.88,8104.60,554,29790246
35114886,ttteeerrrooorrr,8410.73,8104.47,1365,29790255
11232428,PizzaCatXD,8645.41,8104.30,733,29790249
13376362,zwli,8872.85,8104.09,-625,29790243
32075233,Spoonwhite,8607.8,8104.07,801,29790250
37908044,mitix,8781.57,8102.64,-471,29790245
11185275,paradoxus_,8161.24,8102.47,2401,29790262
29446964,Cjxlzjr,8643.18,8101.88,514,29790249
22840952,Bruhimboredman,8774.65,8101.75,719,29790245
4515197,knightSG,8591.82,8101.08,493,29790250
22328870,KyotoFox,8894.58,8100.60,-452,29790242
18764942,GordoRepugnante,8610.54,8100.29,570,29790250
15078291,DARKCUaa,8918.92,8100.02,-96,29790241
9670805,Aqua-Lily,8678.83,8099.62,650,29790248
38465572,NielsenNutered,8767.16,8099.49,-907,29790246
12819905,Ramherd45,8627.88,8098.77,816,29790250
5419711,Radius,8366.64,8098.27,1198,29790256
34392070,iplayrobeats,8863.5,8097.91,-869,29790243
34766042,StephyNut,8875.87,8097.76,-648,29790243
7152038,Ryuji1996,8238.88,8097.57,1988,29790260
20409110,PatrickMagAnime,8696.36,8097.49,-29,29790248
31292113,MiLKCaTDesuwa,8551.81,8097.45,767,29790252
34641758,LSRuma,8820.51,8097.40,-553,29790244
30165525,sinymn rolls,8690.13,8097.36,363,29790248
31472090,reafter,8947.07,8097.12,-588,29790241
18695136,Senjia,8718.46,8096.37,290,29790247
34548360,ItzRealSakuraFX,8835.12,8096.16,-472,29790244
16075143,Tagazouf,8823.09,8096.12,-422,29790244
21201521,microgreenbeans,8622.33,8096.08,603,29790250
27594149,Mrickk,8619.79,8095.77,213,29790250
26985166,- Fresh,8825.49,8095.66,-377,29790244
11063242,- Rezy -,8471.16,8095.46,1006,29790254
37133586,ATOMVVV,8801.17,8095.41,-302,29790245
22896990,Miplol_,8670.44,8094.84,515,29790248
37086180,Samuelmafla,8731.38,8094.59,-90,29790247
30547760,menprogemink,8934.83,8094.57,-670,29790241
31956020,HowToPlayDans,8699.28,8094.26,486,29790248
12553346,Kha0suwus,8697.01,8093.85,303,29790248
30044982,yaoYAyao,8826.2,8093.46,73,29790244
13434899,mizuela9934,8951.17,8093.00,-732,29790241
34995056,Clipbot_Nachito,8687.84,8091.48,176,29790248
8829484,gndbug,8710.46,8091.43,78,29790247
34500695,Karindexs,8592.18,8091.36,-256,29790250
14573176,Battle_Mage,8660.73,8089.90,500,29790249
25726590,max_54914,8792.49,8089.79,84,29790245
36383174,iFymu,8778.02,8088.27,213,29790245
18630248,danu8881,8492.84,8088.19,569,29790253
37939398,santoszkmk,8530.45,8088.11,-971,29790252
38128648,bowlONhead,9022.09,8088.01,-675,29790239
8729618,Qz501kn,8639.87,8087.88,113,29790249
39771561,kLairee,8663.04,8087.75,1061,29790249
13554099,Leyna,8719.08,8087.66,126,29790247
13666533,zureff,8874.86,8087.22,-152,29790243
38124794,ILovePaloma,8543.28,8086.48,106,29790252
35474394,saturn10101,8910.65,8086.22,-525,29790242
18900917,SBR-VV EError,8819.35,8086.19,-80,29790244
17908964,Lin_Yuanchen,8474.81,8083.35,923,29790254
36654793,Revined,8270.86,8083.08,566,29790259
10792537,lut,8696.49,8082.91,397,29790248
28703516,UrosIsStupid,8965.69,8082.36,-897,29790240
12703101,Zqx,8859.11,8082.26,-752,29790243
8355263,Mandelion,8390.54,8081.87,1373,29790256
21971148,Quefeo,8578.95,8081.80,356,29790251
2289344,Megumi,8591.68,8081.78,536,29790250
30678070,LOEV7,8555.96,8081.31,607,29790251
26775606,RiceEV,8853.51,8081.21,-316,29790243
35274093,ParadoxLW,8773.51,8081.12,-240,29790245
19810672,ELTONBLOX,8681.48,8080.74,871,29790248
24421136,Lasa63,8957.65,8080.63,-890,29790241
25051976,ohmer,8468.78,8080.49,1302,29790254
20977759,Vyqqxs,8725.56,8079.47,-383,29790247
21850518,co2fe,8454.18,8079.44,229,29790254
34700655,hulgodoo,8824.03,8079.35,-698,29790244
38054884,sprinkz,8200.87,8079.15,-669,29790261
22816720,LucKy88up,8727.54,8079.00,-100,29790247
34376791,dirty_ssamjang,8747.45,8078.55,61,29790246
34882574,Ahyu,8042.03,8077.89,2893,29790266
33518155,Heuic,8799.88,8077.60,-488,29790245
37651506,Exctly,8774.25,8077.58,-20,29790245
36808673,Au0Sparse,8431.38,8077.58,-685,29790255
37230100,mengxiang1dan,8473.66,8077.06,947,29790254
36571192,FyHBer655,8855.88,8077.04,-462,29790243
18925153,FNF Matt,8931.84,8076.81,-700,29790241
37051750,xrbs,8608.41,8076.00,249,29790250
14341247,Cafei0526,8752.64,8075.97,253,29790246
33771159,hoticing,8782.03,8075.40,356,29790245
30772877,cu_disc,8048.34,8075.06,2052,29790265
37140750,Alight,8318.71,8074.79,1065,29790258
37818473,tacos,8572.9,8074.66,539,29790251
20800404,AbbyMyBeloved,8602.69,8074.10,273,29790250
9175520,styz888,8117.66,8073.78,2437,29790263
8487885,[Crz]AHiRu,8197.91,8073.70,1429,29790261
9223001,RedCool34,8722.15,8073.38,120,29790247
36069664,unrealjambred,8605.51,8073.25,-162,29790250
16116021,Pawlos,8584.8,8072.85,530,29790251
7024711,moenai,8650.95,8072.75,556,29790249
27920931,KalaRage,8708.88,8072.25,295,29790247
21683288,Poochui,8535.57,8071.35,653,29790252
33802126,RNJS,8551.05,8071.20,1057,29790252
18589037,Momosama,8530.69,8071.06,568,29790252
38215323,waffle_chop,8707.89,8070.94,-465,29790247
21423253,zilicosis,8649.59,8070.28,783,29790249
28266815,asairis,8683.17,8069.84,263,29790248
37718857,sin_Hello,8660.98,8069.45,54,29790249
15931480,XG_Li5uika,8759.38,8069.07,-531,29790246
23484954,syamisu-,8560.18,8068.75,508,29790251
6413944,- l e j -,8549.07,8068.42,766,29790252
37280488,Yzhun,8693.83,8068.23,-145,29790248
38629043,polarr_,8682.89,8067.96,-891,29790248
24290081,linxunnameD,8807.42,8067.86,-282,29790244
13182750,npesta,8656.7,8067.70,400,29790249
36754622,diddysson,8829.26,8067.52,-25,29790244
21209768,Lipcu,8754.07,8067.41,-458,29790246
34998595,Monmongunzz,8937.99,8066.59,-868,29790241
30796216,osucatch,8787.23,8066.50,-79,29790245
26559328,Geno2257,8779.9,8066.24,48,29790245
23695660,Vasmina,8781.3,8066.11,-285,29790245
16066901,osuIazer,8428.98,8065.81,954,29790255
2894654,PoweR_LendzeR,8594.95,8065.64,624,29790250
18756472,Rumyang,8788.98,8065.57,-124,29790245
20564403,Hertz_O,8377.33,8065.50,1787,29790256
16270769,VENOPIT,8661.44,8063.98,762,29790249
14077201,3 7,8426.91,8063.83,700,29790255
37009343,Flying tortilla,8855.63,8063.50,-712,29790243
12875057,keynumb,8654.46,8063.03,-122,29790249
24226718,CharlyAsS,8704.81,8062.91,146,29790247
33494826,MeomeoHere,8695.24,8062.90,-810,29790248
9509166,Kyra2_,8555.32,8062.09,875,29790251
2656302,Asrielly,8444.74,8061.93,1236,29790254
38511910,kenyGOOD,8735.27,8061.33,-332,29790246
23958061,wntrr,8853.81,8060.90,-681,29790243
22874018,iamdragone,8858.34,8060.55,-362,29790243
35995185,NHPJUS,8821.94,8060.41,-242,29790244
21193415,Smile249,8711.2,8060.40,-42,29790247
21943424,Voyeger Chino,8092.48,8060.39,889,29790264
16132399,[ Random ],8838.04,8060.13,-750,29790244
36730853,Urydbxg,8405.77,8060.08,-139,29790255
6845582,[InHo]_YukiHaru,8458.56,8059.61,522,29790254
17730826,toby_bob,8910.52,8059.37,-654,29790242
30178087,Kone4K,8349.2,8059.35,481,29790257
34661145,goldenfox001,8828.78,8058.84,115,29790244
10909122,Sarotochi,8133.92,8058.54,1869,29790263
23622152,poxot,8570.88,8058.02,1029,29790251
24701628,DONGYUAN0603,8628.18,8057.01,138,29790250
34431000,BoboNobo,8868.52,8056.80,-587,29790243
36299914,mk18,8501.9,8056.71,-750,29790253
25536481,spanner7286,8512.98,8056.36,747,29790253
25553801,hipongnim,8040.1,8056.34,974,29790266
35113097,LadyMan,8205.68,8056.10,208,29790261
16398739,MeowH13,8674.23,8055.91,-4,29790248
35783336,pepsimelon23,8675.61,8055.30,-133,29790248
35906935,Sappy,8871.31,8055.26,-866,29790243
37343688,Lyr5,8782.93,8054.48,100,29790245
28284832,Bbousy,8665.52,8054.43,52,29790249
11234907,R1w1,8521.57,8053.75,766,29790252
15920886,UnderMyFacade,8491.76,8053.48,621,29790253
19679535,HOKUGARY,8599.71,8053.24,691,29790250
34069326,wuyaoan,8522.56,8053.17,932,29790252
20617872,Alexgam1357j,8599.93,8053.02,360,29790250
14624686,huuloc4399,8669.31,8052.87,413,29790248
33673086,khtn,8865.83,8052.27,-421,29790243
17004810,redderpear,8628.77,8051.99,400,29790250
22703377,Bobloy,8355.37,8051.75,-712,29790257
39009976,RandomKBoy,8519.1,8051.34,546,29790252
16835898,the ilmo,8911.31,8051.04,-796,29790242
34509051,Beef911,8711.85,8050.78,-960,29790247
37927222,creaoso,8810.97,8050.38,-462,29790244
22933944,jkqjqk,8652.55,8050.32,389,29790249
34358486,Mr_Foreman,8712.14,8050.29,513,29790247
12560156,eggneto,8614.39,8049.55,396,29790250
21865459,-Yami123-,8480.53,8049.44,699,29790253
28266111,OwOhiOwO,8292.67,8049.24,1523,29790258
14083592,4ir,8676.72,8048.80,167,29790248
15077943,SphericalCow,8630.46,8048.19,137,29790249
1750531,moni,8073.59,8047.96,2318,29790265
35305108,LittleWingsRain,8657.37,8047.79,190,29790249
35874769,Digital Neko,8870.27,8047.66,-605,29790243
38923249,hz31_6,8505.08,8047.61,1263,29790253
33097342,OsuDemi,8678.34,8046.73,277,29790248
6193819,Kirara-Nekomata,8454.61,8046.68,760,29790254
9908612,SharkB,8562.54,8046.64,624,29790251
19385702,Irishich,8387.55,8046.48,823,29790256
33500406,[TCD] Yufune,8656.49,8045.97,367,29790249
32339556,kazamiyuka,8570.58,8045.90,976,29790251
23347784,PixelGradient,8632.45,8045.66,923,29790249
37997399,yuuruchan,8501.24,8045.25,1009,29790253
7192826,AiN0,8513.03,8045.17,825,29790253
21486652,SamuelWeng001,8224.92,8044.98,1501,29790260
29267967,Prombut,8470.11,8044.74,1098,29790254
28633097,AnkourAzul,8733.84,8044.72,-32,29790246
18083699,tim bergling a,8809.39,8044.66,-768,29790244
35797068,mooniepie,8540.65,8044.42,704,29790252
18105755,Pikaboy06_YT,8849.04,8044.10,-386,29790243
8045650,Ave Mujica,8795.83,8043.66,-705,29790245
31658335,TLTT,8737.81,8043.38,71,29790246
35873494,bigsteppajess,8719.54,8043.32,-336,29790247
35987582,Shiibainuu,8767.79,8043.29,-385,29790245
29530447,Rerin,8673.27,8042.54,-270,29790248
24366294,Cortexiphan,8593.62,8042.28,673,29790250
37448978,OneYear,8818.85,8041.58,-796,29790244
11096696,r 0 t,8780.61,8041.43,-96,29790245
36339273,JoJm_Bi,8749.54,8041.41,-413,29790246
23857267,16001169,8458.38,8040.43,1019,29790254
27931601,odnova,8469.84,8040.28,586,29790254
31396389,Devil kid,8444.23,8040.17,1011,29790254
20152056,Vanilla Neko,8654.54,8039.83,-64,29790249
29769384,Mames1,8803.21,8039.54,-534,29790245
35928532,FenggeTGOB,8559.49,8038.83,700,29790251
36903393,Mohammed,8844.95,8038.10,-302,29790244
36381478,LegenZ,8612.33,8037.41,219,29790250
25491754,tas123,8851.8,8036.71,-940,29790243
37481767,jackie0305,8498.62,8036.49,410,29790253
23095409,Vitralicius,8795.91,8036.15,52,29790245
30325323,crazyrenard,8910.37,8036.11,-1034,29790242
15156901,HJPboss,8408.26,8035.90,1268,29790255
34244003,adget386,8478.85,8035.70,638,29790253
35567745,H0m1e33,8694.74,8035.68,-171,29790248
15679151,Terraprisma,8750.5,8035.24,50,29790246
32443774,Komehuz,8477.19,8035.10,889,29790253
32588831,spotification,8114.62,8034.90,1008,29790264
35100999,mousehate9,8697.24,8033.57,304,29790248
16592010,DANI24,8686.45,8033.03,413,29790248
33411929,AetherFlux,8677.08,8032.94,-289,29790248
37064802,noze_kar1n,8570.7,8032.94,761,29790251
33687963,zevilker3,8815.63,8032.81,-250,29790244
28285317,ahkit,8601.25,8031.90,668,29790250
39684781,Joslev,8766.7,8031.57,-15,29790246
19342866,Somber Fire,8534.2,8031.52,417,29790252
12677853,egpotato,8865.13,8031.14,-361,29790243
36777657,Oedipus,8800.25,8030.97,-399,29790245
25903823,vyxient,8692.81,8030.46,-334,29790248
29342253,Bypthua,8571.24,8030.35,638,29790251
18968113,NopBur,8690.75,8030.09,-473,29790248
26355783,sidnqy,8666.8,8029.46,249,29790249
25877473,lizuu_chu,8510.48,8029.35,661,29790253
12186155,Dustwind,8712.83,8028.72,-240,29790247
39087677,LekLek21,8391.92,8028.64,683,29790256
24713426,TopazRevenant,8562.21,8028.21,439,29790251
23403856,zempliq2219A,8515.88,8028.10,880,29790252
27916336,1nsomnia,8858.87,8028.05,-879,29790243
14440241,P1ved,8784.05,8027.89,-361,29790245
17220238,PeraltaFF,8628.84,8027.73,-51,29790250
5471189,waexz,8122.78,8027.70,1736,29790263
26380462,6dgRush,8476.1,8027.48,423,29790254
33565100,EuphX,8735.08,8026.77,-264,29790246
11394892,APRL03,8555.57,8026.37,607,29790251
6550137,Xacla,8729.64,8026.01,-228,29790247
13340841,SochnyiKokos,8764.39,8025.73,-237,29790246
30673886,Newza,8352.29,8025.58,1633,29790257
11543122,Doristita,8402.24,8025.50,873,29790255
9624181,asixd,8748.89,8025.44,-81,29790246
18787673,yuyugan,8459.25,8025.28,454,29790254
17118627,nyndeshi,8724.51,8024.48,-312,29790247
9397701,SPEEDY-WEEDY,8842.65,8024.34,-757,29790244
38056874,Sao Piyan,8604.45,8024.23,-364,29790250
15008945,Dx-sfg,8447.45,8023.57,961,29790254
35299921,ThisGuyO,8656,8023.54,182,29790249
29602293,elpro col,8386.76,8023.54,1102,29790256
34116764,ddud33010,8524.08,8022.47,573,29790252
34332807,amp12,8735.99,8022.44,-273,29790246
13963967,KinokoOnlyHope,8708.32,8022.38,-51,29790247
16766719,Drysilas,8638.51,8022.00,341,29790249
36826638,waterwalter,8802.08,8021.49,-491,29790245
25354184,asf_,8411.99,8020.94,1415,29790255
4734244,Informous,8450.89,8020.79,1043,29790254
34223381,Ananasik123,8245.57,8020.07,-132,29790260
24134709,Raiden-rain,8743.7,8019.53,-624,29790246
37983979,dabtoper87,8601.04,8019.35,-917,29790250
34189905,Microwave1783,8589.88,8018.14,549,29790250
16718696,Fserr12321,8746.94,8017.98,-66,29790246
8108763,Hanwha Eagles,8526.13,8017.97,767,29790252
23532351,imgoingbonkers,8498.28,8017.80,514,29790253
19668171,Charon_,8545.3,8017.57,449,29790252
7514795,Roabs,8260.48,8017.51,1812,29790259
16247992,Snowier,8864.59,8017.23,-507,29790243
12395123,ok farewell,8817.22,8017.20,-76,29790244
34699860,linlin_old_7,8710.09,8017.07,-314,29790247
19994555,Sephswift,8629.35,8016.77,471,29790250
27746946,Kreee,8527.94,8016.70,830,29790252
7352299,Nanahirafeet,8160.26,8016.35,889,29790262
27980404,dreamu,8496.22,8015.45,581,29790253
35079234,blacktea128,8765.97,8015.35,-494,29790246
26840077,duckworth,8594.28,8015.33,303,29790250
27458448,Doono,8681.16,8015.28,-26,29790248
11098225,larpline,8882.58,8014.88,-721,29790243
35028895,hehe1016,8657.43,8014.86,118,29790249
31102647,-AkariWatanabe-,8701.31,8014.64,-53,29790248
35960048,Serre,8091.11,8014.63,2326,29790264
37227065,MrDark10,8301.28,8014.47,689,29790258
29245445,ReTryks,8660.57,8014.39,10,29790249
30120338,Zynith,8778.22,8013.66,-250,29790245
20570397,Rin0409,8425.8,8013.51,699,29790255
38305795,MG59_,8718.06,8013.41,-782,29790247
27365856,- SS or S -,8771.05,8013.08,1,29790245
7050639,oligo,8218.84,8012.60,2304,29790261
28845119,Jacks4,8648.91,8012.48,-277,29790249
7979303,Zia,8616.78,8011.82,232,29790250
12147277,-Kedama,8493.27,8011.75,1033,29790253
26688106,plashuwu,8553.75,8011.43,10,29790251
7113563,ExInyf,8081.91,8010.48,2206,29790265
11101084,OkayuFanGirl,8537.48,8010.32,711,29790252
25133277,circleclicker55,8055.21,8009.83,2307,29790265
24368089,Torutisu,8460.68,8009.47,938,29790254
21764217,R3trosp3ct,8707.6,8009.34,-433,29790247
23134513,ZzrodrigozZ,8040.99,8009.04,2121,29790266
33595688,randomness_11,8792.15,8008.98,-698,29790245
36430600,nmb52012,8888.44,8008.96,-878,29790242
36511397,[LN] Stella,8216.13,8008.78,211,29790261
28315599,STARSQWQ,8740.31,8008.72,-110,29790246
31494256,ranpu,8679.48,8008.70,-359,29790248
16452229,Nene Kusanagi,8637.18,8008.52,-7,29790249
26302846,Gowther0411,8698.64,8008.26,-210,29790248
14400456,Zaphky 8,8794.89,8008.12,-642,29790245
37644437,KToToRUS,8627.27,8007.70,260,29790250
17295761,BruhMomentum97,8375.06,8007.64,1239,29790256
24284421,HAHABOOPVV,8794.3,8007.10,-456,29790245
36503148,ywy666,8767.97,8007.09,-345,29790245
36405025,Rugama,8786.21,8007.03,-491,29790245
35576403,Iess,8356.72,8006.69,1043,29790257
31146012,nmsbwc,8487.17,8006.61,264,29790253
16226445,TimefulGem,8569.07,8006.48,-312,29790251
35679551,coolidooot,8199.46,8006.15,1177,29790261
36943129,Nguwuyn,8818.48,8006.10,-760,29790244
19697262,fudgeen,8473.16,8005.77,441,29790254
13290563,Noskalhino,8626.29,8005.62,221,29790250
8657482,Rexsot,8537.82,8005.39,116,29790252
36305244,xi90543,8280.36,8005.33,1056,29790259
3032245,kei101895,8221.53,8005.17,1603,29790261
26545060,Weatherglow,8742,8005.05,-312,29790246
8500664,picksaw,8714.48,8004.34,45,29790247
38110638,zcxiaoshi,8595.96,8004.21,695,29790250
16480935,starbrightXD,8920.37,8003.89,-907,29790241
7316171,lolepopie,8184.95,8003.57,1921,29790262
6841052,RichadoWonosas,8697.86,8002.89,-281,29790248
8177918,[Shuvi_Desu],8442.34,8002.72,905,29790254
37685288,_pusheen,8828.33,8002.37,-692,29790244
25366264,Pyplioud,8685.93,8002.11,123,29790248
34560550,SashaPrvt,8808.41,8001.95,-667,29790244
22072582,NattoXD,8793.45,8001.48,-76,29790245
15734687,Muri God,8793.55,8001.21,-523,29790245
16438489,Hirasawa Yu0,8632.4,7999.77,49,29790249
38368626,DumbHung,8308.9,7999.41,-842,29790258
35223385,dc286,8518.98,7999.24,265,29790252
24444362,BlackHol_,8596.86,7998.77,241,29790250
28609181,julianelv,8847.86,7998.72,-528,29790243
32518841,84beasty666,8716.56,7998.71,-314,29790247
38306559,falsym,8856.12,7998.00,-98,29790243
37092889,MxoX,8591.55,7997.54,17,29790250
5872899,Pan-,8431.28,7997.35,1184,29790255
15843519,Joaquinrobles,8593.19,7997.22,814,29790250
22647247,Michirro,8514.21,7997.22,476,29790252
25348109,danya214,8539.87,7997.18,336,29790252
35089159,aast_,8780.56,7996.82,-387,29790245
38241707,JYC,8779.83,7996.29,-629,29790245
15689769,PlanarG,8458.62,7996.15,289,29790254
25271318,M1GUE1xD,8560.08,7996.06,586,29790251
36551215,-zxnc-,8498,7995.47,288,29790253
39256051,iika_Nekokawa,8165.43,7994.76,-571,29790262
16369663,Kpllllzzz,8713.03,7994.36,379,29790247
9665915,PianoLuigi,8405.21,7994.28,989,29790255
31136508,OoKyioR,8673.62,7993.55,-41,29790248
34776091,DripDuck,8554.46,7993.40,353,29790251
38360176,SanLinZi,8352.58,7993.37,657,29790257
14835470,Fexdet-,8397.63,7992.84,994,29790256
35255391,Flunkyo,8726.43,7992.48,-441,29790247
22178410,shadowywaffle,8747.53,7992.34,-420,29790246
33626352,Neito165alfaa,8622.74,7992.01,-127,29790250
34285653,Miyuio,8720.58,7991.77,55,29790247
9452591,SoRaKee,8431.63,7991.74,881,29790255
11194303,wewelove,8573.81,7991.07,144,29790251
34624535,darknight19i,8831.27,7990.21,-775,29790244
16381747,kdeen,8759.98,7990.02,-44,29790246
37119025,dremmen,8782.64,7989.78,-793,29790245
7932310,NepNepNep,8231.96,7989.75,1947,29790260
38012753,FNFplayer100,8713.19,7989.73,-561,29790247
37693350,farpNooblover,8616.62,7989.16,420,29790250
28455895,i5pe,8396.49,7988.81,981,29790256
15304399,GROM56,8503.63,7988.50,626,29790253
36313226,natanoak,8794.15,7988.16,-609,29790245
6162342,Dahong,8434.81,7987.60,1023,29790255
25253022,CrossModic,8442.81,7987.48,732,29790254
29249265,vlmoi,8585.87,7987.00,150,29790251
11450032,milkysoda,8491.94,7986.91,525,29790253
19414070,ferddy,8527.64,7986.31,822,29790252
39478810,_vix_,8653.47,7986.27,-450,29790249
22178397,Jaycy,8573.89,7986.13,615,29790251
27426680,H315,8347.23,7985.98,1268,29790257
31051275,qwerty1000000,8711.5,7985.23,-251,29790247
14611120,sanitizers,8701.01,7984.34,-177,29790248
11641796,-acacia-,8356.6,7984.29,1064,29790257
8889323,extramen,8343.47,7984.29,1395,29790257
10702703,feeling of love,8132.93,7984.08,782,29790263
25363330,Charka_noob,8479.18,7984.00,434,29790253
20413635,Z3B45,8524.35,7983.23,493,29790252
32329909,burnerous,8589.11,7983.08,-583,29790250
25398601,zBacon123,8551.37,7982.90,437,29790252
36438027,xiewuwang,8672.93,7982.52,-509,29790248
37935558,AC T,8531.92,7982.40,-491,29790252
32862732,soldess,8490.07,7982.06,248,29790253
5566433,13GB,8539.42,7982.00,598,29790252
22199551,-orea,8697.72,7981.67,-19,29790248
29149947,TFMC,8748.56,7980.99,-683,29790246
37199097,Jaafan,8666.03,7980.57,-236,29790249
20198166,GoldMacest,8611.2,7980.50,-44,29790250
19217085,tsdhyu,8407.39,7980.32,1309,29790255
26154903,Atxmic-,8745.32,7979.88,-124,29790246
14237125,KewlDudeSamuel,8318,7979.73,1378,29790258
21497663,Sebesta,8702.67,7979.17,-29,29790248
36529265,Lumen233,8793.33,7979.13,-895,29790245
5216273,k3Zero,8331.37,7979.08,1257,29790257
12412383,ButterRing,8522.98,7978.43,539,29790252
33106061,Real_Isaiah,8849.72,7978.27,-924,29790243
17289816,sd3d,8536.6,7977.88,376,29790252
14026936,pablo1235,8221.38,7977.51,1706,29790261
16554629,Basilicus,8624.79,7977.47,254,29790250
20186249,SepsiHombre,8565.32,7977.40,227,29790251
24819351,ZeyNeptune,8142.69,7976.70,1589,29790263
39785929,ChrisTheGreat,8504.07,7976.60,-389,29790253
23124966,[REG]Caquita,8544.68,7976.50,-20,29790252
34922411,matte1E,8675.84,7975.78,329,29790248
10806437,FlipRopiik,8651.73,7975.77,-11,29790249
16891746,shixv,8299.68,7975.50,1656,29790258
32412377,badatvideogame7,8541.2,7975.37,535,29790252
22021911,[TK]Sepano,8529.86,7975.36,828,29790252
27428757,huynho2514,8380.03,7975.29,-173,29790256
3109917,-Maus-,8008.7,7974.47,2099,29790267
30169198,r1cryppt,8712.43,7974.31,-351,29790247
31186498,linearswitches,8144.2,7974.05,2029,29790263
16580931,Makishimo,8445.67,7973.77,864,29790254
26920112,GabrielGabOsu,8734.53,7973.20,-405,29790246
39125640,pklk,8777.86,7972.76,-588,29790245
17382912,infernalabyss,8662.99,7972.45,277,29790249
27651978,Tzen_,8361.39,7972.19,1355,29790256
37184958,KDEMON,8721.49,7971.08,-417,29790247
26496648,Alptraum,8402.87,7970.61,869,29790255
30202977,MrCampano,8830.37,7970.60,-791,29790244
35744401,LY_1106,8472.07,7970.23,983,29790254
16676285,haml3y,8632.66,7969.88,-109,29790249
37984208,Mirou,8743.34,7969.77,-410,29790246
26905637,ryhusirqj_OSU,8508.47,7969.25,393,29790253
19050096,Defishion,8551.88,7968.05,-277,29790252
23475613,diemz,8643.7,7967.96,65,29790249
10986517,Tshu,8462.03,7967.66,875,29790254
28334340,Batecube,8646.7,7967.38,-593,29790249
20624152,crackers123,8382.56,7967.27,1093,29790256
39377701,NIKKEEE,8393.65,7967.12,-833,29790256
24483506,jistyx,8814.94,7966.80,-583,29790244
32320380,nevergonna,8568.31,7966.70,-719,29790251
28230554,rip_ashura,8122.49,7966.45,974,29790263
17746654,pjbuggy,8462.74,7966.41,-712,29790254
26374230,Skyblur7,8549.14,7965.74,148,29790252
17897198,ZSlanta,8431.79,7965.00,872,29790255
30697461,wucaf,8205.23,7964.23,436,29790261
4771971,ega_tutuko,8333.94,7963.64,1205,29790257
14911407,Richliu,8636.39,7963.54,-231,29790249
26864198,Mr_SmellySocks,8659.6,7963.30,-495,29790249
40033522,EmberGleam,8480.17,7963.28,-545,29790253
4591084,LOVE LAB,8289.15,7963.17,756,29790259
37215180,lasajo,8618.45,7962.87,16,29790250
36075346,quistion2,8475.92,7962.69,339,29790254
12064428,Doctor Rosalene,8541,7962.41,289,29790252
29129403,phoskitos,8699.52,7962.37,-410,29790248
25224588,bielig,8497.88,7962.07,886,29790253
22614627,01800UwU,8496.96,7961.69,747,29790253
30584095,yoinii,8575.7,7961.44,284,29790251
17057515,chaoticShortfin,8565.56,7961.26,169,29790251
12219367,cattyu,8382.94,7960.98,1310,29790256
25138742,Emanon_73,8761.7,7960.95,-366,29790246
23847321,mine7277,8608.66,7960.92,233,29790250
27166965,raimu4649,8791.09,7960.84,-586,29790245
26586428,[TCD] Shocked,8593.47,7960.78,-15,29790250
37421540,ThatoneFatkid,8737.86,7960.43,-841,29790246
9627666,Minisora,8497.37,7960.38,1055,29790253
19127207,lemoncan,8429.64,7960.32,921,29790255
37370373,Exotic_3932,8477.79,7960.22,-543,29790253
21326517,[GB] limata,8600.7,7960.09,195,29790250
33998616,zenere,8708.01,7959.98,-365,29790247
10233705,-Zeraora-,8750.58,7959.60,-335,29790246
37515745,wolbiac,8691.42,7959.24,-383,29790248
23129942,awaaixue,8736.33,7959.18,-619,29790246
2966032,[GS]V2power,8328.87,7959.03,898,29790257
14493735,Albistel,8460.1,7958.93,300,29790254
36145806,godzeng,8728.4,7958.15,-240,29790247
35634622,ggggggr,8550.87,7958.06,-120,29790252
29266442,dragonfly7485,8424.29,7957.92,-275,29790255
11017023,1K3,8767.42,7957.89,-393,29790246
37707455,YOMOGYII,8578.56,7957.88,-102,29790251
33339385,[CCB]Mruxoia,8812.66,7957.80,-926,29790244
28798616,ILXD_osu,8714.28,7957.45,-263,29790247
25094741,_Zimuyuu,8314.45,7957.32,1239,29790258
17665565,TreaKii,8705.41,7956.61,-97,29790247
5392344,Spookleso,8578.4,7956.48,-283,29790251
6608218,May Lily,8049.54,7956.40,1134,29790265
24302412,DRIP924,8732.25,7956.36,-592,29790247
38098423,JJOSU,8329.35,7956.11,1086,29790257
37305357,helloooo,8709.55,7955.96,-482,29790247
15628143,BNTinTin,8562.48,7955.91,100,29790251
7109287,Chicorita,8492.14,7954.97,376,29790253
21981760,Ac1b,8722.97,7954.88,-476,29790247
19635944,Swedial,8625.65,7954.86,309,29790250
31340561,ASDFCVBNHJKL,8702.19,7954.84,-22,29790248
8461297,Justin14p,8590.7,7954.72,369,29790250
11726864,KongoNo1,8730.38,7954.58,-587,29790247
34228965,1123ggqi,8485.43,7953.83,861,29790253
16124745,Jaja902365,8687.46,7953.75,-271,29790248
35952517,[Korone],8639.22,7952.93,648,29790249
15290920,Juu-Tan,8464.49,7952.39,900,29790254
37170837,Lunaqtic,8680.25,7952.24,-411,29790248
32303661,oksenne,8614.46,7951.75,1218,29790250
35763695,KuraiLikesFox,8435.29,7950.74,-317,29790255
35279705,Sonicfastaxl,8393.36,7950.44,791,29790256
22636058,[Sectevon],8299.97,7950.09,1235,29790258
39386253,Pthere,8154.1,7950.08,52,29790262
32504969,pixiv Player,8575.84,7949.86,-371,29790251
29297915,Brian_grr,8590.4,7949.82,226,29790250
31898659,H3N2,8564.41,7949.79,-17,29790251
15541187,Erick5151,8682.28,7949.76,249,29790248
27610078,x3mRee4l1ty,8588.12,7949.24,196,29790251
34637758,1v4n0,8448.53,7949.15,353,29790254
18512707,Laserchan,8763.84,7948.97,-464,29790246
35567677,bexx,8717.04,7948.88,-302,29790247
38598614,Fibonacci356,8714.19,7948.35,-459,29790247
11620823,ChatPGT,8798.68,7947.92,-239,29790245
16140099,[TK]SuX,8464.79,7947.58,322,29790254
24065752,FaZeYC,8588.79,7947.20,255,29790251
18452863,Mission,8627.46,7945.90,-271,29790250
12126905,Rustyk,8492.72,7945.70,231,29790253
25342392,AR88,8554.68,7945.26,-87,29790251
23914761,Fnfiseasy2222,8099.37,7944.97,1400,29790264
35348180,Kyoruss,8556.19,7944.91,302,29790251
2887427,Loid-,8623.49,7944.07,-340,29790250
7907764,Rell,8405.06,7943.75,1365,29790255
30770135,sedcat,8531.81,7942.74,547,29790252
17541170,KarmaSucks123,8315.13,7942.53,1278,29790258
37512998,EJDZ,8721.75,7941.69,-480,29790247
14185790,[Mom] Weather,8362.84,7941.50,1010,29790256
32022717,s4die,8458.17,7941.14,814,29790254
15699468,Arraiter,8407.16,7940.97,661,29790255
21415083,pangxie,8684.75,7940.01,-80,29790248
35264384,serion,8685.17,7939.37,-353,29790248
8175275,EIaina,8446.7,7939.14,439,29790254
10366947,selene693,8521.26,7938.81,532,29790252
39035635,AKT_VBS,8250.24,7938.79,1036,29790260
22252021,OneCloud,8478.7,7937.91,551,29790253
22555133,PapasConKetchup,8431.14,7937.77,755,29790255
13402768,Halffive,8536.04,7937.35,233,29790252
39756046,dwky,8584.31,7937.05,-992,29790251
4975151,fumiko_239,8372.9,7936.85,1229,29790256
22701694,[OH]Benja,8585.63,7936.62,87,29790251
9120753,Jumphand,8211.24,7936.60,1450,29790261
2594421,u_e,8281.27,7936.25,1279,29790259
19992753,Lomishka,8484.76,7936.14,-106,29790253
32698259,Knx579,8151.64,7936.13,707,29790262
34419414,sumimimi,8766.21,7934.75,-876,29790246
31380427,Icyyycrem,8468.11,7933.31,555,29790254
12653930,HANEUL2,8241.44,7932.47,998,29790260
18559186,OmegaPopper,8258.25,7932.14,-808,29790259
11354436,Utiba,8724.32,7931.82,-386,29790247
19088301,noncoloredcube,8235.02,7931.73,1229,29790260
35087635,f8wq,8723.17,7931.20,-545,29790247
27628970,swt Tungg,8540.06,7930.92,285,29790252
15127621,ayaaakashi,8639.62,7930.47,247,29790249
12076629,zeliicko,8615.6,7930.44,-223,29790250
7495614,Carol,8449.75,7929.82,883,29790254
36635074,lalalaljlj,8672.54,7929.40,-70,29790248
2735466,Exilfaker,8034.24,7928.53,2340,29790266
11400524,Tooru5902,8334.87,7928.44,820,29790257
37930834,Dreihei,8730.14,7927.82,-764,29790247
12928847,Pamu,8779.4,7927.56,-615,29790245
36019090,ALAZYPERSON,8640.11,7926.94,182,29790249
18323388,ChompTD,8451.53,7926.69,9,29790254
38833683,-Namida-,8312.77,7926.64,87,29790258
6549329,Orange Cells,8642.5,7925.49,-103,29790249
35772457,yabadaba,8438.32,7925.27,686,29790255
11682362,Eahrran,8693.76,7925.23,-369,29790248
28548757,haidang27,8478.25,7924.63,904,29790253
3728315,Barra,8263.33,7924.47,1943,29790259
29138308,NezukoMalaysia,8535.15,7924.46,63,29790252
36079602,Hatatee,8530.93,7924.33,-21,29790252
34891084,herobrinetkxs,8780.44,7923.51,-968,29790245
37574335,LaziestBee,8576.54,7923.16,178,29790251
16025307,Alkya,8675.45,7922.85,-459,29790248
37503342,kinoi,8340.49,7920.69,519,29790257
8782656,[GS]Einar,8444.32,7920.19,631,29790254
10659934,rlatldud,8425.04,7920.17,907,29790255
37477898,ItsYourBoiZi,8589.22,7920.16,-563,29790250
22171604,GizmoFroyo,8718.74,7920.00,-657,29790247
32783797,LeeYus,8092.37,7919.50,1792,29790264
29401835,ThatOneFade-,8725.31,7919.00,-500,29790247
31451963,Aqua Razy,8584.66,7918.78,-42,29790251
11392594,Adepthus,8064.69,7918.60,2405,29790265
1847492,sato-6,8324.66,7918.24,734,29790258
20911150,Starry0309,8656.27,7918.20,16,29790249
24471782,ddnet,8518.29,7917.31,-211,29790252
16019159,Hydrongea,8613.29,7917.18,-680,29790250
34153508,Korobok1game,8811.95,7917.04,-1095,29790244
37606379,Redyx20,8343.64,7916.25,347,29790257
9828552,Livium,8437.24,7916.21,361,29790255
19553771,reallynoway,8055.9,7915.12,-33,29790265
8987388,[Crz]LaoGan636,8502.17,7915.11,634,29790253
16161032,locbeat,8684.95,7914.98,-638,29790248
6291395,[Ping],8460.28,7914.89,421,29790254
9423766,Logan636,8362.26,7914.79,769,29790256
18660405,Mickeyzch,8140.14,7913.55,1486,29790263
17769512,tnwlFangirl,8601.4,7913.50,-48,29790250
18816341,Panthxr,8661.65,7913.31,-327,29790249
26547519,Breezely,8537.55,7913.31,367,29790252
13061419,Mincy,8671.09,7913.17,-566,29790248
29260534,xiaotu666,8422.5,7912.55,847,29790255
24737787,annto,8623.97,7912.51,-237,29790250
29854166,Evothree1,8504.44,7912.02,211,29790253
20313446,deadn,8233.98,7911.25,1527,29790260
12193700,no6hope,8343.14,7910.55,607,29790257
23961653,HalfCombro,8488.17,7910.54,298,29790253
7133257,GRSG,8057.65,7910.45,1924,29790265
14100143,Miruk,8566.46,7910.20,-3,29790251
32813736,160_Fallen,8586.74,7909.97,-321,29790251
18670145,DevAdelso,8693.14,7909.85,-107,29790248
37519418,baiyu2413,8744.29,7909.80,-901,29790246
29660209,dudu619,8552.54,7909.51,340,29790252
39689400,LaimeGod,8192.85,7909.25,833,29790261
37541583,Yannis,8048.83,7909.21,1910,29790265
15991262,Kiwineo,8354.14,7908.99,1441,29790257
16313960,Drhasrespect,8539.21,7908.44,781,29790252
36873976,ZZZ-SESAN,8612.41,7908.29,19,29790250
14239082,SalmonFish,8590.01,7908.01,-348,29790250
25641995,sxff3rn0w,8611.15,7907.85,-233,29790250
28448442,ParanoidCat,8634.82,7907.55,-561,29790249
15006756,K0_M1,8751.23,7906.79,-451,29790246
13451556,KimoTaki,8638.46,7906.71,-99,29790249
12601537,Chronotype,8473.03,7906.59,63,29790254
11115041,TvS SorAKuN,8335.06,7906.16,861,29790257
35357286,qwertyunm,8694.89,7905.78,-504,29790248
28636374,LimeTrack,8635.42,7905.26,57,29790249
26005490,Brunliko,8703.47,7904.96,-293,29790248
14988029,-Remington-,8446.38,7901.94,368,29790254
10233066,sktchi,8588.92,7901.79,-145,29790251
30385578,Dqzziy,8457.26,7901.49,303,29790254
16701559,kawaiiPuniru,8659.96,7901.26,-383,29790249
16886431,TheOnlyManReal,8374.66,7900.69,441,29790256
34299598,InsidiousZ16,8641.2,7900.65,-669,29790249
25401490,dlenmonhate,8431.53,7900.14,302,29790255
28037634,Yunuu,8441.08,7899.79,292,29790254
18776042,hauyden,8630.35,7899.78,-86,29790249
19523917,Zimse,8680.64,7899.69,-389,29790248
22996807,OutReastLast,8392.85,7899.43,727,29790256
36922160,moravec,8186.88,7898.80,1270,29790261
17223636,AsanagiYori,8456.8,7898.79,381,29790254
2782104,Startrick,8695.18,7898.55,-364,29790248
14295847,aber75,8304.59,7898.40,1050,29790258
38707768,jose luis,8026.69,7897.93,330,29790266
10395238,ClickEverything,8572.38,7897.06,-118,29790251
26998049,black757,8372,7896.46,691,29790256
20695090,Yourdudejacob,8527.35,7896.44,-208,29790252
22486960,ATOUZ,8133.4,7896.23,1301,29790263
33142564,XWMX,8512.6,7896.00,572,29790253
16221024,axsllle,8550.02,7895.93,82,29790252
10247148,[HD]Voxav,8202.46,7895.29,1299,29790261
24973008,yapopop,8523.94,7893.66,262,29790252
23221370,EZEQUIEL7810,8332.42,7893.59,563,29790257
12078863,-Sparkz-,8413.35,7893.38,761,29790255
10603253,Lakikawa,8285.81,7892.48,1182,29790259
14842721,Sir_Oofintin,8355.24,7891.70,476,29790257
30089512,produsan1999,8598.88,7891.35,4,29790250
34702391,Kenjiro458,8671.58,7889.95,-264,29790248
37130746,skqlsskqls,8683,7889.93,-365,29790248
33655616,TrHngLong,8656.6,7889.91,-151,29790249
33429347,HasumiEri,8227.35,7889.89,1616,29790260
27640566,ActivatedYeast,8646.5,7888.90,-351,29790249
19306665,Poppi,8622.96,7888.35,-793,29790250
21334051,blockchaos,8508.84,7888.25,108,29790253
19263308,Thiago134,8603.52,7887.85,-393,29790250
25359505,davidblakco2060,8398.17,7887.65,600,29790256
26851635,Kiegsley,8477.11,7887.63,699,29790253
24645969,Yu Yei,8436.01,7887.62,255,29790255
30535678,liyeeyee,8609.77,7887.33,-100,29790250
36627886,jjohngamergrau,8733.18,7887.13,-783,29790247
35944189,Goosifyied,8609.27,7886.44,-313,29790250
30469752,madzmanz,8660.17,7886.13,-344,29790249
34058407,dizlan0,8047.08,7885.94,-59,29790265
37908406,TefuelN767,8747.05,7885.68,-666,29790246
20829065,keibetsun,8577.45,7885.65,62,29790251
34093475,flwxyz,8537.37,7885.26,-235,29790252
29172464,Snaulenn,8285.41,7884.95,904,29790259
18482931,TempZenith,8455.43,7884.58,263,29790254
7712274,ERA Nikolai,8096.15,7884.57,1296,29790264
24236484,nadaGameplayskk,8228.66,7884.54,1318,29790260
39513382,username508,8055.43,7884.22,205,29790265
22188440,RiceCooker64,8585.34,7883.88,113,29790251
7983634,mikatsuki2410,8574.06,7883.67,-566,29790251
38732182,WhoisLisianthus,8070.98,7883.31,69,29790265
20689349,khyorev,8555.04,7881.95,88,29790251
38562096,FishySany67,8350.51,7881.81,187,29790257
36168264,hvunt,8669.82,7881.71,-786,29790248
37655495,ilovetoilets102,8637.27,7881.14,-85,29790249
37208228,Yuokko,8316.41,7881.12,411,29790258
4355486,[ SaintEyes ],8189.02,7880.71,1423,29790261
16780934,Evilico,8606.85,7880.63,-136,29790250
7580514,JJFLy,8308.53,7880.58,1279,29790258
30131851,Ambxrnyx,8159.17,7880.54,906,29790262
22687576,ElAgusZ,8339.95,7880.27,884,29790257
3855052,EpsilonMaiagare,8404.68,7880.10,647,29790255
16912735,IamRyu,8683.81,7879.99,-142,29790248
21880433,cutie patootie,8556.85,7879.70,301,29790251
37594977,Glooskap,8566,7878.86,-500,29790251
23472619,bruhlikeshit,8667.02,7878.82,-485,29790249
19242878,speedfork,8288.58,7878.65,7,29790259
36245682,ShinzO_0,8743.9,7878.22,-919,29790246
19240795,litape,8472.38,7878.06,-632,29790254
13846741,yinyouzha,8520.13,7878.00,1,29790252
18659783,Kwal1976,8531.75,7877.93,212,29790252
20436854,FwuffyKittens,8319.53,7877.91,1088,29790258
33090307,vount,8497.07,7877.89,293,29790253
21622469,Mama Junko,8375.5,7877.85,573,29790256
25325487,SlippyBananas,8396.26,7877.27,656,29790256
29767173,KaopanTH,8340.98,7876.95,82,29790257
24444297,elrubiusoemege,8418.48,7876.87,408,29790255
35837668,meguruyoutou,8654.62,7876.55,-349,29790249
24766273,333perfect,8403.63,7875.71,9,29790255
30212008,rhythmgamer200,8364.28,7875.24,604,29790256
22587883,Espumi,8755.45,7874.98,-945,29790246
14915847,Suibianww,8266.95,7874.90,804,29790259
9749063,formuoli,8512.84,7874.79,-693,29790253
26323728,Leo5h,8639.31,7874.63,-295,29790249
16681100,thisu,8460.96,7874.33,220,29790254
19230890,SebasRJ,8674.69,7873.31,-534,29790248
33675760,clicki,8738.15,7873.20,-640,29790246
1881582,_Demii,8026.39,7873.13,1862,29790266
24281414,Nioya,8658.05,7872.61,-357,29790249
9740011,Bananasplit27,8487.1,7872.36,40,29790253
9956536,nickedname1,8424.05,7872.31,581,29790255
12320973,Monumei,8755.37,7872.30,-731,29790246
38784046,oryh121124,8705.08,7872.06,-822,29790247
23449635,maksytube,8622.01,7872.05,-218,29790250
34999588,hachiruko,8651.52,7871.62,-375,29790249
8094455,-JOHO-,8159.55,7871.54,1371,29790262
13197635,VoMiRin,8253.28,7870.73,1593,29790259
34074680,Kayomaaa,8494.37,7870.16,-243,29790253
6452338,MoyashiFestival,8483.08,7869.96,65,29790253
12174502,Auberi,8338.5,7869.35,628,29790257
34131368,Nikey07,8659.4,7868.40,-312,29790249
27242111,IconicAir,8758.13,7868.24,-804,29790246
32778480,Bazzi-_-,8674.77,7867.82,-713,29790248
14844036,GABAP,8142.99,7867.50,1041,29790263
37352677,DanoneFanGirl,8425.55,7867.38,715,29790255
15555469,JoMiko,8569.87,7867.34,269,29790251
22896471,itsJoel,8398.84,7867.15,295,29790256
24314114,windigal,8581.68,7866.54,-355,29790251
23886744,D_man9577,8309.69,7866.12,762,29790258
27960287,aishiro,8682.78,7866.04,-788,29790248
13810533,-Rofys,8320.32,7866.00,811,29790258
37445950,XFJK,8237.98,7865.95,552,29790260
19505842,Player211,8439.21,7865.66,508,29790255
18157870,Ducday,8399.99,7865.61,650,29790256
12359794,Aharen,8291.96,7865.34,605,29790258
26196192,Ritoo_old_3,8476.69,7864.94,139,29790253
23938713,potatochip312,8200.78,7864.94,-178,29790261
30218532,wawa1337,8534.13,7864.46,-51,29790252
7009106,Nediz,8249.81,7864.05,1259,29790260
33063082,Slopwss,8480.91,7863.88,464,29790253
36967084,Rongawa,8251.97,7863.87,300,29790260
12202251,smc9655,8389.59,7862.70,586,29790256
21347133,smdbs,8427.52,7862.58,368,29790255
23424075,Player27027,8232.12,7862.51,1108,29790260
18653425,Panca,8662.73,7862.43,-507,29790249
24171519,sip4ry,8510,7862.40,142,29790253
33828033,Iegit,8352.49,7862.37,342,29790257
26584176,brysoneth,8402.05,7862.30,212,29790255
14849010,Vrzus,8566.89,7862.08,-422,29790251
36664974,-Osaka-,8721.23,7861.66,-978,29790247
21260870,Eleanorfr22,8264.36,7861.31,770,29790259
36707229,Jamon_quesada,8219.15,7861.25,869,29790261
29478306,xoqhddl,8440.4,7861.14,-40,29790254
33494339,YrKashi04,8667.58,7860.95,-642,29790248
19901165,2_Dimension,8483.22,7860.55,314,29790253
35328058,leo240711,8183.85,7860.39,410,29790262
18266205,R_hythm,8403.56,7859.01,264,29790255
21007444,aIb,8439.86,7858.59,38,29790255
29908989,Ansaka Yuuko,8177.7,7858.23,694,29790262
32589477,LightofthePath,8301.05,7857.55,1204,29790258
20832718,BeamDoesOsu,8656.18,7857.39,-247,29790249
33953676,Ellybro,8447.57,7856.85,571,29790254
19183606,Thundery,8206.31,7856.72,805,29790261
14938264,mirac1e_xf,8537.08,7856.39,80,29790252
13408582,Petropavlovsk X,8608.16,7855.95,-441,29790250
28104830,theAsuna,8308.37,7855.86,-359,29790258
16230575,KnightStar75,8567.31,7855.58,-84,29790251
8214112,killer01908,8310.39,7855.26,441,29790258
17632654,Pmasterneo18,8445.08,7855.07,402,29790254
34741541,-Lyl-,8643.49,7854.83,-841,29790249
19759027,lamagogol,8598.1,7854.50,-364,29790250
22454729,GAMER92XP,8331.62,7854.37,426,29790257
23710282,Arxtic,8434.58,7854.20,466,29790255
35612666,WcMO,8533.47,7854.08,-341,29790252
8976761,bukiki,8110.46,7854.02,1359,29790264
16608691,Lofted,8289.59,7853.98,872,29790258
14479033,UriYS,8392.69,7853.89,492,29790256
12269063,Kalfuu,8547.34,7853.72,-643,29790252
12724618,ASTOP,8194.89,7853.26,1236,29790261
15624611,ZileNums,8559.22,7853.18,10,29790251
35249794,mouren114514,8353.25,7853.13,1247,29790257
29261041,Estebean,8372.16,7853.07,415,29790256
11936543,L_DuB,8392.6,7852.85,594,29790256
35718259,dxmge,8090.58,7852.79,1408,29790264
30905688,gamervm,8625.51,7851.77,-575,29790250
10468512,growcanine,8567.07,7851.62,-520,29790251
20219088,_SkyCrystal,8645.74,7850.77,-322,29790249
29750791,jsm09290,8637.58,7850.52,-242,29790249
20524320,Fences,8376.4,7850.06,432,29790256
30691012,worstriceplayer,8459.09,7849.93,155,29790254
38741857,gwevwerg,8540.91,7849.86,32,29790252
17975224,Zycek,8454.9,7849.79,-294,29790254
32293512,haixiao998,8382.72,7849.59,460,29790256
34288241,ICHIKA522,8678.16,7849.44,-956,29790248
25945817,ryoo7761,8335.51,7849.16,426,29790257
31868421,BOOGERFART,8448.11,7849.11,172,29790254
32736478,f4rofinea,8542.79,7849.08,-262,29790252
38101647,Schwi74,8420.83,7848.95,605,29790255
31932184,Hi therere,8164.14,7848.55,1330,29790262
10819978,greendor,8404.62,7848.17,167,29790255
12184202,Phaxas,8599.11,7847.77,-19,29790250
10939124,Kyoee01,8485.61,7847.71,90,29790253
15643616,minhdat1323,8021.23,7847.60,1843,29790266
35312085,Qbinho,8659.45,7846.97,-257,29790249
8089619,not don,8453.02,7846.41,375,29790254
38125838,jsgabZz,8338.58,7846.39,-437,29790257
30932301,kilkan123,8353.48,7846.17,590,29790257
8918254,nocks,8588.01,7845.65,-67,29790251
12445505,Guniika,8299.47,7845.46,1370,29790258
18755434,Hagen010,8668.49,7845.16,-748,29790248
8668187,Unlockcode,8240.66,7845.15,994,29790260
3962638,SMOC_Hyeon,8318.55,7844.92,1315,29790258
11392859,erase,8419.29,7844.71,590,29790255
11875103,An0th3rG1itch,8359.58,7844.49,344,29790256
34371179,SamRod,8468.92,7844.20,152,29790254
32041970,Triple Bacon,8612.78,7844.16,-734,29790250
35050794,Lvu---ZYHxxxxx,8287.67,7844.13,1047,29790259
33591798,youleftdapercs,8536.47,7842.92,-284,29790252
16494937,zachleeplays,8345.41,7842.46,857,29790257
26611596,7k_Le0,8443.18,7842.06,1070,29790254
35366283,DenisGlebProfi,8531.98,7842.03,-2,29790252
30369590,xiaoyuw,8597.46,7841.56,-212,29790250
17456437,Mr JoJo,8386.84,7841.51,381,29790256
16301914,NemoPlayzOsu,8174.3,7840.85,810,29790262
36418796,kjdskjf,8546.34,7840.63,-175,29790252
9938020,Sakisagee,8130.09,7840.38,1456,29790263
34523394,Revolveerr,8370.54,7840.29,609,29790256
19608851,AbrokGamerBg,8559.42,7839.26,129,29790251
12396253,hiimlittlegreen,8326.66,7838.80,544,29790257
34329828,Ex1y,8041.29,7838.67,1659,29790266
9014047,Asherz007,8062.08,7838.59,1173,29790265
15300134,shinnryaku_fixy,8442.16,7838.00,650,29790254
28223689,champagneBB,8278,7837.93,886,29790259
32751798,samam123king,8476.03,7837.73,-630,29790254
36484521,October11z,8673.86,7837.70,-559,29790248
6209229,FROSTiAzure,8330.3,7837.36,620,29790257
31546637,soobsabthegreat,8494.63,7837.21,62,29790253
15760364,Xiles,8395.97,7837.16,571,29790256
25595205,Bluetoothhh,8553.17,7836.95,-424,29790252
38544610,nottms,8387.11,7836.66,592,29790256
6807462,Firby_28,8675.07,7836.53,-404,29790248
38208234,Icantregister12,8443.93,7836.15,-706,29790254
30011967,baozhitou,8653.89,7835.86,-42,29790249
35476173,Yaroo,8547.93,7834.42,-409,29790252
30837309,NAMAZU Dayo,8510.27,7834.30,14,29790253
26905169,Ni0x,8083.12,7833.75,251,29790264
13292647,zhihe218,8548.44,7833.74,-368,29790252
36377862,ycylnl,8675.94,7833.32,-846,29790248
17089156,CraCceN,8544.35,7833.08,-119,29790252
37668367,KawaiiMe,8403.69,7833.04,-150,29790255
3997284,070011,8189.35,7832.78,724,29790261
26271383,Angeldragonhero,8351.86,7832.54,556,29790257
12805613,azikasa,8333.75,7832.15,888,29790257
12929973,Itawachi,8571.69,7831.78,-460,29790251
10946180,AndyTechGuy,8433.72,7831.76,539,29790255
35366861,PMI,8435.68,7831.67,353,29790255
17503181,[MY] Asunon,8270.49,7831.55,509,29790259
21168391,SurFlow,8495.06,7831.50,-52,29790253
36235075,Sordats,8569.36,7831.08,84,29790251
34656722,theogamer6609,8087.11,7830.76,1363,29790264
13964656,Amerial,8566.27,7830.64,-520,29790251
11261860,Timeattack,8421.45,7830.30,383,29790255
14205930,ByJosh,8368.92,7829.87,780,29790256
28798114,P_oooo,8522.39,7829.75,-1,29790252
16337327,idontwanttoknow,8357.57,7828.36,687,29790257
13093473,Comiaaa,8282.37,7828.18,923,29790259
35710605,Chamber_egg,8400.99,7827.97,314,29790255
8026610,xsession,8222.22,7827.82,1314,29790261
845733,Faputa,8658.58,7827.25,-855,29790249
36463701,loath,8659.68,7827.03,-539,29790249
15516543,BrayPlaysOsu,8221.83,7826.84,1075,29790261
35988024,Znexx,8602.81,7826.09,-663,29790250
25789224,Ian0505,8316.86,7826.06,996,29790258
31859632,otto111,8430.62,7825.95,26,29790255
36192432,Orange0724,8511.86,7825.87,303,29790253
22811763,Kudzu-_,8542.26,7825.35,-1076,29790252
38409358,huarji170001,8206.42,7825.23,-139,29790261
22477213,Goal,8251.44,7824.90,758,29790260
30759024,iBryaNxc,8304.73,7824.84,400,29790258
11251832,teclado de whip,8258.1,7824.66,529,29790259
37921654,wimskul,8531.63,7824.30,-202,29790252
25575090,litandingzhen,8644.64,7824.26,-338,29790249
16367444,Jaxus,8419.99,7824.03,75,29790255
35765238,[ MrDio ],8707.17,7824.00,-676,29790247
31732489,vinidacia,8527.25,7823.31,-194,29790252
13598872,iimuxnu,8424.94,7823.21,381,29790255
25090788,DeluxePlayer,8331.09,7822.54,346,29790257
15166207,GreatMan11,8369.81,7822.39,-200,29790256
36499115,loveyou_UWU,8452.38,7822.21,-153,29790254
12947535,-Stackedosu-,8328.04,7822.08,211,29790257
6556595,vcvcOTZ,8264.45,7821.80,1020,29790259
29804346,Stonewarrior,8428.25,7821.05,98,29790255
35730938,xben41,8460.35,7820.79,175,29790254
34093917,[Mys]Snow,8566.33,7820.17,-307,29790251
11116066,User Not Found,8255.33,7819.66,1054,29790259
30189601,osustryker,8672.08,7819.21,-772,29790248
12258697,jajina,8370.11,7818.92,313,29790256
15138973,Maani,8636.09,7818.80,-827,29790249
23195305,mushroomw1,8113.27,7818.42,1306,29790264
30869348,K1razu,8328.77,7818.35,388,29790257
37992469,ejomaid,8494.74,7818.09,-507,29790253
26211690,YouDontSolo,8115.03,7817.76,998,29790263
39580012,Ryanellow,8050.09,7817.48,1002,29790265
14798021,stoneperson56,8559.87,7817.22,-255,29790251
29304741,Enchi0101,8499.81,7817.10,-355,29790253
34267028,RoYuKo,8469.29,7816.85,115,29790254
13085932,gragrante,8590.3,7816.72,-535,29790250
20082246,_WMarss_,8495.5,7816.64,97,29790253
31474300,aron19xx,8464.34,7815.95,29,29790254
30933730,SnasUnderman,8360.18,7815.67,281,29790256
37978419,XeNovice,8577.18,7815.49,-419,29790251
9772661,Yuzuki-,8279.89,7815.20,713,29790259
36304189,silenceoblivion,8397.35,7814.96,297,29790256
25234554,[Crz]Eternal,8187.62,7814.00,-57,29790261
38976934,Kottoriiiii,8536.82,7813.82,-256,29790252
28422678,hihidiffent,8519.19,7813.53,-8,29790252
32841855,_illiue_,8327.69,7813.46,359,29790257
36076781,nopenonex,8525.36,7812.94,290,29790252
36880375,SillyBacon,8549.62,7812.82,44,29790252
28150034,noob28457,8423.53,7812.62,229,29790255
17358008,H4ck3rAlive,8607.41,7811.93,-529,29790250
26595109,LiaChanUpscroll,8426.85,7811.71,-418,29790255
28683603,refragance,8306.83,7811.55,603,29790258
13131334,Darkbbt,8303.7,7810.48,726,29790258
34247444,Nesoi-,8013.72,7810.33,1285,29790267
27623240,willbilliam11,8436.19,7810.20,89,29790255
20466263,JusticeTobiichi,8399.78,7809.89,195,29790256
13739316,QwQ Yuhan -,8330.84,7809.85,494,29790257
38824254,Nerdz555,8168.24,7809.19,-354,29790262
16626292,chino3310,8621.14,7808.94,-409,29790250
24475886,htehtegnouny,8388.86,7808.91,-103,29790256
7449949,Vivlos,8274.38,7807.97,716,29790259
33065286,MsKatharina,8372.69,7807.96,148,29790256
37299929,KhangFromVN,8024.35,7805.59,1159,29790266
32551257,Scroll 36,8131.1,7805.28,922,29790263
34136020,crispino,8526.71,7804.96,-221,29790252
27102284,anix2,8278.89,7804.15,1020,29790259
35329919,kcjc,8182.94,7803.84,754,29790262
28379386,imnewE,8413.19,7802.59,-265,29790255
32505441,dureamon,8390.96,7802.40,35,29790256
10771713,Teastt,8462.91,7802.22,362,29790254
14768693,Ucitysm,8412.58,7801.41,468,29790255
34158447,ElDesLuiz,8359.44,7801.25,854,29790256
21425008,HluvK,8462.99,7800.77,-323,29790254
25434921,Leake7462,8147.78,7800.76,1407,29790263
13829864,Lololol1234f,8165.67,7800.70,-374,29790262
18187546,Leafies,8313.07,7800.62,281,29790258
32163801,LittleChef408,8557.86,7800.34,-566,29790251
17692184,losjez,8240.33,7800.08,-246,29790260
14459238,Love-Chan,8234.26,7799.77,674,29790260
38061339,Max114514,8386.53,7799.54,432,29790256
17068314,vctr,8335.98,7798.75,-290,29790257
8264451,vizokaa,8471.37,7798.63,410,29790254
7288030,Cute Doggo,8278.51,7797.91,761,29790259
17487393,Hineki,8358.65,7797.85,202,29790256
3042413,CN_wind,8385.44,7797.74,76,29790256
30255001,DongXueLian,8593.72,7797.65,-178,29790250
38452331,Wonder_kid967,8445.87,7797.24,-442,29790254
38664306,KLJACKSON,8503.49,7796.67,-525,29790253
22193572,NickyXv,8574.26,7796.38,-567,29790251
12203613,Chrisuly,8289.71,7796.11,649,29790258
38122810,burupigurou,8558.01,7796.01,-848,29790251
21351568,Yuki Yoshikawa,8482.49,7795.86,-210,29790253
34638546,[MFF] Shiro,8619.66,7795.81,-527,29790250
11430587,CiastoBonifacy,8252.29,7795.53,510,29790260
37563883,e2zx2V3,8497.25,7794.93,-112,29790253
11301889,Hakuyomi,8406.43,7794.71,-13,29790255
37322066,zacrad_04,8076.2,7793.58,773,29790265
27583184,[GB]r3uz,8254.23,7793.51,515,29790259
12769012,Dan98l,8326.58,7793.34,696,29790258
16943228,kaorii_i,8434.07,7793.18,299,29790255
9856089,GianSpark,8089.06,7792.92,1557,29790264
16435863,1lolala,8289.87,7792.77,151,29790258
18031921,Cinnex,8111.18,7792.55,1201,29790264
33129008,GOOFOOD,8513.82,7791.97,-230,29790252
28768743,scout_susamogus,8512.46,7791.75,-611,29790253
20816728,Maxplayers,8495.61,7791.65,49,29790253
20075721,HTGod,8441.52,7791.41,84,29790254
10636530,Michka,8402.79,7791.07,177,29790255
14134289,shokoha,8324.11,7790.74,776,29790258
33998418,ThatOneBandu,8054.92,7790.61,570,29790265
12883166,K_no,8256,7790.38,598,29790259
10861024,Slowpoke509,8438.84,7790.09,32,29790255
37460416,ayimaim,8351.33,7788.88,-65,29790257
33866087,NO REMORSE,8432.42,7788.75,117,29790255
25288520,kk3TWT,8540.12,7788.64,89,29790252
13422413,Fflats,8635.31,7788.19,-723,29790249
16841719,Loggie,8572.46,7788.15,-512,29790251
30874595,histoni,8284.13,7788.04,629,29790259
5021006,Hyme,8457.08,7787.12,196,29790254
37343880,MurasKnife,8321.66,7787.09,-274,29790258
15566952,lennidary,8557.46,7786.66,-451,29790251
10913538,ryunic,8392.3,7786.64,462,29790256
4939289,siron_IIDX,8168.92,7786.59,1185,29790262
29806571,Rain--,8644.35,7785.97,-535,29790249
36490235,dejwidwunasty,8561.39,7785.65,-767,29790251
35049394,MarkDLuffy,8371.56,7785.59,-545,29790256
12749223,k0u,8197.15,7785.45,1189,29790261
28550912,fininiii_,8394.51,7785.42,100,29790256
32034887,[Kyron],8383.82,7785.40,261,29790256
30019956,Wiktor110033,8251.71,7784.80,27,29790260
19792983,Nerem1s,8151.2,7784.46,771,29790262
11654310,doomsday50,8336.2,7783.90,305,29790257
37680650,sxxs,8509.64,7783.70,-259,29790253
38504991,moneseii,8352.03,7783.35,103,29790257
34302799,sanesse35,8337.91,7782.71,275,29790257
29804016,GameTilDead,8516.21,7782.60,-343,29790252
24978741,George33,8466.09,7781.49,474,29790254
23970376,DemonicDelTa,8338.67,7781.40,298,29790257
22765811,TurboSoggy69,8257.33,7781.38,814,29790259
37277613,Asri3lll,8456.88,7781.09,-814,29790254
36086563,Rat_KingOSU,8035.27,7780.80,746,29790266
37792042,Tsubaki339,8562.64,7780.53,-684,29790251
6541045,J o b r o,8554.94,7780.46,-362,29790251
25427406,emziaal,8322.61,7780.31,249,29790258
17590712,hinaya,8179.74,7780.29,802,29790262
34916976,by_Dant1x,8470.38,7780.17,-25,29790254
36472968,zhuguo,8020.1,7780.11,283,29790266
37995489,scptc Sayo,8276.76,7779.68,441,29790259
929775,-Hinana,8414.72,7779.53,7,29790255
37911328,koco3114,8185.58,7779.41,845,29790261
23493368,Kimcheelol,8018.5,7778.55,-667,29790266
38617889,wjb666,8428.87,7778.53,13,29790255
27327981,YieldingHawk239,8220.23,7778.48,118,29790261
27947820,Sanpro19XP,8277.66,7778.05,700,29790259
38461034,Amon2270,8355.48,7777.89,383,29790257
26587749,hello9000,8162.56,7777.46,1011,29790262
22623714,jurmyplaysgames,8381.07,7777.05,140,29790256
27555165,Lice_Leho,8369.46,7777.04,396,29790256
15275662,deta5859,8514.41,7777.02,-371,29790252
27988710,migdauek,8105.47,7777.02,-99,29790264
32397686,kanfakeviral,8577.9,7776.89,-789,29790251
30662964,Alexanderos3738,8536.14,7776.77,-457,29790252
37335678,SmallPenguin678,8446.16,7775.58,-594,29790254
34502169,HACEKOMOE,8629.07,7774.91,-477,29790250
24854408,valdask00,8311.13,7774.66,364,29790258
23690868,nuttyop001,8553.88,7774.26,-423,29790251
12328491,Yokkako,8289.35,7773.27,538,29790258
4614296,Pherius,8408.45,7772.56,350,29790255
29017128,smart AI,8509.82,7772.10,-173,29790253
27378741,ziro98,8409.23,7771.69,143,29790255
25446162,knux,8503.37,7771.45,-168,29790253
36662217,Tooty dig bick,8219.56,7770.97,99,29790261
34281240,wuquyunkong,8302.48,7770.84,325,29790258
19731241,makas_marakas,8539.14,7770.79,-712,29790252
21132032,RyanStephanie,8525.12,7770.73,-327,29790252
19233714,3011,8230.78,7770.34,1182,29790260
38287052,boings,8377.81,7770.22,405,29790256
35314607,ZifferVM,8290.41,7770.10,223,29790258
11298573,Luna2,8619.92,7770.03,-568,29790250
22562387,Joao Felix,8360.77,7768.39,274,29790256
13565778,aaa_321,8387.46,7768.37,100,29790256
30585220,landung20,8332.51,7768.24,-570,29790257
6839722,zipp,8281.07,7768.04,451,29790259
16982643,_-Nikita-_,8029.87,7768.01,1557,29790266
35334892,XiaoGreen,8362.48,7767.50,385,29790256
30717006,Xeibaa,8419.7,7767.27,-222,29790255
26229638,juanbau999,8635.03,7766.76,-701,29790249
26012404,hiyokosan,8581.17,7766.57,-792,29790251
22509885,alascajunior,8245.47,7766.11,1021,29790260
25284551,KeRugamer,8342.54,7765.68,273,29790257
17309414,MqnKillest,8327.49,7765.61,579,29790257
12955520,[Andre],8242.65,7765.29,817,29790260
12094569,Shirakoizanagi,8236.11,7764.94,787,29790260
20348106,Sanyaelo,8279.31,7764.02,728,29790259
10943217,reche fanboy,8280.06,7763.59,1004,29790259
13515836,RobloxDespacito,8490.49,7763.22,-497,29790253
17715786,EliasANM,8482.33,7763.14,-61,29790253
13418038,Pissezi,8177.62,7763.10,697,29790262
31699780,Dank_Cze,8449.56,7762.61,-178,29790254
4881508,Comet Popcorn,8381.54,7762.33,-104,29790256
16495515,Leasupsforlife,8295.36,7762.17,-138,29790258
20650220,myster77,8209.43,7761.99,846,29790261
25509109,troj12,8616.51,7761.65,-830,29790250
20884418,shortkid27,8370.7,7761.38,-68,29790256
35503351,-Rejected [NX]-,8024.56,7761.08,1840,29790266
19787131,NaturalHoney,8341.42,7760.87,545,29790257
10808522,ThiccMcChiccen,8503.78,7760.85,-158,29790253
33543096,estranho998,8305.53,7760.43,595,29790258
26475780,LonelyOne_12,8323.99,7760.20,188,29790258
2324084,tkk,8206.91,7759.86,1066,29790261
22408487,Wattu,8319.12,7759.65,553,29790258
13940631,Dvrgxt,8422.82,7759.29,-47,29790255
13083276,Airenowo,8461.85,7758.84,-355,29790254
37233239,pct,8217.87,7758.66,900,29790261
19687112,White Hare,8330.44,7758.55,719,29790257
38241172,tsukiyo_desu,8376.71,7757.64,-622,29790256
17785439,sleepydug,8360.31,7757.33,11,29790256
26355460,HZching,8368,7756.92,-410,29790256
16131055,galacta925,8546.9,7756.81,-888,29790252
10502375,HolySteven,8290.92,7755.93,581,29790258
36470088,ch6uncey,8515.76,7755.48,-552,29790252
10171556,Deblooo,8460.03,7755.06,-211,29790254
34546813,Adrien_02,8515.17,7754.92,-74,29790252
15764239,holeblack0417,8296.82,7754.92,796,29790258
26934162,Siklo_fbi,8208.22,7754.31,542,29790261
13727655,Hanmu,8109.52,7753.72,747,29790264
30669925,lepinky,8400.76,7753.19,-12,29790255
21981362,TaztyFYI,8518.36,7752.51,-419,29790252
38254160,Yao_Cun,8380.26,7751.09,-80,29790256
22537742,Leituhs,8236.6,7750.97,-73,29790260
23789798,lolocho,8349.41,7749.56,144,29790257
19042090,Spooks256,8398.99,7748.45,262,29790256
18706053,ADRAMELECH,8199.07,7748.42,643,29790261
20108754,-Chill-,8032.3,7747.58,655,29790266
12341487,Azunix_x,8156.69,7747.52,854,29790262
37661628,Lozza,8581.53,7747.22,-765,29790251
26493658,ok333,8027.54,7747.08,984,29790266
17211857,[Flandre],8390.31,7746.36,-484,29790256
16900420,Gambob,8011.27,7746.29,186,29790267
23272152,Lylcaruis,8299.04,7745.54,486,29790258
19603908,neolish,8233.65,7745.40,728,29790260
25843976,Ryun_,8044.98,7745.33,1586,29790266
25082357,Storyline,8457.18,7745.09,-331,29790254
30649005,Managarm,8342.2,7745.03,104,29790257
37845879,happythoughts,8322.07,7744.91,274,29790258
11118635,Xavereth,8250.56,7744.86,131,29790260
34366375,mazixing0129,8400.19,7744.49,-34,29790255
28920800,imakoit,8360.89,7743.66,1,29790256
1847698,PiraTom,8228.57,7743.11,1395,29790260
29140327,DJ JOHN 500,8251.61,7741.10,614,29790260
38483310,Rov1N,8498.46,7740.79,-319,29790253
35473523,hongyun08,8308.1,7740.71,281,29790258
24558281,ysh,8258.81,7740.58,613,29790259
38457575,Sigmaduck,8311.54,7739.81,157,29790258
23248449,Ni_co,8563.12,7737.85,-801,29790251
10682909,DJ Mass MAD Izm,8567.75,7737.66,-815,29790251
23950779,AkagiDesu,8321.31,7737.32,251,29790258
37896319,Lurus,8237.36,7737.29,813,29790260
15722813,XxChina_14TQDxX,8434.15,7737.17,-233,29790255
7241974,_Kana,8286.3,7737.17,525,29790259
18777475,Paradiddle,8638.37,7737.12,-1031,29790249
38075502,remiliasklt,8433.89,7736.88,-778,29790255
12205487,owlspirit,8208.15,7736.59,360,29790261
14490417,Arth1225,8302.07,7736.12,606,29790258
25100543,Big pro Gorilla,8298.59,7736.06,675,29790258
36013494,UltiSaber,8456.32,7735.89,-200,29790254
23702817,elmalisimo,8232.71,7735.77,926,29790260
12597847,chu myeong jong,8319.94,7735.64,436,29790258
26674342,Excendism,8325.46,7735.59,307,29790258
11142630,taryking,8243.87,7735.48,767,29790260
38703910,Sophkyulee,8505.66,7735.47,-750,29790253
19514036,X_Arroz_X,8289.52,7734.59,587,29790258
16160358,Irmina,8371.9,7734.29,29,29790256
27511497,zikashi,8510.98,7733.37,-168,29790253
37143402,plankton_gg,8274.13,7733.20,229,29790259
3057154,Ilham,8010.83,7733.18,1933,29790267
38267448,Name_777,8270.64,7732.97,268,29790259
21483666,Blurp_Guy,8229.94,7732.71,604,29790260
30554273,marskyy,8134.43,7732.54,932,29790263
36999955,ranlily,8464.71,7732.32,-245,29790254
32161460,90pm,8312.04,7731.35,77,29790258
15364183,urbanicho,8411.51,7731.22,-67,29790255
20329361,ThySnowball,8211.94,7730.74,759,29790261
15200300,LaimeOsu,8144.97,7730.56,591,29790263
18222718,thoumy,8363.84,7730.42,46,29790256
18484917,RhythmBoii,8363.38,7730.27,-107,29790256
35902652,My Angel Yuyuko,8564.52,7730.18,-782,29790251
13443798,xmallax,8339.55,7729.57,67,29790257
39462103,CrcrAOSy,8383.98,7729.29,-635,29790256
37555565,farhansukamie,8506.73,7729.05,-391,29790253
20011871,FearChaosKiller,8071.7,7728.90,1193,29790265
16732448,TehToshi,8302.85,7728.64,-213,29790258
15741915,FouEle,8348.48,7728.47,55,29790257
34230681,tobo_old_7,8230.45,7728.42,503,29790260
19858212,shoune,8134.23,7728.37,1021,29790263
16491770,MeduOsuManier,8218.18,7728.26,947,29790261
15984485,_Owen_,8437.65,7728.14,-240,29790255
4948871,Kimiomatsu,8222.51,7727.68,706,29790261
31966809,Nanasen000,8414.04,7726.70,-4,29790255
20222673,BerryPhase,8403.21,7725.73,-170,29790255
30728320,Sawataly_SZK,8375.77,7725.60,63,29790256
16218543,ASENTHEKILLER,8410.42,7725.56,-444,29790255
36954215,RiverTM,8520.63,7725.50,-878,29790252
28611377,loading3414,8173.28,7725.40,598,29790262
36294340,noourai50,8274.46,7725.27,95,29790259
28807051,CatOsu4k,8489.94,7724.74,-514,29790253
12300501,Faabeer,8212.48,7723.71,904,29790261
36551524,KashiraRiz,8367.57,7722.68,-140,29790256
15785151,khabanh112,8510.19,7722.62,-429,29790253
26133062,axdnz,8155.46,7721.37,518,29790262
10010130,[KN]Lordieee,8259.63,7721.21,311,29790259
18484642,StyAGT,8448.2,7720.72,-528,29790254
37602354,UnknownZyzz,8152.06,7720.70,530,29790262
23507505,Bee_God,8197.77,7720.56,850,29790261
38762286,vibinklerx,8508.95,7719.33,-478,29790253
10441414,ZeNyfh,8364.93,7719.30,-177,29790256
13094094,SeolDam,8271.65,7718.81,809,29790259
35063878,rice no girls,8338.99,7718.38,-432,29790257
18641905,bl_xx,8325.06,7718.15,12,29790258
35973347,g_oses,8156.1,7718.00,-532,29790262
38370464,luo-,8473.98,7717.66,-647,29790254
28883864,TOKA2022,8424.56,7716.37,-195,29790255
8682252,Syppex,8324.41,7715.51,571,29790258
16712231,[TCD] Dzar03,8432.28,7714.59,-290,29790255
25282353,lolcrackk,8149.94,7714.59,705,29790262
34292228,HosamKun,8220.86,7714.52,421,29790261
36817657,Hypurine,8189.98,7713.74,676,29790261
34053782,Hakari Atsuko-,8452.3,7713.25,-344,29790254
11086991,yoosunge,8218.03,7712.90,800,29790261
16067514,miaopasibukeai,8414.6,7712.34,-524,29790255
24686558,garbage143,8244.58,7712.19,680,29790260
8405046,[ Zenith ],8445.44,7712.14,-428,29790254
36053160,Joyyfull,8401.16,7712.13,-632,29790255
34653244,Grayling32,8614.54,7711.91,-868,29790250
4334808,Meiden,8304.48,7711.43,333,29790258
37664605,luoluotianyi,8187.71,7710.12,616,29790261
37188227,G414xy,8513.55,7709.85,-264,29790253
35279349,Pachee,8253,7709.69,-673,29790260
16482439,Ansppy,8287.07,7709.30,443,29790259
36594995,XxXuanxX0731,8119,7708.90,-39,29790263
8565077,ElCrepo,8276,7708.15,458,29790259
20125024,boikoigt14,8217.23,7708.04,268,29790261
20742027,Takanashii,8194.2,7707.94,406,29790261
6866480,nyanmi-1828,8268.07,7707.72,644,29790259
25010306,Chongming7,8247.07,7707.64,595,29790260
9189444,Remilia_HY,8223.72,7707.49,707,29790260
36244398,h3rt,8472.29,7707.34,-474,29790254
36035164,Tormetoso,8298.72,7706.50,302,29790258
29319190,FreshOutTheOven,8253.22,7706.32,806,29790259
34591063,[Mzk] MoramiUwU,8283.25,7705.89,-400,29790259
30945111,Beardlesshail,8351.8,7705.54,364,29790257
12824026,wyq20021225,8340.06,7705.45,-265,29790257
28203412,ComboBreak,8242.51,7705.40,189,29790260
34014088,080106,8304.31,7705.38,261,29790258
38611780,Chinee,8325.88,7705.34,551,29790258
25823401,veryocrane,8146.32,7705.24,953,29790263
39255478,DOSmania3DX,8413.45,7704.76,-770,29790255
27068814,[SS] Azure,8346.39,7704.61,-399,29790257
25499668,SCARED ON OSU,8517.79,7704.55,-776,29790252
22293406,Reissenz,8220.01,7704.43,322,29790261
18646531,Chimchar,8421.02,7704.37,-229,29790255
5944963,[KN]Kanaakanaa,8017.86,7704.26,1371,29790266
39664028,Shironeko0021,8092.61,7704.21,1207,29790264
7958845,Orca-,8283.08,7704.10,445,29790259
20242123,CapyGMD,8262.51,7703.83,257,29790259
33090074,Soir1223,8264.26,7703.23,48,29790259
25130429,TenriiMoment,8426.1,7702.37,-275,29790255
21835957,lacrax100,8012.24,7702.25,1124,29790267
35879344,AbueloMusculoso,8312.33,7701.42,272,29790258
25367551,Polorexz,8254.75,7701.28,539,29790259
38087351,segma,8407.72,7701.20,-707,29790255
17169652,Cleverperson,8344.46,7701.05,436,29790257
26143446,Ernest_2468,8311.39,7700.86,292,29790258
33225984,Roroa,8455.88,7700.38,-341,29790254
13366863,Edmoond,8197.29,7699.91,587,29790261
9350903,Luxisia,8225.1,7699.74,759,29790260
31439249,- Jenna Ortega,8445.34,7699.24,-520,29790254
25212317,Patoman,8226.49,7698.71,690,29790260
26976356,YooSungBin,8135.83,7698.70,756,29790263
37819182,awadgQwQ,8407.64,7698.53,-405,29790255
33651310,Kagkag1,8272.11,7698.15,223,29790259
8867713,599088453,8314.2,7698.09,193,29790258
16643849,BENXX,8349.15,7697.92,249,29790257
17675077,Wafarm,8330.65,7697.69,-65,29790257
8624784,Shikuraminoto,8161.95,7697.66,826,29790262
21904606,EustanceIII,8210.29,7697.12,530,29790261
29166978,BigDiarrea,8439.75,7696.74,-629,29790255
2424440,Miq,8121.29,7696.60,979,29790263
33737678,Sistianax,8239.17,7696.12,181,29790260
29164212,Fenris,8481.59,7696.03,-542,29790253
37782933,meguimi22222,8051.83,7695.94,704,29790265
29564491,pdoLCK,8169.83,7695.27,605,29790262
38203750,Saki_4000,8247.92,7694.74,-244,29790260
35703294,Pistikerobot2,8513.47,7694.69,-872,29790253
35416855,Poor_Cursue,8448.46,7694.68,-305,29790254
7831607,Kasey,8179.98,7694.64,328,29790262
25172963,coco-Nc-,8283.47,7694.60,233,29790259
38791855,Nskwxr,8263.39,7694.57,188,29790259
23531532,WolfFlash,8453.81,7693.97,-119,29790254
38224034,ln_lanon,8176.77,7693.49,-60,29790262
30168929,reekid777XD,8109.25,7693.02,1326,29790264
1576095,Sinaeb,8261.81,7692.69,533,29790259
30481634,Gatovvs,8137.54,7692.47,714,29790263
19832414,cool_official2,8140.62,7692.24,511,29790263
22020592,LOLODIOELANIME,8404.5,7691.46,-399,29790255
25570474,CitrousDark8,8300.94,7691.22,182,29790258
11771962,Macso,8321.6,7691.07,76,29790258
16582257,ricemunc13r,8409.57,7690.57,-645,29790255
8078106,GOAFanbody,8513.9,7689.75,-553,29790252
16592760,gone2plaid,8167.73,7689.35,538,29790262
35973724,leon23fun,8097.5,7689.15,1062,29790264
29475923,tianlu727,8328.3,7689.14,234,29790257
25711290,zmzzzz,8173.76,7689.08,-565,29790262
5352616,VirtualND,8215.26,7688.86,361,29790261
7018867,[ S I Y A ],8247.77,7688.53,722,29790260
34292458,Fr4ise,8023.2,7687.51,1603,29790266
30143994,ChoNega,8276.12,7686.86,404,29790259
24866760,KyhmyKeppi,8508.54,7686.51,-738,29790253
39031017,zerosora514,8385.27,7686.09,-253,29790256
27620293,[HR]RalseiMania,8260.83,7685.15,118,29790259
36174028,wenpunk,8467.35,7685.06,-160,29790254
4161714,dlsrks5138,8065.79,7684.94,1235,29790265
24396203,Alexeitorepico,8132.01,7684.65,1147,29790263
31502117,Shadowlesgo,8225.21,7684.33,-30,29790260
25073724,Belucky,8438.46,7684.18,-710,29790255
19370901,Dor-YT,8327.87,7683.23,-432,29790257
6511662,pikechu,8115.7,7683.02,1001,29790263
15594661,WAF1Yv2,8264.08,7682.98,206,29790259
26898290,Lisztzilla,8250.02,7682.90,274,29790260
24968831,Setryren,8141.86,7682.90,289,29790263
10444072,sean9358,8459.75,7682.67,-337,29790254
19528450,lIlIIIlIlIIlIl,8263.48,7681.97,158,29790259
37620600,Altorilus_Nulli,8339.82,7681.95,-108,29790257
37412031,OpFullmoon,8384.44,7681.47,149,29790256
17870152,_yuu,8376.13,7681.13,-395,29790256
1639964,IllyaPantsu,8093.94,7680.67,1166,29790264
32209821,rainbowtacoo22,8510.85,7680.18,-928,29790253
17848147,su tang,8163.44,7679.55,492,29790262
25806849,Darrel27,8353,7679.47,75,29790257
13180611,4rokyan,8205.16,7679.22,620,29790261
17480973,ERA Frossno,8127.03,7678.60,702,29790263
33420176,Acrossgust,8172.62,7677.97,461,29790262
6870532,-L o s t,8232.3,7677.81,441,29790260
32596215,Toromi272,8222.95,7677.44,254,29790261
19582742,pneu assassino,8009.7,7677.08,1037,29790267
14111538,X_ns,8076.11,7676.30,820,29790265
36922420,ItzRaymuu,8228.4,7676.08,853,29790260
31124420,Kimseonga,8482.96,7676.01,-67,29790253
33705607,XiaJunRui,8490.61,7675.80,-308,29790253
32873498,chianti,8171.43,7675.47,471,29790262
23873729,Sr humildoso,8145.71,7675.33,851,29790263
25410778,ElphenixNOBY,8038.77,7675.26,872,29790266
30854643,Zekkazs,8393.73,7675.11,1,29790256
14262789,Saemitsu,8409.93,7674.93,-45,29790255
18636003,PolonorXel,8430.79,7674.75,-632,29790255
35397902,byjp,8226.8,7674.62,156,29790260
9048451,XxTheJKxX,8278.38,7674.22,219,29790259
24793349,elguapo wolf,8219.29,7674.20,683,29790261
37440254,thehamster2945,8126.84,7674.19,1294,29790263
7675859,Zeppy-lin,8026.26,7673.86,1150,29790266
12615340,windopper,8093.04,7673.48,597,29790264
10353661,-Kosaki-,8329.93,7673.39,86,29790257
23014212,FriskGaming,8049.71,7672.70,521,29790265
27829918,S0N4R,8203.74,7672.45,675,29790261
10970851,Maybe_Melty,8233.59,7671.96,585,29790260
31904932,Nakkokeo,8313.56,7670.67,-54,29790258
21515982,Mitsu51,8472.89,7670.20,-632,29790254
31414137,TylerEatsFood,8489.2,7669.31,-494,29790253
23135250,sarc6o9,8032.75,7668.75,451,29790266
32109999,xin0810414,8322.18,7668.65,-127,29790258
1967296,Over the clouds,8114.94,7668.30,701,29790263
33865865,ale37b,8379.77,7668.15,-78,29790256
38572300,sansbens,8443.86,7668.05,-429,29790254
19607321,cjtgldb,8169.06,7667.37,605,29790262
26234520,NGC1535,8361.32,7667.05,-6,29790256
30791989,vpnn,8306.14,7666.91,-451,29790258
26371501,BluChocy,8082.91,7665.27,188,29790264
16502607,qrle,8336.48,7664.89,-216,29790257
36456418,Soullified,8259.7,7664.50,-446,29790259
37128387,TainSkibidi,8120.63,7664.28,967,29790263
34000417,Muppa,8498.13,7663.89,-565,29790253
18423554,bonks,8317.1,7663.47,72,29790258
32522143,Nenacx292,8112.54,7662.94,-311,29790264
36279755,ySA9,8052.95,7662.84,703,29790265
8495332,Superex,8248.02,7662.03,388,29790260
28456427,YeetusTooGeeked,8416.41,7661.96,-618,29790255
15950621,BOBOET,8244.86,7661.73,174,29790260
12306304,MKEYBOARD,8191.48,7661.66,696,29790261
32529150,JacobDarnel,8195.49,7661.06,535,29790261
32001398,Metxyl,8196.72,7660.71,265,29790261
35435439,JxstHyDo,8210.05,7659.54,132,29790261
19110641,Shadowpans,8184.43,7659.03,827,29790262
16530417,ChoSeungHwi,8319.25,7658.91,0,29790258
16263257,124fa,8380.73,7658.69,-189,29790256
16205913,Bili_ningjing,8008.41,7658.69,680,29790267
23587643,HiromiYoisaki,8396.98,7658.61,-342,29790256
27573550,atomic2432,8220.16,7658.35,303,29790261
28782415,McdonaldzsMan,8409.67,7658.23,-338,29790255
10321714,Howhow,8219.7,7658.01,400,29790261
21596622,Applinator,8015.98,7657.97,1468,29790266
30800310,Light_Palette,8302.12,7657.31,-214,29790258
38522890,kyouuuu,8169.36,7656.40,404,29790262
11990008,lanylow,8411.9,7656.08,-364,29790255
19644392,hewwohimapotato,8136.75,7655.63,994,29790263
35754784,zwavesz,8449.93,7654.73,-664,29790254
20883184,YoBoyAugust,8410.97,7653.24,-226,29790255
32942712,HimenoTowa,8265.32,7653.11,296,29790259
14414057,AnChiDes,8224.11,7653.05,454,29790260
28277524,KapiNAtion,8462.84,7652.95,-730,29790254
36299684,starestfalling,8133.57,7652.90,475,29790263
15695297,Strikebox1,8417.56,7652.26,-528,29790255
18120182,LTV,8337.18,7651.15,103,29790257
37792664,Accepting,8226.08,7651.13,-349,29790260
33520811,Ruken,8176.42,7650.71,147,29790262
17458923,psj248,8263.8,7650.64,352,29790259
11990801,letspartydood,8274.61,7650.41,51,29790259
14544643,Doaenel,8188.26,7650.21,573,29790261
13048419,pauldasniper,8242.08,7649.55,110,29790260
17670680,oEnanan,8176.21,7649.09,-159,29790262
31816569,poshylnahui,8346.21,7648.36,133,29790257
21817293,Josh122,8165.22,7647.42,601,29790262
19284442,Iris-ForNever,8167.1,7647.22,364,29790262
20344659,bombermannoah,8289.03,7647.11,-67,29790259
26893343,polovnik30,8333.01,7646.18,-400,29790257
19587411,Akiri,8154.04,7645.96,524,29790262
36411435,F_4lic3,8302,7645.81,168,29790258
12047073,Sernn,8412.88,7645.31,-658,29790255
37804051,Delirium356,8269.32,7644.99,139,29790259
18043274,Xotoko,8415.98,7644.21,-90,29790255
7928958,IDSxiaoer,8300.22,7643.15,90,29790258
14190560,ralix,8249.48,7643.09,711,29790260
14906054,[Paw]Chuixing,8140.97,7643.03,921,29790263
38093032,shaodiddy,8241.38,7642.69,126,29790260
36056565,starkingiw,8435.05,7642.50,-505,29790255
21979830,Hayachin,8272.02,7642.44,1,29790259
27671243,-3000,8052.83,7642.11,542,29790265
11748413,dfggg,8052.17,7641.37,797,29790265
36414922,skbididi dopdop,8183.35,7640.92,491,29790262
39457637,belt195,8367.79,7640.39,-545,29790256
36414873,ILE510,8493.06,7640.24,-830,29790253
13368365,Like Vtuber,8057.85,7639.56,984,29790265
15617684,djv,8378.28,7638.80,-329,29790256
21018494,SMOLMAN,8164.03,7638.61,555,29790262
22171111,Chaxd,8240.52,7638.53,389,29790260
10970697,shininggoldfish_old,8365.3,7637.87,-314,29790256
24405231,TheKillernoob,8208.87,7637.69,447,29790261
27756618,Herta,8418.21,7637.54,-305,29790255
22230460,Maxii122,8157.69,7637.48,1152,29790262
12211556,niscent,8337.59,7637.33,-244,29790257
24227505,Squiddy,8108.11,7637.33,296,29790264
21347979,eggman64,8358.52,7637.06,-275,29790256
26483412,Aztraseneca,8434.89,7637.02,-507,29790255
29164814,Hfssn,8158.81,7637.02,108,29790262
34050294,keloppaflopz,8239,7636.90,-389,29790260
28945670,nano_08900,8262.27,7636.84,131,29790259
14456193,awerce,8115.59,7636.79,377,29790263
23361199,colombia1231,8185.99,7636.63,721,29790261
33899331,ducklush,8181.08,7636.03,294,29790262
37831693,C_Anon_Tokyo,8031.91,7636.03,1206,29790266
31951132,XSTdeadTri,8333.53,7635.35,-719,29790257
3675841,Star0v0,8170.36,7635.11,541,29790262
13894943,KyLbT33,8109.33,7634.89,938,29790264
14211733,New_bies,8314.67,7634.39,1,29790258
30220787,Tataeakosab,8243,7634.21,114,29790260
32875806,LecheFlan871731,8288.18,7634.04,-70,29790259
16509588,wIntEr7z,8105.61,7633.94,996,29790264
18654896,Lynxinz,8324.47,7632.54,-216,29790258
15844317,reversed,8486.45,7632.44,-567,29790253
22738176,KaguraMea,8343.7,7631.63,299,29790257
9614498,Droplet,8186.58,7631.53,328,29790261
38038497,[Choke] Hoshino,8348.38,7630.68,136,29790257
8781173,Catt1eya,8133.33,7628.26,483,29790263
12264218,-XxbluezaperxX-,8249.2,7628.19,162,29790260
33137555,Cocoquqo,8215.15,7628.19,110,29790261
10780587,cosmospice,8346.59,7627.88,-134,29790257
24780575,Detected,8396.14,7626.39,-411,29790256
13946804,Xaleid scopiX,8416.68,7626.26,-778,29790255
4088977,NikoSek,8203.4,7626.03,690,29790261
27889690,Floffer,8292.92,7625.42,0,29790258
9788569,Your Old Friend,8365.67,7625.19,-110,29790256
35375369,freee,8128.35,7625.12,505,29790263
27891193,cheddarrrr,8381.66,7624.73,-205,29790256
6673830,Toumei Dragon,8454.42,7623.72,-511,29790254
16198104,yuyuyomogi,8406.14,7623.36,-220,29790255
20406444,Ender74,8108.22,7623.10,132,29790264
17916194,rincake,8014.18,7622.61,-273,29790267
14312824,JoseGaming,8339.16,7622.14,553,29790257
7230851,snoopdoge42069,8128.54,7621.68,551,29790263
20569770,NovaSeele,8389.07,7621.64,-214,29790256
22995668,KLYTIO,8292.02,7621.64,-85,29790258
18962055,Murtaj,8486.6,7621.50,-863,29790253
31973740,Frobenioid,8107.39,7621.50,878,29790264
25405900,ItsLucasYT,8160.86,7621.05,517,29790262
36728566,EnderBlaze---,8327.4,7620.92,-153,29790257
37361284,peepopaige,8243.73,7620.47,-494,29790260
23231465,Clash06,8227.77,7620.47,349,29790260
15656000,roft,8238.2,7620.32,201,29790260
33939481,Rikuhachima,8226.58,7620.19,565,29790260
26880835,RRRendy,8150.39,7620.06,564,29790262
24639298,Vctcim,8262.03,7618.81,437,29790259
28394240,DINO0922,8459.43,7618.78,-613,29790254
9320072,asherviera,8295.57,7617.99,-325,29790258
17254999,shapeonyou,8113.7,7617.72,558,29790264
36430863,ride it,8144.73,7616.99,222,29790263
38279394,mapan,8458.44,7616.61,-795,29790254
13702980,VadimK14,8275.57,7616.22,102,29790259
27566618,Sr_miolo,8233.31,7616.01,267,29790260
33062872,koyocyan,8158.15,7615.09,627,29790262
19471271,ALIMHEX,8081.48,7614.15,851,29790265
27269557,Jutsuson,8380.79,7613.20,-223,29790256
6198587,Anson_98,8124.33,7613.17,549,29790263
15560178,Xid,8294.22,7613.11,284,29790258
23275902,Rendation,8164.28,7613.09,505,29790262
34715842,Gamer_Ben2005,8205.09,7613.07,-9,29790261
30086535,nakish222,8306.08,7612.71,-313,29790258
28410275,Azure_Apex,8139.71,7612.32,511,29790263
36922039,JustWonder,8305.39,7612.20,-509,29790258
38329715,mamatman,8118.63,7611.86,-280,29790263
36933435,SchmeatJr3,8317.28,7611.19,65,29790258
33089946,Huy1337zx,8224.28,7611.00,329,29790260
31115561,roBeatsFanatic,8072.94,7611.00,704,29790265
10275799,Minorin_,8294.29,7610.29,135,29790258
14621955,MONSTER EFFECT,8108.39,7610.26,427,29790264
18470402,HKGamerNoob,8427.93,7610.22,-156,29790255
26253810,kuranado,8272.79,7610.07,11,29790259
14449781,Rovdjuret_100,8426.97,7609.81,-509,29790255
14196684,Quagmire,8092.81,7609.77,203,29790264
19399311,[LS]Grasu,8078.63,7609.04,793,29790265
17448300,bumk,8248.59,7608.57,-406,29790260
37498559,ppapzxy0312,8063.75,7607.84,-187,29790265
18638151,AdrenalineNine,8176.48,7606.38,226,29790262
7844987,kektus,8277.39,7605.98,-304,29790259
31287105,AverageFANBOY,8381.91,7605.72,-499,29790256
19775605,-rafix-,8317.36,7605.09,-199,29790258
35491707,MKFtonii,8032.88,7603.72,887,29790266
35999866,camari,8375.97,7603.32,-393,29790256
36170557,eltilininsano45,8215.91,7603.24,-148,29790261
38272458,Rika the Star,8175.4,7603.08,523,29790262
24726468,Cne,8083.63,7602.77,22,29790264
34975954,AXTCG,8283.68,7602.72,-839,29790259
18270040,kqM1Don,8074.26,7602.66,783,29790265
19669541,5ylvr,8085.12,7602.52,776,29790264
16676197,yoserrv,8167.39,7602.51,-38,29790262
11636983,merii-,8128.14,7602.49,389,29790263
2838908,4ksrub,8025.83,7602.33,1133,29790266
34938437,ponchickzxc123,8232.45,7602.23,-67,29790260
15522414,SatoriMaiden,8400.31,7602.18,-716,29790255
31777246,PicoriMC,8031.63,7601.23,1151,29790266
8990454,-Bocchi-,8155.73,7600.55,332,29790262
28350365,Toast Malone,8078.01,7600.44,-688,29790265
31767311,Sammyws_,8092.72,7600.25,-355,29790264
14197674,TSC_Theo,8150.98,7599.42,503,29790262
37745162,Vigilant Eze,8193.35,7599.33,198,29790261
29805885,ShinkuNya,8175.61,7599.23,206,29790262
15492763,SoTA,8235.28,7598.79,42,29790260
36357559,spacestreamUK,8077.35,7598.44,431,29790265
17244275,002Kawaii,8087.62,7598.11,527,29790264
18129823,Shamblexx,8069.08,7597.64,-262,29790265
23969292,SatanAlphabet,8102.11,7597.18,857,29790264
39566518,mm0527,8344.72,7597.12,-711,29790257
16313113,FAPH,8322.74,7596.89,-190,29790258
33899198,Charrie,8246.84,7595.92,-423,29790260
32175438,cosmoxxyx,8231.75,7595.55,-691,29790260
9676755,UenoNaoka,8112.86,7594.90,903,29790264
26340643,jak3XD,8273.73,7594.78,-241,29790259
25840628,cuchuxs,8320.56,7594.57,-398,29790258
21766028,soapywater,8061.14,7593.82,638,29790265
37164014,VASCULAR,8234.68,7593.22,1,29790260
35462249,TSMCARPALTUNNEL,8443.99,7593.17,-603,29790254
32471413,TheFanYi,8134.96,7591.83,154,29790263
18801106,okysky1121,8120.32,7591.37,340,29790263
7193443,Scorpia,8084.64,7590.81,803,29790264
8557406,Lovegames111,8406.27,7590.72,-470,29790255
27820404,neilisagod,8063.36,7590.57,601,29790265
16003019,altroz43,8381.44,7590.38,-619,29790256
29735840,Garch4dox,8385.77,7590.12,-859,29790256
27426017,ooffoo,8117.74,7589.70,707,29790263
40009092,pablo oau,8109.88,7588.89,-851,29790264
13747081,ainesegg,8048.62,7588.44,1085,29790265
13747903,[Crz]hinako1804,8034.96,7588.40,780,29790266
29475606,CVanadium,8150.5,7588.30,171,29790262
11367580,MiPersona,8153.77,7587.96,523,29790262
10877381,-Pauze-,8248.27,7587.18,96,29790260
34015508,ya mika233,8271.03,7587.10,-332,29790259
32931945,doewrnzx7719,8279.24,7586.34,-400,29790259
17805814,po1,8193.08,7584.59,-6,29790261
14938400,[GB]Foxy1459,8070.13,7583.95,735,29790265
25691279,dogui1931,8101.99,7583.94,798,29790264
14630290,Rekhze1,8322.97,7583.87,-293,29790258
32397302,[TCD] Cheeky,8345.88,7583.72,-383,29790257
38944028,wwwwas,8200.58,7583.44,-484,29790261
14692926,kon kon nanachi,8366.37,7583.18,-471,29790256
26070311,dustpan,8260.25,7582.76,-69,29790259
34900371,-Kaps,8314.58,7582.10,-600,29790258
24227946,Taborium,8279.48,7581.78,136,29790259
16341023,spaceseal,8046.12,7581.71,806,29790266
9420266,--------,8153.63,7581.43,83,29790262
8676532,Neko-Pan,8154.19,7581.29,511,29790262
16583734,Phlox,8171.65,7580.30,398,29790262
32648806,codenitro,8273.67,7580.29,38,29790259
26040741,Makovzj,8130,7580.18,221,29790263
914472,akuma123,8103.07,7579.68,963,29790264
35701517,Asususu,8251.28,7579.53,-294,29790260
20320198,plinkout,8385.59,7579.12,-675,29790256
38925815,exxd,8420.1,7578.94,-662,29790255
36368319,OmarTab,8316.05,7578.66,-9,29790258
34570149,dHps,8356.3,7578.61,-699,29790257
33226658,sakibiichan,8360.68,7576.48,-200,29790256
37354942,Wahaka,8351.56,7576.42,-338,29790257
17884611,iivalor,8133.1,7576.15,403,29790263
2956184,Lusty Platypus,8127.25,7575.22,739,29790263
6372108,Black Orb,8270.3,7575.06,-323,29790259
10606301,whatsa2who,8149.11,7574.90,526,29790263
13788556,Mooos,8179.68,7574.35,204,29790262
10598344,crossdressing,8336.79,7574.16,-464,29790257
23620328,BORIIIIII,8009.32,7572.80,1077,29790267
31477365,Braoooooo,8025.99,7572.48,479,29790266
21049153,[LS]DrGears,8031.83,7572.41,865,29790266
9255328,Kutarinkushi05,8084.49,7572.36,680,29790264
23860096,ZXB_Arcangel,8151.89,7572.34,-601,29790262
31938085,xcqzin,8014.69,7572.12,626,29790267
6817710,acc Destroyer,8093.58,7571.72,784,29790264
13609941,PlotC,8195.85,7571.55,-175,29790261
34288059,katelynoid,8220.95,7571.39,-689,29790261
32368953,WhityGrelitz,8141.99,7571.23,-365,29790263
4478069,mari0413,8102.28,7569.83,546,29790264
24518191,Bkicker_old,8362.1,7569.26,-790,29790256
2240186,Sol -,8196.33,7569.26,-211,29790261
12104434,frostbuyte,8210.74,7569.23,310,29790261
32396849,miyabi724,8149.66,7569.16,463,29790262
16073215,AVERYTHEKID,8111.43,7569.07,287,29790264
37553364,tamabashi,8196.55,7568.72,189,29790261
20040388,kamiao,8171.91,7568.31,-96,29790262
17577517,FatCow_old_4,8145.51,7567.97,-72,29790263
18162583,VoxL,8220.59,7567.87,-48,29790261
15816520,mouyu,8028.32,7567.79,779,29790266
19737183,lycheebat,8091.84,7566.71,665,29790264
38377034,Ekoi,8282.72,7566.27,-187,29790259
36661152,NitRobeats,8220.34,7566.04,-154,29790261
33627688,Gir0,8137.43,7565.36,-403,29790263
12646077,HorlicSardines-,8100.62,7564.92,425,29790264
21509707,eoCronosnepae,8103.84,7564.33,598,29790264
19281529,DustDust456,8209.95,7564.21,-175,29790261
27568792,Authentify,8011.19,7564.05,968,29790267
33007680,DSour,8311.22,7563.87,-554,29790258
20788796,FerryAnanda,8250.83,7562.63,-263,29790260
17838237,kutouten,8405.62,7562.55,-426,29790255
8713282,d44644,8213.89,7562.29,62,29790261
27929372,artickingicy,8262.71,7562.24,-321,29790259
38553773,Illych,8262.62,7561.93,-102,29790259
37192437,MrEkoro,8315.91,7561.91,-205,29790258
16778614,bredwitbutter,8219,7561.72,309,29790261
8477440,skdjjjjj,8262.92,7560.95,-136,29790259
36759576,inuyasuki,8269.22,7560.17,-552,29790259
29149655,Yubai0730,8147.59,7560.07,-658,29790263
23197178,flo_ramdomxd,8064.57,7559.13,189,29790265
12603655,instigated,8119.65,7558.69,285,29790263
10674189,Kinovia,8174,7558.42,529,29790262
19447822,whooooooooo,8143.09,7558.04,807,29790263
35826620,yusangeun,8228.27,7557.81,-589,29790260
16910603,Polulo040324Ver,8238.42,7557.56,-45,29790260
33753048,chezzychez,8256.81,7557.34,161,29790259
13630392,kelonis,8182.18,7556.66,6,29790262
10856897,Peachhhh,8045.76,7556.12,1084,29790266
28246535,IamdeadGaming,8257.92,7555.93,-309,29790259
23027214,Darp et,8288.71,7555.79,-72,29790259
35851669,lsplayer1488,8275.22,7555.56,-245,29790259
18491668,GetAWrongAnswer,8185.47,7555.23,18,29790262
23212300,Jualanganjar,8301.47,7554.85,-255,29790258
26771459,nakit12,8242.72,7554.82,-181,29790260
27346873,Jo Lu No,8191.8,7553.65,145,29790261
38851850,gold_4234,8308.95,7553.16,-856,29790258
12737727,kamabok0,8116.96,7552.74,184,29790263
15442379,GloWer,8050.32,7552.28,-986,29790265
13677086,Cars989,8108.05,7551.69,283,29790264
33775828,Shelby1F1,8261.35,7551.38,-457,29790259
8372698,fruit8067,8097.4,7550.99,182,29790264
39067300,idkvirrer,8039.11,7550.71,64,29790266
23134751,Land_ER,8155.37,7548.68,181,29790262
20346388,Deorizer,8164.75,7547.92,-245,29790262
7768639,twerkfart,8248.89,7547.78,-44,29790260
13546549,Pipotas,8152.14,7546.80,-42,29790262
16630290,cialsk,8136.45,7546.65,341,29790263
24387278,balaagooa,8326.21,7545.26,-521,29790258
17369263,Babzy_Lotruch,8148.26,7545.09,282,29790263
32782719,pengyllis,8345.33,7544.68,-780,29790257
16023095,ThirdGeneration,8070.43,7544.51,675,29790265
36803680,Til1412,8347.65,7544.06,-691,29790257
19887571,iblamedark,8140.26,7543.72,122,29790263
26636838,mircat59,8160.02,7543.45,158,29790262
26983621,Forz,8104.11,7543.30,-4,29790264
32145611,katsui1736,8235.46,7543.09,-431,29790260
15945128,HeiYuKuaiDou,8348.19,7542.84,-462,29790257
18742514,MyNickname12,8147.36,7542.56,9,29790263
24219786,kenypro12,8084.1,7541.82,33,29790264
15388798,H2SO3_,8229.51,7541.80,290,29790260
39415011,kayt,8135.09,7541.73,-238,29790263
34055448,Aertmis3395,8056.71,7541.65,701,29790265
37781522,xierenjunzi,8239.93,7541.49,-530,29790260
32463728,leesunggae,8166.18,7541.19,-215,29790262
23691373,raffathefatman,8349.86,7541.05,-140,29790257
30532786,DrakoFlake,8284.8,7540.58,-67,29790259
15748558,KemoSmucko,8033.53,7540.26,714,29790266
16626593,Bochy,8030.12,7539.42,589,29790266
6246211,-Scott,8107.5,7539.40,342,29790264
36228080,kinjufr45,8357.15,7538.52,-598,29790257
9456950,Schynagel,8159.64,7538.50,275,29790262
22765487,2ky fanboy,8207.89,7538.09,125,29790261
15629437,TANGUOFENG,8087.97,7538.01,464,29790264
17226456,KirillVersace,8122.29,7537.95,-720,29790263
36317148,MIKOMIKI,8020.78,7537.11,-208,29790266
9509757,- Taco -,8141.56,7536.79,420,29790263
33399177,Brasillian00061,8023.55,7536.67,891,29790266
6427492,TORI -,8118.51,7536.56,392,29790263
39163250,Babylon_James,8277.74,7535.88,-308,29790259
29368879,andy7546,8155.96,7535.71,104,29790262
27691310,Gato-Miau,8154.86,7535.46,225,29790262
39473364,cyu68503,8018.29,7535.34,-439,29790266
38805751,ayayaism,8133.73,7534.31,-565,29790263
7464120,Ryukishin,8388.48,7534.26,-864,29790256
11309476,LolgEdits,8082.64,7533.53,1022,29790264
24037746,Blamerz1,8141.29,7533.48,679,29790263
22666746,Charuemrat7A,8039.21,7533.43,583,29790266
8946270,Nikokun_,8080.75,7532.93,493,29790265
25146030,Unfelt,8052.34,7532.84,111,29790265
31523651,Galaxybun,8137.81,7532.69,873,29790263
17193424,Zut,8123.09,7532.27,44,29790263
4613613,lolguy132,8127.46,7532.16,102,29790263
31694864,Skippy_Dingle,8019.21,7532.01,1137,29790266
9639000,Laffey-Chan,8237.62,7531.50,-57,29790260
19638984,Sakuragi Kaware,8201.8,7531.09,-173,29790261
26862966,DimaMiSUS,8105.54,7531.01,388,29790264
38249020,[vdiz],8231.46,7530.41,-42,29790260
17778549,ri9ka1,8236.54,7530.40,-598,29790260
20582693,jake6542,8275.77,7530.37,-377,29790259
24519471,-YURY-,8393,7530.19,-893,29790256
9874033,Re xin,8033.37,7529.82,1015,29790266
37485941,crazyguy113,8296.97,7529.41,-85,29790258
27894330,sacoolb,8141.75,7529.37,-58,29790263
37713956,IMYYW,8124.4,7528.81,-733,29790263
29558659,gawe gura,8173.03,7528.37,291,29790262
22509194,IggyofAntioch,8300.38,7526.67,-610,29790258
7207775,No-Fail,8276.7,7525.57,-519,29790259
34794838,YTSQ,8060.35,7525.51,290,29790265
16462970,kimchiman0905,8072.46,7525.16,471,29790265
8983213,4hri,8077.23,7524.61,740,29790265
21008420,pipelindoo,8089.21,7524.34,421,29790264
34336150,Dyouer,8264.74,7524.00,-333,29790259
36707686,Hopler,8176.96,7523.65,512,29790262
38195105,sannkc,8232.36,7523.03,-325,29790260
8949769,Ryax,8236.33,7522.89,-373,29790260
36947052,Esmexyz,8098.23,7522.50,313,29790264
38913716,_visual,8066.29,7522.39,656,29790265
32555216,DeepfriedBoshy,8245.32,7522.09,277,29790260
25334159,Furtyap,8334.38,7522.01,-750,29790257
22286485,MajesticSped,8046.04,7521.96,482,29790266
38588818,CogniCalc,8015.67,7521.30,360,29790266
36827166,Sirow,8292.37,7520.70,-188,29790258
35744786,aflatlsh,8105.93,7520.15,-240,29790264
34690089,sdm1,8010.59,7519.62,570,29790267
28209680,CriticalJuice,8034.72,7518.46,633,29790266
38295334,zenn_arikizuki,8293.05,7518.39,-710,29790258
33842942,Vistiya,8020.35,7516.76,329,29790266
12817056,galtonist,8070.62,7515.78,509,29790265
14404101,Kebabies,8136.89,7515.10,-23,29790263
39272364,Maomeow,8097.93,7515.01,643,29790264
22310025,KTMolten,8164.62,7514.90,36,29790262
37088605,EtherealPlayer,8140.04,7514.01,629,29790263
26888537,bcnots,8161.43,7513.90,115,29790262
17164759,MonarkV,8050.84,7512.97,420,29790265
23467317,ItzSam_Easy,8111.03,7512.47,210,29790264
31324250,MonaMeow,8054.69,7512.45,463,29790265
34495780,Kirarin,8218.73,7512.41,-170,29790261
23110832,Pamuri,8079.83,7512.38,398,29790265
16204388,ShurrasKo,8057.92,7511.88,567,29790265
33483126,Very3ell,8066.98,7511.23,167,29790265
36705979,B0cchiThePebble,8024.92,7510.24,193,29790266
26873574,godtehc,8236.41,7509.51,-726,29790260
13035794,vsrg,8085.63,7509.51,527,29790264
24926948,stylekem,8196.46,7509.14,115,29790261
31522796,Jellysium,8040.35,7508.93,220,29790266
20044212,mchux2333,8354.44,7508.71,-539,29790257
12937151,Lisense,8198.2,7508.03,-193,29790261
35050186,rakuzaan,8271.21,7507.42,-958,29790259
36889850,kannimayo,8201.16,7507.38,-370,29790261
29718910,Waves,8249.63,7506.94,-390,29790260
22915949,vocxd,8146.21,7506.89,-107,29790263
36529786,dnt1145,8154.65,7506.70,-66,29790262
13020954,TotiVM,8209.82,7505.33,-332,29790261
15950451,Danyippee,8062.8,7504.48,648,29790265
17743187,gerchik,8199.24,7503.61,-241,29790261
29728773,SYNXII,8124.04,7503.22,166,29790263
35445665,CD_aka_XC,8047.84,7502.34,140,29790265
12694894,Wings_AnChen,8056.54,7502.25,570,29790265
18392488,Miriam-,8036.76,7501.68,183,29790266
11999598,sakuhime,8139.27,7501.64,-152,29790263
24953129,yizhangfeizhai,8194.04,7501.48,-406,29790261
10976108,SiR-EK,8303.52,7501.37,-180,29790258
18781132,FraerWasTaken,8167.58,7501.07,-221,29790262
33902067,mz231452,8116.21,7500.54,622,29790263
18671725,RinTea0013,8121.81,7500.43,565,29790263
33793604,ReNiLup,8227.1,7500.30,-124,29790260
17624534,D33ZGH05T,8084.99,7498.62,105,29790264
26899207,N05TAL,8051.92,7498.18,507,29790265
35921820,leang660,8183.47,7498.01,-264,29790262
32434166,hamburgergamer,8227.49,7497.75,-302,29790260
24208376,Draii_no,8052.6,7497.75,491,29790265
24680242,Cotrelll,8171.35,7497.62,-184,29790262
21564708,sungminkid,8272.23,7497.21,-503,29790259
37318084,Zhayre,8045.13,7496.71,543,29790266
10415491,Amasugi,8095.11,7495.91,-11,29790264
31964412,PytAa666,8305.27,7495.11,-596,29790258
16481774,sghdmc,8026.57,7494.02,420,29790266
26878898,YShark,8099.21,7493.71,-341,29790264
34184096,Aita Esikawa,8234.44,7493.47,-249,29790260
6165105,picel,8036.62,7492.78,676,29790266
12336287,IShowFinance,8197.49,7492.28,-558,29790261
15263644,The-_-Pheonix,8013.25,7492.27,269,29790267
37735458,wandderq,8010.93,7492.21,-352,29790267
12573343,RealPotatOwO,8044.18,7491.51,429,29790266
33634411,Togglelifes,8128.9,7491.19,-73,29790263
11904254,GeoTheZodiac,8157.58,7491.08,-49,29790262
36570445,Axolot1635,8188.87,7490.89,-148,29790261
16772611,taco rhythm,8044.58,7490.81,613,29790266
10547864,SectorJack,8041.21,7487.81,400,29790266
19574579,YangTheParrot,8086.03,7487.21,305,29790264
32922772,Hongsbb,8017.71,7486.85,456,29790266
4424564,mizmiz,8028.47,7486.53,270,29790266
38677202,Marmoplay,8195.01,7485.76,-117,29790261
20251747,ZBunnyroar,8361.51,7485.30,-935,29790256
18977041,FakeBoy8211,8131.52,7484.72,22,29790263
34509794,slymshad1,8243.98,7484.55,-441,29790260
32768190,Zeyc_,8147.06,7484.26,-349,29790263
36418121,[Chke]Khoi123,8125.43,7483.51,-390,29790263
34771187,shelly,8148.78,7483.17,43,29790263
36728684,00laur,8035.89,7483.02,-96,29790266
20141867,ImMasaki,8045.22,7482.93,341,29790266
36060937,Alliechismosita,8242.58,7482.42,-425,29790260
15997104,Angelol,8120.76,7482.39,-250,29790263
35239468,seresjo,8065.34,7482.34,-388,29790265
13063369,Re1SezN,8148.53,7482.08,-129,29790263
18740701,Joshua9793,8044.47,7480.86,820,29790266
34783515,BluMania,8168.58,7480.46,-330,29790262
14980843,Zephyrora,8221.71,7480.04,-41,29790261
28615021,Josephson,8020.46,7479.25,185,29790266
17732290,ClaraZyRoX,8129.46,7478.41,-143,29790263
14068884,ExPLOiX,8041.14,7477.25,244,29790266
37825908,ItzAle64,8107.99,7474.57,94,29790264
18662836,DogeNotDetected,8014.57,7474.17,7,29790267
24345658,HyperMan367,8088.14,7473.88,-187,29790264
36777058,qweter,8100.24,7473.75,-286,29790264
27938381,tomateks,8024.46,7473.74,718,29790266
15881014,NeedlessR,8019.47,7473.51,264,29790266
33958405,D_linkix,8118.77,7472.68,-103,29790263
21560485,_Kaya,8034.85,7472.36,285,29790266
27972336,hexw,8046.22,7472.13,275,29790266
38394565,Luckychix,8141.18,7471.99,-268,29790263
34646363,Kaitsunhone,8155.08,7471.75,-117,29790262
25209023,ElCacas XD,8154.73,7470.05,-256,29790262
8088632,-matu,8040.61,7469.07,242,29790266
17651938,zakaraya,8053.6,7467.89,280,29790265
4983538,KH_Supernova,8039.53,7467.88,545,29790266
20696262,_LoF_,8067.53,7466.54,232,29790265
33977473,Zipp_Mita,8337.74,7466.18,-716,29790257
23097446,Rusher,8028.8,7465.62,-108,29790266
37831717,Stre_Am,8126.47,7464.77,82,29790263
27122718,Cbbonamoon,8266.35,7464.38,-593,29790259
33554803,cgsh169_,8095.18,7464.34,-949,29790264
34869712,- mouko -,8254.57,7464.07,-927,29790259
38229976,kimuraharutomi,8221.6,7462.65,-578,29790261
30064356,sa_chan,8074.71,7462.03,243,29790265
36171852,Fybrous,8086.67,7461.85,-134,29790264
30584429,EpaSI,8204.91,7461.39,-643,29790261
24146649,manical,8129.36,7460.70,-130,29790263
23549006,Silverwolf4404,8043.77,7460.60,402,29790266
25266184,LIGHT R,8214.77,7459.52,-467,29790261
19330940,G4merQualquer,8263.14,7459.23,-494,29790259
37459831,whoami2010,8198.47,7458.50,-184,29790261
36589316,igjack,8205.37,7457.47,-736,29790261
15911062,BREAK_SLOWER,8135.28,7455.73,-405,29790263
35354496,OOMNIA,8057.3,7455.70,7,29790265
25343685,GoldGal64,8011.67,7455.17,216,29790267
11995258,FoxinessQ,8184.87,7454.78,-480,29790262
16833112,Maifuyu,8147.21,7454.50,-584,29790263
14208997,46KUMA7omi,8093.83,7453.93,-133,29790264
27068883,lkt6485,8244.69,7453.69,-612,29790260
33827690,MOYKing,8205.93,7451.72,-222,29790261
39437510,FroyoInStock,8087.49,7450.86,-644,29790264
36145029,725Flandre,8030.97,7450.55,253,29790266
35404445,vortam1,8139.94,7450.17,-9,29790263
37077686,rurumobile,8194.13,7449.71,-259,29790261
18389435,LYH DDongGGo,8022.89,7448.50,174,29790266
9792362,JamMinE,8078.09,7447.57,289,29790265
13820446,Hyscere,8043.22,7447.38,345,29790266
1334384,T A K A O,8030.59,7447.16,518,29790266
25456715,haiku2005,8213.31,7447.09,-460,29790261
19490755,newt,8098.48,7446.21,-536,29790264
34079490,sawfps 2cm,8146.15,7445.49,-450,29790263
35630766,sensor0,8067.05,7445.06,-118,29790265
22770195,ZDaMexy,8207.1,7444.47,-524,29790261
23892153,minqingyin,8115.18,7442.87,103,29790263
14626338,MAKIGAI258,8076.57,7442.80,-146,29790265
25473374,Lez,8036.16,7442.22,190,29790266
24032183,Kypsus,8225.62,7442.11,-715,29790260
10850479,M4ba,8276.56,7442.05,-249,29790259
8103449,DiaPsyke,8295.12,7441.69,-673,29790258
25005565,THEREALJEFF,8203.23,7441.06,74,29790261
37060994,Muhaga,8129.18,7439.46,80,29790263
19928987,D_rifted,8038.27,7439.37,127,29790266
19621514,Shedrik,8023.46,7438.55,602,29790266
18171966,MemeBen,8062.49,7438.52,153,29790265
9541879,[TK],8231.64,7437.67,-250,29790260
32459848,Burrobison,8046.62,7436.66,335,29790266
35261449,3LeaveS1337,8016.34,7435.18,-320,29790266
24005317,gralpus,8244.05,7434.95,-490,29790260
24927158,KaorukoWagurii,8106.58,7434.05,-457,29790264
15839408,Edelfelt,8080.19,7433.17,-106,29790265
15627491,Carlodium,8042.98,7431.26,279,29790266
16357870,john_paypal,8163.97,7430.91,-405,29790262
36888707,PARAMET,8180.58,7430.61,7,29790262
12907068,shergama131,8035.42,7429.52,-251,29790266
9744869,Luna Moonlit,8125.75,7429.12,-276,29790263
26161883,EKelvin89,8084.19,7428.87,219,29790264
20826077,DieYumi,8078.39,7428.41,34,29790265
16294208,Bdurre,8049.42,7426.98,191,29790265
24608029,smoltiky,8061.31,7425.66,-388,29790265
32352242,cebrsdanicrach,8172.29,7425.11,-457,29790262
39302628,colacao,8182.4,7424.50,-596,29790262
30201674,KaaZ,8112.11,7423.05,105,29790264
20502257,Amnesiaioi,8022.57,7422.73,106,29790266
36009991,ughitsjosh,8069.55,7421.64,330,29790265
30769942,Sin72774,8119.35,7419.74,-91,29790263
8547867,Dorran,8048.45,7418.48,99,29790265
28882191,caokydeptrai,8125.19,7417.95,-308,29790263
33309965,da geometrical,8017.97,7417.21,358,29790266
31242026,iKzuma,8035.95,7416.72,84,29790266
22059126,Foxide,8086.8,7415.80,52,29790264
34657178,20w3er,8106.13,7415.59,53,29790264
29830359,BrunoFanboy,8010.21,7414.47,269,29790267
35428787,HP_PinerOsu,8090.11,7414.04,-121,29790264
23276755,ljx2077,8059.15,7412.99,-231,29790265
35140139,memesso01,8032.96,7411.54,-470,29790266
20682028,val988,8141.04,7410.29,-569,29790263
34935576,rui1218,8114.73,7410.14,-226,29790264
2107017,DakkyChan,8024.21,7408.51,150,29790266
32385665,Nymonus66,8058.09,7407.44,-424,29790265
1121529,rivrivriv,8039.93,7406.19,515,29790266
38215068,_raggo,8209.1,7404.63,-312,29790261
34319974,steklovata,8149.25,7404.55,71,29790262
15321849,DANCE SOUL,8064.85,7404.45,-184,29790265
11628180,Armiea,8079,7404.37,-164,29790265
37064741,Javne,8029.75,7404.13,461,29790266
37994074,YukiToro,8062.95,7403.41,-18,29790265
1662936,kino12133,8098.66,7402.35,176,29790264
8617338,Keeeeeky,8051.11,7402.28,-71,29790265
35563018,lolka2_2_9_,8072.26,7401.82,-269,29790265
10052207,kinse,8212.05,7400.11,-8,29790261
28977548,yokitofokito23,8042.41,7398.78,57,29790266
10540658,blitz143,8127.69,7398.74,-109,29790263
10102258,SpamL,8052.72,7398.74,24,29790265
6808577,Oblivion1407,8054.4,7398.08,-65,29790265
17776711,yeetchigo,8012.08,7398.08,-274,29790267
35742696,SonicGamer1000,8025.15,7397.61,75,29790266
38397220,[Paw]_Wolf2,8084.88,7397.20,-748,29790264
25354335,Le_Zozoien,8161.18,7397.18,-273,29790262
26119462,shopa223,8023.02,7396.90,-62,29790266
37901355,ksyuming123,8048.56,7395.88,14,29790265
34729048,--EVE--,8065.23,7395.83,181,29790265
27599211,keiyo,8101.93,7395.43,-96,29790264
34399462,boki2233,8159.7,7394.72,-585,29790262
25281992,Aesura,8173.15,7394.65,-335,29790262
14268938,Pooxee,8083.48,7394.03,-40,29790264
37671574,Crispy_Cooki,8090.4,7392.28,-646,29790264
34021878,hallowene,8212.85,7388.10,-811,29790261
34660410,nonoraq,8103.49,7387.93,-544,29790264
35468051,log3519,8014.32,7385.49,-259,29790267
25087082,JoakoFR,8127.63,7384.83,-505,29790263
35169555,deimos10101,8009.14,7382.57,305,29790267
25725964,Personal_AC,8071.26,7382.37,-541,29790265
38271402,kasanagi,8101.38,7381.86,-439,29790264
32803720,potdz,8026.08,7380.60,585,29790266
36644121,randomuser727,8113.02,7378.90,-626,29790264
36966553,kimdaechunge,8022.69,7375.50,-174,29790266
34544821,DIDARIYO,8045.39,7374.62,42,29790266
15267297,midorin1215,8014.94,7373.32,-112,29790267
36479611,larpgod817,8116.41,7373.29,-407,29790263
36602285,quartzzz_,8033.72,7372.57,-269,29790266
36156265,Yukima890,8118,7372.32,-261,29790263
37010871,Lirift_,8024.83,7370.12,-101,29790266
21241916,Gortoz_,8087.4,7370.04,-385,29790264
32632086,fealth,8055.37,7369.70,-426,29790265
37923867,meiht,8018.82,7369.20,-141,29790266
38096003,xcd,8171.73,7368.97,-542,29790262
36369370,KonaLuvsChimi,8224.84,7367.63,-697,29790260
37982938,1nonlyHIRO,8035.8,7367.30,-266,29790266
23182772,Equfix,8094.24,7366.79,51,29790264
8531170,1960288922,8059.47,7366.64,-202,29790265
34803028,Kilosirtio,8142.81,7365.76,-379,29790263
35589667,JP_KEI,8058.43,7364.95,-248,29790265
19154954,Dice,8053.46,7364.95,-450,29790265
28795699,wldt,8020.6,7363.87,71,29790266
11034856,bongbongg,8187.39,7362.32,-566,29790261
27242569,jetfuelcaffeine,8089.51,7362.16,-455,29790264
29587244,NOT1tristan,8179.32,7361.77,-681,29790262
35869827,KunimiTama,8065.87,7360.62,305,29790265
36234376,jina203,8189.62,7359.38,-777,29790261
20387229,JoYful0907,8109.18,7357.66,-450,29790264
35071893,[AR]Cirno,8049,7353.25,-227,29790265
23078087,Hongito34 GD,8093.39,7352.30,-661,29790264
39025401,hazech,8018.62,7352.20,-428,29790266
38189752,aiRin_,8135.16,7351.01,-396,29790263
11078253,Farhan [UwU],8144.1,7350.59,-387,29790263
27858669,nio0,8136.24,7350.24,-834,29790263
20068324,Kristofurry,8071.64,7347.26,-63,29790265
27843778,AT08uwu,8067.65,7344.21,-342,29790265
34032227,Dejw1d,8014.44,7342.33,-112,29790267
36913418,LY-Saikou,8048.1,7339.23,-610,29790265
37020233,OMASONSOUP228,8068.26,7333.80,24,29790265
35617534,Gloomy Is Upset,8059.65,7332.79,-522,29790265
32326114,RoadS1de,8010.42,7332.53,-263,29790267
8808087,- Nothing -,8123.53,7330.57,-660,29790263
33525452,- NovA -,8014.24,7328.43,-494,29790267
36439248,baloneytony3333,8017.3,7327.44,-848,29790266
39307161,Wiclaz,8062.68,7319.72,-422,29790265
24020779,N0th1ngFound,8015.15,7317.11,242,29790266
24348403,TKFM4A1,8073.09,7315.04,154,29790265
14804537,Rliynn,8044.11,7314.40,-733,29790266
21165213,presmunch,8063.15,7313.96,-461,29790265
35523096,vertixx,8138.09,7312.76,-471,29790263
37945097,HaF514,8135.92,7312.34,-782,29790263
14371401,s1l3nced,8157.34,7310.94,-545,29790262
35529095,kaipins,8097.56,7310.62,-665,29790264
7816779,Sapphire_Melon,8055.7,7309.87,-475,29790265
30474711,sakupopon,8026.82,7308.62,-521,29790266
17226525,_ExeCore_,8012.75,7308.52,-210,29790267
12798455,Mofusigil,8066.71,7307.42,-521,29790265
19729416,l1xiz,8121.41,7306.95,-750,29790263
30117443,thekitkat,8057.72,7298.90,-791,29790265
23346462,ZTusY,8049.85,7290.35,-709,29790265
16480158,Quinten814,8043.49,7289.23,-733,29790266
37459818,Betelgeize,8009.78,7286.75,-551,29790267
31737746,Rzlisft,8069.47,7286.55,-562,29790265
34609066,-Drakz-,8083.27,7282.72,-505,29790264
34249745,Wund,8039.32,7280.20,-470,29790266
32408057,Clay404,8091.48,7276.41,-222,29790264
32059526,yuchenQwQ,8053.93,7276.38,-760,29790265
25581832,GDNick,8077.09,7271.20,-547,29790265
20512411,micqaal,8061.59,7269.17,-526,29790265
37673933,My Angel Hiyori,8071.89,7268.91,-408,29790265
18913918,AzyMyt,8047.97,7267.15,-513,29790265
17628961,[ Stellaria ],8042.59,7265.78,-746,29790266
20617154,Alikca,8021.54,7263.66,-551,29790266
36260149,ANDkxxf,8014.11,7263.47,136,29790267
38251482,leo_friski,8068.56,7260.28,-237,29790265
32144045,6lp,8028.15,7259.83,-193,29790266
26884485,-Ayatsu-,8053.83,7259.12,-530,29790265
28081583,risa2324512,8073.73,7256.92,-214,29790265
36526290,2_t,8067.35,7253.88,-556,29790265
35542326,evqa,8012.01,7247.00,-727,29790267
8846962,SwanM8,8047.67,7246.25,-530,29790265
32986993,Tanese,8050.95,7237.71,-789,29790265
38363346,Small_Bocchi,8010.75,7230.61,-788,29790267
37100818,Koilva,8012.61,7226.40,-899,29790267
35769465,mIcuh,8030.38,7221.60,-643,29790266
8277225,xalech,8016.75,7215.56,-696,29790266
38351651,siklibilly,8009.98,7193.88,-619,29790267